ISO-10303-21;
HEADER;
/* Generated by software containing ST-Developer
 * from STEP Tools, Inc. (www.steptools.com) 
 */

FILE_DESCRIPTION(
/* description */ (''),
/* implementation_level */ '2;1');

FILE_NAME(
/* name */ 'Apache 3800 Panel Bracket v8.step',
/* time_stamp */ '2025-11-11T13:49:01-06:00',
/* author */ (''),
/* organization */ (''),
/* preprocessor_version */ 'ST-DEVELOPER v20.1',
/* originating_system */ 'Autodesk Translation Framework v14.21.0.0',
/* authorisation */ '');

FILE_SCHEMA (('AUTOMOTIVE_DESIGN { 1 0 10303 214 3 1 1 }'));
ENDSEC;

DATA;
#10=MECHANICAL_DESIGN_GEOMETRIC_PRESENTATION_REPRESENTATION('',(#35,#36,
#37,#38),#4723);
#11=ITEM_DEFINED_TRANSFORMATION($,$,#2705,#2913);
#12=ITEM_DEFINED_TRANSFORMATION($,$,#2769,#2914);
#13=ITEM_DEFINED_TRANSFORMATION($,$,#2809,#2915);
#14=ITEM_DEFINED_TRANSFORMATION($,$,#2849,#2916);
#15=(
REPRESENTATION_RELATIONSHIP($,$,#4743,#4742)
REPRESENTATION_RELATIONSHIP_WITH_TRANSFORMATION(#11)
SHAPE_REPRESENTATION_RELATIONSHIP()
);
#16=(
REPRESENTATION_RELATIONSHIP($,$,#4744,#4742)
REPRESENTATION_RELATIONSHIP_WITH_TRANSFORMATION(#12)
SHAPE_REPRESENTATION_RELATIONSHIP()
);
#17=(
REPRESENTATION_RELATIONSHIP($,$,#4745,#4742)
REPRESENTATION_RELATIONSHIP_WITH_TRANSFORMATION(#13)
SHAPE_REPRESENTATION_RELATIONSHIP()
);
#18=(
REPRESENTATION_RELATIONSHIP($,$,#4746,#4742)
REPRESENTATION_RELATIONSHIP_WITH_TRANSFORMATION(#14)
SHAPE_REPRESENTATION_RELATIONSHIP()
);
#19=CONTEXT_DEPENDENT_SHAPE_REPRESENTATION(#15,#4738);
#20=CONTEXT_DEPENDENT_SHAPE_REPRESENTATION(#16,#4739);
#21=CONTEXT_DEPENDENT_SHAPE_REPRESENTATION(#17,#4740);
#22=CONTEXT_DEPENDENT_SHAPE_REPRESENTATION(#18,#4741);
#23=NEXT_ASSEMBLY_USAGE_OCCURRENCE('Left Bracket:1','Left Bracket:1',
'Left Bracket:1',#4748,#4749,'Left Bracket:1');
#24=NEXT_ASSEMBLY_USAGE_OCCURRENCE('Front Bracket:1','Front Bracket:1',
'Front Bracket:1',#4748,#4750,'Front Bracket:1');
#25=NEXT_ASSEMBLY_USAGE_OCCURRENCE('Back Bracket:1','Back Bracket:1',
'Back Bracket:1',#4748,#4751,'Back Bracket:1');
#26=NEXT_ASSEMBLY_USAGE_OCCURRENCE('Right Bracket:1','Right Bracket:1',
'Right Bracket:1',#4748,#4752,'Right Bracket:1');
#27=SHAPE_REPRESENTATION_RELATIONSHIP('SRR','None',#4743,#31);
#28=SHAPE_REPRESENTATION_RELATIONSHIP('SRR','None',#4744,#32);
#29=SHAPE_REPRESENTATION_RELATIONSHIP('SRR','None',#4745,#33);
#30=SHAPE_REPRESENTATION_RELATIONSHIP('SRR','None',#4746,#34);
#31=ADVANCED_BREP_SHAPE_REPRESENTATION('',(#39),#4719);
#32=ADVANCED_BREP_SHAPE_REPRESENTATION('',(#40),#4720);
#33=ADVANCED_BREP_SHAPE_REPRESENTATION('',(#41),#4721);
#34=ADVANCED_BREP_SHAPE_REPRESENTATION('',(#42),#4722);
#35=STYLED_ITEM('',(#4771),#39);
#36=STYLED_ITEM('',(#4771),#40);
#37=STYLED_ITEM('',(#4771),#41);
#38=STYLED_ITEM('',(#4771),#42);
#39=MANIFOLD_SOLID_BREP('Body1',#2655);
#40=MANIFOLD_SOLID_BREP('Body1',#2656);
#41=MANIFOLD_SOLID_BREP('Body1',#2657);
#42=MANIFOLD_SOLID_BREP('Body1',#2658);
#43=B_SPLINE_SURFACE_WITH_KNOTS('',3,1,((#3840,#3841),(#3842,#3843),(#3844,
#3845),(#3846,#3847),(#3848,#3849),(#3850,#3851),(#3852,#3853),(#3854,#3855),
(#3856,#3857),(#3858,#3859)),.UNSPECIFIED.,.F.,.F.,.F.,(4,3,3,4),(2,2),
(2.3565371065302,2.43016630383482,3.26344210130532,3.92664820064939),(0.,
5.),.UNSPECIFIED.);
#44=B_SPLINE_SURFACE_WITH_KNOTS('',3,1,((#3863,#3864),(#3865,#3866),(#3867,
#3868),(#3869,#3870),(#3871,#3872),(#3873,#3874),(#3875,#3876),(#3877,#3878),
(#3879,#3880),(#3881,#3882)),.UNSPECIFIED.,.F.,.F.,.F.,(4,3,3,4),(2,2),
(2.35653710653019,2.43016630383478,3.26344210130531,3.92664820064938),(0.,
5.),.UNSPECIFIED.);
#45=B_SPLINE_SURFACE_WITH_KNOTS('',3,1,((#3927,#3928),(#3929,#3930),(#3931,
#3932),(#3933,#3934),(#3935,#3936),(#3937,#3938),(#3939,#3940),(#3941,#3942),
(#3943,#3944),(#3945,#3946),(#3947,#3948),(#3949,#3950),(#3951,#3952)),
 .UNSPECIFIED.,.F.,.F.,.F.,(4,3,3,3,4),(2,2),(-3.92664820064938,-3.3332165233063,
-3.26344210130531,-2.69271746654985,-2.35653710653019),(0.,1.),
 .UNSPECIFIED.);
#46=B_SPLINE_SURFACE_WITH_KNOTS('',3,1,((#3974,#3975),(#3976,#3977),(#3978,
#3979),(#3980,#3981),(#3982,#3983),(#3984,#3985),(#3986,#3987),(#3988,#3989),
(#3990,#3991),(#3992,#3993),(#3994,#3995),(#3996,#3997),(#3998,#3999)),
 .UNSPECIFIED.,.F.,.F.,.F.,(4,3,3,3,4),(2,2),(-3.92664820064939,-3.33321652330627,
-3.26344210130532,-2.69271746654988,-2.3565371065302),(0.,1.),
 .UNSPECIFIED.);
#47=B_SPLINE_SURFACE_WITH_KNOTS('',3,1,((#4444,#4445),(#4446,#4447),(#4448,
#4449),(#4450,#4451),(#4452,#4453),(#4454,#4455),(#4456,#4457),(#4458,#4459),
(#4460,#4461),(#4462,#4463)),.UNSPECIFIED.,.F.,.F.,.F.,(4,3,3,4),(2,2),
(2.3565371065302,2.43016630383482,3.26344210130532,3.92664820064939),(0.,
5.),.UNSPECIFIED.);
#48=B_SPLINE_SURFACE_WITH_KNOTS('',3,1,((#4480,#4481),(#4482,#4483),(#4484,
#4485),(#4486,#4487),(#4488,#4489),(#4490,#4491),(#4492,#4493),(#4494,#4495),
(#4496,#4497),(#4498,#4499)),.UNSPECIFIED.,.F.,.F.,.F.,(4,3,3,4),(2,2),
(2.35653710653019,2.43016630383478,3.26344210130531,3.92664820064938),(0.,
5.),.UNSPECIFIED.);
#49=B_SPLINE_SURFACE_WITH_KNOTS('',3,1,((#4613,#4614),(#4615,#4616),(#4617,
#4618),(#4619,#4620),(#4621,#4622),(#4623,#4624),(#4625,#4626),(#4627,#4628),
(#4629,#4630),(#4631,#4632),(#4633,#4634),(#4635,#4636),(#4637,#4638)),
 .UNSPECIFIED.,.F.,.F.,.F.,(4,3,3,3,4),(2,2),(-3.92664820064938,-3.3332165233063,
-3.26344210130531,-2.69271746654985,-2.35653710653019),(0.,1.),
 .UNSPECIFIED.);
#50=B_SPLINE_SURFACE_WITH_KNOTS('',3,1,((#4660,#4661),(#4662,#4663),(#4664,
#4665),(#4666,#4667),(#4668,#4669),(#4670,#4671),(#4672,#4673),(#4674,#4675),
(#4676,#4677),(#4678,#4679),(#4680,#4681),(#4682,#4683),(#4684,#4685)),
 .UNSPECIFIED.,.F.,.F.,.F.,(4,3,3,3,4),(2,2),(-3.92664820064939,-3.33321652330627,
-3.26344210130532,-2.69271746654988,-2.3565371065302),(0.,1.),
 .UNSPECIFIED.);
#51=CYLINDRICAL_SURFACE('',#2734,16.9999999999999);
#52=CYLINDRICAL_SURFACE('',#2736,16.9999999999999);
#53=CYLINDRICAL_SURFACE('',#2742,2.00000000000001);
#54=CYLINDRICAL_SURFACE('',#2745,2.00000000000001);
#55=CYLINDRICAL_SURFACE('',#2748,1.99999999999999);
#56=CYLINDRICAL_SURFACE('',#2751,2.);
#57=CYLINDRICAL_SURFACE('',#2754,1.99999999999999);
#58=CYLINDRICAL_SURFACE('',#2757,1.99999999999999);
#59=CYLINDRICAL_SURFACE('',#2758,1.99999999999999);
#60=CYLINDRICAL_SURFACE('',#2759,1.99999999999999);
#61=CYLINDRICAL_SURFACE('',#2760,1.99999999999999);
#62=CYLINDRICAL_SURFACE('',#2761,2.00000000000001);
#63=CYLINDRICAL_SURFACE('',#2794,2.);
#64=CYLINDRICAL_SURFACE('',#2797,2.);
#65=CYLINDRICAL_SURFACE('',#2800,2.);
#66=CYLINDRICAL_SURFACE('',#2803,2.);
#67=CYLINDRICAL_SURFACE('',#2804,2.);
#68=CYLINDRICAL_SURFACE('',#2805,2.);
#69=CYLINDRICAL_SURFACE('',#2834,2.);
#70=CYLINDRICAL_SURFACE('',#2837,2.);
#71=CYLINDRICAL_SURFACE('',#2840,2.);
#72=CYLINDRICAL_SURFACE('',#2843,2.);
#73=CYLINDRICAL_SURFACE('',#2844,2.);
#74=CYLINDRICAL_SURFACE('',#2845,2.);
#75=CYLINDRICAL_SURFACE('',#2850,16.9999999999999);
#76=CYLINDRICAL_SURFACE('',#2853,16.9999999999999);
#77=CYLINDRICAL_SURFACE('',#2875,2.00000000000001);
#78=CYLINDRICAL_SURFACE('',#2878,2.00000000000001);
#79=CYLINDRICAL_SURFACE('',#2881,1.99999999999999);
#80=CYLINDRICAL_SURFACE('',#2884,2.);
#81=CYLINDRICAL_SURFACE('',#2887,1.99999999999999);
#82=CYLINDRICAL_SURFACE('',#2890,1.99999999999999);
#83=CYLINDRICAL_SURFACE('',#2893,1.99999999999999);
#84=CYLINDRICAL_SURFACE('',#2896,1.99999999999999);
#85=CYLINDRICAL_SURFACE('',#2899,1.99999999999999);
#86=CYLINDRICAL_SURFACE('',#2902,2.00000000000001);
#87=FACE_BOUND('',#374,.T.);
#88=FACE_BOUND('',#375,.T.);
#89=FACE_BOUND('',#376,.T.);
#90=FACE_BOUND('',#377,.T.);
#91=FACE_BOUND('',#378,.T.);
#92=FACE_BOUND('',#398,.T.);
#93=FACE_BOUND('',#401,.T.);
#94=FACE_BOUND('',#402,.T.);
#95=FACE_BOUND('',#403,.T.);
#96=FACE_BOUND('',#406,.T.);
#97=FACE_BOUND('',#409,.T.);
#98=FACE_BOUND('',#411,.T.);
#99=FACE_BOUND('',#413,.T.);
#100=FACE_BOUND('',#414,.T.);
#101=FACE_BOUND('',#415,.T.);
#102=FACE_BOUND('',#426,.T.);
#103=FACE_BOUND('',#427,.T.);
#104=FACE_BOUND('',#428,.T.);
#105=FACE_BOUND('',#441,.T.);
#106=FACE_BOUND('',#442,.T.);
#107=FACE_BOUND('',#443,.T.);
#108=FACE_BOUND('',#445,.T.);
#109=FACE_BOUND('',#446,.T.);
#110=FACE_BOUND('',#447,.T.);
#111=FACE_BOUND('',#455,.T.);
#112=FACE_BOUND('',#456,.T.);
#113=FACE_BOUND('',#457,.T.);
#114=FACE_BOUND('',#474,.T.);
#115=FACE_BOUND('',#475,.T.);
#116=FACE_BOUND('',#476,.T.);
#117=FACE_BOUND('',#479,.T.);
#118=FACE_BOUND('',#480,.T.);
#119=FACE_BOUND('',#481,.T.);
#120=FACE_BOUND('',#495,.T.);
#121=FACE_BOUND('',#496,.T.);
#122=FACE_BOUND('',#497,.T.);
#123=FACE_BOUND('',#498,.T.);
#124=FACE_BOUND('',#499,.T.);
#125=FACE_BOUND('',#517,.T.);
#126=FACE_BOUND('',#520,.T.);
#127=FACE_BOUND('',#521,.T.);
#128=FACE_BOUND('',#522,.T.);
#129=FACE_BOUND('',#525,.T.);
#130=FACE_BOUND('',#528,.T.);
#131=FACE_BOUND('',#530,.T.);
#132=FACE_BOUND('',#532,.T.);
#133=FACE_BOUND('',#533,.T.);
#134=FACE_BOUND('',#534,.T.);
#135=CIRCLE('',#2716,2.00000000000001);
#136=CIRCLE('',#2717,2.00000000000001);
#137=CIRCLE('',#2718,1.99999999999999);
#138=CIRCLE('',#2719,1.99999999999999);
#139=CIRCLE('',#2720,1.99999999999999);
#140=CIRCLE('',#2721,1.99999999999999);
#141=CIRCLE('',#2722,1.99999999999999);
#142=CIRCLE('',#2723,1.99999999999999);
#143=CIRCLE('',#2724,1.99999999999999);
#144=CIRCLE('',#2725,1.99999999999999);
#145=CIRCLE('',#2727,16.9999999999999);
#146=CIRCLE('',#2728,16.9999999999999);
#147=CIRCLE('',#2729,2.00000000000001);
#148=CIRCLE('',#2730,1.99999999999999);
#149=CIRCLE('',#2731,1.99999999999999);
#150=CIRCLE('',#2732,1.99999999999999);
#151=CIRCLE('',#2733,1.99999999999999);
#152=CIRCLE('',#2735,16.9999999999999);
#153=CIRCLE('',#2737,16.9999999999999);
#154=CIRCLE('',#2743,2.00000000000001);
#155=CIRCLE('',#2744,2.00000000000001);
#156=CIRCLE('',#2746,2.00000000000001);
#157=CIRCLE('',#2747,2.00000000000001);
#158=CIRCLE('',#2749,1.99999999999999);
#159=CIRCLE('',#2750,1.99999999999999);
#160=CIRCLE('',#2752,2.);
#161=CIRCLE('',#2753,2.);
#162=CIRCLE('',#2755,1.99999999999999);
#163=CIRCLE('',#2756,1.99999999999999);
#164=CIRCLE('',#2778,2.);
#165=CIRCLE('',#2779,2.);
#166=CIRCLE('',#2780,2.);
#167=CIRCLE('',#2781,2.);
#168=CIRCLE('',#2782,2.);
#169=CIRCLE('',#2783,2.);
#170=CIRCLE('',#2786,2.);
#171=CIRCLE('',#2787,2.);
#172=CIRCLE('',#2788,2.);
#173=CIRCLE('',#2795,2.);
#174=CIRCLE('',#2796,2.);
#175=CIRCLE('',#2798,2.);
#176=CIRCLE('',#2799,2.);
#177=CIRCLE('',#2801,2.);
#178=CIRCLE('',#2802,2.);
#179=CIRCLE('',#2814,2.);
#180=CIRCLE('',#2815,2.);
#181=CIRCLE('',#2816,2.);
#182=CIRCLE('',#2817,2.);
#183=CIRCLE('',#2818,2.);
#184=CIRCLE('',#2819,2.);
#185=CIRCLE('',#2822,2.);
#186=CIRCLE('',#2823,2.);
#187=CIRCLE('',#2824,2.);
#188=CIRCLE('',#2835,2.);
#189=CIRCLE('',#2836,2.);
#190=CIRCLE('',#2838,2.);
#191=CIRCLE('',#2839,2.);
#192=CIRCLE('',#2841,2.);
#193=CIRCLE('',#2842,2.);
#194=CIRCLE('',#2851,16.9999999999999);
#195=CIRCLE('',#2852,16.9999999999999);
#196=CIRCLE('',#2854,16.9999999999999);
#197=CIRCLE('',#2855,16.9999999999999);
#198=CIRCLE('',#2867,1.99999999999999);
#199=CIRCLE('',#2868,1.99999999999999);
#200=CIRCLE('',#2869,1.99999999999999);
#201=CIRCLE('',#2870,1.99999999999999);
#202=CIRCLE('',#2871,2.00000000000001);
#203=CIRCLE('',#2876,2.00000000000001);
#204=CIRCLE('',#2877,2.00000000000001);
#205=CIRCLE('',#2879,2.00000000000001);
#206=CIRCLE('',#2880,2.00000000000001);
#207=CIRCLE('',#2882,1.99999999999999);
#208=CIRCLE('',#2883,1.99999999999999);
#209=CIRCLE('',#2885,2.);
#210=CIRCLE('',#2886,2.);
#211=CIRCLE('',#2888,1.99999999999999);
#212=CIRCLE('',#2889,1.99999999999999);
#213=CIRCLE('',#2891,1.99999999999999);
#214=CIRCLE('',#2892,1.99999999999999);
#215=CIRCLE('',#2894,1.99999999999999);
#216=CIRCLE('',#2895,1.99999999999999);
#217=CIRCLE('',#2897,1.99999999999999);
#218=CIRCLE('',#2898,1.99999999999999);
#219=CIRCLE('',#2900,1.99999999999999);
#220=CIRCLE('',#2901,1.99999999999999);
#221=CIRCLE('',#2903,2.00000000000001);
#222=CIRCLE('',#2904,2.00000000000001);
#223=B_SPLINE_CURVE_WITH_KNOTS('',3,(#3691,#3692,#3693,#3694,#3695,#3696,
#3697,#3698,#3699,#3700),.UNSPECIFIED.,.F.,.F.,(4,3,3,4),(0.,0.363198965130634,
0.819535098964464,0.859857478826299),.UNSPECIFIED.);
#224=B_SPLINE_CURVE_WITH_KNOTS('',3,(#3704,#3705,#3706,#3707,#3708,#3709,
#3710,#3711,#3712,#3713),.UNSPECIFIED.,.F.,.F.,(4,3,3,4),(0.,0.363198965141623,
0.819535098989279,0.859857478852313),.UNSPECIFIED.);
#225=B_SPLINE_CURVE_WITH_KNOTS('',3,(#3723,#3724,#3725,#3726,#3727,#3728,
#3729,#3730,#3731,#3732,#3733,#3734,#3735),.UNSPECIFIED.,.F.,.F.,(4,3,3,
3,4),(-3.92664820064938,-3.3332165233063,-3.26344210130531,-2.69271746654985,
-2.35653710653019),.UNSPECIFIED.);
#226=B_SPLINE_CURVE_WITH_KNOTS('',3,(#3754,#3755,#3756,#3757,#3758,#3759,
#3760,#3761,#3762,#3763,#3764,#3765,#3766),.UNSPECIFIED.,.F.,.F.,(4,3,3,
3,4),(-3.92664820064939,-3.33321652330627,-3.26344210130532,-2.69271746654988,
-2.3565371065302),.UNSPECIFIED.);
#227=B_SPLINE_CURVE_WITH_KNOTS('',3,(#3786,#3787,#3788,#3789,#3790,#3791,
#3792,#3793,#3794,#3795),.UNSPECIFIED.,.F.,.F.,(4,3,3,4),(2.35653710653019,
2.43016630383478,3.26344210130531,3.92664820064938),.UNSPECIFIED.);
#228=B_SPLINE_CURVE_WITH_KNOTS('',3,(#3799,#3800,#3801,#3802,#3803,#3804,
#3805,#3806,#3807,#3808),.UNSPECIFIED.,.F.,.F.,(4,3,3,4),(2.3565371065302,
2.43016630383482,3.26344210130532,3.92664820064939),.UNSPECIFIED.);
#229=B_SPLINE_CURVE_WITH_KNOTS('',3,(#3955,#3956,#3957,#3958,#3959,#3960,
#3961,#3962,#3963,#3964,#3965,#3966,#3967),.UNSPECIFIED.,.F.,.F.,(4,3,3,
3,4),(-3.92664820064938,-3.3332165233063,-3.26344210130531,-2.69271746654985,
-2.35653710653019),.UNSPECIFIED.);
#230=B_SPLINE_CURVE_WITH_KNOTS('',3,(#4000,#4001,#4002,#4003,#4004,#4005,
#4006,#4007,#4008,#4009,#4010,#4011,#4012),.UNSPECIFIED.,.F.,.F.,(4,3,3,
3,4),(-3.92664820064939,-3.33321652330627,-3.26344210130532,-2.69271746654988,
-2.3565371065302),.UNSPECIFIED.);
#231=B_SPLINE_CURVE_WITH_KNOTS('',3,(#4402,#4403,#4404,#4405,#4406,#4407,
#4408,#4409,#4410,#4411),.UNSPECIFIED.,.F.,.F.,(4,3,3,4),(2.3565371065302,
2.43016630383482,3.26344210130532,3.92664820064939),.UNSPECIFIED.);
#232=B_SPLINE_CURVE_WITH_KNOTS('',3,(#4415,#4416,#4417,#4418,#4419,#4420,
#4421,#4422,#4423,#4424),.UNSPECIFIED.,.F.,.F.,(4,3,3,4),(2.35653710653019,
2.43016630383478,3.26344210130531,3.92664820064938),.UNSPECIFIED.);
#233=B_SPLINE_CURVE_WITH_KNOTS('',3,(#4465,#4466,#4467,#4468,#4469,#4470,
#4471,#4472,#4473,#4474),.UNSPECIFIED.,.F.,.F.,(4,3,3,4),(0.,0.363198965130634,
0.819535098964464,0.859857478826299),.UNSPECIFIED.);
#234=B_SPLINE_CURVE_WITH_KNOTS('',3,(#4500,#4501,#4502,#4503,#4504,#4505,
#4506,#4507,#4508,#4509),.UNSPECIFIED.,.F.,.F.,(4,3,3,4),(0.,0.363198965141623,
0.819535098989279,0.859857478852313),.UNSPECIFIED.);
#235=B_SPLINE_CURVE_WITH_KNOTS('',3,(#4576,#4577,#4578,#4579,#4580,#4581,
#4582,#4583,#4584,#4585,#4586,#4587,#4588),.UNSPECIFIED.,.F.,.F.,(4,3,3,
3,4),(-3.92664820064939,-3.33321652330627,-3.26344210130532,-2.69271746654988,
-2.3565371065302),.UNSPECIFIED.);
#236=B_SPLINE_CURVE_WITH_KNOTS('',3,(#4595,#4596,#4597,#4598,#4599,#4600,
#4601,#4602,#4603,#4604,#4605,#4606,#4607),.UNSPECIFIED.,.F.,.F.,(4,3,3,
3,4),(-3.92664820064938,-3.3332165233063,-3.26344210130531,-2.69271746654985,
-2.35653710653019),.UNSPECIFIED.);
#237=B_SPLINE_CURVE_WITH_KNOTS('',3,(#4641,#4642,#4643,#4644,#4645,#4646,
#4647,#4648,#4649,#4650,#4651,#4652,#4653),.UNSPECIFIED.,.F.,.F.,(4,3,3,
3,4),(-3.92664820064938,-3.3332165233063,-3.26344210130531,-2.69271746654985,
-2.35653710653019),.UNSPECIFIED.);
#238=B_SPLINE_CURVE_WITH_KNOTS('',3,(#4686,#4687,#4688,#4689,#4690,#4691,
#4692,#4693,#4694,#4695,#4696,#4697,#4698),.UNSPECIFIED.,.F.,.F.,(4,3,3,
3,4),(-3.92664820064939,-3.33321652330627,-3.26344210130532,-2.69271746654988,
-2.3565371065302),.UNSPECIFIED.);
#239=FACE_OUTER_BOUND('',#363,.T.);
#240=FACE_OUTER_BOUND('',#364,.T.);
#241=FACE_OUTER_BOUND('',#365,.T.);
#242=FACE_OUTER_BOUND('',#366,.T.);
#243=FACE_OUTER_BOUND('',#367,.T.);
#244=FACE_OUTER_BOUND('',#368,.T.);
#245=FACE_OUTER_BOUND('',#369,.T.);
#246=FACE_OUTER_BOUND('',#370,.T.);
#247=FACE_OUTER_BOUND('',#371,.T.);
#248=FACE_OUTER_BOUND('',#372,.T.);
#249=FACE_OUTER_BOUND('',#373,.T.);
#250=FACE_OUTER_BOUND('',#379,.T.);
#251=FACE_OUTER_BOUND('',#380,.T.);
#252=FACE_OUTER_BOUND('',#381,.T.);
#253=FACE_OUTER_BOUND('',#382,.T.);
#254=FACE_OUTER_BOUND('',#383,.T.);
#255=FACE_OUTER_BOUND('',#384,.T.);
#256=FACE_OUTER_BOUND('',#385,.T.);
#257=FACE_OUTER_BOUND('',#386,.T.);
#258=FACE_OUTER_BOUND('',#387,.T.);
#259=FACE_OUTER_BOUND('',#388,.T.);
#260=FACE_OUTER_BOUND('',#389,.T.);
#261=FACE_OUTER_BOUND('',#390,.T.);
#262=FACE_OUTER_BOUND('',#391,.T.);
#263=FACE_OUTER_BOUND('',#392,.T.);
#264=FACE_OUTER_BOUND('',#393,.T.);
#265=FACE_OUTER_BOUND('',#394,.T.);
#266=FACE_OUTER_BOUND('',#395,.T.);
#267=FACE_OUTER_BOUND('',#396,.T.);
#268=FACE_OUTER_BOUND('',#397,.T.);
#269=FACE_OUTER_BOUND('',#399,.T.);
#270=FACE_OUTER_BOUND('',#400,.T.);
#271=FACE_OUTER_BOUND('',#404,.T.);
#272=FACE_OUTER_BOUND('',#405,.T.);
#273=FACE_OUTER_BOUND('',#407,.T.);
#274=FACE_OUTER_BOUND('',#408,.T.);
#275=FACE_OUTER_BOUND('',#410,.T.);
#276=FACE_OUTER_BOUND('',#412,.T.);
#277=FACE_OUTER_BOUND('',#416,.T.);
#278=FACE_OUTER_BOUND('',#417,.T.);
#279=FACE_OUTER_BOUND('',#418,.T.);
#280=FACE_OUTER_BOUND('',#419,.T.);
#281=FACE_OUTER_BOUND('',#420,.T.);
#282=FACE_OUTER_BOUND('',#421,.T.);
#283=FACE_OUTER_BOUND('',#422,.T.);
#284=FACE_OUTER_BOUND('',#423,.T.);
#285=FACE_OUTER_BOUND('',#424,.T.);
#286=FACE_OUTER_BOUND('',#425,.T.);
#287=FACE_OUTER_BOUND('',#429,.T.);
#288=FACE_OUTER_BOUND('',#430,.T.);
#289=FACE_OUTER_BOUND('',#431,.T.);
#290=FACE_OUTER_BOUND('',#432,.T.);
#291=FACE_OUTER_BOUND('',#433,.T.);
#292=FACE_OUTER_BOUND('',#434,.T.);
#293=FACE_OUTER_BOUND('',#435,.T.);
#294=FACE_OUTER_BOUND('',#436,.T.);
#295=FACE_OUTER_BOUND('',#437,.T.);
#296=FACE_OUTER_BOUND('',#438,.T.);
#297=FACE_OUTER_BOUND('',#439,.T.);
#298=FACE_OUTER_BOUND('',#440,.T.);
#299=FACE_OUTER_BOUND('',#444,.T.);
#300=FACE_OUTER_BOUND('',#448,.T.);
#301=FACE_OUTER_BOUND('',#449,.T.);
#302=FACE_OUTER_BOUND('',#450,.T.);
#303=FACE_OUTER_BOUND('',#451,.T.);
#304=FACE_OUTER_BOUND('',#452,.T.);
#305=FACE_OUTER_BOUND('',#453,.T.);
#306=FACE_OUTER_BOUND('',#454,.T.);
#307=FACE_OUTER_BOUND('',#458,.T.);
#308=FACE_OUTER_BOUND('',#459,.T.);
#309=FACE_OUTER_BOUND('',#460,.T.);
#310=FACE_OUTER_BOUND('',#461,.T.);
#311=FACE_OUTER_BOUND('',#462,.T.);
#312=FACE_OUTER_BOUND('',#463,.T.);
#313=FACE_OUTER_BOUND('',#464,.T.);
#314=FACE_OUTER_BOUND('',#465,.T.);
#315=FACE_OUTER_BOUND('',#466,.T.);
#316=FACE_OUTER_BOUND('',#467,.T.);
#317=FACE_OUTER_BOUND('',#468,.T.);
#318=FACE_OUTER_BOUND('',#469,.T.);
#319=FACE_OUTER_BOUND('',#470,.T.);
#320=FACE_OUTER_BOUND('',#471,.T.);
#321=FACE_OUTER_BOUND('',#472,.T.);
#322=FACE_OUTER_BOUND('',#473,.T.);
#323=FACE_OUTER_BOUND('',#477,.T.);
#324=FACE_OUTER_BOUND('',#478,.T.);
#325=FACE_OUTER_BOUND('',#482,.T.);
#326=FACE_OUTER_BOUND('',#483,.T.);
#327=FACE_OUTER_BOUND('',#484,.T.);
#328=FACE_OUTER_BOUND('',#485,.T.);
#329=FACE_OUTER_BOUND('',#486,.T.);
#330=FACE_OUTER_BOUND('',#487,.T.);
#331=FACE_OUTER_BOUND('',#488,.T.);
#332=FACE_OUTER_BOUND('',#489,.T.);
#333=FACE_OUTER_BOUND('',#490,.T.);
#334=FACE_OUTER_BOUND('',#491,.T.);
#335=FACE_OUTER_BOUND('',#492,.T.);
#336=FACE_OUTER_BOUND('',#493,.T.);
#337=FACE_OUTER_BOUND('',#494,.T.);
#338=FACE_OUTER_BOUND('',#500,.T.);
#339=FACE_OUTER_BOUND('',#501,.T.);
#340=FACE_OUTER_BOUND('',#502,.T.);
#341=FACE_OUTER_BOUND('',#503,.T.);
#342=FACE_OUTER_BOUND('',#504,.T.);
#343=FACE_OUTER_BOUND('',#505,.T.);
#344=FACE_OUTER_BOUND('',#506,.T.);
#345=FACE_OUTER_BOUND('',#507,.T.);
#346=FACE_OUTER_BOUND('',#508,.T.);
#347=FACE_OUTER_BOUND('',#509,.T.);
#348=FACE_OUTER_BOUND('',#510,.T.);
#349=FACE_OUTER_BOUND('',#511,.T.);
#350=FACE_OUTER_BOUND('',#512,.T.);
#351=FACE_OUTER_BOUND('',#513,.T.);
#352=FACE_OUTER_BOUND('',#514,.T.);
#353=FACE_OUTER_BOUND('',#515,.T.);
#354=FACE_OUTER_BOUND('',#516,.T.);
#355=FACE_OUTER_BOUND('',#518,.T.);
#356=FACE_OUTER_BOUND('',#519,.T.);
#357=FACE_OUTER_BOUND('',#523,.T.);
#358=FACE_OUTER_BOUND('',#524,.T.);
#359=FACE_OUTER_BOUND('',#526,.T.);
#360=FACE_OUTER_BOUND('',#527,.T.);
#361=FACE_OUTER_BOUND('',#529,.T.);
#362=FACE_OUTER_BOUND('',#531,.T.);
#363=EDGE_LOOP('',(#1699,#1700,#1701,#1702));
#364=EDGE_LOOP('',(#1703,#1704,#1705,#1706));
#365=EDGE_LOOP('',(#1707,#1708,#1709,#1710));
#366=EDGE_LOOP('',(#1711,#1712,#1713,#1714));
#367=EDGE_LOOP('',(#1715,#1716,#1717,#1718,#1719,#1720));
#368=EDGE_LOOP('',(#1721,#1722,#1723,#1724));
#369=EDGE_LOOP('',(#1725,#1726,#1727,#1728));
#370=EDGE_LOOP('',(#1729,#1730,#1731,#1732));
#371=EDGE_LOOP('',(#1733,#1734,#1735,#1736,#1737,#1738));
#372=EDGE_LOOP('',(#1739,#1740,#1741,#1742,#1743,#1744,#1745,#1746,#1747,
#1748,#1749,#1750,#1751,#1752,#1753,#1754,#1755,#1756,#1757,#1758,#1759,
#1760,#1761,#1762,#1763,#1764,#1765,#1766,#1767,#1768,#1769,#1770,#1771,
#1772,#1773));
#373=EDGE_LOOP('',(#1774,#1775,#1776,#1777,#1778,#1779,#1780,#1781,#1782,
#1783,#1784,#1785,#1786,#1787,#1788,#1789,#1790,#1791,#1792,#1793));
#374=EDGE_LOOP('',(#1794));
#375=EDGE_LOOP('',(#1795));
#376=EDGE_LOOP('',(#1796));
#377=EDGE_LOOP('',(#1797));
#378=EDGE_LOOP('',(#1798));
#379=EDGE_LOOP('',(#1799,#1800,#1801,#1802));
#380=EDGE_LOOP('',(#1803,#1804,#1805,#1806));
#381=EDGE_LOOP('',(#1807,#1808,#1809,#1810));
#382=EDGE_LOOP('',(#1811,#1812,#1813,#1814));
#383=EDGE_LOOP('',(#1815,#1816,#1817,#1818));
#384=EDGE_LOOP('',(#1819,#1820,#1821,#1822));
#385=EDGE_LOOP('',(#1823,#1824,#1825,#1826));
#386=EDGE_LOOP('',(#1827,#1828,#1829,#1830));
#387=EDGE_LOOP('',(#1831,#1832,#1833,#1834));
#388=EDGE_LOOP('',(#1835,#1836,#1837,#1838));
#389=EDGE_LOOP('',(#1839,#1840,#1841,#1842));
#390=EDGE_LOOP('',(#1843,#1844,#1845,#1846));
#391=EDGE_LOOP('',(#1847,#1848,#1849,#1850));
#392=EDGE_LOOP('',(#1851,#1852,#1853,#1854,#1855));
#393=EDGE_LOOP('',(#1856,#1857,#1858,#1859,#1860));
#394=EDGE_LOOP('',(#1861,#1862,#1863,#1864,#1865));
#395=EDGE_LOOP('',(#1866,#1867,#1868,#1869,#1870));
#396=EDGE_LOOP('',(#1871,#1872,#1873,#1874,#1875));
#397=EDGE_LOOP('',(#1876,#1877,#1878,#1879,#1880));
#398=EDGE_LOOP('',(#1881));
#399=EDGE_LOOP('',(#1882,#1883,#1884,#1885));
#400=EDGE_LOOP('',(#1886,#1887,#1888,#1889,#1890,#1891,#1892));
#401=EDGE_LOOP('',(#1893));
#402=EDGE_LOOP('',(#1894));
#403=EDGE_LOOP('',(#1895));
#404=EDGE_LOOP('',(#1896,#1897,#1898,#1899));
#405=EDGE_LOOP('',(#1900,#1901,#1902,#1903,#1904));
#406=EDGE_LOOP('',(#1905));
#407=EDGE_LOOP('',(#1906,#1907,#1908,#1909,#1910,#1911,#1912,#1913,#1914,
#1915,#1916,#1917));
#408=EDGE_LOOP('',(#1918,#1919,#1920,#1921));
#409=EDGE_LOOP('',(#1922));
#410=EDGE_LOOP('',(#1923,#1924,#1925,#1926));
#411=EDGE_LOOP('',(#1927));
#412=EDGE_LOOP('',(#1928,#1929,#1930,#1931));
#413=EDGE_LOOP('',(#1932));
#414=EDGE_LOOP('',(#1933));
#415=EDGE_LOOP('',(#1934));
#416=EDGE_LOOP('',(#1935,#1936,#1937,#1938));
#417=EDGE_LOOP('',(#1939,#1940,#1941,#1942,#1943));
#418=EDGE_LOOP('',(#1944,#1945,#1946,#1947));
#419=EDGE_LOOP('',(#1948,#1949,#1950,#1951));
#420=EDGE_LOOP('',(#1952,#1953,#1954,#1955,#1956));
#421=EDGE_LOOP('',(#1957,#1958,#1959,#1960));
#422=EDGE_LOOP('',(#1961,#1962,#1963,#1964,#1965,#1966));
#423=EDGE_LOOP('',(#1967,#1968,#1969,#1970,#1971,#1972,#1973,#1974,#1975,
#1976,#1977,#1978,#1979,#1980,#1981,#1982,#1983));
#424=EDGE_LOOP('',(#1984,#1985,#1986,#1987));
#425=EDGE_LOOP('',(#1988,#1989,#1990,#1991,#1992,#1993,#1994,#1995,#1996,
#1997,#1998,#1999));
#426=EDGE_LOOP('',(#2000));
#427=EDGE_LOOP('',(#2001));
#428=EDGE_LOOP('',(#2002));
#429=EDGE_LOOP('',(#2003,#2004,#2005,#2006));
#430=EDGE_LOOP('',(#2007,#2008,#2009,#2010));
#431=EDGE_LOOP('',(#2011,#2012,#2013,#2014));
#432=EDGE_LOOP('',(#2015,#2016,#2017,#2018,#2019,#2020));
#433=EDGE_LOOP('',(#2021,#2022,#2023,#2024));
#434=EDGE_LOOP('',(#2025,#2026,#2027,#2028));
#435=EDGE_LOOP('',(#2029,#2030,#2031,#2032));
#436=EDGE_LOOP('',(#2033,#2034,#2035,#2036));
#437=EDGE_LOOP('',(#2037,#2038,#2039,#2040,#2041));
#438=EDGE_LOOP('',(#2042,#2043,#2044,#2045,#2046));
#439=EDGE_LOOP('',(#2047,#2048,#2049,#2050,#2051));
#440=EDGE_LOOP('',(#2052,#2053,#2054,#2055,#2056,#2057,#2058,#2059,#2060));
#441=EDGE_LOOP('',(#2061));
#442=EDGE_LOOP('',(#2062));
#443=EDGE_LOOP('',(#2063));
#444=EDGE_LOOP('',(#2064,#2065,#2066,#2067));
#445=EDGE_LOOP('',(#2068));
#446=EDGE_LOOP('',(#2069));
#447=EDGE_LOOP('',(#2070));
#448=EDGE_LOOP('',(#2071,#2072,#2073,#2074));
#449=EDGE_LOOP('',(#2075,#2076,#2077,#2078));
#450=EDGE_LOOP('',(#2079,#2080,#2081,#2082,#2083));
#451=EDGE_LOOP('',(#2084,#2085,#2086,#2087));
#452=EDGE_LOOP('',(#2088,#2089,#2090,#2091,#2092,#2093,#2094,#2095,#2096,
#2097,#2098,#2099,#2100,#2101,#2102,#2103,#2104));
#453=EDGE_LOOP('',(#2105,#2106,#2107,#2108));
#454=EDGE_LOOP('',(#2109,#2110,#2111,#2112,#2113,#2114,#2115,#2116,#2117,
#2118,#2119,#2120));
#455=EDGE_LOOP('',(#2121));
#456=EDGE_LOOP('',(#2122));
#457=EDGE_LOOP('',(#2123));
#458=EDGE_LOOP('',(#2124,#2125,#2126,#2127));
#459=EDGE_LOOP('',(#2128,#2129,#2130,#2131));
#460=EDGE_LOOP('',(#2132,#2133,#2134,#2135,#2136));
#461=EDGE_LOOP('',(#2137,#2138,#2139,#2140));
#462=EDGE_LOOP('',(#2141,#2142,#2143,#2144,#2145,#2146));
#463=EDGE_LOOP('',(#2147,#2148,#2149,#2150));
#464=EDGE_LOOP('',(#2151,#2152,#2153,#2154,#2155,#2156));
#465=EDGE_LOOP('',(#2157,#2158,#2159,#2160));
#466=EDGE_LOOP('',(#2161,#2162,#2163,#2164));
#467=EDGE_LOOP('',(#2165,#2166,#2167,#2168));
#468=EDGE_LOOP('',(#2169,#2170,#2171,#2172));
#469=EDGE_LOOP('',(#2173,#2174,#2175,#2176));
#470=EDGE_LOOP('',(#2177,#2178,#2179,#2180,#2181));
#471=EDGE_LOOP('',(#2182,#2183,#2184,#2185,#2186));
#472=EDGE_LOOP('',(#2187,#2188,#2189,#2190,#2191));
#473=EDGE_LOOP('',(#2192,#2193,#2194,#2195,#2196,#2197,#2198,#2199,#2200));
#474=EDGE_LOOP('',(#2201));
#475=EDGE_LOOP('',(#2202));
#476=EDGE_LOOP('',(#2203));
#477=EDGE_LOOP('',(#2204,#2205,#2206,#2207));
#478=EDGE_LOOP('',(#2208,#2209,#2210,#2211));
#479=EDGE_LOOP('',(#2212));
#480=EDGE_LOOP('',(#2213));
#481=EDGE_LOOP('',(#2214));
#482=EDGE_LOOP('',(#2215,#2216,#2217,#2218));
#483=EDGE_LOOP('',(#2219,#2220,#2221,#2222));
#484=EDGE_LOOP('',(#2223,#2224,#2225,#2226));
#485=EDGE_LOOP('',(#2227,#2228,#2229,#2230));
#486=EDGE_LOOP('',(#2231,#2232,#2233,#2234));
#487=EDGE_LOOP('',(#2235,#2236,#2237,#2238));
#488=EDGE_LOOP('',(#2239,#2240,#2241,#2242,#2243,#2244));
#489=EDGE_LOOP('',(#2245,#2246,#2247,#2248));
#490=EDGE_LOOP('',(#2249,#2250,#2251,#2252));
#491=EDGE_LOOP('',(#2253,#2254,#2255,#2256));
#492=EDGE_LOOP('',(#2257,#2258,#2259,#2260));
#493=EDGE_LOOP('',(#2261,#2262,#2263,#2264,#2265,#2266));
#494=EDGE_LOOP('',(#2267,#2268,#2269,#2270,#2271,#2272,#2273,#2274,#2275,
#2276,#2277,#2278,#2279,#2280,#2281,#2282,#2283,#2284,#2285,#2286));
#495=EDGE_LOOP('',(#2287));
#496=EDGE_LOOP('',(#2288));
#497=EDGE_LOOP('',(#2289));
#498=EDGE_LOOP('',(#2290));
#499=EDGE_LOOP('',(#2291));
#500=EDGE_LOOP('',(#2292,#2293,#2294,#2295));
#501=EDGE_LOOP('',(#2296,#2297,#2298,#2299));
#502=EDGE_LOOP('',(#2300,#2301,#2302,#2303));
#503=EDGE_LOOP('',(#2304,#2305,#2306,#2307));
#504=EDGE_LOOP('',(#2308,#2309,#2310,#2311));
#505=EDGE_LOOP('',(#2312,#2313,#2314,#2315));
#506=EDGE_LOOP('',(#2316,#2317,#2318,#2319));
#507=EDGE_LOOP('',(#2320,#2321,#2322,#2323));
#508=EDGE_LOOP('',(#2324,#2325,#2326,#2327));
#509=EDGE_LOOP('',(#2328,#2329,#2330,#2331));
#510=EDGE_LOOP('',(#2332,#2333,#2334,#2335,#2336));
#511=EDGE_LOOP('',(#2337,#2338,#2339,#2340,#2341));
#512=EDGE_LOOP('',(#2342,#2343,#2344,#2345,#2346));
#513=EDGE_LOOP('',(#2347,#2348,#2349,#2350,#2351));
#514=EDGE_LOOP('',(#2352,#2353,#2354,#2355,#2356));
#515=EDGE_LOOP('',(#2357,#2358,#2359,#2360,#2361,#2362,#2363,#2364,#2365,
#2366,#2367,#2368,#2369,#2370,#2371,#2372,#2373,#2374,#2375,#2376,#2377,
#2378,#2379,#2380,#2381,#2382,#2383,#2384,#2385,#2386,#2387,#2388,#2389,
#2390,#2391));
#516=EDGE_LOOP('',(#2392,#2393,#2394,#2395,#2396));
#517=EDGE_LOOP('',(#2397));
#518=EDGE_LOOP('',(#2398,#2399,#2400,#2401));
#519=EDGE_LOOP('',(#2402,#2403,#2404,#2405,#2406,#2407,#2408));
#520=EDGE_LOOP('',(#2409));
#521=EDGE_LOOP('',(#2410));
#522=EDGE_LOOP('',(#2411));
#523=EDGE_LOOP('',(#2412,#2413,#2414,#2415));
#524=EDGE_LOOP('',(#2416,#2417,#2418,#2419,#2420));
#525=EDGE_LOOP('',(#2421));
#526=EDGE_LOOP('',(#2422,#2423,#2424,#2425,#2426,#2427,#2428,#2429,#2430,
#2431,#2432,#2433));
#527=EDGE_LOOP('',(#2434,#2435,#2436,#2437));
#528=EDGE_LOOP('',(#2438));
#529=EDGE_LOOP('',(#2439,#2440,#2441,#2442));
#530=EDGE_LOOP('',(#2443));
#531=EDGE_LOOP('',(#2444,#2445,#2446,#2447));
#532=EDGE_LOOP('',(#2448));
#533=EDGE_LOOP('',(#2449));
#534=EDGE_LOOP('',(#2450));
#535=LINE('',#3620,#807);
#536=LINE('',#3622,#808);
#537=LINE('',#3624,#809);
#538=LINE('',#3625,#810);
#539=LINE('',#3628,#811);
#540=LINE('',#3630,#812);
#541=LINE('',#3631,#813);
#542=LINE('',#3634,#814);
#543=LINE('',#3636,#815);
#544=LINE('',#3637,#816);
#545=LINE('',#3640,#817);
#546=LINE('',#3642,#818);
#547=LINE('',#3643,#819);
#548=LINE('',#3646,#820);
#549=LINE('',#3648,#821);
#550=LINE('',#3650,#822);
#551=LINE('',#3652,#823);
#552=LINE('',#3653,#824);
#553=LINE('',#3657,#825);
#554=LINE('',#3659,#826);
#555=LINE('',#3661,#827);
#556=LINE('',#3662,#828);
#557=LINE('',#3666,#829);
#558=LINE('',#3668,#830);
#559=LINE('',#3670,#831);
#560=LINE('',#3671,#832);
#561=LINE('',#3673,#833);
#562=LINE('',#3674,#834);
#563=LINE('',#3677,#835);
#564=LINE('',#3679,#836);
#565=LINE('',#3681,#837);
#566=LINE('',#3683,#838);
#567=LINE('',#3684,#839);
#568=LINE('',#3687,#840);
#569=LINE('',#3689,#841);
#570=LINE('',#3702,#842);
#571=LINE('',#3714,#843);
#572=LINE('',#3716,#844);
#573=LINE('',#3721,#845);
#574=LINE('',#3737,#846);
#575=LINE('',#3742,#847);
#576=LINE('',#3747,#848);
#577=LINE('',#3752,#849);
#578=LINE('',#3768,#850);
#579=LINE('',#3772,#851);
#580=LINE('',#3775,#852);
#581=LINE('',#3779,#853);
#582=LINE('',#3782,#854);
#583=LINE('',#3784,#855);
#584=LINE('',#3797,#856);
#585=LINE('',#3810,#857);
#586=LINE('',#3811,#858);
#587=LINE('',#3824,#859);
#588=LINE('',#3827,#860);
#589=LINE('',#3830,#861);
#590=LINE('',#3833,#862);
#591=LINE('',#3835,#863);
#592=LINE('',#3837,#864);
#593=LINE('',#3839,#865);
#594=LINE('',#3860,#866);
#595=LINE('',#3862,#867);
#596=LINE('',#3887,#868);
#597=LINE('',#3893,#869);
#598=LINE('',#3899,#870);
#599=LINE('',#3905,#871);
#600=LINE('',#3911,#872);
#601=LINE('',#3914,#873);
#602=LINE('',#3916,#874);
#603=LINE('',#3918,#875);
#604=LINE('',#3920,#876);
#605=LINE('',#3922,#877);
#606=LINE('',#3925,#878);
#607=LINE('',#3926,#879);
#608=LINE('',#3968,#880);
#609=LINE('',#3969,#881);
#610=LINE('',#3972,#882);
#611=LINE('',#3973,#883);
#612=LINE('',#4014,#884);
#613=LINE('',#4016,#885);
#614=LINE('',#4017,#886);
#615=LINE('',#4018,#887);
#616=LINE('',#4026,#888);
#617=LINE('',#4028,#889);
#618=LINE('',#4030,#890);
#619=LINE('',#4031,#891);
#620=LINE('',#4034,#892);
#621=LINE('',#4036,#893);
#622=LINE('',#4038,#894);
#623=LINE('',#4039,#895);
#624=LINE('',#4042,#896);
#625=LINE('',#4044,#897);
#626=LINE('',#4045,#898);
#627=LINE('',#4049,#899);
#628=LINE('',#4051,#900);
#629=LINE('',#4053,#901);
#630=LINE('',#4054,#902);
#631=LINE('',#4057,#903);
#632=LINE('',#4059,#904);
#633=LINE('',#4061,#905);
#634=LINE('',#4062,#906);
#635=LINE('',#4065,#907);
#636=LINE('',#4067,#908);
#637=LINE('',#4068,#909);
#638=LINE('',#4071,#910);
#639=LINE('',#4073,#911);
#640=LINE('',#4075,#912);
#641=LINE('',#4077,#913);
#642=LINE('',#4078,#914);
#643=LINE('',#4081,#915);
#644=LINE('',#4086,#916);
#645=LINE('',#4091,#917);
#646=LINE('',#4095,#918);
#647=LINE('',#4097,#919);
#648=LINE('',#4099,#920);
#649=LINE('',#4100,#921);
#650=LINE('',#4103,#922);
#651=LINE('',#4104,#923);
#652=LINE('',#4107,#924);
#653=LINE('',#4109,#925);
#654=LINE('',#4110,#926);
#655=LINE('',#4112,#927);
#656=LINE('',#4113,#928);
#657=LINE('',#4121,#929);
#658=LINE('',#4123,#930);
#659=LINE('',#4125,#931);
#660=LINE('',#4128,#932);
#661=LINE('',#4130,#933);
#662=LINE('',#4131,#934);
#663=LINE('',#4137,#935);
#664=LINE('',#4143,#936);
#665=LINE('',#4149,#937);
#666=LINE('',#4152,#938);
#667=LINE('',#4154,#939);
#668=LINE('',#4156,#940);
#669=LINE('',#4158,#941);
#670=LINE('',#4160,#942);
#671=LINE('',#4166,#943);
#672=LINE('',#4168,#944);
#673=LINE('',#4170,#945);
#674=LINE('',#4171,#946);
#675=LINE('',#4174,#947);
#676=LINE('',#4176,#948);
#677=LINE('',#4178,#949);
#678=LINE('',#4179,#950);
#679=LINE('',#4182,#951);
#680=LINE('',#4184,#952);
#681=LINE('',#4185,#953);
#682=LINE('',#4188,#954);
#683=LINE('',#4193,#955);
#684=LINE('',#4198,#956);
#685=LINE('',#4203,#957);
#686=LINE('',#4205,#958);
#687=LINE('',#4207,#959);
#688=LINE('',#4209,#960);
#689=LINE('',#4211,#961);
#690=LINE('',#4212,#962);
#691=LINE('',#4215,#963);
#692=LINE('',#4216,#964);
#693=LINE('',#4219,#965);
#694=LINE('',#4221,#966);
#695=LINE('',#4223,#967);
#696=LINE('',#4225,#968);
#697=LINE('',#4227,#969);
#698=LINE('',#4229,#970);
#699=LINE('',#4231,#971);
#700=LINE('',#4233,#972);
#701=LINE('',#4234,#973);
#702=LINE('',#4242,#974);
#703=LINE('',#4245,#975);
#704=LINE('',#4247,#976);
#705=LINE('',#4248,#977);
#706=LINE('',#4250,#978);
#707=LINE('',#4251,#979);
#708=LINE('',#4253,#980);
#709=LINE('',#4256,#981);
#710=LINE('',#4258,#982);
#711=LINE('',#4260,#983);
#712=LINE('',#4261,#984);
#713=LINE('',#4263,#985);
#714=LINE('',#4266,#986);
#715=LINE('',#4268,#987);
#716=LINE('',#4269,#988);
#717=LINE('',#4271,#989);
#718=LINE('',#4277,#990);
#719=LINE('',#4283,#991);
#720=LINE('',#4289,#992);
#721=LINE('',#4292,#993);
#722=LINE('',#4294,#994);
#723=LINE('',#4296,#995);
#724=LINE('',#4298,#996);
#725=LINE('',#4300,#997);
#726=LINE('',#4308,#998);
#727=LINE('',#4311,#999);
#728=LINE('',#4317,#1000);
#729=LINE('',#4320,#1001);
#730=LINE('',#4324,#1002);
#731=LINE('',#4326,#1003);
#732=LINE('',#4328,#1004);
#733=LINE('',#4329,#1005);
#734=LINE('',#4332,#1006);
#735=LINE('',#4334,#1007);
#736=LINE('',#4335,#1008);
#737=LINE('',#4338,#1009);
#738=LINE('',#4340,#1010);
#739=LINE('',#4341,#1011);
#740=LINE('',#4344,#1012);
#741=LINE('',#4346,#1013);
#742=LINE('',#4347,#1014);
#743=LINE('',#4350,#1015);
#744=LINE('',#4352,#1016);
#745=LINE('',#4354,#1017);
#746=LINE('',#4356,#1018);
#747=LINE('',#4357,#1019);
#748=LINE('',#4361,#1020);
#749=LINE('',#4363,#1021);
#750=LINE('',#4365,#1022);
#751=LINE('',#4366,#1023);
#752=LINE('',#4369,#1024);
#753=LINE('',#4371,#1025);
#754=LINE('',#4372,#1026);
#755=LINE('',#4375,#1027);
#756=LINE('',#4377,#1028);
#757=LINE('',#4378,#1029);
#758=LINE('',#4381,#1030);
#759=LINE('',#4383,#1031);
#760=LINE('',#4384,#1032);
#761=LINE('',#4387,#1033);
#762=LINE('',#4389,#1034);
#763=LINE('',#4391,#1035);
#764=LINE('',#4393,#1036);
#765=LINE('',#4394,#1037);
#766=LINE('',#4396,#1038);
#767=LINE('',#4397,#1039);
#768=LINE('',#4398,#1040);
#769=LINE('',#4400,#1041);
#770=LINE('',#4413,#1042);
#771=LINE('',#4425,#1043);
#772=LINE('',#4438,#1044);
#773=LINE('',#4439,#1045);
#774=LINE('',#4442,#1046);
#775=LINE('',#4443,#1047);
#776=LINE('',#4475,#1048);
#777=LINE('',#4478,#1049);
#778=LINE('',#4479,#1050);
#779=LINE('',#4514,#1051);
#780=LINE('',#4520,#1052);
#781=LINE('',#4526,#1053);
#782=LINE('',#4532,#1054);
#783=LINE('',#4538,#1055);
#784=LINE('',#4544,#1056);
#785=LINE('',#4550,#1057);
#786=LINE('',#4556,#1058);
#787=LINE('',#4562,#1059);
#788=LINE('',#4568,#1060);
#789=LINE('',#4571,#1061);
#790=LINE('',#4572,#1062);
#791=LINE('',#4574,#1063);
#792=LINE('',#4589,#1064);
#793=LINE('',#4590,#1065);
#794=LINE('',#4591,#1066);
#795=LINE('',#4593,#1067);
#796=LINE('',#4608,#1068);
#797=LINE('',#4611,#1069);
#798=LINE('',#4612,#1070);
#799=LINE('',#4654,#1071);
#800=LINE('',#4655,#1072);
#801=LINE('',#4658,#1073);
#802=LINE('',#4659,#1074);
#803=LINE('',#4700,#1075);
#804=LINE('',#4702,#1076);
#805=LINE('',#4703,#1077);
#806=LINE('',#4704,#1078);
#807=VECTOR('',#2923,10.);
#808=VECTOR('',#2924,10.);
#809=VECTOR('',#2925,10.);
#810=VECTOR('',#2926,10.);
#811=VECTOR('',#2929,10.);
#812=VECTOR('',#2930,10.);
#813=VECTOR('',#2931,10.);
#814=VECTOR('',#2934,10.);
#815=VECTOR('',#2935,10.);
#816=VECTOR('',#2936,10.);
#817=VECTOR('',#2939,10.);
#818=VECTOR('',#2940,10.);
#819=VECTOR('',#2941,10.);
#820=VECTOR('',#2944,10.);
#821=VECTOR('',#2945,10.);
#822=VECTOR('',#2946,10.);
#823=VECTOR('',#2947,10.);
#824=VECTOR('',#2948,10.);
#825=VECTOR('',#2951,10.);
#826=VECTOR('',#2952,10.);
#827=VECTOR('',#2953,10.);
#828=VECTOR('',#2954,10.);
#829=VECTOR('',#2957,10.);
#830=VECTOR('',#2958,10.);
#831=VECTOR('',#2959,10.);
#832=VECTOR('',#2960,10.);
#833=VECTOR('',#2963,10.);
#834=VECTOR('',#2964,10.);
#835=VECTOR('',#2967,10.);
#836=VECTOR('',#2968,10.);
#837=VECTOR('',#2969,10.);
#838=VECTOR('',#2970,10.);
#839=VECTOR('',#2971,10.);
#840=VECTOR('',#2974,10.);
#841=VECTOR('',#2975,10.);
#842=VECTOR('',#2976,10.);
#843=VECTOR('',#2977,10.);
#844=VECTOR('',#2978,10.);
#845=VECTOR('',#2983,10.);
#846=VECTOR('',#2984,10.);
#847=VECTOR('',#2989,10.);
#848=VECTOR('',#2994,10.);
#849=VECTOR('',#2999,10.);
#850=VECTOR('',#3000,10.);
#851=VECTOR('',#3005,10.);
#852=VECTOR('',#3008,10.);
#853=VECTOR('',#3011,10.);
#854=VECTOR('',#3014,10.);
#855=VECTOR('',#3015,10.);
#856=VECTOR('',#3016,10.);
#857=VECTOR('',#3017,10.);
#858=VECTOR('',#3018,10.);
#859=VECTOR('',#3031,10.);
#860=VECTOR('',#3034,10.);
#861=VECTOR('',#3037,10.);
#862=VECTOR('',#3040,10.);
#863=VECTOR('',#3043,10.);
#864=VECTOR('',#3046,10.);
#865=VECTOR('',#3049,10.);
#866=VECTOR('',#3050,10.);
#867=VECTOR('',#3053,10.);
#868=VECTOR('',#3058,2.00000000000001);
#869=VECTOR('',#3065,2.00000000000001);
#870=VECTOR('',#3072,1.99999999999999);
#871=VECTOR('',#3079,2.);
#872=VECTOR('',#3086,1.99999999999999);
#873=VECTOR('',#3091,1.99999999999999);
#874=VECTOR('',#3094,1.99999999999999);
#875=VECTOR('',#3097,1.99999999999999);
#876=VECTOR('',#3100,1.99999999999999);
#877=VECTOR('',#3103,2.00000000000001);
#878=VECTOR('',#3106,10.);
#879=VECTOR('',#3107,10.);
#880=VECTOR('',#3108,10.);
#881=VECTOR('',#3109,10.);
#882=VECTOR('',#3112,10.);
#883=VECTOR('',#3113,10.);
#884=VECTOR('',#3116,10.);
#885=VECTOR('',#3119,10.);
#886=VECTOR('',#3120,10.);
#887=VECTOR('',#3121,10.);
#888=VECTOR('',#3132,10.);
#889=VECTOR('',#3133,10.);
#890=VECTOR('',#3134,10.);
#891=VECTOR('',#3135,10.);
#892=VECTOR('',#3138,10.);
#893=VECTOR('',#3139,10.);
#894=VECTOR('',#3140,10.);
#895=VECTOR('',#3141,10.);
#896=VECTOR('',#3144,10.);
#897=VECTOR('',#3145,10.);
#898=VECTOR('',#3146,10.);
#899=VECTOR('',#3149,10.);
#900=VECTOR('',#3150,10.);
#901=VECTOR('',#3151,10.);
#902=VECTOR('',#3152,10.);
#903=VECTOR('',#3155,10.);
#904=VECTOR('',#3156,10.);
#905=VECTOR('',#3157,10.);
#906=VECTOR('',#3158,10.);
#907=VECTOR('',#3161,10.);
#908=VECTOR('',#3162,10.);
#909=VECTOR('',#3163,10.);
#910=VECTOR('',#3166,10.);
#911=VECTOR('',#3167,10.);
#912=VECTOR('',#3168,10.);
#913=VECTOR('',#3169,10.);
#914=VECTOR('',#3170,10.);
#915=VECTOR('',#3173,10.);
#916=VECTOR('',#3178,10.);
#917=VECTOR('',#3183,10.);
#918=VECTOR('',#3188,10.);
#919=VECTOR('',#3189,10.);
#920=VECTOR('',#3190,10.);
#921=VECTOR('',#3191,10.);
#922=VECTOR('',#3194,10.);
#923=VECTOR('',#3195,10.);
#924=VECTOR('',#3198,10.);
#925=VECTOR('',#3199,10.);
#926=VECTOR('',#3200,10.);
#927=VECTOR('',#3201,10.);
#928=VECTOR('',#3202,10.);
#929=VECTOR('',#3211,10.);
#930=VECTOR('',#3214,10.);
#931=VECTOR('',#3217,10.);
#932=VECTOR('',#3220,10.);
#933=VECTOR('',#3221,10.);
#934=VECTOR('',#3222,10.);
#935=VECTOR('',#3229,2.);
#936=VECTOR('',#3236,2.);
#937=VECTOR('',#3243,2.);
#938=VECTOR('',#3248,2.);
#939=VECTOR('',#3251,2.);
#940=VECTOR('',#3254,2.);
#941=VECTOR('',#3257,10.);
#942=VECTOR('',#3260,10.);
#943=VECTOR('',#3267,10.);
#944=VECTOR('',#3268,10.);
#945=VECTOR('',#3269,10.);
#946=VECTOR('',#3270,10.);
#947=VECTOR('',#3273,10.);
#948=VECTOR('',#3274,10.);
#949=VECTOR('',#3275,10.);
#950=VECTOR('',#3276,10.);
#951=VECTOR('',#3279,10.);
#952=VECTOR('',#3280,10.);
#953=VECTOR('',#3281,10.);
#954=VECTOR('',#3284,10.);
#955=VECTOR('',#3289,10.);
#956=VECTOR('',#3294,10.);
#957=VECTOR('',#3299,10.);
#958=VECTOR('',#3300,10.);
#959=VECTOR('',#3301,10.);
#960=VECTOR('',#3302,10.);
#961=VECTOR('',#3303,10.);
#962=VECTOR('',#3304,10.);
#963=VECTOR('',#3307,10.);
#964=VECTOR('',#3308,10.);
#965=VECTOR('',#3311,10.);
#966=VECTOR('',#3312,10.);
#967=VECTOR('',#3313,10.);
#968=VECTOR('',#3314,10.);
#969=VECTOR('',#3315,10.);
#970=VECTOR('',#3316,10.);
#971=VECTOR('',#3317,10.);
#972=VECTOR('',#3318,10.);
#973=VECTOR('',#3319,10.);
#974=VECTOR('',#3328,10.);
#975=VECTOR('',#3331,10.);
#976=VECTOR('',#3332,10.);
#977=VECTOR('',#3333,10.);
#978=VECTOR('',#3336,10.);
#979=VECTOR('',#3337,10.);
#980=VECTOR('',#3340,10.);
#981=VECTOR('',#3343,10.);
#982=VECTOR('',#3344,10.);
#983=VECTOR('',#3345,10.);
#984=VECTOR('',#3346,10.);
#985=VECTOR('',#3349,10.);
#986=VECTOR('',#3352,10.);
#987=VECTOR('',#3353,10.);
#988=VECTOR('',#3354,10.);
#989=VECTOR('',#3357,10.);
#990=VECTOR('',#3364,2.);
#991=VECTOR('',#3371,2.);
#992=VECTOR('',#3378,2.);
#993=VECTOR('',#3383,2.);
#994=VECTOR('',#3386,2.);
#995=VECTOR('',#3389,2.);
#996=VECTOR('',#3392,10.);
#997=VECTOR('',#3395,10.);
#998=VECTOR('',#3404,10.);
#999=VECTOR('',#3407,10.);
#1000=VECTOR('',#3412,10.);
#1001=VECTOR('',#3415,10.);
#1002=VECTOR('',#3418,10.);
#1003=VECTOR('',#3419,10.);
#1004=VECTOR('',#3420,10.);
#1005=VECTOR('',#3421,10.);
#1006=VECTOR('',#3424,10.);
#1007=VECTOR('',#3425,10.);
#1008=VECTOR('',#3426,10.);
#1009=VECTOR('',#3429,10.);
#1010=VECTOR('',#3430,10.);
#1011=VECTOR('',#3431,10.);
#1012=VECTOR('',#3434,10.);
#1013=VECTOR('',#3435,10.);
#1014=VECTOR('',#3436,10.);
#1015=VECTOR('',#3439,10.);
#1016=VECTOR('',#3440,10.);
#1017=VECTOR('',#3441,10.);
#1018=VECTOR('',#3442,10.);
#1019=VECTOR('',#3443,10.);
#1020=VECTOR('',#3446,10.);
#1021=VECTOR('',#3447,10.);
#1022=VECTOR('',#3448,10.);
#1023=VECTOR('',#3449,10.);
#1024=VECTOR('',#3452,10.);
#1025=VECTOR('',#3453,10.);
#1026=VECTOR('',#3454,10.);
#1027=VECTOR('',#3457,10.);
#1028=VECTOR('',#3458,10.);
#1029=VECTOR('',#3459,10.);
#1030=VECTOR('',#3462,10.);
#1031=VECTOR('',#3463,10.);
#1032=VECTOR('',#3464,10.);
#1033=VECTOR('',#3467,10.);
#1034=VECTOR('',#3468,10.);
#1035=VECTOR('',#3469,10.);
#1036=VECTOR('',#3470,10.);
#1037=VECTOR('',#3471,10.);
#1038=VECTOR('',#3474,10.);
#1039=VECTOR('',#3475,10.);
#1040=VECTOR('',#3476,10.);
#1041=VECTOR('',#3477,10.);
#1042=VECTOR('',#3478,10.);
#1043=VECTOR('',#3479,10.);
#1044=VECTOR('',#3492,10.);
#1045=VECTOR('',#3493,10.);
#1046=VECTOR('',#3496,10.);
#1047=VECTOR('',#3497,10.);
#1048=VECTOR('',#3498,10.);
#1049=VECTOR('',#3501,10.);
#1050=VECTOR('',#3502,10.);
#1051=VECTOR('',#3507,2.00000000000001);
#1052=VECTOR('',#3514,2.00000000000001);
#1053=VECTOR('',#3521,1.99999999999999);
#1054=VECTOR('',#3528,2.);
#1055=VECTOR('',#3535,1.99999999999999);
#1056=VECTOR('',#3542,1.99999999999999);
#1057=VECTOR('',#3549,1.99999999999999);
#1058=VECTOR('',#3556,1.99999999999999);
#1059=VECTOR('',#3563,1.99999999999999);
#1060=VECTOR('',#3570,2.00000000000001);
#1061=VECTOR('',#3575,10.);
#1062=VECTOR('',#3576,10.);
#1063=VECTOR('',#3577,10.);
#1064=VECTOR('',#3578,10.);
#1065=VECTOR('',#3579,10.);
#1066=VECTOR('',#3580,10.);
#1067=VECTOR('',#3581,10.);
#1068=VECTOR('',#3582,10.);
#1069=VECTOR('',#3585,10.);
#1070=VECTOR('',#3586,10.);
#1071=VECTOR('',#3587,10.);
#1072=VECTOR('',#3588,10.);
#1073=VECTOR('',#3591,10.);
#1074=VECTOR('',#3592,10.);
#1075=VECTOR('',#3595,10.);
#1076=VECTOR('',#3598,10.);
#1077=VECTOR('',#3599,10.);
#1078=VECTOR('',#3600,10.);
#1079=VERTEX_POINT('',#3618);
#1080=VERTEX_POINT('',#3619);
#1081=VERTEX_POINT('',#3621);
#1082=VERTEX_POINT('',#3623);
#1083=VERTEX_POINT('',#3627);
#1084=VERTEX_POINT('',#3629);
#1085=VERTEX_POINT('',#3633);
#1086=VERTEX_POINT('',#3635);
#1087=VERTEX_POINT('',#3639);
#1088=VERTEX_POINT('',#3641);
#1089=VERTEX_POINT('',#3645);
#1090=VERTEX_POINT('',#3647);
#1091=VERTEX_POINT('',#3649);
#1092=VERTEX_POINT('',#3651);
#1093=VERTEX_POINT('',#3655);
#1094=VERTEX_POINT('',#3656);
#1095=VERTEX_POINT('',#3658);
#1096=VERTEX_POINT('',#3660);
#1097=VERTEX_POINT('',#3664);
#1098=VERTEX_POINT('',#3665);
#1099=VERTEX_POINT('',#3667);
#1100=VERTEX_POINT('',#3669);
#1101=VERTEX_POINT('',#3676);
#1102=VERTEX_POINT('',#3678);
#1103=VERTEX_POINT('',#3680);
#1104=VERTEX_POINT('',#3682);
#1105=VERTEX_POINT('',#3686);
#1106=VERTEX_POINT('',#3688);
#1107=VERTEX_POINT('',#3690);
#1108=VERTEX_POINT('',#3701);
#1109=VERTEX_POINT('',#3703);
#1110=VERTEX_POINT('',#3715);
#1111=VERTEX_POINT('',#3717);
#1112=VERTEX_POINT('',#3720);
#1113=VERTEX_POINT('',#3722);
#1114=VERTEX_POINT('',#3736);
#1115=VERTEX_POINT('',#3738);
#1116=VERTEX_POINT('',#3741);
#1117=VERTEX_POINT('',#3743);
#1118=VERTEX_POINT('',#3746);
#1119=VERTEX_POINT('',#3748);
#1120=VERTEX_POINT('',#3751);
#1121=VERTEX_POINT('',#3753);
#1122=VERTEX_POINT('',#3767);
#1123=VERTEX_POINT('',#3769);
#1124=VERTEX_POINT('',#3774);
#1125=VERTEX_POINT('',#3776);
#1126=VERTEX_POINT('',#3778);
#1127=VERTEX_POINT('',#3780);
#1128=VERTEX_POINT('',#3783);
#1129=VERTEX_POINT('',#3785);
#1130=VERTEX_POINT('',#3796);
#1131=VERTEX_POINT('',#3798);
#1132=VERTEX_POINT('',#3809);
#1133=VERTEX_POINT('',#3812);
#1134=VERTEX_POINT('',#3814);
#1135=VERTEX_POINT('',#3816);
#1136=VERTEX_POINT('',#3818);
#1137=VERTEX_POINT('',#3820);
#1138=VERTEX_POINT('',#3823);
#1139=VERTEX_POINT('',#3825);
#1140=VERTEX_POINT('',#3829);
#1141=VERTEX_POINT('',#3831);
#1142=VERTEX_POINT('',#3884);
#1143=VERTEX_POINT('',#3886);
#1144=VERTEX_POINT('',#3890);
#1145=VERTEX_POINT('',#3892);
#1146=VERTEX_POINT('',#3896);
#1147=VERTEX_POINT('',#3898);
#1148=VERTEX_POINT('',#3902);
#1149=VERTEX_POINT('',#3904);
#1150=VERTEX_POINT('',#3908);
#1151=VERTEX_POINT('',#3910);
#1152=VERTEX_POINT('',#3924);
#1153=VERTEX_POINT('',#3953);
#1154=VERTEX_POINT('',#3954);
#1155=VERTEX_POINT('',#3971);
#1156=VERTEX_POINT('',#4024);
#1157=VERTEX_POINT('',#4025);
#1158=VERTEX_POINT('',#4027);
#1159=VERTEX_POINT('',#4029);
#1160=VERTEX_POINT('',#4033);
#1161=VERTEX_POINT('',#4035);
#1162=VERTEX_POINT('',#4037);
#1163=VERTEX_POINT('',#4041);
#1164=VERTEX_POINT('',#4043);
#1165=VERTEX_POINT('',#4047);
#1166=VERTEX_POINT('',#4048);
#1167=VERTEX_POINT('',#4050);
#1168=VERTEX_POINT('',#4052);
#1169=VERTEX_POINT('',#4056);
#1170=VERTEX_POINT('',#4058);
#1171=VERTEX_POINT('',#4060);
#1172=VERTEX_POINT('',#4064);
#1173=VERTEX_POINT('',#4066);
#1174=VERTEX_POINT('',#4070);
#1175=VERTEX_POINT('',#4072);
#1176=VERTEX_POINT('',#4074);
#1177=VERTEX_POINT('',#4076);
#1178=VERTEX_POINT('',#4080);
#1179=VERTEX_POINT('',#4082);
#1180=VERTEX_POINT('',#4085);
#1181=VERTEX_POINT('',#4087);
#1182=VERTEX_POINT('',#4090);
#1183=VERTEX_POINT('',#4092);
#1184=VERTEX_POINT('',#4096);
#1185=VERTEX_POINT('',#4098);
#1186=VERTEX_POINT('',#4102);
#1187=VERTEX_POINT('',#4106);
#1188=VERTEX_POINT('',#4108);
#1189=VERTEX_POINT('',#4111);
#1190=VERTEX_POINT('',#4114);
#1191=VERTEX_POINT('',#4116);
#1192=VERTEX_POINT('',#4118);
#1193=VERTEX_POINT('',#4127);
#1194=VERTEX_POINT('',#4129);
#1195=VERTEX_POINT('',#4134);
#1196=VERTEX_POINT('',#4136);
#1197=VERTEX_POINT('',#4140);
#1198=VERTEX_POINT('',#4142);
#1199=VERTEX_POINT('',#4146);
#1200=VERTEX_POINT('',#4148);
#1201=VERTEX_POINT('',#4164);
#1202=VERTEX_POINT('',#4165);
#1203=VERTEX_POINT('',#4167);
#1204=VERTEX_POINT('',#4169);
#1205=VERTEX_POINT('',#4173);
#1206=VERTEX_POINT('',#4175);
#1207=VERTEX_POINT('',#4177);
#1208=VERTEX_POINT('',#4181);
#1209=VERTEX_POINT('',#4183);
#1210=VERTEX_POINT('',#4187);
#1211=VERTEX_POINT('',#4189);
#1212=VERTEX_POINT('',#4192);
#1213=VERTEX_POINT('',#4194);
#1214=VERTEX_POINT('',#4197);
#1215=VERTEX_POINT('',#4199);
#1216=VERTEX_POINT('',#4202);
#1217=VERTEX_POINT('',#4204);
#1218=VERTEX_POINT('',#4206);
#1219=VERTEX_POINT('',#4208);
#1220=VERTEX_POINT('',#4210);
#1221=VERTEX_POINT('',#4214);
#1222=VERTEX_POINT('',#4218);
#1223=VERTEX_POINT('',#4220);
#1224=VERTEX_POINT('',#4222);
#1225=VERTEX_POINT('',#4224);
#1226=VERTEX_POINT('',#4226);
#1227=VERTEX_POINT('',#4228);
#1228=VERTEX_POINT('',#4230);
#1229=VERTEX_POINT('',#4232);
#1230=VERTEX_POINT('',#4235);
#1231=VERTEX_POINT('',#4237);
#1232=VERTEX_POINT('',#4239);
#1233=VERTEX_POINT('',#4244);
#1234=VERTEX_POINT('',#4246);
#1235=VERTEX_POINT('',#4255);
#1236=VERTEX_POINT('',#4257);
#1237=VERTEX_POINT('',#4259);
#1238=VERTEX_POINT('',#4265);
#1239=VERTEX_POINT('',#4267);
#1240=VERTEX_POINT('',#4274);
#1241=VERTEX_POINT('',#4276);
#1242=VERTEX_POINT('',#4280);
#1243=VERTEX_POINT('',#4282);
#1244=VERTEX_POINT('',#4286);
#1245=VERTEX_POINT('',#4288);
#1246=VERTEX_POINT('',#4304);
#1247=VERTEX_POINT('',#4305);
#1248=VERTEX_POINT('',#4307);
#1249=VERTEX_POINT('',#4309);
#1250=VERTEX_POINT('',#4313);
#1251=VERTEX_POINT('',#4314);
#1252=VERTEX_POINT('',#4316);
#1253=VERTEX_POINT('',#4318);
#1254=VERTEX_POINT('',#4322);
#1255=VERTEX_POINT('',#4323);
#1256=VERTEX_POINT('',#4325);
#1257=VERTEX_POINT('',#4327);
#1258=VERTEX_POINT('',#4331);
#1259=VERTEX_POINT('',#4333);
#1260=VERTEX_POINT('',#4337);
#1261=VERTEX_POINT('',#4339);
#1262=VERTEX_POINT('',#4343);
#1263=VERTEX_POINT('',#4345);
#1264=VERTEX_POINT('',#4349);
#1265=VERTEX_POINT('',#4351);
#1266=VERTEX_POINT('',#4353);
#1267=VERTEX_POINT('',#4355);
#1268=VERTEX_POINT('',#4359);
#1269=VERTEX_POINT('',#4360);
#1270=VERTEX_POINT('',#4362);
#1271=VERTEX_POINT('',#4364);
#1272=VERTEX_POINT('',#4368);
#1273=VERTEX_POINT('',#4370);
#1274=VERTEX_POINT('',#4374);
#1275=VERTEX_POINT('',#4376);
#1276=VERTEX_POINT('',#4380);
#1277=VERTEX_POINT('',#4382);
#1278=VERTEX_POINT('',#4386);
#1279=VERTEX_POINT('',#4388);
#1280=VERTEX_POINT('',#4390);
#1281=VERTEX_POINT('',#4392);
#1282=VERTEX_POINT('',#4399);
#1283=VERTEX_POINT('',#4401);
#1284=VERTEX_POINT('',#4412);
#1285=VERTEX_POINT('',#4414);
#1286=VERTEX_POINT('',#4426);
#1287=VERTEX_POINT('',#4428);
#1288=VERTEX_POINT('',#4430);
#1289=VERTEX_POINT('',#4432);
#1290=VERTEX_POINT('',#4434);
#1291=VERTEX_POINT('',#4437);
#1292=VERTEX_POINT('',#4441);
#1293=VERTEX_POINT('',#4464);
#1294=VERTEX_POINT('',#4477);
#1295=VERTEX_POINT('',#4511);
#1296=VERTEX_POINT('',#4513);
#1297=VERTEX_POINT('',#4517);
#1298=VERTEX_POINT('',#4519);
#1299=VERTEX_POINT('',#4523);
#1300=VERTEX_POINT('',#4525);
#1301=VERTEX_POINT('',#4529);
#1302=VERTEX_POINT('',#4531);
#1303=VERTEX_POINT('',#4535);
#1304=VERTEX_POINT('',#4537);
#1305=VERTEX_POINT('',#4541);
#1306=VERTEX_POINT('',#4542);
#1307=VERTEX_POINT('',#4547);
#1308=VERTEX_POINT('',#4548);
#1309=VERTEX_POINT('',#4553);
#1310=VERTEX_POINT('',#4554);
#1311=VERTEX_POINT('',#4559);
#1312=VERTEX_POINT('',#4560);
#1313=VERTEX_POINT('',#4565);
#1314=VERTEX_POINT('',#4566);
#1315=VERTEX_POINT('',#4573);
#1316=VERTEX_POINT('',#4575);
#1317=VERTEX_POINT('',#4592);
#1318=VERTEX_POINT('',#4594);
#1319=VERTEX_POINT('',#4610);
#1320=VERTEX_POINT('',#4639);
#1321=VERTEX_POINT('',#4640);
#1322=VERTEX_POINT('',#4657);
#1323=EDGE_CURVE('',#1079,#1080,#535,.T.);
#1324=EDGE_CURVE('',#1081,#1079,#536,.T.);
#1325=EDGE_CURVE('',#1082,#1081,#537,.T.);
#1326=EDGE_CURVE('',#1080,#1082,#538,.T.);
#1327=EDGE_CURVE('',#1080,#1083,#539,.T.);
#1328=EDGE_CURVE('',#1084,#1082,#540,.T.);
#1329=EDGE_CURVE('',#1083,#1084,#541,.T.);
#1330=EDGE_CURVE('',#1085,#1083,#542,.T.);
#1331=EDGE_CURVE('',#1086,#1084,#543,.T.);
#1332=EDGE_CURVE('',#1085,#1086,#544,.T.);
#1333=EDGE_CURVE('',#1086,#1087,#545,.T.);
#1334=EDGE_CURVE('',#1087,#1088,#546,.T.);
#1335=EDGE_CURVE('',#1088,#1085,#547,.T.);
#1336=EDGE_CURVE('',#1089,#1081,#548,.T.);
#1337=EDGE_CURVE('',#1079,#1090,#549,.T.);
#1338=EDGE_CURVE('',#1090,#1091,#550,.T.);
#1339=EDGE_CURVE('',#1092,#1091,#551,.T.);
#1340=EDGE_CURVE('',#1092,#1089,#552,.T.);
#1341=EDGE_CURVE('',#1093,#1094,#553,.T.);
#1342=EDGE_CURVE('',#1095,#1093,#554,.T.);
#1343=EDGE_CURVE('',#1096,#1095,#555,.T.);
#1344=EDGE_CURVE('',#1094,#1096,#556,.T.);
#1345=EDGE_CURVE('',#1097,#1098,#557,.T.);
#1346=EDGE_CURVE('',#1097,#1099,#558,.T.);
#1347=EDGE_CURVE('',#1100,#1099,#559,.T.);
#1348=EDGE_CURVE('',#1098,#1100,#560,.T.);
#1349=EDGE_CURVE('',#1094,#1097,#561,.T.);
#1350=EDGE_CURVE('',#1099,#1096,#562,.T.);
#1351=EDGE_CURVE('',#1100,#1101,#563,.T.);
#1352=EDGE_CURVE('',#1101,#1102,#564,.T.);
#1353=EDGE_CURVE('',#1103,#1102,#565,.T.);
#1354=EDGE_CURVE('',#1104,#1103,#566,.T.);
#1355=EDGE_CURVE('',#1104,#1098,#567,.T.);
#1356=EDGE_CURVE('',#1105,#1095,#568,.T.);
#1357=EDGE_CURVE('',#1105,#1106,#569,.T.);
#1358=EDGE_CURVE('',#1106,#1107,#223,.T.);
#1359=EDGE_CURVE('',#1107,#1108,#570,.T.);
#1360=EDGE_CURVE('',#1108,#1109,#224,.T.);
#1361=EDGE_CURVE('',#1109,#1087,#571,.T.);
#1362=EDGE_CURVE('',#1110,#1089,#572,.T.);
#1363=EDGE_CURVE('',#1110,#1111,#135,.T.);
#1364=EDGE_CURVE('',#1111,#1110,#136,.T.);
#1365=EDGE_CURVE('',#1112,#1110,#573,.T.);
#1366=EDGE_CURVE('',#1113,#1112,#225,.T.);
#1367=EDGE_CURVE('',#1114,#1113,#574,.T.);
#1368=EDGE_CURVE('',#1114,#1115,#137,.T.);
#1369=EDGE_CURVE('',#1115,#1114,#138,.T.);
#1370=EDGE_CURVE('',#1116,#1114,#575,.T.);
#1371=EDGE_CURVE('',#1116,#1117,#139,.T.);
#1372=EDGE_CURVE('',#1117,#1116,#140,.T.);
#1373=EDGE_CURVE('',#1118,#1116,#576,.T.);
#1374=EDGE_CURVE('',#1118,#1119,#141,.T.);
#1375=EDGE_CURVE('',#1119,#1118,#142,.T.);
#1376=EDGE_CURVE('',#1120,#1118,#577,.T.);
#1377=EDGE_CURVE('',#1121,#1120,#226,.T.);
#1378=EDGE_CURVE('',#1122,#1121,#578,.T.);
#1379=EDGE_CURVE('',#1122,#1123,#143,.T.);
#1380=EDGE_CURVE('',#1123,#1122,#144,.T.);
#1381=EDGE_CURVE('',#1101,#1122,#579,.T.);
#1382=EDGE_CURVE('',#1124,#1104,#580,.T.);
#1383=EDGE_CURVE('',#1124,#1125,#145,.T.);
#1384=EDGE_CURVE('',#1126,#1125,#581,.T.);
#1385=EDGE_CURVE('',#1126,#1127,#146,.T.);
#1386=EDGE_CURVE('',#1127,#1090,#582,.T.);
#1387=EDGE_CURVE('',#1088,#1128,#583,.T.);
#1388=EDGE_CURVE('',#1128,#1129,#227,.T.);
#1389=EDGE_CURVE('',#1129,#1130,#584,.T.);
#1390=EDGE_CURVE('',#1130,#1131,#228,.T.);
#1391=EDGE_CURVE('',#1131,#1132,#585,.T.);
#1392=EDGE_CURVE('',#1093,#1132,#586,.T.);
#1393=EDGE_CURVE('',#1133,#1133,#147,.T.);
#1394=EDGE_CURVE('',#1134,#1134,#148,.T.);
#1395=EDGE_CURVE('',#1135,#1135,#149,.T.);
#1396=EDGE_CURVE('',#1136,#1136,#150,.T.);
#1397=EDGE_CURVE('',#1137,#1137,#151,.T.);
#1398=EDGE_CURVE('',#1124,#1138,#587,.T.);
#1399=EDGE_CURVE('',#1139,#1138,#152,.T.);
#1400=EDGE_CURVE('',#1125,#1139,#588,.T.);
#1401=EDGE_CURVE('',#1126,#1140,#589,.T.);
#1402=EDGE_CURVE('',#1141,#1140,#153,.T.);
#1403=EDGE_CURVE('',#1127,#1141,#590,.T.);
#1404=EDGE_CURVE('',#1132,#1105,#591,.T.);
#1405=EDGE_CURVE('',#1128,#1109,#592,.T.);
#1406=EDGE_CURVE('',#1131,#1106,#593,.T.);
#1407=EDGE_CURVE('',#1130,#1107,#594,.T.);
#1408=EDGE_CURVE('',#1129,#1108,#595,.T.);
#1409=EDGE_CURVE('',#1142,#1142,#154,.T.);
#1410=EDGE_CURVE('',#1142,#1143,#596,.T.);
#1411=EDGE_CURVE('',#1143,#1143,#155,.T.);
#1412=EDGE_CURVE('',#1144,#1144,#156,.T.);
#1413=EDGE_CURVE('',#1144,#1145,#597,.T.);
#1414=EDGE_CURVE('',#1145,#1145,#157,.T.);
#1415=EDGE_CURVE('',#1146,#1146,#158,.T.);
#1416=EDGE_CURVE('',#1146,#1147,#598,.T.);
#1417=EDGE_CURVE('',#1147,#1147,#159,.T.);
#1418=EDGE_CURVE('',#1148,#1148,#160,.T.);
#1419=EDGE_CURVE('',#1148,#1149,#599,.T.);
#1420=EDGE_CURVE('',#1149,#1149,#161,.T.);
#1421=EDGE_CURVE('',#1150,#1150,#162,.T.);
#1422=EDGE_CURVE('',#1150,#1151,#600,.T.);
#1423=EDGE_CURVE('',#1151,#1151,#163,.T.);
#1424=EDGE_CURVE('',#1117,#1137,#601,.T.);
#1425=EDGE_CURVE('',#1115,#1136,#602,.T.);
#1426=EDGE_CURVE('',#1119,#1135,#603,.T.);
#1427=EDGE_CURVE('',#1123,#1134,#604,.T.);
#1428=EDGE_CURVE('',#1111,#1133,#605,.T.);
#1429=EDGE_CURVE('',#1152,#1121,#606,.T.);
#1430=EDGE_CURVE('',#1102,#1152,#607,.T.);
#1431=EDGE_CURVE('',#1153,#1154,#229,.T.);
#1432=EDGE_CURVE('',#1153,#1113,#608,.T.);
#1433=EDGE_CURVE('',#1154,#1112,#609,.T.);
#1434=EDGE_CURVE('',#1155,#1153,#610,.T.);
#1435=EDGE_CURVE('',#1155,#1120,#611,.T.);
#1436=EDGE_CURVE('',#1152,#1155,#230,.T.);
#1437=EDGE_CURVE('',#1154,#1092,#612,.T.);
#1438=EDGE_CURVE('',#1091,#1141,#613,.T.);
#1439=EDGE_CURVE('',#1140,#1139,#614,.T.);
#1440=EDGE_CURVE('',#1138,#1103,#615,.T.);
#1441=EDGE_CURVE('',#1156,#1157,#616,.T.);
#1442=EDGE_CURVE('',#1156,#1158,#617,.T.);
#1443=EDGE_CURVE('',#1159,#1158,#618,.T.);
#1444=EDGE_CURVE('',#1157,#1159,#619,.T.);
#1445=EDGE_CURVE('',#1160,#1156,#620,.T.);
#1446=EDGE_CURVE('',#1160,#1161,#621,.T.);
#1447=EDGE_CURVE('',#1161,#1162,#622,.T.);
#1448=EDGE_CURVE('',#1158,#1162,#623,.T.);
#1449=EDGE_CURVE('',#1163,#1160,#624,.T.);
#1450=EDGE_CURVE('',#1164,#1163,#625,.T.);
#1451=EDGE_CURVE('',#1164,#1161,#626,.T.);
#1452=EDGE_CURVE('',#1165,#1166,#627,.T.);
#1453=EDGE_CURVE('',#1165,#1167,#628,.T.);
#1454=EDGE_CURVE('',#1167,#1168,#629,.T.);
#1455=EDGE_CURVE('',#1166,#1168,#630,.T.);
#1456=EDGE_CURVE('',#1169,#1165,#631,.T.);
#1457=EDGE_CURVE('',#1169,#1170,#632,.T.);
#1458=EDGE_CURVE('',#1171,#1170,#633,.T.);
#1459=EDGE_CURVE('',#1171,#1167,#634,.T.);
#1460=EDGE_CURVE('',#1172,#1169,#635,.T.);
#1461=EDGE_CURVE('',#1173,#1172,#636,.T.);
#1462=EDGE_CURVE('',#1170,#1173,#637,.T.);
#1463=EDGE_CURVE('',#1168,#1174,#638,.T.);
#1464=EDGE_CURVE('',#1174,#1175,#639,.T.);
#1465=EDGE_CURVE('',#1176,#1175,#640,.T.);
#1466=EDGE_CURVE('',#1177,#1176,#641,.T.);
#1467=EDGE_CURVE('',#1166,#1177,#642,.T.);
#1468=EDGE_CURVE('',#1178,#1162,#643,.T.);
#1469=EDGE_CURVE('',#1178,#1179,#164,.T.);
#1470=EDGE_CURVE('',#1179,#1178,#165,.T.);
#1471=EDGE_CURVE('',#1180,#1178,#644,.T.);
#1472=EDGE_CURVE('',#1180,#1181,#166,.T.);
#1473=EDGE_CURVE('',#1181,#1180,#167,.T.);
#1474=EDGE_CURVE('',#1182,#1180,#645,.T.);
#1475=EDGE_CURVE('',#1182,#1183,#168,.T.);
#1476=EDGE_CURVE('',#1183,#1182,#169,.T.);
#1477=EDGE_CURVE('',#1171,#1182,#646,.T.);
#1478=EDGE_CURVE('',#1173,#1184,#647,.T.);
#1479=EDGE_CURVE('',#1184,#1185,#648,.T.);
#1480=EDGE_CURVE('',#1159,#1185,#649,.T.);
#1481=EDGE_CURVE('',#1162,#1186,#650,.T.);
#1482=EDGE_CURVE('',#1186,#1164,#651,.T.);
#1483=EDGE_CURVE('',#1157,#1187,#652,.T.);
#1484=EDGE_CURVE('',#1187,#1188,#653,.T.);
#1485=EDGE_CURVE('',#1188,#1172,#654,.T.);
#1486=EDGE_CURVE('',#1177,#1189,#655,.T.);
#1487=EDGE_CURVE('',#1189,#1163,#656,.T.);
#1488=EDGE_CURVE('',#1190,#1190,#170,.T.);
#1489=EDGE_CURVE('',#1191,#1191,#171,.T.);
#1490=EDGE_CURVE('',#1192,#1192,#172,.T.);
#1491=EDGE_CURVE('',#1185,#1187,#657,.T.);
#1492=EDGE_CURVE('',#1174,#1171,#658,.T.);
#1493=EDGE_CURVE('',#1188,#1184,#659,.T.);
#1494=EDGE_CURVE('',#1189,#1193,#660,.T.);
#1495=EDGE_CURVE('',#1194,#1193,#661,.T.);
#1496=EDGE_CURVE('',#1194,#1186,#662,.T.);
#1497=EDGE_CURVE('',#1195,#1195,#173,.T.);
#1498=EDGE_CURVE('',#1195,#1196,#663,.T.);
#1499=EDGE_CURVE('',#1196,#1196,#174,.T.);
#1500=EDGE_CURVE('',#1197,#1197,#175,.T.);
#1501=EDGE_CURVE('',#1197,#1198,#664,.T.);
#1502=EDGE_CURVE('',#1198,#1198,#176,.T.);
#1503=EDGE_CURVE('',#1199,#1199,#177,.T.);
#1504=EDGE_CURVE('',#1199,#1200,#665,.T.);
#1505=EDGE_CURVE('',#1200,#1200,#178,.T.);
#1506=EDGE_CURVE('',#1181,#1190,#666,.T.);
#1507=EDGE_CURVE('',#1179,#1191,#667,.T.);
#1508=EDGE_CURVE('',#1183,#1192,#668,.T.);
#1509=EDGE_CURVE('',#1175,#1194,#669,.T.);
#1510=EDGE_CURVE('',#1193,#1176,#670,.T.);
#1511=EDGE_CURVE('',#1201,#1202,#671,.T.);
#1512=EDGE_CURVE('',#1201,#1203,#672,.T.);
#1513=EDGE_CURVE('',#1204,#1203,#673,.T.);
#1514=EDGE_CURVE('',#1202,#1204,#674,.T.);
#1515=EDGE_CURVE('',#1205,#1201,#675,.T.);
#1516=EDGE_CURVE('',#1205,#1206,#676,.T.);
#1517=EDGE_CURVE('',#1206,#1207,#677,.T.);
#1518=EDGE_CURVE('',#1203,#1207,#678,.T.);
#1519=EDGE_CURVE('',#1208,#1205,#679,.T.);
#1520=EDGE_CURVE('',#1209,#1208,#680,.T.);
#1521=EDGE_CURVE('',#1209,#1206,#681,.T.);
#1522=EDGE_CURVE('',#1210,#1207,#682,.T.);
#1523=EDGE_CURVE('',#1210,#1211,#179,.T.);
#1524=EDGE_CURVE('',#1211,#1210,#180,.T.);
#1525=EDGE_CURVE('',#1212,#1210,#683,.T.);
#1526=EDGE_CURVE('',#1212,#1213,#181,.T.);
#1527=EDGE_CURVE('',#1213,#1212,#182,.T.);
#1528=EDGE_CURVE('',#1214,#1212,#684,.T.);
#1529=EDGE_CURVE('',#1214,#1215,#183,.T.);
#1530=EDGE_CURVE('',#1215,#1214,#184,.T.);
#1531=EDGE_CURVE('',#1216,#1214,#685,.T.);
#1532=EDGE_CURVE('',#1216,#1217,#686,.T.);
#1533=EDGE_CURVE('',#1217,#1218,#687,.T.);
#1534=EDGE_CURVE('',#1218,#1219,#688,.T.);
#1535=EDGE_CURVE('',#1219,#1220,#689,.T.);
#1536=EDGE_CURVE('',#1204,#1220,#690,.T.);
#1537=EDGE_CURVE('',#1207,#1221,#691,.T.);
#1538=EDGE_CURVE('',#1221,#1209,#692,.T.);
#1539=EDGE_CURVE('',#1202,#1222,#693,.T.);
#1540=EDGE_CURVE('',#1222,#1223,#694,.T.);
#1541=EDGE_CURVE('',#1223,#1224,#695,.T.);
#1542=EDGE_CURVE('',#1224,#1225,#696,.T.);
#1543=EDGE_CURVE('',#1225,#1226,#697,.T.);
#1544=EDGE_CURVE('',#1226,#1227,#698,.T.);
#1545=EDGE_CURVE('',#1227,#1228,#699,.T.);
#1546=EDGE_CURVE('',#1228,#1229,#700,.T.);
#1547=EDGE_CURVE('',#1229,#1208,#701,.T.);
#1548=EDGE_CURVE('',#1230,#1230,#185,.T.);
#1549=EDGE_CURVE('',#1231,#1231,#186,.T.);
#1550=EDGE_CURVE('',#1232,#1232,#187,.T.);
#1551=EDGE_CURVE('',#1220,#1222,#702,.T.);
#1552=EDGE_CURVE('',#1226,#1233,#703,.T.);
#1553=EDGE_CURVE('',#1233,#1234,#704,.T.);
#1554=EDGE_CURVE('',#1227,#1234,#705,.T.);
#1555=EDGE_CURVE('',#1225,#1217,#706,.T.);
#1556=EDGE_CURVE('',#1216,#1233,#707,.T.);
#1557=EDGE_CURVE('',#1218,#1224,#708,.T.);
#1558=EDGE_CURVE('',#1234,#1235,#709,.T.);
#1559=EDGE_CURVE('',#1235,#1236,#710,.T.);
#1560=EDGE_CURVE('',#1237,#1236,#711,.T.);
#1561=EDGE_CURVE('',#1228,#1237,#712,.T.);
#1562=EDGE_CURVE('',#1235,#1216,#713,.T.);
#1563=EDGE_CURVE('',#1229,#1238,#714,.T.);
#1564=EDGE_CURVE('',#1239,#1238,#715,.T.);
#1565=EDGE_CURVE('',#1239,#1221,#716,.T.);
#1566=EDGE_CURVE('',#1223,#1219,#717,.T.);
#1567=EDGE_CURVE('',#1240,#1240,#188,.T.);
#1568=EDGE_CURVE('',#1240,#1241,#718,.T.);
#1569=EDGE_CURVE('',#1241,#1241,#189,.T.);
#1570=EDGE_CURVE('',#1242,#1242,#190,.T.);
#1571=EDGE_CURVE('',#1242,#1243,#719,.T.);
#1572=EDGE_CURVE('',#1243,#1243,#191,.T.);
#1573=EDGE_CURVE('',#1244,#1244,#192,.T.);
#1574=EDGE_CURVE('',#1244,#1245,#720,.T.);
#1575=EDGE_CURVE('',#1245,#1245,#193,.T.);
#1576=EDGE_CURVE('',#1213,#1230,#721,.T.);
#1577=EDGE_CURVE('',#1211,#1231,#722,.T.);
#1578=EDGE_CURVE('',#1215,#1232,#723,.T.);
#1579=EDGE_CURVE('',#1236,#1239,#724,.T.);
#1580=EDGE_CURVE('',#1238,#1237,#725,.T.);
#1581=EDGE_CURVE('',#1246,#1247,#194,.T.);
#1582=EDGE_CURVE('',#1246,#1248,#726,.T.);
#1583=EDGE_CURVE('',#1249,#1248,#195,.T.);
#1584=EDGE_CURVE('',#1247,#1249,#727,.T.);
#1585=EDGE_CURVE('',#1250,#1251,#196,.T.);
#1586=EDGE_CURVE('',#1250,#1252,#728,.T.);
#1587=EDGE_CURVE('',#1253,#1252,#197,.T.);
#1588=EDGE_CURVE('',#1251,#1253,#729,.T.);
#1589=EDGE_CURVE('',#1254,#1255,#730,.T.);
#1590=EDGE_CURVE('',#1254,#1256,#731,.T.);
#1591=EDGE_CURVE('',#1256,#1257,#732,.T.);
#1592=EDGE_CURVE('',#1255,#1257,#733,.T.);
#1593=EDGE_CURVE('',#1258,#1254,#734,.T.);
#1594=EDGE_CURVE('',#1258,#1259,#735,.T.);
#1595=EDGE_CURVE('',#1259,#1256,#736,.T.);
#1596=EDGE_CURVE('',#1260,#1255,#737,.T.);
#1597=EDGE_CURVE('',#1257,#1261,#738,.T.);
#1598=EDGE_CURVE('',#1261,#1260,#739,.T.);
#1599=EDGE_CURVE('',#1262,#1258,#740,.T.);
#1600=EDGE_CURVE('',#1263,#1262,#741,.T.);
#1601=EDGE_CURVE('',#1259,#1263,#742,.T.);
#1602=EDGE_CURVE('',#1264,#1261,#743,.T.);
#1603=EDGE_CURVE('',#1265,#1264,#744,.T.);
#1604=EDGE_CURVE('',#1265,#1266,#745,.T.);
#1605=EDGE_CURVE('',#1267,#1266,#746,.T.);
#1606=EDGE_CURVE('',#1260,#1267,#747,.T.);
#1607=EDGE_CURVE('',#1268,#1269,#748,.T.);
#1608=EDGE_CURVE('',#1268,#1270,#749,.T.);
#1609=EDGE_CURVE('',#1270,#1271,#750,.T.);
#1610=EDGE_CURVE('',#1269,#1271,#751,.T.);
#1611=EDGE_CURVE('',#1272,#1268,#752,.T.);
#1612=EDGE_CURVE('',#1272,#1273,#753,.T.);
#1613=EDGE_CURVE('',#1273,#1270,#754,.T.);
#1614=EDGE_CURVE('',#1274,#1269,#755,.T.);
#1615=EDGE_CURVE('',#1271,#1275,#756,.T.);
#1616=EDGE_CURVE('',#1275,#1274,#757,.T.);
#1617=EDGE_CURVE('',#1276,#1275,#758,.T.);
#1618=EDGE_CURVE('',#1277,#1276,#759,.T.);
#1619=EDGE_CURVE('',#1274,#1277,#760,.T.);
#1620=EDGE_CURVE('',#1278,#1272,#761,.T.);
#1621=EDGE_CURVE('',#1278,#1279,#762,.T.);
#1622=EDGE_CURVE('',#1279,#1280,#763,.T.);
#1623=EDGE_CURVE('',#1281,#1280,#764,.T.);
#1624=EDGE_CURVE('',#1273,#1281,#765,.T.);
#1625=EDGE_CURVE('',#1250,#1267,#766,.T.);
#1626=EDGE_CURVE('',#1246,#1251,#767,.T.);
#1627=EDGE_CURVE('',#1278,#1247,#768,.T.);
#1628=EDGE_CURVE('',#1282,#1277,#769,.T.);
#1629=EDGE_CURVE('',#1283,#1282,#231,.T.);
#1630=EDGE_CURVE('',#1284,#1283,#770,.T.);
#1631=EDGE_CURVE('',#1285,#1284,#232,.T.);
#1632=EDGE_CURVE('',#1262,#1285,#771,.T.);
#1633=EDGE_CURVE('',#1286,#1286,#198,.T.);
#1634=EDGE_CURVE('',#1287,#1287,#199,.T.);
#1635=EDGE_CURVE('',#1288,#1288,#200,.T.);
#1636=EDGE_CURVE('',#1289,#1289,#201,.T.);
#1637=EDGE_CURVE('',#1290,#1290,#202,.T.);
#1638=EDGE_CURVE('',#1291,#1263,#772,.T.);
#1639=EDGE_CURVE('',#1285,#1291,#773,.T.);
#1640=EDGE_CURVE('',#1276,#1292,#774,.T.);
#1641=EDGE_CURVE('',#1282,#1292,#775,.T.);
#1642=EDGE_CURVE('',#1292,#1293,#233,.T.);
#1643=EDGE_CURVE('',#1283,#1293,#776,.T.);
#1644=EDGE_CURVE('',#1293,#1294,#777,.T.);
#1645=EDGE_CURVE('',#1284,#1294,#778,.T.);
#1646=EDGE_CURVE('',#1294,#1291,#234,.T.);
#1647=EDGE_CURVE('',#1295,#1295,#203,.T.);
#1648=EDGE_CURVE('',#1295,#1296,#779,.T.);
#1649=EDGE_CURVE('',#1296,#1296,#204,.T.);
#1650=EDGE_CURVE('',#1297,#1297,#205,.T.);
#1651=EDGE_CURVE('',#1297,#1298,#780,.T.);
#1652=EDGE_CURVE('',#1298,#1298,#206,.T.);
#1653=EDGE_CURVE('',#1299,#1299,#207,.T.);
#1654=EDGE_CURVE('',#1299,#1300,#781,.T.);
#1655=EDGE_CURVE('',#1300,#1300,#208,.T.);
#1656=EDGE_CURVE('',#1301,#1301,#209,.T.);
#1657=EDGE_CURVE('',#1301,#1302,#782,.T.);
#1658=EDGE_CURVE('',#1302,#1302,#210,.T.);
#1659=EDGE_CURVE('',#1303,#1303,#211,.T.);
#1660=EDGE_CURVE('',#1303,#1304,#783,.T.);
#1661=EDGE_CURVE('',#1304,#1304,#212,.T.);
#1662=EDGE_CURVE('',#1305,#1306,#213,.T.);
#1663=EDGE_CURVE('',#1306,#1286,#784,.T.);
#1664=EDGE_CURVE('',#1306,#1305,#214,.T.);
#1665=EDGE_CURVE('',#1307,#1308,#215,.T.);
#1666=EDGE_CURVE('',#1308,#1287,#785,.T.);
#1667=EDGE_CURVE('',#1308,#1307,#216,.T.);
#1668=EDGE_CURVE('',#1309,#1310,#217,.T.);
#1669=EDGE_CURVE('',#1310,#1288,#786,.T.);
#1670=EDGE_CURVE('',#1310,#1309,#218,.T.);
#1671=EDGE_CURVE('',#1311,#1312,#219,.T.);
#1672=EDGE_CURVE('',#1312,#1289,#787,.T.);
#1673=EDGE_CURVE('',#1312,#1311,#220,.T.);
#1674=EDGE_CURVE('',#1313,#1314,#221,.T.);
#1675=EDGE_CURVE('',#1314,#1290,#788,.T.);
#1676=EDGE_CURVE('',#1314,#1313,#222,.T.);
#1677=EDGE_CURVE('',#1313,#1264,#789,.T.);
#1678=EDGE_CURVE('',#1281,#1311,#790,.T.);
#1679=EDGE_CURVE('',#1311,#1315,#791,.T.);
#1680=EDGE_CURVE('',#1315,#1316,#235,.T.);
#1681=EDGE_CURVE('',#1316,#1309,#792,.T.);
#1682=EDGE_CURVE('',#1309,#1305,#793,.T.);
#1683=EDGE_CURVE('',#1305,#1307,#794,.T.);
#1684=EDGE_CURVE('',#1307,#1317,#795,.T.);
#1685=EDGE_CURVE('',#1317,#1318,#236,.T.);
#1686=EDGE_CURVE('',#1318,#1313,#796,.T.);
#1687=EDGE_CURVE('',#1280,#1319,#797,.T.);
#1688=EDGE_CURVE('',#1319,#1315,#798,.T.);
#1689=EDGE_CURVE('',#1320,#1321,#237,.T.);
#1690=EDGE_CURVE('',#1321,#1318,#799,.T.);
#1691=EDGE_CURVE('',#1320,#1317,#800,.T.);
#1692=EDGE_CURVE('',#1322,#1320,#801,.T.);
#1693=EDGE_CURVE('',#1322,#1316,#802,.T.);
#1694=EDGE_CURVE('',#1319,#1322,#238,.T.);
#1695=EDGE_CURVE('',#1321,#1265,#803,.T.);
#1696=EDGE_CURVE('',#1249,#1279,#804,.T.);
#1697=EDGE_CURVE('',#1248,#1253,#805,.T.);
#1698=EDGE_CURVE('',#1252,#1266,#806,.T.);
#1699=ORIENTED_EDGE('',*,*,#1323,.F.);
#1700=ORIENTED_EDGE('',*,*,#1324,.F.);
#1701=ORIENTED_EDGE('',*,*,#1325,.F.);
#1702=ORIENTED_EDGE('',*,*,#1326,.F.);
#1703=ORIENTED_EDGE('',*,*,#1327,.F.);
#1704=ORIENTED_EDGE('',*,*,#1326,.T.);
#1705=ORIENTED_EDGE('',*,*,#1328,.F.);
#1706=ORIENTED_EDGE('',*,*,#1329,.F.);
#1707=ORIENTED_EDGE('',*,*,#1330,.T.);
#1708=ORIENTED_EDGE('',*,*,#1329,.T.);
#1709=ORIENTED_EDGE('',*,*,#1331,.F.);
#1710=ORIENTED_EDGE('',*,*,#1332,.F.);
#1711=ORIENTED_EDGE('',*,*,#1332,.T.);
#1712=ORIENTED_EDGE('',*,*,#1333,.T.);
#1713=ORIENTED_EDGE('',*,*,#1334,.T.);
#1714=ORIENTED_EDGE('',*,*,#1335,.T.);
#1715=ORIENTED_EDGE('',*,*,#1336,.T.);
#1716=ORIENTED_EDGE('',*,*,#1324,.T.);
#1717=ORIENTED_EDGE('',*,*,#1337,.T.);
#1718=ORIENTED_EDGE('',*,*,#1338,.T.);
#1719=ORIENTED_EDGE('',*,*,#1339,.F.);
#1720=ORIENTED_EDGE('',*,*,#1340,.T.);
#1721=ORIENTED_EDGE('',*,*,#1341,.F.);
#1722=ORIENTED_EDGE('',*,*,#1342,.F.);
#1723=ORIENTED_EDGE('',*,*,#1343,.F.);
#1724=ORIENTED_EDGE('',*,*,#1344,.F.);
#1725=ORIENTED_EDGE('',*,*,#1345,.F.);
#1726=ORIENTED_EDGE('',*,*,#1346,.T.);
#1727=ORIENTED_EDGE('',*,*,#1347,.F.);
#1728=ORIENTED_EDGE('',*,*,#1348,.F.);
#1729=ORIENTED_EDGE('',*,*,#1349,.F.);
#1730=ORIENTED_EDGE('',*,*,#1344,.T.);
#1731=ORIENTED_EDGE('',*,*,#1350,.F.);
#1732=ORIENTED_EDGE('',*,*,#1346,.F.);
#1733=ORIENTED_EDGE('',*,*,#1351,.T.);
#1734=ORIENTED_EDGE('',*,*,#1352,.T.);
#1735=ORIENTED_EDGE('',*,*,#1353,.F.);
#1736=ORIENTED_EDGE('',*,*,#1354,.F.);
#1737=ORIENTED_EDGE('',*,*,#1355,.T.);
#1738=ORIENTED_EDGE('',*,*,#1348,.T.);
#1739=ORIENTED_EDGE('',*,*,#1347,.T.);
#1740=ORIENTED_EDGE('',*,*,#1350,.T.);
#1741=ORIENTED_EDGE('',*,*,#1343,.T.);
#1742=ORIENTED_EDGE('',*,*,#1356,.F.);
#1743=ORIENTED_EDGE('',*,*,#1357,.T.);
#1744=ORIENTED_EDGE('',*,*,#1358,.T.);
#1745=ORIENTED_EDGE('',*,*,#1359,.T.);
#1746=ORIENTED_EDGE('',*,*,#1360,.T.);
#1747=ORIENTED_EDGE('',*,*,#1361,.T.);
#1748=ORIENTED_EDGE('',*,*,#1333,.F.);
#1749=ORIENTED_EDGE('',*,*,#1331,.T.);
#1750=ORIENTED_EDGE('',*,*,#1328,.T.);
#1751=ORIENTED_EDGE('',*,*,#1325,.T.);
#1752=ORIENTED_EDGE('',*,*,#1336,.F.);
#1753=ORIENTED_EDGE('',*,*,#1362,.F.);
#1754=ORIENTED_EDGE('',*,*,#1363,.T.);
#1755=ORIENTED_EDGE('',*,*,#1364,.T.);
#1756=ORIENTED_EDGE('',*,*,#1365,.F.);
#1757=ORIENTED_EDGE('',*,*,#1366,.F.);
#1758=ORIENTED_EDGE('',*,*,#1367,.F.);
#1759=ORIENTED_EDGE('',*,*,#1368,.T.);
#1760=ORIENTED_EDGE('',*,*,#1369,.T.);
#1761=ORIENTED_EDGE('',*,*,#1370,.F.);
#1762=ORIENTED_EDGE('',*,*,#1371,.T.);
#1763=ORIENTED_EDGE('',*,*,#1372,.T.);
#1764=ORIENTED_EDGE('',*,*,#1373,.F.);
#1765=ORIENTED_EDGE('',*,*,#1374,.T.);
#1766=ORIENTED_EDGE('',*,*,#1375,.T.);
#1767=ORIENTED_EDGE('',*,*,#1376,.F.);
#1768=ORIENTED_EDGE('',*,*,#1377,.F.);
#1769=ORIENTED_EDGE('',*,*,#1378,.F.);
#1770=ORIENTED_EDGE('',*,*,#1379,.T.);
#1771=ORIENTED_EDGE('',*,*,#1380,.T.);
#1772=ORIENTED_EDGE('',*,*,#1381,.F.);
#1773=ORIENTED_EDGE('',*,*,#1351,.F.);
#1774=ORIENTED_EDGE('',*,*,#1345,.T.);
#1775=ORIENTED_EDGE('',*,*,#1355,.F.);
#1776=ORIENTED_EDGE('',*,*,#1382,.F.);
#1777=ORIENTED_EDGE('',*,*,#1383,.T.);
#1778=ORIENTED_EDGE('',*,*,#1384,.F.);
#1779=ORIENTED_EDGE('',*,*,#1385,.T.);
#1780=ORIENTED_EDGE('',*,*,#1386,.T.);
#1781=ORIENTED_EDGE('',*,*,#1337,.F.);
#1782=ORIENTED_EDGE('',*,*,#1323,.T.);
#1783=ORIENTED_EDGE('',*,*,#1327,.T.);
#1784=ORIENTED_EDGE('',*,*,#1330,.F.);
#1785=ORIENTED_EDGE('',*,*,#1335,.F.);
#1786=ORIENTED_EDGE('',*,*,#1387,.T.);
#1787=ORIENTED_EDGE('',*,*,#1388,.T.);
#1788=ORIENTED_EDGE('',*,*,#1389,.T.);
#1789=ORIENTED_EDGE('',*,*,#1390,.T.);
#1790=ORIENTED_EDGE('',*,*,#1391,.T.);
#1791=ORIENTED_EDGE('',*,*,#1392,.F.);
#1792=ORIENTED_EDGE('',*,*,#1341,.T.);
#1793=ORIENTED_EDGE('',*,*,#1349,.T.);
#1794=ORIENTED_EDGE('',*,*,#1393,.T.);
#1795=ORIENTED_EDGE('',*,*,#1394,.T.);
#1796=ORIENTED_EDGE('',*,*,#1395,.T.);
#1797=ORIENTED_EDGE('',*,*,#1396,.T.);
#1798=ORIENTED_EDGE('',*,*,#1397,.T.);
#1799=ORIENTED_EDGE('',*,*,#1383,.F.);
#1800=ORIENTED_EDGE('',*,*,#1398,.T.);
#1801=ORIENTED_EDGE('',*,*,#1399,.F.);
#1802=ORIENTED_EDGE('',*,*,#1400,.F.);
#1803=ORIENTED_EDGE('',*,*,#1385,.F.);
#1804=ORIENTED_EDGE('',*,*,#1401,.T.);
#1805=ORIENTED_EDGE('',*,*,#1402,.F.);
#1806=ORIENTED_EDGE('',*,*,#1403,.F.);
#1807=ORIENTED_EDGE('',*,*,#1342,.T.);
#1808=ORIENTED_EDGE('',*,*,#1392,.T.);
#1809=ORIENTED_EDGE('',*,*,#1404,.T.);
#1810=ORIENTED_EDGE('',*,*,#1356,.T.);
#1811=ORIENTED_EDGE('',*,*,#1361,.F.);
#1812=ORIENTED_EDGE('',*,*,#1405,.F.);
#1813=ORIENTED_EDGE('',*,*,#1387,.F.);
#1814=ORIENTED_EDGE('',*,*,#1334,.F.);
#1815=ORIENTED_EDGE('',*,*,#1357,.F.);
#1816=ORIENTED_EDGE('',*,*,#1404,.F.);
#1817=ORIENTED_EDGE('',*,*,#1391,.F.);
#1818=ORIENTED_EDGE('',*,*,#1406,.T.);
#1819=ORIENTED_EDGE('',*,*,#1358,.F.);
#1820=ORIENTED_EDGE('',*,*,#1406,.F.);
#1821=ORIENTED_EDGE('',*,*,#1390,.F.);
#1822=ORIENTED_EDGE('',*,*,#1407,.T.);
#1823=ORIENTED_EDGE('',*,*,#1359,.F.);
#1824=ORIENTED_EDGE('',*,*,#1407,.F.);
#1825=ORIENTED_EDGE('',*,*,#1389,.F.);
#1826=ORIENTED_EDGE('',*,*,#1408,.T.);
#1827=ORIENTED_EDGE('',*,*,#1360,.F.);
#1828=ORIENTED_EDGE('',*,*,#1408,.F.);
#1829=ORIENTED_EDGE('',*,*,#1388,.F.);
#1830=ORIENTED_EDGE('',*,*,#1405,.T.);
#1831=ORIENTED_EDGE('',*,*,#1409,.F.);
#1832=ORIENTED_EDGE('',*,*,#1410,.T.);
#1833=ORIENTED_EDGE('',*,*,#1411,.F.);
#1834=ORIENTED_EDGE('',*,*,#1410,.F.);
#1835=ORIENTED_EDGE('',*,*,#1412,.F.);
#1836=ORIENTED_EDGE('',*,*,#1413,.T.);
#1837=ORIENTED_EDGE('',*,*,#1414,.F.);
#1838=ORIENTED_EDGE('',*,*,#1413,.F.);
#1839=ORIENTED_EDGE('',*,*,#1415,.F.);
#1840=ORIENTED_EDGE('',*,*,#1416,.T.);
#1841=ORIENTED_EDGE('',*,*,#1417,.F.);
#1842=ORIENTED_EDGE('',*,*,#1416,.F.);
#1843=ORIENTED_EDGE('',*,*,#1418,.F.);
#1844=ORIENTED_EDGE('',*,*,#1419,.T.);
#1845=ORIENTED_EDGE('',*,*,#1420,.F.);
#1846=ORIENTED_EDGE('',*,*,#1419,.F.);
#1847=ORIENTED_EDGE('',*,*,#1421,.F.);
#1848=ORIENTED_EDGE('',*,*,#1422,.T.);
#1849=ORIENTED_EDGE('',*,*,#1423,.F.);
#1850=ORIENTED_EDGE('',*,*,#1422,.F.);
#1851=ORIENTED_EDGE('',*,*,#1371,.F.);
#1852=ORIENTED_EDGE('',*,*,#1372,.F.);
#1853=ORIENTED_EDGE('',*,*,#1424,.T.);
#1854=ORIENTED_EDGE('',*,*,#1397,.F.);
#1855=ORIENTED_EDGE('',*,*,#1424,.F.);
#1856=ORIENTED_EDGE('',*,*,#1368,.F.);
#1857=ORIENTED_EDGE('',*,*,#1369,.F.);
#1858=ORIENTED_EDGE('',*,*,#1425,.T.);
#1859=ORIENTED_EDGE('',*,*,#1396,.F.);
#1860=ORIENTED_EDGE('',*,*,#1425,.F.);
#1861=ORIENTED_EDGE('',*,*,#1374,.F.);
#1862=ORIENTED_EDGE('',*,*,#1375,.F.);
#1863=ORIENTED_EDGE('',*,*,#1426,.T.);
#1864=ORIENTED_EDGE('',*,*,#1395,.F.);
#1865=ORIENTED_EDGE('',*,*,#1426,.F.);
#1866=ORIENTED_EDGE('',*,*,#1379,.F.);
#1867=ORIENTED_EDGE('',*,*,#1380,.F.);
#1868=ORIENTED_EDGE('',*,*,#1427,.T.);
#1869=ORIENTED_EDGE('',*,*,#1394,.F.);
#1870=ORIENTED_EDGE('',*,*,#1427,.F.);
#1871=ORIENTED_EDGE('',*,*,#1363,.F.);
#1872=ORIENTED_EDGE('',*,*,#1364,.F.);
#1873=ORIENTED_EDGE('',*,*,#1428,.T.);
#1874=ORIENTED_EDGE('',*,*,#1393,.F.);
#1875=ORIENTED_EDGE('',*,*,#1428,.F.);
#1876=ORIENTED_EDGE('',*,*,#1352,.F.);
#1877=ORIENTED_EDGE('',*,*,#1381,.T.);
#1878=ORIENTED_EDGE('',*,*,#1378,.T.);
#1879=ORIENTED_EDGE('',*,*,#1429,.F.);
#1880=ORIENTED_EDGE('',*,*,#1430,.F.);
#1881=ORIENTED_EDGE('',*,*,#1412,.T.);
#1882=ORIENTED_EDGE('',*,*,#1431,.F.);
#1883=ORIENTED_EDGE('',*,*,#1432,.T.);
#1884=ORIENTED_EDGE('',*,*,#1366,.T.);
#1885=ORIENTED_EDGE('',*,*,#1433,.F.);
#1886=ORIENTED_EDGE('',*,*,#1434,.F.);
#1887=ORIENTED_EDGE('',*,*,#1435,.T.);
#1888=ORIENTED_EDGE('',*,*,#1376,.T.);
#1889=ORIENTED_EDGE('',*,*,#1373,.T.);
#1890=ORIENTED_EDGE('',*,*,#1370,.T.);
#1891=ORIENTED_EDGE('',*,*,#1367,.T.);
#1892=ORIENTED_EDGE('',*,*,#1432,.F.);
#1893=ORIENTED_EDGE('',*,*,#1417,.T.);
#1894=ORIENTED_EDGE('',*,*,#1420,.T.);
#1895=ORIENTED_EDGE('',*,*,#1423,.T.);
#1896=ORIENTED_EDGE('',*,*,#1436,.F.);
#1897=ORIENTED_EDGE('',*,*,#1429,.T.);
#1898=ORIENTED_EDGE('',*,*,#1377,.T.);
#1899=ORIENTED_EDGE('',*,*,#1435,.F.);
#1900=ORIENTED_EDGE('',*,*,#1340,.F.);
#1901=ORIENTED_EDGE('',*,*,#1437,.F.);
#1902=ORIENTED_EDGE('',*,*,#1433,.T.);
#1903=ORIENTED_EDGE('',*,*,#1365,.T.);
#1904=ORIENTED_EDGE('',*,*,#1362,.T.);
#1905=ORIENTED_EDGE('',*,*,#1411,.T.);
#1906=ORIENTED_EDGE('',*,*,#1430,.T.);
#1907=ORIENTED_EDGE('',*,*,#1436,.T.);
#1908=ORIENTED_EDGE('',*,*,#1434,.T.);
#1909=ORIENTED_EDGE('',*,*,#1431,.T.);
#1910=ORIENTED_EDGE('',*,*,#1437,.T.);
#1911=ORIENTED_EDGE('',*,*,#1339,.T.);
#1912=ORIENTED_EDGE('',*,*,#1438,.T.);
#1913=ORIENTED_EDGE('',*,*,#1402,.T.);
#1914=ORIENTED_EDGE('',*,*,#1439,.T.);
#1915=ORIENTED_EDGE('',*,*,#1399,.T.);
#1916=ORIENTED_EDGE('',*,*,#1440,.T.);
#1917=ORIENTED_EDGE('',*,*,#1353,.T.);
#1918=ORIENTED_EDGE('',*,*,#1386,.F.);
#1919=ORIENTED_EDGE('',*,*,#1403,.T.);
#1920=ORIENTED_EDGE('',*,*,#1438,.F.);
#1921=ORIENTED_EDGE('',*,*,#1338,.F.);
#1922=ORIENTED_EDGE('',*,*,#1409,.T.);
#1923=ORIENTED_EDGE('',*,*,#1382,.T.);
#1924=ORIENTED_EDGE('',*,*,#1354,.T.);
#1925=ORIENTED_EDGE('',*,*,#1440,.F.);
#1926=ORIENTED_EDGE('',*,*,#1398,.F.);
#1927=ORIENTED_EDGE('',*,*,#1414,.T.);
#1928=ORIENTED_EDGE('',*,*,#1384,.T.);
#1929=ORIENTED_EDGE('',*,*,#1400,.T.);
#1930=ORIENTED_EDGE('',*,*,#1439,.F.);
#1931=ORIENTED_EDGE('',*,*,#1401,.F.);
#1932=ORIENTED_EDGE('',*,*,#1415,.T.);
#1933=ORIENTED_EDGE('',*,*,#1418,.T.);
#1934=ORIENTED_EDGE('',*,*,#1421,.T.);
#1935=ORIENTED_EDGE('',*,*,#1441,.F.);
#1936=ORIENTED_EDGE('',*,*,#1442,.T.);
#1937=ORIENTED_EDGE('',*,*,#1443,.F.);
#1938=ORIENTED_EDGE('',*,*,#1444,.F.);
#1939=ORIENTED_EDGE('',*,*,#1445,.F.);
#1940=ORIENTED_EDGE('',*,*,#1446,.T.);
#1941=ORIENTED_EDGE('',*,*,#1447,.T.);
#1942=ORIENTED_EDGE('',*,*,#1448,.F.);
#1943=ORIENTED_EDGE('',*,*,#1442,.F.);
#1944=ORIENTED_EDGE('',*,*,#1449,.F.);
#1945=ORIENTED_EDGE('',*,*,#1450,.F.);
#1946=ORIENTED_EDGE('',*,*,#1451,.T.);
#1947=ORIENTED_EDGE('',*,*,#1446,.F.);
#1948=ORIENTED_EDGE('',*,*,#1452,.F.);
#1949=ORIENTED_EDGE('',*,*,#1453,.T.);
#1950=ORIENTED_EDGE('',*,*,#1454,.T.);
#1951=ORIENTED_EDGE('',*,*,#1455,.F.);
#1952=ORIENTED_EDGE('',*,*,#1456,.F.);
#1953=ORIENTED_EDGE('',*,*,#1457,.T.);
#1954=ORIENTED_EDGE('',*,*,#1458,.F.);
#1955=ORIENTED_EDGE('',*,*,#1459,.T.);
#1956=ORIENTED_EDGE('',*,*,#1453,.F.);
#1957=ORIENTED_EDGE('',*,*,#1460,.F.);
#1958=ORIENTED_EDGE('',*,*,#1461,.F.);
#1959=ORIENTED_EDGE('',*,*,#1462,.F.);
#1960=ORIENTED_EDGE('',*,*,#1457,.F.);
#1961=ORIENTED_EDGE('',*,*,#1455,.T.);
#1962=ORIENTED_EDGE('',*,*,#1463,.T.);
#1963=ORIENTED_EDGE('',*,*,#1464,.T.);
#1964=ORIENTED_EDGE('',*,*,#1465,.F.);
#1965=ORIENTED_EDGE('',*,*,#1466,.F.);
#1966=ORIENTED_EDGE('',*,*,#1467,.F.);
#1967=ORIENTED_EDGE('',*,*,#1443,.T.);
#1968=ORIENTED_EDGE('',*,*,#1448,.T.);
#1969=ORIENTED_EDGE('',*,*,#1468,.F.);
#1970=ORIENTED_EDGE('',*,*,#1469,.T.);
#1971=ORIENTED_EDGE('',*,*,#1470,.T.);
#1972=ORIENTED_EDGE('',*,*,#1471,.F.);
#1973=ORIENTED_EDGE('',*,*,#1472,.T.);
#1974=ORIENTED_EDGE('',*,*,#1473,.T.);
#1975=ORIENTED_EDGE('',*,*,#1474,.F.);
#1976=ORIENTED_EDGE('',*,*,#1475,.T.);
#1977=ORIENTED_EDGE('',*,*,#1476,.T.);
#1978=ORIENTED_EDGE('',*,*,#1477,.F.);
#1979=ORIENTED_EDGE('',*,*,#1458,.T.);
#1980=ORIENTED_EDGE('',*,*,#1462,.T.);
#1981=ORIENTED_EDGE('',*,*,#1478,.T.);
#1982=ORIENTED_EDGE('',*,*,#1479,.T.);
#1983=ORIENTED_EDGE('',*,*,#1480,.F.);
#1984=ORIENTED_EDGE('',*,*,#1481,.F.);
#1985=ORIENTED_EDGE('',*,*,#1447,.F.);
#1986=ORIENTED_EDGE('',*,*,#1451,.F.);
#1987=ORIENTED_EDGE('',*,*,#1482,.F.);
#1988=ORIENTED_EDGE('',*,*,#1441,.T.);
#1989=ORIENTED_EDGE('',*,*,#1483,.T.);
#1990=ORIENTED_EDGE('',*,*,#1484,.T.);
#1991=ORIENTED_EDGE('',*,*,#1485,.T.);
#1992=ORIENTED_EDGE('',*,*,#1460,.T.);
#1993=ORIENTED_EDGE('',*,*,#1456,.T.);
#1994=ORIENTED_EDGE('',*,*,#1452,.T.);
#1995=ORIENTED_EDGE('',*,*,#1467,.T.);
#1996=ORIENTED_EDGE('',*,*,#1486,.T.);
#1997=ORIENTED_EDGE('',*,*,#1487,.T.);
#1998=ORIENTED_EDGE('',*,*,#1449,.T.);
#1999=ORIENTED_EDGE('',*,*,#1445,.T.);
#2000=ORIENTED_EDGE('',*,*,#1488,.T.);
#2001=ORIENTED_EDGE('',*,*,#1489,.T.);
#2002=ORIENTED_EDGE('',*,*,#1490,.T.);
#2003=ORIENTED_EDGE('',*,*,#1444,.T.);
#2004=ORIENTED_EDGE('',*,*,#1480,.T.);
#2005=ORIENTED_EDGE('',*,*,#1491,.T.);
#2006=ORIENTED_EDGE('',*,*,#1483,.F.);
#2007=ORIENTED_EDGE('',*,*,#1492,.F.);
#2008=ORIENTED_EDGE('',*,*,#1463,.F.);
#2009=ORIENTED_EDGE('',*,*,#1454,.F.);
#2010=ORIENTED_EDGE('',*,*,#1459,.F.);
#2011=ORIENTED_EDGE('',*,*,#1461,.T.);
#2012=ORIENTED_EDGE('',*,*,#1485,.F.);
#2013=ORIENTED_EDGE('',*,*,#1493,.T.);
#2014=ORIENTED_EDGE('',*,*,#1478,.F.);
#2015=ORIENTED_EDGE('',*,*,#1450,.T.);
#2016=ORIENTED_EDGE('',*,*,#1487,.F.);
#2017=ORIENTED_EDGE('',*,*,#1494,.T.);
#2018=ORIENTED_EDGE('',*,*,#1495,.F.);
#2019=ORIENTED_EDGE('',*,*,#1496,.T.);
#2020=ORIENTED_EDGE('',*,*,#1482,.T.);
#2021=ORIENTED_EDGE('',*,*,#1479,.F.);
#2022=ORIENTED_EDGE('',*,*,#1493,.F.);
#2023=ORIENTED_EDGE('',*,*,#1484,.F.);
#2024=ORIENTED_EDGE('',*,*,#1491,.F.);
#2025=ORIENTED_EDGE('',*,*,#1497,.F.);
#2026=ORIENTED_EDGE('',*,*,#1498,.T.);
#2027=ORIENTED_EDGE('',*,*,#1499,.F.);
#2028=ORIENTED_EDGE('',*,*,#1498,.F.);
#2029=ORIENTED_EDGE('',*,*,#1500,.F.);
#2030=ORIENTED_EDGE('',*,*,#1501,.T.);
#2031=ORIENTED_EDGE('',*,*,#1502,.F.);
#2032=ORIENTED_EDGE('',*,*,#1501,.F.);
#2033=ORIENTED_EDGE('',*,*,#1503,.F.);
#2034=ORIENTED_EDGE('',*,*,#1504,.T.);
#2035=ORIENTED_EDGE('',*,*,#1505,.F.);
#2036=ORIENTED_EDGE('',*,*,#1504,.F.);
#2037=ORIENTED_EDGE('',*,*,#1472,.F.);
#2038=ORIENTED_EDGE('',*,*,#1473,.F.);
#2039=ORIENTED_EDGE('',*,*,#1506,.T.);
#2040=ORIENTED_EDGE('',*,*,#1488,.F.);
#2041=ORIENTED_EDGE('',*,*,#1506,.F.);
#2042=ORIENTED_EDGE('',*,*,#1469,.F.);
#2043=ORIENTED_EDGE('',*,*,#1470,.F.);
#2044=ORIENTED_EDGE('',*,*,#1507,.T.);
#2045=ORIENTED_EDGE('',*,*,#1489,.F.);
#2046=ORIENTED_EDGE('',*,*,#1507,.F.);
#2047=ORIENTED_EDGE('',*,*,#1475,.F.);
#2048=ORIENTED_EDGE('',*,*,#1476,.F.);
#2049=ORIENTED_EDGE('',*,*,#1508,.T.);
#2050=ORIENTED_EDGE('',*,*,#1490,.F.);
#2051=ORIENTED_EDGE('',*,*,#1508,.F.);
#2052=ORIENTED_EDGE('',*,*,#1496,.F.);
#2053=ORIENTED_EDGE('',*,*,#1509,.F.);
#2054=ORIENTED_EDGE('',*,*,#1464,.F.);
#2055=ORIENTED_EDGE('',*,*,#1492,.T.);
#2056=ORIENTED_EDGE('',*,*,#1477,.T.);
#2057=ORIENTED_EDGE('',*,*,#1474,.T.);
#2058=ORIENTED_EDGE('',*,*,#1471,.T.);
#2059=ORIENTED_EDGE('',*,*,#1468,.T.);
#2060=ORIENTED_EDGE('',*,*,#1481,.T.);
#2061=ORIENTED_EDGE('',*,*,#1499,.T.);
#2062=ORIENTED_EDGE('',*,*,#1502,.T.);
#2063=ORIENTED_EDGE('',*,*,#1505,.T.);
#2064=ORIENTED_EDGE('',*,*,#1486,.F.);
#2065=ORIENTED_EDGE('',*,*,#1466,.T.);
#2066=ORIENTED_EDGE('',*,*,#1510,.F.);
#2067=ORIENTED_EDGE('',*,*,#1494,.F.);
#2068=ORIENTED_EDGE('',*,*,#1497,.T.);
#2069=ORIENTED_EDGE('',*,*,#1500,.T.);
#2070=ORIENTED_EDGE('',*,*,#1503,.T.);
#2071=ORIENTED_EDGE('',*,*,#1509,.T.);
#2072=ORIENTED_EDGE('',*,*,#1495,.T.);
#2073=ORIENTED_EDGE('',*,*,#1510,.T.);
#2074=ORIENTED_EDGE('',*,*,#1465,.T.);
#2075=ORIENTED_EDGE('',*,*,#1511,.F.);
#2076=ORIENTED_EDGE('',*,*,#1512,.T.);
#2077=ORIENTED_EDGE('',*,*,#1513,.F.);
#2078=ORIENTED_EDGE('',*,*,#1514,.F.);
#2079=ORIENTED_EDGE('',*,*,#1515,.F.);
#2080=ORIENTED_EDGE('',*,*,#1516,.T.);
#2081=ORIENTED_EDGE('',*,*,#1517,.T.);
#2082=ORIENTED_EDGE('',*,*,#1518,.F.);
#2083=ORIENTED_EDGE('',*,*,#1512,.F.);
#2084=ORIENTED_EDGE('',*,*,#1519,.F.);
#2085=ORIENTED_EDGE('',*,*,#1520,.F.);
#2086=ORIENTED_EDGE('',*,*,#1521,.T.);
#2087=ORIENTED_EDGE('',*,*,#1516,.F.);
#2088=ORIENTED_EDGE('',*,*,#1513,.T.);
#2089=ORIENTED_EDGE('',*,*,#1518,.T.);
#2090=ORIENTED_EDGE('',*,*,#1522,.F.);
#2091=ORIENTED_EDGE('',*,*,#1523,.T.);
#2092=ORIENTED_EDGE('',*,*,#1524,.T.);
#2093=ORIENTED_EDGE('',*,*,#1525,.F.);
#2094=ORIENTED_EDGE('',*,*,#1526,.T.);
#2095=ORIENTED_EDGE('',*,*,#1527,.T.);
#2096=ORIENTED_EDGE('',*,*,#1528,.F.);
#2097=ORIENTED_EDGE('',*,*,#1529,.T.);
#2098=ORIENTED_EDGE('',*,*,#1530,.T.);
#2099=ORIENTED_EDGE('',*,*,#1531,.F.);
#2100=ORIENTED_EDGE('',*,*,#1532,.T.);
#2101=ORIENTED_EDGE('',*,*,#1533,.T.);
#2102=ORIENTED_EDGE('',*,*,#1534,.T.);
#2103=ORIENTED_EDGE('',*,*,#1535,.T.);
#2104=ORIENTED_EDGE('',*,*,#1536,.F.);
#2105=ORIENTED_EDGE('',*,*,#1537,.F.);
#2106=ORIENTED_EDGE('',*,*,#1517,.F.);
#2107=ORIENTED_EDGE('',*,*,#1521,.F.);
#2108=ORIENTED_EDGE('',*,*,#1538,.F.);
#2109=ORIENTED_EDGE('',*,*,#1511,.T.);
#2110=ORIENTED_EDGE('',*,*,#1539,.T.);
#2111=ORIENTED_EDGE('',*,*,#1540,.T.);
#2112=ORIENTED_EDGE('',*,*,#1541,.T.);
#2113=ORIENTED_EDGE('',*,*,#1542,.T.);
#2114=ORIENTED_EDGE('',*,*,#1543,.T.);
#2115=ORIENTED_EDGE('',*,*,#1544,.T.);
#2116=ORIENTED_EDGE('',*,*,#1545,.T.);
#2117=ORIENTED_EDGE('',*,*,#1546,.T.);
#2118=ORIENTED_EDGE('',*,*,#1547,.T.);
#2119=ORIENTED_EDGE('',*,*,#1519,.T.);
#2120=ORIENTED_EDGE('',*,*,#1515,.T.);
#2121=ORIENTED_EDGE('',*,*,#1548,.T.);
#2122=ORIENTED_EDGE('',*,*,#1549,.T.);
#2123=ORIENTED_EDGE('',*,*,#1550,.T.);
#2124=ORIENTED_EDGE('',*,*,#1514,.T.);
#2125=ORIENTED_EDGE('',*,*,#1536,.T.);
#2126=ORIENTED_EDGE('',*,*,#1551,.T.);
#2127=ORIENTED_EDGE('',*,*,#1539,.F.);
#2128=ORIENTED_EDGE('',*,*,#1544,.F.);
#2129=ORIENTED_EDGE('',*,*,#1552,.T.);
#2130=ORIENTED_EDGE('',*,*,#1553,.T.);
#2131=ORIENTED_EDGE('',*,*,#1554,.F.);
#2132=ORIENTED_EDGE('',*,*,#1543,.F.);
#2133=ORIENTED_EDGE('',*,*,#1555,.T.);
#2134=ORIENTED_EDGE('',*,*,#1532,.F.);
#2135=ORIENTED_EDGE('',*,*,#1556,.T.);
#2136=ORIENTED_EDGE('',*,*,#1552,.F.);
#2137=ORIENTED_EDGE('',*,*,#1542,.F.);
#2138=ORIENTED_EDGE('',*,*,#1557,.F.);
#2139=ORIENTED_EDGE('',*,*,#1533,.F.);
#2140=ORIENTED_EDGE('',*,*,#1555,.F.);
#2141=ORIENTED_EDGE('',*,*,#1554,.T.);
#2142=ORIENTED_EDGE('',*,*,#1558,.T.);
#2143=ORIENTED_EDGE('',*,*,#1559,.T.);
#2144=ORIENTED_EDGE('',*,*,#1560,.F.);
#2145=ORIENTED_EDGE('',*,*,#1561,.F.);
#2146=ORIENTED_EDGE('',*,*,#1545,.F.);
#2147=ORIENTED_EDGE('',*,*,#1562,.F.);
#2148=ORIENTED_EDGE('',*,*,#1558,.F.);
#2149=ORIENTED_EDGE('',*,*,#1553,.F.);
#2150=ORIENTED_EDGE('',*,*,#1556,.F.);
#2151=ORIENTED_EDGE('',*,*,#1520,.T.);
#2152=ORIENTED_EDGE('',*,*,#1547,.F.);
#2153=ORIENTED_EDGE('',*,*,#1563,.T.);
#2154=ORIENTED_EDGE('',*,*,#1564,.F.);
#2155=ORIENTED_EDGE('',*,*,#1565,.T.);
#2156=ORIENTED_EDGE('',*,*,#1538,.T.);
#2157=ORIENTED_EDGE('',*,*,#1535,.F.);
#2158=ORIENTED_EDGE('',*,*,#1566,.F.);
#2159=ORIENTED_EDGE('',*,*,#1540,.F.);
#2160=ORIENTED_EDGE('',*,*,#1551,.F.);
#2161=ORIENTED_EDGE('',*,*,#1557,.T.);
#2162=ORIENTED_EDGE('',*,*,#1541,.F.);
#2163=ORIENTED_EDGE('',*,*,#1566,.T.);
#2164=ORIENTED_EDGE('',*,*,#1534,.F.);
#2165=ORIENTED_EDGE('',*,*,#1567,.F.);
#2166=ORIENTED_EDGE('',*,*,#1568,.T.);
#2167=ORIENTED_EDGE('',*,*,#1569,.F.);
#2168=ORIENTED_EDGE('',*,*,#1568,.F.);
#2169=ORIENTED_EDGE('',*,*,#1570,.F.);
#2170=ORIENTED_EDGE('',*,*,#1571,.T.);
#2171=ORIENTED_EDGE('',*,*,#1572,.F.);
#2172=ORIENTED_EDGE('',*,*,#1571,.F.);
#2173=ORIENTED_EDGE('',*,*,#1573,.F.);
#2174=ORIENTED_EDGE('',*,*,#1574,.T.);
#2175=ORIENTED_EDGE('',*,*,#1575,.F.);
#2176=ORIENTED_EDGE('',*,*,#1574,.F.);
#2177=ORIENTED_EDGE('',*,*,#1526,.F.);
#2178=ORIENTED_EDGE('',*,*,#1527,.F.);
#2179=ORIENTED_EDGE('',*,*,#1576,.T.);
#2180=ORIENTED_EDGE('',*,*,#1548,.F.);
#2181=ORIENTED_EDGE('',*,*,#1576,.F.);
#2182=ORIENTED_EDGE('',*,*,#1523,.F.);
#2183=ORIENTED_EDGE('',*,*,#1524,.F.);
#2184=ORIENTED_EDGE('',*,*,#1577,.T.);
#2185=ORIENTED_EDGE('',*,*,#1549,.F.);
#2186=ORIENTED_EDGE('',*,*,#1577,.F.);
#2187=ORIENTED_EDGE('',*,*,#1529,.F.);
#2188=ORIENTED_EDGE('',*,*,#1530,.F.);
#2189=ORIENTED_EDGE('',*,*,#1578,.T.);
#2190=ORIENTED_EDGE('',*,*,#1550,.F.);
#2191=ORIENTED_EDGE('',*,*,#1578,.F.);
#2192=ORIENTED_EDGE('',*,*,#1565,.F.);
#2193=ORIENTED_EDGE('',*,*,#1579,.F.);
#2194=ORIENTED_EDGE('',*,*,#1559,.F.);
#2195=ORIENTED_EDGE('',*,*,#1562,.T.);
#2196=ORIENTED_EDGE('',*,*,#1531,.T.);
#2197=ORIENTED_EDGE('',*,*,#1528,.T.);
#2198=ORIENTED_EDGE('',*,*,#1525,.T.);
#2199=ORIENTED_EDGE('',*,*,#1522,.T.);
#2200=ORIENTED_EDGE('',*,*,#1537,.T.);
#2201=ORIENTED_EDGE('',*,*,#1567,.T.);
#2202=ORIENTED_EDGE('',*,*,#1570,.T.);
#2203=ORIENTED_EDGE('',*,*,#1573,.T.);
#2204=ORIENTED_EDGE('',*,*,#1579,.T.);
#2205=ORIENTED_EDGE('',*,*,#1564,.T.);
#2206=ORIENTED_EDGE('',*,*,#1580,.T.);
#2207=ORIENTED_EDGE('',*,*,#1560,.T.);
#2208=ORIENTED_EDGE('',*,*,#1546,.F.);
#2209=ORIENTED_EDGE('',*,*,#1561,.T.);
#2210=ORIENTED_EDGE('',*,*,#1580,.F.);
#2211=ORIENTED_EDGE('',*,*,#1563,.F.);
#2212=ORIENTED_EDGE('',*,*,#1569,.T.);
#2213=ORIENTED_EDGE('',*,*,#1572,.T.);
#2214=ORIENTED_EDGE('',*,*,#1575,.T.);
#2215=ORIENTED_EDGE('',*,*,#1581,.F.);
#2216=ORIENTED_EDGE('',*,*,#1582,.T.);
#2217=ORIENTED_EDGE('',*,*,#1583,.F.);
#2218=ORIENTED_EDGE('',*,*,#1584,.F.);
#2219=ORIENTED_EDGE('',*,*,#1585,.F.);
#2220=ORIENTED_EDGE('',*,*,#1586,.T.);
#2221=ORIENTED_EDGE('',*,*,#1587,.F.);
#2222=ORIENTED_EDGE('',*,*,#1588,.F.);
#2223=ORIENTED_EDGE('',*,*,#1589,.F.);
#2224=ORIENTED_EDGE('',*,*,#1590,.T.);
#2225=ORIENTED_EDGE('',*,*,#1591,.T.);
#2226=ORIENTED_EDGE('',*,*,#1592,.F.);
#2227=ORIENTED_EDGE('',*,*,#1593,.F.);
#2228=ORIENTED_EDGE('',*,*,#1594,.T.);
#2229=ORIENTED_EDGE('',*,*,#1595,.T.);
#2230=ORIENTED_EDGE('',*,*,#1590,.F.);
#2231=ORIENTED_EDGE('',*,*,#1596,.T.);
#2232=ORIENTED_EDGE('',*,*,#1592,.T.);
#2233=ORIENTED_EDGE('',*,*,#1597,.T.);
#2234=ORIENTED_EDGE('',*,*,#1598,.T.);
#2235=ORIENTED_EDGE('',*,*,#1594,.F.);
#2236=ORIENTED_EDGE('',*,*,#1599,.F.);
#2237=ORIENTED_EDGE('',*,*,#1600,.F.);
#2238=ORIENTED_EDGE('',*,*,#1601,.F.);
#2239=ORIENTED_EDGE('',*,*,#1602,.F.);
#2240=ORIENTED_EDGE('',*,*,#1603,.F.);
#2241=ORIENTED_EDGE('',*,*,#1604,.T.);
#2242=ORIENTED_EDGE('',*,*,#1605,.F.);
#2243=ORIENTED_EDGE('',*,*,#1606,.F.);
#2244=ORIENTED_EDGE('',*,*,#1598,.F.);
#2245=ORIENTED_EDGE('',*,*,#1607,.F.);
#2246=ORIENTED_EDGE('',*,*,#1608,.T.);
#2247=ORIENTED_EDGE('',*,*,#1609,.T.);
#2248=ORIENTED_EDGE('',*,*,#1610,.F.);
#2249=ORIENTED_EDGE('',*,*,#1611,.F.);
#2250=ORIENTED_EDGE('',*,*,#1612,.T.);
#2251=ORIENTED_EDGE('',*,*,#1613,.T.);
#2252=ORIENTED_EDGE('',*,*,#1608,.F.);
#2253=ORIENTED_EDGE('',*,*,#1614,.T.);
#2254=ORIENTED_EDGE('',*,*,#1610,.T.);
#2255=ORIENTED_EDGE('',*,*,#1615,.T.);
#2256=ORIENTED_EDGE('',*,*,#1616,.T.);
#2257=ORIENTED_EDGE('',*,*,#1616,.F.);
#2258=ORIENTED_EDGE('',*,*,#1617,.F.);
#2259=ORIENTED_EDGE('',*,*,#1618,.F.);
#2260=ORIENTED_EDGE('',*,*,#1619,.F.);
#2261=ORIENTED_EDGE('',*,*,#1612,.F.);
#2262=ORIENTED_EDGE('',*,*,#1620,.F.);
#2263=ORIENTED_EDGE('',*,*,#1621,.T.);
#2264=ORIENTED_EDGE('',*,*,#1622,.T.);
#2265=ORIENTED_EDGE('',*,*,#1623,.F.);
#2266=ORIENTED_EDGE('',*,*,#1624,.F.);
#2267=ORIENTED_EDGE('',*,*,#1599,.T.);
#2268=ORIENTED_EDGE('',*,*,#1593,.T.);
#2269=ORIENTED_EDGE('',*,*,#1589,.T.);
#2270=ORIENTED_EDGE('',*,*,#1596,.F.);
#2271=ORIENTED_EDGE('',*,*,#1606,.T.);
#2272=ORIENTED_EDGE('',*,*,#1625,.F.);
#2273=ORIENTED_EDGE('',*,*,#1585,.T.);
#2274=ORIENTED_EDGE('',*,*,#1626,.F.);
#2275=ORIENTED_EDGE('',*,*,#1581,.T.);
#2276=ORIENTED_EDGE('',*,*,#1627,.F.);
#2277=ORIENTED_EDGE('',*,*,#1620,.T.);
#2278=ORIENTED_EDGE('',*,*,#1611,.T.);
#2279=ORIENTED_EDGE('',*,*,#1607,.T.);
#2280=ORIENTED_EDGE('',*,*,#1614,.F.);
#2281=ORIENTED_EDGE('',*,*,#1619,.T.);
#2282=ORIENTED_EDGE('',*,*,#1628,.F.);
#2283=ORIENTED_EDGE('',*,*,#1629,.F.);
#2284=ORIENTED_EDGE('',*,*,#1630,.F.);
#2285=ORIENTED_EDGE('',*,*,#1631,.F.);
#2286=ORIENTED_EDGE('',*,*,#1632,.F.);
#2287=ORIENTED_EDGE('',*,*,#1633,.F.);
#2288=ORIENTED_EDGE('',*,*,#1634,.F.);
#2289=ORIENTED_EDGE('',*,*,#1635,.F.);
#2290=ORIENTED_EDGE('',*,*,#1636,.F.);
#2291=ORIENTED_EDGE('',*,*,#1637,.F.);
#2292=ORIENTED_EDGE('',*,*,#1638,.T.);
#2293=ORIENTED_EDGE('',*,*,#1600,.T.);
#2294=ORIENTED_EDGE('',*,*,#1632,.T.);
#2295=ORIENTED_EDGE('',*,*,#1639,.T.);
#2296=ORIENTED_EDGE('',*,*,#1640,.T.);
#2297=ORIENTED_EDGE('',*,*,#1641,.F.);
#2298=ORIENTED_EDGE('',*,*,#1628,.T.);
#2299=ORIENTED_EDGE('',*,*,#1618,.T.);
#2300=ORIENTED_EDGE('',*,*,#1642,.T.);
#2301=ORIENTED_EDGE('',*,*,#1643,.F.);
#2302=ORIENTED_EDGE('',*,*,#1629,.T.);
#2303=ORIENTED_EDGE('',*,*,#1641,.T.);
#2304=ORIENTED_EDGE('',*,*,#1644,.T.);
#2305=ORIENTED_EDGE('',*,*,#1645,.F.);
#2306=ORIENTED_EDGE('',*,*,#1630,.T.);
#2307=ORIENTED_EDGE('',*,*,#1643,.T.);
#2308=ORIENTED_EDGE('',*,*,#1646,.T.);
#2309=ORIENTED_EDGE('',*,*,#1639,.F.);
#2310=ORIENTED_EDGE('',*,*,#1631,.T.);
#2311=ORIENTED_EDGE('',*,*,#1645,.T.);
#2312=ORIENTED_EDGE('',*,*,#1647,.T.);
#2313=ORIENTED_EDGE('',*,*,#1648,.T.);
#2314=ORIENTED_EDGE('',*,*,#1649,.T.);
#2315=ORIENTED_EDGE('',*,*,#1648,.F.);
#2316=ORIENTED_EDGE('',*,*,#1650,.T.);
#2317=ORIENTED_EDGE('',*,*,#1651,.T.);
#2318=ORIENTED_EDGE('',*,*,#1652,.T.);
#2319=ORIENTED_EDGE('',*,*,#1651,.F.);
#2320=ORIENTED_EDGE('',*,*,#1653,.T.);
#2321=ORIENTED_EDGE('',*,*,#1654,.T.);
#2322=ORIENTED_EDGE('',*,*,#1655,.T.);
#2323=ORIENTED_EDGE('',*,*,#1654,.F.);
#2324=ORIENTED_EDGE('',*,*,#1656,.T.);
#2325=ORIENTED_EDGE('',*,*,#1657,.T.);
#2326=ORIENTED_EDGE('',*,*,#1658,.T.);
#2327=ORIENTED_EDGE('',*,*,#1657,.F.);
#2328=ORIENTED_EDGE('',*,*,#1659,.T.);
#2329=ORIENTED_EDGE('',*,*,#1660,.T.);
#2330=ORIENTED_EDGE('',*,*,#1661,.T.);
#2331=ORIENTED_EDGE('',*,*,#1660,.F.);
#2332=ORIENTED_EDGE('',*,*,#1662,.T.);
#2333=ORIENTED_EDGE('',*,*,#1663,.T.);
#2334=ORIENTED_EDGE('',*,*,#1633,.T.);
#2335=ORIENTED_EDGE('',*,*,#1663,.F.);
#2336=ORIENTED_EDGE('',*,*,#1664,.T.);
#2337=ORIENTED_EDGE('',*,*,#1665,.T.);
#2338=ORIENTED_EDGE('',*,*,#1666,.T.);
#2339=ORIENTED_EDGE('',*,*,#1634,.T.);
#2340=ORIENTED_EDGE('',*,*,#1666,.F.);
#2341=ORIENTED_EDGE('',*,*,#1667,.T.);
#2342=ORIENTED_EDGE('',*,*,#1668,.T.);
#2343=ORIENTED_EDGE('',*,*,#1669,.T.);
#2344=ORIENTED_EDGE('',*,*,#1635,.T.);
#2345=ORIENTED_EDGE('',*,*,#1669,.F.);
#2346=ORIENTED_EDGE('',*,*,#1670,.T.);
#2347=ORIENTED_EDGE('',*,*,#1671,.T.);
#2348=ORIENTED_EDGE('',*,*,#1672,.T.);
#2349=ORIENTED_EDGE('',*,*,#1636,.T.);
#2350=ORIENTED_EDGE('',*,*,#1672,.F.);
#2351=ORIENTED_EDGE('',*,*,#1673,.T.);
#2352=ORIENTED_EDGE('',*,*,#1674,.T.);
#2353=ORIENTED_EDGE('',*,*,#1675,.T.);
#2354=ORIENTED_EDGE('',*,*,#1637,.T.);
#2355=ORIENTED_EDGE('',*,*,#1675,.F.);
#2356=ORIENTED_EDGE('',*,*,#1676,.T.);
#2357=ORIENTED_EDGE('',*,*,#1677,.T.);
#2358=ORIENTED_EDGE('',*,*,#1602,.T.);
#2359=ORIENTED_EDGE('',*,*,#1597,.F.);
#2360=ORIENTED_EDGE('',*,*,#1591,.F.);
#2361=ORIENTED_EDGE('',*,*,#1595,.F.);
#2362=ORIENTED_EDGE('',*,*,#1601,.T.);
#2363=ORIENTED_EDGE('',*,*,#1638,.F.);
#2364=ORIENTED_EDGE('',*,*,#1646,.F.);
#2365=ORIENTED_EDGE('',*,*,#1644,.F.);
#2366=ORIENTED_EDGE('',*,*,#1642,.F.);
#2367=ORIENTED_EDGE('',*,*,#1640,.F.);
#2368=ORIENTED_EDGE('',*,*,#1617,.T.);
#2369=ORIENTED_EDGE('',*,*,#1615,.F.);
#2370=ORIENTED_EDGE('',*,*,#1609,.F.);
#2371=ORIENTED_EDGE('',*,*,#1613,.F.);
#2372=ORIENTED_EDGE('',*,*,#1624,.T.);
#2373=ORIENTED_EDGE('',*,*,#1678,.T.);
#2374=ORIENTED_EDGE('',*,*,#1673,.F.);
#2375=ORIENTED_EDGE('',*,*,#1671,.F.);
#2376=ORIENTED_EDGE('',*,*,#1679,.T.);
#2377=ORIENTED_EDGE('',*,*,#1680,.T.);
#2378=ORIENTED_EDGE('',*,*,#1681,.T.);
#2379=ORIENTED_EDGE('',*,*,#1670,.F.);
#2380=ORIENTED_EDGE('',*,*,#1668,.F.);
#2381=ORIENTED_EDGE('',*,*,#1682,.T.);
#2382=ORIENTED_EDGE('',*,*,#1664,.F.);
#2383=ORIENTED_EDGE('',*,*,#1662,.F.);
#2384=ORIENTED_EDGE('',*,*,#1683,.T.);
#2385=ORIENTED_EDGE('',*,*,#1667,.F.);
#2386=ORIENTED_EDGE('',*,*,#1665,.F.);
#2387=ORIENTED_EDGE('',*,*,#1684,.T.);
#2388=ORIENTED_EDGE('',*,*,#1685,.T.);
#2389=ORIENTED_EDGE('',*,*,#1686,.T.);
#2390=ORIENTED_EDGE('',*,*,#1676,.F.);
#2391=ORIENTED_EDGE('',*,*,#1674,.F.);
#2392=ORIENTED_EDGE('',*,*,#1623,.T.);
#2393=ORIENTED_EDGE('',*,*,#1687,.T.);
#2394=ORIENTED_EDGE('',*,*,#1688,.T.);
#2395=ORIENTED_EDGE('',*,*,#1679,.F.);
#2396=ORIENTED_EDGE('',*,*,#1678,.F.);
#2397=ORIENTED_EDGE('',*,*,#1650,.F.);
#2398=ORIENTED_EDGE('',*,*,#1689,.T.);
#2399=ORIENTED_EDGE('',*,*,#1690,.T.);
#2400=ORIENTED_EDGE('',*,*,#1685,.F.);
#2401=ORIENTED_EDGE('',*,*,#1691,.F.);
#2402=ORIENTED_EDGE('',*,*,#1692,.T.);
#2403=ORIENTED_EDGE('',*,*,#1691,.T.);
#2404=ORIENTED_EDGE('',*,*,#1684,.F.);
#2405=ORIENTED_EDGE('',*,*,#1683,.F.);
#2406=ORIENTED_EDGE('',*,*,#1682,.F.);
#2407=ORIENTED_EDGE('',*,*,#1681,.F.);
#2408=ORIENTED_EDGE('',*,*,#1693,.F.);
#2409=ORIENTED_EDGE('',*,*,#1655,.F.);
#2410=ORIENTED_EDGE('',*,*,#1658,.F.);
#2411=ORIENTED_EDGE('',*,*,#1661,.F.);
#2412=ORIENTED_EDGE('',*,*,#1694,.T.);
#2413=ORIENTED_EDGE('',*,*,#1693,.T.);
#2414=ORIENTED_EDGE('',*,*,#1680,.F.);
#2415=ORIENTED_EDGE('',*,*,#1688,.F.);
#2416=ORIENTED_EDGE('',*,*,#1603,.T.);
#2417=ORIENTED_EDGE('',*,*,#1677,.F.);
#2418=ORIENTED_EDGE('',*,*,#1686,.F.);
#2419=ORIENTED_EDGE('',*,*,#1690,.F.);
#2420=ORIENTED_EDGE('',*,*,#1695,.T.);
#2421=ORIENTED_EDGE('',*,*,#1649,.F.);
#2422=ORIENTED_EDGE('',*,*,#1687,.F.);
#2423=ORIENTED_EDGE('',*,*,#1622,.F.);
#2424=ORIENTED_EDGE('',*,*,#1696,.F.);
#2425=ORIENTED_EDGE('',*,*,#1583,.T.);
#2426=ORIENTED_EDGE('',*,*,#1697,.T.);
#2427=ORIENTED_EDGE('',*,*,#1587,.T.);
#2428=ORIENTED_EDGE('',*,*,#1698,.T.);
#2429=ORIENTED_EDGE('',*,*,#1604,.F.);
#2430=ORIENTED_EDGE('',*,*,#1695,.F.);
#2431=ORIENTED_EDGE('',*,*,#1689,.F.);
#2432=ORIENTED_EDGE('',*,*,#1692,.F.);
#2433=ORIENTED_EDGE('',*,*,#1694,.F.);
#2434=ORIENTED_EDGE('',*,*,#1625,.T.);
#2435=ORIENTED_EDGE('',*,*,#1605,.T.);
#2436=ORIENTED_EDGE('',*,*,#1698,.F.);
#2437=ORIENTED_EDGE('',*,*,#1586,.F.);
#2438=ORIENTED_EDGE('',*,*,#1647,.F.);
#2439=ORIENTED_EDGE('',*,*,#1627,.T.);
#2440=ORIENTED_EDGE('',*,*,#1584,.T.);
#2441=ORIENTED_EDGE('',*,*,#1696,.T.);
#2442=ORIENTED_EDGE('',*,*,#1621,.F.);
#2443=ORIENTED_EDGE('',*,*,#1652,.F.);
#2444=ORIENTED_EDGE('',*,*,#1626,.T.);
#2445=ORIENTED_EDGE('',*,*,#1588,.T.);
#2446=ORIENTED_EDGE('',*,*,#1697,.F.);
#2447=ORIENTED_EDGE('',*,*,#1582,.F.);
#2448=ORIENTED_EDGE('',*,*,#1653,.F.);
#2449=ORIENTED_EDGE('',*,*,#1656,.F.);
#2450=ORIENTED_EDGE('',*,*,#1659,.F.);
#2451=PLANE('',#2706);
#2452=PLANE('',#2707);
#2453=PLANE('',#2708);
#2454=PLANE('',#2709);
#2455=PLANE('',#2710);
#2456=PLANE('',#2711);
#2457=PLANE('',#2712);
#2458=PLANE('',#2713);
#2459=PLANE('',#2714);
#2460=PLANE('',#2715);
#2461=PLANE('',#2726);
#2462=PLANE('',#2738);
#2463=PLANE('',#2739);
#2464=PLANE('',#2740);
#2465=PLANE('',#2741);
#2466=PLANE('',#2762);
#2467=PLANE('',#2763);
#2468=PLANE('',#2764);
#2469=PLANE('',#2765);
#2470=PLANE('',#2766);
#2471=PLANE('',#2767);
#2472=PLANE('',#2768);
#2473=PLANE('',#2770);
#2474=PLANE('',#2771);
#2475=PLANE('',#2772);
#2476=PLANE('',#2773);
#2477=PLANE('',#2774);
#2478=PLANE('',#2775);
#2479=PLANE('',#2776);
#2480=PLANE('',#2777);
#2481=PLANE('',#2784);
#2482=PLANE('',#2785);
#2483=PLANE('',#2789);
#2484=PLANE('',#2790);
#2485=PLANE('',#2791);
#2486=PLANE('',#2792);
#2487=PLANE('',#2793);
#2488=PLANE('',#2806);
#2489=PLANE('',#2807);
#2490=PLANE('',#2808);
#2491=PLANE('',#2810);
#2492=PLANE('',#2811);
#2493=PLANE('',#2812);
#2494=PLANE('',#2813);
#2495=PLANE('',#2820);
#2496=PLANE('',#2821);
#2497=PLANE('',#2825);
#2498=PLANE('',#2826);
#2499=PLANE('',#2827);
#2500=PLANE('',#2828);
#2501=PLANE('',#2829);
#2502=PLANE('',#2830);
#2503=PLANE('',#2831);
#2504=PLANE('',#2832);
#2505=PLANE('',#2833);
#2506=PLANE('',#2846);
#2507=PLANE('',#2847);
#2508=PLANE('',#2848);
#2509=PLANE('',#2856);
#2510=PLANE('',#2857);
#2511=PLANE('',#2858);
#2512=PLANE('',#2859);
#2513=PLANE('',#2860);
#2514=PLANE('',#2861);
#2515=PLANE('',#2862);
#2516=PLANE('',#2863);
#2517=PLANE('',#2864);
#2518=PLANE('',#2865);
#2519=PLANE('',#2866);
#2520=PLANE('',#2872);
#2521=PLANE('',#2873);
#2522=PLANE('',#2874);
#2523=PLANE('',#2905);
#2524=PLANE('',#2906);
#2525=PLANE('',#2907);
#2526=PLANE('',#2908);
#2527=PLANE('',#2909);
#2528=PLANE('',#2910);
#2529=PLANE('',#2911);
#2530=PLANE('',#2912);
#2531=ADVANCED_FACE('',(#239),#2451,.T.);
#2532=ADVANCED_FACE('',(#240),#2452,.T.);
#2533=ADVANCED_FACE('',(#241),#2453,.T.);
#2534=ADVANCED_FACE('',(#242),#2454,.T.);
#2535=ADVANCED_FACE('',(#243),#2455,.T.);
#2536=ADVANCED_FACE('',(#244),#2456,.F.);
#2537=ADVANCED_FACE('',(#245),#2457,.F.);
#2538=ADVANCED_FACE('',(#246),#2458,.F.);
#2539=ADVANCED_FACE('',(#247),#2459,.T.);
#2540=ADVANCED_FACE('',(#248),#2460,.T.);
#2541=ADVANCED_FACE('',(#249,#87,#88,#89,#90,#91),#2461,.F.);
#2542=ADVANCED_FACE('',(#250),#51,.T.);
#2543=ADVANCED_FACE('',(#251),#52,.T.);
#2544=ADVANCED_FACE('',(#252),#2462,.T.);
#2545=ADVANCED_FACE('',(#253),#2463,.F.);
#2546=ADVANCED_FACE('',(#254),#2464,.F.);
#2547=ADVANCED_FACE('',(#255),#43,.F.);
#2548=ADVANCED_FACE('',(#256),#2465,.F.);
#2549=ADVANCED_FACE('',(#257),#44,.F.);
#2550=ADVANCED_FACE('',(#258),#53,.F.);
#2551=ADVANCED_FACE('',(#259),#54,.F.);
#2552=ADVANCED_FACE('',(#260),#55,.F.);
#2553=ADVANCED_FACE('',(#261),#56,.F.);
#2554=ADVANCED_FACE('',(#262),#57,.F.);
#2555=ADVANCED_FACE('',(#263),#58,.F.);
#2556=ADVANCED_FACE('',(#264),#59,.F.);
#2557=ADVANCED_FACE('',(#265),#60,.F.);
#2558=ADVANCED_FACE('',(#266),#61,.F.);
#2559=ADVANCED_FACE('',(#267),#62,.F.);
#2560=ADVANCED_FACE('',(#268,#92),#2466,.F.);
#2561=ADVANCED_FACE('',(#269),#45,.F.);
#2562=ADVANCED_FACE('',(#270,#93,#94,#95),#2467,.F.);
#2563=ADVANCED_FACE('',(#271),#46,.F.);
#2564=ADVANCED_FACE('',(#272,#96),#2468,.F.);
#2565=ADVANCED_FACE('',(#273),#2469,.T.);
#2566=ADVANCED_FACE('',(#274,#97),#2470,.T.);
#2567=ADVANCED_FACE('',(#275,#98),#2471,.T.);
#2568=ADVANCED_FACE('',(#276,#99,#100,#101),#2472,.T.);
#2569=ADVANCED_FACE('',(#277),#2473,.F.);
#2570=ADVANCED_FACE('',(#278),#2474,.F.);
#2571=ADVANCED_FACE('',(#279),#2475,.F.);
#2572=ADVANCED_FACE('',(#280),#2476,.F.);
#2573=ADVANCED_FACE('',(#281),#2477,.F.);
#2574=ADVANCED_FACE('',(#282),#2478,.F.);
#2575=ADVANCED_FACE('',(#283),#2479,.F.);
#2576=ADVANCED_FACE('',(#284),#2480,.T.);
#2577=ADVANCED_FACE('',(#285),#2481,.T.);
#2578=ADVANCED_FACE('',(#286,#102,#103,#104),#2482,.F.);
#2579=ADVANCED_FACE('',(#287),#2483,.T.);
#2580=ADVANCED_FACE('',(#288),#2484,.F.);
#2581=ADVANCED_FACE('',(#289),#2485,.F.);
#2582=ADVANCED_FACE('',(#290),#2486,.T.);
#2583=ADVANCED_FACE('',(#291),#2487,.F.);
#2584=ADVANCED_FACE('',(#292),#63,.F.);
#2585=ADVANCED_FACE('',(#293),#64,.F.);
#2586=ADVANCED_FACE('',(#294),#65,.F.);
#2587=ADVANCED_FACE('',(#295),#66,.F.);
#2588=ADVANCED_FACE('',(#296),#67,.F.);
#2589=ADVANCED_FACE('',(#297),#68,.F.);
#2590=ADVANCED_FACE('',(#298,#105,#106,#107),#2488,.F.);
#2591=ADVANCED_FACE('',(#299,#108,#109,#110),#2489,.T.);
#2592=ADVANCED_FACE('',(#300),#2490,.T.);
#2593=ADVANCED_FACE('',(#301),#2491,.F.);
#2594=ADVANCED_FACE('',(#302),#2492,.F.);
#2595=ADVANCED_FACE('',(#303),#2493,.F.);
#2596=ADVANCED_FACE('',(#304),#2494,.T.);
#2597=ADVANCED_FACE('',(#305),#2495,.F.);
#2598=ADVANCED_FACE('',(#306,#111,#112,#113),#2496,.F.);
#2599=ADVANCED_FACE('',(#307),#2497,.T.);
#2600=ADVANCED_FACE('',(#308),#2498,.F.);
#2601=ADVANCED_FACE('',(#309),#2499,.F.);
#2602=ADVANCED_FACE('',(#310),#2500,.F.);
#2603=ADVANCED_FACE('',(#311),#2501,.T.);
#2604=ADVANCED_FACE('',(#312),#2502,.T.);
#2605=ADVANCED_FACE('',(#313),#2503,.T.);
#2606=ADVANCED_FACE('',(#314),#2504,.F.);
#2607=ADVANCED_FACE('',(#315),#2505,.T.);
#2608=ADVANCED_FACE('',(#316),#69,.F.);
#2609=ADVANCED_FACE('',(#317),#70,.F.);
#2610=ADVANCED_FACE('',(#318),#71,.F.);
#2611=ADVANCED_FACE('',(#319),#72,.F.);
#2612=ADVANCED_FACE('',(#320),#73,.F.);
#2613=ADVANCED_FACE('',(#321),#74,.F.);
#2614=ADVANCED_FACE('',(#322,#114,#115,#116),#2506,.F.);
#2615=ADVANCED_FACE('',(#323),#2507,.T.);
#2616=ADVANCED_FACE('',(#324,#117,#118,#119),#2508,.T.);
#2617=ADVANCED_FACE('',(#325),#75,.T.);
#2618=ADVANCED_FACE('',(#326),#76,.T.);
#2619=ADVANCED_FACE('',(#327),#2509,.F.);
#2620=ADVANCED_FACE('',(#328),#2510,.F.);
#2621=ADVANCED_FACE('',(#329),#2511,.F.);
#2622=ADVANCED_FACE('',(#330),#2512,.F.);
#2623=ADVANCED_FACE('',(#331),#2513,.F.);
#2624=ADVANCED_FACE('',(#332),#2514,.F.);
#2625=ADVANCED_FACE('',(#333),#2515,.F.);
#2626=ADVANCED_FACE('',(#334),#2516,.F.);
#2627=ADVANCED_FACE('',(#335),#2517,.F.);
#2628=ADVANCED_FACE('',(#336),#2518,.F.);
#2629=ADVANCED_FACE('',(#337,#120,#121,#122,#123,#124),#2519,.T.);
#2630=ADVANCED_FACE('',(#338),#2520,.T.);
#2631=ADVANCED_FACE('',(#339),#2521,.T.);
#2632=ADVANCED_FACE('',(#340),#47,.T.);
#2633=ADVANCED_FACE('',(#341),#2522,.T.);
#2634=ADVANCED_FACE('',(#342),#48,.T.);
#2635=ADVANCED_FACE('',(#343),#77,.F.);
#2636=ADVANCED_FACE('',(#344),#78,.F.);
#2637=ADVANCED_FACE('',(#345),#79,.F.);
#2638=ADVANCED_FACE('',(#346),#80,.F.);
#2639=ADVANCED_FACE('',(#347),#81,.F.);
#2640=ADVANCED_FACE('',(#348),#82,.F.);
#2641=ADVANCED_FACE('',(#349),#83,.F.);
#2642=ADVANCED_FACE('',(#350),#84,.F.);
#2643=ADVANCED_FACE('',(#351),#85,.F.);
#2644=ADVANCED_FACE('',(#352),#86,.F.);
#2645=ADVANCED_FACE('',(#353),#2523,.F.);
#2646=ADVANCED_FACE('',(#354,#125),#2524,.T.);
#2647=ADVANCED_FACE('',(#355),#49,.T.);
#2648=ADVANCED_FACE('',(#356,#126,#127,#128),#2525,.T.);
#2649=ADVANCED_FACE('',(#357),#50,.T.);
#2650=ADVANCED_FACE('',(#358,#129),#2526,.T.);
#2651=ADVANCED_FACE('',(#359),#2527,.F.);
#2652=ADVANCED_FACE('',(#360,#130),#2528,.F.);
#2653=ADVANCED_FACE('',(#361,#131),#2529,.F.);
#2654=ADVANCED_FACE('',(#362,#132,#133,#134),#2530,.F.);
#2655=CLOSED_SHELL('',(#2531,#2532,#2533,#2534,#2535,#2536,#2537,#2538,
#2539,#2540,#2541,#2542,#2543,#2544,#2545,#2546,#2547,#2548,#2549,#2550,
#2551,#2552,#2553,#2554,#2555,#2556,#2557,#2558,#2559,#2560,#2561,#2562,
#2563,#2564,#2565,#2566,#2567,#2568));
#2656=CLOSED_SHELL('',(#2569,#2570,#2571,#2572,#2573,#2574,#2575,#2576,
#2577,#2578,#2579,#2580,#2581,#2582,#2583,#2584,#2585,#2586,#2587,#2588,
#2589,#2590,#2591,#2592));
#2657=CLOSED_SHELL('',(#2593,#2594,#2595,#2596,#2597,#2598,#2599,#2600,
#2601,#2602,#2603,#2604,#2605,#2606,#2607,#2608,#2609,#2610,#2611,#2612,
#2613,#2614,#2615,#2616));
#2658=CLOSED_SHELL('',(#2617,#2618,#2619,#2620,#2621,#2622,#2623,#2624,
#2625,#2626,#2627,#2628,#2629,#2630,#2631,#2632,#2633,#2634,#2635,#2636,
#2637,#2638,#2639,#2640,#2641,#2642,#2643,#2644,#2645,#2646,#2647,#2648,
#2649,#2650,#2651,#2652,#2653,#2654));
#2659=DERIVED_UNIT_ELEMENT(#2667,1.);
#2660=DERIVED_UNIT_ELEMENT(#4725,-3.);
#2661=DERIVED_UNIT_ELEMENT(#2667,1.);
#2662=DERIVED_UNIT_ELEMENT(#4725,-3.);
#2663=DERIVED_UNIT_ELEMENT(#2667,1.);
#2664=DERIVED_UNIT_ELEMENT(#4725,-3.);
#2665=DERIVED_UNIT_ELEMENT(#2667,1.);
#2666=DERIVED_UNIT_ELEMENT(#4725,-3.);
#2667=(
MASS_UNIT()
NAMED_UNIT(*)
SI_UNIT(.KILO.,.GRAM.)
);
#2668=DERIVED_UNIT((#2659,#2660));
#2669=DERIVED_UNIT((#2661,#2662));
#2670=DERIVED_UNIT((#2663,#2664));
#2671=DERIVED_UNIT((#2665,#2666));
#2672=MEASURE_REPRESENTATION_ITEM('density measure',
POSITIVE_RATIO_MEASURE(7850.),#2668);
#2673=MEASURE_REPRESENTATION_ITEM('density measure',
POSITIVE_RATIO_MEASURE(7850.),#2669);
#2674=MEASURE_REPRESENTATION_ITEM('density measure',
POSITIVE_RATIO_MEASURE(7850.),#2670);
#2675=MEASURE_REPRESENTATION_ITEM('density measure',
POSITIVE_RATIO_MEASURE(7850.),#2671);
#2676=PROPERTY_DEFINITION_REPRESENTATION(#2696,#2684);
#2677=PROPERTY_DEFINITION_REPRESENTATION(#2697,#2685);
#2678=PROPERTY_DEFINITION_REPRESENTATION(#2698,#2686);
#2679=PROPERTY_DEFINITION_REPRESENTATION(#2699,#2687);
#2680=PROPERTY_DEFINITION_REPRESENTATION(#2700,#2688);
#2681=PROPERTY_DEFINITION_REPRESENTATION(#2701,#2689);
#2682=PROPERTY_DEFINITION_REPRESENTATION(#2702,#2690);
#2683=PROPERTY_DEFINITION_REPRESENTATION(#2703,#2691);
#2684=REPRESENTATION('material name',(#2692),#4719);
#2685=REPRESENTATION('density',(#2672),#4719);
#2686=REPRESENTATION('material name',(#2693),#4720);
#2687=REPRESENTATION('density',(#2673),#4720);
#2688=REPRESENTATION('material name',(#2694),#4721);
#2689=REPRESENTATION('density',(#2674),#4721);
#2690=REPRESENTATION('material name',(#2695),#4722);
#2691=REPRESENTATION('density',(#2675),#4722);
#2692=DESCRIPTIVE_REPRESENTATION_ITEM('Steel','Steel');
#2693=DESCRIPTIVE_REPRESENTATION_ITEM('Steel','Steel');
#2694=DESCRIPTIVE_REPRESENTATION_ITEM('Steel','Steel');
#2695=DESCRIPTIVE_REPRESENTATION_ITEM('Steel','Steel');
#2696=PROPERTY_DEFINITION('material property','material name',#4749);
#2697=PROPERTY_DEFINITION('material property','density of part',#4749);
#2698=PROPERTY_DEFINITION('material property','material name',#4750);
#2699=PROPERTY_DEFINITION('material property','density of part',#4750);
#2700=PROPERTY_DEFINITION('material property','material name',#4751);
#2701=PROPERTY_DEFINITION('material property','density of part',#4751);
#2702=PROPERTY_DEFINITION('material property','material name',#4752);
#2703=PROPERTY_DEFINITION('material property','density of part',#4752);
#2704=AXIS2_PLACEMENT_3D('',#3615,#2917,#2918);
#2705=AXIS2_PLACEMENT_3D('',#3616,#2919,#2920);
#2706=AXIS2_PLACEMENT_3D('',#3617,#2921,#2922);
#2707=AXIS2_PLACEMENT_3D('',#3626,#2927,#2928);
#2708=AXIS2_PLACEMENT_3D('',#3632,#2932,#2933);
#2709=AXIS2_PLACEMENT_3D('',#3638,#2937,#2938);
#2710=AXIS2_PLACEMENT_3D('',#3644,#2942,#2943);
#2711=AXIS2_PLACEMENT_3D('',#3654,#2949,#2950);
#2712=AXIS2_PLACEMENT_3D('',#3663,#2955,#2956);
#2713=AXIS2_PLACEMENT_3D('',#3672,#2961,#2962);
#2714=AXIS2_PLACEMENT_3D('',#3675,#2965,#2966);
#2715=AXIS2_PLACEMENT_3D('',#3685,#2972,#2973);
#2716=AXIS2_PLACEMENT_3D('',#3718,#2979,#2980);
#2717=AXIS2_PLACEMENT_3D('',#3719,#2981,#2982);
#2718=AXIS2_PLACEMENT_3D('',#3739,#2985,#2986);
#2719=AXIS2_PLACEMENT_3D('',#3740,#2987,#2988);
#2720=AXIS2_PLACEMENT_3D('',#3744,#2990,#2991);
#2721=AXIS2_PLACEMENT_3D('',#3745,#2992,#2993);
#2722=AXIS2_PLACEMENT_3D('',#3749,#2995,#2996);
#2723=AXIS2_PLACEMENT_3D('',#3750,#2997,#2998);
#2724=AXIS2_PLACEMENT_3D('',#3770,#3001,#3002);
#2725=AXIS2_PLACEMENT_3D('',#3771,#3003,#3004);
#2726=AXIS2_PLACEMENT_3D('',#3773,#3006,#3007);
#2727=AXIS2_PLACEMENT_3D('',#3777,#3009,#3010);
#2728=AXIS2_PLACEMENT_3D('',#3781,#3012,#3013);
#2729=AXIS2_PLACEMENT_3D('',#3813,#3019,#3020);
#2730=AXIS2_PLACEMENT_3D('',#3815,#3021,#3022);
#2731=AXIS2_PLACEMENT_3D('',#3817,#3023,#3024);
#2732=AXIS2_PLACEMENT_3D('',#3819,#3025,#3026);
#2733=AXIS2_PLACEMENT_3D('',#3821,#3027,#3028);
#2734=AXIS2_PLACEMENT_3D('',#3822,#3029,#3030);
#2735=AXIS2_PLACEMENT_3D('',#3826,#3032,#3033);
#2736=AXIS2_PLACEMENT_3D('',#3828,#3035,#3036);
#2737=AXIS2_PLACEMENT_3D('',#3832,#3038,#3039);
#2738=AXIS2_PLACEMENT_3D('',#3834,#3041,#3042);
#2739=AXIS2_PLACEMENT_3D('',#3836,#3044,#3045);
#2740=AXIS2_PLACEMENT_3D('',#3838,#3047,#3048);
#2741=AXIS2_PLACEMENT_3D('',#3861,#3051,#3052);
#2742=AXIS2_PLACEMENT_3D('',#3883,#3054,#3055);
#2743=AXIS2_PLACEMENT_3D('',#3885,#3056,#3057);
#2744=AXIS2_PLACEMENT_3D('',#3888,#3059,#3060);
#2745=AXIS2_PLACEMENT_3D('',#3889,#3061,#3062);
#2746=AXIS2_PLACEMENT_3D('',#3891,#3063,#3064);
#2747=AXIS2_PLACEMENT_3D('',#3894,#3066,#3067);
#2748=AXIS2_PLACEMENT_3D('',#3895,#3068,#3069);
#2749=AXIS2_PLACEMENT_3D('',#3897,#3070,#3071);
#2750=AXIS2_PLACEMENT_3D('',#3900,#3073,#3074);
#2751=AXIS2_PLACEMENT_3D('',#3901,#3075,#3076);
#2752=AXIS2_PLACEMENT_3D('',#3903,#3077,#3078);
#2753=AXIS2_PLACEMENT_3D('',#3906,#3080,#3081);
#2754=AXIS2_PLACEMENT_3D('',#3907,#3082,#3083);
#2755=AXIS2_PLACEMENT_3D('',#3909,#3084,#3085);
#2756=AXIS2_PLACEMENT_3D('',#3912,#3087,#3088);
#2757=AXIS2_PLACEMENT_3D('',#3913,#3089,#3090);
#2758=AXIS2_PLACEMENT_3D('',#3915,#3092,#3093);
#2759=AXIS2_PLACEMENT_3D('',#3917,#3095,#3096);
#2760=AXIS2_PLACEMENT_3D('',#3919,#3098,#3099);
#2761=AXIS2_PLACEMENT_3D('',#3921,#3101,#3102);
#2762=AXIS2_PLACEMENT_3D('',#3923,#3104,#3105);
#2763=AXIS2_PLACEMENT_3D('',#3970,#3110,#3111);
#2764=AXIS2_PLACEMENT_3D('',#4013,#3114,#3115);
#2765=AXIS2_PLACEMENT_3D('',#4015,#3117,#3118);
#2766=AXIS2_PLACEMENT_3D('',#4019,#3122,#3123);
#2767=AXIS2_PLACEMENT_3D('',#4020,#3124,#3125);
#2768=AXIS2_PLACEMENT_3D('',#4021,#3126,#3127);
#2769=AXIS2_PLACEMENT_3D('',#4022,#3128,#3129);
#2770=AXIS2_PLACEMENT_3D('',#4023,#3130,#3131);
#2771=AXIS2_PLACEMENT_3D('',#4032,#3136,#3137);
#2772=AXIS2_PLACEMENT_3D('',#4040,#3142,#3143);
#2773=AXIS2_PLACEMENT_3D('',#4046,#3147,#3148);
#2774=AXIS2_PLACEMENT_3D('',#4055,#3153,#3154);
#2775=AXIS2_PLACEMENT_3D('',#4063,#3159,#3160);
#2776=AXIS2_PLACEMENT_3D('',#4069,#3164,#3165);
#2777=AXIS2_PLACEMENT_3D('',#4079,#3171,#3172);
#2778=AXIS2_PLACEMENT_3D('',#4083,#3174,#3175);
#2779=AXIS2_PLACEMENT_3D('',#4084,#3176,#3177);
#2780=AXIS2_PLACEMENT_3D('',#4088,#3179,#3180);
#2781=AXIS2_PLACEMENT_3D('',#4089,#3181,#3182);
#2782=AXIS2_PLACEMENT_3D('',#4093,#3184,#3185);
#2783=AXIS2_PLACEMENT_3D('',#4094,#3186,#3187);
#2784=AXIS2_PLACEMENT_3D('',#4101,#3192,#3193);
#2785=AXIS2_PLACEMENT_3D('',#4105,#3196,#3197);
#2786=AXIS2_PLACEMENT_3D('',#4115,#3203,#3204);
#2787=AXIS2_PLACEMENT_3D('',#4117,#3205,#3206);
#2788=AXIS2_PLACEMENT_3D('',#4119,#3207,#3208);
#2789=AXIS2_PLACEMENT_3D('',#4120,#3209,#3210);
#2790=AXIS2_PLACEMENT_3D('',#4122,#3212,#3213);
#2791=AXIS2_PLACEMENT_3D('',#4124,#3215,#3216);
#2792=AXIS2_PLACEMENT_3D('',#4126,#3218,#3219);
#2793=AXIS2_PLACEMENT_3D('',#4132,#3223,#3224);
#2794=AXIS2_PLACEMENT_3D('',#4133,#3225,#3226);
#2795=AXIS2_PLACEMENT_3D('',#4135,#3227,#3228);
#2796=AXIS2_PLACEMENT_3D('',#4138,#3230,#3231);
#2797=AXIS2_PLACEMENT_3D('',#4139,#3232,#3233);
#2798=AXIS2_PLACEMENT_3D('',#4141,#3234,#3235);
#2799=AXIS2_PLACEMENT_3D('',#4144,#3237,#3238);
#2800=AXIS2_PLACEMENT_3D('',#4145,#3239,#3240);
#2801=AXIS2_PLACEMENT_3D('',#4147,#3241,#3242);
#2802=AXIS2_PLACEMENT_3D('',#4150,#3244,#3245);
#2803=AXIS2_PLACEMENT_3D('',#4151,#3246,#3247);
#2804=AXIS2_PLACEMENT_3D('',#4153,#3249,#3250);
#2805=AXIS2_PLACEMENT_3D('',#4155,#3252,#3253);
#2806=AXIS2_PLACEMENT_3D('',#4157,#3255,#3256);
#2807=AXIS2_PLACEMENT_3D('',#4159,#3258,#3259);
#2808=AXIS2_PLACEMENT_3D('',#4161,#3261,#3262);
#2809=AXIS2_PLACEMENT_3D('',#4162,#3263,#3264);
#2810=AXIS2_PLACEMENT_3D('',#4163,#3265,#3266);
#2811=AXIS2_PLACEMENT_3D('',#4172,#3271,#3272);
#2812=AXIS2_PLACEMENT_3D('',#4180,#3277,#3278);
#2813=AXIS2_PLACEMENT_3D('',#4186,#3282,#3283);
#2814=AXIS2_PLACEMENT_3D('',#4190,#3285,#3286);
#2815=AXIS2_PLACEMENT_3D('',#4191,#3287,#3288);
#2816=AXIS2_PLACEMENT_3D('',#4195,#3290,#3291);
#2817=AXIS2_PLACEMENT_3D('',#4196,#3292,#3293);
#2818=AXIS2_PLACEMENT_3D('',#4200,#3295,#3296);
#2819=AXIS2_PLACEMENT_3D('',#4201,#3297,#3298);
#2820=AXIS2_PLACEMENT_3D('',#4213,#3305,#3306);
#2821=AXIS2_PLACEMENT_3D('',#4217,#3309,#3310);
#2822=AXIS2_PLACEMENT_3D('',#4236,#3320,#3321);
#2823=AXIS2_PLACEMENT_3D('',#4238,#3322,#3323);
#2824=AXIS2_PLACEMENT_3D('',#4240,#3324,#3325);
#2825=AXIS2_PLACEMENT_3D('',#4241,#3326,#3327);
#2826=AXIS2_PLACEMENT_3D('',#4243,#3329,#3330);
#2827=AXIS2_PLACEMENT_3D('',#4249,#3334,#3335);
#2828=AXIS2_PLACEMENT_3D('',#4252,#3338,#3339);
#2829=AXIS2_PLACEMENT_3D('',#4254,#3341,#3342);
#2830=AXIS2_PLACEMENT_3D('',#4262,#3347,#3348);
#2831=AXIS2_PLACEMENT_3D('',#4264,#3350,#3351);
#2832=AXIS2_PLACEMENT_3D('',#4270,#3355,#3356);
#2833=AXIS2_PLACEMENT_3D('',#4272,#3358,#3359);
#2834=AXIS2_PLACEMENT_3D('',#4273,#3360,#3361);
#2835=AXIS2_PLACEMENT_3D('',#4275,#3362,#3363);
#2836=AXIS2_PLACEMENT_3D('',#4278,#3365,#3366);
#2837=AXIS2_PLACEMENT_3D('',#4279,#3367,#3368);
#2838=AXIS2_PLACEMENT_3D('',#4281,#3369,#3370);
#2839=AXIS2_PLACEMENT_3D('',#4284,#3372,#3373);
#2840=AXIS2_PLACEMENT_3D('',#4285,#3374,#3375);
#2841=AXIS2_PLACEMENT_3D('',#4287,#3376,#3377);
#2842=AXIS2_PLACEMENT_3D('',#4290,#3379,#3380);
#2843=AXIS2_PLACEMENT_3D('',#4291,#3381,#3382);
#2844=AXIS2_PLACEMENT_3D('',#4293,#3384,#3385);
#2845=AXIS2_PLACEMENT_3D('',#4295,#3387,#3388);
#2846=AXIS2_PLACEMENT_3D('',#4297,#3390,#3391);
#2847=AXIS2_PLACEMENT_3D('',#4299,#3393,#3394);
#2848=AXIS2_PLACEMENT_3D('',#4301,#3396,#3397);
#2849=AXIS2_PLACEMENT_3D('',#4302,#3398,#3399);
#2850=AXIS2_PLACEMENT_3D('',#4303,#3400,#3401);
#2851=AXIS2_PLACEMENT_3D('',#4306,#3402,#3403);
#2852=AXIS2_PLACEMENT_3D('',#4310,#3405,#3406);
#2853=AXIS2_PLACEMENT_3D('',#4312,#3408,#3409);
#2854=AXIS2_PLACEMENT_3D('',#4315,#3410,#3411);
#2855=AXIS2_PLACEMENT_3D('',#4319,#3413,#3414);
#2856=AXIS2_PLACEMENT_3D('',#4321,#3416,#3417);
#2857=AXIS2_PLACEMENT_3D('',#4330,#3422,#3423);
#2858=AXIS2_PLACEMENT_3D('',#4336,#3427,#3428);
#2859=AXIS2_PLACEMENT_3D('',#4342,#3432,#3433);
#2860=AXIS2_PLACEMENT_3D('',#4348,#3437,#3438);
#2861=AXIS2_PLACEMENT_3D('',#4358,#3444,#3445);
#2862=AXIS2_PLACEMENT_3D('',#4367,#3450,#3451);
#2863=AXIS2_PLACEMENT_3D('',#4373,#3455,#3456);
#2864=AXIS2_PLACEMENT_3D('',#4379,#3460,#3461);
#2865=AXIS2_PLACEMENT_3D('',#4385,#3465,#3466);
#2866=AXIS2_PLACEMENT_3D('',#4395,#3472,#3473);
#2867=AXIS2_PLACEMENT_3D('',#4427,#3480,#3481);
#2868=AXIS2_PLACEMENT_3D('',#4429,#3482,#3483);
#2869=AXIS2_PLACEMENT_3D('',#4431,#3484,#3485);
#2870=AXIS2_PLACEMENT_3D('',#4433,#3486,#3487);
#2871=AXIS2_PLACEMENT_3D('',#4435,#3488,#3489);
#2872=AXIS2_PLACEMENT_3D('',#4436,#3490,#3491);
#2873=AXIS2_PLACEMENT_3D('',#4440,#3494,#3495);
#2874=AXIS2_PLACEMENT_3D('',#4476,#3499,#3500);
#2875=AXIS2_PLACEMENT_3D('',#4510,#3503,#3504);
#2876=AXIS2_PLACEMENT_3D('',#4512,#3505,#3506);
#2877=AXIS2_PLACEMENT_3D('',#4515,#3508,#3509);
#2878=AXIS2_PLACEMENT_3D('',#4516,#3510,#3511);
#2879=AXIS2_PLACEMENT_3D('',#4518,#3512,#3513);
#2880=AXIS2_PLACEMENT_3D('',#4521,#3515,#3516);
#2881=AXIS2_PLACEMENT_3D('',#4522,#3517,#3518);
#2882=AXIS2_PLACEMENT_3D('',#4524,#3519,#3520);
#2883=AXIS2_PLACEMENT_3D('',#4527,#3522,#3523);
#2884=AXIS2_PLACEMENT_3D('',#4528,#3524,#3525);
#2885=AXIS2_PLACEMENT_3D('',#4530,#3526,#3527);
#2886=AXIS2_PLACEMENT_3D('',#4533,#3529,#3530);
#2887=AXIS2_PLACEMENT_3D('',#4534,#3531,#3532);
#2888=AXIS2_PLACEMENT_3D('',#4536,#3533,#3534);
#2889=AXIS2_PLACEMENT_3D('',#4539,#3536,#3537);
#2890=AXIS2_PLACEMENT_3D('',#4540,#3538,#3539);
#2891=AXIS2_PLACEMENT_3D('',#4543,#3540,#3541);
#2892=AXIS2_PLACEMENT_3D('',#4545,#3543,#3544);
#2893=AXIS2_PLACEMENT_3D('',#4546,#3545,#3546);
#2894=AXIS2_PLACEMENT_3D('',#4549,#3547,#3548);
#2895=AXIS2_PLACEMENT_3D('',#4551,#3550,#3551);
#2896=AXIS2_PLACEMENT_3D('',#4552,#3552,#3553);
#2897=AXIS2_PLACEMENT_3D('',#4555,#3554,#3555);
#2898=AXIS2_PLACEMENT_3D('',#4557,#3557,#3558);
#2899=AXIS2_PLACEMENT_3D('',#4558,#3559,#3560);
#2900=AXIS2_PLACEMENT_3D('',#4561,#3561,#3562);
#2901=AXIS2_PLACEMENT_3D('',#4563,#3564,#3565);
#2902=AXIS2_PLACEMENT_3D('',#4564,#3566,#3567);
#2903=AXIS2_PLACEMENT_3D('',#4567,#3568,#3569);
#2904=AXIS2_PLACEMENT_3D('',#4569,#3571,#3572);
#2905=AXIS2_PLACEMENT_3D('',#4570,#3573,#3574);
#2906=AXIS2_PLACEMENT_3D('',#4609,#3583,#3584);
#2907=AXIS2_PLACEMENT_3D('',#4656,#3589,#3590);
#2908=AXIS2_PLACEMENT_3D('',#4699,#3593,#3594);
#2909=AXIS2_PLACEMENT_3D('',#4701,#3596,#3597);
#2910=AXIS2_PLACEMENT_3D('',#4705,#3601,#3602);
#2911=AXIS2_PLACEMENT_3D('',#4706,#3603,#3604);
#2912=AXIS2_PLACEMENT_3D('',#4707,#3605,#3606);
#2913=AXIS2_PLACEMENT_3D('',#4708,#3607,#3608);
#2914=AXIS2_PLACEMENT_3D('',#4709,#3609,#3610);
#2915=AXIS2_PLACEMENT_3D('',#4710,#3611,#3612);
#2916=AXIS2_PLACEMENT_3D('',#4711,#3613,#3614);
#2917=DIRECTION('axis',(0.,0.,1.));
#2918=DIRECTION('refdir',(1.,0.,0.));
#2919=DIRECTION('axis',(0.,0.,1.));
#2920=DIRECTION('refdir',(1.,0.,0.));
#2921=DIRECTION('center_axis',(0.287347885566346,-0.957826285221151,0.));
#2922=DIRECTION('ref_axis',(0.957826285221151,0.287347885566346,0.));
#2923=DIRECTION('',(-0.957826285221151,-0.287347885566346,0.));
#2924=DIRECTION('',(0.,0.,-1.));
#2925=DIRECTION('',(0.957826285221151,0.287347885566346,0.));
#2926=DIRECTION('',(0.,0.,1.));
#2927=DIRECTION('center_axis',(-1.,0.,0.));
#2928=DIRECTION('ref_axis',(0.,-1.,0.));
#2929=DIRECTION('',(0.,1.,0.));
#2930=DIRECTION('',(0.,-1.,0.));
#2931=DIRECTION('',(0.,0.,1.));
#2932=DIRECTION('center_axis',(0.287347885566346,0.957826285221151,0.));
#2933=DIRECTION('ref_axis',(-0.957826285221151,0.287347885566346,0.));
#2934=DIRECTION('',(-0.957826285221151,0.287347885566346,0.));
#2935=DIRECTION('',(-0.957826285221151,0.287347885566346,0.));
#2936=DIRECTION('',(0.,0.,1.));
#2937=DIRECTION('center_axis',(-1.,0.,0.));
#2938=DIRECTION('ref_axis',(0.,-1.,0.));
#2939=DIRECTION('',(0.,1.,0.));
#2940=DIRECTION('',(0.,0.,-1.));
#2941=DIRECTION('',(0.,-1.,0.));
#2942=DIRECTION('center_axis',(-1.,0.,0.));
#2943=DIRECTION('ref_axis',(0.,-1.,0.));
#2944=DIRECTION('',(0.,-1.,0.));
#2945=DIRECTION('',(0.,-1.,0.));
#2946=DIRECTION('',(0.,0.,1.));
#2947=DIRECTION('',(0.,-1.,0.));
#2948=DIRECTION('',(0.,0.,-1.));
#2949=DIRECTION('center_axis',(-0.287347885566346,0.957826285221151,0.));
#2950=DIRECTION('ref_axis',(-0.957826285221151,-0.287347885566346,0.));
#2951=DIRECTION('',(-0.957826285221151,-0.287347885566346,0.));
#2952=DIRECTION('',(0.,0.,-1.));
#2953=DIRECTION('',(0.957826285221151,0.287347885566346,0.));
#2954=DIRECTION('',(0.,0.,1.));
#2955=DIRECTION('center_axis',(-0.287347885566346,-0.957826285221151,0.));
#2956=DIRECTION('ref_axis',(0.957826285221151,-0.287347885566346,0.));
#2957=DIRECTION('',(0.957826285221151,-0.287347885566346,0.));
#2958=DIRECTION('',(0.,0.,1.));
#2959=DIRECTION('',(-0.957826285221151,0.287347885566346,0.));
#2960=DIRECTION('',(0.,0.,1.));
#2961=DIRECTION('center_axis',(1.,0.,0.));
#2962=DIRECTION('ref_axis',(0.,1.,0.));
#2963=DIRECTION('',(0.,1.,0.));
#2964=DIRECTION('',(0.,-1.,0.));
#2965=DIRECTION('center_axis',(-1.,-1.1842378929335E-15,0.));
#2966=DIRECTION('ref_axis',(1.1842378929335E-15,-1.,0.));
#2967=DIRECTION('',(1.1842378929335E-15,-1.,0.));
#2968=DIRECTION('',(0.,0.,1.));
#2969=DIRECTION('',(1.1842378929335E-15,-1.,0.));
#2970=DIRECTION('',(0.,0.,1.));
#2971=DIRECTION('',(1.1842378929335E-15,-1.,0.));
#2972=DIRECTION('center_axis',(0.,0.,1.));
#2973=DIRECTION('ref_axis',(1.,0.,0.));
#2974=DIRECTION('',(-1.1842378929335E-15,1.,0.));
#2975=DIRECTION('',(1.,0.,0.));
#2976=DIRECTION('',(0.,-1.,0.));
#2977=DIRECTION('',(-1.,0.,0.));
#2978=DIRECTION('',(-1.,0.,0.));
#2979=DIRECTION('center_axis',(0.,0.,-1.));
#2980=DIRECTION('ref_axis',(1.,0.,0.));
#2981=DIRECTION('center_axis',(0.,0.,-1.));
#2982=DIRECTION('ref_axis',(1.,0.,0.));
#2983=DIRECTION('',(-1.,0.,0.));
#2984=DIRECTION('',(0.,-1.,0.));
#2985=DIRECTION('center_axis',(0.,0.,-1.));
#2986=DIRECTION('ref_axis',(1.,0.,0.));
#2987=DIRECTION('center_axis',(0.,0.,-1.));
#2988=DIRECTION('ref_axis',(1.,0.,0.));
#2989=DIRECTION('',(0.,-1.,0.));
#2990=DIRECTION('center_axis',(0.,0.,-1.));
#2991=DIRECTION('ref_axis',(1.,0.,0.));
#2992=DIRECTION('center_axis',(0.,0.,-1.));
#2993=DIRECTION('ref_axis',(1.,0.,0.));
#2994=DIRECTION('',(0.,-1.,0.));
#2995=DIRECTION('center_axis',(0.,0.,-1.));
#2996=DIRECTION('ref_axis',(1.,0.,0.));
#2997=DIRECTION('center_axis',(0.,0.,-1.));
#2998=DIRECTION('ref_axis',(1.,0.,0.));
#2999=DIRECTION('',(0.,-1.,0.));
#3000=DIRECTION('',(1.,0.,0.));
#3001=DIRECTION('center_axis',(0.,0.,-1.));
#3002=DIRECTION('ref_axis',(1.,0.,0.));
#3003=DIRECTION('center_axis',(0.,0.,-1.));
#3004=DIRECTION('ref_axis',(1.,0.,0.));
#3005=DIRECTION('',(1.,0.,0.));
#3006=DIRECTION('center_axis',(0.,0.,1.));
#3007=DIRECTION('ref_axis',(1.,0.,0.));
#3008=DIRECTION('',(-1.,0.,0.));
#3009=DIRECTION('center_axis',(0.,0.,-1.));
#3010=DIRECTION('ref_axis',(-4.17966315153002E-15,1.,0.));
#3011=DIRECTION('',(0.,1.,0.));
#3012=DIRECTION('center_axis',(0.,0.,-1.));
#3013=DIRECTION('ref_axis',(1.,4.17966315153002E-15,0.));
#3014=DIRECTION('',(-1.,0.,0.));
#3015=DIRECTION('',(1.,0.,0.));
#3016=DIRECTION('',(0.,1.,0.));
#3017=DIRECTION('',(-1.,0.,0.));
#3018=DIRECTION('',(1.1842378929335E-15,-1.,0.));
#3019=DIRECTION('center_axis',(0.,0.,1.));
#3020=DIRECTION('ref_axis',(1.,0.,0.));
#3021=DIRECTION('center_axis',(0.,0.,1.));
#3022=DIRECTION('ref_axis',(1.,0.,0.));
#3023=DIRECTION('center_axis',(0.,0.,1.));
#3024=DIRECTION('ref_axis',(1.,0.,0.));
#3025=DIRECTION('center_axis',(0.,0.,1.));
#3026=DIRECTION('ref_axis',(1.,0.,0.));
#3027=DIRECTION('center_axis',(0.,0.,1.));
#3028=DIRECTION('ref_axis',(1.,0.,0.));
#3029=DIRECTION('center_axis',(0.,0.,1.));
#3030=DIRECTION('ref_axis',(-4.17966315153002E-15,1.,0.));
#3031=DIRECTION('',(0.,0.,1.));
#3032=DIRECTION('center_axis',(0.,0.,1.));
#3033=DIRECTION('ref_axis',(-4.17966315153002E-15,1.,0.));
#3034=DIRECTION('',(0.,0.,1.));
#3035=DIRECTION('center_axis',(0.,0.,1.));
#3036=DIRECTION('ref_axis',(1.,4.17966315153002E-15,0.));
#3037=DIRECTION('',(0.,0.,1.));
#3038=DIRECTION('center_axis',(0.,0.,1.));
#3039=DIRECTION('ref_axis',(1.,4.17966315153002E-15,0.));
#3040=DIRECTION('',(0.,0.,1.));
#3041=DIRECTION('center_axis',(-1.,-1.1842378929335E-15,0.));
#3042=DIRECTION('ref_axis',(1.1842378929335E-15,-1.,0.));
#3043=DIRECTION('',(0.,0.,1.));
#3044=DIRECTION('center_axis',(0.,-1.,0.));
#3045=DIRECTION('ref_axis',(1.,0.,0.));
#3046=DIRECTION('',(0.,0.,1.));
#3047=DIRECTION('center_axis',(0.,1.,0.));
#3048=DIRECTION('ref_axis',(-1.,0.,0.));
#3049=DIRECTION('',(0.,0.,1.));
#3050=DIRECTION('',(0.,0.,1.));
#3051=DIRECTION('center_axis',(1.,0.,0.));
#3052=DIRECTION('ref_axis',(0.,1.,0.));
#3053=DIRECTION('',(0.,0.,1.));
#3054=DIRECTION('center_axis',(0.,1.,0.));
#3055=DIRECTION('ref_axis',(1.,0.,0.));
#3056=DIRECTION('center_axis',(0.,1.,0.));
#3057=DIRECTION('ref_axis',(1.,0.,0.));
#3058=DIRECTION('',(0.,1.,0.));
#3059=DIRECTION('center_axis',(0.,-1.,0.));
#3060=DIRECTION('ref_axis',(1.,0.,0.));
#3061=DIRECTION('center_axis',(0.,1.,0.));
#3062=DIRECTION('ref_axis',(1.,0.,0.));
#3063=DIRECTION('center_axis',(0.,1.,0.));
#3064=DIRECTION('ref_axis',(1.,0.,0.));
#3065=DIRECTION('',(0.,1.,0.));
#3066=DIRECTION('center_axis',(0.,-1.,0.));
#3067=DIRECTION('ref_axis',(1.,0.,0.));
#3068=DIRECTION('center_axis',(-1.,0.,0.));
#3069=DIRECTION('ref_axis',(0.,-1.,0.));
#3070=DIRECTION('center_axis',(-1.,0.,0.));
#3071=DIRECTION('ref_axis',(0.,-1.,0.));
#3072=DIRECTION('',(-1.,0.,0.));
#3073=DIRECTION('center_axis',(1.,0.,0.));
#3074=DIRECTION('ref_axis',(0.,-1.,0.));
#3075=DIRECTION('center_axis',(-1.,0.,0.));
#3076=DIRECTION('ref_axis',(0.,-1.,0.));
#3077=DIRECTION('center_axis',(-1.,0.,0.));
#3078=DIRECTION('ref_axis',(0.,-1.,0.));
#3079=DIRECTION('',(-1.,0.,0.));
#3080=DIRECTION('center_axis',(1.,0.,0.));
#3081=DIRECTION('ref_axis',(0.,-1.,0.));
#3082=DIRECTION('center_axis',(-1.,0.,0.));
#3083=DIRECTION('ref_axis',(0.,-1.,0.));
#3084=DIRECTION('center_axis',(-1.,0.,0.));
#3085=DIRECTION('ref_axis',(0.,-1.,0.));
#3086=DIRECTION('',(-1.,0.,0.));
#3087=DIRECTION('center_axis',(1.,0.,0.));
#3088=DIRECTION('ref_axis',(0.,-1.,0.));
#3089=DIRECTION('center_axis',(0.,0.,-1.));
#3090=DIRECTION('ref_axis',(1.,0.,0.));
#3091=DIRECTION('',(0.,0.,-1.));
#3092=DIRECTION('center_axis',(0.,0.,-1.));
#3093=DIRECTION('ref_axis',(1.,0.,0.));
#3094=DIRECTION('',(0.,0.,-1.));
#3095=DIRECTION('center_axis',(0.,0.,-1.));
#3096=DIRECTION('ref_axis',(1.,0.,0.));
#3097=DIRECTION('',(0.,0.,-1.));
#3098=DIRECTION('center_axis',(0.,0.,-1.));
#3099=DIRECTION('ref_axis',(1.,0.,0.));
#3100=DIRECTION('',(0.,0.,-1.));
#3101=DIRECTION('center_axis',(0.,0.,-1.));
#3102=DIRECTION('ref_axis',(1.,0.,0.));
#3103=DIRECTION('',(0.,0.,-1.));
#3104=DIRECTION('center_axis',(0.,1.,0.));
#3105=DIRECTION('ref_axis',(1.,0.,0.));
#3106=DIRECTION('',(0.,0.,-1.));
#3107=DIRECTION('',(1.,0.,0.));
#3108=DIRECTION('',(0.,0.,-1.));
#3109=DIRECTION('',(0.,0.,-1.));
#3110=DIRECTION('center_axis',(1.,0.,0.));
#3111=DIRECTION('ref_axis',(0.,-1.,0.));
#3112=DIRECTION('',(0.,-1.,0.));
#3113=DIRECTION('',(0.,0.,-1.));
#3114=DIRECTION('center_axis',(0.,-1.,0.));
#3115=DIRECTION('ref_axis',(-1.,0.,0.));
#3116=DIRECTION('',(-1.,0.,0.));
#3117=DIRECTION('center_axis',(0.,0.,1.));
#3118=DIRECTION('ref_axis',(1.,0.,0.));
#3119=DIRECTION('',(1.,0.,0.));
#3120=DIRECTION('',(0.,1.,0.));
#3121=DIRECTION('',(-1.,0.,0.));
#3122=DIRECTION('center_axis',(0.,-1.,0.));
#3123=DIRECTION('ref_axis',(1.,0.,0.));
#3124=DIRECTION('center_axis',(0.,1.,0.));
#3125=DIRECTION('ref_axis',(-1.,0.,0.));
#3126=DIRECTION('center_axis',(1.,0.,0.));
#3127=DIRECTION('ref_axis',(0.,1.,0.));
#3128=DIRECTION('axis',(0.,0.,1.));
#3129=DIRECTION('refdir',(1.,0.,0.));
#3130=DIRECTION('center_axis',(-0.287347885566347,0.957826285221151,0.));
#3131=DIRECTION('ref_axis',(-0.957826285221151,-0.287347885566347,0.));
#3132=DIRECTION('',(-0.957826285221151,-0.287347885566347,0.));
#3133=DIRECTION('',(0.,0.,1.));
#3134=DIRECTION('',(0.957826285221151,0.287347885566347,0.));
#3135=DIRECTION('',(0.,0.,1.));
#3136=DIRECTION('center_axis',(1.,0.,0.));
#3137=DIRECTION('ref_axis',(0.,1.,0.));
#3138=DIRECTION('',(0.,1.,0.));
#3139=DIRECTION('',(0.,0.,1.));
#3140=DIRECTION('',(0.,1.,0.));
#3141=DIRECTION('',(0.,-1.,0.));
#3142=DIRECTION('center_axis',(-0.287347885566347,-0.957826285221151,0.));
#3143=DIRECTION('ref_axis',(0.957826285221151,-0.287347885566347,0.));
#3144=DIRECTION('',(0.957826285221151,-0.287347885566347,0.));
#3145=DIRECTION('',(0.,0.,-1.));
#3146=DIRECTION('',(0.957826285221151,-0.287347885566347,0.));
#3147=DIRECTION('center_axis',(0.287347885566347,-0.957826285221151,0.));
#3148=DIRECTION('ref_axis',(0.957826285221151,0.287347885566347,0.));
#3149=DIRECTION('',(0.957826285221151,0.287347885566347,0.));
#3150=DIRECTION('',(0.,0.,1.));
#3151=DIRECTION('',(0.957826285221151,0.287347885566347,0.));
#3152=DIRECTION('',(0.,0.,1.));
#3153=DIRECTION('center_axis',(-1.,0.,0.));
#3154=DIRECTION('ref_axis',(0.,-1.,0.));
#3155=DIRECTION('',(0.,-1.,0.));
#3156=DIRECTION('',(0.,0.,1.));
#3157=DIRECTION('',(0.,1.,0.));
#3158=DIRECTION('',(0.,-1.,0.));
#3159=DIRECTION('center_axis',(0.287347885566347,0.957826285221151,0.));
#3160=DIRECTION('ref_axis',(-0.957826285221151,0.287347885566347,0.));
#3161=DIRECTION('',(-0.957826285221151,0.287347885566347,0.));
#3162=DIRECTION('',(0.,0.,-1.));
#3163=DIRECTION('',(0.957826285221151,-0.287347885566347,0.));
#3164=DIRECTION('center_axis',(-1.,0.,0.));
#3165=DIRECTION('ref_axis',(0.,-1.,0.));
#3166=DIRECTION('',(0.,1.,0.));
#3167=DIRECTION('',(0.,0.,1.));
#3168=DIRECTION('',(0.,1.,0.));
#3169=DIRECTION('',(0.,0.,1.));
#3170=DIRECTION('',(0.,-1.,0.));
#3171=DIRECTION('center_axis',(0.,0.,1.));
#3172=DIRECTION('ref_axis',(1.,0.,0.));
#3173=DIRECTION('',(-1.,0.,0.));
#3174=DIRECTION('center_axis',(0.,0.,-1.));
#3175=DIRECTION('ref_axis',(1.,0.,0.));
#3176=DIRECTION('center_axis',(0.,0.,-1.));
#3177=DIRECTION('ref_axis',(1.,0.,0.));
#3178=DIRECTION('',(-1.,0.,0.));
#3179=DIRECTION('center_axis',(0.,0.,-1.));
#3180=DIRECTION('ref_axis',(1.,0.,0.));
#3181=DIRECTION('center_axis',(0.,0.,-1.));
#3182=DIRECTION('ref_axis',(1.,0.,0.));
#3183=DIRECTION('',(-1.,0.,0.));
#3184=DIRECTION('center_axis',(0.,0.,-1.));
#3185=DIRECTION('ref_axis',(1.,0.,0.));
#3186=DIRECTION('center_axis',(0.,0.,-1.));
#3187=DIRECTION('ref_axis',(1.,0.,0.));
#3188=DIRECTION('',(-1.,0.,0.));
#3189=DIRECTION('',(0.,1.,0.));
#3190=DIRECTION('',(-1.,0.,0.));
#3191=DIRECTION('',(-1.1842378929335E-15,1.,0.));
#3192=DIRECTION('center_axis',(0.,0.,-1.));
#3193=DIRECTION('ref_axis',(-1.,0.,0.));
#3194=DIRECTION('',(-1.,0.,0.));
#3195=DIRECTION('',(1.1842378929335E-15,-1.,0.));
#3196=DIRECTION('center_axis',(0.,0.,1.));
#3197=DIRECTION('ref_axis',(1.,0.,0.));
#3198=DIRECTION('',(-1.1842378929335E-15,1.,0.));
#3199=DIRECTION('',(1.,0.,0.));
#3200=DIRECTION('',(0.,-1.,0.));
#3201=DIRECTION('',(-1.,0.,0.));
#3202=DIRECTION('',(-1.1842378929335E-15,1.,0.));
#3203=DIRECTION('center_axis',(0.,0.,1.));
#3204=DIRECTION('ref_axis',(1.,0.,0.));
#3205=DIRECTION('center_axis',(0.,0.,1.));
#3206=DIRECTION('ref_axis',(1.,0.,0.));
#3207=DIRECTION('center_axis',(0.,0.,1.));
#3208=DIRECTION('ref_axis',(1.,0.,0.));
#3209=DIRECTION('center_axis',(-1.,-1.1842378929335E-15,0.));
#3210=DIRECTION('ref_axis',(1.1842378929335E-15,-1.,0.));
#3211=DIRECTION('',(0.,0.,-1.));
#3212=DIRECTION('center_axis',(0.,0.,1.));
#3213=DIRECTION('ref_axis',(1.,0.,0.));
#3214=DIRECTION('',(-1.,0.,0.));
#3215=DIRECTION('center_axis',(-1.,0.,0.));
#3216=DIRECTION('ref_axis',(0.,-1.,0.));
#3217=DIRECTION('',(0.,0.,1.));
#3218=DIRECTION('center_axis',(-1.,-1.1842378929335E-15,0.));
#3219=DIRECTION('ref_axis',(1.1842378929335E-15,-1.,0.));
#3220=DIRECTION('',(0.,0.,1.));
#3221=DIRECTION('',(1.1842378929335E-15,-1.,0.));
#3222=DIRECTION('',(0.,0.,-1.));
#3223=DIRECTION('center_axis',(0.,-1.,0.));
#3224=DIRECTION('ref_axis',(0.,0.,-1.));
#3225=DIRECTION('center_axis',(0.,1.,0.));
#3226=DIRECTION('ref_axis',(1.,0.,0.));
#3227=DIRECTION('center_axis',(0.,1.,0.));
#3228=DIRECTION('ref_axis',(1.,0.,0.));
#3229=DIRECTION('',(0.,1.,0.));
#3230=DIRECTION('center_axis',(0.,-1.,0.));
#3231=DIRECTION('ref_axis',(1.,0.,0.));
#3232=DIRECTION('center_axis',(0.,1.,0.));
#3233=DIRECTION('ref_axis',(1.,0.,0.));
#3234=DIRECTION('center_axis',(0.,1.,0.));
#3235=DIRECTION('ref_axis',(1.,0.,0.));
#3236=DIRECTION('',(0.,1.,0.));
#3237=DIRECTION('center_axis',(0.,-1.,0.));
#3238=DIRECTION('ref_axis',(1.,0.,0.));
#3239=DIRECTION('center_axis',(0.,1.,0.));
#3240=DIRECTION('ref_axis',(1.,0.,0.));
#3241=DIRECTION('center_axis',(0.,1.,0.));
#3242=DIRECTION('ref_axis',(1.,0.,0.));
#3243=DIRECTION('',(0.,1.,0.));
#3244=DIRECTION('center_axis',(0.,-1.,0.));
#3245=DIRECTION('ref_axis',(1.,0.,0.));
#3246=DIRECTION('center_axis',(0.,0.,-1.));
#3247=DIRECTION('ref_axis',(1.,0.,0.));
#3248=DIRECTION('',(0.,0.,-1.));
#3249=DIRECTION('center_axis',(0.,0.,-1.));
#3250=DIRECTION('ref_axis',(1.,0.,0.));
#3251=DIRECTION('',(0.,0.,-1.));
#3252=DIRECTION('center_axis',(0.,0.,-1.));
#3253=DIRECTION('ref_axis',(1.,0.,0.));
#3254=DIRECTION('',(0.,0.,-1.));
#3255=DIRECTION('center_axis',(0.,-1.,0.));
#3256=DIRECTION('ref_axis',(-1.,0.,0.));
#3257=DIRECTION('',(-1.,0.,0.));
#3258=DIRECTION('center_axis',(0.,-1.,0.));
#3259=DIRECTION('ref_axis',(1.,0.,0.));
#3260=DIRECTION('',(1.,0.,0.));
#3261=DIRECTION('center_axis',(0.,0.,1.));
#3262=DIRECTION('ref_axis',(1.,0.,0.));
#3263=DIRECTION('axis',(0.,0.,1.));
#3264=DIRECTION('refdir',(1.,0.,0.));
#3265=DIRECTION('center_axis',(0.287347885566347,-0.957826285221151,0.));
#3266=DIRECTION('ref_axis',(0.957826285221151,0.287347885566347,0.));
#3267=DIRECTION('',(0.957826285221151,0.287347885566347,0.));
#3268=DIRECTION('',(0.,0.,1.));
#3269=DIRECTION('',(-0.957826285221151,-0.287347885566347,0.));
#3270=DIRECTION('',(0.,0.,1.));
#3271=DIRECTION('center_axis',(-1.,0.,0.));
#3272=DIRECTION('ref_axis',(0.,-1.,0.));
#3273=DIRECTION('',(0.,-1.,0.));
#3274=DIRECTION('',(0.,0.,1.));
#3275=DIRECTION('',(0.,-1.,0.));
#3276=DIRECTION('',(0.,1.,0.));
#3277=DIRECTION('center_axis',(0.287347885566347,0.957826285221151,0.));
#3278=DIRECTION('ref_axis',(-0.957826285221151,0.287347885566347,0.));
#3279=DIRECTION('',(-0.957826285221151,0.287347885566347,0.));
#3280=DIRECTION('',(0.,0.,-1.));
#3281=DIRECTION('',(-0.957826285221151,0.287347885566347,0.));
#3282=DIRECTION('center_axis',(0.,0.,1.));
#3283=DIRECTION('ref_axis',(1.,0.,0.));
#3284=DIRECTION('',(1.,0.,0.));
#3285=DIRECTION('center_axis',(0.,0.,-1.));
#3286=DIRECTION('ref_axis',(1.,0.,0.));
#3287=DIRECTION('center_axis',(0.,0.,-1.));
#3288=DIRECTION('ref_axis',(1.,0.,0.));
#3289=DIRECTION('',(1.,0.,0.));
#3290=DIRECTION('center_axis',(0.,0.,-1.));
#3291=DIRECTION('ref_axis',(1.,0.,0.));
#3292=DIRECTION('center_axis',(0.,0.,-1.));
#3293=DIRECTION('ref_axis',(1.,0.,0.));
#3294=DIRECTION('',(1.,0.,0.));
#3295=DIRECTION('center_axis',(0.,0.,-1.));
#3296=DIRECTION('ref_axis',(1.,0.,0.));
#3297=DIRECTION('center_axis',(0.,0.,-1.));
#3298=DIRECTION('ref_axis',(1.,0.,0.));
#3299=DIRECTION('',(1.,0.,0.));
#3300=DIRECTION('',(0.,-1.,0.));
#3301=DIRECTION('',(-0.957826285221151,0.287347885566347,0.));
#3302=DIRECTION('',(0.,-1.,0.));
#3303=DIRECTION('',(1.,0.,0.));
#3304=DIRECTION('',(1.1842378929335E-15,-1.,0.));
#3305=DIRECTION('center_axis',(0.,0.,1.));
#3306=DIRECTION('ref_axis',(1.,0.,0.));
#3307=DIRECTION('',(1.,0.,0.));
#3308=DIRECTION('',(-1.1842378929335E-15,1.,0.));
#3309=DIRECTION('center_axis',(0.,0.,1.));
#3310=DIRECTION('ref_axis',(1.,0.,0.));
#3311=DIRECTION('',(1.1842378929335E-15,-1.,0.));
#3312=DIRECTION('',(-1.,0.,0.));
#3313=DIRECTION('',(0.,1.,0.));
#3314=DIRECTION('',(0.957826285221151,-0.287347885566347,0.));
#3315=DIRECTION('',(0.,1.,0.));
#3316=DIRECTION('',(-0.957826285221151,-0.287347885566347,0.));
#3317=DIRECTION('',(0.,1.,0.));
#3318=DIRECTION('',(1.,0.,0.));
#3319=DIRECTION('',(1.1842378929335E-15,-1.,0.));
#3320=DIRECTION('center_axis',(0.,0.,1.));
#3321=DIRECTION('ref_axis',(1.,0.,0.));
#3322=DIRECTION('center_axis',(0.,0.,1.));
#3323=DIRECTION('ref_axis',(1.,0.,0.));
#3324=DIRECTION('center_axis',(0.,0.,1.));
#3325=DIRECTION('ref_axis',(1.,0.,0.));
#3326=DIRECTION('center_axis',(1.,1.1842378929335E-15,0.));
#3327=DIRECTION('ref_axis',(-1.1842378929335E-15,1.,0.));
#3328=DIRECTION('',(0.,0.,-1.));
#3329=DIRECTION('center_axis',(-0.287347885566347,0.957826285221151,0.));
#3330=DIRECTION('ref_axis',(-0.957826285221151,-0.287347885566347,0.));
#3331=DIRECTION('',(0.,0.,1.));
#3332=DIRECTION('',(-0.957826285221151,-0.287347885566347,0.));
#3333=DIRECTION('',(0.,0.,1.));
#3334=DIRECTION('center_axis',(1.,0.,0.));
#3335=DIRECTION('ref_axis',(0.,1.,0.));
#3336=DIRECTION('',(0.,0.,1.));
#3337=DIRECTION('',(0.,1.,0.));
#3338=DIRECTION('center_axis',(-0.287347885566347,-0.957826285221151,0.));
#3339=DIRECTION('ref_axis',(0.957826285221151,-0.287347885566347,0.));
#3340=DIRECTION('',(0.,0.,-1.));
#3341=DIRECTION('center_axis',(-1.,0.,0.));
#3342=DIRECTION('ref_axis',(0.,-1.,0.));
#3343=DIRECTION('',(0.,-1.,0.));
#3344=DIRECTION('',(0.,0.,1.));
#3345=DIRECTION('',(0.,-1.,0.));
#3346=DIRECTION('',(0.,0.,1.));
#3347=DIRECTION('center_axis',(0.,0.,-1.));
#3348=DIRECTION('ref_axis',(-1.,0.,0.));
#3349=DIRECTION('',(1.,0.,0.));
#3350=DIRECTION('center_axis',(1.,1.1842378929335E-15,0.));
#3351=DIRECTION('ref_axis',(-1.1842378929335E-15,1.,0.));
#3352=DIRECTION('',(0.,0.,1.));
#3353=DIRECTION('',(-1.1842378929335E-15,1.,0.));
#3354=DIRECTION('',(0.,0.,-1.));
#3355=DIRECTION('center_axis',(0.,1.,0.));
#3356=DIRECTION('ref_axis',(0.,0.,1.));
#3357=DIRECTION('',(0.,0.,1.));
#3358=DIRECTION('center_axis',(-1.,0.,0.));
#3359=DIRECTION('ref_axis',(0.,-1.,0.));
#3360=DIRECTION('center_axis',(0.,1.,0.));
#3361=DIRECTION('ref_axis',(1.,0.,0.));
#3362=DIRECTION('center_axis',(0.,1.,0.));
#3363=DIRECTION('ref_axis',(1.,0.,0.));
#3364=DIRECTION('',(0.,1.,0.));
#3365=DIRECTION('center_axis',(0.,-1.,0.));
#3366=DIRECTION('ref_axis',(1.,0.,0.));
#3367=DIRECTION('center_axis',(0.,1.,0.));
#3368=DIRECTION('ref_axis',(1.,0.,0.));
#3369=DIRECTION('center_axis',(0.,1.,0.));
#3370=DIRECTION('ref_axis',(1.,0.,0.));
#3371=DIRECTION('',(0.,1.,0.));
#3372=DIRECTION('center_axis',(0.,-1.,0.));
#3373=DIRECTION('ref_axis',(1.,0.,0.));
#3374=DIRECTION('center_axis',(0.,1.,0.));
#3375=DIRECTION('ref_axis',(1.,0.,0.));
#3376=DIRECTION('center_axis',(0.,1.,0.));
#3377=DIRECTION('ref_axis',(1.,0.,0.));
#3378=DIRECTION('',(0.,1.,0.));
#3379=DIRECTION('center_axis',(0.,-1.,0.));
#3380=DIRECTION('ref_axis',(1.,0.,0.));
#3381=DIRECTION('center_axis',(0.,0.,-1.));
#3382=DIRECTION('ref_axis',(1.,0.,0.));
#3383=DIRECTION('',(0.,0.,-1.));
#3384=DIRECTION('center_axis',(0.,0.,-1.));
#3385=DIRECTION('ref_axis',(1.,0.,0.));
#3386=DIRECTION('',(0.,0.,-1.));
#3387=DIRECTION('center_axis',(0.,0.,-1.));
#3388=DIRECTION('ref_axis',(1.,0.,0.));
#3389=DIRECTION('',(0.,0.,-1.));
#3390=DIRECTION('center_axis',(0.,1.,0.));
#3391=DIRECTION('ref_axis',(1.,0.,0.));
#3392=DIRECTION('',(1.,0.,0.));
#3393=DIRECTION('center_axis',(0.,0.,1.));
#3394=DIRECTION('ref_axis',(1.,0.,0.));
#3395=DIRECTION('',(-1.,0.,0.));
#3396=DIRECTION('center_axis',(0.,1.,0.));
#3397=DIRECTION('ref_axis',(-1.,0.,0.));
#3398=DIRECTION('axis',(0.,0.,1.));
#3399=DIRECTION('refdir',(1.,0.,0.));
#3400=DIRECTION('center_axis',(0.,0.,-1.));
#3401=DIRECTION('ref_axis',(1.,-4.17966315153002E-15,0.));
#3402=DIRECTION('center_axis',(0.,0.,1.));
#3403=DIRECTION('ref_axis',(1.,-4.17966315153002E-15,0.));
#3404=DIRECTION('',(0.,0.,-1.));
#3405=DIRECTION('center_axis',(0.,0.,-1.));
#3406=DIRECTION('ref_axis',(1.,-4.17966315153002E-15,0.));
#3407=DIRECTION('',(0.,0.,-1.));
#3408=DIRECTION('center_axis',(0.,0.,-1.));
#3409=DIRECTION('ref_axis',(-4.17966315153002E-15,-1.,0.));
#3410=DIRECTION('center_axis',(0.,0.,1.));
#3411=DIRECTION('ref_axis',(-4.17966315153002E-15,-1.,0.));
#3412=DIRECTION('',(0.,0.,-1.));
#3413=DIRECTION('center_axis',(0.,0.,-1.));
#3414=DIRECTION('ref_axis',(-4.17966315153002E-15,-1.,0.));
#3415=DIRECTION('',(0.,0.,-1.));
#3416=DIRECTION('center_axis',(1.,0.,0.));
#3417=DIRECTION('ref_axis',(0.,-1.,0.));
#3418=DIRECTION('',(0.,-1.,0.));
#3419=DIRECTION('',(0.,0.,-1.));
#3420=DIRECTION('',(0.,-1.,0.));
#3421=DIRECTION('',(0.,0.,-1.));
#3422=DIRECTION('center_axis',(-0.287347885566346,-0.957826285221151,0.));
#3423=DIRECTION('ref_axis',(-0.957826285221151,0.287347885566346,0.));
#3424=DIRECTION('',(-0.957826285221151,0.287347885566346,0.));
#3425=DIRECTION('',(0.,0.,-1.));
#3426=DIRECTION('',(-0.957826285221151,0.287347885566346,0.));
#3427=DIRECTION('center_axis',(-0.287347885566346,0.957826285221151,0.));
#3428=DIRECTION('ref_axis',(0.957826285221151,0.287347885566346,0.));
#3429=DIRECTION('',(-0.957826285221151,-0.287347885566346,0.));
#3430=DIRECTION('',(0.957826285221151,0.287347885566346,0.));
#3431=DIRECTION('',(0.,0.,1.));
#3432=DIRECTION('center_axis',(1.,0.,0.));
#3433=DIRECTION('ref_axis',(0.,-1.,0.));
#3434=DIRECTION('',(0.,-1.,0.));
#3435=DIRECTION('',(0.,0.,1.));
#3436=DIRECTION('',(0.,1.,0.));
#3437=DIRECTION('center_axis',(1.,0.,0.));
#3438=DIRECTION('ref_axis',(0.,-1.,0.));
#3439=DIRECTION('',(0.,-1.,0.));
#3440=DIRECTION('',(0.,0.,1.));
#3441=DIRECTION('',(0.,-1.,0.));
#3442=DIRECTION('',(0.,0.,-1.));
#3443=DIRECTION('',(0.,-1.,0.));
#3444=DIRECTION('center_axis',(1.,0.,0.));
#3445=DIRECTION('ref_axis',(0.,-1.,0.));
#3446=DIRECTION('',(0.,-1.,0.));
#3447=DIRECTION('',(0.,0.,-1.));
#3448=DIRECTION('',(0.,-1.,0.));
#3449=DIRECTION('',(0.,0.,-1.));
#3450=DIRECTION('center_axis',(-0.287347885566346,-0.957826285221151,0.));
#3451=DIRECTION('ref_axis',(-0.957826285221151,0.287347885566346,0.));
#3452=DIRECTION('',(-0.957826285221151,0.287347885566346,0.));
#3453=DIRECTION('',(0.,0.,-1.));
#3454=DIRECTION('',(-0.957826285221151,0.287347885566346,0.));
#3455=DIRECTION('center_axis',(-0.287347885566346,0.957826285221151,0.));
#3456=DIRECTION('ref_axis',(0.957826285221151,0.287347885566346,0.));
#3457=DIRECTION('',(-0.957826285221151,-0.287347885566346,0.));
#3458=DIRECTION('',(0.957826285221151,0.287347885566346,0.));
#3459=DIRECTION('',(0.,0.,1.));
#3460=DIRECTION('center_axis',(1.,1.1842378929335E-15,0.));
#3461=DIRECTION('ref_axis',(1.1842378929335E-15,-1.,0.));
#3462=DIRECTION('',(-1.1842378929335E-15,1.,0.));
#3463=DIRECTION('',(0.,0.,-1.));
#3464=DIRECTION('',(1.1842378929335E-15,-1.,0.));
#3465=DIRECTION('center_axis',(1.,1.1842378929335E-15,0.));
#3466=DIRECTION('ref_axis',(1.1842378929335E-15,-1.,0.));
#3467=DIRECTION('',(1.1842378929335E-15,-1.,0.));
#3468=DIRECTION('',(0.,0.,-1.));
#3469=DIRECTION('',(1.1842378929335E-15,-1.,0.));
#3470=DIRECTION('',(0.,0.,-1.));
#3471=DIRECTION('',(1.1842378929335E-15,-1.,0.));
#3472=DIRECTION('center_axis',(0.,0.,1.));
#3473=DIRECTION('ref_axis',(1.,0.,0.));
#3474=DIRECTION('',(-1.,0.,0.));
#3475=DIRECTION('',(0.,-1.,0.));
#3476=DIRECTION('',(1.,0.,0.));
#3477=DIRECTION('',(-1.,0.,0.));
#3478=DIRECTION('',(0.,1.,0.));
#3479=DIRECTION('',(1.,0.,0.));
#3480=DIRECTION('center_axis',(0.,0.,1.));
#3481=DIRECTION('ref_axis',(1.,0.,0.));
#3482=DIRECTION('center_axis',(0.,0.,1.));
#3483=DIRECTION('ref_axis',(1.,0.,0.));
#3484=DIRECTION('center_axis',(0.,0.,1.));
#3485=DIRECTION('ref_axis',(1.,0.,0.));
#3486=DIRECTION('center_axis',(0.,0.,1.));
#3487=DIRECTION('ref_axis',(1.,0.,0.));
#3488=DIRECTION('center_axis',(0.,0.,1.));
#3489=DIRECTION('ref_axis',(1.,0.,0.));
#3490=DIRECTION('center_axis',(0.,1.,0.));
#3491=DIRECTION('ref_axis',(1.,0.,0.));
#3492=DIRECTION('',(-1.,0.,0.));
#3493=DIRECTION('',(0.,0.,-1.));
#3494=DIRECTION('center_axis',(0.,-1.,0.));
#3495=DIRECTION('ref_axis',(-1.,0.,0.));
#3496=DIRECTION('',(1.,0.,0.));
#3497=DIRECTION('',(0.,0.,-1.));
#3498=DIRECTION('',(0.,0.,-1.));
#3499=DIRECTION('center_axis',(-1.,0.,0.));
#3500=DIRECTION('ref_axis',(0.,1.,0.));
#3501=DIRECTION('',(0.,-1.,0.));
#3502=DIRECTION('',(0.,0.,-1.));
#3503=DIRECTION('center_axis',(0.,-1.,0.));
#3504=DIRECTION('ref_axis',(1.,0.,0.));
#3505=DIRECTION('center_axis',(0.,-1.,0.));
#3506=DIRECTION('ref_axis',(1.,0.,0.));
#3507=DIRECTION('',(0.,1.,0.));
#3508=DIRECTION('center_axis',(0.,1.,0.));
#3509=DIRECTION('ref_axis',(1.,0.,0.));
#3510=DIRECTION('center_axis',(0.,-1.,0.));
#3511=DIRECTION('ref_axis',(1.,0.,0.));
#3512=DIRECTION('center_axis',(0.,-1.,0.));
#3513=DIRECTION('ref_axis',(1.,0.,0.));
#3514=DIRECTION('',(0.,1.,0.));
#3515=DIRECTION('center_axis',(0.,1.,0.));
#3516=DIRECTION('ref_axis',(1.,0.,0.));
#3517=DIRECTION('center_axis',(1.,0.,0.));
#3518=DIRECTION('ref_axis',(0.,-1.,0.));
#3519=DIRECTION('center_axis',(1.,0.,0.));
#3520=DIRECTION('ref_axis',(0.,-1.,0.));
#3521=DIRECTION('',(-1.,0.,0.));
#3522=DIRECTION('center_axis',(-1.,0.,0.));
#3523=DIRECTION('ref_axis',(0.,-1.,0.));
#3524=DIRECTION('center_axis',(1.,0.,0.));
#3525=DIRECTION('ref_axis',(0.,-1.,0.));
#3526=DIRECTION('center_axis',(1.,0.,0.));
#3527=DIRECTION('ref_axis',(0.,-1.,0.));
#3528=DIRECTION('',(-1.,0.,0.));
#3529=DIRECTION('center_axis',(-1.,0.,0.));
#3530=DIRECTION('ref_axis',(0.,-1.,0.));
#3531=DIRECTION('center_axis',(1.,0.,0.));
#3532=DIRECTION('ref_axis',(0.,-1.,0.));
#3533=DIRECTION('center_axis',(1.,0.,0.));
#3534=DIRECTION('ref_axis',(0.,-1.,0.));
#3535=DIRECTION('',(-1.,0.,0.));
#3536=DIRECTION('center_axis',(-1.,0.,0.));
#3537=DIRECTION('ref_axis',(0.,-1.,0.));
#3538=DIRECTION('center_axis',(0.,0.,-1.));
#3539=DIRECTION('ref_axis',(1.,0.,0.));
#3540=DIRECTION('center_axis',(0.,0.,-1.));
#3541=DIRECTION('ref_axis',(1.,0.,0.));
#3542=DIRECTION('',(0.,0.,1.));
#3543=DIRECTION('center_axis',(0.,0.,-1.));
#3544=DIRECTION('ref_axis',(1.,0.,0.));
#3545=DIRECTION('center_axis',(0.,0.,-1.));
#3546=DIRECTION('ref_axis',(1.,0.,0.));
#3547=DIRECTION('center_axis',(0.,0.,-1.));
#3548=DIRECTION('ref_axis',(1.,0.,0.));
#3549=DIRECTION('',(0.,0.,1.));
#3550=DIRECTION('center_axis',(0.,0.,-1.));
#3551=DIRECTION('ref_axis',(1.,0.,0.));
#3552=DIRECTION('center_axis',(0.,0.,-1.));
#3553=DIRECTION('ref_axis',(1.,0.,0.));
#3554=DIRECTION('center_axis',(0.,0.,-1.));
#3555=DIRECTION('ref_axis',(1.,0.,0.));
#3556=DIRECTION('',(0.,0.,1.));
#3557=DIRECTION('center_axis',(0.,0.,-1.));
#3558=DIRECTION('ref_axis',(1.,0.,0.));
#3559=DIRECTION('center_axis',(0.,0.,-1.));
#3560=DIRECTION('ref_axis',(1.,0.,0.));
#3561=DIRECTION('center_axis',(0.,0.,-1.));
#3562=DIRECTION('ref_axis',(1.,0.,0.));
#3563=DIRECTION('',(0.,0.,1.));
#3564=DIRECTION('center_axis',(0.,0.,-1.));
#3565=DIRECTION('ref_axis',(1.,0.,0.));
#3566=DIRECTION('center_axis',(0.,0.,-1.));
#3567=DIRECTION('ref_axis',(1.,0.,0.));
#3568=DIRECTION('center_axis',(0.,0.,-1.));
#3569=DIRECTION('ref_axis',(1.,0.,0.));
#3570=DIRECTION('',(0.,0.,1.));
#3571=DIRECTION('center_axis',(0.,0.,-1.));
#3572=DIRECTION('ref_axis',(1.,0.,0.));
#3573=DIRECTION('center_axis',(0.,0.,1.));
#3574=DIRECTION('ref_axis',(1.,0.,0.));
#3575=DIRECTION('',(-1.,0.,0.));
#3576=DIRECTION('',(1.,0.,0.));
#3577=DIRECTION('',(1.,0.,0.));
#3578=DIRECTION('',(0.,-1.,0.));
#3579=DIRECTION('',(0.,-1.,0.));
#3580=DIRECTION('',(0.,-1.,0.));
#3581=DIRECTION('',(0.,-1.,0.));
#3582=DIRECTION('',(-1.,0.,0.));
#3583=DIRECTION('center_axis',(0.,-1.,0.));
#3584=DIRECTION('ref_axis',(1.,0.,0.));
#3585=DIRECTION('',(1.,0.,0.));
#3586=DIRECTION('',(0.,0.,1.));
#3587=DIRECTION('',(0.,0.,1.));
#3588=DIRECTION('',(0.,0.,1.));
#3589=DIRECTION('center_axis',(-1.,0.,0.));
#3590=DIRECTION('ref_axis',(0.,-1.,0.));
#3591=DIRECTION('',(0.,-1.,0.));
#3592=DIRECTION('',(0.,0.,1.));
#3593=DIRECTION('center_axis',(0.,1.,0.));
#3594=DIRECTION('ref_axis',(-1.,0.,0.));
#3595=DIRECTION('',(-1.,0.,0.));
#3596=DIRECTION('center_axis',(0.,0.,1.));
#3597=DIRECTION('ref_axis',(1.,0.,0.));
#3598=DIRECTION('',(-1.,0.,0.));
#3599=DIRECTION('',(0.,-1.,0.));
#3600=DIRECTION('',(-1.,0.,0.));
#3601=DIRECTION('center_axis',(0.,1.,0.));
#3602=DIRECTION('ref_axis',(1.,0.,0.));
#3603=DIRECTION('center_axis',(0.,-1.,0.));
#3604=DIRECTION('ref_axis',(-1.,0.,0.));
#3605=DIRECTION('center_axis',(-1.,0.,0.));
#3606=DIRECTION('ref_axis',(0.,1.,0.));
#3607=DIRECTION('',(0.,0.,1.));
#3608=DIRECTION('',(1.,0.,0.));
#3609=DIRECTION('',(0.,0.,1.));
#3610=DIRECTION('',(1.,0.,0.));
#3611=DIRECTION('',(0.,0.,1.));
#3612=DIRECTION('',(1.,0.,0.));
#3613=DIRECTION('',(0.,0.,-1.));
#3614=DIRECTION('',(-1.,0.,0.));
#3615=CARTESIAN_POINT('',(0.,0.,0.));
#3616=CARTESIAN_POINT('',(0.,0.,0.));
#3617=CARTESIAN_POINT('Origin',(114.999999999997,-132.999999999917,0.));
#3618=CARTESIAN_POINT('',(119.999999999997,-131.499999999917,0.));
#3619=CARTESIAN_POINT('',(114.999999999997,-132.999999999917,0.));
#3620=CARTESIAN_POINT('',(119.999999999997,-131.499999999917,0.));
#3621=CARTESIAN_POINT('',(119.999999999997,-131.499999999917,7.));
#3622=CARTESIAN_POINT('',(119.999999999997,-131.499999999917,0.));
#3623=CARTESIAN_POINT('',(114.999999999997,-132.999999999917,7.));
#3624=CARTESIAN_POINT('',(119.999999999997,-131.499999999917,7.));
#3625=CARTESIAN_POINT('',(114.999999999997,-132.999999999917,0.));
#3626=CARTESIAN_POINT('Origin',(114.999999999997,-124.999999999917,0.));
#3627=CARTESIAN_POINT('',(114.999999999997,-124.999999999917,0.));
#3628=CARTESIAN_POINT('',(114.999999999997,-132.999999999917,0.));
#3629=CARTESIAN_POINT('',(114.999999999997,-124.999999999917,7.));
#3630=CARTESIAN_POINT('',(114.999999999997,-132.999999999917,7.));
#3631=CARTESIAN_POINT('',(114.999999999997,-124.999999999917,0.));
#3632=CARTESIAN_POINT('Origin',(119.999999999997,-126.499999999917,0.));
#3633=CARTESIAN_POINT('',(119.999999999997,-126.499999999917,0.));
#3634=CARTESIAN_POINT('',(119.999999999997,-126.499999999917,0.));
#3635=CARTESIAN_POINT('',(119.999999999997,-126.499999999917,7.));
#3636=CARTESIAN_POINT('',(119.999999999997,-126.499999999917,7.));
#3637=CARTESIAN_POINT('',(119.999999999997,-126.499999999917,0.));
#3638=CARTESIAN_POINT('Origin',(119.999999999997,-119.999999999917,0.));
#3639=CARTESIAN_POINT('',(119.999999999997,-122.999999999917,7.));
#3640=CARTESIAN_POINT('',(119.999999999997,-59.9999999999387,7.));
#3641=CARTESIAN_POINT('',(119.999999999997,-122.999999999917,0.));
#3642=CARTESIAN_POINT('',(119.999999999997,-122.999999999917,0.));
#3643=CARTESIAN_POINT('',(119.999999999997,-119.999999999917,0.));
#3644=CARTESIAN_POINT('Origin',(119.999999999997,-119.999999999917,0.));
#3645=CARTESIAN_POINT('',(119.999999999997,-129.999999999917,7.));
#3646=CARTESIAN_POINT('',(119.999999999997,-124.499999999917,7.));
#3647=CARTESIAN_POINT('',(119.999999999997,-134.999999999917,0.));
#3648=CARTESIAN_POINT('',(119.999999999997,-119.999999999917,0.));
#3649=CARTESIAN_POINT('',(119.999999999997,-134.999999999917,17.));
#3650=CARTESIAN_POINT('',(119.999999999997,-134.999999999917,0.));
#3651=CARTESIAN_POINT('',(119.999999999997,-129.999999999917,17.));
#3652=CARTESIAN_POINT('',(119.999999999997,-119.999999999917,17.));
#3653=CARTESIAN_POINT('',(119.999999999997,-129.999999999917,8.5));
#3654=CARTESIAN_POINT('Origin',(119.999999999997,126.499999999957,0.));
#3655=CARTESIAN_POINT('',(119.999999999997,126.499999999957,0.));
#3656=CARTESIAN_POINT('',(114.999999999997,124.999999999957,0.));
#3657=CARTESIAN_POINT('',(118.646788990834,126.094036697209,0.));
#3658=CARTESIAN_POINT('',(119.999999999997,126.499999999957,7.));
#3659=CARTESIAN_POINT('',(119.999999999997,126.499999999957,0.));
#3660=CARTESIAN_POINT('',(114.999999999997,124.999999999957,7.));
#3661=CARTESIAN_POINT('',(47.5458715596614,104.763761467857,7.));
#3662=CARTESIAN_POINT('',(114.999999999997,124.999999999957,0.));
#3663=CARTESIAN_POINT('Origin',(114.999999999997,132.999999999957,0.));
#3664=CARTESIAN_POINT('',(114.999999999997,132.999999999957,0.));
#3665=CARTESIAN_POINT('',(119.999999999997,131.499999999957,0.));
#3666=CARTESIAN_POINT('',(151.651376146775,122.004587155924,0.));
#3667=CARTESIAN_POINT('',(114.999999999997,132.999999999957,7.));
#3668=CARTESIAN_POINT('',(114.999999999997,132.999999999957,0.));
#3669=CARTESIAN_POINT('',(119.999999999997,131.499999999957,7.));
#3670=CARTESIAN_POINT('',(80.550458715602,143.334862385276,7.));
#3671=CARTESIAN_POINT('',(119.999999999997,131.499999999957,0.));
#3672=CARTESIAN_POINT('Origin',(114.999999999997,124.999999999957,0.));
#3673=CARTESIAN_POINT('',(114.999999999997,62.4999999999987,0.));
#3674=CARTESIAN_POINT('',(114.999999999997,62.4999999999987,7.));
#3675=CARTESIAN_POINT('Origin',(119.999999999997,134.999999999917,0.));
#3676=CARTESIAN_POINT('',(119.999999999997,129.999999999997,7.));
#3677=CARTESIAN_POINT('',(119.999999999997,131.999999999937,7.));
#3678=CARTESIAN_POINT('',(119.999999999997,129.999999999997,17.));
#3679=CARTESIAN_POINT('',(119.999999999997,129.999999999997,8.5));
#3680=CARTESIAN_POINT('',(119.999999999997,134.999999999917,17.));
#3681=CARTESIAN_POINT('',(119.999999999997,134.999999999997,17.));
#3682=CARTESIAN_POINT('',(119.999999999997,134.999999999917,0.));
#3683=CARTESIAN_POINT('',(119.999999999997,134.999999999917,0.));
#3684=CARTESIAN_POINT('',(119.999999999997,134.999999999997,0.));
#3685=CARTESIAN_POINT('Origin',(4.00390831600816E-11,4.00035560232936E-11,
7.));
#3686=CARTESIAN_POINT('',(119.999999999997,122.999999999997,7.));
#3687=CARTESIAN_POINT('',(119.999999999998,67.4999999999788,7.));
#3688=CARTESIAN_POINT('',(170.006853500484,122.999999999997,7.));
#3689=CARTESIAN_POINT('',(85.003426750262,122.999999999997,7.));
#3690=CARTESIAN_POINT('',(177.999999999997,115.006853500484,7.));
#3691=CARTESIAN_POINT('Ctrl Pts',(170.006853500484,122.999999999997,7.));
#3692=CARTESIAN_POINT('Ctrl Pts',(171.799515484596,122.999999999998,7.));
#3693=CARTESIAN_POINT('Ctrl Pts',(173.520822855076,122.406851157404,7.));
#3694=CARTESIAN_POINT('Ctrl Pts',(174.930879633448,121.304646930745,7.));
#3695=CARTESIAN_POINT('Ctrl Pts',(176.720384209739,119.90583835944,7.));
#3696=CARTESIAN_POINT('Ctrl Pts',(177.803304250108,117.850357808047,7.));
#3697=CARTESIAN_POINT('Ctrl Pts',(177.976819061055,115.606026862154,7.));
#3698=CARTESIAN_POINT('Ctrl Pts',(177.992151027121,115.407715226878,7.));
#3699=CARTESIAN_POINT('Ctrl Pts',(177.999999999998,115.207850973993,7.));
#3700=CARTESIAN_POINT('Ctrl Pts',(177.999999999997,115.006853500484,7.));
#3701=CARTESIAN_POINT('',(177.999999999997,-115.006853500404,7.));
#3702=CARTESIAN_POINT('',(177.999999999997,-57.5034267501819,7.));
#3703=CARTESIAN_POINT('',(170.006853500484,-122.999999999917,7.));
#3704=CARTESIAN_POINT('Ctrl Pts',(177.999999999997,-115.006853500404,7.));
#3705=CARTESIAN_POINT('Ctrl Pts',(177.999999999998,-116.799515484516,7.));
#3706=CARTESIAN_POINT('Ctrl Pts',(177.406851157404,-118.520822854996,7.));
#3707=CARTESIAN_POINT('Ctrl Pts',(176.304646930745,-119.930879633368,7.));
#3708=CARTESIAN_POINT('Ctrl Pts',(174.90583835944,-121.720384209659,7.));
#3709=CARTESIAN_POINT('Ctrl Pts',(172.850357808047,-122.803304250028,7.));
#3710=CARTESIAN_POINT('Ctrl Pts',(170.606026862153,-122.976819060975,7.));
#3711=CARTESIAN_POINT('Ctrl Pts',(170.407715226878,-122.992151027041,7.));
#3712=CARTESIAN_POINT('Ctrl Pts',(170.207850973993,-122.999999999918,7.));
#3713=CARTESIAN_POINT('Ctrl Pts',(170.006853500484,-122.999999999917,7.));
#3714=CARTESIAN_POINT('',(60.0000000000187,-122.999999999917,7.));
#3715=CARTESIAN_POINT('',(140.006853500482,-129.999999999917,7.));
#3716=CARTESIAN_POINT('',(-119.999999999917,-129.999999999917,7.));
#3717=CARTESIAN_POINT('',(138.006853500482,-127.999999999917,7.));
#3718=CARTESIAN_POINT('Origin',(140.006853500482,-127.999999999917,7.));
#3719=CARTESIAN_POINT('Origin',(140.006853500482,-127.999999999917,7.));
#3720=CARTESIAN_POINT('',(170.006853500482,-129.999999999917,7.));
#3721=CARTESIAN_POINT('',(-119.999999999917,-129.999999999917,7.));
#3722=CARTESIAN_POINT('',(184.999999999997,-115.006853500402,7.));
#3723=CARTESIAN_POINT('Ctrl Pts',(184.999999999997,-115.006853500402,7.));
#3724=CARTESIAN_POINT('Ctrl Pts',(184.999999999998,-118.042769894956,7.));
#3725=CARTESIAN_POINT('Ctrl Pts',(184.116304904135,-120.894085597517,7.));
#3726=CARTESIAN_POINT('Ctrl Pts',(182.444138043407,-123.381156864682,7.));
#3727=CARTESIAN_POINT('Ctrl Pts',(182.24752825554,-123.67358136234,7.));
#3728=CARTESIAN_POINT('Ctrl Pts',(182.039437162733,-123.960706874884,7.));
#3729=CARTESIAN_POINT('Ctrl Pts',(181.819683850817,-124.241838664749,7.));
#3730=CARTESIAN_POINT('Ctrl Pts',(179.990325510611,-126.582148260092,7.));
#3731=CARTESIAN_POINT('Ctrl Pts',(177.630078427652,-128.207146433006,7.));
#3732=CARTESIAN_POINT('Ctrl Pts',(174.986393714208,-129.141705109243,7.));
#3733=CARTESIAN_POINT('Ctrl Pts',(173.42915433006,-129.692198732795,7.));
#3734=CARTESIAN_POINT('Ctrl Pts',(171.756780461229,-129.999999999918,7.));
#3735=CARTESIAN_POINT('Ctrl Pts',(170.006853500482,-129.999999999917,7.));
#3736=CARTESIAN_POINT('',(184.999999999997,-85.0068535004022,7.));
#3737=CARTESIAN_POINT('',(184.999999999997,115.006853500481,7.));
#3738=CARTESIAN_POINT('',(180.999999999997,-85.0068535004022,7.));
#3739=CARTESIAN_POINT('Origin',(182.999999999997,-85.0068535004022,7.));
#3740=CARTESIAN_POINT('Origin',(182.999999999997,-85.0068535004022,7.));
#3741=CARTESIAN_POINT('',(184.999999999997,3.99462366142977E-11,7.));
#3742=CARTESIAN_POINT('',(184.999999999997,115.006853500481,7.));
#3743=CARTESIAN_POINT('',(180.999999999997,3.99464815436576E-11,7.));
#3744=CARTESIAN_POINT('Origin',(182.999999999997,3.99462366142977E-11,7.));
#3745=CARTESIAN_POINT('Origin',(182.999999999997,3.99462366142977E-11,7.));
#3746=CARTESIAN_POINT('',(184.999999999997,85.0068535004848,7.));
#3747=CARTESIAN_POINT('',(184.999999999997,115.006853500481,7.));
#3748=CARTESIAN_POINT('',(180.999999999997,85.0068535004848,7.));
#3749=CARTESIAN_POINT('Origin',(182.999999999997,85.0068535004848,7.));
#3750=CARTESIAN_POINT('Origin',(182.999999999997,85.0068535004848,7.));
#3751=CARTESIAN_POINT('',(184.999999999997,115.006853500481,7.));
#3752=CARTESIAN_POINT('',(184.999999999997,115.006853500481,7.));
#3753=CARTESIAN_POINT('',(170.006853500482,129.999999999997,7.));
#3754=CARTESIAN_POINT('Ctrl Pts',(170.006853500482,129.999999999997,7.));
#3755=CARTESIAN_POINT('Ctrl Pts',(173.042769895036,129.999999999998,7.));
#3756=CARTESIAN_POINT('Ctrl Pts',(175.894085597597,129.116304904135,7.));
#3757=CARTESIAN_POINT('Ctrl Pts',(178.381156864762,127.444138043407,7.));
#3758=CARTESIAN_POINT('Ctrl Pts',(178.673581362421,127.247528255539,7.));
#3759=CARTESIAN_POINT('Ctrl Pts',(178.960706874964,127.039437162733,7.));
#3760=CARTESIAN_POINT('Ctrl Pts',(179.241838664829,126.819683850817,7.));
#3761=CARTESIAN_POINT('Ctrl Pts',(181.582148260172,124.990325510612,7.));
#3762=CARTESIAN_POINT('Ctrl Pts',(183.207146433086,122.630078427653,7.));
#3763=CARTESIAN_POINT('Ctrl Pts',(184.141705109323,119.986393714208,7.));
#3764=CARTESIAN_POINT('Ctrl Pts',(184.692198732875,118.429154330061,7.));
#3765=CARTESIAN_POINT('Ctrl Pts',(184.999999999998,116.756780461229,7.));
#3766=CARTESIAN_POINT('Ctrl Pts',(184.999999999997,115.006853500481,7.));
#3767=CARTESIAN_POINT('',(140.006853500482,129.999999999997,7.));
#3768=CARTESIAN_POINT('',(119.999999999997,129.999999999997,7.));
#3769=CARTESIAN_POINT('',(138.006853500482,127.999999999997,7.));
#3770=CARTESIAN_POINT('Origin',(140.006853500482,127.999999999997,7.));
#3771=CARTESIAN_POINT('Origin',(140.006853500482,127.999999999997,7.));
#3772=CARTESIAN_POINT('',(119.999999999997,129.999999999997,7.));
#3773=CARTESIAN_POINT('Origin',(154.999999999997,4.00035560232936E-11,0.));
#3774=CARTESIAN_POINT('',(172.999999999997,134.999999999917,0.));
#3775=CARTESIAN_POINT('',(172.999999999997,134.999999999917,0.));
#3776=CARTESIAN_POINT('',(189.999999999997,117.999999999917,0.));
#3777=CARTESIAN_POINT('Origin',(172.999999999998,117.999999999918,0.));
#3778=CARTESIAN_POINT('',(189.999999999997,-117.999999999917,0.));
#3779=CARTESIAN_POINT('',(189.999999999997,-117.999999999917,0.));
#3780=CARTESIAN_POINT('',(172.999999999997,-134.999999999917,0.));
#3781=CARTESIAN_POINT('Origin',(172.999999999998,-117.999999999918,0.));
#3782=CARTESIAN_POINT('',(172.999999999997,-134.999999999917,0.));
#3783=CARTESIAN_POINT('',(170.006853500484,-122.999999999917,0.));
#3784=CARTESIAN_POINT('',(137.499999999997,-122.999999999917,0.));
#3785=CARTESIAN_POINT('',(177.999999999997,-115.006853500404,0.));
#3786=CARTESIAN_POINT('Ctrl Pts',(170.006853500484,-122.999999999917,0.));
#3787=CARTESIAN_POINT('Ctrl Pts',(170.207850973993,-122.999999999918,0.));
#3788=CARTESIAN_POINT('Ctrl Pts',(170.407715226878,-122.992151027041,0.));
#3789=CARTESIAN_POINT('Ctrl Pts',(170.606026862153,-122.976819060975,0.));
#3790=CARTESIAN_POINT('Ctrl Pts',(172.850357808047,-122.803304250028,0.));
#3791=CARTESIAN_POINT('Ctrl Pts',(174.90583835944,-121.720384209659,0.));
#3792=CARTESIAN_POINT('Ctrl Pts',(176.304646930745,-119.930879633368,0.));
#3793=CARTESIAN_POINT('Ctrl Pts',(177.406851157404,-118.520822854996,0.));
#3794=CARTESIAN_POINT('Ctrl Pts',(177.999999999998,-116.799515484516,0.));
#3795=CARTESIAN_POINT('Ctrl Pts',(177.999999999997,-115.006853500404,0.));
#3796=CARTESIAN_POINT('',(177.999999999997,115.006853500484,0.));
#3797=CARTESIAN_POINT('',(177.999999999997,-57.5034267501819,0.));
#3798=CARTESIAN_POINT('',(170.006853500484,122.999999999997,0.));
#3799=CARTESIAN_POINT('Ctrl Pts',(177.999999999997,115.006853500484,0.));
#3800=CARTESIAN_POINT('Ctrl Pts',(177.999999999998,115.207850973993,0.));
#3801=CARTESIAN_POINT('Ctrl Pts',(177.992151027121,115.407715226878,0.));
#3802=CARTESIAN_POINT('Ctrl Pts',(177.976819061055,115.606026862154,0.));
#3803=CARTESIAN_POINT('Ctrl Pts',(177.803304250108,117.850357808047,0.));
#3804=CARTESIAN_POINT('Ctrl Pts',(176.720384209739,119.90583835944,0.));
#3805=CARTESIAN_POINT('Ctrl Pts',(174.930879633448,121.304646930745,0.));
#3806=CARTESIAN_POINT('Ctrl Pts',(173.520822855076,122.406851157404,0.));
#3807=CARTESIAN_POINT('Ctrl Pts',(171.799515484596,122.999999999998,0.));
#3808=CARTESIAN_POINT('Ctrl Pts',(170.006853500484,122.999999999997,0.));
#3809=CARTESIAN_POINT('',(119.999999999997,122.999999999997,0.));
#3810=CARTESIAN_POINT('',(162.503426750241,122.999999999997,0.));
#3811=CARTESIAN_POINT('',(119.999999999997,134.999999999997,0.));
#3812=CARTESIAN_POINT('',(138.006853500482,-127.999999999917,0.));
#3813=CARTESIAN_POINT('Origin',(140.006853500482,-127.999999999917,0.));
#3814=CARTESIAN_POINT('',(138.006853500482,127.999999999997,0.));
#3815=CARTESIAN_POINT('Origin',(140.006853500482,127.999999999997,0.));
#3816=CARTESIAN_POINT('',(180.999999999997,85.0068535004848,0.));
#3817=CARTESIAN_POINT('Origin',(182.999999999997,85.0068535004848,0.));
#3818=CARTESIAN_POINT('',(180.999999999997,-85.0068535004022,0.));
#3819=CARTESIAN_POINT('Origin',(182.999999999997,-85.0068535004022,0.));
#3820=CARTESIAN_POINT('',(180.999999999997,3.99459916849379E-11,0.));
#3821=CARTESIAN_POINT('Origin',(182.999999999997,3.99462366142977E-11,0.));
#3822=CARTESIAN_POINT('Origin',(172.999999999998,117.999999999918,0.));
#3823=CARTESIAN_POINT('',(172.999999999997,134.999999999917,17.));
#3824=CARTESIAN_POINT('',(172.999999999997,134.999999999917,0.));
#3825=CARTESIAN_POINT('',(189.999999999997,117.999999999917,17.));
#3826=CARTESIAN_POINT('Origin',(172.999999999998,117.999999999918,17.));
#3827=CARTESIAN_POINT('',(189.999999999997,117.999999999917,0.));
#3828=CARTESIAN_POINT('Origin',(172.999999999998,-117.999999999918,0.));
#3829=CARTESIAN_POINT('',(189.999999999997,-117.999999999917,17.));
#3830=CARTESIAN_POINT('',(189.999999999997,-117.999999999917,0.));
#3831=CARTESIAN_POINT('',(172.999999999997,-134.999999999917,17.));
#3832=CARTESIAN_POINT('Origin',(172.999999999998,-117.999999999918,17.));
#3833=CARTESIAN_POINT('',(172.999999999997,-134.999999999917,0.));
#3834=CARTESIAN_POINT('Origin',(119.999999999997,134.999999999917,0.));
#3835=CARTESIAN_POINT('',(119.999999999997,122.999999999997,0.));
#3836=CARTESIAN_POINT('Origin',(119.999999999997,-122.999999999917,0.));
#3837=CARTESIAN_POINT('',(170.006853500484,-122.999999999917,0.));
#3838=CARTESIAN_POINT('Origin',(170.006853500484,122.999999999997,0.));
#3839=CARTESIAN_POINT('',(170.006853500484,122.999999999997,0.));
#3840=CARTESIAN_POINT('Ctrl Pts',(177.999999999997,115.006853500484,0.));
#3841=CARTESIAN_POINT('Ctrl Pts',(177.999999999997,115.006853500484,50.));
#3842=CARTESIAN_POINT('Ctrl Pts',(177.999999999998,115.207850973993,0.));
#3843=CARTESIAN_POINT('Ctrl Pts',(177.999999999998,115.207850973993,50.));
#3844=CARTESIAN_POINT('Ctrl Pts',(177.992151027121,115.407715226878,0.));
#3845=CARTESIAN_POINT('Ctrl Pts',(177.992151027121,115.407715226878,50.));
#3846=CARTESIAN_POINT('Ctrl Pts',(177.976819061055,115.606026862154,0.));
#3847=CARTESIAN_POINT('Ctrl Pts',(177.976819061055,115.606026862154,50.));
#3848=CARTESIAN_POINT('Ctrl Pts',(177.803304250108,117.850357808047,0.));
#3849=CARTESIAN_POINT('Ctrl Pts',(177.803304250108,117.850357808047,50.));
#3850=CARTESIAN_POINT('Ctrl Pts',(176.720384209739,119.90583835944,0.));
#3851=CARTESIAN_POINT('Ctrl Pts',(176.720384209739,119.90583835944,50.));
#3852=CARTESIAN_POINT('Ctrl Pts',(174.930879633448,121.304646930745,0.));
#3853=CARTESIAN_POINT('Ctrl Pts',(174.930879633448,121.304646930745,50.));
#3854=CARTESIAN_POINT('Ctrl Pts',(173.520822855076,122.406851157404,0.));
#3855=CARTESIAN_POINT('Ctrl Pts',(173.520822855076,122.406851157404,50.));
#3856=CARTESIAN_POINT('Ctrl Pts',(171.799515484596,122.999999999998,0.));
#3857=CARTESIAN_POINT('Ctrl Pts',(171.799515484596,122.999999999998,50.));
#3858=CARTESIAN_POINT('Ctrl Pts',(170.006853500484,122.999999999997,0.));
#3859=CARTESIAN_POINT('Ctrl Pts',(170.006853500484,122.999999999997,50.));
#3860=CARTESIAN_POINT('',(177.999999999997,115.006853500484,0.));
#3861=CARTESIAN_POINT('Origin',(177.999999999997,-115.006853500404,0.));
#3862=CARTESIAN_POINT('',(177.999999999997,-115.006853500404,0.));
#3863=CARTESIAN_POINT('Ctrl Pts',(170.006853500484,-122.999999999917,0.));
#3864=CARTESIAN_POINT('Ctrl Pts',(170.006853500484,-122.999999999917,50.));
#3865=CARTESIAN_POINT('Ctrl Pts',(170.207850973993,-122.999999999918,0.));
#3866=CARTESIAN_POINT('Ctrl Pts',(170.207850973993,-122.999999999918,50.));
#3867=CARTESIAN_POINT('Ctrl Pts',(170.407715226878,-122.992151027041,0.));
#3868=CARTESIAN_POINT('Ctrl Pts',(170.407715226878,-122.992151027041,50.));
#3869=CARTESIAN_POINT('Ctrl Pts',(170.606026862153,-122.976819060975,0.));
#3870=CARTESIAN_POINT('Ctrl Pts',(170.606026862153,-122.976819060975,50.));
#3871=CARTESIAN_POINT('Ctrl Pts',(172.850357808047,-122.803304250028,0.));
#3872=CARTESIAN_POINT('Ctrl Pts',(172.850357808047,-122.803304250028,50.));
#3873=CARTESIAN_POINT('Ctrl Pts',(174.90583835944,-121.720384209659,0.));
#3874=CARTESIAN_POINT('Ctrl Pts',(174.90583835944,-121.720384209659,50.));
#3875=CARTESIAN_POINT('Ctrl Pts',(176.304646930745,-119.930879633368,0.));
#3876=CARTESIAN_POINT('Ctrl Pts',(176.304646930745,-119.930879633368,50.));
#3877=CARTESIAN_POINT('Ctrl Pts',(177.406851157404,-118.520822854996,0.));
#3878=CARTESIAN_POINT('Ctrl Pts',(177.406851157404,-118.520822854996,50.));
#3879=CARTESIAN_POINT('Ctrl Pts',(177.999999999998,-116.799515484516,0.));
#3880=CARTESIAN_POINT('Ctrl Pts',(177.999999999998,-116.799515484516,50.));
#3881=CARTESIAN_POINT('Ctrl Pts',(177.999999999997,-115.006853500404,0.));
#3882=CARTESIAN_POINT('Ctrl Pts',(177.999999999997,-115.006853500404,50.));
#3883=CARTESIAN_POINT('Origin',(140.006853500482,-129.999999999917,12.));
#3884=CARTESIAN_POINT('',(138.006853500482,-134.999999999917,12.));
#3885=CARTESIAN_POINT('Origin',(140.006853500482,-134.999999999917,12.));
#3886=CARTESIAN_POINT('',(138.006853500482,-129.999999999917,12.));
#3887=CARTESIAN_POINT('',(138.006853500482,-129.999999999917,12.));
#3888=CARTESIAN_POINT('Origin',(140.006853500482,-129.999999999917,12.));
#3889=CARTESIAN_POINT('Origin',(140.006853500482,-129.999999999917,12.));
#3890=CARTESIAN_POINT('',(138.006853500482,129.999999999997,12.));
#3891=CARTESIAN_POINT('Origin',(140.006853500482,129.999999999997,12.));
#3892=CARTESIAN_POINT('',(138.006853500482,134.999999999917,12.));
#3893=CARTESIAN_POINT('',(138.006853500482,-129.999999999917,12.));
#3894=CARTESIAN_POINT('Origin',(140.006853500482,134.999999999917,12.));
#3895=CARTESIAN_POINT('Origin',(184.999999999997,85.0068535004815,12.));
#3896=CARTESIAN_POINT('',(189.999999999997,87.0068535004815,12.));
#3897=CARTESIAN_POINT('Origin',(189.999999999997,85.0068535004815,12.));
#3898=CARTESIAN_POINT('',(184.999999999997,87.0068535004815,12.));
#3899=CARTESIAN_POINT('',(184.999999999997,87.0068535004815,12.));
#3900=CARTESIAN_POINT('Origin',(184.999999999997,85.0068535004815,12.));
#3901=CARTESIAN_POINT('Origin',(184.999999999997,3.99502653181116E-11,12.));
#3902=CARTESIAN_POINT('',(189.999999999997,2.00000000003995,12.));
#3903=CARTESIAN_POINT('Origin',(189.999999999997,3.99502653181116E-11,12.));
#3904=CARTESIAN_POINT('',(184.999999999997,2.00000000003995,12.));
#3905=CARTESIAN_POINT('',(184.999999999997,2.00000000003995,12.));
#3906=CARTESIAN_POINT('Origin',(184.999999999997,3.99502653181116E-11,12.));
#3907=CARTESIAN_POINT('Origin',(184.999999999997,-85.0068535004016,12.));
#3908=CARTESIAN_POINT('',(189.999999999997,-83.0068535004016,12.));
#3909=CARTESIAN_POINT('Origin',(189.999999999997,-85.0068535004016,12.));
#3910=CARTESIAN_POINT('',(184.999999999997,-83.0068535004016,12.));
#3911=CARTESIAN_POINT('',(184.999999999997,-83.0068535004016,12.));
#3912=CARTESIAN_POINT('Origin',(184.999999999997,-85.0068535004016,12.));
#3913=CARTESIAN_POINT('Origin',(182.999999999997,3.99462366142977E-11,7.));
#3914=CARTESIAN_POINT('',(180.999999999997,3.99464815436576E-11,7.));
#3915=CARTESIAN_POINT('Origin',(182.999999999997,-85.0068535004022,7.));
#3916=CARTESIAN_POINT('',(180.999999999997,-85.0068535004022,7.));
#3917=CARTESIAN_POINT('Origin',(182.999999999997,85.0068535004848,7.));
#3918=CARTESIAN_POINT('',(180.999999999997,85.0068535004848,7.));
#3919=CARTESIAN_POINT('Origin',(140.006853500482,127.999999999997,7.));
#3920=CARTESIAN_POINT('',(138.006853500482,127.999999999997,7.));
#3921=CARTESIAN_POINT('Origin',(140.006853500482,-127.999999999917,7.));
#3922=CARTESIAN_POINT('',(138.006853500482,-127.999999999917,7.));
#3923=CARTESIAN_POINT('Origin',(-170.006853500402,129.999999999997,17.));
#3924=CARTESIAN_POINT('',(170.006853500482,129.999999999997,17.));
#3925=CARTESIAN_POINT('',(170.006853500482,129.999999999997,17.));
#3926=CARTESIAN_POINT('',(-7.50342675020209,129.999999999997,17.));
#3927=CARTESIAN_POINT('Ctrl Pts',(184.999999999997,-115.006853500402,17.));
#3928=CARTESIAN_POINT('Ctrl Pts',(184.999999999997,-115.006853500402,7.));
#3929=CARTESIAN_POINT('Ctrl Pts',(184.999999999998,-118.042769894956,17.));
#3930=CARTESIAN_POINT('Ctrl Pts',(184.999999999998,-118.042769894956,7.));
#3931=CARTESIAN_POINT('Ctrl Pts',(184.116304904135,-120.894085597517,17.));
#3932=CARTESIAN_POINT('Ctrl Pts',(184.116304904135,-120.894085597517,7.));
#3933=CARTESIAN_POINT('Ctrl Pts',(182.444138043407,-123.381156864682,17.));
#3934=CARTESIAN_POINT('Ctrl Pts',(182.444138043407,-123.381156864682,7.));
#3935=CARTESIAN_POINT('Ctrl Pts',(182.24752825554,-123.67358136234,17.));
#3936=CARTESIAN_POINT('Ctrl Pts',(182.24752825554,-123.67358136234,7.));
#3937=CARTESIAN_POINT('Ctrl Pts',(182.039437162733,-123.960706874884,17.));
#3938=CARTESIAN_POINT('Ctrl Pts',(182.039437162733,-123.960706874884,7.));
#3939=CARTESIAN_POINT('Ctrl Pts',(181.819683850817,-124.241838664749,17.));
#3940=CARTESIAN_POINT('Ctrl Pts',(181.819683850817,-124.241838664749,7.));
#3941=CARTESIAN_POINT('Ctrl Pts',(179.990325510611,-126.582148260092,17.));
#3942=CARTESIAN_POINT('Ctrl Pts',(179.990325510611,-126.582148260092,7.));
#3943=CARTESIAN_POINT('Ctrl Pts',(177.630078427652,-128.207146433006,17.));
#3944=CARTESIAN_POINT('Ctrl Pts',(177.630078427652,-128.207146433006,7.));
#3945=CARTESIAN_POINT('Ctrl Pts',(174.986393714208,-129.141705109243,17.));
#3946=CARTESIAN_POINT('Ctrl Pts',(174.986393714208,-129.141705109243,7.));
#3947=CARTESIAN_POINT('Ctrl Pts',(173.42915433006,-129.692198732795,17.));
#3948=CARTESIAN_POINT('Ctrl Pts',(173.42915433006,-129.692198732795,7.));
#3949=CARTESIAN_POINT('Ctrl Pts',(171.756780461229,-129.999999999918,17.));
#3950=CARTESIAN_POINT('Ctrl Pts',(171.756780461229,-129.999999999918,7.));
#3951=CARTESIAN_POINT('Ctrl Pts',(170.006853500482,-129.999999999917,17.));
#3952=CARTESIAN_POINT('Ctrl Pts',(170.006853500482,-129.999999999917,7.));
#3953=CARTESIAN_POINT('',(184.999999999997,-115.006853500402,17.));
#3954=CARTESIAN_POINT('',(170.006853500482,-129.999999999917,17.));
#3955=CARTESIAN_POINT('Ctrl Pts',(184.999999999997,-115.006853500402,17.));
#3956=CARTESIAN_POINT('Ctrl Pts',(184.999999999998,-118.042769894956,17.));
#3957=CARTESIAN_POINT('Ctrl Pts',(184.116304904135,-120.894085597517,17.));
#3958=CARTESIAN_POINT('Ctrl Pts',(182.444138043407,-123.381156864682,17.));
#3959=CARTESIAN_POINT('Ctrl Pts',(182.24752825554,-123.67358136234,17.));
#3960=CARTESIAN_POINT('Ctrl Pts',(182.039437162733,-123.960706874884,17.));
#3961=CARTESIAN_POINT('Ctrl Pts',(181.819683850817,-124.241838664749,17.));
#3962=CARTESIAN_POINT('Ctrl Pts',(179.990325510611,-126.582148260092,17.));
#3963=CARTESIAN_POINT('Ctrl Pts',(177.630078427652,-128.207146433006,17.));
#3964=CARTESIAN_POINT('Ctrl Pts',(174.986393714208,-129.141705109243,17.));
#3965=CARTESIAN_POINT('Ctrl Pts',(173.42915433006,-129.692198732795,17.));
#3966=CARTESIAN_POINT('Ctrl Pts',(171.756780461229,-129.999999999918,17.));
#3967=CARTESIAN_POINT('Ctrl Pts',(170.006853500482,-129.999999999917,17.));
#3968=CARTESIAN_POINT('',(184.999999999997,-115.006853500402,17.));
#3969=CARTESIAN_POINT('',(170.006853500482,-129.999999999917,17.));
#3970=CARTESIAN_POINT('Origin',(184.999999999997,115.006853500481,17.));
#3971=CARTESIAN_POINT('',(184.999999999997,115.006853500481,17.));
#3972=CARTESIAN_POINT('',(184.999999999997,57.5034267502607,17.));
#3973=CARTESIAN_POINT('',(184.999999999997,115.006853500481,17.));
#3974=CARTESIAN_POINT('Ctrl Pts',(170.006853500482,129.999999999997,17.));
#3975=CARTESIAN_POINT('Ctrl Pts',(170.006853500482,129.999999999997,7.));
#3976=CARTESIAN_POINT('Ctrl Pts',(173.042769895036,129.999999999998,17.));
#3977=CARTESIAN_POINT('Ctrl Pts',(173.042769895036,129.999999999998,7.));
#3978=CARTESIAN_POINT('Ctrl Pts',(175.894085597597,129.116304904135,17.));
#3979=CARTESIAN_POINT('Ctrl Pts',(175.894085597597,129.116304904135,7.));
#3980=CARTESIAN_POINT('Ctrl Pts',(178.381156864762,127.444138043407,17.));
#3981=CARTESIAN_POINT('Ctrl Pts',(178.381156864762,127.444138043407,7.));
#3982=CARTESIAN_POINT('Ctrl Pts',(178.673581362421,127.247528255539,17.));
#3983=CARTESIAN_POINT('Ctrl Pts',(178.673581362421,127.247528255539,7.));
#3984=CARTESIAN_POINT('Ctrl Pts',(178.960706874964,127.039437162733,17.));
#3985=CARTESIAN_POINT('Ctrl Pts',(178.960706874964,127.039437162733,7.));
#3986=CARTESIAN_POINT('Ctrl Pts',(179.241838664829,126.819683850817,17.));
#3987=CARTESIAN_POINT('Ctrl Pts',(179.241838664829,126.819683850817,7.));
#3988=CARTESIAN_POINT('Ctrl Pts',(181.582148260172,124.990325510612,17.));
#3989=CARTESIAN_POINT('Ctrl Pts',(181.582148260172,124.990325510612,7.));
#3990=CARTESIAN_POINT('Ctrl Pts',(183.207146433086,122.630078427653,17.));
#3991=CARTESIAN_POINT('Ctrl Pts',(183.207146433086,122.630078427653,7.));
#3992=CARTESIAN_POINT('Ctrl Pts',(184.141705109323,119.986393714208,17.));
#3993=CARTESIAN_POINT('Ctrl Pts',(184.141705109323,119.986393714208,7.));
#3994=CARTESIAN_POINT('Ctrl Pts',(184.692198732875,118.429154330061,17.));
#3995=CARTESIAN_POINT('Ctrl Pts',(184.692198732875,118.429154330061,7.));
#3996=CARTESIAN_POINT('Ctrl Pts',(184.999999999998,116.756780461229,17.));
#3997=CARTESIAN_POINT('Ctrl Pts',(184.999999999998,116.756780461229,7.));
#3998=CARTESIAN_POINT('Ctrl Pts',(184.999999999997,115.006853500481,17.));
#3999=CARTESIAN_POINT('Ctrl Pts',(184.999999999997,115.006853500481,7.));
#4000=CARTESIAN_POINT('Ctrl Pts',(170.006853500482,129.999999999997,17.));
#4001=CARTESIAN_POINT('Ctrl Pts',(173.042769895036,129.999999999998,17.));
#4002=CARTESIAN_POINT('Ctrl Pts',(175.894085597597,129.116304904135,17.));
#4003=CARTESIAN_POINT('Ctrl Pts',(178.381156864762,127.444138043407,17.));
#4004=CARTESIAN_POINT('Ctrl Pts',(178.673581362421,127.247528255539,17.));
#4005=CARTESIAN_POINT('Ctrl Pts',(178.960706874964,127.039437162733,17.));
#4006=CARTESIAN_POINT('Ctrl Pts',(179.241838664829,126.819683850817,17.));
#4007=CARTESIAN_POINT('Ctrl Pts',(181.582148260172,124.990325510612,17.));
#4008=CARTESIAN_POINT('Ctrl Pts',(183.207146433086,122.630078427653,17.));
#4009=CARTESIAN_POINT('Ctrl Pts',(184.141705109323,119.986393714208,17.));
#4010=CARTESIAN_POINT('Ctrl Pts',(184.692198732875,118.429154330061,17.));
#4011=CARTESIAN_POINT('Ctrl Pts',(184.999999999998,116.756780461229,17.));
#4012=CARTESIAN_POINT('Ctrl Pts',(184.999999999997,115.006853500481,17.));
#4013=CARTESIAN_POINT('Origin',(170.006853500482,-129.999999999917,17.));
#4014=CARTESIAN_POINT('',(162.50342675024,-129.999999999917,17.));
#4015=CARTESIAN_POINT('Origin',(154.999999999997,4.00035560232936E-11,17.));
#4016=CARTESIAN_POINT('',(172.999999999997,-134.999999999917,17.));
#4017=CARTESIAN_POINT('',(189.999999999997,-117.999999999917,17.));
#4018=CARTESIAN_POINT('',(172.999999999997,134.999999999917,17.));
#4019=CARTESIAN_POINT('Origin',(119.999999999997,-134.999999999917,0.));
#4020=CARTESIAN_POINT('Origin',(170.00685350048,134.999999999917,0.));
#4021=CARTESIAN_POINT('Origin',(189.999999999997,-115.0068535004,0.));
#4022=CARTESIAN_POINT('',(0.,0.,0.));
#4023=CARTESIAN_POINT('Origin',(-114.849999999997,-124.798395402284,0.));
#4024=CARTESIAN_POINT('',(-114.849999999997,-124.798395402284,0.));
#4025=CARTESIAN_POINT('',(-119.999999999994,-126.343395402283,0.));
#4026=CARTESIAN_POINT('',(-62.5382942106638,-109.104883665484,0.));
#4027=CARTESIAN_POINT('',(-114.849999999997,-124.798395402284,7.));
#4028=CARTESIAN_POINT('',(-114.849999999997,-124.798395402284,0.));
#4029=CARTESIAN_POINT('',(-119.999999999994,-126.343395402283,7.));
#4030=CARTESIAN_POINT('',(-44.9924226510366,-103.841122197595,7.));
#4031=CARTESIAN_POINT('',(-119.999999999917,-126.34339540226,0.));
#4032=CARTESIAN_POINT('Origin',(-114.849999999997,-133.201604597551,0.));
#4033=CARTESIAN_POINT('',(-114.849999999997,-133.201604597551,0.));
#4034=CARTESIAN_POINT('',(-114.849999999997,-130.350802298734,0.));
#4035=CARTESIAN_POINT('',(-114.849999999997,-133.201604597551,7.));
#4036=CARTESIAN_POINT('',(-114.849999999997,-133.201604597551,0.));
#4037=CARTESIAN_POINT('',(-114.849999999997,-129.999999999917,7.));
#4038=CARTESIAN_POINT('',(-114.849999999997,-133.201604597551,7.));
#4039=CARTESIAN_POINT('',(-114.849999999997,-66.6008022987556,7.));
#4040=CARTESIAN_POINT('Origin',(-119.999999999994,-131.656604597552,0.));
#4041=CARTESIAN_POINT('',(-119.999999999994,-131.656604597552,0.));
#4042=CARTESIAN_POINT('',(-65.5261382473593,-147.998763123343,0.));
#4043=CARTESIAN_POINT('',(-119.999999999994,-131.656604597552,7.));
#4044=CARTESIAN_POINT('',(-119.999999999917,-131.656604597575,0.));
#4045=CARTESIAN_POINT('',(-120.043102182832,-131.643673942701,7.));
#4046=CARTESIAN_POINT('Origin',(114.849999999997,-133.201604597551,0.));
#4047=CARTESIAN_POINT('',(114.849999999997,-133.201604597551,0.));
#4048=CARTESIAN_POINT('',(119.999999999997,-131.656604597551,0.));
#4049=CARTESIAN_POINT('',(62.9511382473978,-148.771263123331,0.));
#4050=CARTESIAN_POINT('',(114.849999999997,-133.201604597551,7.));
#4051=CARTESIAN_POINT('',(114.849999999997,-133.201604597551,0.));
#4052=CARTESIAN_POINT('',(119.999999999997,-131.656604597551,7.));
#4053=CARTESIAN_POINT('',(114.849999999997,-133.201604597551,7.));
#4054=CARTESIAN_POINT('',(119.999999999997,-131.656604597551,0.));
#4055=CARTESIAN_POINT('Origin',(114.849999999997,-124.798395402284,0.));
#4056=CARTESIAN_POINT('',(114.849999999997,-124.798395402284,0.));
#4057=CARTESIAN_POINT('',(114.849999999997,-126.149197701101,0.));
#4058=CARTESIAN_POINT('',(114.849999999997,-124.798395402284,7.));
#4059=CARTESIAN_POINT('',(114.849999999997,-124.798395402284,0.));
#4060=CARTESIAN_POINT('',(114.849999999997,-129.999999999917,7.));
#4061=CARTESIAN_POINT('',(114.849999999997,-62.3991977011219,7.));
#4062=CARTESIAN_POINT('',(114.849999999997,-124.798395402284,7.));
#4063=CARTESIAN_POINT('Origin',(119.999999999997,-126.343395402284,0.));
#4064=CARTESIAN_POINT('',(119.999999999997,-126.343395402284,0.));
#4065=CARTESIAN_POINT('',(65.1132942107005,-109.877383665495,0.));
#4066=CARTESIAN_POINT('',(119.999999999997,-126.343395402284,7.));
#4067=CARTESIAN_POINT('',(119.999999999997,-126.343395402284,0.));
#4068=CARTESIAN_POINT('',(47.5674226510733,-104.613622197606,7.));
#4069=CARTESIAN_POINT('Origin',(119.999999999997,-121.575426209995,0.));
#4070=CARTESIAN_POINT('',(119.999999999997,-129.999999999917,7.));
#4071=CARTESIAN_POINT('',(119.999999999997,-125.287713104956,7.));
#4072=CARTESIAN_POINT('',(119.999999999997,-129.999999999917,17.));
#4073=CARTESIAN_POINT('',(119.999999999997,-129.999999999917,8.5));
#4074=CARTESIAN_POINT('',(119.999999999997,-134.999999999917,17.));
#4075=CARTESIAN_POINT('',(119.999999999997,-119.999999999917,17.));
#4076=CARTESIAN_POINT('',(119.999999999997,-134.999999999917,0.));
#4077=CARTESIAN_POINT('',(119.999999999997,-134.999999999917,0.));
#4078=CARTESIAN_POINT('',(119.999999999997,-119.999999999917,0.));
#4079=CARTESIAN_POINT('Origin',(4.00390831600816E-11,4.00035560232936E-11,
7.));
#4080=CARTESIAN_POINT('',(-70.0034267502022,-129.999999999917,7.));
#4081=CARTESIAN_POINT('',(-119.999999999917,-129.999999999917,7.));
#4082=CARTESIAN_POINT('',(-72.0034267502022,-127.999999999908,7.));
#4083=CARTESIAN_POINT('Origin',(-70.0034267502022,-127.999999999908,7.));
#4084=CARTESIAN_POINT('Origin',(-70.0034267502022,-127.999999999908,7.));
#4085=CARTESIAN_POINT('',(-2.16815964724653E-12,-129.999999999917,7.));
#4086=CARTESIAN_POINT('',(-119.999999999917,-129.999999999917,7.));
#4087=CARTESIAN_POINT('',(-2.00000000000217,-127.999999999917,7.));
#4088=CARTESIAN_POINT('Origin',(-2.16815964724653E-12,-127.999999999917,
7.));
#4089=CARTESIAN_POINT('Origin',(-2.16815964724653E-12,-127.999999999917,
7.));
#4090=CARTESIAN_POINT('',(70.0034267502436,-129.999999999917,7.));
#4091=CARTESIAN_POINT('',(-119.999999999917,-129.999999999917,7.));
#4092=CARTESIAN_POINT('',(68.0034267502436,-127.999999999917,7.));
#4093=CARTESIAN_POINT('Origin',(70.0034267502436,-127.999999999917,7.));
#4094=CARTESIAN_POINT('Origin',(70.0034267502436,-127.999999999917,7.));
#4095=CARTESIAN_POINT('',(-119.999999999917,-129.999999999917,7.));
#4096=CARTESIAN_POINT('',(119.999999999997,-122.999999999917,7.));
#4097=CARTESIAN_POINT('',(119.999999999997,-60.7877131049774,7.));
#4098=CARTESIAN_POINT('',(-119.999999999917,-122.999999999917,7.));
#4099=CARTESIAN_POINT('',(60.0000000000187,-122.999999999917,7.));
#4100=CARTESIAN_POINT('',(-119.999999999918,-59.9999999999388,7.));
#4101=CARTESIAN_POINT('Origin',(-4.00390831600816E-11,4.00035560232936E-11,
7.));
#4102=CARTESIAN_POINT('',(-119.999999999917,-129.999999999917,7.));
#4103=CARTESIAN_POINT('',(-119.999999999917,-129.999999999917,7.));
#4104=CARTESIAN_POINT('',(-119.999999999917,-124.499999999917,7.));
#4105=CARTESIAN_POINT('Origin',(3.99857924548996E-11,-127.499999999917,
0.));
#4106=CARTESIAN_POINT('',(-119.999999999917,-122.999999999917,0.));
#4107=CARTESIAN_POINT('',(-119.999999999917,-134.999999999917,0.));
#4108=CARTESIAN_POINT('',(119.999999999997,-122.999999999917,0.));
#4109=CARTESIAN_POINT('',(60.0000000000187,-122.999999999917,0.));
#4110=CARTESIAN_POINT('',(119.999999999997,-119.999999999917,0.));
#4111=CARTESIAN_POINT('',(-119.999999999917,-134.999999999917,0.));
#4112=CARTESIAN_POINT('',(172.999999999997,-134.999999999917,0.));
#4113=CARTESIAN_POINT('',(-119.999999999917,-134.999999999917,0.));
#4114=CARTESIAN_POINT('',(-2.00000000000217,-127.999999999917,0.));
#4115=CARTESIAN_POINT('Origin',(-2.16815964724653E-12,-127.999999999917,
0.));
#4116=CARTESIAN_POINT('',(-72.0034267502022,-127.999999999908,0.));
#4117=CARTESIAN_POINT('Origin',(-70.0034267502022,-127.999999999908,0.));
#4118=CARTESIAN_POINT('',(68.0034267502436,-127.999999999917,0.));
#4119=CARTESIAN_POINT('Origin',(70.0034267502436,-127.999999999917,0.));
#4120=CARTESIAN_POINT('Origin',(-119.999999999917,-119.999999999917,0.));
#4121=CARTESIAN_POINT('',(-119.999999999917,-122.999999999917,0.));
#4122=CARTESIAN_POINT('Origin',(4.00390831600816E-11,4.00035560232936E-11,
7.));
#4123=CARTESIAN_POINT('',(-119.999999999917,-129.999999999917,7.));
#4124=CARTESIAN_POINT('Origin',(119.999999999997,-121.575426209995,0.));
#4125=CARTESIAN_POINT('',(119.999999999997,-122.999999999917,0.));
#4126=CARTESIAN_POINT('Origin',(-119.999999999917,-119.999999999917,0.));
#4127=CARTESIAN_POINT('',(-119.999999999917,-134.999999999917,17.));
#4128=CARTESIAN_POINT('',(-119.999999999917,-134.999999999917,0.));
#4129=CARTESIAN_POINT('',(-119.999999999917,-129.999999999917,17.));
#4130=CARTESIAN_POINT('',(-119.999999999917,-134.999999999917,17.));
#4131=CARTESIAN_POINT('',(-119.999999999917,-129.999999999917,8.5));
#4132=CARTESIAN_POINT('Origin',(119.999999999997,-122.999999999917,0.));
#4133=CARTESIAN_POINT('Origin',(-70.0034267501808,-129.999999999917,12.));
#4134=CARTESIAN_POINT('',(-72.0034267501808,-134.999999999917,12.));
#4135=CARTESIAN_POINT('Origin',(-70.0034267501808,-134.999999999917,12.));
#4136=CARTESIAN_POINT('',(-72.0034267501808,-129.999999999917,12.));
#4137=CARTESIAN_POINT('',(-72.0034267501808,-129.999999999917,12.));
#4138=CARTESIAN_POINT('Origin',(-70.0034267501808,-129.999999999917,12.));
#4139=CARTESIAN_POINT('Origin',(4.00035560232936E-11,-129.999999999917,
12.));
#4140=CARTESIAN_POINT('',(-1.99999999996,-134.999999999917,12.));
#4141=CARTESIAN_POINT('Origin',(4.00035560232936E-11,-134.999999999917,
12.));
#4142=CARTESIAN_POINT('',(-1.99999999996,-129.999999999917,12.));
#4143=CARTESIAN_POINT('',(-1.99999999996,-129.999999999917,12.));
#4144=CARTESIAN_POINT('Origin',(4.00035560232936E-11,-129.999999999917,
12.));
#4145=CARTESIAN_POINT('Origin',(70.0034267502608,-129.999999999917,12.));
#4146=CARTESIAN_POINT('',(68.0034267502608,-134.999999999917,12.));
#4147=CARTESIAN_POINT('Origin',(70.0034267502608,-134.999999999917,12.));
#4148=CARTESIAN_POINT('',(68.0034267502608,-129.999999999917,12.));
#4149=CARTESIAN_POINT('',(68.0034267502608,-129.999999999917,12.));
#4150=CARTESIAN_POINT('Origin',(70.0034267502608,-129.999999999917,12.));
#4151=CARTESIAN_POINT('Origin',(-2.16815964724653E-12,-127.999999999917,
7.));
#4152=CARTESIAN_POINT('',(-2.00000000000217,-127.999999999917,7.));
#4153=CARTESIAN_POINT('Origin',(-70.0034267502022,-127.999999999908,7.));
#4154=CARTESIAN_POINT('',(-72.0034267502022,-127.999999999908,7.));
#4155=CARTESIAN_POINT('Origin',(70.0034267502436,-127.999999999917,7.));
#4156=CARTESIAN_POINT('',(68.0034267502436,-127.999999999917,7.));
#4157=CARTESIAN_POINT('Origin',(170.006853500482,-129.999999999917,17.));
#4158=CARTESIAN_POINT('',(85.0034267502608,-129.999999999917,17.));
#4159=CARTESIAN_POINT('Origin',(-119.999999999917,-134.999999999917,0.));
#4160=CARTESIAN_POINT('',(172.999999999997,-134.999999999917,17.));
#4161=CARTESIAN_POINT('Origin',(3.99857924548996E-11,-127.499999999917,
17.));
#4162=CARTESIAN_POINT('',(0.,0.,0.));
#4163=CARTESIAN_POINT('Origin',(114.849999999997,124.798395402324,0.));
#4164=CARTESIAN_POINT('',(114.849999999997,124.798395402324,0.));
#4165=CARTESIAN_POINT('',(119.999999999997,126.343395402324,0.));
#4166=CARTESIAN_POINT('',(62.538294210706,109.104883665536,0.));
#4167=CARTESIAN_POINT('',(114.849999999997,124.798395402324,7.));
#4168=CARTESIAN_POINT('',(114.849999999997,124.798395402324,0.));
#4169=CARTESIAN_POINT('',(119.999999999997,126.343395402324,7.));
#4170=CARTESIAN_POINT('',(44.9924226510788,103.841122197648,7.));
#4171=CARTESIAN_POINT('',(119.999999999997,126.343395402324,0.));
#4172=CARTESIAN_POINT('Origin',(114.849999999997,133.201604597591,0.));
#4173=CARTESIAN_POINT('',(114.849999999997,133.201604597591,0.));
#4174=CARTESIAN_POINT('',(114.849999999997,130.350802298794,0.));
#4175=CARTESIAN_POINT('',(114.849999999997,133.201604597591,7.));
#4176=CARTESIAN_POINT('',(114.849999999997,133.201604597591,0.));
#4177=CARTESIAN_POINT('',(114.849999999997,129.999999999997,7.));
#4178=CARTESIAN_POINT('',(114.849999999997,133.201604597591,7.));
#4179=CARTESIAN_POINT('',(114.849999999997,66.6008022988156,7.));
#4180=CARTESIAN_POINT('Origin',(119.999999999997,131.656604597591,0.));
#4181=CARTESIAN_POINT('',(119.999999999997,131.656604597591,0.));
#4182=CARTESIAN_POINT('',(65.5261382473923,147.998763123373,0.));
#4183=CARTESIAN_POINT('',(119.999999999997,131.656604597591,7.));
#4184=CARTESIAN_POINT('',(119.999999999997,131.656604597591,0.));
#4185=CARTESIAN_POINT('',(120.043102182832,131.643673942741,7.));
#4186=CARTESIAN_POINT('Origin',(4.00390831600816E-11,4.00035560232936E-11,
7.));
#4187=CARTESIAN_POINT('',(70.00342675024,129.999999999997,7.));
#4188=CARTESIAN_POINT('',(119.999999999997,129.999999999997,7.));
#4189=CARTESIAN_POINT('',(68.00342675024,127.999999999997,7.));
#4190=CARTESIAN_POINT('Origin',(70.00342675024,127.999999999997,7.));
#4191=CARTESIAN_POINT('Origin',(70.00342675024,127.999999999997,7.));
#4192=CARTESIAN_POINT('',(4.00212429602641E-11,129.999999999997,7.));
#4193=CARTESIAN_POINT('',(119.999999999997,129.999999999997,7.));
#4194=CARTESIAN_POINT('',(-1.99999999995998,127.999999999997,7.));
#4195=CARTESIAN_POINT('Origin',(4.00212429602641E-11,127.999999999997,7.));
#4196=CARTESIAN_POINT('Origin',(4.00212429602641E-11,127.999999999997,7.));
#4197=CARTESIAN_POINT('',(-70.00342675016,129.999999999997,7.));
#4198=CARTESIAN_POINT('',(119.999999999997,129.999999999997,7.));
#4199=CARTESIAN_POINT('',(-72.00342675016,127.999999999997,7.));
#4200=CARTESIAN_POINT('Origin',(-70.00342675016,127.999999999997,7.));
#4201=CARTESIAN_POINT('Origin',(-70.00342675016,127.999999999997,7.));
#4202=CARTESIAN_POINT('',(-114.849999999997,129.999999999997,7.));
#4203=CARTESIAN_POINT('',(119.999999999997,129.999999999997,7.));
#4204=CARTESIAN_POINT('',(-114.849999999997,124.798395402324,7.));
#4205=CARTESIAN_POINT('',(-114.849999999997,62.3991977011819,7.));
#4206=CARTESIAN_POINT('',(-119.999999999994,126.343395402323,7.));
#4207=CARTESIAN_POINT('',(-47.5674226510403,104.613622197637,7.));
#4208=CARTESIAN_POINT('',(-119.999999999917,122.999999999997,7.));
#4209=CARTESIAN_POINT('',(-119.999999999917,67.4999999999787,7.));
#4210=CARTESIAN_POINT('',(119.999999999997,122.999999999997,7.));
#4211=CARTESIAN_POINT('',(-59.9999999999387,122.999999999997,7.));
#4212=CARTESIAN_POINT('',(119.999999999998,60.0000000000188,7.));
#4213=CARTESIAN_POINT('Origin',(4.00390831600816E-11,4.00035560232936E-11,
7.));
#4214=CARTESIAN_POINT('',(119.999999999997,129.999999999997,7.));
#4215=CARTESIAN_POINT('',(119.999999999997,129.999999999997,7.));
#4216=CARTESIAN_POINT('',(119.999999999997,124.499999999977,7.));
#4217=CARTESIAN_POINT('Origin',(4.00035560232936E-11,127.499999999997,0.));
#4218=CARTESIAN_POINT('',(119.999999999997,122.999999999997,0.));
#4219=CARTESIAN_POINT('',(119.999999999997,134.999999999997,0.));
#4220=CARTESIAN_POINT('',(-119.999999999917,122.999999999997,0.));
#4221=CARTESIAN_POINT('',(-59.9999999999387,122.999999999997,0.));
#4222=CARTESIAN_POINT('',(-119.999999999994,126.343395402323,0.));
#4223=CARTESIAN_POINT('',(-119.999999999917,119.999999999997,0.));
#4224=CARTESIAN_POINT('',(-114.849999999997,124.798395402324,0.));
#4225=CARTESIAN_POINT('',(-65.1132942106676,109.877383665525,0.));
#4226=CARTESIAN_POINT('',(-114.849999999997,133.201604597591,0.));
#4227=CARTESIAN_POINT('',(-114.849999999997,126.149197701161,0.));
#4228=CARTESIAN_POINT('',(-119.999999999994,131.656604597592,0.));
#4229=CARTESIAN_POINT('',(-62.9511382473556,148.771263123384,0.));
#4230=CARTESIAN_POINT('',(-119.999999999917,134.999999999917,0.));
#4231=CARTESIAN_POINT('',(-119.999999999917,119.999999999997,0.));
#4232=CARTESIAN_POINT('',(119.999999999997,134.999999999917,0.));
#4233=CARTESIAN_POINT('',(-172.999999999997,134.999999999917,0.));
#4234=CARTESIAN_POINT('',(119.999999999997,134.999999999997,0.));
#4235=CARTESIAN_POINT('',(-1.99999999995998,127.999999999997,0.));
#4236=CARTESIAN_POINT('Origin',(4.00212429602641E-11,127.999999999997,0.));
#4237=CARTESIAN_POINT('',(68.00342675024,127.999999999997,0.));
#4238=CARTESIAN_POINT('Origin',(70.00342675024,127.999999999997,0.));
#4239=CARTESIAN_POINT('',(-72.00342675016,127.999999999997,0.));
#4240=CARTESIAN_POINT('Origin',(-70.00342675016,127.999999999997,0.));
#4241=CARTESIAN_POINT('Origin',(119.999999999997,119.999999999997,0.));
#4242=CARTESIAN_POINT('',(119.999999999997,122.999999999997,0.));
#4243=CARTESIAN_POINT('Origin',(-114.849999999997,133.201604597591,0.));
#4244=CARTESIAN_POINT('',(-114.849999999997,133.201604597591,7.));
#4245=CARTESIAN_POINT('',(-114.849999999997,133.201604597591,0.));
#4246=CARTESIAN_POINT('',(-119.999999999994,131.656604597592,7.));
#4247=CARTESIAN_POINT('',(-114.849999999997,133.201604597591,7.));
#4248=CARTESIAN_POINT('',(-119.999999999917,131.656604597615,0.));
#4249=CARTESIAN_POINT('Origin',(-114.849999999997,124.798395402324,0.));
#4250=CARTESIAN_POINT('',(-114.849999999997,124.798395402324,0.));
#4251=CARTESIAN_POINT('',(-114.849999999997,124.798395402324,7.));
#4252=CARTESIAN_POINT('Origin',(-119.999999999994,126.343395402323,0.));
#4253=CARTESIAN_POINT('',(-119.999999999917,126.3433954023,0.));
#4254=CARTESIAN_POINT('Origin',(-119.999999999917,134.999999999917,0.));
#4255=CARTESIAN_POINT('',(-119.999999999917,129.999999999997,7.));
#4256=CARTESIAN_POINT('',(-119.999999999917,131.999999999937,7.));
#4257=CARTESIAN_POINT('',(-119.999999999917,129.999999999997,17.));
#4258=CARTESIAN_POINT('',(-119.999999999917,129.999999999997,8.5));
#4259=CARTESIAN_POINT('',(-119.999999999917,134.999999999917,17.));
#4260=CARTESIAN_POINT('',(-119.999999999917,119.999999999997,17.));
#4261=CARTESIAN_POINT('',(-119.999999999917,134.999999999917,0.));
#4262=CARTESIAN_POINT('Origin',(-4.00390831600816E-11,4.00035560232936E-11,
7.));
#4263=CARTESIAN_POINT('',(119.999999999997,129.999999999997,7.));
#4264=CARTESIAN_POINT('Origin',(119.999999999997,119.999999999997,0.));
#4265=CARTESIAN_POINT('',(119.999999999997,134.999999999917,17.));
#4266=CARTESIAN_POINT('',(119.999999999997,134.999999999917,0.));
#4267=CARTESIAN_POINT('',(119.999999999997,129.999999999997,17.));
#4268=CARTESIAN_POINT('',(119.999999999997,134.999999999997,17.));
#4269=CARTESIAN_POINT('',(119.999999999997,129.999999999997,8.5));
#4270=CARTESIAN_POINT('Origin',(-119.999999999917,122.999999999997,0.));
#4271=CARTESIAN_POINT('',(-119.999999999917,122.999999999997,0.));
#4272=CARTESIAN_POINT('Origin',(-119.999999999917,134.999999999917,0.));
#4273=CARTESIAN_POINT('Origin',(-70.0034267501808,-129.999999999917,12.));
#4274=CARTESIAN_POINT('',(-72.0034267501808,129.999999999997,12.));
#4275=CARTESIAN_POINT('Origin',(-70.0034267501808,129.999999999997,12.));
#4276=CARTESIAN_POINT('',(-72.0034267501808,134.999999999917,12.));
#4277=CARTESIAN_POINT('',(-72.0034267501808,-129.999999999917,12.));
#4278=CARTESIAN_POINT('Origin',(-70.0034267501808,134.999999999917,12.));
#4279=CARTESIAN_POINT('Origin',(4.00035560232936E-11,-129.999999999917,
12.));
#4280=CARTESIAN_POINT('',(-1.99999999996,129.999999999997,12.));
#4281=CARTESIAN_POINT('Origin',(4.00035560232936E-11,129.999999999997,12.));
#4282=CARTESIAN_POINT('',(-1.99999999996,134.999999999917,12.));
#4283=CARTESIAN_POINT('',(-1.99999999996,-129.999999999917,12.));
#4284=CARTESIAN_POINT('Origin',(4.00035560232936E-11,134.999999999917,12.));
#4285=CARTESIAN_POINT('Origin',(70.0034267502608,-129.999999999917,12.));
#4286=CARTESIAN_POINT('',(68.0034267502608,129.999999999997,12.));
#4287=CARTESIAN_POINT('Origin',(70.0034267502608,129.999999999997,12.));
#4288=CARTESIAN_POINT('',(68.0034267502608,134.999999999917,12.));
#4289=CARTESIAN_POINT('',(68.0034267502608,-129.999999999917,12.));
#4290=CARTESIAN_POINT('Origin',(70.0034267502608,134.999999999917,12.));
#4291=CARTESIAN_POINT('Origin',(4.00212429602641E-11,127.999999999997,7.));
#4292=CARTESIAN_POINT('',(-1.99999999995998,127.999999999997,7.));
#4293=CARTESIAN_POINT('Origin',(70.00342675024,127.999999999997,7.));
#4294=CARTESIAN_POINT('',(68.00342675024,127.999999999997,7.));
#4295=CARTESIAN_POINT('Origin',(-70.00342675016,127.999999999997,7.));
#4296=CARTESIAN_POINT('',(-72.00342675016,127.999999999997,7.));
#4297=CARTESIAN_POINT('Origin',(-170.006853500402,129.999999999997,17.));
#4298=CARTESIAN_POINT('',(-85.0034267501808,129.999999999997,17.));
#4299=CARTESIAN_POINT('Origin',(4.00035560232936E-11,127.499999999997,17.));
#4300=CARTESIAN_POINT('',(-172.999999999997,134.999999999917,17.));
#4301=CARTESIAN_POINT('Origin',(119.999999999997,134.999999999917,0.));
#4302=CARTESIAN_POINT('',(0.,0.,0.));
#4303=CARTESIAN_POINT('Origin',(172.999999999998,117.999999999918,0.));
#4304=CARTESIAN_POINT('',(189.999999999997,117.999999999917,0.));
#4305=CARTESIAN_POINT('',(172.999999999997,134.999999999917,0.));
#4306=CARTESIAN_POINT('Origin',(172.999999999998,117.999999999918,0.));
#4307=CARTESIAN_POINT('',(189.999999999997,117.999999999917,-17.));
#4308=CARTESIAN_POINT('',(189.999999999997,117.999999999917,0.));
#4309=CARTESIAN_POINT('',(172.999999999997,134.999999999917,-17.));
#4310=CARTESIAN_POINT('Origin',(172.999999999998,117.999999999918,-17.));
#4311=CARTESIAN_POINT('',(172.999999999997,134.999999999917,0.));
#4312=CARTESIAN_POINT('Origin',(172.999999999998,-117.999999999918,0.));
#4313=CARTESIAN_POINT('',(172.999999999997,-134.999999999917,0.));
#4314=CARTESIAN_POINT('',(189.999999999997,-117.999999999917,0.));
#4315=CARTESIAN_POINT('Origin',(172.999999999998,-117.999999999918,0.));
#4316=CARTESIAN_POINT('',(172.999999999997,-134.999999999917,-17.));
#4317=CARTESIAN_POINT('',(172.999999999997,-134.999999999917,0.));
#4318=CARTESIAN_POINT('',(189.999999999997,-117.999999999917,-17.));
#4319=CARTESIAN_POINT('Origin',(172.999999999998,-117.999999999918,-17.));
#4320=CARTESIAN_POINT('',(189.999999999997,-117.999999999917,0.));
#4321=CARTESIAN_POINT('Origin',(114.999999999997,-124.999999999917,0.));
#4322=CARTESIAN_POINT('',(114.999999999997,-124.999999999917,0.));
#4323=CARTESIAN_POINT('',(114.999999999997,-132.999999999917,0.));
#4324=CARTESIAN_POINT('',(114.999999999997,-124.999999999917,0.));
#4325=CARTESIAN_POINT('',(114.999999999997,-124.999999999917,-7.));
#4326=CARTESIAN_POINT('',(114.999999999997,-124.999999999917,0.));
#4327=CARTESIAN_POINT('',(114.999999999997,-132.999999999917,-7.));
#4328=CARTESIAN_POINT('',(114.999999999997,-124.999999999917,-7.));
#4329=CARTESIAN_POINT('',(114.999999999997,-132.999999999917,0.));
#4330=CARTESIAN_POINT('Origin',(119.999999999997,-126.499999999917,0.));
#4331=CARTESIAN_POINT('',(119.999999999997,-126.499999999917,0.));
#4332=CARTESIAN_POINT('',(119.999999999997,-126.499999999917,0.));
#4333=CARTESIAN_POINT('',(119.999999999997,-126.499999999917,-7.));
#4334=CARTESIAN_POINT('',(119.999999999997,-126.499999999917,0.));
#4335=CARTESIAN_POINT('',(119.999999999997,-126.499999999917,-7.));
#4336=CARTESIAN_POINT('Origin',(114.999999999997,-132.999999999917,0.));
#4337=CARTESIAN_POINT('',(119.999999999997,-131.499999999917,0.));
#4338=CARTESIAN_POINT('',(119.999999999997,-131.499999999917,0.));
#4339=CARTESIAN_POINT('',(119.999999999997,-131.499999999917,-7.));
#4340=CARTESIAN_POINT('',(119.999999999997,-131.499999999917,-7.));
#4341=CARTESIAN_POINT('',(119.999999999997,-131.499999999917,0.));
#4342=CARTESIAN_POINT('Origin',(119.999999999997,-119.999999999917,0.));
#4343=CARTESIAN_POINT('',(119.999999999997,-122.999999999917,0.));
#4344=CARTESIAN_POINT('',(119.999999999997,-119.999999999917,0.));
#4345=CARTESIAN_POINT('',(119.999999999997,-122.999999999917,-7.));
#4346=CARTESIAN_POINT('',(119.999999999997,-122.999999999917,0.));
#4347=CARTESIAN_POINT('',(119.999999999997,-59.9999999999387,-7.));
#4348=CARTESIAN_POINT('Origin',(119.999999999997,-119.999999999917,0.));
#4349=CARTESIAN_POINT('',(119.999999999997,-129.999999999917,-7.));
#4350=CARTESIAN_POINT('',(119.999999999997,-124.499999999917,-7.));
#4351=CARTESIAN_POINT('',(119.999999999997,-129.999999999917,-17.));
#4352=CARTESIAN_POINT('',(119.999999999997,-129.999999999917,-8.5));
#4353=CARTESIAN_POINT('',(119.999999999997,-134.999999999917,-17.));
#4354=CARTESIAN_POINT('',(119.999999999997,-119.999999999917,-17.));
#4355=CARTESIAN_POINT('',(119.999999999997,-134.999999999917,0.));
#4356=CARTESIAN_POINT('',(119.999999999997,-134.999999999917,0.));
#4357=CARTESIAN_POINT('',(119.999999999997,-119.999999999917,0.));
#4358=CARTESIAN_POINT('Origin',(114.999999999997,132.999999999957,0.));
#4359=CARTESIAN_POINT('',(114.999999999997,132.999999999957,0.));
#4360=CARTESIAN_POINT('',(114.999999999997,124.999999999957,0.));
#4361=CARTESIAN_POINT('',(114.999999999997,132.999999999957,0.));
#4362=CARTESIAN_POINT('',(114.999999999997,132.999999999957,-7.));
#4363=CARTESIAN_POINT('',(114.999999999997,132.999999999957,0.));
#4364=CARTESIAN_POINT('',(114.999999999997,124.999999999957,-7.));
#4365=CARTESIAN_POINT('',(114.999999999997,132.999999999957,-7.));
#4366=CARTESIAN_POINT('',(114.999999999997,124.999999999957,0.));
#4367=CARTESIAN_POINT('Origin',(119.999999999997,131.499999999957,0.));
#4368=CARTESIAN_POINT('',(119.999999999997,131.499999999957,0.));
#4369=CARTESIAN_POINT('',(119.999999999997,131.499999999957,0.));
#4370=CARTESIAN_POINT('',(119.999999999997,131.499999999957,-7.));
#4371=CARTESIAN_POINT('',(119.999999999997,131.499999999957,0.));
#4372=CARTESIAN_POINT('',(119.999999999997,131.499999999957,-7.));
#4373=CARTESIAN_POINT('Origin',(114.999999999997,124.999999999957,0.));
#4374=CARTESIAN_POINT('',(119.999999999997,126.499999999957,0.));
#4375=CARTESIAN_POINT('',(119.999999999997,126.499999999957,0.));
#4376=CARTESIAN_POINT('',(119.999999999997,126.499999999957,-7.));
#4377=CARTESIAN_POINT('',(119.999999999997,126.499999999957,-7.));
#4378=CARTESIAN_POINT('',(119.999999999997,126.499999999957,0.));
#4379=CARTESIAN_POINT('Origin',(119.999999999997,134.999999999917,0.));
#4380=CARTESIAN_POINT('',(119.999999999997,122.999999999997,-7.));
#4381=CARTESIAN_POINT('',(119.999999999998,67.4999999999788,-7.));
#4382=CARTESIAN_POINT('',(119.999999999997,122.999999999997,0.));
#4383=CARTESIAN_POINT('',(119.999999999997,122.999999999997,0.));
#4384=CARTESIAN_POINT('',(119.999999999997,134.999999999997,0.));
#4385=CARTESIAN_POINT('Origin',(119.999999999997,134.999999999917,0.));
#4386=CARTESIAN_POINT('',(119.999999999997,134.999999999917,0.));
#4387=CARTESIAN_POINT('',(119.999999999997,134.999999999997,0.));
#4388=CARTESIAN_POINT('',(119.999999999997,134.999999999917,-17.));
#4389=CARTESIAN_POINT('',(119.999999999997,134.999999999917,0.));
#4390=CARTESIAN_POINT('',(119.999999999997,129.999999999997,-17.));
#4391=CARTESIAN_POINT('',(119.999999999997,134.999999999997,-17.));
#4392=CARTESIAN_POINT('',(119.999999999997,129.999999999997,-7.));
#4393=CARTESIAN_POINT('',(119.999999999997,129.999999999997,-8.5));
#4394=CARTESIAN_POINT('',(119.999999999997,131.999999999937,-7.));
#4395=CARTESIAN_POINT('Origin',(154.999999999997,4.00035560232936E-11,0.));
#4396=CARTESIAN_POINT('',(172.999999999997,-134.999999999917,0.));
#4397=CARTESIAN_POINT('',(189.999999999997,117.999999999917,0.));
#4398=CARTESIAN_POINT('',(-172.999999999997,134.999999999917,0.));
#4399=CARTESIAN_POINT('',(170.006853500484,122.999999999997,0.));
#4400=CARTESIAN_POINT('',(162.503426750241,122.999999999997,0.));
#4401=CARTESIAN_POINT('',(177.999999999997,115.006853500484,0.));
#4402=CARTESIAN_POINT('Ctrl Pts',(177.999999999997,115.006853500484,0.));
#4403=CARTESIAN_POINT('Ctrl Pts',(177.999999999998,115.207850973993,0.));
#4404=CARTESIAN_POINT('Ctrl Pts',(177.992151027121,115.407715226878,0.));
#4405=CARTESIAN_POINT('Ctrl Pts',(177.976819061055,115.606026862154,0.));
#4406=CARTESIAN_POINT('Ctrl Pts',(177.803304250108,117.850357808047,0.));
#4407=CARTESIAN_POINT('Ctrl Pts',(176.720384209739,119.90583835944,0.));
#4408=CARTESIAN_POINT('Ctrl Pts',(174.930879633448,121.304646930745,0.));
#4409=CARTESIAN_POINT('Ctrl Pts',(173.520822855076,122.406851157404,0.));
#4410=CARTESIAN_POINT('Ctrl Pts',(171.799515484596,122.999999999998,0.));
#4411=CARTESIAN_POINT('Ctrl Pts',(170.006853500484,122.999999999997,0.));
#4412=CARTESIAN_POINT('',(177.999999999997,-115.006853500404,0.));
#4413=CARTESIAN_POINT('',(177.999999999997,-57.5034267501819,0.));
#4414=CARTESIAN_POINT('',(170.006853500484,-122.999999999917,0.));
#4415=CARTESIAN_POINT('Ctrl Pts',(170.006853500484,-122.999999999917,0.));
#4416=CARTESIAN_POINT('Ctrl Pts',(170.207850973993,-122.999999999918,0.));
#4417=CARTESIAN_POINT('Ctrl Pts',(170.407715226878,-122.992151027041,0.));
#4418=CARTESIAN_POINT('Ctrl Pts',(170.606026862153,-122.976819060975,0.));
#4419=CARTESIAN_POINT('Ctrl Pts',(172.850357808047,-122.803304250028,0.));
#4420=CARTESIAN_POINT('Ctrl Pts',(174.90583835944,-121.720384209659,0.));
#4421=CARTESIAN_POINT('Ctrl Pts',(176.304646930745,-119.930879633368,0.));
#4422=CARTESIAN_POINT('Ctrl Pts',(177.406851157404,-118.520822854996,0.));
#4423=CARTESIAN_POINT('Ctrl Pts',(177.999999999998,-116.799515484516,0.));
#4424=CARTESIAN_POINT('Ctrl Pts',(177.999999999997,-115.006853500404,0.));
#4425=CARTESIAN_POINT('',(137.499999999997,-122.999999999917,0.));
#4426=CARTESIAN_POINT('',(180.999999999997,3.99459916849379E-11,0.));
#4427=CARTESIAN_POINT('Origin',(182.999999999997,3.99462366142977E-11,0.));
#4428=CARTESIAN_POINT('',(180.999999999997,-85.0068535004022,0.));
#4429=CARTESIAN_POINT('Origin',(182.999999999997,-85.0068535004022,0.));
#4430=CARTESIAN_POINT('',(180.999999999997,85.0068535004848,0.));
#4431=CARTESIAN_POINT('Origin',(182.999999999997,85.0068535004848,0.));
#4432=CARTESIAN_POINT('',(138.006853500482,127.999999999997,0.));
#4433=CARTESIAN_POINT('Origin',(140.006853500482,127.999999999997,0.));
#4434=CARTESIAN_POINT('',(138.006853500482,-127.999999999917,0.));
#4435=CARTESIAN_POINT('Origin',(140.006853500482,-127.999999999917,0.));
#4436=CARTESIAN_POINT('Origin',(119.999999999997,-122.999999999917,0.));
#4437=CARTESIAN_POINT('',(170.006853500484,-122.999999999917,-7.));
#4438=CARTESIAN_POINT('',(60.0000000000187,-122.999999999917,-7.));
#4439=CARTESIAN_POINT('',(170.006853500484,-122.999999999917,0.));
#4440=CARTESIAN_POINT('Origin',(170.006853500484,122.999999999997,0.));
#4441=CARTESIAN_POINT('',(170.006853500484,122.999999999997,-7.));
#4442=CARTESIAN_POINT('',(85.003426750262,122.999999999997,-7.));
#4443=CARTESIAN_POINT('',(170.006853500484,122.999999999997,0.));
#4444=CARTESIAN_POINT('Ctrl Pts',(177.999999999997,115.006853500484,0.));
#4445=CARTESIAN_POINT('Ctrl Pts',(177.999999999997,115.006853500484,-50.));
#4446=CARTESIAN_POINT('Ctrl Pts',(177.999999999998,115.207850973993,0.));
#4447=CARTESIAN_POINT('Ctrl Pts',(177.999999999998,115.207850973993,-50.));
#4448=CARTESIAN_POINT('Ctrl Pts',(177.992151027121,115.407715226878,0.));
#4449=CARTESIAN_POINT('Ctrl Pts',(177.992151027121,115.407715226878,-50.));
#4450=CARTESIAN_POINT('Ctrl Pts',(177.976819061055,115.606026862154,0.));
#4451=CARTESIAN_POINT('Ctrl Pts',(177.976819061055,115.606026862154,-50.));
#4452=CARTESIAN_POINT('Ctrl Pts',(177.803304250108,117.850357808047,0.));
#4453=CARTESIAN_POINT('Ctrl Pts',(177.803304250108,117.850357808047,-50.));
#4454=CARTESIAN_POINT('Ctrl Pts',(176.720384209739,119.90583835944,0.));
#4455=CARTESIAN_POINT('Ctrl Pts',(176.720384209739,119.90583835944,-50.));
#4456=CARTESIAN_POINT('Ctrl Pts',(174.930879633448,121.304646930745,0.));
#4457=CARTESIAN_POINT('Ctrl Pts',(174.930879633448,121.304646930745,-50.));
#4458=CARTESIAN_POINT('Ctrl Pts',(173.520822855076,122.406851157404,0.));
#4459=CARTESIAN_POINT('Ctrl Pts',(173.520822855076,122.406851157404,-50.));
#4460=CARTESIAN_POINT('Ctrl Pts',(171.799515484596,122.999999999998,0.));
#4461=CARTESIAN_POINT('Ctrl Pts',(171.799515484596,122.999999999998,-50.));
#4462=CARTESIAN_POINT('Ctrl Pts',(170.006853500484,122.999999999997,0.));
#4463=CARTESIAN_POINT('Ctrl Pts',(170.006853500484,122.999999999997,-50.));
#4464=CARTESIAN_POINT('',(177.999999999997,115.006853500484,-7.));
#4465=CARTESIAN_POINT('Ctrl Pts',(170.006853500484,122.999999999997,-7.));
#4466=CARTESIAN_POINT('Ctrl Pts',(171.799515484596,122.999999999998,-7.));
#4467=CARTESIAN_POINT('Ctrl Pts',(173.520822855076,122.406851157404,-7.));
#4468=CARTESIAN_POINT('Ctrl Pts',(174.930879633448,121.304646930745,-7.));
#4469=CARTESIAN_POINT('Ctrl Pts',(176.720384209739,119.90583835944,-7.));
#4470=CARTESIAN_POINT('Ctrl Pts',(177.803304250108,117.850357808047,-7.));
#4471=CARTESIAN_POINT('Ctrl Pts',(177.976819061055,115.606026862154,-7.));
#4472=CARTESIAN_POINT('Ctrl Pts',(177.992151027121,115.407715226878,-7.));
#4473=CARTESIAN_POINT('Ctrl Pts',(177.999999999998,115.207850973993,-7.));
#4474=CARTESIAN_POINT('Ctrl Pts',(177.999999999997,115.006853500484,-7.));
#4475=CARTESIAN_POINT('',(177.999999999997,115.006853500484,0.));
#4476=CARTESIAN_POINT('Origin',(177.999999999997,-115.006853500404,0.));
#4477=CARTESIAN_POINT('',(177.999999999997,-115.006853500404,-7.));
#4478=CARTESIAN_POINT('',(177.999999999997,-57.5034267501819,-7.));
#4479=CARTESIAN_POINT('',(177.999999999997,-115.006853500404,0.));
#4480=CARTESIAN_POINT('Ctrl Pts',(170.006853500484,-122.999999999917,0.));
#4481=CARTESIAN_POINT('Ctrl Pts',(170.006853500484,-122.999999999917,-50.));
#4482=CARTESIAN_POINT('Ctrl Pts',(170.207850973993,-122.999999999918,0.));
#4483=CARTESIAN_POINT('Ctrl Pts',(170.207850973993,-122.999999999918,-50.));
#4484=CARTESIAN_POINT('Ctrl Pts',(170.407715226878,-122.992151027041,0.));
#4485=CARTESIAN_POINT('Ctrl Pts',(170.407715226878,-122.992151027041,-50.));
#4486=CARTESIAN_POINT('Ctrl Pts',(170.606026862153,-122.976819060975,0.));
#4487=CARTESIAN_POINT('Ctrl Pts',(170.606026862153,-122.976819060975,-50.));
#4488=CARTESIAN_POINT('Ctrl Pts',(172.850357808047,-122.803304250028,0.));
#4489=CARTESIAN_POINT('Ctrl Pts',(172.850357808047,-122.803304250028,-50.));
#4490=CARTESIAN_POINT('Ctrl Pts',(174.90583835944,-121.720384209659,0.));
#4491=CARTESIAN_POINT('Ctrl Pts',(174.90583835944,-121.720384209659,-50.));
#4492=CARTESIAN_POINT('Ctrl Pts',(176.304646930745,-119.930879633368,0.));
#4493=CARTESIAN_POINT('Ctrl Pts',(176.304646930745,-119.930879633368,-50.));
#4494=CARTESIAN_POINT('Ctrl Pts',(177.406851157404,-118.520822854996,0.));
#4495=CARTESIAN_POINT('Ctrl Pts',(177.406851157404,-118.520822854996,-50.));
#4496=CARTESIAN_POINT('Ctrl Pts',(177.999999999998,-116.799515484516,0.));
#4497=CARTESIAN_POINT('Ctrl Pts',(177.999999999998,-116.799515484516,-50.));
#4498=CARTESIAN_POINT('Ctrl Pts',(177.999999999997,-115.006853500404,0.));
#4499=CARTESIAN_POINT('Ctrl Pts',(177.999999999997,-115.006853500404,-50.));
#4500=CARTESIAN_POINT('Ctrl Pts',(177.999999999997,-115.006853500404,-7.));
#4501=CARTESIAN_POINT('Ctrl Pts',(177.999999999998,-116.799515484516,-7.));
#4502=CARTESIAN_POINT('Ctrl Pts',(177.406851157404,-118.520822854996,-7.));
#4503=CARTESIAN_POINT('Ctrl Pts',(176.304646930745,-119.930879633368,-7.));
#4504=CARTESIAN_POINT('Ctrl Pts',(174.90583835944,-121.720384209659,-7.));
#4505=CARTESIAN_POINT('Ctrl Pts',(172.850357808047,-122.803304250028,-7.));
#4506=CARTESIAN_POINT('Ctrl Pts',(170.606026862153,-122.976819060975,-7.));
#4507=CARTESIAN_POINT('Ctrl Pts',(170.407715226878,-122.992151027041,-7.));
#4508=CARTESIAN_POINT('Ctrl Pts',(170.207850973993,-122.999999999918,-7.));
#4509=CARTESIAN_POINT('Ctrl Pts',(170.006853500484,-122.999999999917,-7.));
#4510=CARTESIAN_POINT('Origin',(140.006853500482,-129.999999999917,-12.));
#4511=CARTESIAN_POINT('',(138.006853500482,-134.999999999917,-12.));
#4512=CARTESIAN_POINT('Origin',(140.006853500482,-134.999999999917,-12.));
#4513=CARTESIAN_POINT('',(138.006853500482,-129.999999999917,-12.));
#4514=CARTESIAN_POINT('',(138.006853500482,-129.999999999917,-12.));
#4515=CARTESIAN_POINT('Origin',(140.006853500482,-129.999999999917,-12.));
#4516=CARTESIAN_POINT('Origin',(140.006853500482,-129.999999999917,-12.));
#4517=CARTESIAN_POINT('',(138.006853500482,129.999999999997,-12.));
#4518=CARTESIAN_POINT('Origin',(140.006853500482,129.999999999997,-12.));
#4519=CARTESIAN_POINT('',(138.006853500482,134.999999999917,-12.));
#4520=CARTESIAN_POINT('',(138.006853500482,-129.999999999917,-12.));
#4521=CARTESIAN_POINT('Origin',(140.006853500482,134.999999999917,-12.));
#4522=CARTESIAN_POINT('Origin',(184.999999999997,85.0068535004815,-12.));
#4523=CARTESIAN_POINT('',(189.999999999997,87.0068535004815,-12.));
#4524=CARTESIAN_POINT('Origin',(189.999999999997,85.0068535004815,-12.));
#4525=CARTESIAN_POINT('',(184.999999999997,87.0068535004815,-12.));
#4526=CARTESIAN_POINT('',(184.999999999997,87.0068535004815,-12.));
#4527=CARTESIAN_POINT('Origin',(184.999999999997,85.0068535004815,-12.));
#4528=CARTESIAN_POINT('Origin',(184.999999999997,3.99502653181116E-11,-12.));
#4529=CARTESIAN_POINT('',(189.999999999997,2.00000000003995,-12.));
#4530=CARTESIAN_POINT('Origin',(189.999999999997,3.99502653181116E-11,-12.));
#4531=CARTESIAN_POINT('',(184.999999999997,2.00000000003995,-12.));
#4532=CARTESIAN_POINT('',(184.999999999997,2.00000000003995,-12.));
#4533=CARTESIAN_POINT('Origin',(184.999999999997,3.99502653181116E-11,-12.));
#4534=CARTESIAN_POINT('Origin',(184.999999999997,-85.0068535004016,-12.));
#4535=CARTESIAN_POINT('',(189.999999999997,-83.0068535004016,-12.));
#4536=CARTESIAN_POINT('Origin',(189.999999999997,-85.0068535004016,-12.));
#4537=CARTESIAN_POINT('',(184.999999999997,-83.0068535004016,-12.));
#4538=CARTESIAN_POINT('',(184.999999999997,-83.0068535004016,-12.));
#4539=CARTESIAN_POINT('Origin',(184.999999999997,-85.0068535004016,-12.));
#4540=CARTESIAN_POINT('Origin',(182.999999999997,3.99462366142977E-11,-7.));
#4541=CARTESIAN_POINT('',(184.999999999997,3.99462366142977E-11,-7.));
#4542=CARTESIAN_POINT('',(180.999999999997,3.99464815436576E-11,-7.));
#4543=CARTESIAN_POINT('Origin',(182.999999999997,3.99462366142977E-11,-7.));
#4544=CARTESIAN_POINT('',(180.999999999997,3.99464815436576E-11,-7.));
#4545=CARTESIAN_POINT('Origin',(182.999999999997,3.99462366142977E-11,-7.));
#4546=CARTESIAN_POINT('Origin',(182.999999999997,-85.0068535004022,-7.));
#4547=CARTESIAN_POINT('',(184.999999999997,-85.0068535004022,-7.));
#4548=CARTESIAN_POINT('',(180.999999999997,-85.0068535004022,-7.));
#4549=CARTESIAN_POINT('Origin',(182.999999999997,-85.0068535004022,-7.));
#4550=CARTESIAN_POINT('',(180.999999999997,-85.0068535004022,-7.));
#4551=CARTESIAN_POINT('Origin',(182.999999999997,-85.0068535004022,-7.));
#4552=CARTESIAN_POINT('Origin',(182.999999999997,85.0068535004848,-7.));
#4553=CARTESIAN_POINT('',(184.999999999997,85.0068535004848,-7.));
#4554=CARTESIAN_POINT('',(180.999999999997,85.0068535004848,-7.));
#4555=CARTESIAN_POINT('Origin',(182.999999999997,85.0068535004848,-7.));
#4556=CARTESIAN_POINT('',(180.999999999997,85.0068535004848,-7.));
#4557=CARTESIAN_POINT('Origin',(182.999999999997,85.0068535004848,-7.));
#4558=CARTESIAN_POINT('Origin',(140.006853500482,127.999999999997,-7.));
#4559=CARTESIAN_POINT('',(140.006853500482,129.999999999997,-7.));
#4560=CARTESIAN_POINT('',(138.006853500482,127.999999999997,-7.));
#4561=CARTESIAN_POINT('Origin',(140.006853500482,127.999999999997,-7.));
#4562=CARTESIAN_POINT('',(138.006853500482,127.999999999997,-7.));
#4563=CARTESIAN_POINT('Origin',(140.006853500482,127.999999999997,-7.));
#4564=CARTESIAN_POINT('Origin',(140.006853500482,-127.999999999917,-7.));
#4565=CARTESIAN_POINT('',(140.006853500482,-129.999999999917,-7.));
#4566=CARTESIAN_POINT('',(138.006853500482,-127.999999999917,-7.));
#4567=CARTESIAN_POINT('Origin',(140.006853500482,-127.999999999917,-7.));
#4568=CARTESIAN_POINT('',(138.006853500482,-127.999999999917,-7.));
#4569=CARTESIAN_POINT('Origin',(140.006853500482,-127.999999999917,-7.));
#4570=CARTESIAN_POINT('Origin',(4.00390831600816E-11,4.00035560232936E-11,
-7.));
#4571=CARTESIAN_POINT('',(-119.999999999917,-129.999999999917,-7.));
#4572=CARTESIAN_POINT('',(119.999999999997,129.999999999997,-7.));
#4573=CARTESIAN_POINT('',(170.006853500482,129.999999999997,-7.));
#4574=CARTESIAN_POINT('',(119.999999999997,129.999999999997,-7.));
#4575=CARTESIAN_POINT('',(184.999999999997,115.006853500481,-7.));
#4576=CARTESIAN_POINT('Ctrl Pts',(170.006853500482,129.999999999997,-7.));
#4577=CARTESIAN_POINT('Ctrl Pts',(173.042769895036,129.999999999998,-7.));
#4578=CARTESIAN_POINT('Ctrl Pts',(175.894085597597,129.116304904135,-7.));
#4579=CARTESIAN_POINT('Ctrl Pts',(178.381156864762,127.444138043407,-7.));
#4580=CARTESIAN_POINT('Ctrl Pts',(178.673581362421,127.247528255539,-7.));
#4581=CARTESIAN_POINT('Ctrl Pts',(178.960706874964,127.039437162733,-7.));
#4582=CARTESIAN_POINT('Ctrl Pts',(179.241838664829,126.819683850817,-7.));
#4583=CARTESIAN_POINT('Ctrl Pts',(181.582148260172,124.990325510612,-7.));
#4584=CARTESIAN_POINT('Ctrl Pts',(183.207146433086,122.630078427653,-7.));
#4585=CARTESIAN_POINT('Ctrl Pts',(184.141705109323,119.986393714208,-7.));
#4586=CARTESIAN_POINT('Ctrl Pts',(184.692198732875,118.429154330061,-7.));
#4587=CARTESIAN_POINT('Ctrl Pts',(184.999999999998,116.756780461229,-7.));
#4588=CARTESIAN_POINT('Ctrl Pts',(184.999999999997,115.006853500481,-7.));
#4589=CARTESIAN_POINT('',(184.999999999997,115.006853500481,-7.));
#4590=CARTESIAN_POINT('',(184.999999999997,115.006853500481,-7.));
#4591=CARTESIAN_POINT('',(184.999999999997,115.006853500481,-7.));
#4592=CARTESIAN_POINT('',(184.999999999997,-115.006853500402,-7.));
#4593=CARTESIAN_POINT('',(184.999999999997,115.006853500481,-7.));
#4594=CARTESIAN_POINT('',(170.006853500482,-129.999999999917,-7.));
#4595=CARTESIAN_POINT('Ctrl Pts',(184.999999999997,-115.006853500402,-7.));
#4596=CARTESIAN_POINT('Ctrl Pts',(184.999999999998,-118.042769894956,-7.));
#4597=CARTESIAN_POINT('Ctrl Pts',(184.116304904135,-120.894085597517,-7.));
#4598=CARTESIAN_POINT('Ctrl Pts',(182.444138043407,-123.381156864682,-7.));
#4599=CARTESIAN_POINT('Ctrl Pts',(182.24752825554,-123.67358136234,-7.));
#4600=CARTESIAN_POINT('Ctrl Pts',(182.039437162733,-123.960706874884,-7.));
#4601=CARTESIAN_POINT('Ctrl Pts',(181.819683850817,-124.241838664749,-7.));
#4602=CARTESIAN_POINT('Ctrl Pts',(179.990325510611,-126.582148260092,-7.));
#4603=CARTESIAN_POINT('Ctrl Pts',(177.630078427652,-128.207146433006,-7.));
#4604=CARTESIAN_POINT('Ctrl Pts',(174.986393714208,-129.141705109243,-7.));
#4605=CARTESIAN_POINT('Ctrl Pts',(173.42915433006,-129.692198732795,-7.));
#4606=CARTESIAN_POINT('Ctrl Pts',(171.756780461229,-129.999999999918,-7.));
#4607=CARTESIAN_POINT('Ctrl Pts',(170.006853500482,-129.999999999917,-7.));
#4608=CARTESIAN_POINT('',(-119.999999999917,-129.999999999917,-7.));
#4609=CARTESIAN_POINT('Origin',(-170.006853500402,129.999999999997,-17.));
#4610=CARTESIAN_POINT('',(170.006853500482,129.999999999997,-17.));
#4611=CARTESIAN_POINT('',(-7.50342675020209,129.999999999997,-17.));
#4612=CARTESIAN_POINT('',(170.006853500482,129.999999999997,-17.));
#4613=CARTESIAN_POINT('Ctrl Pts',(184.999999999997,-115.006853500402,-17.));
#4614=CARTESIAN_POINT('Ctrl Pts',(184.999999999997,-115.006853500402,-7.));
#4615=CARTESIAN_POINT('Ctrl Pts',(184.999999999998,-118.042769894956,-17.));
#4616=CARTESIAN_POINT('Ctrl Pts',(184.999999999998,-118.042769894956,-7.));
#4617=CARTESIAN_POINT('Ctrl Pts',(184.116304904135,-120.894085597517,-17.));
#4618=CARTESIAN_POINT('Ctrl Pts',(184.116304904135,-120.894085597517,-7.));
#4619=CARTESIAN_POINT('Ctrl Pts',(182.444138043407,-123.381156864682,-17.));
#4620=CARTESIAN_POINT('Ctrl Pts',(182.444138043407,-123.381156864682,-7.));
#4621=CARTESIAN_POINT('Ctrl Pts',(182.24752825554,-123.67358136234,-17.));
#4622=CARTESIAN_POINT('Ctrl Pts',(182.24752825554,-123.67358136234,-7.));
#4623=CARTESIAN_POINT('Ctrl Pts',(182.039437162733,-123.960706874884,-17.));
#4624=CARTESIAN_POINT('Ctrl Pts',(182.039437162733,-123.960706874884,-7.));
#4625=CARTESIAN_POINT('Ctrl Pts',(181.819683850817,-124.241838664749,-17.));
#4626=CARTESIAN_POINT('Ctrl Pts',(181.819683850817,-124.241838664749,-7.));
#4627=CARTESIAN_POINT('Ctrl Pts',(179.990325510611,-126.582148260092,-17.));
#4628=CARTESIAN_POINT('Ctrl Pts',(179.990325510611,-126.582148260092,-7.));
#4629=CARTESIAN_POINT('Ctrl Pts',(177.630078427652,-128.207146433006,-17.));
#4630=CARTESIAN_POINT('Ctrl Pts',(177.630078427652,-128.207146433006,-7.));
#4631=CARTESIAN_POINT('Ctrl Pts',(174.986393714208,-129.141705109243,-17.));
#4632=CARTESIAN_POINT('Ctrl Pts',(174.986393714208,-129.141705109243,-7.));
#4633=CARTESIAN_POINT('Ctrl Pts',(173.42915433006,-129.692198732795,-17.));
#4634=CARTESIAN_POINT('Ctrl Pts',(173.42915433006,-129.692198732795,-7.));
#4635=CARTESIAN_POINT('Ctrl Pts',(171.756780461229,-129.999999999918,-17.));
#4636=CARTESIAN_POINT('Ctrl Pts',(171.756780461229,-129.999999999918,-7.));
#4637=CARTESIAN_POINT('Ctrl Pts',(170.006853500482,-129.999999999917,-17.));
#4638=CARTESIAN_POINT('Ctrl Pts',(170.006853500482,-129.999999999917,-7.));
#4639=CARTESIAN_POINT('',(184.999999999997,-115.006853500402,-17.));
#4640=CARTESIAN_POINT('',(170.006853500482,-129.999999999917,-17.));
#4641=CARTESIAN_POINT('Ctrl Pts',(184.999999999997,-115.006853500402,-17.));
#4642=CARTESIAN_POINT('Ctrl Pts',(184.999999999998,-118.042769894956,-17.));
#4643=CARTESIAN_POINT('Ctrl Pts',(184.116304904135,-120.894085597517,-17.));
#4644=CARTESIAN_POINT('Ctrl Pts',(182.444138043407,-123.381156864682,-17.));
#4645=CARTESIAN_POINT('Ctrl Pts',(182.24752825554,-123.67358136234,-17.));
#4646=CARTESIAN_POINT('Ctrl Pts',(182.039437162733,-123.960706874884,-17.));
#4647=CARTESIAN_POINT('Ctrl Pts',(181.819683850817,-124.241838664749,-17.));
#4648=CARTESIAN_POINT('Ctrl Pts',(179.990325510611,-126.582148260092,-17.));
#4649=CARTESIAN_POINT('Ctrl Pts',(177.630078427652,-128.207146433006,-17.));
#4650=CARTESIAN_POINT('Ctrl Pts',(174.986393714208,-129.141705109243,-17.));
#4651=CARTESIAN_POINT('Ctrl Pts',(173.42915433006,-129.692198732795,-17.));
#4652=CARTESIAN_POINT('Ctrl Pts',(171.756780461229,-129.999999999918,-17.));
#4653=CARTESIAN_POINT('Ctrl Pts',(170.006853500482,-129.999999999917,-17.));
#4654=CARTESIAN_POINT('',(170.006853500482,-129.999999999917,-17.));
#4655=CARTESIAN_POINT('',(184.999999999997,-115.006853500402,-17.));
#4656=CARTESIAN_POINT('Origin',(184.999999999997,115.006853500481,-17.));
#4657=CARTESIAN_POINT('',(184.999999999997,115.006853500481,-17.));
#4658=CARTESIAN_POINT('',(184.999999999997,57.5034267502607,-17.));
#4659=CARTESIAN_POINT('',(184.999999999997,115.006853500481,-17.));
#4660=CARTESIAN_POINT('Ctrl Pts',(170.006853500482,129.999999999997,-17.));
#4661=CARTESIAN_POINT('Ctrl Pts',(170.006853500482,129.999999999997,-7.));
#4662=CARTESIAN_POINT('Ctrl Pts',(173.042769895036,129.999999999998,-17.));
#4663=CARTESIAN_POINT('Ctrl Pts',(173.042769895036,129.999999999998,-7.));
#4664=CARTESIAN_POINT('Ctrl Pts',(175.894085597597,129.116304904135,-17.));
#4665=CARTESIAN_POINT('Ctrl Pts',(175.894085597597,129.116304904135,-7.));
#4666=CARTESIAN_POINT('Ctrl Pts',(178.381156864762,127.444138043407,-17.));
#4667=CARTESIAN_POINT('Ctrl Pts',(178.381156864762,127.444138043407,-7.));
#4668=CARTESIAN_POINT('Ctrl Pts',(178.673581362421,127.247528255539,-17.));
#4669=CARTESIAN_POINT('Ctrl Pts',(178.673581362421,127.247528255539,-7.));
#4670=CARTESIAN_POINT('Ctrl Pts',(178.960706874964,127.039437162733,-17.));
#4671=CARTESIAN_POINT('Ctrl Pts',(178.960706874964,127.039437162733,-7.));
#4672=CARTESIAN_POINT('Ctrl Pts',(179.241838664829,126.819683850817,-17.));
#4673=CARTESIAN_POINT('Ctrl Pts',(179.241838664829,126.819683850817,-7.));
#4674=CARTESIAN_POINT('Ctrl Pts',(181.582148260172,124.990325510612,-17.));
#4675=CARTESIAN_POINT('Ctrl Pts',(181.582148260172,124.990325510612,-7.));
#4676=CARTESIAN_POINT('Ctrl Pts',(183.207146433086,122.630078427653,-17.));
#4677=CARTESIAN_POINT('Ctrl Pts',(183.207146433086,122.630078427653,-7.));
#4678=CARTESIAN_POINT('Ctrl Pts',(184.141705109323,119.986393714208,-17.));
#4679=CARTESIAN_POINT('Ctrl Pts',(184.141705109323,119.986393714208,-7.));
#4680=CARTESIAN_POINT('Ctrl Pts',(184.692198732875,118.429154330061,-17.));
#4681=CARTESIAN_POINT('Ctrl Pts',(184.692198732875,118.429154330061,-7.));
#4682=CARTESIAN_POINT('Ctrl Pts',(184.999999999998,116.756780461229,-17.));
#4683=CARTESIAN_POINT('Ctrl Pts',(184.999999999998,116.756780461229,-7.));
#4684=CARTESIAN_POINT('Ctrl Pts',(184.999999999997,115.006853500481,-17.));
#4685=CARTESIAN_POINT('Ctrl Pts',(184.999999999997,115.006853500481,-7.));
#4686=CARTESIAN_POINT('Ctrl Pts',(170.006853500482,129.999999999997,-17.));
#4687=CARTESIAN_POINT('Ctrl Pts',(173.042769895036,129.999999999998,-17.));
#4688=CARTESIAN_POINT('Ctrl Pts',(175.894085597597,129.116304904135,-17.));
#4689=CARTESIAN_POINT('Ctrl Pts',(178.381156864762,127.444138043407,-17.));
#4690=CARTESIAN_POINT('Ctrl Pts',(178.673581362421,127.247528255539,-17.));
#4691=CARTESIAN_POINT('Ctrl Pts',(178.960706874964,127.039437162733,-17.));
#4692=CARTESIAN_POINT('Ctrl Pts',(179.241838664829,126.819683850817,-17.));
#4693=CARTESIAN_POINT('Ctrl Pts',(181.582148260172,124.990325510612,-17.));
#4694=CARTESIAN_POINT('Ctrl Pts',(183.207146433086,122.630078427653,-17.));
#4695=CARTESIAN_POINT('Ctrl Pts',(184.141705109323,119.986393714208,-17.));
#4696=CARTESIAN_POINT('Ctrl Pts',(184.692198732875,118.429154330061,-17.));
#4697=CARTESIAN_POINT('Ctrl Pts',(184.999999999998,116.756780461229,-17.));
#4698=CARTESIAN_POINT('Ctrl Pts',(184.999999999997,115.006853500481,-17.));
#4699=CARTESIAN_POINT('Origin',(170.006853500482,-129.999999999917,-17.));
#4700=CARTESIAN_POINT('',(162.50342675024,-129.999999999917,-17.));
#4701=CARTESIAN_POINT('Origin',(154.999999999997,4.00035560232936E-11,-17.));
#4702=CARTESIAN_POINT('',(-172.999999999997,134.999999999917,-17.));
#4703=CARTESIAN_POINT('',(189.999999999997,117.999999999917,-17.));
#4704=CARTESIAN_POINT('',(172.999999999997,-134.999999999917,-17.));
#4705=CARTESIAN_POINT('Origin',(119.999999999997,-134.999999999917,0.));
#4706=CARTESIAN_POINT('Origin',(170.00685350048,134.999999999917,0.));
#4707=CARTESIAN_POINT('Origin',(189.999999999997,-115.0068535004,0.));
#4708=CARTESIAN_POINT('',(0.,0.,0.));
#4709=CARTESIAN_POINT('',(0.,0.,0.));
#4710=CARTESIAN_POINT('',(0.,0.,0.));
#4711=CARTESIAN_POINT('',(0.,0.,0.));
#4712=UNCERTAINTY_MEASURE_WITH_UNIT(LENGTH_MEASURE(0.01),#4724,
'DISTANCE_ACCURACY_VALUE',
'Maximum model space distance between geometric entities at asserted c
onnectivities');
#4713=UNCERTAINTY_MEASURE_WITH_UNIT(LENGTH_MEASURE(0.01),#4724,
'DISTANCE_ACCURACY_VALUE',
'Maximum model space distance between geometric entities at asserted c
onnectivities');
#4714=UNCERTAINTY_MEASURE_WITH_UNIT(LENGTH_MEASURE(0.01),#4724,
'DISTANCE_ACCURACY_VALUE',
'Maximum model space distance between geometric entities at asserted c
onnectivities');
#4715=UNCERTAINTY_MEASURE_WITH_UNIT(LENGTH_MEASURE(0.01),#4724,
'DISTANCE_ACCURACY_VALUE',
'Maximum model space distance between geometric entities at asserted c
onnectivities');
#4716=UNCERTAINTY_MEASURE_WITH_UNIT(LENGTH_MEASURE(0.01),#4724,
'DISTANCE_ACCURACY_VALUE',
'Maximum model space distance between geometric entities at asserted c
onnectivities');
#4717=UNCERTAINTY_MEASURE_WITH_UNIT(LENGTH_MEASURE(0.01),#4724,
'DISTANCE_ACCURACY_VALUE',
'Maximum model space distance between geometric entities at asserted c
onnectivities');
#4718=(
GEOMETRIC_REPRESENTATION_CONTEXT(3)
GLOBAL_UNCERTAINTY_ASSIGNED_CONTEXT((#4712))
GLOBAL_UNIT_ASSIGNED_CONTEXT((#4724,#4726,#4727))
REPRESENTATION_CONTEXT('','3D')
);
#4719=(
GEOMETRIC_REPRESENTATION_CONTEXT(3)
GLOBAL_UNCERTAINTY_ASSIGNED_CONTEXT((#4713))
GLOBAL_UNIT_ASSIGNED_CONTEXT((#4724,#4726,#4727))
REPRESENTATION_CONTEXT('','3D')
);
#4720=(
GEOMETRIC_REPRESENTATION_CONTEXT(3)
GLOBAL_UNCERTAINTY_ASSIGNED_CONTEXT((#4714))
GLOBAL_UNIT_ASSIGNED_CONTEXT((#4724,#4726,#4727))
REPRESENTATION_CONTEXT('','3D')
);
#4721=(
GEOMETRIC_REPRESENTATION_CONTEXT(3)
GLOBAL_UNCERTAINTY_ASSIGNED_CONTEXT((#4715))
GLOBAL_UNIT_ASSIGNED_CONTEXT((#4724,#4726,#4727))
REPRESENTATION_CONTEXT('','3D')
);
#4722=(
GEOMETRIC_REPRESENTATION_CONTEXT(3)
GLOBAL_UNCERTAINTY_ASSIGNED_CONTEXT((#4716))
GLOBAL_UNIT_ASSIGNED_CONTEXT((#4724,#4726,#4727))
REPRESENTATION_CONTEXT('','3D')
);
#4723=(
GEOMETRIC_REPRESENTATION_CONTEXT(3)
GLOBAL_UNCERTAINTY_ASSIGNED_CONTEXT((#4717))
GLOBAL_UNIT_ASSIGNED_CONTEXT((#4724,#4726,#4727))
REPRESENTATION_CONTEXT('','3D')
);
#4724=(
LENGTH_UNIT()
NAMED_UNIT(*)
SI_UNIT(.MILLI.,.METRE.)
);
#4725=(
LENGTH_UNIT()
NAMED_UNIT(*)
SI_UNIT($,.METRE.)
);
#4726=(
NAMED_UNIT(*)
PLANE_ANGLE_UNIT()
SI_UNIT($,.RADIAN.)
);
#4727=(
NAMED_UNIT(*)
SI_UNIT($,.STERADIAN.)
SOLID_ANGLE_UNIT()
);
#4728=SHAPE_DEFINITION_REPRESENTATION(#4733,#4742);
#4729=SHAPE_DEFINITION_REPRESENTATION(#4734,#4743);
#4730=SHAPE_DEFINITION_REPRESENTATION(#4735,#4744);
#4731=SHAPE_DEFINITION_REPRESENTATION(#4736,#4745);
#4732=SHAPE_DEFINITION_REPRESENTATION(#4737,#4746);
#4733=PRODUCT_DEFINITION_SHAPE('',$,#4748);
#4734=PRODUCT_DEFINITION_SHAPE('',$,#4749);
#4735=PRODUCT_DEFINITION_SHAPE('',$,#4750);
#4736=PRODUCT_DEFINITION_SHAPE('',$,#4751);
#4737=PRODUCT_DEFINITION_SHAPE('',$,#4752);
#4738=PRODUCT_DEFINITION_SHAPE($,$,#23);
#4739=PRODUCT_DEFINITION_SHAPE($,$,#24);
#4740=PRODUCT_DEFINITION_SHAPE($,$,#25);
#4741=PRODUCT_DEFINITION_SHAPE($,$,#26);
#4742=SHAPE_REPRESENTATION('',(#2704,#2913,#2914,#2915,#2916),#4718);
#4743=SHAPE_REPRESENTATION('',(#2705),#4719);
#4744=SHAPE_REPRESENTATION('',(#2769),#4720);
#4745=SHAPE_REPRESENTATION('',(#2809),#4721);
#4746=SHAPE_REPRESENTATION('',(#2849),#4722);
#4747=PRODUCT_DEFINITION_CONTEXT('part definition',#4764,'design');
#4748=PRODUCT_DEFINITION('Apache 3800 Panel Bracket',
'Apache 3800 Panel Bracket v8',#4753,#4747);
#4749=PRODUCT_DEFINITION('Left Bracket','Left Bracket',#4754,#4747);
#4750=PRODUCT_DEFINITION('Front Bracket','Front Bracket',#4755,#4747);
#4751=PRODUCT_DEFINITION('Back Bracket','Back Bracket',#4756,#4747);
#4752=PRODUCT_DEFINITION('Right Bracket','Right Bracket',#4757,#4747);
#4753=PRODUCT_DEFINITION_FORMATION('',$,#4766);
#4754=PRODUCT_DEFINITION_FORMATION('',$,#4767);
#4755=PRODUCT_DEFINITION_FORMATION('',$,#4768);
#4756=PRODUCT_DEFINITION_FORMATION('',$,#4769);
#4757=PRODUCT_DEFINITION_FORMATION('',$,#4770);
#4758=PRODUCT_RELATED_PRODUCT_CATEGORY('Apache 3800 Panel Bracket v8',
'Apache 3800 Panel Bracket v8',(#4766));
#4759=PRODUCT_RELATED_PRODUCT_CATEGORY('Left Bracket','Left Bracket',(#4767));
#4760=PRODUCT_RELATED_PRODUCT_CATEGORY('Front Bracket','Front Bracket',
(#4768));
#4761=PRODUCT_RELATED_PRODUCT_CATEGORY('Back Bracket','Back Bracket',(#4769));
#4762=PRODUCT_RELATED_PRODUCT_CATEGORY('Right Bracket','Right Bracket',
(#4770));
#4763=APPLICATION_PROTOCOL_DEFINITION('international standard',
'automotive_design',2009,#4764);
#4764=APPLICATION_CONTEXT(
'Core Data for Automotive Mechanical Design Process');
#4765=PRODUCT_CONTEXT('part definition',#4764,'mechanical');
#4766=PRODUCT('Apache 3800 Panel Bracket',
'Apache 3800 Panel Bracket v8',$,(#4765));
#4767=PRODUCT('Left Bracket','Left Bracket',$,(#4765));
#4768=PRODUCT('Front Bracket','Front Bracket',$,(#4765));
#4769=PRODUCT('Back Bracket','Back Bracket',$,(#4765));
#4770=PRODUCT('Right Bracket','Right Bracket',$,(#4765));
#4771=PRESENTATION_STYLE_ASSIGNMENT((#4772));
#4772=SURFACE_STYLE_USAGE(.BOTH.,#4773);
#4773=SURFACE_SIDE_STYLE('',(#4774));
#4774=SURFACE_STYLE_FILL_AREA(#4775);
#4775=FILL_AREA_STYLE('Nylon 12 (with Formlabs Fuse 1 3D Printer)',(#4776));
#4776=FILL_AREA_STYLE_COLOUR(
'Nylon 12 (with Formlabs Fuse 1 3D Printer)',#4777);
#4777=COLOUR_RGB('Nylon 12 (with Formlabs Fuse 1 3D Printer)',0.247058823529412,
0.247058823529412,0.247058823529412);
ENDSEC;
END-ISO-10303-21;
