solid OpenSCAD_Model
  facet normal -0.195379 0.980728 0
    outer loop
      vertex -112.991 91.0341 0
      vertex -113.119 91.0086 4
      vertex -112.991 91.0341 4
    endloop
  endfacet
  facet normal -0.195379 0.980728 0
    outer loop
      vertex -113.119 91.0086 4
      vertex -112.991 91.0341 0
      vertex -113.119 91.0086 0
    endloop
  endfacet
  facet normal -0.320807 0.947145 0
    outer loop
      vertex -112.867 91.0761 0
      vertex -112.991 91.0341 4
      vertex -112.867 91.0761 4
    endloop
  endfacet
  facet normal -0.320807 0.947145 0
    outer loop
      vertex -112.991 91.0341 4
      vertex -112.867 91.0761 0
      vertex -112.991 91.0341 0
    endloop
  endfacet
  facet normal -0.443533 0.896258 0
    outer loop
      vertex -112.75 91.134 0
      vertex -112.867 91.0761 4
      vertex -112.75 91.134 4
    endloop
  endfacet
  facet normal -0.443533 0.896258 0
    outer loop
      vertex -112.867 91.0761 4
      vertex -112.75 91.134 0
      vertex -112.867 91.0761 0
    endloop
  endfacet
  facet normal -0.554348 0.832285 0
    outer loop
      vertex -112.641 91.2066 0
      vertex -112.75 91.134 4
      vertex -112.641 91.2066 4
    endloop
  endfacet
  facet normal -0.554348 0.832285 0
    outer loop
      vertex -112.75 91.134 4
      vertex -112.641 91.2066 0
      vertex -112.75 91.134 0
    endloop
  endfacet
  facet normal -0.660887 0.750486 0
    outer loop
      vertex -112.543 91.2929 0
      vertex -112.641 91.2066 4
      vertex -112.543 91.2929 4
    endloop
  endfacet
  facet normal -0.660887 0.750486 0
    outer loop
      vertex -112.641 91.2066 4
      vertex -112.543 91.2929 0
      vertex -112.641 91.2066 0
    endloop
  endfacet
  facet normal -0.752624 0.65845 0
    outer loop
      vertex -112.543 91.2929 0
      vertex -112.457 91.3912 4
      vertex -112.457 91.3912 0
    endloop
  endfacet
  facet normal -0.752624 0.65845 0
    outer loop
      vertex -112.457 91.3912 4
      vertex -112.543 91.2929 0
      vertex -112.543 91.2929 4
    endloop
  endfacet
  facet normal -0.830403 0.557164 0
    outer loop
      vertex -112.457 91.3912 0
      vertex -112.384 91.5 4
      vertex -112.384 91.5 0
    endloop
  endfacet
  facet normal -0.830403 0.557164 0
    outer loop
      vertex -112.384 91.5 4
      vertex -112.457 91.3912 0
      vertex -112.457 91.3912 4
    endloop
  endfacet
  facet normal -0.896405 0.443235 0
    outer loop
      vertex -112.384 91.5 0
      vertex -112.326 91.6173 4
      vertex -112.326 91.6173 0
    endloop
  endfacet
  facet normal -0.896405 0.443235 0
    outer loop
      vertex -112.326 91.6173 4
      vertex -112.384 91.5 0
      vertex -112.384 91.5 4
    endloop
  endfacet
  facet normal -0.947066 0.321039 0
    outer loop
      vertex -112.326 91.6173 0
      vertex -112.284 91.7412 4
      vertex -112.284 91.7412 0
    endloop
  endfacet
  facet normal -0.947066 0.321039 0
    outer loop
      vertex -112.284 91.7412 4
      vertex -112.326 91.6173 0
      vertex -112.326 91.6173 4
    endloop
  endfacet
  facet normal -0.98154 0.191259 0
    outer loop
      vertex -112.284 91.7412 0
      vertex -112.259 91.8695 4
      vertex -112.259 91.8695 0
    endloop
  endfacet
  facet normal -0.98154 0.191259 0
    outer loop
      vertex -112.259 91.8695 4
      vertex -112.284 91.7412 0
      vertex -112.284 91.7412 4
    endloop
  endfacet
  facet normal -0.99763 0.0688021 0
    outer loop
      vertex -112.259 91.8695 0
      vertex -112.25 92 4
      vertex -112.25 92 0
    endloop
  endfacet
  facet normal -0.99763 0.0688021 0
    outer loop
      vertex -112.25 92 4
      vertex -112.259 91.8695 0
      vertex -112.259 91.8695 4
    endloop
  endfacet
  facet normal -1 0 0
    outer loop
      vertex -112.25 92 0
      vertex -112.25 98 4
      vertex -112.25 98 0
    endloop
  endfacet
  facet normal -1 -0 0
    outer loop
      vertex -112.25 98 4
      vertex -112.25 92 0
      vertex -112.25 92 4
    endloop
  endfacet
  facet normal -0.99763 -0.0688021 0
    outer loop
      vertex -112.25 98 0
      vertex -112.259 98.1305 4
      vertex -112.259 98.1305 0
    endloop
  endfacet
  facet normal -0.99763 -0.0688021 0
    outer loop
      vertex -112.259 98.1305 4
      vertex -112.25 98 0
      vertex -112.25 98 4
    endloop
  endfacet
  facet normal -0.98154 -0.191259 0
    outer loop
      vertex -112.259 98.1305 0
      vertex -112.284 98.2588 4
      vertex -112.284 98.2588 0
    endloop
  endfacet
  facet normal -0.98154 -0.191259 0
    outer loop
      vertex -112.284 98.2588 4
      vertex -112.259 98.1305 0
      vertex -112.259 98.1305 4
    endloop
  endfacet
  facet normal -0.947066 -0.321039 0
    outer loop
      vertex -112.284 98.2588 0
      vertex -112.326 98.3827 4
      vertex -112.326 98.3827 0
    endloop
  endfacet
  facet normal -0.947066 -0.321039 0
    outer loop
      vertex -112.326 98.3827 4
      vertex -112.284 98.2588 0
      vertex -112.284 98.2588 4
    endloop
  endfacet
  facet normal -0.896405 -0.443235 0
    outer loop
      vertex -112.326 98.3827 0
      vertex -112.384 98.5 4
      vertex -112.384 98.5 0
    endloop
  endfacet
  facet normal -0.896405 -0.443235 0
    outer loop
      vertex -112.384 98.5 4
      vertex -112.326 98.3827 0
      vertex -112.326 98.3827 4
    endloop
  endfacet
  facet normal -0.830403 -0.557164 0
    outer loop
      vertex -112.384 98.5 0
      vertex -112.457 98.6088 4
      vertex -112.457 98.6088 0
    endloop
  endfacet
  facet normal -0.830403 -0.557164 0
    outer loop
      vertex -112.457 98.6088 4
      vertex -112.384 98.5 0
      vertex -112.384 98.5 4
    endloop
  endfacet
  facet normal -0.752624 -0.65845 0
    outer loop
      vertex -112.457 98.6088 0
      vertex -112.543 98.7071 4
      vertex -112.543 98.7071 0
    endloop
  endfacet
  facet normal -0.752624 -0.65845 0
    outer loop
      vertex -112.543 98.7071 4
      vertex -112.457 98.6088 0
      vertex -112.457 98.6088 4
    endloop
  endfacet
  facet normal -0.660887 -0.750486 0
    outer loop
      vertex -112.641 98.7934 0
      vertex -112.543 98.7071 4
      vertex -112.641 98.7934 4
    endloop
  endfacet
  facet normal -0.660887 -0.750486 -0
    outer loop
      vertex -112.543 98.7071 4
      vertex -112.641 98.7934 0
      vertex -112.543 98.7071 0
    endloop
  endfacet
  facet normal -0.554348 -0.832285 0
    outer loop
      vertex -112.75 98.866 0
      vertex -112.641 98.7934 4
      vertex -112.75 98.866 4
    endloop
  endfacet
  facet normal -0.554348 -0.832285 -0
    outer loop
      vertex -112.641 98.7934 4
      vertex -112.75 98.866 0
      vertex -112.641 98.7934 0
    endloop
  endfacet
  facet normal -0.443533 -0.896258 0
    outer loop
      vertex -112.867 98.9239 0
      vertex -112.75 98.866 4
      vertex -112.867 98.9239 4
    endloop
  endfacet
  facet normal -0.443533 -0.896258 -0
    outer loop
      vertex -112.75 98.866 4
      vertex -112.867 98.9239 0
      vertex -112.75 98.866 0
    endloop
  endfacet
  facet normal -0.320807 -0.947145 0
    outer loop
      vertex -112.991 98.9659 0
      vertex -112.867 98.9239 4
      vertex -112.991 98.9659 4
    endloop
  endfacet
  facet normal -0.320807 -0.947145 -0
    outer loop
      vertex -112.867 98.9239 4
      vertex -112.991 98.9659 0
      vertex -112.867 98.9239 0
    endloop
  endfacet
  facet normal -0.195379 -0.980728 0
    outer loop
      vertex -113.119 98.9914 0
      vertex -112.991 98.9659 4
      vertex -113.119 98.9914 4
    endloop
  endfacet
  facet normal -0.195379 -0.980728 -0
    outer loop
      vertex -112.991 98.9659 4
      vertex -113.119 98.9914 0
      vertex -112.991 98.9659 0
    endloop
  endfacet
  facet normal -0.0655078 -0.997852 0
    outer loop
      vertex -113.25 99 0
      vertex -113.119 98.9914 4
      vertex -113.25 99 4
    endloop
  endfacet
  facet normal -0.0655078 -0.997852 -0
    outer loop
      vertex -113.119 98.9914 4
      vertex -113.25 99 0
      vertex -113.119 98.9914 0
    endloop
  endfacet
  facet normal 0 -1 0
    outer loop
      vertex -126.75 99 0
      vertex -113.25 99 4
      vertex -126.75 99 4
    endloop
  endfacet
  facet normal 0 -1 -0
    outer loop
      vertex -113.25 99 4
      vertex -126.75 99 0
      vertex -113.25 99 0
    endloop
  endfacet
  facet normal 0.0655078 -0.997852 0
    outer loop
      vertex -126.881 98.9914 0
      vertex -126.75 99 4
      vertex -126.881 98.9914 4
    endloop
  endfacet
  facet normal 0.0655078 -0.997852 0
    outer loop
      vertex -126.75 99 4
      vertex -126.881 98.9914 0
      vertex -126.75 99 0
    endloop
  endfacet
  facet normal 0.195379 -0.980728 0
    outer loop
      vertex -127.009 98.9659 0
      vertex -126.881 98.9914 4
      vertex -127.009 98.9659 4
    endloop
  endfacet
  facet normal 0.195379 -0.980728 0
    outer loop
      vertex -126.881 98.9914 4
      vertex -127.009 98.9659 0
      vertex -126.881 98.9914 0
    endloop
  endfacet
  facet normal 0.320807 -0.947145 0
    outer loop
      vertex -127.133 98.9239 0
      vertex -127.009 98.9659 4
      vertex -127.133 98.9239 4
    endloop
  endfacet
  facet normal 0.320807 -0.947145 0
    outer loop
      vertex -127.009 98.9659 4
      vertex -127.133 98.9239 0
      vertex -127.009 98.9659 0
    endloop
  endfacet
  facet normal 0.443533 -0.896258 0
    outer loop
      vertex -127.25 98.866 0
      vertex -127.133 98.9239 4
      vertex -127.25 98.866 4
    endloop
  endfacet
  facet normal 0.443533 -0.896258 0
    outer loop
      vertex -127.133 98.9239 4
      vertex -127.25 98.866 0
      vertex -127.133 98.9239 0
    endloop
  endfacet
  facet normal 0.554348 -0.832285 0
    outer loop
      vertex -127.359 98.7934 0
      vertex -127.25 98.866 4
      vertex -127.359 98.7934 4
    endloop
  endfacet
  facet normal 0.554348 -0.832285 0
    outer loop
      vertex -127.25 98.866 4
      vertex -127.359 98.7934 0
      vertex -127.25 98.866 0
    endloop
  endfacet
  facet normal 0.660887 -0.750486 0
    outer loop
      vertex -127.457 98.7071 0
      vertex -127.359 98.7934 4
      vertex -127.457 98.7071 4
    endloop
  endfacet
  facet normal 0.660887 -0.750486 0
    outer loop
      vertex -127.359 98.7934 4
      vertex -127.457 98.7071 0
      vertex -127.359 98.7934 0
    endloop
  endfacet
  facet normal 0.752624 -0.65845 0
    outer loop
      vertex -127.543 98.6088 4
      vertex -127.457 98.7071 0
      vertex -127.457 98.7071 4
    endloop
  endfacet
  facet normal 0.752624 -0.65845 0
    outer loop
      vertex -127.457 98.7071 0
      vertex -127.543 98.6088 4
      vertex -127.543 98.6088 0
    endloop
  endfacet
  facet normal 0.830403 -0.557164 0
    outer loop
      vertex -127.616 98.5 4
      vertex -127.543 98.6088 0
      vertex -127.543 98.6088 4
    endloop
  endfacet
  facet normal 0.830403 -0.557164 0
    outer loop
      vertex -127.543 98.6088 0
      vertex -127.616 98.5 4
      vertex -127.616 98.5 0
    endloop
  endfacet
  facet normal 0.896405 -0.443235 0
    outer loop
      vertex -127.674 98.3827 4
      vertex -127.616 98.5 0
      vertex -127.616 98.5 4
    endloop
  endfacet
  facet normal 0.896405 -0.443235 0
    outer loop
      vertex -127.616 98.5 0
      vertex -127.674 98.3827 4
      vertex -127.674 98.3827 0
    endloop
  endfacet
  facet normal 0.947066 -0.321039 0
    outer loop
      vertex -127.716 98.2588 4
      vertex -127.674 98.3827 0
      vertex -127.674 98.3827 4
    endloop
  endfacet
  facet normal 0.947066 -0.321039 0
    outer loop
      vertex -127.674 98.3827 0
      vertex -127.716 98.2588 4
      vertex -127.716 98.2588 0
    endloop
  endfacet
  facet normal 0.98154 -0.191259 0
    outer loop
      vertex -127.741 98.1305 4
      vertex -127.716 98.2588 0
      vertex -127.716 98.2588 4
    endloop
  endfacet
  facet normal 0.98154 -0.191259 0
    outer loop
      vertex -127.716 98.2588 0
      vertex -127.741 98.1305 4
      vertex -127.741 98.1305 0
    endloop
  endfacet
  facet normal 0.99763 -0.0688021 0
    outer loop
      vertex -127.75 98 4
      vertex -127.741 98.1305 0
      vertex -127.741 98.1305 4
    endloop
  endfacet
  facet normal 0.99763 -0.0688021 0
    outer loop
      vertex -127.741 98.1305 0
      vertex -127.75 98 4
      vertex -127.75 98 0
    endloop
  endfacet
  facet normal 1 -0 0
    outer loop
      vertex -127.75 92 4
      vertex -127.75 98 0
      vertex -127.75 98 4
    endloop
  endfacet
  facet normal 1 0 0
    outer loop
      vertex -127.75 98 0
      vertex -127.75 92 4
      vertex -127.75 92 0
    endloop
  endfacet
  facet normal 0.99763 0.0688021 0
    outer loop
      vertex -127.741 91.8695 4
      vertex -127.75 92 0
      vertex -127.75 92 4
    endloop
  endfacet
  facet normal 0.99763 0.0688021 0
    outer loop
      vertex -127.75 92 0
      vertex -127.741 91.8695 4
      vertex -127.741 91.8695 0
    endloop
  endfacet
  facet normal 0.98154 0.191259 0
    outer loop
      vertex -127.716 91.7412 4
      vertex -127.741 91.8695 0
      vertex -127.741 91.8695 4
    endloop
  endfacet
  facet normal 0.98154 0.191259 0
    outer loop
      vertex -127.741 91.8695 0
      vertex -127.716 91.7412 4
      vertex -127.716 91.7412 0
    endloop
  endfacet
  facet normal 0.947066 0.321039 0
    outer loop
      vertex -127.674 91.6173 4
      vertex -127.716 91.7412 0
      vertex -127.716 91.7412 4
    endloop
  endfacet
  facet normal 0.947066 0.321039 0
    outer loop
      vertex -127.716 91.7412 0
      vertex -127.674 91.6173 4
      vertex -127.674 91.6173 0
    endloop
  endfacet
  facet normal 0.896405 0.443235 0
    outer loop
      vertex -127.616 91.5 4
      vertex -127.674 91.6173 0
      vertex -127.674 91.6173 4
    endloop
  endfacet
  facet normal 0.896405 0.443235 0
    outer loop
      vertex -127.674 91.6173 0
      vertex -127.616 91.5 4
      vertex -127.616 91.5 0
    endloop
  endfacet
  facet normal 0.830403 0.557164 0
    outer loop
      vertex -127.543 91.3912 4
      vertex -127.616 91.5 0
      vertex -127.616 91.5 4
    endloop
  endfacet
  facet normal 0.830403 0.557164 0
    outer loop
      vertex -127.616 91.5 0
      vertex -127.543 91.3912 4
      vertex -127.543 91.3912 0
    endloop
  endfacet
  facet normal 0.752624 0.65845 0
    outer loop
      vertex -127.457 91.2929 4
      vertex -127.543 91.3912 0
      vertex -127.543 91.3912 4
    endloop
  endfacet
  facet normal 0.752624 0.65845 0
    outer loop
      vertex -127.543 91.3912 0
      vertex -127.457 91.2929 4
      vertex -127.457 91.2929 0
    endloop
  endfacet
  facet normal 0.660887 0.750486 -0
    outer loop
      vertex -127.359 91.2066 0
      vertex -127.457 91.2929 4
      vertex -127.359 91.2066 4
    endloop
  endfacet
  facet normal 0.660887 0.750486 0
    outer loop
      vertex -127.457 91.2929 4
      vertex -127.359 91.2066 0
      vertex -127.457 91.2929 0
    endloop
  endfacet
  facet normal 0.554348 0.832285 -0
    outer loop
      vertex -127.25 91.134 0
      vertex -127.359 91.2066 4
      vertex -127.25 91.134 4
    endloop
  endfacet
  facet normal 0.554348 0.832285 0
    outer loop
      vertex -127.359 91.2066 4
      vertex -127.25 91.134 0
      vertex -127.359 91.2066 0
    endloop
  endfacet
  facet normal 0.443533 0.896258 -0
    outer loop
      vertex -127.133 91.0761 0
      vertex -127.25 91.134 4
      vertex -127.133 91.0761 4
    endloop
  endfacet
  facet normal 0.443533 0.896258 0
    outer loop
      vertex -127.25 91.134 4
      vertex -127.133 91.0761 0
      vertex -127.25 91.134 0
    endloop
  endfacet
  facet normal 0.320807 0.947145 -0
    outer loop
      vertex -127.009 91.0341 0
      vertex -127.133 91.0761 4
      vertex -127.009 91.0341 4
    endloop
  endfacet
  facet normal 0.320807 0.947145 0
    outer loop
      vertex -127.133 91.0761 4
      vertex -127.009 91.0341 0
      vertex -127.133 91.0761 0
    endloop
  endfacet
  facet normal 0.195379 0.980728 -0
    outer loop
      vertex -126.881 91.0086 0
      vertex -127.009 91.0341 4
      vertex -126.881 91.0086 4
    endloop
  endfacet
  facet normal 0.195379 0.980728 0
    outer loop
      vertex -127.009 91.0341 4
      vertex -126.881 91.0086 0
      vertex -127.009 91.0341 0
    endloop
  endfacet
  facet normal 0.0655078 0.997852 -0
    outer loop
      vertex -126.75 91 0
      vertex -126.881 91.0086 4
      vertex -126.75 91 4
    endloop
  endfacet
  facet normal 0.0655078 0.997852 0
    outer loop
      vertex -126.881 91.0086 4
      vertex -126.75 91 0
      vertex -126.881 91.0086 0
    endloop
  endfacet
  facet normal 0 1 -0
    outer loop
      vertex -113.25 91 0
      vertex -126.75 91 4
      vertex -113.25 91 4
    endloop
  endfacet
  facet normal 0 1 0
    outer loop
      vertex -126.75 91 4
      vertex -113.25 91 0
      vertex -126.75 91 0
    endloop
  endfacet
  facet normal -0.0655078 0.997852 0
    outer loop
      vertex -113.119 91.0086 0
      vertex -113.25 91 4
      vertex -113.119 91.0086 4
    endloop
  endfacet
  facet normal -0.0655078 0.997852 0
    outer loop
      vertex -113.25 91 4
      vertex -113.119 91.0086 0
      vertex -113.25 91 0
    endloop
  endfacet
  facet normal -0.195196 0.980764 0
    outer loop
      vertex -134.586 93.4545 0
      vertex -134.791 93.4137 4
      vertex -134.586 93.4545 4
    endloop
  endfacet
  facet normal -0.195196 0.980764 0
    outer loop
      vertex -134.791 93.4137 4
      vertex -134.586 93.4545 0
      vertex -134.791 93.4137 0
    endloop
  endfacet
  facet normal -0.321817 0.946802 0
    outer loop
      vertex -134.388 93.5218 0
      vertex -134.586 93.4545 4
      vertex -134.388 93.5218 4
    endloop
  endfacet
  facet normal -0.321817 0.946802 0
    outer loop
      vertex -134.586 93.4545 4
      vertex -134.388 93.5218 0
      vertex -134.586 93.4545 0
    endloop
  endfacet
  facet normal -0.441861 0.897083 0
    outer loop
      vertex -134.2 93.6144 0
      vertex -134.388 93.5218 4
      vertex -134.2 93.6144 4
    endloop
  endfacet
  facet normal -0.441861 0.897083 0
    outer loop
      vertex -134.388 93.5218 4
      vertex -134.2 93.6144 0
      vertex -134.388 93.5218 0
    endloop
  endfacet
  facet normal -0.555362 0.831609 0
    outer loop
      vertex -134.026 93.7306 0
      vertex -134.2 93.6144 4
      vertex -134.026 93.7306 4
    endloop
  endfacet
  facet normal -0.555362 0.831609 0
    outer loop
      vertex -134.2 93.6144 4
      vertex -134.026 93.7306 0
      vertex -134.2 93.6144 0
    endloop
  endfacet
  facet normal -0.660196 0.751093 0
    outer loop
      vertex -133.869 93.8686 0
      vertex -134.026 93.7306 4
      vertex -133.869 93.8686 4
    endloop
  endfacet
  facet normal -0.660196 0.751093 0
    outer loop
      vertex -134.026 93.7306 4
      vertex -133.869 93.8686 0
      vertex -134.026 93.7306 0
    endloop
  endfacet
  facet normal -0.751925 0.659248 0
    outer loop
      vertex -133.869 93.8686 0
      vertex -133.731 94.026 4
      vertex -133.731 94.026 0
    endloop
  endfacet
  facet normal -0.751925 0.659248 0
    outer loop
      vertex -133.731 94.026 4
      vertex -133.869 93.8686 0
      vertex -133.869 93.8686 4
    endloop
  endfacet
  facet normal -0.829843 0.557998 0
    outer loop
      vertex -133.731 94.026 0
      vertex -133.614 94.2 4
      vertex -133.614 94.2 0
    endloop
  endfacet
  facet normal -0.829843 0.557998 0
    outer loop
      vertex -133.614 94.2 4
      vertex -133.731 94.026 0
      vertex -133.731 94.026 4
    endloop
  endfacet
  facet normal -0.897939 0.440119 0
    outer loop
      vertex -133.614 94.2 0
      vertex -133.522 94.3877 4
      vertex -133.522 94.3877 0
    endloop
  endfacet
  facet normal -0.897939 0.440119 0
    outer loop
      vertex -133.522 94.3877 4
      vertex -133.614 94.2 0
      vertex -133.614 94.2 4
    endloop
  endfacet
  facet normal -0.947336 0.32024 0
    outer loop
      vertex -133.522 94.3877 0
      vertex -133.455 94.5859 4
      vertex -133.455 94.5859 0
    endloop
  endfacet
  facet normal -0.947336 0.32024 0
    outer loop
      vertex -133.455 94.5859 4
      vertex -133.522 94.3877 0
      vertex -133.522 94.3877 4
    endloop
  endfacet
  facet normal -0.980636 0.195841 0
    outer loop
      vertex -133.455 94.5859 0
      vertex -133.414 94.7912 4
      vertex -133.414 94.7912 0
    endloop
  endfacet
  facet normal -0.980636 0.195841 0
    outer loop
      vertex -133.414 94.7912 4
      vertex -133.455 94.5859 0
      vertex -133.455 94.5859 4
    endloop
  endfacet
  facet normal -0.99776 0.0668996 0
    outer loop
      vertex -133.414 94.7912 0
      vertex -133.4 95 4
      vertex -133.4 95 0
    endloop
  endfacet
  facet normal -0.99776 0.0668996 0
    outer loop
      vertex -133.4 95 4
      vertex -133.414 94.7912 0
      vertex -133.414 94.7912 4
    endloop
  endfacet
  facet normal -0.99776 -0.0668996 0
    outer loop
      vertex -133.4 95 0
      vertex -133.414 95.2088 4
      vertex -133.414 95.2088 0
    endloop
  endfacet
  facet normal -0.99776 -0.0668996 0
    outer loop
      vertex -133.414 95.2088 4
      vertex -133.4 95 0
      vertex -133.4 95 4
    endloop
  endfacet
  facet normal -0.980636 -0.195841 0
    outer loop
      vertex -133.414 95.2088 0
      vertex -133.455 95.4141 4
      vertex -133.455 95.4141 0
    endloop
  endfacet
  facet normal -0.980636 -0.195841 0
    outer loop
      vertex -133.455 95.4141 4
      vertex -133.414 95.2088 0
      vertex -133.414 95.2088 4
    endloop
  endfacet
  facet normal -0.947336 -0.32024 0
    outer loop
      vertex -133.455 95.4141 0
      vertex -133.522 95.6123 4
      vertex -133.522 95.6123 0
    endloop
  endfacet
  facet normal -0.947336 -0.32024 0
    outer loop
      vertex -133.522 95.6123 4
      vertex -133.455 95.4141 0
      vertex -133.455 95.4141 4
    endloop
  endfacet
  facet normal -0.897939 -0.440119 0
    outer loop
      vertex -133.522 95.6123 0
      vertex -133.614 95.8 4
      vertex -133.614 95.8 0
    endloop
  endfacet
  facet normal -0.897939 -0.440119 0
    outer loop
      vertex -133.614 95.8 4
      vertex -133.522 95.6123 0
      vertex -133.522 95.6123 4
    endloop
  endfacet
  facet normal -0.829843 -0.557998 0
    outer loop
      vertex -133.614 95.8 0
      vertex -133.731 95.974 4
      vertex -133.731 95.974 0
    endloop
  endfacet
  facet normal -0.829843 -0.557998 0
    outer loop
      vertex -133.731 95.974 4
      vertex -133.614 95.8 0
      vertex -133.614 95.8 4
    endloop
  endfacet
  facet normal -0.751925 -0.659248 0
    outer loop
      vertex -133.731 95.974 0
      vertex -133.869 96.1314 4
      vertex -133.869 96.1314 0
    endloop
  endfacet
  facet normal -0.751925 -0.659248 0
    outer loop
      vertex -133.869 96.1314 4
      vertex -133.731 95.974 0
      vertex -133.731 95.974 4
    endloop
  endfacet
  facet normal -0.660196 -0.751093 0
    outer loop
      vertex -134.026 96.2694 0
      vertex -133.869 96.1314 4
      vertex -134.026 96.2694 4
    endloop
  endfacet
  facet normal -0.660196 -0.751093 -0
    outer loop
      vertex -133.869 96.1314 4
      vertex -134.026 96.2694 0
      vertex -133.869 96.1314 0
    endloop
  endfacet
  facet normal -0.555362 -0.831609 0
    outer loop
      vertex -134.2 96.3856 0
      vertex -134.026 96.2694 4
      vertex -134.2 96.3856 4
    endloop
  endfacet
  facet normal -0.555362 -0.831609 -0
    outer loop
      vertex -134.026 96.2694 4
      vertex -134.2 96.3856 0
      vertex -134.026 96.2694 0
    endloop
  endfacet
  facet normal -0.441861 -0.897083 0
    outer loop
      vertex -134.388 96.4782 0
      vertex -134.2 96.3856 4
      vertex -134.388 96.4782 4
    endloop
  endfacet
  facet normal -0.441861 -0.897083 -0
    outer loop
      vertex -134.2 96.3856 4
      vertex -134.388 96.4782 0
      vertex -134.2 96.3856 0
    endloop
  endfacet
  facet normal -0.321817 -0.946802 0
    outer loop
      vertex -134.586 96.5455 0
      vertex -134.388 96.4782 4
      vertex -134.586 96.5455 4
    endloop
  endfacet
  facet normal -0.321817 -0.946802 -0
    outer loop
      vertex -134.388 96.4782 4
      vertex -134.586 96.5455 0
      vertex -134.388 96.4782 0
    endloop
  endfacet
  facet normal -0.195196 -0.980764 0
    outer loop
      vertex -134.791 96.5863 0
      vertex -134.586 96.5455 4
      vertex -134.791 96.5863 4
    endloop
  endfacet
  facet normal -0.195196 -0.980764 -0
    outer loop
      vertex -134.586 96.5455 4
      vertex -134.791 96.5863 0
      vertex -134.586 96.5455 0
    endloop
  endfacet
  facet normal -0.0654099 -0.997858 0
    outer loop
      vertex -135 96.6 0
      vertex -134.791 96.5863 4
      vertex -135 96.6 4
    endloop
  endfacet
  facet normal -0.0654099 -0.997858 -0
    outer loop
      vertex -134.791 96.5863 4
      vertex -135 96.6 0
      vertex -134.791 96.5863 0
    endloop
  endfacet
  facet normal 0.0654099 -0.997858 0
    outer loop
      vertex -135.209 96.5863 0
      vertex -135 96.6 4
      vertex -135.209 96.5863 4
    endloop
  endfacet
  facet normal 0.0654099 -0.997858 0
    outer loop
      vertex -135 96.6 4
      vertex -135.209 96.5863 0
      vertex -135 96.6 0
    endloop
  endfacet
  facet normal 0.195196 -0.980764 0
    outer loop
      vertex -135.414 96.5455 0
      vertex -135.209 96.5863 4
      vertex -135.414 96.5455 4
    endloop
  endfacet
  facet normal 0.195196 -0.980764 0
    outer loop
      vertex -135.209 96.5863 4
      vertex -135.414 96.5455 0
      vertex -135.209 96.5863 0
    endloop
  endfacet
  facet normal 0.321817 -0.946802 0
    outer loop
      vertex -135.612 96.4782 0
      vertex -135.414 96.5455 4
      vertex -135.612 96.4782 4
    endloop
  endfacet
  facet normal 0.321817 -0.946802 0
    outer loop
      vertex -135.414 96.5455 4
      vertex -135.612 96.4782 0
      vertex -135.414 96.5455 0
    endloop
  endfacet
  facet normal 0.441861 -0.897083 0
    outer loop
      vertex -135.8 96.3856 0
      vertex -135.612 96.4782 4
      vertex -135.8 96.3856 4
    endloop
  endfacet
  facet normal 0.441861 -0.897083 0
    outer loop
      vertex -135.612 96.4782 4
      vertex -135.8 96.3856 0
      vertex -135.612 96.4782 0
    endloop
  endfacet
  facet normal 0.555362 -0.831609 0
    outer loop
      vertex -135.974 96.2694 0
      vertex -135.8 96.3856 4
      vertex -135.974 96.2694 4
    endloop
  endfacet
  facet normal 0.555362 -0.831609 0
    outer loop
      vertex -135.8 96.3856 4
      vertex -135.974 96.2694 0
      vertex -135.8 96.3856 0
    endloop
  endfacet
  facet normal 0.660196 -0.751093 0
    outer loop
      vertex -136.131 96.1314 0
      vertex -135.974 96.2694 4
      vertex -136.131 96.1314 4
    endloop
  endfacet
  facet normal 0.660196 -0.751093 0
    outer loop
      vertex -135.974 96.2694 4
      vertex -136.131 96.1314 0
      vertex -135.974 96.2694 0
    endloop
  endfacet
  facet normal 0.751925 -0.659248 0
    outer loop
      vertex -136.269 95.974 4
      vertex -136.131 96.1314 0
      vertex -136.131 96.1314 4
    endloop
  endfacet
  facet normal 0.751925 -0.659248 0
    outer loop
      vertex -136.131 96.1314 0
      vertex -136.269 95.974 4
      vertex -136.269 95.974 0
    endloop
  endfacet
  facet normal 0.829843 -0.557998 0
    outer loop
      vertex -136.386 95.8 4
      vertex -136.269 95.974 0
      vertex -136.269 95.974 4
    endloop
  endfacet
  facet normal 0.829843 -0.557998 0
    outer loop
      vertex -136.269 95.974 0
      vertex -136.386 95.8 4
      vertex -136.386 95.8 0
    endloop
  endfacet
  facet normal 0.897939 -0.440119 0
    outer loop
      vertex -136.478 95.6123 4
      vertex -136.386 95.8 0
      vertex -136.386 95.8 4
    endloop
  endfacet
  facet normal 0.897939 -0.440119 0
    outer loop
      vertex -136.386 95.8 0
      vertex -136.478 95.6123 4
      vertex -136.478 95.6123 0
    endloop
  endfacet
  facet normal 0.947336 -0.32024 0
    outer loop
      vertex -136.545 95.4141 4
      vertex -136.478 95.6123 0
      vertex -136.478 95.6123 4
    endloop
  endfacet
  facet normal 0.947336 -0.32024 0
    outer loop
      vertex -136.478 95.6123 0
      vertex -136.545 95.4141 4
      vertex -136.545 95.4141 0
    endloop
  endfacet
  facet normal 0.980636 -0.195841 0
    outer loop
      vertex -136.586 95.2088 4
      vertex -136.545 95.4141 0
      vertex -136.545 95.4141 4
    endloop
  endfacet
  facet normal 0.980636 -0.195841 0
    outer loop
      vertex -136.545 95.4141 0
      vertex -136.586 95.2088 4
      vertex -136.586 95.2088 0
    endloop
  endfacet
  facet normal 0.99776 -0.0668996 0
    outer loop
      vertex -136.6 95 4
      vertex -136.586 95.2088 0
      vertex -136.586 95.2088 4
    endloop
  endfacet
  facet normal 0.99776 -0.0668996 0
    outer loop
      vertex -136.586 95.2088 0
      vertex -136.6 95 4
      vertex -136.6 95 0
    endloop
  endfacet
  facet normal 0.99776 0.0668996 0
    outer loop
      vertex -136.586 94.7912 4
      vertex -136.6 95 0
      vertex -136.6 95 4
    endloop
  endfacet
  facet normal 0.99776 0.0668996 0
    outer loop
      vertex -136.6 95 0
      vertex -136.586 94.7912 4
      vertex -136.586 94.7912 0
    endloop
  endfacet
  facet normal 0.980636 0.195841 0
    outer loop
      vertex -136.545 94.5859 4
      vertex -136.586 94.7912 0
      vertex -136.586 94.7912 4
    endloop
  endfacet
  facet normal 0.980636 0.195841 0
    outer loop
      vertex -136.586 94.7912 0
      vertex -136.545 94.5859 4
      vertex -136.545 94.5859 0
    endloop
  endfacet
  facet normal 0.947336 0.32024 0
    outer loop
      vertex -136.478 94.3877 4
      vertex -136.545 94.5859 0
      vertex -136.545 94.5859 4
    endloop
  endfacet
  facet normal 0.947336 0.32024 0
    outer loop
      vertex -136.545 94.5859 0
      vertex -136.478 94.3877 4
      vertex -136.478 94.3877 0
    endloop
  endfacet
  facet normal 0.897939 0.440119 0
    outer loop
      vertex -136.386 94.2 4
      vertex -136.478 94.3877 0
      vertex -136.478 94.3877 4
    endloop
  endfacet
  facet normal 0.897939 0.440119 0
    outer loop
      vertex -136.478 94.3877 0
      vertex -136.386 94.2 4
      vertex -136.386 94.2 0
    endloop
  endfacet
  facet normal 0.829843 0.557998 0
    outer loop
      vertex -136.269 94.026 4
      vertex -136.386 94.2 0
      vertex -136.386 94.2 4
    endloop
  endfacet
  facet normal 0.829843 0.557998 0
    outer loop
      vertex -136.386 94.2 0
      vertex -136.269 94.026 4
      vertex -136.269 94.026 0
    endloop
  endfacet
  facet normal 0.751925 0.659248 0
    outer loop
      vertex -136.131 93.8686 4
      vertex -136.269 94.026 0
      vertex -136.269 94.026 4
    endloop
  endfacet
  facet normal 0.751925 0.659248 0
    outer loop
      vertex -136.269 94.026 0
      vertex -136.131 93.8686 4
      vertex -136.131 93.8686 0
    endloop
  endfacet
  facet normal 0.660196 0.751093 -0
    outer loop
      vertex -135.974 93.7306 0
      vertex -136.131 93.8686 4
      vertex -135.974 93.7306 4
    endloop
  endfacet
  facet normal 0.660196 0.751093 0
    outer loop
      vertex -136.131 93.8686 4
      vertex -135.974 93.7306 0
      vertex -136.131 93.8686 0
    endloop
  endfacet
  facet normal 0.555362 0.831609 -0
    outer loop
      vertex -135.8 93.6144 0
      vertex -135.974 93.7306 4
      vertex -135.8 93.6144 4
    endloop
  endfacet
  facet normal 0.555362 0.831609 0
    outer loop
      vertex -135.974 93.7306 4
      vertex -135.8 93.6144 0
      vertex -135.974 93.7306 0
    endloop
  endfacet
  facet normal 0.441861 0.897083 -0
    outer loop
      vertex -135.612 93.5218 0
      vertex -135.8 93.6144 4
      vertex -135.612 93.5218 4
    endloop
  endfacet
  facet normal 0.441861 0.897083 0
    outer loop
      vertex -135.8 93.6144 4
      vertex -135.612 93.5218 0
      vertex -135.8 93.6144 0
    endloop
  endfacet
  facet normal 0.321817 0.946802 -0
    outer loop
      vertex -135.414 93.4545 0
      vertex -135.612 93.5218 4
      vertex -135.414 93.4545 4
    endloop
  endfacet
  facet normal 0.321817 0.946802 0
    outer loop
      vertex -135.612 93.5218 4
      vertex -135.414 93.4545 0
      vertex -135.612 93.5218 0
    endloop
  endfacet
  facet normal 0.195196 0.980764 -0
    outer loop
      vertex -135.209 93.4137 0
      vertex -135.414 93.4545 4
      vertex -135.209 93.4137 4
    endloop
  endfacet
  facet normal 0.195196 0.980764 0
    outer loop
      vertex -135.414 93.4545 4
      vertex -135.209 93.4137 0
      vertex -135.414 93.4545 0
    endloop
  endfacet
  facet normal 0.0654099 0.997858 -0
    outer loop
      vertex -135 93.4 0
      vertex -135.209 93.4137 4
      vertex -135 93.4 4
    endloop
  endfacet
  facet normal 0.0654099 0.997858 0
    outer loop
      vertex -135.209 93.4137 4
      vertex -135 93.4 0
      vertex -135.209 93.4137 0
    endloop
  endfacet
  facet normal -0.0654099 0.997858 0
    outer loop
      vertex -134.791 93.4137 0
      vertex -135 93.4 4
      vertex -134.791 93.4137 4
    endloop
  endfacet
  facet normal -0.0654099 0.997858 0
    outer loop
      vertex -135 93.4 4
      vertex -134.791 93.4137 0
      vertex -135 93.4 0
    endloop
  endfacet
  facet normal -0.195196 0.980764 0
    outer loop
      vertex -104.586 93.4545 0
      vertex -104.791 93.4137 4
      vertex -104.586 93.4545 4
    endloop
  endfacet
  facet normal -0.195196 0.980764 0
    outer loop
      vertex -104.791 93.4137 4
      vertex -104.586 93.4545 0
      vertex -104.791 93.4137 0
    endloop
  endfacet
  facet normal -0.321817 0.946802 0
    outer loop
      vertex -104.388 93.5218 0
      vertex -104.586 93.4545 4
      vertex -104.388 93.5218 4
    endloop
  endfacet
  facet normal -0.321817 0.946802 0
    outer loop
      vertex -104.586 93.4545 4
      vertex -104.388 93.5218 0
      vertex -104.586 93.4545 0
    endloop
  endfacet
  facet normal -0.441861 0.897083 0
    outer loop
      vertex -104.2 93.6144 0
      vertex -104.388 93.5218 4
      vertex -104.2 93.6144 4
    endloop
  endfacet
  facet normal -0.441861 0.897083 0
    outer loop
      vertex -104.388 93.5218 4
      vertex -104.2 93.6144 0
      vertex -104.388 93.5218 0
    endloop
  endfacet
  facet normal -0.555362 0.831609 0
    outer loop
      vertex -104.026 93.7306 0
      vertex -104.2 93.6144 4
      vertex -104.026 93.7306 4
    endloop
  endfacet
  facet normal -0.555362 0.831609 0
    outer loop
      vertex -104.2 93.6144 4
      vertex -104.026 93.7306 0
      vertex -104.2 93.6144 0
    endloop
  endfacet
  facet normal -0.660196 0.751093 0
    outer loop
      vertex -103.869 93.8686 0
      vertex -104.026 93.7306 4
      vertex -103.869 93.8686 4
    endloop
  endfacet
  facet normal -0.660196 0.751093 0
    outer loop
      vertex -104.026 93.7306 4
      vertex -103.869 93.8686 0
      vertex -104.026 93.7306 0
    endloop
  endfacet
  facet normal -0.751925 0.659248 0
    outer loop
      vertex -103.869 93.8686 0
      vertex -103.731 94.026 4
      vertex -103.731 94.026 0
    endloop
  endfacet
  facet normal -0.751925 0.659248 0
    outer loop
      vertex -103.731 94.026 4
      vertex -103.869 93.8686 0
      vertex -103.869 93.8686 4
    endloop
  endfacet
  facet normal -0.829843 0.557998 0
    outer loop
      vertex -103.731 94.026 0
      vertex -103.614 94.2 4
      vertex -103.614 94.2 0
    endloop
  endfacet
  facet normal -0.829843 0.557998 0
    outer loop
      vertex -103.614 94.2 4
      vertex -103.731 94.026 0
      vertex -103.731 94.026 4
    endloop
  endfacet
  facet normal -0.897939 0.440119 0
    outer loop
      vertex -103.614 94.2 0
      vertex -103.522 94.3877 4
      vertex -103.522 94.3877 0
    endloop
  endfacet
  facet normal -0.897939 0.440119 0
    outer loop
      vertex -103.522 94.3877 4
      vertex -103.614 94.2 0
      vertex -103.614 94.2 4
    endloop
  endfacet
  facet normal -0.947336 0.32024 0
    outer loop
      vertex -103.522 94.3877 0
      vertex -103.455 94.5859 4
      vertex -103.455 94.5859 0
    endloop
  endfacet
  facet normal -0.947336 0.32024 0
    outer loop
      vertex -103.455 94.5859 4
      vertex -103.522 94.3877 0
      vertex -103.522 94.3877 4
    endloop
  endfacet
  facet normal -0.980636 0.195841 0
    outer loop
      vertex -103.455 94.5859 0
      vertex -103.414 94.7912 4
      vertex -103.414 94.7912 0
    endloop
  endfacet
  facet normal -0.980636 0.195841 0
    outer loop
      vertex -103.414 94.7912 4
      vertex -103.455 94.5859 0
      vertex -103.455 94.5859 4
    endloop
  endfacet
  facet normal -0.99776 0.0668996 0
    outer loop
      vertex -103.414 94.7912 0
      vertex -103.4 95 4
      vertex -103.4 95 0
    endloop
  endfacet
  facet normal -0.99776 0.0668996 0
    outer loop
      vertex -103.4 95 4
      vertex -103.414 94.7912 0
      vertex -103.414 94.7912 4
    endloop
  endfacet
  facet normal -0.99776 -0.0668996 0
    outer loop
      vertex -103.4 95 0
      vertex -103.414 95.2088 4
      vertex -103.414 95.2088 0
    endloop
  endfacet
  facet normal -0.99776 -0.0668996 0
    outer loop
      vertex -103.414 95.2088 4
      vertex -103.4 95 0
      vertex -103.4 95 4
    endloop
  endfacet
  facet normal -0.980636 -0.195841 0
    outer loop
      vertex -103.414 95.2088 0
      vertex -103.455 95.4141 4
      vertex -103.455 95.4141 0
    endloop
  endfacet
  facet normal -0.980636 -0.195841 0
    outer loop
      vertex -103.455 95.4141 4
      vertex -103.414 95.2088 0
      vertex -103.414 95.2088 4
    endloop
  endfacet
  facet normal -0.947336 -0.32024 0
    outer loop
      vertex -103.455 95.4141 0
      vertex -103.522 95.6123 4
      vertex -103.522 95.6123 0
    endloop
  endfacet
  facet normal -0.947336 -0.32024 0
    outer loop
      vertex -103.522 95.6123 4
      vertex -103.455 95.4141 0
      vertex -103.455 95.4141 4
    endloop
  endfacet
  facet normal -0.897939 -0.440119 0
    outer loop
      vertex -103.522 95.6123 0
      vertex -103.614 95.8 4
      vertex -103.614 95.8 0
    endloop
  endfacet
  facet normal -0.897939 -0.440119 0
    outer loop
      vertex -103.614 95.8 4
      vertex -103.522 95.6123 0
      vertex -103.522 95.6123 4
    endloop
  endfacet
  facet normal -0.829843 -0.557998 0
    outer loop
      vertex -103.614 95.8 0
      vertex -103.731 95.974 4
      vertex -103.731 95.974 0
    endloop
  endfacet
  facet normal -0.829843 -0.557998 0
    outer loop
      vertex -103.731 95.974 4
      vertex -103.614 95.8 0
      vertex -103.614 95.8 4
    endloop
  endfacet
  facet normal -0.751925 -0.659248 0
    outer loop
      vertex -103.731 95.974 0
      vertex -103.869 96.1314 4
      vertex -103.869 96.1314 0
    endloop
  endfacet
  facet normal -0.751925 -0.659248 0
    outer loop
      vertex -103.869 96.1314 4
      vertex -103.731 95.974 0
      vertex -103.731 95.974 4
    endloop
  endfacet
  facet normal -0.660196 -0.751093 0
    outer loop
      vertex -104.026 96.2694 0
      vertex -103.869 96.1314 4
      vertex -104.026 96.2694 4
    endloop
  endfacet
  facet normal -0.660196 -0.751093 -0
    outer loop
      vertex -103.869 96.1314 4
      vertex -104.026 96.2694 0
      vertex -103.869 96.1314 0
    endloop
  endfacet
  facet normal -0.555362 -0.831609 0
    outer loop
      vertex -104.2 96.3856 0
      vertex -104.026 96.2694 4
      vertex -104.2 96.3856 4
    endloop
  endfacet
  facet normal -0.555362 -0.831609 -0
    outer loop
      vertex -104.026 96.2694 4
      vertex -104.2 96.3856 0
      vertex -104.026 96.2694 0
    endloop
  endfacet
  facet normal -0.441861 -0.897083 0
    outer loop
      vertex -104.388 96.4782 0
      vertex -104.2 96.3856 4
      vertex -104.388 96.4782 4
    endloop
  endfacet
  facet normal -0.441861 -0.897083 -0
    outer loop
      vertex -104.2 96.3856 4
      vertex -104.388 96.4782 0
      vertex -104.2 96.3856 0
    endloop
  endfacet
  facet normal -0.321817 -0.946802 0
    outer loop
      vertex -104.586 96.5455 0
      vertex -104.388 96.4782 4
      vertex -104.586 96.5455 4
    endloop
  endfacet
  facet normal -0.321817 -0.946802 -0
    outer loop
      vertex -104.388 96.4782 4
      vertex -104.586 96.5455 0
      vertex -104.388 96.4782 0
    endloop
  endfacet
  facet normal -0.195196 -0.980764 0
    outer loop
      vertex -104.791 96.5863 0
      vertex -104.586 96.5455 4
      vertex -104.791 96.5863 4
    endloop
  endfacet
  facet normal -0.195196 -0.980764 -0
    outer loop
      vertex -104.586 96.5455 4
      vertex -104.791 96.5863 0
      vertex -104.586 96.5455 0
    endloop
  endfacet
  facet normal -0.0654099 -0.997858 0
    outer loop
      vertex -105 96.6 0
      vertex -104.791 96.5863 4
      vertex -105 96.6 4
    endloop
  endfacet
  facet normal -0.0654099 -0.997858 -0
    outer loop
      vertex -104.791 96.5863 4
      vertex -105 96.6 0
      vertex -104.791 96.5863 0
    endloop
  endfacet
  facet normal 0.0654099 -0.997858 0
    outer loop
      vertex -105.209 96.5863 0
      vertex -105 96.6 4
      vertex -105.209 96.5863 4
    endloop
  endfacet
  facet normal 0.0654099 -0.997858 0
    outer loop
      vertex -105 96.6 4
      vertex -105.209 96.5863 0
      vertex -105 96.6 0
    endloop
  endfacet
  facet normal 0.195196 -0.980764 0
    outer loop
      vertex -105.414 96.5455 0
      vertex -105.209 96.5863 4
      vertex -105.414 96.5455 4
    endloop
  endfacet
  facet normal 0.195196 -0.980764 0
    outer loop
      vertex -105.209 96.5863 4
      vertex -105.414 96.5455 0
      vertex -105.209 96.5863 0
    endloop
  endfacet
  facet normal 0.321817 -0.946802 0
    outer loop
      vertex -105.612 96.4782 0
      vertex -105.414 96.5455 4
      vertex -105.612 96.4782 4
    endloop
  endfacet
  facet normal 0.321817 -0.946802 0
    outer loop
      vertex -105.414 96.5455 4
      vertex -105.612 96.4782 0
      vertex -105.414 96.5455 0
    endloop
  endfacet
  facet normal 0.441861 -0.897083 0
    outer loop
      vertex -105.8 96.3856 0
      vertex -105.612 96.4782 4
      vertex -105.8 96.3856 4
    endloop
  endfacet
  facet normal 0.441861 -0.897083 0
    outer loop
      vertex -105.612 96.4782 4
      vertex -105.8 96.3856 0
      vertex -105.612 96.4782 0
    endloop
  endfacet
  facet normal 0.555362 -0.831609 0
    outer loop
      vertex -105.974 96.2694 0
      vertex -105.8 96.3856 4
      vertex -105.974 96.2694 4
    endloop
  endfacet
  facet normal 0.555362 -0.831609 0
    outer loop
      vertex -105.8 96.3856 4
      vertex -105.974 96.2694 0
      vertex -105.8 96.3856 0
    endloop
  endfacet
  facet normal 0.660196 -0.751093 0
    outer loop
      vertex -106.131 96.1314 0
      vertex -105.974 96.2694 4
      vertex -106.131 96.1314 4
    endloop
  endfacet
  facet normal 0.660196 -0.751093 0
    outer loop
      vertex -105.974 96.2694 4
      vertex -106.131 96.1314 0
      vertex -105.974 96.2694 0
    endloop
  endfacet
  facet normal 0.751925 -0.659248 0
    outer loop
      vertex -106.269 95.974 4
      vertex -106.131 96.1314 0
      vertex -106.131 96.1314 4
    endloop
  endfacet
  facet normal 0.751925 -0.659248 0
    outer loop
      vertex -106.131 96.1314 0
      vertex -106.269 95.974 4
      vertex -106.269 95.974 0
    endloop
  endfacet
  facet normal 0.829843 -0.557998 0
    outer loop
      vertex -106.386 95.8 4
      vertex -106.269 95.974 0
      vertex -106.269 95.974 4
    endloop
  endfacet
  facet normal 0.829843 -0.557998 0
    outer loop
      vertex -106.269 95.974 0
      vertex -106.386 95.8 4
      vertex -106.386 95.8 0
    endloop
  endfacet
  facet normal 0.897939 -0.440119 0
    outer loop
      vertex -106.478 95.6123 4
      vertex -106.386 95.8 0
      vertex -106.386 95.8 4
    endloop
  endfacet
  facet normal 0.897939 -0.440119 0
    outer loop
      vertex -106.386 95.8 0
      vertex -106.478 95.6123 4
      vertex -106.478 95.6123 0
    endloop
  endfacet
  facet normal 0.947336 -0.32024 0
    outer loop
      vertex -106.545 95.4141 4
      vertex -106.478 95.6123 0
      vertex -106.478 95.6123 4
    endloop
  endfacet
  facet normal 0.947336 -0.32024 0
    outer loop
      vertex -106.478 95.6123 0
      vertex -106.545 95.4141 4
      vertex -106.545 95.4141 0
    endloop
  endfacet
  facet normal 0.980636 -0.195841 0
    outer loop
      vertex -106.586 95.2088 4
      vertex -106.545 95.4141 0
      vertex -106.545 95.4141 4
    endloop
  endfacet
  facet normal 0.980636 -0.195841 0
    outer loop
      vertex -106.545 95.4141 0
      vertex -106.586 95.2088 4
      vertex -106.586 95.2088 0
    endloop
  endfacet
  facet normal 0.99776 -0.0668996 0
    outer loop
      vertex -106.6 95 4
      vertex -106.586 95.2088 0
      vertex -106.586 95.2088 4
    endloop
  endfacet
  facet normal 0.99776 -0.0668996 0
    outer loop
      vertex -106.586 95.2088 0
      vertex -106.6 95 4
      vertex -106.6 95 0
    endloop
  endfacet
  facet normal 0.99776 0.0668996 0
    outer loop
      vertex -106.586 94.7912 4
      vertex -106.6 95 0
      vertex -106.6 95 4
    endloop
  endfacet
  facet normal 0.99776 0.0668996 0
    outer loop
      vertex -106.6 95 0
      vertex -106.586 94.7912 4
      vertex -106.586 94.7912 0
    endloop
  endfacet
  facet normal 0.980636 0.195841 0
    outer loop
      vertex -106.545 94.5859 4
      vertex -106.586 94.7912 0
      vertex -106.586 94.7912 4
    endloop
  endfacet
  facet normal 0.980636 0.195841 0
    outer loop
      vertex -106.586 94.7912 0
      vertex -106.545 94.5859 4
      vertex -106.545 94.5859 0
    endloop
  endfacet
  facet normal 0.947336 0.32024 0
    outer loop
      vertex -106.478 94.3877 4
      vertex -106.545 94.5859 0
      vertex -106.545 94.5859 4
    endloop
  endfacet
  facet normal 0.947336 0.32024 0
    outer loop
      vertex -106.545 94.5859 0
      vertex -106.478 94.3877 4
      vertex -106.478 94.3877 0
    endloop
  endfacet
  facet normal 0.897939 0.440119 0
    outer loop
      vertex -106.386 94.2 4
      vertex -106.478 94.3877 0
      vertex -106.478 94.3877 4
    endloop
  endfacet
  facet normal 0.897939 0.440119 0
    outer loop
      vertex -106.478 94.3877 0
      vertex -106.386 94.2 4
      vertex -106.386 94.2 0
    endloop
  endfacet
  facet normal 0.829843 0.557998 0
    outer loop
      vertex -106.269 94.026 4
      vertex -106.386 94.2 0
      vertex -106.386 94.2 4
    endloop
  endfacet
  facet normal 0.829843 0.557998 0
    outer loop
      vertex -106.386 94.2 0
      vertex -106.269 94.026 4
      vertex -106.269 94.026 0
    endloop
  endfacet
  facet normal 0.751925 0.659248 0
    outer loop
      vertex -106.131 93.8686 4
      vertex -106.269 94.026 0
      vertex -106.269 94.026 4
    endloop
  endfacet
  facet normal 0.751925 0.659248 0
    outer loop
      vertex -106.269 94.026 0
      vertex -106.131 93.8686 4
      vertex -106.131 93.8686 0
    endloop
  endfacet
  facet normal 0.660196 0.751093 -0
    outer loop
      vertex -105.974 93.7306 0
      vertex -106.131 93.8686 4
      vertex -105.974 93.7306 4
    endloop
  endfacet
  facet normal 0.660196 0.751093 0
    outer loop
      vertex -106.131 93.8686 4
      vertex -105.974 93.7306 0
      vertex -106.131 93.8686 0
    endloop
  endfacet
  facet normal 0.555362 0.831609 -0
    outer loop
      vertex -105.8 93.6144 0
      vertex -105.974 93.7306 4
      vertex -105.8 93.6144 4
    endloop
  endfacet
  facet normal 0.555362 0.831609 0
    outer loop
      vertex -105.974 93.7306 4
      vertex -105.8 93.6144 0
      vertex -105.974 93.7306 0
    endloop
  endfacet
  facet normal 0.441861 0.897083 -0
    outer loop
      vertex -105.612 93.5218 0
      vertex -105.8 93.6144 4
      vertex -105.612 93.5218 4
    endloop
  endfacet
  facet normal 0.441861 0.897083 0
    outer loop
      vertex -105.8 93.6144 4
      vertex -105.612 93.5218 0
      vertex -105.8 93.6144 0
    endloop
  endfacet
  facet normal 0.321817 0.946802 -0
    outer loop
      vertex -105.414 93.4545 0
      vertex -105.612 93.5218 4
      vertex -105.414 93.4545 4
    endloop
  endfacet
  facet normal 0.321817 0.946802 0
    outer loop
      vertex -105.612 93.5218 4
      vertex -105.414 93.4545 0
      vertex -105.612 93.5218 0
    endloop
  endfacet
  facet normal 0.195196 0.980764 -0
    outer loop
      vertex -105.209 93.4137 0
      vertex -105.414 93.4545 4
      vertex -105.209 93.4137 4
    endloop
  endfacet
  facet normal 0.195196 0.980764 0
    outer loop
      vertex -105.414 93.4545 4
      vertex -105.209 93.4137 0
      vertex -105.414 93.4545 0
    endloop
  endfacet
  facet normal 0.0654099 0.997858 -0
    outer loop
      vertex -105 93.4 0
      vertex -105.209 93.4137 4
      vertex -105 93.4 4
    endloop
  endfacet
  facet normal 0.0654099 0.997858 0
    outer loop
      vertex -105.209 93.4137 4
      vertex -105 93.4 0
      vertex -105.209 93.4137 0
    endloop
  endfacet
  facet normal -0.0654099 0.997858 0
    outer loop
      vertex -104.791 93.4137 0
      vertex -105 93.4 4
      vertex -104.791 93.4137 4
    endloop
  endfacet
  facet normal -0.0654099 0.997858 0
    outer loop
      vertex -105 93.4 4
      vertex -104.791 93.4137 0
      vertex -105 93.4 0
    endloop
  endfacet
  facet normal -0.19494 0.980815 0
    outer loop
      vertex -72.9912 91.0341 0
      vertex -73.1195 91.0086 4
      vertex -72.9912 91.0341 4
    endloop
  endfacet
  facet normal -0.19494 0.980815 0
    outer loop
      vertex -73.1195 91.0086 4
      vertex -72.9912 91.0341 0
      vertex -73.1195 91.0086 0
    endloop
  endfacet
  facet normal -0.321039 0.947066 0
    outer loop
      vertex -72.8673 91.0761 0
      vertex -72.9912 91.0341 4
      vertex -72.8673 91.0761 4
    endloop
  endfacet
  facet normal -0.321039 0.947066 0
    outer loop
      vertex -72.9912 91.0341 4
      vertex -72.8673 91.0761 0
      vertex -72.9912 91.0341 0
    endloop
  endfacet
  facet normal -0.442621 0.896709 0
    outer loop
      vertex -72.75 91.134 0
      vertex -72.8673 91.0761 4
      vertex -72.75 91.134 4
    endloop
  endfacet
  facet normal -0.442621 0.896709 0
    outer loop
      vertex -72.8673 91.0761 4
      vertex -72.75 91.134 0
      vertex -72.8673 91.0761 0
    endloop
  endfacet
  facet normal -0.555053 0.831815 0
    outer loop
      vertex -72.6412 91.2066 0
      vertex -72.75 91.134 4
      vertex -72.6412 91.2066 4
    endloop
  endfacet
  facet normal -0.555053 0.831815 0
    outer loop
      vertex -72.75 91.134 4
      vertex -72.6412 91.2066 0
      vertex -72.75 91.134 0
    endloop
  endfacet
  facet normal -0.659749 0.751486 0
    outer loop
      vertex -72.5429 91.2929 0
      vertex -72.6412 91.2066 4
      vertex -72.5429 91.2929 4
    endloop
  endfacet
  facet normal -0.659749 0.751486 0
    outer loop
      vertex -72.6412 91.2066 4
      vertex -72.5429 91.2929 0
      vertex -72.6412 91.2066 0
    endloop
  endfacet
  facet normal -0.751486 0.659749 0
    outer loop
      vertex -72.5429 91.2929 0
      vertex -72.4566 91.3912 4
      vertex -72.4566 91.3912 0
    endloop
  endfacet
  facet normal -0.751486 0.659749 0
    outer loop
      vertex -72.4566 91.3912 4
      vertex -72.5429 91.2929 0
      vertex -72.5429 91.2929 4
    endloop
  endfacet
  facet normal -0.831815 0.555053 0
    outer loop
      vertex -72.4566 91.3912 0
      vertex -72.384 91.5 4
      vertex -72.384 91.5 0
    endloop
  endfacet
  facet normal -0.831815 0.555053 0
    outer loop
      vertex -72.384 91.5 4
      vertex -72.4566 91.3912 0
      vertex -72.4566 91.3912 4
    endloop
  endfacet
  facet normal -0.896709 0.442621 0
    outer loop
      vertex -72.384 91.5 0
      vertex -72.3261 91.6173 4
      vertex -72.3261 91.6173 0
    endloop
  endfacet
  facet normal -0.896709 0.442621 0
    outer loop
      vertex -72.3261 91.6173 4
      vertex -72.384 91.5 0
      vertex -72.384 91.5 4
    endloop
  endfacet
  facet normal -0.947066 0.321039 0
    outer loop
      vertex -72.3261 91.6173 0
      vertex -72.2841 91.7412 4
      vertex -72.2841 91.7412 0
    endloop
  endfacet
  facet normal -0.947066 0.321039 0
    outer loop
      vertex -72.2841 91.7412 4
      vertex -72.3261 91.6173 0
      vertex -72.3261 91.6173 4
    endloop
  endfacet
  facet normal -0.980815 0.19494 0
    outer loop
      vertex -72.2841 91.7412 0
      vertex -72.2586 91.8695 4
      vertex -72.2586 91.8695 0
    endloop
  endfacet
  facet normal -0.980815 0.19494 0
    outer loop
      vertex -72.2586 91.8695 4
      vertex -72.2841 91.7412 0
      vertex -72.2841 91.7412 4
    endloop
  endfacet
  facet normal -0.997836 0.0657577 0
    outer loop
      vertex -72.2586 91.8695 0
      vertex -72.25 92 4
      vertex -72.25 92 0
    endloop
  endfacet
  facet normal -0.997836 0.0657577 0
    outer loop
      vertex -72.25 92 4
      vertex -72.2586 91.8695 0
      vertex -72.2586 91.8695 4
    endloop
  endfacet
  facet normal -1 0 0
    outer loop
      vertex -72.25 92 0
      vertex -72.25 98 4
      vertex -72.25 98 0
    endloop
  endfacet
  facet normal -1 -0 0
    outer loop
      vertex -72.25 98 4
      vertex -72.25 92 0
      vertex -72.25 92 4
    endloop
  endfacet
  facet normal -0.997836 -0.0657577 0
    outer loop
      vertex -72.25 98 0
      vertex -72.2586 98.1305 4
      vertex -72.2586 98.1305 0
    endloop
  endfacet
  facet normal -0.997836 -0.0657577 0
    outer loop
      vertex -72.2586 98.1305 4
      vertex -72.25 98 0
      vertex -72.25 98 4
    endloop
  endfacet
  facet normal -0.980815 -0.19494 0
    outer loop
      vertex -72.2586 98.1305 0
      vertex -72.2841 98.2588 4
      vertex -72.2841 98.2588 0
    endloop
  endfacet
  facet normal -0.980815 -0.19494 0
    outer loop
      vertex -72.2841 98.2588 4
      vertex -72.2586 98.1305 0
      vertex -72.2586 98.1305 4
    endloop
  endfacet
  facet normal -0.947066 -0.321039 0
    outer loop
      vertex -72.2841 98.2588 0
      vertex -72.3261 98.3827 4
      vertex -72.3261 98.3827 0
    endloop
  endfacet
  facet normal -0.947066 -0.321039 0
    outer loop
      vertex -72.3261 98.3827 4
      vertex -72.2841 98.2588 0
      vertex -72.2841 98.2588 4
    endloop
  endfacet
  facet normal -0.896709 -0.442621 0
    outer loop
      vertex -72.3261 98.3827 0
      vertex -72.384 98.5 4
      vertex -72.384 98.5 0
    endloop
  endfacet
  facet normal -0.896709 -0.442621 0
    outer loop
      vertex -72.384 98.5 4
      vertex -72.3261 98.3827 0
      vertex -72.3261 98.3827 4
    endloop
  endfacet
  facet normal -0.831815 -0.555053 0
    outer loop
      vertex -72.384 98.5 0
      vertex -72.4566 98.6088 4
      vertex -72.4566 98.6088 0
    endloop
  endfacet
  facet normal -0.831815 -0.555053 0
    outer loop
      vertex -72.4566 98.6088 4
      vertex -72.384 98.5 0
      vertex -72.384 98.5 4
    endloop
  endfacet
  facet normal -0.751486 -0.659749 0
    outer loop
      vertex -72.4566 98.6088 0
      vertex -72.5429 98.7071 4
      vertex -72.5429 98.7071 0
    endloop
  endfacet
  facet normal -0.751486 -0.659749 0
    outer loop
      vertex -72.5429 98.7071 4
      vertex -72.4566 98.6088 0
      vertex -72.4566 98.6088 4
    endloop
  endfacet
  facet normal -0.659749 -0.751486 0
    outer loop
      vertex -72.6412 98.7934 0
      vertex -72.5429 98.7071 4
      vertex -72.6412 98.7934 4
    endloop
  endfacet
  facet normal -0.659749 -0.751486 -0
    outer loop
      vertex -72.5429 98.7071 4
      vertex -72.6412 98.7934 0
      vertex -72.5429 98.7071 0
    endloop
  endfacet
  facet normal -0.555053 -0.831815 0
    outer loop
      vertex -72.75 98.866 0
      vertex -72.6412 98.7934 4
      vertex -72.75 98.866 4
    endloop
  endfacet
  facet normal -0.555053 -0.831815 -0
    outer loop
      vertex -72.6412 98.7934 4
      vertex -72.75 98.866 0
      vertex -72.6412 98.7934 0
    endloop
  endfacet
  facet normal -0.442621 -0.896709 0
    outer loop
      vertex -72.8673 98.9239 0
      vertex -72.75 98.866 4
      vertex -72.8673 98.9239 4
    endloop
  endfacet
  facet normal -0.442621 -0.896709 -0
    outer loop
      vertex -72.75 98.866 4
      vertex -72.8673 98.9239 0
      vertex -72.75 98.866 0
    endloop
  endfacet
  facet normal -0.321039 -0.947066 0
    outer loop
      vertex -72.9912 98.9659 0
      vertex -72.8673 98.9239 4
      vertex -72.9912 98.9659 4
    endloop
  endfacet
  facet normal -0.321039 -0.947066 -0
    outer loop
      vertex -72.8673 98.9239 4
      vertex -72.9912 98.9659 0
      vertex -72.8673 98.9239 0
    endloop
  endfacet
  facet normal -0.19494 -0.980815 0
    outer loop
      vertex -73.1195 98.9914 0
      vertex -72.9912 98.9659 4
      vertex -73.1195 98.9914 4
    endloop
  endfacet
  facet normal -0.19494 -0.980815 -0
    outer loop
      vertex -72.9912 98.9659 4
      vertex -73.1195 98.9914 0
      vertex -72.9912 98.9659 0
    endloop
  endfacet
  facet normal -0.0657577 -0.997836 0
    outer loop
      vertex -73.25 99 0
      vertex -73.1195 98.9914 4
      vertex -73.25 99 4
    endloop
  endfacet
  facet normal -0.0657577 -0.997836 -0
    outer loop
      vertex -73.1195 98.9914 4
      vertex -73.25 99 0
      vertex -73.1195 98.9914 0
    endloop
  endfacet
  facet normal 0 -1 0
    outer loop
      vertex -86.75 99 0
      vertex -73.25 99 4
      vertex -86.75 99 4
    endloop
  endfacet
  facet normal 0 -1 -0
    outer loop
      vertex -73.25 99 4
      vertex -86.75 99 0
      vertex -73.25 99 0
    endloop
  endfacet
  facet normal 0.0657577 -0.997836 0
    outer loop
      vertex -86.8805 98.9914 0
      vertex -86.75 99 4
      vertex -86.8805 98.9914 4
    endloop
  endfacet
  facet normal 0.0657577 -0.997836 0
    outer loop
      vertex -86.75 99 4
      vertex -86.8805 98.9914 0
      vertex -86.75 99 0
    endloop
  endfacet
  facet normal 0.19494 -0.980815 0
    outer loop
      vertex -87.0088 98.9659 0
      vertex -86.8805 98.9914 4
      vertex -87.0088 98.9659 4
    endloop
  endfacet
  facet normal 0.19494 -0.980815 0
    outer loop
      vertex -86.8805 98.9914 4
      vertex -87.0088 98.9659 0
      vertex -86.8805 98.9914 0
    endloop
  endfacet
  facet normal 0.321039 -0.947066 0
    outer loop
      vertex -87.1327 98.9239 0
      vertex -87.0088 98.9659 4
      vertex -87.1327 98.9239 4
    endloop
  endfacet
  facet normal 0.321039 -0.947066 0
    outer loop
      vertex -87.0088 98.9659 4
      vertex -87.1327 98.9239 0
      vertex -87.0088 98.9659 0
    endloop
  endfacet
  facet normal 0.442621 -0.896709 0
    outer loop
      vertex -87.25 98.866 0
      vertex -87.1327 98.9239 4
      vertex -87.25 98.866 4
    endloop
  endfacet
  facet normal 0.442621 -0.896709 0
    outer loop
      vertex -87.1327 98.9239 4
      vertex -87.25 98.866 0
      vertex -87.1327 98.9239 0
    endloop
  endfacet
  facet normal 0.555053 -0.831815 0
    outer loop
      vertex -87.3588 98.7934 0
      vertex -87.25 98.866 4
      vertex -87.3588 98.7934 4
    endloop
  endfacet
  facet normal 0.555053 -0.831815 0
    outer loop
      vertex -87.25 98.866 4
      vertex -87.3588 98.7934 0
      vertex -87.25 98.866 0
    endloop
  endfacet
  facet normal 0.659749 -0.751486 0
    outer loop
      vertex -87.4571 98.7071 0
      vertex -87.3588 98.7934 4
      vertex -87.4571 98.7071 4
    endloop
  endfacet
  facet normal 0.659749 -0.751486 0
    outer loop
      vertex -87.3588 98.7934 4
      vertex -87.4571 98.7071 0
      vertex -87.3588 98.7934 0
    endloop
  endfacet
  facet normal 0.751486 -0.659749 0
    outer loop
      vertex -87.5434 98.6088 4
      vertex -87.4571 98.7071 0
      vertex -87.4571 98.7071 4
    endloop
  endfacet
  facet normal 0.751486 -0.659749 0
    outer loop
      vertex -87.4571 98.7071 0
      vertex -87.5434 98.6088 4
      vertex -87.5434 98.6088 0
    endloop
  endfacet
  facet normal 0.831815 -0.555053 0
    outer loop
      vertex -87.616 98.5 4
      vertex -87.5434 98.6088 0
      vertex -87.5434 98.6088 4
    endloop
  endfacet
  facet normal 0.831815 -0.555053 0
    outer loop
      vertex -87.5434 98.6088 0
      vertex -87.616 98.5 4
      vertex -87.616 98.5 0
    endloop
  endfacet
  facet normal 0.896709 -0.442621 0
    outer loop
      vertex -87.6739 98.3827 4
      vertex -87.616 98.5 0
      vertex -87.616 98.5 4
    endloop
  endfacet
  facet normal 0.896709 -0.442621 0
    outer loop
      vertex -87.616 98.5 0
      vertex -87.6739 98.3827 4
      vertex -87.6739 98.3827 0
    endloop
  endfacet
  facet normal 0.947066 -0.321039 0
    outer loop
      vertex -87.7159 98.2588 4
      vertex -87.6739 98.3827 0
      vertex -87.6739 98.3827 4
    endloop
  endfacet
  facet normal 0.947066 -0.321039 0
    outer loop
      vertex -87.6739 98.3827 0
      vertex -87.7159 98.2588 4
      vertex -87.7159 98.2588 0
    endloop
  endfacet
  facet normal 0.980815 -0.19494 0
    outer loop
      vertex -87.7414 98.1305 4
      vertex -87.7159 98.2588 0
      vertex -87.7159 98.2588 4
    endloop
  endfacet
  facet normal 0.980815 -0.19494 0
    outer loop
      vertex -87.7159 98.2588 0
      vertex -87.7414 98.1305 4
      vertex -87.7414 98.1305 0
    endloop
  endfacet
  facet normal 0.997836 -0.0657577 0
    outer loop
      vertex -87.75 98 4
      vertex -87.7414 98.1305 0
      vertex -87.7414 98.1305 4
    endloop
  endfacet
  facet normal 0.997836 -0.0657577 0
    outer loop
      vertex -87.7414 98.1305 0
      vertex -87.75 98 4
      vertex -87.75 98 0
    endloop
  endfacet
  facet normal 1 -0 0
    outer loop
      vertex -87.75 92 4
      vertex -87.75 98 0
      vertex -87.75 98 4
    endloop
  endfacet
  facet normal 1 0 0
    outer loop
      vertex -87.75 98 0
      vertex -87.75 92 4
      vertex -87.75 92 0
    endloop
  endfacet
  facet normal 0.997836 0.0657577 0
    outer loop
      vertex -87.7414 91.8695 4
      vertex -87.75 92 0
      vertex -87.75 92 4
    endloop
  endfacet
  facet normal 0.997836 0.0657577 0
    outer loop
      vertex -87.75 92 0
      vertex -87.7414 91.8695 4
      vertex -87.7414 91.8695 0
    endloop
  endfacet
  facet normal 0.980815 0.19494 0
    outer loop
      vertex -87.7159 91.7412 4
      vertex -87.7414 91.8695 0
      vertex -87.7414 91.8695 4
    endloop
  endfacet
  facet normal 0.980815 0.19494 0
    outer loop
      vertex -87.7414 91.8695 0
      vertex -87.7159 91.7412 4
      vertex -87.7159 91.7412 0
    endloop
  endfacet
  facet normal 0.947066 0.321039 0
    outer loop
      vertex -87.6739 91.6173 4
      vertex -87.7159 91.7412 0
      vertex -87.7159 91.7412 4
    endloop
  endfacet
  facet normal 0.947066 0.321039 0
    outer loop
      vertex -87.7159 91.7412 0
      vertex -87.6739 91.6173 4
      vertex -87.6739 91.6173 0
    endloop
  endfacet
  facet normal 0.896709 0.442621 0
    outer loop
      vertex -87.616 91.5 4
      vertex -87.6739 91.6173 0
      vertex -87.6739 91.6173 4
    endloop
  endfacet
  facet normal 0.896709 0.442621 0
    outer loop
      vertex -87.6739 91.6173 0
      vertex -87.616 91.5 4
      vertex -87.616 91.5 0
    endloop
  endfacet
  facet normal 0.831815 0.555053 0
    outer loop
      vertex -87.5434 91.3912 4
      vertex -87.616 91.5 0
      vertex -87.616 91.5 4
    endloop
  endfacet
  facet normal 0.831815 0.555053 0
    outer loop
      vertex -87.616 91.5 0
      vertex -87.5434 91.3912 4
      vertex -87.5434 91.3912 0
    endloop
  endfacet
  facet normal 0.751486 0.659749 0
    outer loop
      vertex -87.4571 91.2929 4
      vertex -87.5434 91.3912 0
      vertex -87.5434 91.3912 4
    endloop
  endfacet
  facet normal 0.751486 0.659749 0
    outer loop
      vertex -87.5434 91.3912 0
      vertex -87.4571 91.2929 4
      vertex -87.4571 91.2929 0
    endloop
  endfacet
  facet normal 0.659749 0.751486 -0
    outer loop
      vertex -87.3588 91.2066 0
      vertex -87.4571 91.2929 4
      vertex -87.3588 91.2066 4
    endloop
  endfacet
  facet normal 0.659749 0.751486 0
    outer loop
      vertex -87.4571 91.2929 4
      vertex -87.3588 91.2066 0
      vertex -87.4571 91.2929 0
    endloop
  endfacet
  facet normal 0.555053 0.831815 -0
    outer loop
      vertex -87.25 91.134 0
      vertex -87.3588 91.2066 4
      vertex -87.25 91.134 4
    endloop
  endfacet
  facet normal 0.555053 0.831815 0
    outer loop
      vertex -87.3588 91.2066 4
      vertex -87.25 91.134 0
      vertex -87.3588 91.2066 0
    endloop
  endfacet
  facet normal 0.442621 0.896709 -0
    outer loop
      vertex -87.1327 91.0761 0
      vertex -87.25 91.134 4
      vertex -87.1327 91.0761 4
    endloop
  endfacet
  facet normal 0.442621 0.896709 0
    outer loop
      vertex -87.25 91.134 4
      vertex -87.1327 91.0761 0
      vertex -87.25 91.134 0
    endloop
  endfacet
  facet normal 0.321039 0.947066 -0
    outer loop
      vertex -87.0088 91.0341 0
      vertex -87.1327 91.0761 4
      vertex -87.0088 91.0341 4
    endloop
  endfacet
  facet normal 0.321039 0.947066 0
    outer loop
      vertex -87.1327 91.0761 4
      vertex -87.0088 91.0341 0
      vertex -87.1327 91.0761 0
    endloop
  endfacet
  facet normal 0.19494 0.980815 -0
    outer loop
      vertex -86.8805 91.0086 0
      vertex -87.0088 91.0341 4
      vertex -86.8805 91.0086 4
    endloop
  endfacet
  facet normal 0.19494 0.980815 0
    outer loop
      vertex -87.0088 91.0341 4
      vertex -86.8805 91.0086 0
      vertex -87.0088 91.0341 0
    endloop
  endfacet
  facet normal 0.0657577 0.997836 -0
    outer loop
      vertex -86.75 91 0
      vertex -86.8805 91.0086 4
      vertex -86.75 91 4
    endloop
  endfacet
  facet normal 0.0657577 0.997836 0
    outer loop
      vertex -86.8805 91.0086 4
      vertex -86.75 91 0
      vertex -86.8805 91.0086 0
    endloop
  endfacet
  facet normal 0 1 -0
    outer loop
      vertex -73.25 91 0
      vertex -86.75 91 4
      vertex -73.25 91 4
    endloop
  endfacet
  facet normal 0 1 0
    outer loop
      vertex -86.75 91 4
      vertex -73.25 91 0
      vertex -86.75 91 0
    endloop
  endfacet
  facet normal -0.0657577 0.997836 0
    outer loop
      vertex -73.1195 91.0086 0
      vertex -73.25 91 4
      vertex -73.1195 91.0086 4
    endloop
  endfacet
  facet normal -0.0657577 0.997836 0
    outer loop
      vertex -73.25 91 4
      vertex -73.1195 91.0086 0
      vertex -73.25 91 0
    endloop
  endfacet
  facet normal -0.194922 0.980819 0
    outer loop
      vertex -94.5859 93.4545 0
      vertex -94.7912 93.4137 4
      vertex -94.5859 93.4545 4
    endloop
  endfacet
  facet normal -0.194922 0.980819 0
    outer loop
      vertex -94.7912 93.4137 4
      vertex -94.5859 93.4545 0
      vertex -94.7912 93.4137 0
    endloop
  endfacet
  facet normal -0.321526 0.946901 0
    outer loop
      vertex -94.3877 93.5218 0
      vertex -94.5859 93.4545 4
      vertex -94.3877 93.5218 4
    endloop
  endfacet
  facet normal -0.321526 0.946901 0
    outer loop
      vertex -94.5859 93.4545 4
      vertex -94.3877 93.5218 0
      vertex -94.5859 93.4545 0
    endloop
  endfacet
  facet normal -0.442429 0.896803 0
    outer loop
      vertex -94.2 93.6144 0
      vertex -94.3877 93.5218 4
      vertex -94.2 93.6144 4
    endloop
  endfacet
  facet normal -0.442429 0.896803 0
    outer loop
      vertex -94.3877 93.5218 4
      vertex -94.2 93.6144 0
      vertex -94.3877 93.5218 0
    endloop
  endfacet
  facet normal -0.555362 0.831609 0
    outer loop
      vertex -94.026 93.7306 0
      vertex -94.2 93.6144 4
      vertex -94.026 93.7306 4
    endloop
  endfacet
  facet normal -0.555362 0.831609 0
    outer loop
      vertex -94.2 93.6144 4
      vertex -94.026 93.7306 0
      vertex -94.2 93.6144 0
    endloop
  endfacet
  facet normal -0.659248 0.751925 0
    outer loop
      vertex -93.8686 93.8686 0
      vertex -94.026 93.7306 4
      vertex -93.8686 93.8686 4
    endloop
  endfacet
  facet normal -0.659248 0.751925 0
    outer loop
      vertex -94.026 93.7306 4
      vertex -93.8686 93.8686 0
      vertex -94.026 93.7306 0
    endloop
  endfacet
  facet normal -0.751925 0.659248 0
    outer loop
      vertex -93.8686 93.8686 0
      vertex -93.7306 94.026 4
      vertex -93.7306 94.026 0
    endloop
  endfacet
  facet normal -0.751925 0.659248 0
    outer loop
      vertex -93.7306 94.026 4
      vertex -93.8686 93.8686 0
      vertex -93.8686 93.8686 4
    endloop
  endfacet
  facet normal -0.831388 0.555692 0
    outer loop
      vertex -93.7306 94.026 0
      vertex -93.6143 94.2 4
      vertex -93.6143 94.2 0
    endloop
  endfacet
  facet normal -0.831388 0.555692 0
    outer loop
      vertex -93.6143 94.2 4
      vertex -93.7306 94.026 0
      vertex -93.7306 94.026 4
    endloop
  endfacet
  facet normal -0.896993 0.442045 0
    outer loop
      vertex -93.6143 94.2 0
      vertex -93.5218 94.3877 4
      vertex -93.5218 94.3877 0
    endloop
  endfacet
  facet normal -0.896993 0.442045 0
    outer loop
      vertex -93.5218 94.3877 4
      vertex -93.6143 94.2 0
      vertex -93.6143 94.2 4
    endloop
  endfacet
  facet normal -0.946901 0.321526 0
    outer loop
      vertex -93.5218 94.3877 0
      vertex -93.4545 94.5859 4
      vertex -93.4545 94.5859 0
    endloop
  endfacet
  facet normal -0.946901 0.321526 0
    outer loop
      vertex -93.4545 94.5859 4
      vertex -93.5218 94.3877 0
      vertex -93.5218 94.3877 4
    endloop
  endfacet
  facet normal -0.980819 0.194922 0
    outer loop
      vertex -93.4545 94.5859 0
      vertex -93.4137 94.7912 4
      vertex -93.4137 94.7912 0
    endloop
  endfacet
  facet normal -0.980819 0.194922 0
    outer loop
      vertex -93.4137 94.7912 4
      vertex -93.4545 94.5859 0
      vertex -93.4545 94.5859 4
    endloop
  endfacet
  facet normal -0.997854 0.0654722 0
    outer loop
      vertex -93.4137 94.7912 0
      vertex -93.4 95 4
      vertex -93.4 95 0
    endloop
  endfacet
  facet normal -0.997854 0.0654722 0
    outer loop
      vertex -93.4 95 4
      vertex -93.4137 94.7912 0
      vertex -93.4137 94.7912 4
    endloop
  endfacet
  facet normal -0.997854 -0.0654722 0
    outer loop
      vertex -93.4 95 0
      vertex -93.4137 95.2088 4
      vertex -93.4137 95.2088 0
    endloop
  endfacet
  facet normal -0.997854 -0.0654722 0
    outer loop
      vertex -93.4137 95.2088 4
      vertex -93.4 95 0
      vertex -93.4 95 4
    endloop
  endfacet
  facet normal -0.980819 -0.194922 0
    outer loop
      vertex -93.4137 95.2088 0
      vertex -93.4545 95.4141 4
      vertex -93.4545 95.4141 0
    endloop
  endfacet
  facet normal -0.980819 -0.194922 0
    outer loop
      vertex -93.4545 95.4141 4
      vertex -93.4137 95.2088 0
      vertex -93.4137 95.2088 4
    endloop
  endfacet
  facet normal -0.946901 -0.321526 0
    outer loop
      vertex -93.4545 95.4141 0
      vertex -93.5218 95.6123 4
      vertex -93.5218 95.6123 0
    endloop
  endfacet
  facet normal -0.946901 -0.321526 0
    outer loop
      vertex -93.5218 95.6123 4
      vertex -93.4545 95.4141 0
      vertex -93.4545 95.4141 4
    endloop
  endfacet
  facet normal -0.896993 -0.442045 0
    outer loop
      vertex -93.5218 95.6123 0
      vertex -93.6143 95.8 4
      vertex -93.6143 95.8 0
    endloop
  endfacet
  facet normal -0.896993 -0.442045 0
    outer loop
      vertex -93.6143 95.8 4
      vertex -93.5218 95.6123 0
      vertex -93.5218 95.6123 4
    endloop
  endfacet
  facet normal -0.831388 -0.555692 0
    outer loop
      vertex -93.6143 95.8 0
      vertex -93.7306 95.974 4
      vertex -93.7306 95.974 0
    endloop
  endfacet
  facet normal -0.831388 -0.555692 0
    outer loop
      vertex -93.7306 95.974 4
      vertex -93.6143 95.8 0
      vertex -93.6143 95.8 4
    endloop
  endfacet
  facet normal -0.751925 -0.659248 0
    outer loop
      vertex -93.7306 95.974 0
      vertex -93.8686 96.1314 4
      vertex -93.8686 96.1314 0
    endloop
  endfacet
  facet normal -0.751925 -0.659248 0
    outer loop
      vertex -93.8686 96.1314 4
      vertex -93.7306 95.974 0
      vertex -93.7306 95.974 4
    endloop
  endfacet
  facet normal -0.659248 -0.751925 0
    outer loop
      vertex -94.026 96.2694 0
      vertex -93.8686 96.1314 4
      vertex -94.026 96.2694 4
    endloop
  endfacet
  facet normal -0.659248 -0.751925 -0
    outer loop
      vertex -93.8686 96.1314 4
      vertex -94.026 96.2694 0
      vertex -93.8686 96.1314 0
    endloop
  endfacet
  facet normal -0.555362 -0.831609 0
    outer loop
      vertex -94.2 96.3856 0
      vertex -94.026 96.2694 4
      vertex -94.2 96.3856 4
    endloop
  endfacet
  facet normal -0.555362 -0.831609 -0
    outer loop
      vertex -94.026 96.2694 4
      vertex -94.2 96.3856 0
      vertex -94.026 96.2694 0
    endloop
  endfacet
  facet normal -0.442429 -0.896803 0
    outer loop
      vertex -94.3877 96.4782 0
      vertex -94.2 96.3856 4
      vertex -94.3877 96.4782 4
    endloop
  endfacet
  facet normal -0.442429 -0.896803 -0
    outer loop
      vertex -94.2 96.3856 4
      vertex -94.3877 96.4782 0
      vertex -94.2 96.3856 0
    endloop
  endfacet
  facet normal -0.321526 -0.946901 0
    outer loop
      vertex -94.5859 96.5455 0
      vertex -94.3877 96.4782 4
      vertex -94.5859 96.5455 4
    endloop
  endfacet
  facet normal -0.321526 -0.946901 -0
    outer loop
      vertex -94.3877 96.4782 4
      vertex -94.5859 96.5455 0
      vertex -94.3877 96.4782 0
    endloop
  endfacet
  facet normal -0.194922 -0.980819 0
    outer loop
      vertex -94.7912 96.5863 0
      vertex -94.5859 96.5455 4
      vertex -94.7912 96.5863 4
    endloop
  endfacet
  facet normal -0.194922 -0.980819 -0
    outer loop
      vertex -94.5859 96.5455 4
      vertex -94.7912 96.5863 0
      vertex -94.5859 96.5455 0
    endloop
  endfacet
  facet normal -0.0654722 -0.997854 0
    outer loop
      vertex -95 96.6 0
      vertex -94.7912 96.5863 4
      vertex -95 96.6 4
    endloop
  endfacet
  facet normal -0.0654722 -0.997854 -0
    outer loop
      vertex -94.7912 96.5863 4
      vertex -95 96.6 0
      vertex -94.7912 96.5863 0
    endloop
  endfacet
  facet normal 0.0654722 -0.997854 0
    outer loop
      vertex -95.2088 96.5863 0
      vertex -95 96.6 4
      vertex -95.2088 96.5863 4
    endloop
  endfacet
  facet normal 0.0654722 -0.997854 0
    outer loop
      vertex -95 96.6 4
      vertex -95.2088 96.5863 0
      vertex -95 96.6 0
    endloop
  endfacet
  facet normal 0.194922 -0.980819 0
    outer loop
      vertex -95.4141 96.5455 0
      vertex -95.2088 96.5863 4
      vertex -95.4141 96.5455 4
    endloop
  endfacet
  facet normal 0.194922 -0.980819 0
    outer loop
      vertex -95.2088 96.5863 4
      vertex -95.4141 96.5455 0
      vertex -95.2088 96.5863 0
    endloop
  endfacet
  facet normal 0.321526 -0.946901 0
    outer loop
      vertex -95.6123 96.4782 0
      vertex -95.4141 96.5455 4
      vertex -95.6123 96.4782 4
    endloop
  endfacet
  facet normal 0.321526 -0.946901 0
    outer loop
      vertex -95.4141 96.5455 4
      vertex -95.6123 96.4782 0
      vertex -95.4141 96.5455 0
    endloop
  endfacet
  facet normal 0.442429 -0.896803 0
    outer loop
      vertex -95.8 96.3856 0
      vertex -95.6123 96.4782 4
      vertex -95.8 96.3856 4
    endloop
  endfacet
  facet normal 0.442429 -0.896803 0
    outer loop
      vertex -95.6123 96.4782 4
      vertex -95.8 96.3856 0
      vertex -95.6123 96.4782 0
    endloop
  endfacet
  facet normal 0.555362 -0.831609 0
    outer loop
      vertex -95.974 96.2694 0
      vertex -95.8 96.3856 4
      vertex -95.974 96.2694 4
    endloop
  endfacet
  facet normal 0.555362 -0.831609 0
    outer loop
      vertex -95.8 96.3856 4
      vertex -95.974 96.2694 0
      vertex -95.8 96.3856 0
    endloop
  endfacet
  facet normal 0.659248 -0.751925 0
    outer loop
      vertex -96.1314 96.1314 0
      vertex -95.974 96.2694 4
      vertex -96.1314 96.1314 4
    endloop
  endfacet
  facet normal 0.659248 -0.751925 0
    outer loop
      vertex -95.974 96.2694 4
      vertex -96.1314 96.1314 0
      vertex -95.974 96.2694 0
    endloop
  endfacet
  facet normal 0.751925 -0.659248 0
    outer loop
      vertex -96.2694 95.974 4
      vertex -96.1314 96.1314 0
      vertex -96.1314 96.1314 4
    endloop
  endfacet
  facet normal 0.751925 -0.659248 0
    outer loop
      vertex -96.1314 96.1314 0
      vertex -96.2694 95.974 4
      vertex -96.2694 95.974 0
    endloop
  endfacet
  facet normal 0.831609 -0.555362 0
    outer loop
      vertex -96.3856 95.8 4
      vertex -96.2694 95.974 0
      vertex -96.2694 95.974 4
    endloop
  endfacet
  facet normal 0.831609 -0.555362 0
    outer loop
      vertex -96.2694 95.974 0
      vertex -96.3856 95.8 4
      vertex -96.3856 95.8 0
    endloop
  endfacet
  facet normal 0.896803 -0.442429 0
    outer loop
      vertex -96.4782 95.6123 4
      vertex -96.3856 95.8 0
      vertex -96.3856 95.8 4
    endloop
  endfacet
  facet normal 0.896803 -0.442429 0
    outer loop
      vertex -96.3856 95.8 0
      vertex -96.4782 95.6123 4
      vertex -96.4782 95.6123 0
    endloop
  endfacet
  facet normal 0.946901 -0.321526 0
    outer loop
      vertex -96.5455 95.4141 4
      vertex -96.4782 95.6123 0
      vertex -96.4782 95.6123 4
    endloop
  endfacet
  facet normal 0.946901 -0.321526 0
    outer loop
      vertex -96.4782 95.6123 0
      vertex -96.5455 95.4141 4
      vertex -96.5455 95.4141 0
    endloop
  endfacet
  facet normal 0.980819 -0.194922 0
    outer loop
      vertex -96.5863 95.2088 4
      vertex -96.5455 95.4141 0
      vertex -96.5455 95.4141 4
    endloop
  endfacet
  facet normal 0.980819 -0.194922 0
    outer loop
      vertex -96.5455 95.4141 0
      vertex -96.5863 95.2088 4
      vertex -96.5863 95.2088 0
    endloop
  endfacet
  facet normal 0.997854 -0.0654722 0
    outer loop
      vertex -96.6 95 4
      vertex -96.5863 95.2088 0
      vertex -96.5863 95.2088 4
    endloop
  endfacet
  facet normal 0.997854 -0.0654722 0
    outer loop
      vertex -96.5863 95.2088 0
      vertex -96.6 95 4
      vertex -96.6 95 0
    endloop
  endfacet
  facet normal 0.997854 0.0654722 0
    outer loop
      vertex -96.5863 94.7912 4
      vertex -96.6 95 0
      vertex -96.6 95 4
    endloop
  endfacet
  facet normal 0.997854 0.0654722 0
    outer loop
      vertex -96.6 95 0
      vertex -96.5863 94.7912 4
      vertex -96.5863 94.7912 0
    endloop
  endfacet
  facet normal 0.980819 0.194922 0
    outer loop
      vertex -96.5455 94.5859 4
      vertex -96.5863 94.7912 0
      vertex -96.5863 94.7912 4
    endloop
  endfacet
  facet normal 0.980819 0.194922 0
    outer loop
      vertex -96.5863 94.7912 0
      vertex -96.5455 94.5859 4
      vertex -96.5455 94.5859 0
    endloop
  endfacet
  facet normal 0.946901 0.321526 0
    outer loop
      vertex -96.4782 94.3877 4
      vertex -96.5455 94.5859 0
      vertex -96.5455 94.5859 4
    endloop
  endfacet
  facet normal 0.946901 0.321526 0
    outer loop
      vertex -96.5455 94.5859 0
      vertex -96.4782 94.3877 4
      vertex -96.4782 94.3877 0
    endloop
  endfacet
  facet normal 0.896803 0.442429 0
    outer loop
      vertex -96.3856 94.2 4
      vertex -96.4782 94.3877 0
      vertex -96.4782 94.3877 4
    endloop
  endfacet
  facet normal 0.896803 0.442429 0
    outer loop
      vertex -96.4782 94.3877 0
      vertex -96.3856 94.2 4
      vertex -96.3856 94.2 0
    endloop
  endfacet
  facet normal 0.831609 0.555362 0
    outer loop
      vertex -96.2694 94.026 4
      vertex -96.3856 94.2 0
      vertex -96.3856 94.2 4
    endloop
  endfacet
  facet normal 0.831609 0.555362 0
    outer loop
      vertex -96.3856 94.2 0
      vertex -96.2694 94.026 4
      vertex -96.2694 94.026 0
    endloop
  endfacet
  facet normal 0.751925 0.659248 0
    outer loop
      vertex -96.1314 93.8686 4
      vertex -96.2694 94.026 0
      vertex -96.2694 94.026 4
    endloop
  endfacet
  facet normal 0.751925 0.659248 0
    outer loop
      vertex -96.2694 94.026 0
      vertex -96.1314 93.8686 4
      vertex -96.1314 93.8686 0
    endloop
  endfacet
  facet normal 0.659248 0.751925 -0
    outer loop
      vertex -95.974 93.7306 0
      vertex -96.1314 93.8686 4
      vertex -95.974 93.7306 4
    endloop
  endfacet
  facet normal 0.659248 0.751925 0
    outer loop
      vertex -96.1314 93.8686 4
      vertex -95.974 93.7306 0
      vertex -96.1314 93.8686 0
    endloop
  endfacet
  facet normal 0.555362 0.831609 -0
    outer loop
      vertex -95.8 93.6144 0
      vertex -95.974 93.7306 4
      vertex -95.8 93.6144 4
    endloop
  endfacet
  facet normal 0.555362 0.831609 0
    outer loop
      vertex -95.974 93.7306 4
      vertex -95.8 93.6144 0
      vertex -95.974 93.7306 0
    endloop
  endfacet
  facet normal 0.442429 0.896803 -0
    outer loop
      vertex -95.6123 93.5218 0
      vertex -95.8 93.6144 4
      vertex -95.6123 93.5218 4
    endloop
  endfacet
  facet normal 0.442429 0.896803 0
    outer loop
      vertex -95.8 93.6144 4
      vertex -95.6123 93.5218 0
      vertex -95.8 93.6144 0
    endloop
  endfacet
  facet normal 0.321526 0.946901 -0
    outer loop
      vertex -95.4141 93.4545 0
      vertex -95.6123 93.5218 4
      vertex -95.4141 93.4545 4
    endloop
  endfacet
  facet normal 0.321526 0.946901 0
    outer loop
      vertex -95.6123 93.5218 4
      vertex -95.4141 93.4545 0
      vertex -95.6123 93.5218 0
    endloop
  endfacet
  facet normal 0.194922 0.980819 -0
    outer loop
      vertex -95.2088 93.4137 0
      vertex -95.4141 93.4545 4
      vertex -95.2088 93.4137 4
    endloop
  endfacet
  facet normal 0.194922 0.980819 0
    outer loop
      vertex -95.4141 93.4545 4
      vertex -95.2088 93.4137 0
      vertex -95.4141 93.4545 0
    endloop
  endfacet
  facet normal 0.0654722 0.997854 -0
    outer loop
      vertex -95 93.4 0
      vertex -95.2088 93.4137 4
      vertex -95 93.4 4
    endloop
  endfacet
  facet normal 0.0654722 0.997854 0
    outer loop
      vertex -95.2088 93.4137 4
      vertex -95 93.4 0
      vertex -95.2088 93.4137 0
    endloop
  endfacet
  facet normal -0.0654722 0.997854 0
    outer loop
      vertex -94.7912 93.4137 0
      vertex -95 93.4 4
      vertex -94.7912 93.4137 4
    endloop
  endfacet
  facet normal -0.0654722 0.997854 0
    outer loop
      vertex -95 93.4 4
      vertex -94.7912 93.4137 0
      vertex -95 93.4 0
    endloop
  endfacet
  facet normal -0.194922 0.980819 0
    outer loop
      vertex -64.5859 93.4545 0
      vertex -64.7912 93.4137 4
      vertex -64.5859 93.4545 4
    endloop
  endfacet
  facet normal -0.194922 0.980819 0
    outer loop
      vertex -64.7912 93.4137 4
      vertex -64.5859 93.4545 0
      vertex -64.7912 93.4137 0
    endloop
  endfacet
  facet normal -0.321526 0.946901 0
    outer loop
      vertex -64.3877 93.5218 0
      vertex -64.5859 93.4545 4
      vertex -64.3877 93.5218 4
    endloop
  endfacet
  facet normal -0.321526 0.946901 0
    outer loop
      vertex -64.5859 93.4545 4
      vertex -64.3877 93.5218 0
      vertex -64.5859 93.4545 0
    endloop
  endfacet
  facet normal -0.442429 0.896803 0
    outer loop
      vertex -64.2 93.6144 0
      vertex -64.3877 93.5218 4
      vertex -64.2 93.6144 4
    endloop
  endfacet
  facet normal -0.442429 0.896803 0
    outer loop
      vertex -64.3877 93.5218 4
      vertex -64.2 93.6144 0
      vertex -64.3877 93.5218 0
    endloop
  endfacet
  facet normal -0.555362 0.831609 0
    outer loop
      vertex -64.026 93.7306 0
      vertex -64.2 93.6144 4
      vertex -64.026 93.7306 4
    endloop
  endfacet
  facet normal -0.555362 0.831609 0
    outer loop
      vertex -64.2 93.6144 4
      vertex -64.026 93.7306 0
      vertex -64.2 93.6144 0
    endloop
  endfacet
  facet normal -0.659248 0.751925 0
    outer loop
      vertex -63.8686 93.8686 0
      vertex -64.026 93.7306 4
      vertex -63.8686 93.8686 4
    endloop
  endfacet
  facet normal -0.659248 0.751925 0
    outer loop
      vertex -64.026 93.7306 4
      vertex -63.8686 93.8686 0
      vertex -64.026 93.7306 0
    endloop
  endfacet
  facet normal -0.751925 0.659248 0
    outer loop
      vertex -63.8686 93.8686 0
      vertex -63.7306 94.026 4
      vertex -63.7306 94.026 0
    endloop
  endfacet
  facet normal -0.751925 0.659248 0
    outer loop
      vertex -63.7306 94.026 4
      vertex -63.8686 93.8686 0
      vertex -63.8686 93.8686 4
    endloop
  endfacet
  facet normal -0.831609 0.555362 0
    outer loop
      vertex -63.7306 94.026 0
      vertex -63.6144 94.2 4
      vertex -63.6144 94.2 0
    endloop
  endfacet
  facet normal -0.831609 0.555362 0
    outer loop
      vertex -63.6144 94.2 4
      vertex -63.7306 94.026 0
      vertex -63.7306 94.026 4
    endloop
  endfacet
  facet normal -0.896803 0.442429 0
    outer loop
      vertex -63.6144 94.2 0
      vertex -63.5218 94.3877 4
      vertex -63.5218 94.3877 0
    endloop
  endfacet
  facet normal -0.896803 0.442429 0
    outer loop
      vertex -63.5218 94.3877 4
      vertex -63.6144 94.2 0
      vertex -63.6144 94.2 4
    endloop
  endfacet
  facet normal -0.946901 0.321526 0
    outer loop
      vertex -63.5218 94.3877 0
      vertex -63.4545 94.5859 4
      vertex -63.4545 94.5859 0
    endloop
  endfacet
  facet normal -0.946901 0.321526 0
    outer loop
      vertex -63.4545 94.5859 4
      vertex -63.5218 94.3877 0
      vertex -63.5218 94.3877 4
    endloop
  endfacet
  facet normal -0.980819 0.194922 0
    outer loop
      vertex -63.4545 94.5859 0
      vertex -63.4137 94.7912 4
      vertex -63.4137 94.7912 0
    endloop
  endfacet
  facet normal -0.980819 0.194922 0
    outer loop
      vertex -63.4137 94.7912 4
      vertex -63.4545 94.5859 0
      vertex -63.4545 94.5859 4
    endloop
  endfacet
  facet normal -0.997854 0.0654722 0
    outer loop
      vertex -63.4137 94.7912 0
      vertex -63.4 95 4
      vertex -63.4 95 0
    endloop
  endfacet
  facet normal -0.997854 0.0654722 0
    outer loop
      vertex -63.4 95 4
      vertex -63.4137 94.7912 0
      vertex -63.4137 94.7912 4
    endloop
  endfacet
  facet normal -0.997854 -0.0654722 0
    outer loop
      vertex -63.4 95 0
      vertex -63.4137 95.2088 4
      vertex -63.4137 95.2088 0
    endloop
  endfacet
  facet normal -0.997854 -0.0654722 0
    outer loop
      vertex -63.4137 95.2088 4
      vertex -63.4 95 0
      vertex -63.4 95 4
    endloop
  endfacet
  facet normal -0.980819 -0.194922 0
    outer loop
      vertex -63.4137 95.2088 0
      vertex -63.4545 95.4141 4
      vertex -63.4545 95.4141 0
    endloop
  endfacet
  facet normal -0.980819 -0.194922 0
    outer loop
      vertex -63.4545 95.4141 4
      vertex -63.4137 95.2088 0
      vertex -63.4137 95.2088 4
    endloop
  endfacet
  facet normal -0.946901 -0.321526 0
    outer loop
      vertex -63.4545 95.4141 0
      vertex -63.5218 95.6123 4
      vertex -63.5218 95.6123 0
    endloop
  endfacet
  facet normal -0.946901 -0.321526 0
    outer loop
      vertex -63.5218 95.6123 4
      vertex -63.4545 95.4141 0
      vertex -63.4545 95.4141 4
    endloop
  endfacet
  facet normal -0.896803 -0.442429 0
    outer loop
      vertex -63.5218 95.6123 0
      vertex -63.6144 95.8 4
      vertex -63.6144 95.8 0
    endloop
  endfacet
  facet normal -0.896803 -0.442429 0
    outer loop
      vertex -63.6144 95.8 4
      vertex -63.5218 95.6123 0
      vertex -63.5218 95.6123 4
    endloop
  endfacet
  facet normal -0.831609 -0.555362 0
    outer loop
      vertex -63.6144 95.8 0
      vertex -63.7306 95.974 4
      vertex -63.7306 95.974 0
    endloop
  endfacet
  facet normal -0.831609 -0.555362 0
    outer loop
      vertex -63.7306 95.974 4
      vertex -63.6144 95.8 0
      vertex -63.6144 95.8 4
    endloop
  endfacet
  facet normal -0.751925 -0.659248 0
    outer loop
      vertex -63.7306 95.974 0
      vertex -63.8686 96.1314 4
      vertex -63.8686 96.1314 0
    endloop
  endfacet
  facet normal -0.751925 -0.659248 0
    outer loop
      vertex -63.8686 96.1314 4
      vertex -63.7306 95.974 0
      vertex -63.7306 95.974 4
    endloop
  endfacet
  facet normal -0.659248 -0.751925 0
    outer loop
      vertex -64.026 96.2694 0
      vertex -63.8686 96.1314 4
      vertex -64.026 96.2694 4
    endloop
  endfacet
  facet normal -0.659248 -0.751925 -0
    outer loop
      vertex -63.8686 96.1314 4
      vertex -64.026 96.2694 0
      vertex -63.8686 96.1314 0
    endloop
  endfacet
  facet normal -0.555362 -0.831609 0
    outer loop
      vertex -64.2 96.3856 0
      vertex -64.026 96.2694 4
      vertex -64.2 96.3856 4
    endloop
  endfacet
  facet normal -0.555362 -0.831609 -0
    outer loop
      vertex -64.026 96.2694 4
      vertex -64.2 96.3856 0
      vertex -64.026 96.2694 0
    endloop
  endfacet
  facet normal -0.442429 -0.896803 0
    outer loop
      vertex -64.3877 96.4782 0
      vertex -64.2 96.3856 4
      vertex -64.3877 96.4782 4
    endloop
  endfacet
  facet normal -0.442429 -0.896803 -0
    outer loop
      vertex -64.2 96.3856 4
      vertex -64.3877 96.4782 0
      vertex -64.2 96.3856 0
    endloop
  endfacet
  facet normal -0.321526 -0.946901 0
    outer loop
      vertex -64.5859 96.5455 0
      vertex -64.3877 96.4782 4
      vertex -64.5859 96.5455 4
    endloop
  endfacet
  facet normal -0.321526 -0.946901 -0
    outer loop
      vertex -64.3877 96.4782 4
      vertex -64.5859 96.5455 0
      vertex -64.3877 96.4782 0
    endloop
  endfacet
  facet normal -0.194922 -0.980819 0
    outer loop
      vertex -64.7912 96.5863 0
      vertex -64.5859 96.5455 4
      vertex -64.7912 96.5863 4
    endloop
  endfacet
  facet normal -0.194922 -0.980819 -0
    outer loop
      vertex -64.5859 96.5455 4
      vertex -64.7912 96.5863 0
      vertex -64.5859 96.5455 0
    endloop
  endfacet
  facet normal -0.0654722 -0.997854 0
    outer loop
      vertex -65 96.6 0
      vertex -64.7912 96.5863 4
      vertex -65 96.6 4
    endloop
  endfacet
  facet normal -0.0654722 -0.997854 -0
    outer loop
      vertex -64.7912 96.5863 4
      vertex -65 96.6 0
      vertex -64.7912 96.5863 0
    endloop
  endfacet
  facet normal 0.0654722 -0.997854 0
    outer loop
      vertex -65.2088 96.5863 0
      vertex -65 96.6 4
      vertex -65.2088 96.5863 4
    endloop
  endfacet
  facet normal 0.0654722 -0.997854 0
    outer loop
      vertex -65 96.6 4
      vertex -65.2088 96.5863 0
      vertex -65 96.6 0
    endloop
  endfacet
  facet normal 0.194922 -0.980819 0
    outer loop
      vertex -65.4141 96.5455 0
      vertex -65.2088 96.5863 4
      vertex -65.4141 96.5455 4
    endloop
  endfacet
  facet normal 0.194922 -0.980819 0
    outer loop
      vertex -65.2088 96.5863 4
      vertex -65.4141 96.5455 0
      vertex -65.2088 96.5863 0
    endloop
  endfacet
  facet normal 0.321526 -0.946901 0
    outer loop
      vertex -65.6123 96.4782 0
      vertex -65.4141 96.5455 4
      vertex -65.6123 96.4782 4
    endloop
  endfacet
  facet normal 0.321526 -0.946901 0
    outer loop
      vertex -65.4141 96.5455 4
      vertex -65.6123 96.4782 0
      vertex -65.4141 96.5455 0
    endloop
  endfacet
  facet normal 0.442429 -0.896803 0
    outer loop
      vertex -65.8 96.3856 0
      vertex -65.6123 96.4782 4
      vertex -65.8 96.3856 4
    endloop
  endfacet
  facet normal 0.442429 -0.896803 0
    outer loop
      vertex -65.6123 96.4782 4
      vertex -65.8 96.3856 0
      vertex -65.6123 96.4782 0
    endloop
  endfacet
  facet normal 0.555362 -0.831609 0
    outer loop
      vertex -65.974 96.2694 0
      vertex -65.8 96.3856 4
      vertex -65.974 96.2694 4
    endloop
  endfacet
  facet normal 0.555362 -0.831609 0
    outer loop
      vertex -65.8 96.3856 4
      vertex -65.974 96.2694 0
      vertex -65.8 96.3856 0
    endloop
  endfacet
  facet normal 0.659248 -0.751925 0
    outer loop
      vertex -66.1314 96.1314 0
      vertex -65.974 96.2694 4
      vertex -66.1314 96.1314 4
    endloop
  endfacet
  facet normal 0.659248 -0.751925 0
    outer loop
      vertex -65.974 96.2694 4
      vertex -66.1314 96.1314 0
      vertex -65.974 96.2694 0
    endloop
  endfacet
  facet normal 0.751925 -0.659248 0
    outer loop
      vertex -66.2694 95.974 4
      vertex -66.1314 96.1314 0
      vertex -66.1314 96.1314 4
    endloop
  endfacet
  facet normal 0.751925 -0.659248 0
    outer loop
      vertex -66.1314 96.1314 0
      vertex -66.2694 95.974 4
      vertex -66.2694 95.974 0
    endloop
  endfacet
  facet normal 0.831388 -0.555692 0
    outer loop
      vertex -66.3857 95.8 4
      vertex -66.2694 95.974 0
      vertex -66.2694 95.974 4
    endloop
  endfacet
  facet normal 0.831388 -0.555692 0
    outer loop
      vertex -66.2694 95.974 0
      vertex -66.3857 95.8 4
      vertex -66.3857 95.8 0
    endloop
  endfacet
  facet normal 0.896993 -0.442045 0
    outer loop
      vertex -66.4782 95.6123 4
      vertex -66.3857 95.8 0
      vertex -66.3857 95.8 4
    endloop
  endfacet
  facet normal 0.896993 -0.442045 0
    outer loop
      vertex -66.3857 95.8 0
      vertex -66.4782 95.6123 4
      vertex -66.4782 95.6123 0
    endloop
  endfacet
  facet normal 0.946901 -0.321526 0
    outer loop
      vertex -66.5455 95.4141 4
      vertex -66.4782 95.6123 0
      vertex -66.4782 95.6123 4
    endloop
  endfacet
  facet normal 0.946901 -0.321526 0
    outer loop
      vertex -66.4782 95.6123 0
      vertex -66.5455 95.4141 4
      vertex -66.5455 95.4141 0
    endloop
  endfacet
  facet normal 0.980819 -0.194922 0
    outer loop
      vertex -66.5863 95.2088 4
      vertex -66.5455 95.4141 0
      vertex -66.5455 95.4141 4
    endloop
  endfacet
  facet normal 0.980819 -0.194922 0
    outer loop
      vertex -66.5455 95.4141 0
      vertex -66.5863 95.2088 4
      vertex -66.5863 95.2088 0
    endloop
  endfacet
  facet normal 0.997854 -0.0654722 0
    outer loop
      vertex -66.6 95 4
      vertex -66.5863 95.2088 0
      vertex -66.5863 95.2088 4
    endloop
  endfacet
  facet normal 0.997854 -0.0654722 0
    outer loop
      vertex -66.5863 95.2088 0
      vertex -66.6 95 4
      vertex -66.6 95 0
    endloop
  endfacet
  facet normal 0.997854 0.0654722 0
    outer loop
      vertex -66.5863 94.7912 4
      vertex -66.6 95 0
      vertex -66.6 95 4
    endloop
  endfacet
  facet normal 0.997854 0.0654722 0
    outer loop
      vertex -66.6 95 0
      vertex -66.5863 94.7912 4
      vertex -66.5863 94.7912 0
    endloop
  endfacet
  facet normal 0.980819 0.194922 0
    outer loop
      vertex -66.5455 94.5859 4
      vertex -66.5863 94.7912 0
      vertex -66.5863 94.7912 4
    endloop
  endfacet
  facet normal 0.980819 0.194922 0
    outer loop
      vertex -66.5863 94.7912 0
      vertex -66.5455 94.5859 4
      vertex -66.5455 94.5859 0
    endloop
  endfacet
  facet normal 0.946901 0.321526 0
    outer loop
      vertex -66.4782 94.3877 4
      vertex -66.5455 94.5859 0
      vertex -66.5455 94.5859 4
    endloop
  endfacet
  facet normal 0.946901 0.321526 0
    outer loop
      vertex -66.5455 94.5859 0
      vertex -66.4782 94.3877 4
      vertex -66.4782 94.3877 0
    endloop
  endfacet
  facet normal 0.896993 0.442045 0
    outer loop
      vertex -66.3857 94.2 4
      vertex -66.4782 94.3877 0
      vertex -66.4782 94.3877 4
    endloop
  endfacet
  facet normal 0.896993 0.442045 0
    outer loop
      vertex -66.4782 94.3877 0
      vertex -66.3857 94.2 4
      vertex -66.3857 94.2 0
    endloop
  endfacet
  facet normal 0.831388 0.555692 0
    outer loop
      vertex -66.2694 94.026 4
      vertex -66.3857 94.2 0
      vertex -66.3857 94.2 4
    endloop
  endfacet
  facet normal 0.831388 0.555692 0
    outer loop
      vertex -66.3857 94.2 0
      vertex -66.2694 94.026 4
      vertex -66.2694 94.026 0
    endloop
  endfacet
  facet normal 0.751925 0.659248 0
    outer loop
      vertex -66.1314 93.8686 4
      vertex -66.2694 94.026 0
      vertex -66.2694 94.026 4
    endloop
  endfacet
  facet normal 0.751925 0.659248 0
    outer loop
      vertex -66.2694 94.026 0
      vertex -66.1314 93.8686 4
      vertex -66.1314 93.8686 0
    endloop
  endfacet
  facet normal 0.659248 0.751925 -0
    outer loop
      vertex -65.974 93.7306 0
      vertex -66.1314 93.8686 4
      vertex -65.974 93.7306 4
    endloop
  endfacet
  facet normal 0.659248 0.751925 0
    outer loop
      vertex -66.1314 93.8686 4
      vertex -65.974 93.7306 0
      vertex -66.1314 93.8686 0
    endloop
  endfacet
  facet normal 0.555362 0.831609 -0
    outer loop
      vertex -65.8 93.6144 0
      vertex -65.974 93.7306 4
      vertex -65.8 93.6144 4
    endloop
  endfacet
  facet normal 0.555362 0.831609 0
    outer loop
      vertex -65.974 93.7306 4
      vertex -65.8 93.6144 0
      vertex -65.974 93.7306 0
    endloop
  endfacet
  facet normal 0.442429 0.896803 -0
    outer loop
      vertex -65.6123 93.5218 0
      vertex -65.8 93.6144 4
      vertex -65.6123 93.5218 4
    endloop
  endfacet
  facet normal 0.442429 0.896803 0
    outer loop
      vertex -65.8 93.6144 4
      vertex -65.6123 93.5218 0
      vertex -65.8 93.6144 0
    endloop
  endfacet
  facet normal 0.321526 0.946901 -0
    outer loop
      vertex -65.4141 93.4545 0
      vertex -65.6123 93.5218 4
      vertex -65.4141 93.4545 4
    endloop
  endfacet
  facet normal 0.321526 0.946901 0
    outer loop
      vertex -65.6123 93.5218 4
      vertex -65.4141 93.4545 0
      vertex -65.6123 93.5218 0
    endloop
  endfacet
  facet normal 0.194922 0.980819 -0
    outer loop
      vertex -65.2088 93.4137 0
      vertex -65.4141 93.4545 4
      vertex -65.2088 93.4137 4
    endloop
  endfacet
  facet normal 0.194922 0.980819 0
    outer loop
      vertex -65.4141 93.4545 4
      vertex -65.2088 93.4137 0
      vertex -65.4141 93.4545 0
    endloop
  endfacet
  facet normal 0.0654722 0.997854 -0
    outer loop
      vertex -65 93.4 0
      vertex -65.2088 93.4137 4
      vertex -65 93.4 4
    endloop
  endfacet
  facet normal 0.0654722 0.997854 0
    outer loop
      vertex -65.2088 93.4137 4
      vertex -65 93.4 0
      vertex -65.2088 93.4137 0
    endloop
  endfacet
  facet normal -0.0654722 0.997854 0
    outer loop
      vertex -64.7912 93.4137 0
      vertex -65 93.4 4
      vertex -64.7912 93.4137 4
    endloop
  endfacet
  facet normal -0.0654722 0.997854 0
    outer loop
      vertex -65 93.4 4
      vertex -64.7912 93.4137 0
      vertex -65 93.4 0
    endloop
  endfacet
  facet normal -0.195234 0.980757 0
    outer loop
      vertex -41.1118 92.8011 0
      vertex -41.3042 92.7628 4
      vertex -41.1118 92.8011 4
    endloop
  endfacet
  facet normal -0.195234 0.980757 0
    outer loop
      vertex -41.3042 92.7628 4
      vertex -41.1118 92.8011 0
      vertex -41.3042 92.7628 0
    endloop
  endfacet
  facet normal -0.321574 0.946885 0
    outer loop
      vertex -40.926 92.8642 0
      vertex -41.1118 92.8011 4
      vertex -40.926 92.8642 4
    endloop
  endfacet
  facet normal -0.321574 0.946885 0
    outer loop
      vertex -41.1118 92.8011 4
      vertex -40.926 92.8642 0
      vertex -41.1118 92.8011 0
    endloop
  endfacet
  facet normal -0.442315 0.89686 0
    outer loop
      vertex -40.75 92.951 0
      vertex -40.926 92.8642 4
      vertex -40.75 92.951 4
    endloop
  endfacet
  facet normal -0.442315 0.89686 0
    outer loop
      vertex -40.926 92.8642 4
      vertex -40.75 92.951 0
      vertex -40.926 92.8642 0
    endloop
  endfacet
  facet normal -0.555641 0.831422 0
    outer loop
      vertex -40.5869 93.06 0
      vertex -40.75 92.951 4
      vertex -40.5869 93.06 4
    endloop
  endfacet
  facet normal -0.555641 0.831422 0
    outer loop
      vertex -40.75 92.951 4
      vertex -40.5869 93.06 0
      vertex -40.75 92.951 0
    endloop
  endfacet
  facet normal -0.658937 0.752198 0
    outer loop
      vertex -40.4393 93.1893 0
      vertex -40.5869 93.06 4
      vertex -40.4393 93.1893 4
    endloop
  endfacet
  facet normal -0.658937 0.752198 0
    outer loop
      vertex -40.5869 93.06 4
      vertex -40.4393 93.1893 0
      vertex -40.5869 93.06 0
    endloop
  endfacet
  facet normal -0.752198 0.658937 0
    outer loop
      vertex -40.4393 93.1893 0
      vertex -40.31 93.3369 4
      vertex -40.31 93.3369 0
    endloop
  endfacet
  facet normal -0.752198 0.658937 0
    outer loop
      vertex -40.31 93.3369 4
      vertex -40.4393 93.1893 0
      vertex -40.4393 93.1893 4
    endloop
  endfacet
  facet normal -0.831422 0.555641 0
    outer loop
      vertex -40.31 93.3369 0
      vertex -40.201 93.5 4
      vertex -40.201 93.5 0
    endloop
  endfacet
  facet normal -0.831422 0.555641 0
    outer loop
      vertex -40.201 93.5 4
      vertex -40.31 93.3369 0
      vertex -40.31 93.3369 4
    endloop
  endfacet
  facet normal -0.89686 0.442315 0
    outer loop
      vertex -40.201 93.5 0
      vertex -40.1142 93.676 4
      vertex -40.1142 93.676 0
    endloop
  endfacet
  facet normal -0.89686 0.442315 0
    outer loop
      vertex -40.1142 93.676 4
      vertex -40.201 93.5 0
      vertex -40.201 93.5 4
    endloop
  endfacet
  facet normal -0.946885 0.321574 0
    outer loop
      vertex -40.1142 93.676 0
      vertex -40.0511 93.8618 4
      vertex -40.0511 93.8618 0
    endloop
  endfacet
  facet normal -0.946885 0.321574 0
    outer loop
      vertex -40.0511 93.8618 4
      vertex -40.1142 93.676 0
      vertex -40.1142 93.676 4
    endloop
  endfacet
  facet normal -0.980757 0.195234 0
    outer loop
      vertex -40.0511 93.8618 0
      vertex -40.0128 94.0542 4
      vertex -40.0128 94.0542 0
    endloop
  endfacet
  facet normal -0.980757 0.195234 0
    outer loop
      vertex -40.0128 94.0542 4
      vertex -40.0511 93.8618 0
      vertex -40.0511 93.8618 4
    endloop
  endfacet
  facet normal -0.99787 0.0652336 0
    outer loop
      vertex -40.0128 94.0542 0
      vertex -40 94.25 4
      vertex -40 94.25 0
    endloop
  endfacet
  facet normal -0.99787 0.0652336 0
    outer loop
      vertex -40 94.25 4
      vertex -40.0128 94.0542 0
      vertex -40.0128 94.0542 4
    endloop
  endfacet
  facet normal -1 0 0
    outer loop
      vertex -40 94.25 0
      vertex -40 95.75 4
      vertex -40 95.75 0
    endloop
  endfacet
  facet normal -1 -0 0
    outer loop
      vertex -40 95.75 4
      vertex -40 94.25 0
      vertex -40 94.25 4
    endloop
  endfacet
  facet normal -0.99787 -0.0652336 0
    outer loop
      vertex -40 95.75 0
      vertex -40.0128 95.9458 4
      vertex -40.0128 95.9458 0
    endloop
  endfacet
  facet normal -0.99787 -0.0652336 0
    outer loop
      vertex -40.0128 95.9458 4
      vertex -40 95.75 0
      vertex -40 95.75 4
    endloop
  endfacet
  facet normal -0.980757 -0.195234 0
    outer loop
      vertex -40.0128 95.9458 0
      vertex -40.0511 96.1382 4
      vertex -40.0511 96.1382 0
    endloop
  endfacet
  facet normal -0.980757 -0.195234 0
    outer loop
      vertex -40.0511 96.1382 4
      vertex -40.0128 95.9458 0
      vertex -40.0128 95.9458 4
    endloop
  endfacet
  facet normal -0.946885 -0.321574 0
    outer loop
      vertex -40.0511 96.1382 0
      vertex -40.1142 96.324 4
      vertex -40.1142 96.324 0
    endloop
  endfacet
  facet normal -0.946885 -0.321574 0
    outer loop
      vertex -40.1142 96.324 4
      vertex -40.0511 96.1382 0
      vertex -40.0511 96.1382 4
    endloop
  endfacet
  facet normal -0.89686 -0.442315 0
    outer loop
      vertex -40.1142 96.324 0
      vertex -40.201 96.5 4
      vertex -40.201 96.5 0
    endloop
  endfacet
  facet normal -0.89686 -0.442315 0
    outer loop
      vertex -40.201 96.5 4
      vertex -40.1142 96.324 0
      vertex -40.1142 96.324 4
    endloop
  endfacet
  facet normal -0.831422 -0.555641 0
    outer loop
      vertex -40.201 96.5 0
      vertex -40.31 96.6631 4
      vertex -40.31 96.6631 0
    endloop
  endfacet
  facet normal -0.831422 -0.555641 0
    outer loop
      vertex -40.31 96.6631 4
      vertex -40.201 96.5 0
      vertex -40.201 96.5 4
    endloop
  endfacet
  facet normal -0.752198 -0.658937 0
    outer loop
      vertex -40.31 96.6631 0
      vertex -40.4393 96.8107 4
      vertex -40.4393 96.8107 0
    endloop
  endfacet
  facet normal -0.752198 -0.658937 0
    outer loop
      vertex -40.4393 96.8107 4
      vertex -40.31 96.6631 0
      vertex -40.31 96.6631 4
    endloop
  endfacet
  facet normal -0.658937 -0.752198 0
    outer loop
      vertex -40.5869 96.94 0
      vertex -40.4393 96.8107 4
      vertex -40.5869 96.94 4
    endloop
  endfacet
  facet normal -0.658937 -0.752198 -0
    outer loop
      vertex -40.4393 96.8107 4
      vertex -40.5869 96.94 0
      vertex -40.4393 96.8107 0
    endloop
  endfacet
  facet normal -0.555641 -0.831422 0
    outer loop
      vertex -40.75 97.049 0
      vertex -40.5869 96.94 4
      vertex -40.75 97.049 4
    endloop
  endfacet
  facet normal -0.555641 -0.831422 -0
    outer loop
      vertex -40.5869 96.94 4
      vertex -40.75 97.049 0
      vertex -40.5869 96.94 0
    endloop
  endfacet
  facet normal -0.442315 -0.89686 0
    outer loop
      vertex -40.926 97.1358 0
      vertex -40.75 97.049 4
      vertex -40.926 97.1358 4
    endloop
  endfacet
  facet normal -0.442315 -0.89686 -0
    outer loop
      vertex -40.75 97.049 4
      vertex -40.926 97.1358 0
      vertex -40.75 97.049 0
    endloop
  endfacet
  facet normal -0.321574 -0.946885 0
    outer loop
      vertex -41.1118 97.1989 0
      vertex -40.926 97.1358 4
      vertex -41.1118 97.1989 4
    endloop
  endfacet
  facet normal -0.321574 -0.946885 -0
    outer loop
      vertex -40.926 97.1358 4
      vertex -41.1118 97.1989 0
      vertex -40.926 97.1358 0
    endloop
  endfacet
  facet normal -0.195234 -0.980757 0
    outer loop
      vertex -41.3042 97.2372 0
      vertex -41.1118 97.1989 4
      vertex -41.3042 97.2372 4
    endloop
  endfacet
  facet normal -0.195234 -0.980757 -0
    outer loop
      vertex -41.1118 97.1989 4
      vertex -41.3042 97.2372 0
      vertex -41.1118 97.1989 0
    endloop
  endfacet
  facet normal -0.0652336 -0.99787 0
    outer loop
      vertex -41.5 97.25 0
      vertex -41.3042 97.2372 4
      vertex -41.5 97.25 4
    endloop
  endfacet
  facet normal -0.0652336 -0.99787 -0
    outer loop
      vertex -41.3042 97.2372 4
      vertex -41.5 97.25 0
      vertex -41.3042 97.2372 0
    endloop
  endfacet
  facet normal 0 -1 0
    outer loop
      vertex -48.5 97.25 0
      vertex -41.5 97.25 4
      vertex -48.5 97.25 4
    endloop
  endfacet
  facet normal 0 -1 -0
    outer loop
      vertex -41.5 97.25 4
      vertex -48.5 97.25 0
      vertex -41.5 97.25 0
    endloop
  endfacet
  facet normal 0.0652336 -0.99787 0
    outer loop
      vertex -48.6958 97.2372 0
      vertex -48.5 97.25 4
      vertex -48.6958 97.2372 4
    endloop
  endfacet
  facet normal 0.0652336 -0.99787 0
    outer loop
      vertex -48.5 97.25 4
      vertex -48.6958 97.2372 0
      vertex -48.5 97.25 0
    endloop
  endfacet
  facet normal 0.195234 -0.980757 0
    outer loop
      vertex -48.8882 97.1989 0
      vertex -48.6958 97.2372 4
      vertex -48.8882 97.1989 4
    endloop
  endfacet
  facet normal 0.195234 -0.980757 0
    outer loop
      vertex -48.6958 97.2372 4
      vertex -48.8882 97.1989 0
      vertex -48.6958 97.2372 0
    endloop
  endfacet
  facet normal 0.321574 -0.946885 0
    outer loop
      vertex -49.074 97.1358 0
      vertex -48.8882 97.1989 4
      vertex -49.074 97.1358 4
    endloop
  endfacet
  facet normal 0.321574 -0.946885 0
    outer loop
      vertex -48.8882 97.1989 4
      vertex -49.074 97.1358 0
      vertex -48.8882 97.1989 0
    endloop
  endfacet
  facet normal 0.442315 -0.89686 0
    outer loop
      vertex -49.25 97.049 0
      vertex -49.074 97.1358 4
      vertex -49.25 97.049 4
    endloop
  endfacet
  facet normal 0.442315 -0.89686 0
    outer loop
      vertex -49.074 97.1358 4
      vertex -49.25 97.049 0
      vertex -49.074 97.1358 0
    endloop
  endfacet
  facet normal 0.555641 -0.831422 0
    outer loop
      vertex -49.4131 96.94 0
      vertex -49.25 97.049 4
      vertex -49.4131 96.94 4
    endloop
  endfacet
  facet normal 0.555641 -0.831422 0
    outer loop
      vertex -49.25 97.049 4
      vertex -49.4131 96.94 0
      vertex -49.25 97.049 0
    endloop
  endfacet
  facet normal 0.658937 -0.752198 0
    outer loop
      vertex -49.5607 96.8107 0
      vertex -49.4131 96.94 4
      vertex -49.5607 96.8107 4
    endloop
  endfacet
  facet normal 0.658937 -0.752198 0
    outer loop
      vertex -49.4131 96.94 4
      vertex -49.5607 96.8107 0
      vertex -49.4131 96.94 0
    endloop
  endfacet
  facet normal 0.752198 -0.658937 0
    outer loop
      vertex -49.69 96.6631 4
      vertex -49.5607 96.8107 0
      vertex -49.5607 96.8107 4
    endloop
  endfacet
  facet normal 0.752198 -0.658937 0
    outer loop
      vertex -49.5607 96.8107 0
      vertex -49.69 96.6631 4
      vertex -49.69 96.6631 0
    endloop
  endfacet
  facet normal 0.831422 -0.555641 0
    outer loop
      vertex -49.799 96.5 4
      vertex -49.69 96.6631 0
      vertex -49.69 96.6631 4
    endloop
  endfacet
  facet normal 0.831422 -0.555641 0
    outer loop
      vertex -49.69 96.6631 0
      vertex -49.799 96.5 4
      vertex -49.799 96.5 0
    endloop
  endfacet
  facet normal 0.89686 -0.442315 0
    outer loop
      vertex -49.8858 96.324 4
      vertex -49.799 96.5 0
      vertex -49.799 96.5 4
    endloop
  endfacet
  facet normal 0.89686 -0.442315 0
    outer loop
      vertex -49.799 96.5 0
      vertex -49.8858 96.324 4
      vertex -49.8858 96.324 0
    endloop
  endfacet
  facet normal 0.946885 -0.321574 0
    outer loop
      vertex -49.9489 96.1382 4
      vertex -49.8858 96.324 0
      vertex -49.8858 96.324 4
    endloop
  endfacet
  facet normal 0.946885 -0.321574 0
    outer loop
      vertex -49.8858 96.324 0
      vertex -49.9489 96.1382 4
      vertex -49.9489 96.1382 0
    endloop
  endfacet
  facet normal 0.980757 -0.195234 0
    outer loop
      vertex -49.9872 95.9458 4
      vertex -49.9489 96.1382 0
      vertex -49.9489 96.1382 4
    endloop
  endfacet
  facet normal 0.980757 -0.195234 0
    outer loop
      vertex -49.9489 96.1382 0
      vertex -49.9872 95.9458 4
      vertex -49.9872 95.9458 0
    endloop
  endfacet
  facet normal 0.99787 -0.0652336 0
    outer loop
      vertex -50 95.75 4
      vertex -49.9872 95.9458 0
      vertex -49.9872 95.9458 4
    endloop
  endfacet
  facet normal 0.99787 -0.0652336 0
    outer loop
      vertex -49.9872 95.9458 0
      vertex -50 95.75 4
      vertex -50 95.75 0
    endloop
  endfacet
  facet normal 1 -0 0
    outer loop
      vertex -50 94.25 4
      vertex -50 95.75 0
      vertex -50 95.75 4
    endloop
  endfacet
  facet normal 1 0 0
    outer loop
      vertex -50 95.75 0
      vertex -50 94.25 4
      vertex -50 94.25 0
    endloop
  endfacet
  facet normal 0.99787 0.0652336 0
    outer loop
      vertex -49.9872 94.0542 4
      vertex -50 94.25 0
      vertex -50 94.25 4
    endloop
  endfacet
  facet normal 0.99787 0.0652336 0
    outer loop
      vertex -50 94.25 0
      vertex -49.9872 94.0542 4
      vertex -49.9872 94.0542 0
    endloop
  endfacet
  facet normal 0.980757 0.195234 0
    outer loop
      vertex -49.9489 93.8618 4
      vertex -49.9872 94.0542 0
      vertex -49.9872 94.0542 4
    endloop
  endfacet
  facet normal 0.980757 0.195234 0
    outer loop
      vertex -49.9872 94.0542 0
      vertex -49.9489 93.8618 4
      vertex -49.9489 93.8618 0
    endloop
  endfacet
  facet normal 0.946885 0.321574 0
    outer loop
      vertex -49.8858 93.676 4
      vertex -49.9489 93.8618 0
      vertex -49.9489 93.8618 4
    endloop
  endfacet
  facet normal 0.946885 0.321574 0
    outer loop
      vertex -49.9489 93.8618 0
      vertex -49.8858 93.676 4
      vertex -49.8858 93.676 0
    endloop
  endfacet
  facet normal 0.89686 0.442315 0
    outer loop
      vertex -49.799 93.5 4
      vertex -49.8858 93.676 0
      vertex -49.8858 93.676 4
    endloop
  endfacet
  facet normal 0.89686 0.442315 0
    outer loop
      vertex -49.8858 93.676 0
      vertex -49.799 93.5 4
      vertex -49.799 93.5 0
    endloop
  endfacet
  facet normal 0.831422 0.555641 0
    outer loop
      vertex -49.69 93.3369 4
      vertex -49.799 93.5 0
      vertex -49.799 93.5 4
    endloop
  endfacet
  facet normal 0.831422 0.555641 0
    outer loop
      vertex -49.799 93.5 0
      vertex -49.69 93.3369 4
      vertex -49.69 93.3369 0
    endloop
  endfacet
  facet normal 0.752198 0.658937 0
    outer loop
      vertex -49.5607 93.1893 4
      vertex -49.69 93.3369 0
      vertex -49.69 93.3369 4
    endloop
  endfacet
  facet normal 0.752198 0.658937 0
    outer loop
      vertex -49.69 93.3369 0
      vertex -49.5607 93.1893 4
      vertex -49.5607 93.1893 0
    endloop
  endfacet
  facet normal 0.658937 0.752198 -0
    outer loop
      vertex -49.4131 93.06 0
      vertex -49.5607 93.1893 4
      vertex -49.4131 93.06 4
    endloop
  endfacet
  facet normal 0.658937 0.752198 0
    outer loop
      vertex -49.5607 93.1893 4
      vertex -49.4131 93.06 0
      vertex -49.5607 93.1893 0
    endloop
  endfacet
  facet normal 0.555641 0.831422 -0
    outer loop
      vertex -49.25 92.951 0
      vertex -49.4131 93.06 4
      vertex -49.25 92.951 4
    endloop
  endfacet
  facet normal 0.555641 0.831422 0
    outer loop
      vertex -49.4131 93.06 4
      vertex -49.25 92.951 0
      vertex -49.4131 93.06 0
    endloop
  endfacet
  facet normal 0.442315 0.89686 -0
    outer loop
      vertex -49.074 92.8642 0
      vertex -49.25 92.951 4
      vertex -49.074 92.8642 4
    endloop
  endfacet
  facet normal 0.442315 0.89686 0
    outer loop
      vertex -49.25 92.951 4
      vertex -49.074 92.8642 0
      vertex -49.25 92.951 0
    endloop
  endfacet
  facet normal 0.321574 0.946885 -0
    outer loop
      vertex -48.8882 92.8011 0
      vertex -49.074 92.8642 4
      vertex -48.8882 92.8011 4
    endloop
  endfacet
  facet normal 0.321574 0.946885 0
    outer loop
      vertex -49.074 92.8642 4
      vertex -48.8882 92.8011 0
      vertex -49.074 92.8642 0
    endloop
  endfacet
  facet normal 0.195234 0.980757 -0
    outer loop
      vertex -48.6958 92.7628 0
      vertex -48.8882 92.8011 4
      vertex -48.6958 92.7628 4
    endloop
  endfacet
  facet normal 0.195234 0.980757 0
    outer loop
      vertex -48.8882 92.8011 4
      vertex -48.6958 92.7628 0
      vertex -48.8882 92.8011 0
    endloop
  endfacet
  facet normal 0.0652336 0.99787 -0
    outer loop
      vertex -48.5 92.75 0
      vertex -48.6958 92.7628 4
      vertex -48.5 92.75 4
    endloop
  endfacet
  facet normal 0.0652336 0.99787 0
    outer loop
      vertex -48.6958 92.7628 4
      vertex -48.5 92.75 0
      vertex -48.6958 92.7628 0
    endloop
  endfacet
  facet normal 0 1 -0
    outer loop
      vertex -41.5 92.75 0
      vertex -48.5 92.75 4
      vertex -41.5 92.75 4
    endloop
  endfacet
  facet normal 0 1 0
    outer loop
      vertex -48.5 92.75 4
      vertex -41.5 92.75 0
      vertex -48.5 92.75 0
    endloop
  endfacet
  facet normal -0.0652336 0.99787 0
    outer loop
      vertex -41.3042 92.7628 0
      vertex -41.5 92.75 4
      vertex -41.3042 92.7628 4
    endloop
  endfacet
  facet normal -0.0652336 0.99787 0
    outer loop
      vertex -41.5 92.75 4
      vertex -41.3042 92.7628 0
      vertex -41.5 92.75 0
    endloop
  endfacet
  facet normal -0.194856 0.980832 0
    outer loop
      vertex -55.6376 93.6477 0
      vertex -55.8173 93.612 4
      vertex -55.6376 93.6477 4
    endloop
  endfacet
  facet normal -0.194856 0.980832 0
    outer loop
      vertex -55.8173 93.612 4
      vertex -55.6376 93.6477 0
      vertex -55.8173 93.612 0
    endloop
  endfacet
  facet normal -0.321629 0.946866 0
    outer loop
      vertex -55.4642 93.7066 0
      vertex -55.6376 93.6477 4
      vertex -55.4642 93.7066 4
    endloop
  endfacet
  facet normal -0.321629 0.946866 0
    outer loop
      vertex -55.6376 93.6477 4
      vertex -55.4642 93.7066 0
      vertex -55.6376 93.6477 0
    endloop
  endfacet
  facet normal -0.442401 0.896817 0
    outer loop
      vertex -55.3 93.7876 0
      vertex -55.4642 93.7066 4
      vertex -55.3 93.7876 4
    endloop
  endfacet
  facet normal -0.442401 0.896817 0
    outer loop
      vertex -55.4642 93.7066 4
      vertex -55.3 93.7876 0
      vertex -55.4642 93.7066 0
    endloop
  endfacet
  facet normal -0.55533 0.83163 0
    outer loop
      vertex -55.1477 93.8893 0
      vertex -55.3 93.7876 4
      vertex -55.1477 93.8893 4
    endloop
  endfacet
  facet normal -0.55533 0.83163 0
    outer loop
      vertex -55.3 93.7876 4
      vertex -55.1477 93.8893 0
      vertex -55.3 93.7876 0
    endloop
  endfacet
  facet normal -0.65947 0.751731 0
    outer loop
      vertex -55.01 94.0101 0
      vertex -55.1477 93.8893 4
      vertex -55.01 94.0101 4
    endloop
  endfacet
  facet normal -0.65947 0.751731 0
    outer loop
      vertex -55.1477 93.8893 4
      vertex -55.01 94.0101 0
      vertex -55.1477 93.8893 0
    endloop
  endfacet
  facet normal -0.751764 0.659432 0
    outer loop
      vertex -55.01 94.0101 0
      vertex -54.8893 94.1477 4
      vertex -54.8893 94.1477 0
    endloop
  endfacet
  facet normal -0.751764 0.659432 0
    outer loop
      vertex -54.8893 94.1477 4
      vertex -55.01 94.0101 0
      vertex -55.01 94.0101 4
    endloop
  endfacet
  facet normal -0.83163 0.55533 0
    outer loop
      vertex -54.8893 94.1477 0
      vertex -54.7876 94.3 4
      vertex -54.7876 94.3 0
    endloop
  endfacet
  facet normal -0.83163 0.55533 0
    outer loop
      vertex -54.7876 94.3 4
      vertex -54.8893 94.1477 0
      vertex -54.8893 94.1477 4
    endloop
  endfacet
  facet normal -0.896817 0.442401 0
    outer loop
      vertex -54.7876 94.3 0
      vertex -54.7066 94.4642 4
      vertex -54.7066 94.4642 0
    endloop
  endfacet
  facet normal -0.896817 0.442401 0
    outer loop
      vertex -54.7066 94.4642 4
      vertex -54.7876 94.3 0
      vertex -54.7876 94.3 4
    endloop
  endfacet
  facet normal -0.946922 0.321462 0
    outer loop
      vertex -54.7066 94.4642 0
      vertex -54.6477 94.6377 4
      vertex -54.6477 94.6377 0
    endloop
  endfacet
  facet normal -0.946922 0.321462 0
    outer loop
      vertex -54.6477 94.6377 4
      vertex -54.7066 94.4642 0
      vertex -54.7066 94.4642 4
    endloop
  endfacet
  facet normal -0.980811 0.194961 0
    outer loop
      vertex -54.6477 94.6377 0
      vertex -54.612 94.8173 4
      vertex -54.612 94.8173 0
    endloop
  endfacet
  facet normal -0.980811 0.194961 0
    outer loop
      vertex -54.612 94.8173 4
      vertex -54.6477 94.6377 0
      vertex -54.6477 94.6377 4
    endloop
  endfacet
  facet normal -0.99785 0.0655402 0
    outer loop
      vertex -54.612 94.8173 0
      vertex -54.6 95 4
      vertex -54.6 95 0
    endloop
  endfacet
  facet normal -0.99785 0.0655402 0
    outer loop
      vertex -54.6 95 4
      vertex -54.612 94.8173 0
      vertex -54.612 94.8173 4
    endloop
  endfacet
  facet normal -0.99785 -0.0655402 0
    outer loop
      vertex -54.6 95 0
      vertex -54.612 95.1827 4
      vertex -54.612 95.1827 0
    endloop
  endfacet
  facet normal -0.99785 -0.0655402 0
    outer loop
      vertex -54.612 95.1827 4
      vertex -54.6 95 0
      vertex -54.6 95 4
    endloop
  endfacet
  facet normal -0.980811 -0.194961 0
    outer loop
      vertex -54.612 95.1827 0
      vertex -54.6477 95.3623 4
      vertex -54.6477 95.3623 0
    endloop
  endfacet
  facet normal -0.980811 -0.194961 0
    outer loop
      vertex -54.6477 95.3623 4
      vertex -54.612 95.1827 0
      vertex -54.612 95.1827 4
    endloop
  endfacet
  facet normal -0.946922 -0.321462 0
    outer loop
      vertex -54.6477 95.3623 0
      vertex -54.7066 95.5358 4
      vertex -54.7066 95.5358 0
    endloop
  endfacet
  facet normal -0.946922 -0.321462 0
    outer loop
      vertex -54.7066 95.5358 4
      vertex -54.6477 95.3623 0
      vertex -54.6477 95.3623 4
    endloop
  endfacet
  facet normal -0.896817 -0.442401 0
    outer loop
      vertex -54.7066 95.5358 0
      vertex -54.7876 95.7 4
      vertex -54.7876 95.7 0
    endloop
  endfacet
  facet normal -0.896817 -0.442401 0
    outer loop
      vertex -54.7876 95.7 4
      vertex -54.7066 95.5358 0
      vertex -54.7066 95.5358 4
    endloop
  endfacet
  facet normal -0.83163 -0.55533 0
    outer loop
      vertex -54.7876 95.7 0
      vertex -54.8893 95.8523 4
      vertex -54.8893 95.8523 0
    endloop
  endfacet
  facet normal -0.83163 -0.55533 0
    outer loop
      vertex -54.8893 95.8523 4
      vertex -54.7876 95.7 0
      vertex -54.7876 95.7 4
    endloop
  endfacet
  facet normal -0.751764 -0.659432 0
    outer loop
      vertex -54.8893 95.8523 0
      vertex -55.01 95.9899 4
      vertex -55.01 95.9899 0
    endloop
  endfacet
  facet normal -0.751764 -0.659432 0
    outer loop
      vertex -55.01 95.9899 4
      vertex -54.8893 95.8523 0
      vertex -54.8893 95.8523 4
    endloop
  endfacet
  facet normal -0.65947 -0.751731 0
    outer loop
      vertex -55.1477 96.1107 0
      vertex -55.01 95.9899 4
      vertex -55.1477 96.1107 4
    endloop
  endfacet
  facet normal -0.65947 -0.751731 -0
    outer loop
      vertex -55.01 95.9899 4
      vertex -55.1477 96.1107 0
      vertex -55.01 95.9899 0
    endloop
  endfacet
  facet normal -0.55533 -0.83163 0
    outer loop
      vertex -55.3 96.2124 0
      vertex -55.1477 96.1107 4
      vertex -55.3 96.2124 4
    endloop
  endfacet
  facet normal -0.55533 -0.83163 -0
    outer loop
      vertex -55.1477 96.1107 4
      vertex -55.3 96.2124 0
      vertex -55.1477 96.1107 0
    endloop
  endfacet
  facet normal -0.442401 -0.896817 0
    outer loop
      vertex -55.4642 96.2934 0
      vertex -55.3 96.2124 4
      vertex -55.4642 96.2934 4
    endloop
  endfacet
  facet normal -0.442401 -0.896817 -0
    outer loop
      vertex -55.3 96.2124 4
      vertex -55.4642 96.2934 0
      vertex -55.3 96.2124 0
    endloop
  endfacet
  facet normal -0.321629 -0.946866 0
    outer loop
      vertex -55.6376 96.3523 0
      vertex -55.4642 96.2934 4
      vertex -55.6376 96.3523 4
    endloop
  endfacet
  facet normal -0.321629 -0.946866 -0
    outer loop
      vertex -55.4642 96.2934 4
      vertex -55.6376 96.3523 0
      vertex -55.4642 96.2934 0
    endloop
  endfacet
  facet normal -0.194856 -0.980832 0
    outer loop
      vertex -55.8173 96.388 0
      vertex -55.6376 96.3523 4
      vertex -55.8173 96.388 4
    endloop
  endfacet
  facet normal -0.194856 -0.980832 -0
    outer loop
      vertex -55.6376 96.3523 4
      vertex -55.8173 96.388 0
      vertex -55.6376 96.3523 0
    endloop
  endfacet
  facet normal -0.0655402 -0.99785 0
    outer loop
      vertex -56 96.4 0
      vertex -55.8173 96.388 4
      vertex -56 96.4 4
    endloop
  endfacet
  facet normal -0.0655402 -0.99785 -0
    outer loop
      vertex -55.8173 96.388 4
      vertex -56 96.4 0
      vertex -55.8173 96.388 0
    endloop
  endfacet
  facet normal 0.0655402 -0.99785 0
    outer loop
      vertex -56.1827 96.388 0
      vertex -56 96.4 4
      vertex -56.1827 96.388 4
    endloop
  endfacet
  facet normal 0.0655402 -0.99785 0
    outer loop
      vertex -56 96.4 4
      vertex -56.1827 96.388 0
      vertex -56 96.4 0
    endloop
  endfacet
  facet normal 0.194961 -0.980811 0
    outer loop
      vertex -56.3623 96.3523 0
      vertex -56.1827 96.388 4
      vertex -56.3623 96.3523 4
    endloop
  endfacet
  facet normal 0.194961 -0.980811 0
    outer loop
      vertex -56.1827 96.388 4
      vertex -56.3623 96.3523 0
      vertex -56.1827 96.388 0
    endloop
  endfacet
  facet normal 0.321462 -0.946922 0
    outer loop
      vertex -56.5358 96.2934 0
      vertex -56.3623 96.3523 4
      vertex -56.5358 96.2934 4
    endloop
  endfacet
  facet normal 0.321462 -0.946922 0
    outer loop
      vertex -56.3623 96.3523 4
      vertex -56.5358 96.2934 0
      vertex -56.3623 96.3523 0
    endloop
  endfacet
  facet normal 0.442401 -0.896817 0
    outer loop
      vertex -56.7 96.2124 0
      vertex -56.5358 96.2934 4
      vertex -56.7 96.2124 4
    endloop
  endfacet
  facet normal 0.442401 -0.896817 0
    outer loop
      vertex -56.5358 96.2934 4
      vertex -56.7 96.2124 0
      vertex -56.5358 96.2934 0
    endloop
  endfacet
  facet normal 0.55533 -0.83163 0
    outer loop
      vertex -56.8523 96.1107 0
      vertex -56.7 96.2124 4
      vertex -56.8523 96.1107 4
    endloop
  endfacet
  facet normal 0.55533 -0.83163 0
    outer loop
      vertex -56.7 96.2124 4
      vertex -56.8523 96.1107 0
      vertex -56.7 96.2124 0
    endloop
  endfacet
  facet normal 0.659741 -0.751493 0
    outer loop
      vertex -56.9899 95.9899 0
      vertex -56.8523 96.1107 4
      vertex -56.9899 95.9899 4
    endloop
  endfacet
  facet normal 0.659741 -0.751493 0
    outer loop
      vertex -56.8523 96.1107 4
      vertex -56.9899 95.9899 0
      vertex -56.8523 96.1107 0
    endloop
  endfacet
  facet normal 0.751493 -0.659741 0
    outer loop
      vertex -57.1107 95.8523 4
      vertex -56.9899 95.9899 0
      vertex -56.9899 95.9899 4
    endloop
  endfacet
  facet normal 0.751493 -0.659741 0
    outer loop
      vertex -56.9899 95.9899 0
      vertex -57.1107 95.8523 4
      vertex -57.1107 95.8523 0
    endloop
  endfacet
  facet normal 0.83163 -0.55533 0
    outer loop
      vertex -57.2124 95.7 4
      vertex -57.1107 95.8523 0
      vertex -57.1107 95.8523 4
    endloop
  endfacet
  facet normal 0.83163 -0.55533 0
    outer loop
      vertex -57.1107 95.8523 0
      vertex -57.2124 95.7 4
      vertex -57.2124 95.7 0
    endloop
  endfacet
  facet normal 0.896817 -0.442401 0
    outer loop
      vertex -57.2934 95.5358 4
      vertex -57.2124 95.7 0
      vertex -57.2124 95.7 4
    endloop
  endfacet
  facet normal 0.896817 -0.442401 0
    outer loop
      vertex -57.2124 95.7 0
      vertex -57.2934 95.5358 4
      vertex -57.2934 95.5358 0
    endloop
  endfacet
  facet normal 0.946922 -0.321462 0
    outer loop
      vertex -57.3523 95.3623 4
      vertex -57.2934 95.5358 0
      vertex -57.2934 95.5358 4
    endloop
  endfacet
  facet normal 0.946922 -0.321462 0
    outer loop
      vertex -57.2934 95.5358 0
      vertex -57.3523 95.3623 4
      vertex -57.3523 95.3623 0
    endloop
  endfacet
  facet normal 0.980811 -0.194961 0
    outer loop
      vertex -57.388 95.1827 4
      vertex -57.3523 95.3623 0
      vertex -57.3523 95.3623 4
    endloop
  endfacet
  facet normal 0.980811 -0.194961 0
    outer loop
      vertex -57.3523 95.3623 0
      vertex -57.388 95.1827 4
      vertex -57.388 95.1827 0
    endloop
  endfacet
  facet normal 0.99785 -0.0655402 0
    outer loop
      vertex -57.4 95 4
      vertex -57.388 95.1827 0
      vertex -57.388 95.1827 4
    endloop
  endfacet
  facet normal 0.99785 -0.0655402 0
    outer loop
      vertex -57.388 95.1827 0
      vertex -57.4 95 4
      vertex -57.4 95 0
    endloop
  endfacet
  facet normal 0.99785 0.0655402 0
    outer loop
      vertex -57.388 94.8173 4
      vertex -57.4 95 0
      vertex -57.4 95 4
    endloop
  endfacet
  facet normal 0.99785 0.0655402 0
    outer loop
      vertex -57.4 95 0
      vertex -57.388 94.8173 4
      vertex -57.388 94.8173 0
    endloop
  endfacet
  facet normal 0.980811 0.194961 0
    outer loop
      vertex -57.3523 94.6377 4
      vertex -57.388 94.8173 0
      vertex -57.388 94.8173 4
    endloop
  endfacet
  facet normal 0.980811 0.194961 0
    outer loop
      vertex -57.388 94.8173 0
      vertex -57.3523 94.6377 4
      vertex -57.3523 94.6377 0
    endloop
  endfacet
  facet normal 0.946922 0.321462 0
    outer loop
      vertex -57.2934 94.4642 4
      vertex -57.3523 94.6377 0
      vertex -57.3523 94.6377 4
    endloop
  endfacet
  facet normal 0.946922 0.321462 0
    outer loop
      vertex -57.3523 94.6377 0
      vertex -57.2934 94.4642 4
      vertex -57.2934 94.4642 0
    endloop
  endfacet
  facet normal 0.896817 0.442401 0
    outer loop
      vertex -57.2124 94.3 4
      vertex -57.2934 94.4642 0
      vertex -57.2934 94.4642 4
    endloop
  endfacet
  facet normal 0.896817 0.442401 0
    outer loop
      vertex -57.2934 94.4642 0
      vertex -57.2124 94.3 4
      vertex -57.2124 94.3 0
    endloop
  endfacet
  facet normal 0.83163 0.55533 0
    outer loop
      vertex -57.1107 94.1477 4
      vertex -57.2124 94.3 0
      vertex -57.2124 94.3 4
    endloop
  endfacet
  facet normal 0.83163 0.55533 0
    outer loop
      vertex -57.2124 94.3 0
      vertex -57.1107 94.1477 4
      vertex -57.1107 94.1477 0
    endloop
  endfacet
  facet normal 0.751493 0.659741 0
    outer loop
      vertex -56.9899 94.0101 4
      vertex -57.1107 94.1477 0
      vertex -57.1107 94.1477 4
    endloop
  endfacet
  facet normal 0.751493 0.659741 0
    outer loop
      vertex -57.1107 94.1477 0
      vertex -56.9899 94.0101 4
      vertex -56.9899 94.0101 0
    endloop
  endfacet
  facet normal 0.659741 0.751493 -0
    outer loop
      vertex -56.8523 93.8893 0
      vertex -56.9899 94.0101 4
      vertex -56.8523 93.8893 4
    endloop
  endfacet
  facet normal 0.659741 0.751493 0
    outer loop
      vertex -56.9899 94.0101 4
      vertex -56.8523 93.8893 0
      vertex -56.9899 94.0101 0
    endloop
  endfacet
  facet normal 0.55533 0.83163 -0
    outer loop
      vertex -56.7 93.7876 0
      vertex -56.8523 93.8893 4
      vertex -56.7 93.7876 4
    endloop
  endfacet
  facet normal 0.55533 0.83163 0
    outer loop
      vertex -56.8523 93.8893 4
      vertex -56.7 93.7876 0
      vertex -56.8523 93.8893 0
    endloop
  endfacet
  facet normal 0.442401 0.896817 -0
    outer loop
      vertex -56.5358 93.7066 0
      vertex -56.7 93.7876 4
      vertex -56.5358 93.7066 4
    endloop
  endfacet
  facet normal 0.442401 0.896817 0
    outer loop
      vertex -56.7 93.7876 4
      vertex -56.5358 93.7066 0
      vertex -56.7 93.7876 0
    endloop
  endfacet
  facet normal 0.321462 0.946922 -0
    outer loop
      vertex -56.3623 93.6477 0
      vertex -56.5358 93.7066 4
      vertex -56.3623 93.6477 4
    endloop
  endfacet
  facet normal 0.321462 0.946922 0
    outer loop
      vertex -56.5358 93.7066 4
      vertex -56.3623 93.6477 0
      vertex -56.5358 93.7066 0
    endloop
  endfacet
  facet normal 0.194961 0.980811 -0
    outer loop
      vertex -56.1827 93.612 0
      vertex -56.3623 93.6477 4
      vertex -56.1827 93.612 4
    endloop
  endfacet
  facet normal 0.194961 0.980811 0
    outer loop
      vertex -56.3623 93.6477 4
      vertex -56.1827 93.612 0
      vertex -56.3623 93.6477 0
    endloop
  endfacet
  facet normal 0.0655402 0.99785 -0
    outer loop
      vertex -56 93.6 0
      vertex -56.1827 93.612 4
      vertex -56 93.6 4
    endloop
  endfacet
  facet normal 0.0655402 0.99785 0
    outer loop
      vertex -56.1827 93.612 4
      vertex -56 93.6 0
      vertex -56.1827 93.612 0
    endloop
  endfacet
  facet normal -0.0655402 0.99785 0
    outer loop
      vertex -55.8173 93.612 0
      vertex -56 93.6 4
      vertex -55.8173 93.612 4
    endloop
  endfacet
  facet normal -0.0655402 0.99785 0
    outer loop
      vertex -56 93.6 4
      vertex -55.8173 93.612 0
      vertex -56 93.6 0
    endloop
  endfacet
  facet normal -0.194961 0.980811 0
    outer loop
      vertex -33.6377 93.6477 0
      vertex -33.8173 93.612 4
      vertex -33.6377 93.6477 4
    endloop
  endfacet
  facet normal -0.194961 0.980811 0
    outer loop
      vertex -33.8173 93.612 4
      vertex -33.6377 93.6477 0
      vertex -33.8173 93.612 0
    endloop
  endfacet
  facet normal -0.321462 0.946922 0
    outer loop
      vertex -33.4642 93.7066 0
      vertex -33.6377 93.6477 4
      vertex -33.4642 93.7066 4
    endloop
  endfacet
  facet normal -0.321462 0.946922 0
    outer loop
      vertex -33.6377 93.6477 4
      vertex -33.4642 93.7066 0
      vertex -33.6377 93.6477 0
    endloop
  endfacet
  facet normal -0.442401 0.896817 0
    outer loop
      vertex -33.3 93.7876 0
      vertex -33.4642 93.7066 4
      vertex -33.3 93.7876 4
    endloop
  endfacet
  facet normal -0.442401 0.896817 0
    outer loop
      vertex -33.4642 93.7066 4
      vertex -33.3 93.7876 0
      vertex -33.4642 93.7066 0
    endloop
  endfacet
  facet normal -0.55533 0.83163 0
    outer loop
      vertex -33.1477 93.8893 0
      vertex -33.3 93.7876 4
      vertex -33.1477 93.8893 4
    endloop
  endfacet
  facet normal -0.55533 0.83163 0
    outer loop
      vertex -33.3 93.7876 4
      vertex -33.1477 93.8893 0
      vertex -33.3 93.7876 0
    endloop
  endfacet
  facet normal -0.659741 0.751493 0
    outer loop
      vertex -33.0101 94.0101 0
      vertex -33.1477 93.8893 4
      vertex -33.0101 94.0101 4
    endloop
  endfacet
  facet normal -0.659741 0.751493 0
    outer loop
      vertex -33.1477 93.8893 4
      vertex -33.0101 94.0101 0
      vertex -33.1477 93.8893 0
    endloop
  endfacet
  facet normal -0.751493 0.659741 0
    outer loop
      vertex -33.0101 94.0101 0
      vertex -32.8893 94.1477 4
      vertex -32.8893 94.1477 0
    endloop
  endfacet
  facet normal -0.751493 0.659741 0
    outer loop
      vertex -32.8893 94.1477 4
      vertex -33.0101 94.0101 0
      vertex -33.0101 94.0101 4
    endloop
  endfacet
  facet normal -0.83163 0.55533 0
    outer loop
      vertex -32.8893 94.1477 0
      vertex -32.7876 94.3 4
      vertex -32.7876 94.3 0
    endloop
  endfacet
  facet normal -0.83163 0.55533 0
    outer loop
      vertex -32.7876 94.3 4
      vertex -32.8893 94.1477 0
      vertex -32.8893 94.1477 4
    endloop
  endfacet
  facet normal -0.896817 0.442401 0
    outer loop
      vertex -32.7876 94.3 0
      vertex -32.7066 94.4642 4
      vertex -32.7066 94.4642 0
    endloop
  endfacet
  facet normal -0.896817 0.442401 0
    outer loop
      vertex -32.7066 94.4642 4
      vertex -32.7876 94.3 0
      vertex -32.7876 94.3 4
    endloop
  endfacet
  facet normal -0.946922 0.321462 0
    outer loop
      vertex -32.7066 94.4642 0
      vertex -32.6477 94.6377 4
      vertex -32.6477 94.6377 0
    endloop
  endfacet
  facet normal -0.946922 0.321462 0
    outer loop
      vertex -32.6477 94.6377 4
      vertex -32.7066 94.4642 0
      vertex -32.7066 94.4642 4
    endloop
  endfacet
  facet normal -0.980811 0.194961 0
    outer loop
      vertex -32.6477 94.6377 0
      vertex -32.612 94.8173 4
      vertex -32.612 94.8173 0
    endloop
  endfacet
  facet normal -0.980811 0.194961 0
    outer loop
      vertex -32.612 94.8173 4
      vertex -32.6477 94.6377 0
      vertex -32.6477 94.6377 4
    endloop
  endfacet
  facet normal -0.99785 0.0655402 0
    outer loop
      vertex -32.612 94.8173 0
      vertex -32.6 95 4
      vertex -32.6 95 0
    endloop
  endfacet
  facet normal -0.99785 0.0655402 0
    outer loop
      vertex -32.6 95 4
      vertex -32.612 94.8173 0
      vertex -32.612 94.8173 4
    endloop
  endfacet
  facet normal -0.99785 -0.0655402 0
    outer loop
      vertex -32.6 95 0
      vertex -32.612 95.1827 4
      vertex -32.612 95.1827 0
    endloop
  endfacet
  facet normal -0.99785 -0.0655402 0
    outer loop
      vertex -32.612 95.1827 4
      vertex -32.6 95 0
      vertex -32.6 95 4
    endloop
  endfacet
  facet normal -0.980811 -0.194961 0
    outer loop
      vertex -32.612 95.1827 0
      vertex -32.6477 95.3623 4
      vertex -32.6477 95.3623 0
    endloop
  endfacet
  facet normal -0.980811 -0.194961 0
    outer loop
      vertex -32.6477 95.3623 4
      vertex -32.612 95.1827 0
      vertex -32.612 95.1827 4
    endloop
  endfacet
  facet normal -0.946922 -0.321462 0
    outer loop
      vertex -32.6477 95.3623 0
      vertex -32.7066 95.5358 4
      vertex -32.7066 95.5358 0
    endloop
  endfacet
  facet normal -0.946922 -0.321462 0
    outer loop
      vertex -32.7066 95.5358 4
      vertex -32.6477 95.3623 0
      vertex -32.6477 95.3623 4
    endloop
  endfacet
  facet normal -0.896817 -0.442401 0
    outer loop
      vertex -32.7066 95.5358 0
      vertex -32.7876 95.7 4
      vertex -32.7876 95.7 0
    endloop
  endfacet
  facet normal -0.896817 -0.442401 0
    outer loop
      vertex -32.7876 95.7 4
      vertex -32.7066 95.5358 0
      vertex -32.7066 95.5358 4
    endloop
  endfacet
  facet normal -0.83163 -0.55533 0
    outer loop
      vertex -32.7876 95.7 0
      vertex -32.8893 95.8523 4
      vertex -32.8893 95.8523 0
    endloop
  endfacet
  facet normal -0.83163 -0.55533 0
    outer loop
      vertex -32.8893 95.8523 4
      vertex -32.7876 95.7 0
      vertex -32.7876 95.7 4
    endloop
  endfacet
  facet normal -0.751493 -0.659741 0
    outer loop
      vertex -32.8893 95.8523 0
      vertex -33.0101 95.9899 4
      vertex -33.0101 95.9899 0
    endloop
  endfacet
  facet normal -0.751493 -0.659741 0
    outer loop
      vertex -33.0101 95.9899 4
      vertex -32.8893 95.8523 0
      vertex -32.8893 95.8523 4
    endloop
  endfacet
  facet normal -0.659741 -0.751493 0
    outer loop
      vertex -33.1477 96.1107 0
      vertex -33.0101 95.9899 4
      vertex -33.1477 96.1107 4
    endloop
  endfacet
  facet normal -0.659741 -0.751493 -0
    outer loop
      vertex -33.0101 95.9899 4
      vertex -33.1477 96.1107 0
      vertex -33.0101 95.9899 0
    endloop
  endfacet
  facet normal -0.55533 -0.83163 0
    outer loop
      vertex -33.3 96.2124 0
      vertex -33.1477 96.1107 4
      vertex -33.3 96.2124 4
    endloop
  endfacet
  facet normal -0.55533 -0.83163 -0
    outer loop
      vertex -33.1477 96.1107 4
      vertex -33.3 96.2124 0
      vertex -33.1477 96.1107 0
    endloop
  endfacet
  facet normal -0.442401 -0.896817 0
    outer loop
      vertex -33.4642 96.2934 0
      vertex -33.3 96.2124 4
      vertex -33.4642 96.2934 4
    endloop
  endfacet
  facet normal -0.442401 -0.896817 -0
    outer loop
      vertex -33.3 96.2124 4
      vertex -33.4642 96.2934 0
      vertex -33.3 96.2124 0
    endloop
  endfacet
  facet normal -0.321462 -0.946922 0
    outer loop
      vertex -33.6377 96.3523 0
      vertex -33.4642 96.2934 4
      vertex -33.6377 96.3523 4
    endloop
  endfacet
  facet normal -0.321462 -0.946922 -0
    outer loop
      vertex -33.4642 96.2934 4
      vertex -33.6377 96.3523 0
      vertex -33.4642 96.2934 0
    endloop
  endfacet
  facet normal -0.194961 -0.980811 0
    outer loop
      vertex -33.8173 96.388 0
      vertex -33.6377 96.3523 4
      vertex -33.8173 96.388 4
    endloop
  endfacet
  facet normal -0.194961 -0.980811 -0
    outer loop
      vertex -33.6377 96.3523 4
      vertex -33.8173 96.388 0
      vertex -33.6377 96.3523 0
    endloop
  endfacet
  facet normal -0.0655402 -0.99785 0
    outer loop
      vertex -34 96.4 0
      vertex -33.8173 96.388 4
      vertex -34 96.4 4
    endloop
  endfacet
  facet normal -0.0655402 -0.99785 -0
    outer loop
      vertex -33.8173 96.388 4
      vertex -34 96.4 0
      vertex -33.8173 96.388 0
    endloop
  endfacet
  facet normal 0.0655402 -0.99785 0
    outer loop
      vertex -34.1827 96.388 0
      vertex -34 96.4 4
      vertex -34.1827 96.388 4
    endloop
  endfacet
  facet normal 0.0655402 -0.99785 0
    outer loop
      vertex -34 96.4 4
      vertex -34.1827 96.388 0
      vertex -34 96.4 0
    endloop
  endfacet
  facet normal 0.194856 -0.980832 0
    outer loop
      vertex -34.3624 96.3523 0
      vertex -34.1827 96.388 4
      vertex -34.3624 96.3523 4
    endloop
  endfacet
  facet normal 0.194856 -0.980832 0
    outer loop
      vertex -34.1827 96.388 4
      vertex -34.3624 96.3523 0
      vertex -34.1827 96.388 0
    endloop
  endfacet
  facet normal 0.321629 -0.946866 0
    outer loop
      vertex -34.5358 96.2934 0
      vertex -34.3624 96.3523 4
      vertex -34.5358 96.2934 4
    endloop
  endfacet
  facet normal 0.321629 -0.946866 0
    outer loop
      vertex -34.3624 96.3523 4
      vertex -34.5358 96.2934 0
      vertex -34.3624 96.3523 0
    endloop
  endfacet
  facet normal 0.442401 -0.896817 0
    outer loop
      vertex -34.7 96.2124 0
      vertex -34.5358 96.2934 4
      vertex -34.7 96.2124 4
    endloop
  endfacet
  facet normal 0.442401 -0.896817 0
    outer loop
      vertex -34.5358 96.2934 4
      vertex -34.7 96.2124 0
      vertex -34.5358 96.2934 0
    endloop
  endfacet
  facet normal 0.55533 -0.83163 0
    outer loop
      vertex -34.8523 96.1107 0
      vertex -34.7 96.2124 4
      vertex -34.8523 96.1107 4
    endloop
  endfacet
  facet normal 0.55533 -0.83163 0
    outer loop
      vertex -34.7 96.2124 4
      vertex -34.8523 96.1107 0
      vertex -34.7 96.2124 0
    endloop
  endfacet
  facet normal 0.65947 -0.751731 0
    outer loop
      vertex -34.99 95.9899 0
      vertex -34.8523 96.1107 4
      vertex -34.99 95.9899 4
    endloop
  endfacet
  facet normal 0.65947 -0.751731 0
    outer loop
      vertex -34.8523 96.1107 4
      vertex -34.99 95.9899 0
      vertex -34.8523 96.1107 0
    endloop
  endfacet
  facet normal 0.751764 -0.659432 0
    outer loop
      vertex -35.1107 95.8523 4
      vertex -34.99 95.9899 0
      vertex -34.99 95.9899 4
    endloop
  endfacet
  facet normal 0.751764 -0.659432 0
    outer loop
      vertex -34.99 95.9899 0
      vertex -35.1107 95.8523 4
      vertex -35.1107 95.8523 0
    endloop
  endfacet
  facet normal 0.83163 -0.55533 0
    outer loop
      vertex -35.2124 95.7 4
      vertex -35.1107 95.8523 0
      vertex -35.1107 95.8523 4
    endloop
  endfacet
  facet normal 0.83163 -0.55533 0
    outer loop
      vertex -35.1107 95.8523 0
      vertex -35.2124 95.7 4
      vertex -35.2124 95.7 0
    endloop
  endfacet
  facet normal 0.896817 -0.442401 0
    outer loop
      vertex -35.2934 95.5358 4
      vertex -35.2124 95.7 0
      vertex -35.2124 95.7 4
    endloop
  endfacet
  facet normal 0.896817 -0.442401 0
    outer loop
      vertex -35.2124 95.7 0
      vertex -35.2934 95.5358 4
      vertex -35.2934 95.5358 0
    endloop
  endfacet
  facet normal 0.946922 -0.321462 0
    outer loop
      vertex -35.3523 95.3623 4
      vertex -35.2934 95.5358 0
      vertex -35.2934 95.5358 4
    endloop
  endfacet
  facet normal 0.946922 -0.321462 0
    outer loop
      vertex -35.2934 95.5358 0
      vertex -35.3523 95.3623 4
      vertex -35.3523 95.3623 0
    endloop
  endfacet
  facet normal 0.980811 -0.194961 0
    outer loop
      vertex -35.388 95.1827 4
      vertex -35.3523 95.3623 0
      vertex -35.3523 95.3623 4
    endloop
  endfacet
  facet normal 0.980811 -0.194961 0
    outer loop
      vertex -35.3523 95.3623 0
      vertex -35.388 95.1827 4
      vertex -35.388 95.1827 0
    endloop
  endfacet
  facet normal 0.99785 -0.0655402 0
    outer loop
      vertex -35.4 95 4
      vertex -35.388 95.1827 0
      vertex -35.388 95.1827 4
    endloop
  endfacet
  facet normal 0.99785 -0.0655402 0
    outer loop
      vertex -35.388 95.1827 0
      vertex -35.4 95 4
      vertex -35.4 95 0
    endloop
  endfacet
  facet normal 0.99785 0.0655402 0
    outer loop
      vertex -35.388 94.8173 4
      vertex -35.4 95 0
      vertex -35.4 95 4
    endloop
  endfacet
  facet normal 0.99785 0.0655402 0
    outer loop
      vertex -35.4 95 0
      vertex -35.388 94.8173 4
      vertex -35.388 94.8173 0
    endloop
  endfacet
  facet normal 0.980811 0.194961 0
    outer loop
      vertex -35.3523 94.6377 4
      vertex -35.388 94.8173 0
      vertex -35.388 94.8173 4
    endloop
  endfacet
  facet normal 0.980811 0.194961 0
    outer loop
      vertex -35.388 94.8173 0
      vertex -35.3523 94.6377 4
      vertex -35.3523 94.6377 0
    endloop
  endfacet
  facet normal 0.946922 0.321462 0
    outer loop
      vertex -35.2934 94.4642 4
      vertex -35.3523 94.6377 0
      vertex -35.3523 94.6377 4
    endloop
  endfacet
  facet normal 0.946922 0.321462 0
    outer loop
      vertex -35.3523 94.6377 0
      vertex -35.2934 94.4642 4
      vertex -35.2934 94.4642 0
    endloop
  endfacet
  facet normal 0.896817 0.442401 0
    outer loop
      vertex -35.2124 94.3 4
      vertex -35.2934 94.4642 0
      vertex -35.2934 94.4642 4
    endloop
  endfacet
  facet normal 0.896817 0.442401 0
    outer loop
      vertex -35.2934 94.4642 0
      vertex -35.2124 94.3 4
      vertex -35.2124 94.3 0
    endloop
  endfacet
  facet normal 0.83163 0.55533 0
    outer loop
      vertex -35.1107 94.1477 4
      vertex -35.2124 94.3 0
      vertex -35.2124 94.3 4
    endloop
  endfacet
  facet normal 0.83163 0.55533 0
    outer loop
      vertex -35.2124 94.3 0
      vertex -35.1107 94.1477 4
      vertex -35.1107 94.1477 0
    endloop
  endfacet
  facet normal 0.751764 0.659432 0
    outer loop
      vertex -34.99 94.0101 4
      vertex -35.1107 94.1477 0
      vertex -35.1107 94.1477 4
    endloop
  endfacet
  facet normal 0.751764 0.659432 0
    outer loop
      vertex -35.1107 94.1477 0
      vertex -34.99 94.0101 4
      vertex -34.99 94.0101 0
    endloop
  endfacet
  facet normal 0.65947 0.751731 -0
    outer loop
      vertex -34.8523 93.8893 0
      vertex -34.99 94.0101 4
      vertex -34.8523 93.8893 4
    endloop
  endfacet
  facet normal 0.65947 0.751731 0
    outer loop
      vertex -34.99 94.0101 4
      vertex -34.8523 93.8893 0
      vertex -34.99 94.0101 0
    endloop
  endfacet
  facet normal 0.55533 0.83163 -0
    outer loop
      vertex -34.7 93.7876 0
      vertex -34.8523 93.8893 4
      vertex -34.7 93.7876 4
    endloop
  endfacet
  facet normal 0.55533 0.83163 0
    outer loop
      vertex -34.8523 93.8893 4
      vertex -34.7 93.7876 0
      vertex -34.8523 93.8893 0
    endloop
  endfacet
  facet normal 0.442401 0.896817 -0
    outer loop
      vertex -34.5358 93.7066 0
      vertex -34.7 93.7876 4
      vertex -34.5358 93.7066 4
    endloop
  endfacet
  facet normal 0.442401 0.896817 0
    outer loop
      vertex -34.7 93.7876 4
      vertex -34.5358 93.7066 0
      vertex -34.7 93.7876 0
    endloop
  endfacet
  facet normal 0.321629 0.946866 -0
    outer loop
      vertex -34.3624 93.6477 0
      vertex -34.5358 93.7066 4
      vertex -34.3624 93.6477 4
    endloop
  endfacet
  facet normal 0.321629 0.946866 0
    outer loop
      vertex -34.5358 93.7066 4
      vertex -34.3624 93.6477 0
      vertex -34.5358 93.7066 0
    endloop
  endfacet
  facet normal 0.194856 0.980832 -0
    outer loop
      vertex -34.1827 93.612 0
      vertex -34.3624 93.6477 4
      vertex -34.1827 93.612 4
    endloop
  endfacet
  facet normal 0.194856 0.980832 0
    outer loop
      vertex -34.3624 93.6477 4
      vertex -34.1827 93.612 0
      vertex -34.3624 93.6477 0
    endloop
  endfacet
  facet normal 0.0655402 0.99785 -0
    outer loop
      vertex -34 93.6 0
      vertex -34.1827 93.612 4
      vertex -34 93.6 4
    endloop
  endfacet
  facet normal 0.0655402 0.99785 0
    outer loop
      vertex -34.1827 93.612 4
      vertex -34 93.6 0
      vertex -34.1827 93.612 0
    endloop
  endfacet
  facet normal -0.0655402 0.99785 0
    outer loop
      vertex -33.8173 93.612 0
      vertex -34 93.6 4
      vertex -33.8173 93.612 4
    endloop
  endfacet
  facet normal -0.0655402 0.99785 0
    outer loop
      vertex -34 93.6 4
      vertex -33.8173 93.612 0
      vertex -34 93.6 0
    endloop
  endfacet
  facet normal -0.19494 0.980815 0
    outer loop
      vertex -2.49118 91.2841 0
      vertex -2.61948 91.2586 2
      vertex -2.49118 91.2841 2
    endloop
  endfacet
  facet normal -0.19494 0.980815 0
    outer loop
      vertex -2.61948 91.2586 2
      vertex -2.49118 91.2841 0
      vertex -2.61948 91.2586 0
    endloop
  endfacet
  facet normal -0.321109 0.947042 0
    outer loop
      vertex -2.36731 91.3261 0
      vertex -2.49118 91.2841 2
      vertex -2.36731 91.3261 2
    endloop
  endfacet
  facet normal -0.321109 0.947042 0
    outer loop
      vertex -2.49118 91.2841 2
      vertex -2.36731 91.3261 0
      vertex -2.49118 91.2841 0
    endloop
  endfacet
  facet normal -0.442591 0.896724 0
    outer loop
      vertex -2.25 91.384 0
      vertex -2.36731 91.3261 2
      vertex -2.25 91.384 2
    endloop
  endfacet
  facet normal -0.442591 0.896724 0
    outer loop
      vertex -2.36731 91.3261 2
      vertex -2.25 91.384 0
      vertex -2.36731 91.3261 0
    endloop
  endfacet
  facet normal -0.555194 0.831721 0
    outer loop
      vertex -2.14124 91.4566 0
      vertex -2.25 91.384 2
      vertex -2.14124 91.4566 2
    endloop
  endfacet
  facet normal -0.555194 0.831721 0
    outer loop
      vertex -2.25 91.384 2
      vertex -2.14124 91.4566 0
      vertex -2.25 91.384 0
    endloop
  endfacet
  facet normal -0.659559 0.751653 0
    outer loop
      vertex -2.04289 91.5429 0
      vertex -2.14124 91.4566 2
      vertex -2.04289 91.5429 2
    endloop
  endfacet
  facet normal -0.659559 0.751653 0
    outer loop
      vertex -2.14124 91.4566 2
      vertex -2.04289 91.5429 0
      vertex -2.14124 91.4566 0
    endloop
  endfacet
  facet normal -0.751714 0.659489 0
    outer loop
      vertex -2.04289 91.5429 0
      vertex -1.95665 91.6412 2
      vertex -1.95665 91.6412 0
    endloop
  endfacet
  facet normal -0.751714 0.659489 0
    outer loop
      vertex -1.95665 91.6412 2
      vertex -2.04289 91.5429 0
      vertex -2.04289 91.5429 2
    endloop
  endfacet
  facet normal -0.831533 0.555476 0
    outer loop
      vertex -1.95665 91.6412 0
      vertex -1.88397 91.75 2
      vertex -1.88397 91.75 0
    endloop
  endfacet
  facet normal -0.831533 0.555476 0
    outer loop
      vertex -1.88397 91.75 2
      vertex -1.95665 91.6412 0
      vertex -1.95665 91.6412 2
    endloop
  endfacet
  facet normal -0.896891 0.442252 0
    outer loop
      vertex -1.88397 91.75 0
      vertex -1.82613 91.8673 2
      vertex -1.82613 91.8673 0
    endloop
  endfacet
  facet normal -0.896891 0.442252 0
    outer loop
      vertex -1.82613 91.8673 2
      vertex -1.88397 91.75 0
      vertex -1.88397 91.75 2
    endloop
  endfacet
  facet normal -0.946926 0.321451 0
    outer loop
      vertex -1.82613 91.8673 0
      vertex -1.78407 91.9912 2
      vertex -1.78407 91.9912 0
    endloop
  endfacet
  facet normal -0.946926 0.321451 0
    outer loop
      vertex -1.78407 91.9912 2
      vertex -1.82613 91.8673 0
      vertex -1.82613 91.8673 2
    endloop
  endfacet
  facet normal -0.980801 0.195013 0
    outer loop
      vertex -1.78407 91.9912 0
      vertex -1.75856 92.1195 2
      vertex -1.75856 92.1195 0
    endloop
  endfacet
  facet normal -0.980801 0.195013 0
    outer loop
      vertex -1.75856 92.1195 2
      vertex -1.78407 91.9912 0
      vertex -1.78407 91.9912 2
    endloop
  endfacet
  facet normal -0.997856 0.0654532 0
    outer loop
      vertex -1.75856 92.1195 0
      vertex -1.75 92.25 2
      vertex -1.75 92.25 0
    endloop
  endfacet
  facet normal -0.997856 0.0654532 0
    outer loop
      vertex -1.75 92.25 2
      vertex -1.75856 92.1195 0
      vertex -1.75856 92.1195 2
    endloop
  endfacet
  facet normal -1 0 0
    outer loop
      vertex -1.75 92.25 0
      vertex -1.75 97.75 2
      vertex -1.75 97.75 0
    endloop
  endfacet
  facet normal -1 -0 0
    outer loop
      vertex -1.75 97.75 2
      vertex -1.75 92.25 0
      vertex -1.75 92.25 2
    endloop
  endfacet
  facet normal -0.997856 -0.0654532 0
    outer loop
      vertex -1.75 97.75 0
      vertex -1.75856 97.8805 2
      vertex -1.75856 97.8805 0
    endloop
  endfacet
  facet normal -0.997856 -0.0654532 0
    outer loop
      vertex -1.75856 97.8805 2
      vertex -1.75 97.75 0
      vertex -1.75 97.75 2
    endloop
  endfacet
  facet normal -0.980801 -0.195013 0
    outer loop
      vertex -1.75856 97.8805 0
      vertex -1.78407 98.0088 2
      vertex -1.78407 98.0088 0
    endloop
  endfacet
  facet normal -0.980801 -0.195013 0
    outer loop
      vertex -1.78407 98.0088 2
      vertex -1.75856 97.8805 0
      vertex -1.75856 97.8805 2
    endloop
  endfacet
  facet normal -0.946926 -0.321451 0
    outer loop
      vertex -1.78407 98.0088 0
      vertex -1.82613 98.1327 2
      vertex -1.82613 98.1327 0
    endloop
  endfacet
  facet normal -0.946926 -0.321451 0
    outer loop
      vertex -1.82613 98.1327 2
      vertex -1.78407 98.0088 0
      vertex -1.78407 98.0088 2
    endloop
  endfacet
  facet normal -0.896891 -0.442252 0
    outer loop
      vertex -1.82613 98.1327 0
      vertex -1.88397 98.25 2
      vertex -1.88397 98.25 0
    endloop
  endfacet
  facet normal -0.896891 -0.442252 0
    outer loop
      vertex -1.88397 98.25 2
      vertex -1.82613 98.1327 0
      vertex -1.82613 98.1327 2
    endloop
  endfacet
  facet normal -0.831533 -0.555476 0
    outer loop
      vertex -1.88397 98.25 0
      vertex -1.95665 98.3588 2
      vertex -1.95665 98.3588 0
    endloop
  endfacet
  facet normal -0.831533 -0.555476 0
    outer loop
      vertex -1.95665 98.3588 2
      vertex -1.88397 98.25 0
      vertex -1.88397 98.25 2
    endloop
  endfacet
  facet normal -0.751714 -0.659489 0
    outer loop
      vertex -1.95665 98.3588 0
      vertex -2.04289 98.4571 2
      vertex -2.04289 98.4571 0
    endloop
  endfacet
  facet normal -0.751714 -0.659489 0
    outer loop
      vertex -2.04289 98.4571 2
      vertex -1.95665 98.3588 0
      vertex -1.95665 98.3588 2
    endloop
  endfacet
  facet normal -0.659559 -0.751653 0
    outer loop
      vertex -2.14124 98.5434 0
      vertex -2.04289 98.4571 2
      vertex -2.14124 98.5434 2
    endloop
  endfacet
  facet normal -0.659559 -0.751653 -0
    outer loop
      vertex -2.04289 98.4571 2
      vertex -2.14124 98.5434 0
      vertex -2.04289 98.4571 0
    endloop
  endfacet
  facet normal -0.555194 -0.831721 0
    outer loop
      vertex -2.25 98.616 0
      vertex -2.14124 98.5434 2
      vertex -2.25 98.616 2
    endloop
  endfacet
  facet normal -0.555194 -0.831721 -0
    outer loop
      vertex -2.14124 98.5434 2
      vertex -2.25 98.616 0
      vertex -2.14124 98.5434 0
    endloop
  endfacet
  facet normal -0.442591 -0.896724 0
    outer loop
      vertex -2.36731 98.6739 0
      vertex -2.25 98.616 2
      vertex -2.36731 98.6739 2
    endloop
  endfacet
  facet normal -0.442591 -0.896724 -0
    outer loop
      vertex -2.25 98.616 2
      vertex -2.36731 98.6739 0
      vertex -2.25 98.616 0
    endloop
  endfacet
  facet normal -0.321109 -0.947042 0
    outer loop
      vertex -2.49118 98.7159 0
      vertex -2.36731 98.6739 2
      vertex -2.49118 98.7159 2
    endloop
  endfacet
  facet normal -0.321109 -0.947042 -0
    outer loop
      vertex -2.36731 98.6739 2
      vertex -2.49118 98.7159 0
      vertex -2.36731 98.6739 0
    endloop
  endfacet
  facet normal -0.19494 -0.980815 0
    outer loop
      vertex -2.61948 98.7414 0
      vertex -2.49118 98.7159 2
      vertex -2.61948 98.7414 2
    endloop
  endfacet
  facet normal -0.19494 -0.980815 -0
    outer loop
      vertex -2.49118 98.7159 2
      vertex -2.61948 98.7414 0
      vertex -2.49118 98.7159 0
    endloop
  endfacet
  facet normal -0.0657477 -0.997836 0
    outer loop
      vertex -2.75 98.75 0
      vertex -2.61948 98.7414 2
      vertex -2.75 98.75 2
    endloop
  endfacet
  facet normal -0.0657477 -0.997836 -0
    outer loop
      vertex -2.61948 98.7414 2
      vertex -2.75 98.75 0
      vertex -2.61948 98.7414 0
    endloop
  endfacet
  facet normal 0 -1 0
    outer loop
      vertex -17.25 98.75 4
      vertex -10 98.75 2
      vertex -10 98.75 4
    endloop
  endfacet
  facet normal 0 -1 0
    outer loop
      vertex -17.25 98.75 0
      vertex -10 98.75 2
      vertex -17.25 98.75 4
    endloop
  endfacet
  facet normal 0 -1 0
    outer loop
      vertex -2.75 98.75 0
      vertex -10 98.75 2
      vertex -17.25 98.75 0
    endloop
  endfacet
  facet normal 0 -1 0
    outer loop
      vertex -10 98.75 2
      vertex -2.75 98.75 0
      vertex -2.75 98.75 2
    endloop
  endfacet
  facet normal 0.0657577 -0.997836 0
    outer loop
      vertex -17.3805 98.7414 0
      vertex -17.25 98.75 4
      vertex -17.3805 98.7414 4
    endloop
  endfacet
  facet normal 0.0657577 -0.997836 0
    outer loop
      vertex -17.25 98.75 4
      vertex -17.3805 98.7414 0
      vertex -17.25 98.75 0
    endloop
  endfacet
  facet normal 0.19494 -0.980815 0
    outer loop
      vertex -17.5088 98.7159 0
      vertex -17.3805 98.7414 4
      vertex -17.5088 98.7159 4
    endloop
  endfacet
  facet normal 0.19494 -0.980815 0
    outer loop
      vertex -17.3805 98.7414 4
      vertex -17.5088 98.7159 0
      vertex -17.3805 98.7414 0
    endloop
  endfacet
  facet normal 0.321039 -0.947066 0
    outer loop
      vertex -17.6327 98.6739 0
      vertex -17.5088 98.7159 4
      vertex -17.6327 98.6739 4
    endloop
  endfacet
  facet normal 0.321039 -0.947066 0
    outer loop
      vertex -17.5088 98.7159 4
      vertex -17.6327 98.6739 0
      vertex -17.5088 98.7159 0
    endloop
  endfacet
  facet normal 0.442621 -0.896709 0
    outer loop
      vertex -17.75 98.616 0
      vertex -17.6327 98.6739 4
      vertex -17.75 98.616 4
    endloop
  endfacet
  facet normal 0.442621 -0.896709 0
    outer loop
      vertex -17.6327 98.6739 4
      vertex -17.75 98.616 0
      vertex -17.6327 98.6739 0
    endloop
  endfacet
  facet normal 0.555053 -0.831815 0
    outer loop
      vertex -17.8588 98.5434 0
      vertex -17.75 98.616 4
      vertex -17.8588 98.5434 4
    endloop
  endfacet
  facet normal 0.555053 -0.831815 0
    outer loop
      vertex -17.75 98.616 4
      vertex -17.8588 98.5434 0
      vertex -17.75 98.616 0
    endloop
  endfacet
  facet normal 0.659749 -0.751486 0
    outer loop
      vertex -17.9571 98.4571 0
      vertex -17.8588 98.5434 4
      vertex -17.9571 98.4571 4
    endloop
  endfacet
  facet normal 0.659749 -0.751486 0
    outer loop
      vertex -17.8588 98.5434 4
      vertex -17.9571 98.4571 0
      vertex -17.8588 98.5434 0
    endloop
  endfacet
  facet normal 0.751486 -0.659749 0
    outer loop
      vertex -18.0434 98.3588 4
      vertex -17.9571 98.4571 0
      vertex -17.9571 98.4571 4
    endloop
  endfacet
  facet normal 0.751486 -0.659749 0
    outer loop
      vertex -17.9571 98.4571 0
      vertex -18.0434 98.3588 4
      vertex -18.0434 98.3588 0
    endloop
  endfacet
  facet normal 0.831815 -0.555053 0
    outer loop
      vertex -18.116 98.25 4
      vertex -18.0434 98.3588 0
      vertex -18.0434 98.3588 4
    endloop
  endfacet
  facet normal 0.831815 -0.555053 0
    outer loop
      vertex -18.0434 98.3588 0
      vertex -18.116 98.25 4
      vertex -18.116 98.25 0
    endloop
  endfacet
  facet normal 0.896709 -0.442621 0
    outer loop
      vertex -18.1739 98.1327 4
      vertex -18.116 98.25 0
      vertex -18.116 98.25 4
    endloop
  endfacet
  facet normal 0.896709 -0.442621 0
    outer loop
      vertex -18.116 98.25 0
      vertex -18.1739 98.1327 4
      vertex -18.1739 98.1327 0
    endloop
  endfacet
  facet normal 0.947066 -0.321039 0
    outer loop
      vertex -18.2159 98.0088 4
      vertex -18.1739 98.1327 0
      vertex -18.1739 98.1327 4
    endloop
  endfacet
  facet normal 0.947066 -0.321039 0
    outer loop
      vertex -18.1739 98.1327 0
      vertex -18.2159 98.0088 4
      vertex -18.2159 98.0088 0
    endloop
  endfacet
  facet normal 0.980815 -0.19494 0
    outer loop
      vertex -18.2414 97.8805 4
      vertex -18.2159 98.0088 0
      vertex -18.2159 98.0088 4
    endloop
  endfacet
  facet normal 0.980815 -0.19494 0
    outer loop
      vertex -18.2159 98.0088 0
      vertex -18.2414 97.8805 4
      vertex -18.2414 97.8805 0
    endloop
  endfacet
  facet normal 0.997836 -0.0657577 0
    outer loop
      vertex -18.25 97.75 4
      vertex -18.2414 97.8805 0
      vertex -18.2414 97.8805 4
    endloop
  endfacet
  facet normal 0.997836 -0.0657577 0
    outer loop
      vertex -18.2414 97.8805 0
      vertex -18.25 97.75 4
      vertex -18.25 97.75 0
    endloop
  endfacet
  facet normal 1 -0 0
    outer loop
      vertex -18.25 92.25 4
      vertex -18.25 97.75 0
      vertex -18.25 97.75 4
    endloop
  endfacet
  facet normal 1 0 0
    outer loop
      vertex -18.25 97.75 0
      vertex -18.25 92.25 4
      vertex -18.25 92.25 0
    endloop
  endfacet
  facet normal 0.997836 0.0657577 0
    outer loop
      vertex -18.2414 92.1195 4
      vertex -18.25 92.25 0
      vertex -18.25 92.25 4
    endloop
  endfacet
  facet normal 0.997836 0.0657577 0
    outer loop
      vertex -18.25 92.25 0
      vertex -18.2414 92.1195 4
      vertex -18.2414 92.1195 0
    endloop
  endfacet
  facet normal 0.980815 0.19494 0
    outer loop
      vertex -18.2159 91.9912 4
      vertex -18.2414 92.1195 0
      vertex -18.2414 92.1195 4
    endloop
  endfacet
  facet normal 0.980815 0.19494 0
    outer loop
      vertex -18.2414 92.1195 0
      vertex -18.2159 91.9912 4
      vertex -18.2159 91.9912 0
    endloop
  endfacet
  facet normal 0.947066 0.321039 0
    outer loop
      vertex -18.1739 91.8673 4
      vertex -18.2159 91.9912 0
      vertex -18.2159 91.9912 4
    endloop
  endfacet
  facet normal 0.947066 0.321039 0
    outer loop
      vertex -18.2159 91.9912 0
      vertex -18.1739 91.8673 4
      vertex -18.1739 91.8673 0
    endloop
  endfacet
  facet normal 0.896709 0.442621 0
    outer loop
      vertex -18.116 91.75 4
      vertex -18.1739 91.8673 0
      vertex -18.1739 91.8673 4
    endloop
  endfacet
  facet normal 0.896709 0.442621 0
    outer loop
      vertex -18.1739 91.8673 0
      vertex -18.116 91.75 4
      vertex -18.116 91.75 0
    endloop
  endfacet
  facet normal 0.831815 0.555053 0
    outer loop
      vertex -18.0434 91.6412 4
      vertex -18.116 91.75 0
      vertex -18.116 91.75 4
    endloop
  endfacet
  facet normal 0.831815 0.555053 0
    outer loop
      vertex -18.116 91.75 0
      vertex -18.0434 91.6412 4
      vertex -18.0434 91.6412 0
    endloop
  endfacet
  facet normal 0.751486 0.659749 0
    outer loop
      vertex -17.9571 91.5429 4
      vertex -18.0434 91.6412 0
      vertex -18.0434 91.6412 4
    endloop
  endfacet
  facet normal 0.751486 0.659749 0
    outer loop
      vertex -18.0434 91.6412 0
      vertex -17.9571 91.5429 4
      vertex -17.9571 91.5429 0
    endloop
  endfacet
  facet normal 0.659749 0.751486 -0
    outer loop
      vertex -17.8588 91.4566 0
      vertex -17.9571 91.5429 4
      vertex -17.8588 91.4566 4
    endloop
  endfacet
  facet normal 0.659749 0.751486 0
    outer loop
      vertex -17.9571 91.5429 4
      vertex -17.8588 91.4566 0
      vertex -17.9571 91.5429 0
    endloop
  endfacet
  facet normal 0.555053 0.831815 -0
    outer loop
      vertex -17.75 91.384 0
      vertex -17.8588 91.4566 4
      vertex -17.75 91.384 4
    endloop
  endfacet
  facet normal 0.555053 0.831815 0
    outer loop
      vertex -17.8588 91.4566 4
      vertex -17.75 91.384 0
      vertex -17.8588 91.4566 0
    endloop
  endfacet
  facet normal 0.442621 0.896709 -0
    outer loop
      vertex -17.6327 91.3261 0
      vertex -17.75 91.384 4
      vertex -17.6327 91.3261 4
    endloop
  endfacet
  facet normal 0.442621 0.896709 0
    outer loop
      vertex -17.75 91.384 4
      vertex -17.6327 91.3261 0
      vertex -17.75 91.384 0
    endloop
  endfacet
  facet normal 0.321039 0.947066 -0
    outer loop
      vertex -17.5088 91.2841 0
      vertex -17.6327 91.3261 4
      vertex -17.5088 91.2841 4
    endloop
  endfacet
  facet normal 0.321039 0.947066 0
    outer loop
      vertex -17.6327 91.3261 4
      vertex -17.5088 91.2841 0
      vertex -17.6327 91.3261 0
    endloop
  endfacet
  facet normal 0.19494 0.980815 -0
    outer loop
      vertex -17.3805 91.2586 0
      vertex -17.5088 91.2841 4
      vertex -17.3805 91.2586 4
    endloop
  endfacet
  facet normal 0.19494 0.980815 0
    outer loop
      vertex -17.5088 91.2841 4
      vertex -17.3805 91.2586 0
      vertex -17.5088 91.2841 0
    endloop
  endfacet
  facet normal 0.0657577 0.997836 -0
    outer loop
      vertex -17.25 91.25 0
      vertex -17.3805 91.2586 4
      vertex -17.25 91.25 4
    endloop
  endfacet
  facet normal 0.0657577 0.997836 0
    outer loop
      vertex -17.3805 91.2586 4
      vertex -17.25 91.25 0
      vertex -17.3805 91.2586 0
    endloop
  endfacet
  facet normal 0 1 0
    outer loop
      vertex -2.75 91.25 2
      vertex -2.75 91.25 0
      vertex -10 91.25 2
    endloop
  endfacet
  facet normal 0 1 -0
    outer loop
      vertex -10 91.25 2
      vertex -17.25 91.25 4
      vertex -10 91.25 4
    endloop
  endfacet
  facet normal 0 1 0
    outer loop
      vertex -17.25 91.25 0
      vertex -10 91.25 2
      vertex -2.75 91.25 0
    endloop
  endfacet
  facet normal 0 1 0
    outer loop
      vertex -10 91.25 2
      vertex -17.25 91.25 0
      vertex -17.25 91.25 4
    endloop
  endfacet
  facet normal -0.0657477 0.997836 0
    outer loop
      vertex -2.61948 91.2586 0
      vertex -2.75 91.25 2
      vertex -2.61948 91.2586 2
    endloop
  endfacet
  facet normal -0.0657477 0.997836 0
    outer loop
      vertex -2.75 91.25 2
      vertex -2.61948 91.2586 0
      vertex -2.75 91.25 0
    endloop
  endfacet
  facet normal -0.194922 0.980819 0
    outer loop
      vertex -24.5859 93.4545 0
      vertex -24.7912 93.4137 4
      vertex -24.5859 93.4545 4
    endloop
  endfacet
  facet normal -0.194922 0.980819 0
    outer loop
      vertex -24.7912 93.4137 4
      vertex -24.5859 93.4545 0
      vertex -24.7912 93.4137 0
    endloop
  endfacet
  facet normal -0.321526 0.946901 0
    outer loop
      vertex -24.3877 93.5218 0
      vertex -24.5859 93.4545 4
      vertex -24.3877 93.5218 4
    endloop
  endfacet
  facet normal -0.321526 0.946901 0
    outer loop
      vertex -24.5859 93.4545 4
      vertex -24.3877 93.5218 0
      vertex -24.5859 93.4545 0
    endloop
  endfacet
  facet normal -0.442429 0.896803 0
    outer loop
      vertex -24.2 93.6144 0
      vertex -24.3877 93.5218 4
      vertex -24.2 93.6144 4
    endloop
  endfacet
  facet normal -0.442429 0.896803 0
    outer loop
      vertex -24.3877 93.5218 4
      vertex -24.2 93.6144 0
      vertex -24.3877 93.5218 0
    endloop
  endfacet
  facet normal -0.555362 0.831609 0
    outer loop
      vertex -24.026 93.7306 0
      vertex -24.2 93.6144 4
      vertex -24.026 93.7306 4
    endloop
  endfacet
  facet normal -0.555362 0.831609 0
    outer loop
      vertex -24.2 93.6144 4
      vertex -24.026 93.7306 0
      vertex -24.2 93.6144 0
    endloop
  endfacet
  facet normal -0.659248 0.751925 0
    outer loop
      vertex -23.8686 93.8686 0
      vertex -24.026 93.7306 4
      vertex -23.8686 93.8686 4
    endloop
  endfacet
  facet normal -0.659248 0.751925 0
    outer loop
      vertex -24.026 93.7306 4
      vertex -23.8686 93.8686 0
      vertex -24.026 93.7306 0
    endloop
  endfacet
  facet normal -0.751925 0.659248 0
    outer loop
      vertex -23.8686 93.8686 0
      vertex -23.7306 94.026 4
      vertex -23.7306 94.026 0
    endloop
  endfacet
  facet normal -0.751925 0.659248 0
    outer loop
      vertex -23.7306 94.026 4
      vertex -23.8686 93.8686 0
      vertex -23.8686 93.8686 4
    endloop
  endfacet
  facet normal -0.831388 0.555692 0
    outer loop
      vertex -23.7306 94.026 0
      vertex -23.6143 94.2 4
      vertex -23.6143 94.2 0
    endloop
  endfacet
  facet normal -0.831388 0.555692 0
    outer loop
      vertex -23.6143 94.2 4
      vertex -23.7306 94.026 0
      vertex -23.7306 94.026 4
    endloop
  endfacet
  facet normal -0.896993 0.442045 0
    outer loop
      vertex -23.6143 94.2 0
      vertex -23.5218 94.3877 4
      vertex -23.5218 94.3877 0
    endloop
  endfacet
  facet normal -0.896993 0.442045 0
    outer loop
      vertex -23.5218 94.3877 4
      vertex -23.6143 94.2 0
      vertex -23.6143 94.2 4
    endloop
  endfacet
  facet normal -0.946901 0.321526 0
    outer loop
      vertex -23.5218 94.3877 0
      vertex -23.4545 94.5859 4
      vertex -23.4545 94.5859 0
    endloop
  endfacet
  facet normal -0.946901 0.321526 0
    outer loop
      vertex -23.4545 94.5859 4
      vertex -23.5218 94.3877 0
      vertex -23.5218 94.3877 4
    endloop
  endfacet
  facet normal -0.980819 0.194922 0
    outer loop
      vertex -23.4545 94.5859 0
      vertex -23.4137 94.7912 4
      vertex -23.4137 94.7912 0
    endloop
  endfacet
  facet normal -0.980819 0.194922 0
    outer loop
      vertex -23.4137 94.7912 4
      vertex -23.4545 94.5859 0
      vertex -23.4545 94.5859 4
    endloop
  endfacet
  facet normal -0.997854 0.0654722 0
    outer loop
      vertex -23.4137 94.7912 0
      vertex -23.4 95 4
      vertex -23.4 95 0
    endloop
  endfacet
  facet normal -0.997854 0.0654722 0
    outer loop
      vertex -23.4 95 4
      vertex -23.4137 94.7912 0
      vertex -23.4137 94.7912 4
    endloop
  endfacet
  facet normal -0.997854 -0.0654722 0
    outer loop
      vertex -23.4 95 0
      vertex -23.4137 95.2088 4
      vertex -23.4137 95.2088 0
    endloop
  endfacet
  facet normal -0.997854 -0.0654722 0
    outer loop
      vertex -23.4137 95.2088 4
      vertex -23.4 95 0
      vertex -23.4 95 4
    endloop
  endfacet
  facet normal -0.980819 -0.194922 0
    outer loop
      vertex -23.4137 95.2088 0
      vertex -23.4545 95.4141 4
      vertex -23.4545 95.4141 0
    endloop
  endfacet
  facet normal -0.980819 -0.194922 0
    outer loop
      vertex -23.4545 95.4141 4
      vertex -23.4137 95.2088 0
      vertex -23.4137 95.2088 4
    endloop
  endfacet
  facet normal -0.946901 -0.321526 0
    outer loop
      vertex -23.4545 95.4141 0
      vertex -23.5218 95.6123 4
      vertex -23.5218 95.6123 0
    endloop
  endfacet
  facet normal -0.946901 -0.321526 0
    outer loop
      vertex -23.5218 95.6123 4
      vertex -23.4545 95.4141 0
      vertex -23.4545 95.4141 4
    endloop
  endfacet
  facet normal -0.896993 -0.442045 0
    outer loop
      vertex -23.5218 95.6123 0
      vertex -23.6143 95.8 4
      vertex -23.6143 95.8 0
    endloop
  endfacet
  facet normal -0.896993 -0.442045 0
    outer loop
      vertex -23.6143 95.8 4
      vertex -23.5218 95.6123 0
      vertex -23.5218 95.6123 4
    endloop
  endfacet
  facet normal -0.831388 -0.555692 0
    outer loop
      vertex -23.6143 95.8 0
      vertex -23.7306 95.974 4
      vertex -23.7306 95.974 0
    endloop
  endfacet
  facet normal -0.831388 -0.555692 0
    outer loop
      vertex -23.7306 95.974 4
      vertex -23.6143 95.8 0
      vertex -23.6143 95.8 4
    endloop
  endfacet
  facet normal -0.751925 -0.659248 0
    outer loop
      vertex -23.7306 95.974 0
      vertex -23.8686 96.1314 4
      vertex -23.8686 96.1314 0
    endloop
  endfacet
  facet normal -0.751925 -0.659248 0
    outer loop
      vertex -23.8686 96.1314 4
      vertex -23.7306 95.974 0
      vertex -23.7306 95.974 4
    endloop
  endfacet
  facet normal -0.659248 -0.751925 0
    outer loop
      vertex -24.026 96.2694 0
      vertex -23.8686 96.1314 4
      vertex -24.026 96.2694 4
    endloop
  endfacet
  facet normal -0.659248 -0.751925 -0
    outer loop
      vertex -23.8686 96.1314 4
      vertex -24.026 96.2694 0
      vertex -23.8686 96.1314 0
    endloop
  endfacet
  facet normal -0.555362 -0.831609 0
    outer loop
      vertex -24.2 96.3856 0
      vertex -24.026 96.2694 4
      vertex -24.2 96.3856 4
    endloop
  endfacet
  facet normal -0.555362 -0.831609 -0
    outer loop
      vertex -24.026 96.2694 4
      vertex -24.2 96.3856 0
      vertex -24.026 96.2694 0
    endloop
  endfacet
  facet normal -0.442429 -0.896803 0
    outer loop
      vertex -24.3877 96.4782 0
      vertex -24.2 96.3856 4
      vertex -24.3877 96.4782 4
    endloop
  endfacet
  facet normal -0.442429 -0.896803 -0
    outer loop
      vertex -24.2 96.3856 4
      vertex -24.3877 96.4782 0
      vertex -24.2 96.3856 0
    endloop
  endfacet
  facet normal -0.321526 -0.946901 0
    outer loop
      vertex -24.5859 96.5455 0
      vertex -24.3877 96.4782 4
      vertex -24.5859 96.5455 4
    endloop
  endfacet
  facet normal -0.321526 -0.946901 -0
    outer loop
      vertex -24.3877 96.4782 4
      vertex -24.5859 96.5455 0
      vertex -24.3877 96.4782 0
    endloop
  endfacet
  facet normal -0.194922 -0.980819 0
    outer loop
      vertex -24.7912 96.5863 0
      vertex -24.5859 96.5455 4
      vertex -24.7912 96.5863 4
    endloop
  endfacet
  facet normal -0.194922 -0.980819 -0
    outer loop
      vertex -24.5859 96.5455 4
      vertex -24.7912 96.5863 0
      vertex -24.5859 96.5455 0
    endloop
  endfacet
  facet normal -0.0654722 -0.997854 0
    outer loop
      vertex -25 96.6 0
      vertex -24.7912 96.5863 4
      vertex -25 96.6 4
    endloop
  endfacet
  facet normal -0.0654722 -0.997854 -0
    outer loop
      vertex -24.7912 96.5863 4
      vertex -25 96.6 0
      vertex -24.7912 96.5863 0
    endloop
  endfacet
  facet normal 0.0654722 -0.997854 0
    outer loop
      vertex -25.2088 96.5863 0
      vertex -25 96.6 4
      vertex -25.2088 96.5863 4
    endloop
  endfacet
  facet normal 0.0654722 -0.997854 0
    outer loop
      vertex -25 96.6 4
      vertex -25.2088 96.5863 0
      vertex -25 96.6 0
    endloop
  endfacet
  facet normal 0.194922 -0.980819 0
    outer loop
      vertex -25.4141 96.5455 0
      vertex -25.2088 96.5863 4
      vertex -25.4141 96.5455 4
    endloop
  endfacet
  facet normal 0.194922 -0.980819 0
    outer loop
      vertex -25.2088 96.5863 4
      vertex -25.4141 96.5455 0
      vertex -25.2088 96.5863 0
    endloop
  endfacet
  facet normal 0.321526 -0.946901 0
    outer loop
      vertex -25.6123 96.4782 0
      vertex -25.4141 96.5455 4
      vertex -25.6123 96.4782 4
    endloop
  endfacet
  facet normal 0.321526 -0.946901 0
    outer loop
      vertex -25.4141 96.5455 4
      vertex -25.6123 96.4782 0
      vertex -25.4141 96.5455 0
    endloop
  endfacet
  facet normal 0.442429 -0.896803 0
    outer loop
      vertex -25.8 96.3856 0
      vertex -25.6123 96.4782 4
      vertex -25.8 96.3856 4
    endloop
  endfacet
  facet normal 0.442429 -0.896803 0
    outer loop
      vertex -25.6123 96.4782 4
      vertex -25.8 96.3856 0
      vertex -25.6123 96.4782 0
    endloop
  endfacet
  facet normal 0.555362 -0.831609 0
    outer loop
      vertex -25.974 96.2694 0
      vertex -25.8 96.3856 4
      vertex -25.974 96.2694 4
    endloop
  endfacet
  facet normal 0.555362 -0.831609 0
    outer loop
      vertex -25.8 96.3856 4
      vertex -25.974 96.2694 0
      vertex -25.8 96.3856 0
    endloop
  endfacet
  facet normal 0.659248 -0.751925 0
    outer loop
      vertex -26.1314 96.1314 0
      vertex -25.974 96.2694 4
      vertex -26.1314 96.1314 4
    endloop
  endfacet
  facet normal 0.659248 -0.751925 0
    outer loop
      vertex -25.974 96.2694 4
      vertex -26.1314 96.1314 0
      vertex -25.974 96.2694 0
    endloop
  endfacet
  facet normal 0.751925 -0.659248 0
    outer loop
      vertex -26.2694 95.974 4
      vertex -26.1314 96.1314 0
      vertex -26.1314 96.1314 4
    endloop
  endfacet
  facet normal 0.751925 -0.659248 0
    outer loop
      vertex -26.1314 96.1314 0
      vertex -26.2694 95.974 4
      vertex -26.2694 95.974 0
    endloop
  endfacet
  facet normal 0.831609 -0.555362 0
    outer loop
      vertex -26.3856 95.8 4
      vertex -26.2694 95.974 0
      vertex -26.2694 95.974 4
    endloop
  endfacet
  facet normal 0.831609 -0.555362 0
    outer loop
      vertex -26.2694 95.974 0
      vertex -26.3856 95.8 4
      vertex -26.3856 95.8 0
    endloop
  endfacet
  facet normal 0.896803 -0.442429 0
    outer loop
      vertex -26.4782 95.6123 4
      vertex -26.3856 95.8 0
      vertex -26.3856 95.8 4
    endloop
  endfacet
  facet normal 0.896803 -0.442429 0
    outer loop
      vertex -26.3856 95.8 0
      vertex -26.4782 95.6123 4
      vertex -26.4782 95.6123 0
    endloop
  endfacet
  facet normal 0.946901 -0.321526 0
    outer loop
      vertex -26.5455 95.4141 4
      vertex -26.4782 95.6123 0
      vertex -26.4782 95.6123 4
    endloop
  endfacet
  facet normal 0.946901 -0.321526 0
    outer loop
      vertex -26.4782 95.6123 0
      vertex -26.5455 95.4141 4
      vertex -26.5455 95.4141 0
    endloop
  endfacet
  facet normal 0.980819 -0.194922 0
    outer loop
      vertex -26.5863 95.2088 4
      vertex -26.5455 95.4141 0
      vertex -26.5455 95.4141 4
    endloop
  endfacet
  facet normal 0.980819 -0.194922 0
    outer loop
      vertex -26.5455 95.4141 0
      vertex -26.5863 95.2088 4
      vertex -26.5863 95.2088 0
    endloop
  endfacet
  facet normal 0.997854 -0.0654722 0
    outer loop
      vertex -26.6 95 4
      vertex -26.5863 95.2088 0
      vertex -26.5863 95.2088 4
    endloop
  endfacet
  facet normal 0.997854 -0.0654722 0
    outer loop
      vertex -26.5863 95.2088 0
      vertex -26.6 95 4
      vertex -26.6 95 0
    endloop
  endfacet
  facet normal 0.997854 0.0654722 0
    outer loop
      vertex -26.5863 94.7912 4
      vertex -26.6 95 0
      vertex -26.6 95 4
    endloop
  endfacet
  facet normal 0.997854 0.0654722 0
    outer loop
      vertex -26.6 95 0
      vertex -26.5863 94.7912 4
      vertex -26.5863 94.7912 0
    endloop
  endfacet
  facet normal 0.980819 0.194922 0
    outer loop
      vertex -26.5455 94.5859 4
      vertex -26.5863 94.7912 0
      vertex -26.5863 94.7912 4
    endloop
  endfacet
  facet normal 0.980819 0.194922 0
    outer loop
      vertex -26.5863 94.7912 0
      vertex -26.5455 94.5859 4
      vertex -26.5455 94.5859 0
    endloop
  endfacet
  facet normal 0.946901 0.321526 0
    outer loop
      vertex -26.4782 94.3877 4
      vertex -26.5455 94.5859 0
      vertex -26.5455 94.5859 4
    endloop
  endfacet
  facet normal 0.946901 0.321526 0
    outer loop
      vertex -26.5455 94.5859 0
      vertex -26.4782 94.3877 4
      vertex -26.4782 94.3877 0
    endloop
  endfacet
  facet normal 0.896803 0.442429 0
    outer loop
      vertex -26.3856 94.2 4
      vertex -26.4782 94.3877 0
      vertex -26.4782 94.3877 4
    endloop
  endfacet
  facet normal 0.896803 0.442429 0
    outer loop
      vertex -26.4782 94.3877 0
      vertex -26.3856 94.2 4
      vertex -26.3856 94.2 0
    endloop
  endfacet
  facet normal 0.831609 0.555362 0
    outer loop
      vertex -26.2694 94.026 4
      vertex -26.3856 94.2 0
      vertex -26.3856 94.2 4
    endloop
  endfacet
  facet normal 0.831609 0.555362 0
    outer loop
      vertex -26.3856 94.2 0
      vertex -26.2694 94.026 4
      vertex -26.2694 94.026 0
    endloop
  endfacet
  facet normal 0.751925 0.659248 0
    outer loop
      vertex -26.1314 93.8686 4
      vertex -26.2694 94.026 0
      vertex -26.2694 94.026 4
    endloop
  endfacet
  facet normal 0.751925 0.659248 0
    outer loop
      vertex -26.2694 94.026 0
      vertex -26.1314 93.8686 4
      vertex -26.1314 93.8686 0
    endloop
  endfacet
  facet normal 0.659248 0.751925 -0
    outer loop
      vertex -25.974 93.7306 0
      vertex -26.1314 93.8686 4
      vertex -25.974 93.7306 4
    endloop
  endfacet
  facet normal 0.659248 0.751925 0
    outer loop
      vertex -26.1314 93.8686 4
      vertex -25.974 93.7306 0
      vertex -26.1314 93.8686 0
    endloop
  endfacet
  facet normal 0.555362 0.831609 -0
    outer loop
      vertex -25.8 93.6144 0
      vertex -25.974 93.7306 4
      vertex -25.8 93.6144 4
    endloop
  endfacet
  facet normal 0.555362 0.831609 0
    outer loop
      vertex -25.974 93.7306 4
      vertex -25.8 93.6144 0
      vertex -25.974 93.7306 0
    endloop
  endfacet
  facet normal 0.442429 0.896803 -0
    outer loop
      vertex -25.6123 93.5218 0
      vertex -25.8 93.6144 4
      vertex -25.6123 93.5218 4
    endloop
  endfacet
  facet normal 0.442429 0.896803 0
    outer loop
      vertex -25.8 93.6144 4
      vertex -25.6123 93.5218 0
      vertex -25.8 93.6144 0
    endloop
  endfacet
  facet normal 0.321526 0.946901 -0
    outer loop
      vertex -25.4141 93.4545 0
      vertex -25.6123 93.5218 4
      vertex -25.4141 93.4545 4
    endloop
  endfacet
  facet normal 0.321526 0.946901 0
    outer loop
      vertex -25.6123 93.5218 4
      vertex -25.4141 93.4545 0
      vertex -25.6123 93.5218 0
    endloop
  endfacet
  facet normal 0.194922 0.980819 -0
    outer loop
      vertex -25.2088 93.4137 0
      vertex -25.4141 93.4545 4
      vertex -25.2088 93.4137 4
    endloop
  endfacet
  facet normal 0.194922 0.980819 0
    outer loop
      vertex -25.4141 93.4545 4
      vertex -25.2088 93.4137 0
      vertex -25.4141 93.4545 0
    endloop
  endfacet
  facet normal 0.0654722 0.997854 -0
    outer loop
      vertex -25 93.4 0
      vertex -25.2088 93.4137 4
      vertex -25 93.4 4
    endloop
  endfacet
  facet normal 0.0654722 0.997854 0
    outer loop
      vertex -25.2088 93.4137 4
      vertex -25 93.4 0
      vertex -25.2088 93.4137 0
    endloop
  endfacet
  facet normal -0.0654722 0.997854 0
    outer loop
      vertex -24.7912 93.4137 0
      vertex -25 93.4 4
      vertex -24.7912 93.4137 4
    endloop
  endfacet
  facet normal -0.0654722 0.997854 0
    outer loop
      vertex -25 93.4 4
      vertex -24.7912 93.4137 0
      vertex -25 93.4 0
    endloop
  endfacet
  facet normal -0.19494 0.980815 0
    outer loop
      vertex 5.41411 93.4545 0
      vertex 5.20883 93.4137 2
      vertex 5.41411 93.4545 2
    endloop
  endfacet
  facet normal -0.19494 0.980815 0
    outer loop
      vertex 5.20883 93.4137 2
      vertex 5.41411 93.4545 0
      vertex 5.20883 93.4137 0
    endloop
  endfacet
  facet normal -0.321555 0.946891 0
    outer loop
      vertex 5.61229 93.5218 0
      vertex 5.41411 93.4545 2
      vertex 5.61229 93.5218 2
    endloop
  endfacet
  facet normal -0.321555 0.946891 0
    outer loop
      vertex 5.41411 93.4545 2
      vertex 5.61229 93.5218 0
      vertex 5.41411 93.4545 0
    endloop
  endfacet
  facet normal -0.442429 0.896803 0
    outer loop
      vertex 5.79999 93.6144 0
      vertex 5.61229 93.5218 2
      vertex 5.79999 93.6144 2
    endloop
  endfacet
  facet normal -0.442429 0.896803 0
    outer loop
      vertex 5.61229 93.5218 2
      vertex 5.79999 93.6144 0
      vertex 5.61229 93.5218 0
    endloop
  endfacet
  facet normal -0.555318 0.831638 0
    outer loop
      vertex 5.97401 93.7306 0
      vertex 5.79999 93.6144 2
      vertex 5.97401 93.7306 2
    endloop
  endfacet
  facet normal -0.555318 0.831638 0
    outer loop
      vertex 5.79999 93.6144 2
      vertex 5.97401 93.7306 0
      vertex 5.79999 93.6144 0
    endloop
  endfacet
  facet normal -0.659367 0.751821 0
    outer loop
      vertex 6.13136 93.8686 0
      vertex 5.97401 93.7306 2
      vertex 6.13136 93.8686 2
    endloop
  endfacet
  facet normal -0.659367 0.751821 0
    outer loop
      vertex 5.97401 93.7306 2
      vertex 6.13136 93.8686 0
      vertex 5.97401 93.7306 0
    endloop
  endfacet
  facet normal -0.751925 0.659248 0
    outer loop
      vertex 6.13136 93.8686 0
      vertex 6.26936 94.026 2
      vertex 6.26936 94.026 0
    endloop
  endfacet
  facet normal -0.751925 0.659248 0
    outer loop
      vertex 6.26936 94.026 2
      vertex 6.13136 93.8686 0
      vertex 6.13136 93.8686 2
    endloop
  endfacet
  facet normal -0.831432 0.555626 0
    outer loop
      vertex 6.26936 94.026 0
      vertex 6.38564 94.2 2
      vertex 6.38564 94.2 0
    endloop
  endfacet
  facet normal -0.831432 0.555626 0
    outer loop
      vertex 6.38564 94.2 2
      vertex 6.26936 94.026 0
      vertex 6.26936 94.026 2
    endloop
  endfacet
  facet normal -0.896879 0.442276 0
    outer loop
      vertex 6.38564 94.2 0
      vertex 6.4782 94.3877 2
      vertex 6.4782 94.3877 0
    endloop
  endfacet
  facet normal -0.896879 0.442276 0
    outer loop
      vertex 6.4782 94.3877 2
      vertex 6.38564 94.2 0
      vertex 6.38564 94.2 2
    endloop
  endfacet
  facet normal -0.946944 0.321397 0
    outer loop
      vertex 6.4782 94.3877 0
      vertex 6.54547 94.5859 2
      vertex 6.54547 94.5859 0
    endloop
  endfacet
  facet normal -0.946944 0.321397 0
    outer loop
      vertex 6.54547 94.5859 2
      vertex 6.4782 94.3877 0
      vertex 6.4782 94.3877 2
    endloop
  endfacet
  facet normal -0.980791 0.195059 0
    outer loop
      vertex 6.54547 94.5859 0
      vertex 6.5863 94.7912 2
      vertex 6.5863 94.7912 0
    endloop
  endfacet
  facet normal -0.980791 0.195059 0
    outer loop
      vertex 6.5863 94.7912 2
      vertex 6.54547 94.5859 0
      vertex 6.54547 94.5859 2
    endloop
  endfacet
  facet normal -0.997858 0.0654247 0
    outer loop
      vertex 6.5863 94.7912 0
      vertex 6.59999 95 2
      vertex 6.59999 95 0
    endloop
  endfacet
  facet normal -0.997858 0.0654247 0
    outer loop
      vertex 6.59999 95 2
      vertex 6.5863 94.7912 0
      vertex 6.5863 94.7912 2
    endloop
  endfacet
  facet normal -0.997858 -0.0654247 0
    outer loop
      vertex 6.59999 95 0
      vertex 6.5863 95.2088 2
      vertex 6.5863 95.2088 0
    endloop
  endfacet
  facet normal -0.997858 -0.0654247 0
    outer loop
      vertex 6.5863 95.2088 2
      vertex 6.59999 95 0
      vertex 6.59999 95 2
    endloop
  endfacet
  facet normal -0.980791 -0.195059 0
    outer loop
      vertex 6.5863 95.2088 0
      vertex 6.54547 95.4141 2
      vertex 6.54547 95.4141 0
    endloop
  endfacet
  facet normal -0.980791 -0.195059 0
    outer loop
      vertex 6.54547 95.4141 2
      vertex 6.5863 95.2088 0
      vertex 6.5863 95.2088 2
    endloop
  endfacet
  facet normal -0.946944 -0.321397 0
    outer loop
      vertex 6.54547 95.4141 0
      vertex 6.4782 95.6123 2
      vertex 6.4782 95.6123 0
    endloop
  endfacet
  facet normal -0.946944 -0.321397 0
    outer loop
      vertex 6.4782 95.6123 2
      vertex 6.54547 95.4141 0
      vertex 6.54547 95.4141 2
    endloop
  endfacet
  facet normal -0.896879 -0.442276 0
    outer loop
      vertex 6.4782 95.6123 0
      vertex 6.38564 95.8 2
      vertex 6.38564 95.8 0
    endloop
  endfacet
  facet normal -0.896879 -0.442276 0
    outer loop
      vertex 6.38564 95.8 2
      vertex 6.4782 95.6123 0
      vertex 6.4782 95.6123 2
    endloop
  endfacet
  facet normal -0.831432 -0.555626 0
    outer loop
      vertex 6.38564 95.8 0
      vertex 6.26936 95.974 2
      vertex 6.26936 95.974 0
    endloop
  endfacet
  facet normal -0.831432 -0.555626 0
    outer loop
      vertex 6.26936 95.974 2
      vertex 6.38564 95.8 0
      vertex 6.38564 95.8 2
    endloop
  endfacet
  facet normal -0.751925 -0.659248 0
    outer loop
      vertex 6.26936 95.974 0
      vertex 6.13136 96.1314 2
      vertex 6.13136 96.1314 0
    endloop
  endfacet
  facet normal -0.751925 -0.659248 0
    outer loop
      vertex 6.13136 96.1314 2
      vertex 6.26936 95.974 0
      vertex 6.26936 95.974 2
    endloop
  endfacet
  facet normal -0.659367 -0.751821 0
    outer loop
      vertex 5.97401 96.2694 0
      vertex 6.13136 96.1314 2
      vertex 5.97401 96.2694 2
    endloop
  endfacet
  facet normal -0.659367 -0.751821 -0
    outer loop
      vertex 6.13136 96.1314 2
      vertex 5.97401 96.2694 0
      vertex 6.13136 96.1314 0
    endloop
  endfacet
  facet normal -0.555318 -0.831638 0
    outer loop
      vertex 5.79999 96.3856 0
      vertex 5.97401 96.2694 2
      vertex 5.79999 96.3856 2
    endloop
  endfacet
  facet normal -0.555318 -0.831638 -0
    outer loop
      vertex 5.97401 96.2694 2
      vertex 5.79999 96.3856 0
      vertex 5.97401 96.2694 0
    endloop
  endfacet
  facet normal -0.442429 -0.896803 0
    outer loop
      vertex 5.61229 96.4782 0
      vertex 5.79999 96.3856 2
      vertex 5.61229 96.4782 2
    endloop
  endfacet
  facet normal -0.442429 -0.896803 -0
    outer loop
      vertex 5.79999 96.3856 2
      vertex 5.61229 96.4782 0
      vertex 5.79999 96.3856 0
    endloop
  endfacet
  facet normal -0.321555 -0.946891 0
    outer loop
      vertex 5.41411 96.5455 0
      vertex 5.61229 96.4782 2
      vertex 5.41411 96.5455 2
    endloop
  endfacet
  facet normal -0.321555 -0.946891 -0
    outer loop
      vertex 5.61229 96.4782 2
      vertex 5.41411 96.5455 0
      vertex 5.61229 96.4782 0
    endloop
  endfacet
  facet normal -0.19494 -0.980815 0
    outer loop
      vertex 5.20883 96.5863 0
      vertex 5.41411 96.5455 2
      vertex 5.20883 96.5863 2
    endloop
  endfacet
  facet normal -0.19494 -0.980815 -0
    outer loop
      vertex 5.41411 96.5455 2
      vertex 5.20883 96.5863 0
      vertex 5.41411 96.5455 0
    endloop
  endfacet
  facet normal -0.0654629 -0.997855 0
    outer loop
      vertex 5 96.6 0
      vertex 5.20883 96.5863 2
      vertex 5 96.6 2
    endloop
  endfacet
  facet normal -0.0654629 -0.997855 -0
    outer loop
      vertex 5.20883 96.5863 2
      vertex 5 96.6 0
      vertex 5.20883 96.5863 0
    endloop
  endfacet
  facet normal 0.0654566 -0.997855 0
    outer loop
      vertex 4.79115 96.5863 0
      vertex 5 96.6 2
      vertex 4.79115 96.5863 2
    endloop
  endfacet
  facet normal 0.0654566 -0.997855 0
    outer loop
      vertex 5 96.6 2
      vertex 4.79115 96.5863 0
      vertex 5 96.6 0
    endloop
  endfacet
  facet normal 0.194949 -0.980813 0
    outer loop
      vertex 4.58588 96.5455 0
      vertex 4.79115 96.5863 2
      vertex 4.58588 96.5455 2
    endloop
  endfacet
  facet normal 0.194949 -0.980813 0
    outer loop
      vertex 4.79115 96.5863 2
      vertex 4.58588 96.5455 0
      vertex 4.79115 96.5863 0
    endloop
  endfacet
  facet normal 0.321555 -0.946891 0
    outer loop
      vertex 4.3877 96.4782 0
      vertex 4.58588 96.5455 2
      vertex 4.3877 96.4782 2
    endloop
  endfacet
  facet normal 0.321555 -0.946891 0
    outer loop
      vertex 4.58588 96.5455 2
      vertex 4.3877 96.4782 0
      vertex 4.58588 96.5455 0
    endloop
  endfacet
  facet normal 0.442429 -0.896803 0
    outer loop
      vertex 4.2 96.3856 0
      vertex 4.3877 96.4782 2
      vertex 4.2 96.3856 2
    endloop
  endfacet
  facet normal 0.442429 -0.896803 0
    outer loop
      vertex 4.3877 96.4782 2
      vertex 4.2 96.3856 0
      vertex 4.3877 96.4782 0
    endloop
  endfacet
  facet normal 0.555296 -0.831653 0
    outer loop
      vertex 4.02597 96.2694 0
      vertex 4.2 96.3856 2
      vertex 4.02597 96.2694 2
    endloop
  endfacet
  facet normal 0.555296 -0.831653 0
    outer loop
      vertex 4.2 96.3856 2
      vertex 4.02597 96.2694 0
      vertex 4.2 96.3856 0
    endloop
  endfacet
  facet normal 0.659367 -0.751821 0
    outer loop
      vertex 3.86862 96.1314 0
      vertex 4.02597 96.2694 2
      vertex 3.86862 96.1314 2
    endloop
  endfacet
  facet normal 0.659367 -0.751821 0
    outer loop
      vertex 4.02597 96.2694 2
      vertex 3.86862 96.1314 0
      vertex 4.02597 96.2694 0
    endloop
  endfacet
  facet normal 0.751925 -0.659248 0
    outer loop
      vertex 3.73062 95.974 2
      vertex 3.86862 96.1314 0
      vertex 3.86862 96.1314 2
    endloop
  endfacet
  facet normal 0.751925 -0.659248 0
    outer loop
      vertex 3.86862 96.1314 0
      vertex 3.73062 95.974 2
      vertex 3.73062 95.974 0
    endloop
  endfacet
  facet normal 0.831454 -0.555593 0
    outer loop
      vertex 3.61435 95.8 2
      vertex 3.73062 95.974 0
      vertex 3.73062 95.974 2
    endloop
  endfacet
  facet normal 0.831454 -0.555593 0
    outer loop
      vertex 3.73062 95.974 0
      vertex 3.61435 95.8 2
      vertex 3.61435 95.8 0
    endloop
  endfacet
  facet normal 0.896879 -0.442276 0
    outer loop
      vertex 3.52179 95.6123 2
      vertex 3.61435 95.8 0
      vertex 3.61435 95.8 2
    endloop
  endfacet
  facet normal 0.896879 -0.442276 0
    outer loop
      vertex 3.61435 95.8 0
      vertex 3.52179 95.6123 2
      vertex 3.52179 95.6123 0
    endloop
  endfacet
  facet normal 0.94693 -0.32144 0
    outer loop
      vertex 3.45451 95.4141 2
      vertex 3.52179 95.6123 0
      vertex 3.52179 95.6123 2
    endloop
  endfacet
  facet normal 0.94693 -0.32144 0
    outer loop
      vertex 3.52179 95.6123 0
      vertex 3.45451 95.4141 2
      vertex 3.45451 95.4141 0
    endloop
  endfacet
  facet normal 0.980791 -0.195059 0
    outer loop
      vertex 3.41368 95.2088 2
      vertex 3.45451 95.4141 0
      vertex 3.45451 95.4141 2
    endloop
  endfacet
  facet normal 0.980791 -0.195059 0
    outer loop
      vertex 3.45451 95.4141 0
      vertex 3.41368 95.2088 2
      vertex 3.41368 95.2088 0
    endloop
  endfacet
  facet normal 0.997858 -0.0654247 0
    outer loop
      vertex 3.39999 95 2
      vertex 3.41368 95.2088 0
      vertex 3.41368 95.2088 2
    endloop
  endfacet
  facet normal 0.997858 -0.0654247 0
    outer loop
      vertex 3.41368 95.2088 0
      vertex 3.39999 95 2
      vertex 3.39999 95 0
    endloop
  endfacet
  facet normal 0.997858 0.0654247 0
    outer loop
      vertex 3.41368 94.7912 2
      vertex 3.39999 95 0
      vertex 3.39999 95 2
    endloop
  endfacet
  facet normal 0.997858 0.0654247 0
    outer loop
      vertex 3.39999 95 0
      vertex 3.41368 94.7912 2
      vertex 3.41368 94.7912 0
    endloop
  endfacet
  facet normal 0.980791 0.195059 0
    outer loop
      vertex 3.45451 94.5859 2
      vertex 3.41368 94.7912 0
      vertex 3.41368 94.7912 2
    endloop
  endfacet
  facet normal 0.980791 0.195059 0
    outer loop
      vertex 3.41368 94.7912 0
      vertex 3.45451 94.5859 2
      vertex 3.45451 94.5859 0
    endloop
  endfacet
  facet normal 0.94693 0.32144 0
    outer loop
      vertex 3.52179 94.3877 2
      vertex 3.45451 94.5859 0
      vertex 3.45451 94.5859 2
    endloop
  endfacet
  facet normal 0.94693 0.32144 0
    outer loop
      vertex 3.45451 94.5859 0
      vertex 3.52179 94.3877 2
      vertex 3.52179 94.3877 0
    endloop
  endfacet
  facet normal 0.896879 0.442276 0
    outer loop
      vertex 3.61435 94.2 2
      vertex 3.52179 94.3877 0
      vertex 3.52179 94.3877 2
    endloop
  endfacet
  facet normal 0.896879 0.442276 0
    outer loop
      vertex 3.52179 94.3877 0
      vertex 3.61435 94.2 2
      vertex 3.61435 94.2 0
    endloop
  endfacet
  facet normal 0.831454 0.555593 0
    outer loop
      vertex 3.73062 94.026 2
      vertex 3.61435 94.2 0
      vertex 3.61435 94.2 2
    endloop
  endfacet
  facet normal 0.831454 0.555593 0
    outer loop
      vertex 3.61435 94.2 0
      vertex 3.73062 94.026 2
      vertex 3.73062 94.026 0
    endloop
  endfacet
  facet normal 0.751925 0.659248 0
    outer loop
      vertex 3.86862 93.8686 2
      vertex 3.73062 94.026 0
      vertex 3.73062 94.026 2
    endloop
  endfacet
  facet normal 0.751925 0.659248 0
    outer loop
      vertex 3.73062 94.026 0
      vertex 3.86862 93.8686 2
      vertex 3.86862 93.8686 0
    endloop
  endfacet
  facet normal 0.659367 0.751821 -0
    outer loop
      vertex 4.02597 93.7306 0
      vertex 3.86862 93.8686 2
      vertex 4.02597 93.7306 2
    endloop
  endfacet
  facet normal 0.659367 0.751821 0
    outer loop
      vertex 3.86862 93.8686 2
      vertex 4.02597 93.7306 0
      vertex 3.86862 93.8686 0
    endloop
  endfacet
  facet normal 0.555296 0.831653 -0
    outer loop
      vertex 4.2 93.6144 0
      vertex 4.02597 93.7306 2
      vertex 4.2 93.6144 2
    endloop
  endfacet
  facet normal 0.555296 0.831653 0
    outer loop
      vertex 4.02597 93.7306 2
      vertex 4.2 93.6144 0
      vertex 4.02597 93.7306 0
    endloop
  endfacet
  facet normal 0.442429 0.896803 -0
    outer loop
      vertex 4.3877 93.5218 0
      vertex 4.2 93.6144 2
      vertex 4.3877 93.5218 2
    endloop
  endfacet
  facet normal 0.442429 0.896803 0
    outer loop
      vertex 4.2 93.6144 2
      vertex 4.3877 93.5218 0
      vertex 4.2 93.6144 0
    endloop
  endfacet
  facet normal 0.321555 0.946891 -0
    outer loop
      vertex 4.58588 93.4545 0
      vertex 4.3877 93.5218 2
      vertex 4.58588 93.4545 2
    endloop
  endfacet
  facet normal 0.321555 0.946891 0
    outer loop
      vertex 4.3877 93.5218 2
      vertex 4.58588 93.4545 0
      vertex 4.3877 93.5218 0
    endloop
  endfacet
  facet normal 0.194949 0.980813 -0
    outer loop
      vertex 4.79115 93.4137 0
      vertex 4.58588 93.4545 2
      vertex 4.79115 93.4137 2
    endloop
  endfacet
  facet normal 0.194949 0.980813 0
    outer loop
      vertex 4.58588 93.4545 2
      vertex 4.79115 93.4137 0
      vertex 4.58588 93.4545 0
    endloop
  endfacet
  facet normal 0.0654566 0.997855 -0
    outer loop
      vertex 5 93.4 0
      vertex 4.79115 93.4137 2
      vertex 5 93.4 2
    endloop
  endfacet
  facet normal 0.0654566 0.997855 0
    outer loop
      vertex 4.79115 93.4137 2
      vertex 5 93.4 0
      vertex 4.79115 93.4137 0
    endloop
  endfacet
  facet normal -0.0654629 0.997855 0
    outer loop
      vertex 5.20883 93.4137 0
      vertex 5 93.4 2
      vertex 5.20883 93.4137 2
    endloop
  endfacet
  facet normal -0.0654629 0.997855 0
    outer loop
      vertex 5 93.4 2
      vertex 5.20883 93.4137 0
      vertex 5 93.4 0
    endloop
  endfacet
  facet normal 0 0 1
    outer loop
      vertex -180.382 82.9911 4
      vertex -135.8 93.6144 4
      vertex -180.142 83.35 4
    endloop
  endfacet
  facet normal 0 0 1
    outer loop
      vertex -120.676 2.61807 4
      vertex -179.728 0.430736 4
      vertex -179.7 0 4
    endloop
  endfacet
  facet normal 0 0 1
    outer loop
      vertex -135.8 93.6144 4
      vertex -180.382 82.9911 4
      vertex -135.612 93.5218 4
    endloop
  endfacet
  facet normal 0 0 1
    outer loop
      vertex -120.676 2.61807 4
      vertex -179.812 0.854102 4
      vertex -179.728 0.430736 4
    endloop
  endfacet
  facet normal 0 0 1
    outer loop
      vertex -180.667 82.6665 4
      vertex -135.612 93.5218 4
      vertex -180.382 82.9911 4
    endloop
  endfacet
  facet normal 0 0 1
    outer loop
      vertex -120.676 2.61807 4
      vertex -179.951 1.26285 4
      vertex -179.812 0.854102 4
    endloop
  endfacet
  facet normal 0 0 1
    outer loop
      vertex -135.612 93.5218 4
      vertex -180.667 82.6665 4
      vertex -135.414 93.4545 4
    endloop
  endfacet
  facet normal 0 0 1
    outer loop
      vertex -120.676 2.61807 4
      vertex -180.142 1.65 4
      vertex -179.951 1.26285 4
    endloop
  endfacet
  facet normal 0 0 1
    outer loop
      vertex -135.414 93.4545 4
      vertex -180.667 82.6665 4
      vertex -120.676 2.61807 4
    endloop
  endfacet
  facet normal 0 0 1
    outer loop
      vertex -120.676 2.61807 4
      vertex -180.382 2.00891 4
      vertex -180.142 1.65 4
    endloop
  endfacet
  facet normal -0 0 1
    outer loop
      vertex -180.991 82.3819 4
      vertex -120.676 2.61807 4
      vertex -180.667 82.6665 4
    endloop
  endfacet
  facet normal 0 0 1
    outer loop
      vertex -120.676 2.61807 4
      vertex -180.667 2.33345 4
      vertex -180.382 2.00891 4
    endloop
  endfacet
  facet normal 0 0 1
    outer loop
      vertex -180.991 2.61807 4
      vertex -120.676 2.61807 4
      vertex -180.991 82.3819 4
    endloop
  endfacet
  facet normal 0 0 1
    outer loop
      vertex -120.676 2.61807 4
      vertex -180.991 2.61807 4
      vertex -180.667 2.33345 4
    endloop
  endfacet
  facet normal -0 0 1
    outer loop
      vertex -181.35 82.1421 4
      vertex -180.991 2.61807 4
      vertex -180.991 82.3819 4
    endloop
  endfacet
  facet normal 0 0 1
    outer loop
      vertex -181.35 82.1421 4
      vertex -181.35 2.85788 4
      vertex -180.991 2.61807 4
    endloop
  endfacet
  facet normal -0 0 1
    outer loop
      vertex -181.737 81.9512 4
      vertex -181.35 2.85788 4
      vertex -181.35 82.1421 4
    endloop
  endfacet
  facet normal 0 0 1
    outer loop
      vertex -181.737 81.9512 4
      vertex -181.737 3.0488 4
      vertex -181.35 2.85788 4
    endloop
  endfacet
  facet normal -0 0 1
    outer loop
      vertex -182.146 81.8124 4
      vertex -181.737 3.0488 4
      vertex -181.737 81.9512 4
    endloop
  endfacet
  facet normal 0 0 1
    outer loop
      vertex -182.146 81.8124 4
      vertex -182.146 3.18755 4
      vertex -181.737 3.0488 4
    endloop
  endfacet
  facet normal -0 0 1
    outer loop
      vertex -182.569 81.7282 4
      vertex -182.146 3.18755 4
      vertex -182.146 81.8124 4
    endloop
  endfacet
  facet normal 0 0 1
    outer loop
      vertex -182.569 81.7282 4
      vertex -182.569 3.27177 4
      vertex -182.146 3.18755 4
    endloop
  endfacet
  facet normal -0 0 1
    outer loop
      vertex -183 81.7 4
      vertex -182.569 3.27177 4
      vertex -182.569 81.7282 4
    endloop
  endfacet
  facet normal 0 0 1
    outer loop
      vertex -183 81.7 4
      vertex -183 3.3 4
      vertex -182.569 3.27177 4
    endloop
  endfacet
  facet normal 0 0 1
    outer loop
      vertex -183.431 81.7282 4
      vertex -183 3.3 4
      vertex -183 81.7 4
    endloop
  endfacet
  facet normal 0 0 1
    outer loop
      vertex -183.431 81.7282 4
      vertex -183.431 3.27177 4
      vertex -183 3.3 4
    endloop
  endfacet
  facet normal 0 0 1
    outer loop
      vertex -183.854 81.8124 4
      vertex -183.431 3.27177 4
      vertex -183.431 81.7282 4
    endloop
  endfacet
  facet normal 0 0 1
    outer loop
      vertex -183.854 81.8124 4
      vertex -183.854 3.18755 4
      vertex -183.431 3.27177 4
    endloop
  endfacet
  facet normal 0 0 1
    outer loop
      vertex -184.263 81.9512 4
      vertex -183.854 3.18755 4
      vertex -183.854 81.8124 4
    endloop
  endfacet
  facet normal 0 0 1
    outer loop
      vertex -184.263 81.9512 4
      vertex -184.263 3.0488 4
      vertex -183.854 3.18755 4
    endloop
  endfacet
  facet normal 0 0 1
    outer loop
      vertex -184.65 82.1421 4
      vertex -184.263 3.0488 4
      vertex -184.263 81.9512 4
    endloop
  endfacet
  facet normal 0 0 1
    outer loop
      vertex -184.65 82.1421 4
      vertex -184.65 2.85788 4
      vertex -184.263 3.0488 4
    endloop
  endfacet
  facet normal 0 0 1
    outer loop
      vertex -185.009 82.3819 4
      vertex -184.65 2.85788 4
      vertex -184.65 82.1421 4
    endloop
  endfacet
  facet normal 0 0 1
    outer loop
      vertex -185.009 82.3819 4
      vertex -185.009 2.61807 4
      vertex -184.65 2.85788 4
    endloop
  endfacet
  facet normal 0 0 1
    outer loop
      vertex -185.333 82.6665 4
      vertex -185.009 2.61807 4
      vertex -185.009 82.3819 4
    endloop
  endfacet
  facet normal 0 0 1
    outer loop
      vertex -185.333 82.6665 4
      vertex -185.333 2.33345 4
      vertex -185.009 2.61807 4
    endloop
  endfacet
  facet normal 0 0 1
    outer loop
      vertex -185.618 82.9911 4
      vertex -185.333 2.33345 4
      vertex -185.333 82.6665 4
    endloop
  endfacet
  facet normal 0 0 1
    outer loop
      vertex -185.618 82.9911 4
      vertex -185.618 2.00891 4
      vertex -185.333 2.33345 4
    endloop
  endfacet
  facet normal 0 0 1
    outer loop
      vertex -185.858 83.35 4
      vertex -185.618 2.00891 4
      vertex -185.618 82.9911 4
    endloop
  endfacet
  facet normal 0 0 1
    outer loop
      vertex -185.858 83.35 4
      vertex -185.858 1.65 4
      vertex -185.618 2.00891 4
    endloop
  endfacet
  facet normal 0 0 1
    outer loop
      vertex -186.049 83.7371 4
      vertex -185.858 1.65 4
      vertex -185.858 83.35 4
    endloop
  endfacet
  facet normal 0 0 1
    outer loop
      vertex -186.049 83.7371 4
      vertex -186.049 1.26285 4
      vertex -185.858 1.65 4
    endloop
  endfacet
  facet normal 0 0 1
    outer loop
      vertex -186.188 84.1459 4
      vertex -186.049 1.26285 4
      vertex -186.049 83.7371 4
    endloop
  endfacet
  facet normal 0 0 1
    outer loop
      vertex -186.188 84.1459 4
      vertex -186.188 0.854102 4
      vertex -186.049 1.26285 4
    endloop
  endfacet
  facet normal 0 0 1
    outer loop
      vertex -189 -10 4
      vertex -186.188 84.1459 4
      vertex -186.272 84.5693 4
    endloop
  endfacet
  facet normal 0 0 1
    outer loop
      vertex -186.188 84.1459 4
      vertex -189 -10 4
      vertex -186.188 0.854102 4
    endloop
  endfacet
  facet normal 0 0 1
    outer loop
      vertex -189 -10 4
      vertex -186.272 84.5693 4
      vertex -186.3 85 4
    endloop
  endfacet
  facet normal 0 0 1
    outer loop
      vertex -186.188 0.854102 4
      vertex -189 -10 4
      vertex -186.272 0.430736 4
    endloop
  endfacet
  facet normal 0 0 1
    outer loop
      vertex -136.478 94.3877 4
      vertex -179.728 85.4307 4
      vertex -179.7 85 4
    endloop
  endfacet
  facet normal 0 0 1
    outer loop
      vertex -174.5 133 4
      vertex -179.812 85.8541 4
      vertex -179.728 85.4307 4
    endloop
  endfacet
  facet normal 0 0 1
    outer loop
      vertex -174.5 133 4
      vertex -179.951 86.2629 4
      vertex -179.812 85.8541 4
    endloop
  endfacet
  facet normal 0 0 1
    outer loop
      vertex -189 118.5 4
      vertex -178.253 132.506 4
      vertex -180.049 131.896 4
    endloop
  endfacet
  facet normal 0 0 1
    outer loop
      vertex -174.5 133 4
      vertex -180.142 86.65 4
      vertex -179.951 86.2629 4
    endloop
  endfacet
  facet normal 0 0 1
    outer loop
      vertex -174.5 133 4
      vertex -180.382 87.0089 4
      vertex -180.142 86.65 4
    endloop
  endfacet
  facet normal 0 0 1
    outer loop
      vertex -174.5 133 4
      vertex -180.667 87.3335 4
      vertex -180.382 87.0089 4
    endloop
  endfacet
  facet normal 0 -0 1
    outer loop
      vertex -180.991 87.6181 4
      vertex -174.5 133 4
      vertex -189 118.5 4
    endloop
  endfacet
  facet normal 0 0 1
    outer loop
      vertex -174.5 133 4
      vertex -180.991 87.6181 4
      vertex -180.667 87.3335 4
    endloop
  endfacet
  facet normal 0 0 1
    outer loop
      vertex -180.991 87.6181 4
      vertex -189 118.5 4
      vertex -181.35 87.8579 4
    endloop
  endfacet
  facet normal 0 0 1
    outer loop
      vertex -189 118.5 4
      vertex -180.049 131.896 4
      vertex -181.75 131.057 4
    endloop
  endfacet
  facet normal 0 0 1
    outer loop
      vertex -181.35 87.8579 4
      vertex -189 118.5 4
      vertex -181.737 88.0488 4
    endloop
  endfacet
  facet normal 0 0 1
    outer loop
      vertex -181.737 88.0488 4
      vertex -189 118.5 4
      vertex -182.146 88.1876 4
    endloop
  endfacet
  facet normal 0 0 1
    outer loop
      vertex -182.146 88.1876 4
      vertex -189 118.5 4
      vertex -182.569 88.2718 4
    endloop
  endfacet
  facet normal 0 0 1
    outer loop
      vertex -189 118.5 4
      vertex -181.75 131.057 4
      vertex -183.327 130.004 4
    endloop
  endfacet
  facet normal 0 0 1
    outer loop
      vertex -182.569 88.2718 4
      vertex -189 118.5 4
      vertex -183 88.3 4
    endloop
  endfacet
  facet normal 0 0 1
    outer loop
      vertex -183 88.3 4
      vertex -189 118.5 4
      vertex -183.431 88.2718 4
    endloop
  endfacet
  facet normal 0 0 1
    outer loop
      vertex -183.431 88.2718 4
      vertex -189 118.5 4
      vertex -183.854 88.1876 4
    endloop
  endfacet
  facet normal 0 0 1
    outer loop
      vertex -183.854 88.1876 4
      vertex -189 118.5 4
      vertex -184.263 88.0488 4
    endloop
  endfacet
  facet normal 0 0 1
    outer loop
      vertex -189 118.5 4
      vertex -183.327 130.004 4
      vertex -184.753 128.753 4
    endloop
  endfacet
  facet normal 0 0 1
    outer loop
      vertex -184.263 88.0488 4
      vertex -189 118.5 4
      vertex -184.65 87.8579 4
    endloop
  endfacet
  facet normal 0 0 1
    outer loop
      vertex -184.65 87.8579 4
      vertex -189 118.5 4
      vertex -185.009 87.6181 4
    endloop
  endfacet
  facet normal 0 0 1
    outer loop
      vertex -185.009 87.6181 4
      vertex -189 118.5 4
      vertex -185.333 87.3335 4
    endloop
  endfacet
  facet normal 0 0 1
    outer loop
      vertex -185.333 87.3335 4
      vertex -189 118.5 4
      vertex -185.618 87.0089 4
    endloop
  endfacet
  facet normal 0 0 1
    outer loop
      vertex -189 118.5 4
      vertex -184.753 128.753 4
      vertex -186.004 127.327 4
    endloop
  endfacet
  facet normal 0 0 1
    outer loop
      vertex -185.618 87.0089 4
      vertex -189 118.5 4
      vertex -185.858 86.65 4
    endloop
  endfacet
  facet normal 0 0 1
    outer loop
      vertex -185.858 86.65 4
      vertex -189 118.5 4
      vertex -186.049 86.2629 4
    endloop
  endfacet
  facet normal 0 0 1
    outer loop
      vertex -186.049 86.2629 4
      vertex -189 118.5 4
      vertex -186.188 85.8541 4
    endloop
  endfacet
  facet normal 0 0 1
    outer loop
      vertex -186.188 85.8541 4
      vertex -189 118.5 4
      vertex -186.272 85.4307 4
    endloop
  endfacet
  facet normal 0 0 1
    outer loop
      vertex -186.272 85.4307 4
      vertex -189 118.5 4
      vertex -186.3 85 4
    endloop
  endfacet
  facet normal 0 0 1
    outer loop
      vertex -189 118.5 4
      vertex -186.004 127.327 4
      vertex -187.057 125.75 4
    endloop
  endfacet
  facet normal 0 0 1
    outer loop
      vertex -62.6051 0.430736 4
      vertex -115.395 0.430736 4
      vertex -115.367 0 4
    endloop
  endfacet
  facet normal 0 0 1
    outer loop
      vertex -113.119 91.0086 4
      vertex -115.479 0.854102 4
      vertex -115.395 0.430736 4
    endloop
  endfacet
  facet normal 0 0 1
    outer loop
      vertex -113.119 91.0086 4
      vertex -115.618 1.26285 4
      vertex -115.479 0.854102 4
    endloop
  endfacet
  facet normal 0 0 1
    outer loop
      vertex -113.119 91.0086 4
      vertex -115.809 1.65 4
      vertex -115.618 1.26285 4
    endloop
  endfacet
  facet normal 0 0 1
    outer loop
      vertex -113.119 91.0086 4
      vertex -116.049 2.00891 4
      vertex -115.809 1.65 4
    endloop
  endfacet
  facet normal 0 0 1
    outer loop
      vertex -113.119 91.0086 4
      vertex -116.333 2.33345 4
      vertex -116.049 2.00891 4
    endloop
  endfacet
  facet normal 0 0 1
    outer loop
      vertex -113.119 91.0086 4
      vertex -116.658 2.61807 4
      vertex -116.333 2.33345 4
    endloop
  endfacet
  facet normal 0 0 1
    outer loop
      vertex -113.119 91.0086 4
      vertex -117.017 2.85788 4
      vertex -116.658 2.61807 4
    endloop
  endfacet
  facet normal 0 0 1
    outer loop
      vertex -113.119 91.0086 4
      vertex -117.404 3.0488 4
      vertex -117.017 2.85788 4
    endloop
  endfacet
  facet normal 0 0 1
    outer loop
      vertex -113.119 91.0086 4
      vertex -117.813 3.18755 4
      vertex -117.404 3.0488 4
    endloop
  endfacet
  facet normal 0 0 1
    outer loop
      vertex -113.119 91.0086 4
      vertex -118.236 3.27177 4
      vertex -117.813 3.18755 4
    endloop
  endfacet
  facet normal 0 0 1
    outer loop
      vertex -113.25 91 4
      vertex -118.667 3.3 4
      vertex -118.236 3.27177 4
    endloop
  endfacet
  facet normal -0 0 1
    outer loop
      vertex -126.75 91 4
      vertex -118.667 3.3 4
      vertex -113.25 91 4
    endloop
  endfacet
  facet normal 0 0 1
    outer loop
      vertex -118.667 3.3 4
      vertex -126.75 91 4
      vertex -119.097 3.27177 4
    endloop
  endfacet
  facet normal 0 0 1
    outer loop
      vertex -119.097 3.27177 4
      vertex -126.75 91 4
      vertex -119.521 3.18755 4
    endloop
  endfacet
  facet normal 0 0 1
    outer loop
      vertex -126.881 91.0086 4
      vertex -119.521 3.18755 4
      vertex -126.75 91 4
    endloop
  endfacet
  facet normal 0 0 1
    outer loop
      vertex -119.521 3.18755 4
      vertex -126.881 91.0086 4
      vertex -119.93 3.0488 4
    endloop
  endfacet
  facet normal 0 0 1
    outer loop
      vertex -127.009 91.0341 4
      vertex -119.93 3.0488 4
      vertex -126.881 91.0086 4
    endloop
  endfacet
  facet normal 0 0 1
    outer loop
      vertex -119.93 3.0488 4
      vertex -127.009 91.0341 4
      vertex -120.317 2.85788 4
    endloop
  endfacet
  facet normal 0 0 1
    outer loop
      vertex -127.133 91.0761 4
      vertex -120.317 2.85788 4
      vertex -127.009 91.0341 4
    endloop
  endfacet
  facet normal 0 0 1
    outer loop
      vertex -135.209 93.4137 4
      vertex -120.317 2.85788 4
      vertex -127.133 91.0761 4
    endloop
  endfacet
  facet normal 0 0 1
    outer loop
      vertex -135.414 93.4545 4
      vertex -120.317 2.85788 4
      vertex -135.209 93.4137 4
    endloop
  endfacet
  facet normal 0 0 1
    outer loop
      vertex -120.317 2.85788 4
      vertex -135.414 93.4545 4
      vertex -120.676 2.61807 4
    endloop
  endfacet
  facet normal 0 0 1
    outer loop
      vertex -135.974 93.7306 4
      vertex -180.142 83.35 4
      vertex -135.8 93.6144 4
    endloop
  endfacet
  facet normal 0 0 1
    outer loop
      vertex -180.142 83.35 4
      vertex -135.974 93.7306 4
      vertex -179.951 83.7371 4
    endloop
  endfacet
  facet normal 0 0 1
    outer loop
      vertex -66.2694 95.974 4
      vertex -72.2586 98.1305 4
      vertex -72.25 98 4
    endloop
  endfacet
  facet normal 0 0 1
    outer loop
      vertex -71.65 125.142 4
      vertex -72.2841 98.2588 4
      vertex -72.2586 98.1305 4
    endloop
  endfacet
  facet normal 0 0 1
    outer loop
      vertex -71.65 125.142 4
      vertex -72.3261 98.3827 4
      vertex -72.2841 98.2588 4
    endloop
  endfacet
  facet normal 0 0 1
    outer loop
      vertex -86.75 99 4
      vertex -72.0089 125.382 4
      vertex -72.3335 125.667 4
    endloop
  endfacet
  facet normal 0 0 1
    outer loop
      vertex -71.65 125.142 4
      vertex -72.384 98.5 4
      vertex -72.3261 98.3827 4
    endloop
  endfacet
  facet normal 0 0 1
    outer loop
      vertex -71.65 125.142 4
      vertex -72.4566 98.6088 4
      vertex -72.384 98.5 4
    endloop
  endfacet
  facet normal 0 0 1
    outer loop
      vertex -71.65 125.142 4
      vertex -72.5429 98.7071 4
      vertex -72.4566 98.6088 4
    endloop
  endfacet
  facet normal 0 0 1
    outer loop
      vertex -86.75 99 4
      vertex -72.3335 125.667 4
      vertex -72.6181 125.991 4
    endloop
  endfacet
  facet normal 0 0 1
    outer loop
      vertex -71.65 125.142 4
      vertex -72.6412 98.7934 4
      vertex -72.5429 98.7071 4
    endloop
  endfacet
  facet normal 0 0 1
    outer loop
      vertex -71.65 125.142 4
      vertex -72.75 98.866 4
      vertex -72.6412 98.7934 4
    endloop
  endfacet
  facet normal 0 0 1
    outer loop
      vertex -86.75 99 4
      vertex -72.6181 125.991 4
      vertex -72.8579 126.35 4
    endloop
  endfacet
  facet normal 0 0 1
    outer loop
      vertex -71.65 125.142 4
      vertex -72.8673 98.9239 4
      vertex -72.75 98.866 4
    endloop
  endfacet
  facet normal 0 0 1
    outer loop
      vertex -71.65 125.142 4
      vertex -72.9912 98.9659 4
      vertex -72.8673 98.9239 4
    endloop
  endfacet
  facet normal 0 0 1
    outer loop
      vertex -86.8805 98.9914 4
      vertex -72.8579 126.35 4
      vertex -73.0488 126.737 4
    endloop
  endfacet
  facet normal 0 0 1
    outer loop
      vertex -71.65 125.142 4
      vertex -73.1195 98.9914 4
      vertex -72.9912 98.9659 4
    endloop
  endfacet
  facet normal 0 0 1
    outer loop
      vertex -87.0088 98.9659 4
      vertex -73.0488 126.737 4
      vertex -73.1876 127.146 4
    endloop
  endfacet
  facet normal 0 0 1
    outer loop
      vertex -71.65 125.142 4
      vertex -73.25 99 4
      vertex -73.1195 98.9914 4
    endloop
  endfacet
  facet normal 0 0 1
    outer loop
      vertex -95.2088 96.5863 4
      vertex -73.1876 127.146 4
      vertex -73.2718 127.569 4
    endloop
  endfacet
  facet normal 0 0 1
    outer loop
      vertex -112.867 98.9239 4
      vertex -73.2718 127.569 4
      vertex -73.3 128 4
    endloop
  endfacet
  facet normal 0 0 1
    outer loop
      vertex -71.65 125.142 4
      vertex -86.75 99 4
      vertex -73.25 99 4
    endloop
  endfacet
  facet normal 0 0 1
    outer loop
      vertex -10 -10 4
      vertex -56.0616 0.430736 4
      vertex -56.0333 0 4
    endloop
  endfacet
  facet normal 0 0 1
    outer loop
      vertex -48.8882 92.8011 4
      vertex -56.1458 0.854102 4
      vertex -56.0616 0.430736 4
    endloop
  endfacet
  facet normal 0 0 1
    outer loop
      vertex -72.8673 91.0761 4
      vertex -56 93.6 4
      vertex -56.1827 93.612 4
    endloop
  endfacet
  facet normal 0 0 1
    outer loop
      vertex -48.8882 92.8011 4
      vertex -56.2845 1.26285 4
      vertex -56.1458 0.854102 4
    endloop
  endfacet
  facet normal 0 0 1
    outer loop
      vertex -64.5859 93.4545 4
      vertex -56.1827 93.612 4
      vertex -56.3623 93.6477 4
    endloop
  endfacet
  facet normal 0 0 1
    outer loop
      vertex -48.8882 92.8011 4
      vertex -56.4754 1.65 4
      vertex -56.2845 1.26285 4
    endloop
  endfacet
  facet normal 0 0 1
    outer loop
      vertex -64.3877 93.5218 4
      vertex -56.3623 93.6477 4
      vertex -56.5358 93.7066 4
    endloop
  endfacet
  facet normal 0 0 1
    outer loop
      vertex -64.2 93.6144 4
      vertex -56.5358 93.7066 4
      vertex -56.7 93.7876 4
    endloop
  endfacet
  facet normal 0 0 1
    outer loop
      vertex -48.8882 92.8011 4
      vertex -56.7153 2.00891 4
      vertex -56.4754 1.65 4
    endloop
  endfacet
  facet normal 0 0 1
    outer loop
      vertex -64.026 93.7306 4
      vertex -56.7 93.7876 4
      vertex -56.8523 93.8893 4
    endloop
  endfacet
  facet normal 0 0 1
    outer loop
      vertex -63.8686 93.8686 4
      vertex -56.8523 93.8893 4
      vertex -56.9899 94.0101 4
    endloop
  endfacet
  facet normal 0 0 1
    outer loop
      vertex -48.8882 92.8011 4
      vertex -56.9999 2.33345 4
      vertex -56.7153 2.00891 4
    endloop
  endfacet
  facet normal -0 0 1
    outer loop
      vertex -63.7306 94.026 4
      vertex -56.9899 94.0101 4
      vertex -57.1107 94.1477 4
    endloop
  endfacet
  facet normal -0 0 1
    outer loop
      vertex -63.6144 94.2 4
      vertex -57.1107 94.1477 4
      vertex -57.2124 94.3 4
    endloop
  endfacet
  facet normal -0 0 1
    outer loop
      vertex -63.5218 94.3877 4
      vertex -57.2124 94.3 4
      vertex -57.2934 94.4642 4
    endloop
  endfacet
  facet normal 0 0 1
    outer loop
      vertex -48.8882 92.8011 4
      vertex -57.3244 2.61807 4
      vertex -56.9999 2.33345 4
    endloop
  endfacet
  facet normal -0 0 1
    outer loop
      vertex -63.4545 94.5859 4
      vertex -57.2934 94.4642 4
      vertex -57.3523 94.6377 4
    endloop
  endfacet
  facet normal -0 0 1
    outer loop
      vertex -63.4137 94.7912 4
      vertex -57.3523 94.6377 4
      vertex -57.388 94.8173 4
    endloop
  endfacet
  facet normal 0 0 1
    outer loop
      vertex -63.4137 94.7912 4
      vertex -57.388 94.8173 4
      vertex -57.4 95 4
    endloop
  endfacet
  facet normal 0 0 1
    outer loop
      vertex -48.8882 92.8011 4
      vertex -57.6833 2.85788 4
      vertex -57.3244 2.61807 4
    endloop
  endfacet
  facet normal 0 0 1
    outer loop
      vertex -10 133 4
      vertex -17.25 98.75 4
      vertex -10 98.75 4
    endloop
  endfacet
  facet normal 0 0 1
    outer loop
      vertex -10 133 4
      vertex -17.3805 98.7414 4
      vertex -17.25 98.75 4
    endloop
  endfacet
  facet normal 0 0 1
    outer loop
      vertex -10 133 4
      vertex -17.5088 98.7159 4
      vertex -17.3805 98.7414 4
    endloop
  endfacet
  facet normal 0 0 1
    outer loop
      vertex -10 133 4
      vertex -17.6327 98.6739 4
      vertex -17.5088 98.7159 4
    endloop
  endfacet
  facet normal 0 0 1
    outer loop
      vertex -25.2088 96.5863 4
      vertex -17.6327 98.6739 4
      vertex -10 133 4
    endloop
  endfacet
  facet normal 0 0 1
    outer loop
      vertex -17.6327 98.6739 4
      vertex -25.2088 96.5863 4
      vertex -17.75 98.616 4
    endloop
  endfacet
  facet normal 0 -0 1
    outer loop
      vertex -25 96.6 4
      vertex -17.75 98.616 4
      vertex -25.2088 96.5863 4
    endloop
  endfacet
  facet normal 0 0 1
    outer loop
      vertex -17.75 98.616 4
      vertex -25 96.6 4
      vertex -17.8588 98.5434 4
    endloop
  endfacet
  facet normal 0 -0 1
    outer loop
      vertex -24.7912 96.5863 4
      vertex -17.8588 98.5434 4
      vertex -25 96.6 4
    endloop
  endfacet
  facet normal 0 -0 1
    outer loop
      vertex -24.5859 96.5455 4
      vertex -17.9571 98.4571 4
      vertex -24.7912 96.5863 4
    endloop
  endfacet
  facet normal 0 0 1
    outer loop
      vertex -17.9571 98.4571 4
      vertex -24.5859 96.5455 4
      vertex -18.0434 98.3588 4
    endloop
  endfacet
  facet normal 0 0 1
    outer loop
      vertex -18.25 97.75 4
      vertex -23.4 95 4
      vertex -18.25 92.25 4
    endloop
  endfacet
  facet normal 0 0 1
    outer loop
      vertex -23.7306 95.974 4
      vertex -18.25 97.75 4
      vertex -18.2414 97.8805 4
    endloop
  endfacet
  facet normal 0 0 1
    outer loop
      vertex -23.8686 96.1314 4
      vertex -18.2414 97.8805 4
      vertex -18.2159 98.0088 4
    endloop
  endfacet
  facet normal 0 -0 1
    outer loop
      vertex -24.3877 96.4782 4
      vertex -18.0434 98.3588 4
      vertex -24.5859 96.5455 4
    endloop
  endfacet
  facet normal 0 0 1
    outer loop
      vertex -18.25 97.75 4
      vertex -23.4137 95.2088 4
      vertex -23.4 95 4
    endloop
  endfacet
  facet normal 0 0 1
    outer loop
      vertex -18.25 97.75 4
      vertex -23.4545 95.4141 4
      vertex -23.4137 95.2088 4
    endloop
  endfacet
  facet normal 0 0 1
    outer loop
      vertex -18.25 97.75 4
      vertex -23.5218 95.6123 4
      vertex -23.4545 95.4141 4
    endloop
  endfacet
  facet normal 0 0 1
    outer loop
      vertex -18.25 97.75 4
      vertex -23.6143 95.8 4
      vertex -23.5218 95.6123 4
    endloop
  endfacet
  facet normal 0 0 1
    outer loop
      vertex -18.25 97.75 4
      vertex -23.7306 95.974 4
      vertex -23.6143 95.8 4
    endloop
  endfacet
  facet normal 0 0 1
    outer loop
      vertex -18.2414 97.8805 4
      vertex -23.8686 96.1314 4
      vertex -23.7306 95.974 4
    endloop
  endfacet
  facet normal 0 0 1
    outer loop
      vertex -18.2159 98.0088 4
      vertex -24.026 96.2694 4
      vertex -23.8686 96.1314 4
    endloop
  endfacet
  facet normal 0 0 1
    outer loop
      vertex -18.1739 98.1327 4
      vertex -24.026 96.2694 4
      vertex -18.2159 98.0088 4
    endloop
  endfacet
  facet normal 0 -0 1
    outer loop
      vertex -24.026 96.2694 4
      vertex -18.1739 98.1327 4
      vertex -24.2 96.3856 4
    endloop
  endfacet
  facet normal 0 0 1
    outer loop
      vertex -18.116 98.25 4
      vertex -24.2 96.3856 4
      vertex -18.1739 98.1327 4
    endloop
  endfacet
  facet normal 0 -0 1
    outer loop
      vertex -24.2 96.3856 4
      vertex -18.116 98.25 4
      vertex -24.3877 96.4782 4
    endloop
  endfacet
  facet normal 0 0 1
    outer loop
      vertex -18.0434 98.3588 4
      vertex -24.3877 96.4782 4
      vertex -18.116 98.25 4
    endloop
  endfacet
  facet normal 0 0 1
    outer loop
      vertex -17.8588 98.5434 4
      vertex -24.7912 96.5863 4
      vertex -17.9571 98.4571 4
    endloop
  endfacet
  facet normal 0 0 1
    outer loop
      vertex -10 133 4
      vertex -25.4141 96.5455 4
      vertex -25.2088 96.5863 4
    endloop
  endfacet
  facet normal 0 0 1
    outer loop
      vertex -33.8173 96.388 4
      vertex -25.4141 96.5455 4
      vertex -10 133 4
    endloop
  endfacet
  facet normal 0 -0 1
    outer loop
      vertex -33.6377 96.3523 4
      vertex -25.4141 96.5455 4
      vertex -33.8173 96.388 4
    endloop
  endfacet
  facet normal 0 0 1
    outer loop
      vertex -25.4141 96.5455 4
      vertex -33.6377 96.3523 4
      vertex -25.6123 96.4782 4
    endloop
  endfacet
  facet normal 0 -0 1
    outer loop
      vertex -33.4642 96.2934 4
      vertex -25.6123 96.4782 4
      vertex -33.6377 96.3523 4
    endloop
  endfacet
  facet normal 0 -0 1
    outer loop
      vertex -33.3 96.2124 4
      vertex -25.8 96.3856 4
      vertex -33.4642 96.2934 4
    endloop
  endfacet
  facet normal 0 0 1
    outer loop
      vertex -25.8 96.3856 4
      vertex -33.3 96.2124 4
      vertex -25.974 96.2694 4
    endloop
  endfacet
  facet normal 0 -0 1
    outer loop
      vertex -33.1477 96.1107 4
      vertex -25.974 96.2694 4
      vertex -33.3 96.2124 4
    endloop
  endfacet
  facet normal 0 0 1
    outer loop
      vertex -26.5863 95.2088 4
      vertex -32.6 95 4
      vertex -26.6 95 4
    endloop
  endfacet
  facet normal -0 0 1
    outer loop
      vertex -32.6477 95.3623 4
      vertex -26.5863 95.2088 4
      vertex -26.5455 95.4141 4
    endloop
  endfacet
  facet normal -0 0 1
    outer loop
      vertex -32.7066 95.5358 4
      vertex -26.5455 95.4141 4
      vertex -26.4782 95.6123 4
    endloop
  endfacet
  facet normal 0 0 1
    outer loop
      vertex -25.974 96.2694 4
      vertex -33.1477 96.1107 4
      vertex -26.1314 96.1314 4
    endloop
  endfacet
  facet normal 0 0 1
    outer loop
      vertex -26.5863 95.2088 4
      vertex -32.612 95.1827 4
      vertex -32.6 95 4
    endloop
  endfacet
  facet normal 0 0 1
    outer loop
      vertex -26.5863 95.2088 4
      vertex -32.6477 95.3623 4
      vertex -32.612 95.1827 4
    endloop
  endfacet
  facet normal 0 0 1
    outer loop
      vertex -26.5455 95.4141 4
      vertex -32.7066 95.5358 4
      vertex -32.6477 95.3623 4
    endloop
  endfacet
  facet normal 0 0 1
    outer loop
      vertex -26.4782 95.6123 4
      vertex -32.7876 95.7 4
      vertex -32.7066 95.5358 4
    endloop
  endfacet
  facet normal 0 0 1
    outer loop
      vertex -26.3856 95.8 4
      vertex -32.7876 95.7 4
      vertex -26.4782 95.6123 4
    endloop
  endfacet
  facet normal 0 -0 1
    outer loop
      vertex -32.7876 95.7 4
      vertex -26.3856 95.8 4
      vertex -32.8893 95.8523 4
    endloop
  endfacet
  facet normal 0 0 1
    outer loop
      vertex -26.2694 95.974 4
      vertex -32.8893 95.8523 4
      vertex -26.3856 95.8 4
    endloop
  endfacet
  facet normal 0 -0 1
    outer loop
      vertex -32.8893 95.8523 4
      vertex -26.2694 95.974 4
      vertex -33.0101 95.9899 4
    endloop
  endfacet
  facet normal 0 0 1
    outer loop
      vertex -26.1314 96.1314 4
      vertex -33.0101 95.9899 4
      vertex -26.2694 95.974 4
    endloop
  endfacet
  facet normal 0 -0 1
    outer loop
      vertex -33.0101 95.9899 4
      vertex -26.1314 96.1314 4
      vertex -33.1477 96.1107 4
    endloop
  endfacet
  facet normal 0 0 1
    outer loop
      vertex -25.6123 96.4782 4
      vertex -33.4642 96.2934 4
      vertex -25.8 96.3856 4
    endloop
  endfacet
  facet normal 0 0 1
    outer loop
      vertex -10 133 4
      vertex -34 96.4 4
      vertex -33.8173 96.388 4
    endloop
  endfacet
  facet normal -0 0 1
    outer loop
      vertex -41.1118 97.1989 4
      vertex -34 96.4 4
      vertex -10 133 4
    endloop
  endfacet
  facet normal 0 0 1
    outer loop
      vertex -34 96.4 4
      vertex -41.1118 97.1989 4
      vertex -34.1827 96.388 4
    endloop
  endfacet
  facet normal -0 -0 1
    outer loop
      vertex -40.926 97.1358 4
      vertex -34.1827 96.388 4
      vertex -41.1118 97.1989 4
    endloop
  endfacet
  facet normal 0 0 1
    outer loop
      vertex -34.1827 96.388 4
      vertex -40.926 97.1358 4
      vertex -34.3624 96.3523 4
    endloop
  endfacet
  facet normal -0 -0 1
    outer loop
      vertex -40.75 97.049 4
      vertex -34.3624 96.3523 4
      vertex -40.926 97.1358 4
    endloop
  endfacet
  facet normal 0 0 1
    outer loop
      vertex -34.3624 96.3523 4
      vertex -40.75 97.049 4
      vertex -34.5358 96.2934 4
    endloop
  endfacet
  facet normal -0 -0 1
    outer loop
      vertex -40.5869 96.94 4
      vertex -34.5358 96.2934 4
      vertex -40.75 97.049 4
    endloop
  endfacet
  facet normal 0 0 1
    outer loop
      vertex -35.388 95.1827 4
      vertex -40 95.75 4
      vertex -35.4 95 4
    endloop
  endfacet
  facet normal 0 0 1
    outer loop
      vertex -35.3523 95.3623 4
      vertex -40 95.75 4
      vertex -35.388 95.1827 4
    endloop
  endfacet
  facet normal 0 0 1
    outer loop
      vertex -40.0128 95.9458 4
      vertex -35.3523 95.3623 4
      vertex -35.2934 95.5358 4
    endloop
  endfacet
  facet normal 0 0 1
    outer loop
      vertex -40.0511 96.1382 4
      vertex -35.2934 95.5358 4
      vertex -35.2124 95.7 4
    endloop
  endfacet
  facet normal 0 0 1
    outer loop
      vertex -40.1142 96.324 4
      vertex -35.2124 95.7 4
      vertex -35.1107 95.8523 4
    endloop
  endfacet
  facet normal -0 -0 1
    outer loop
      vertex -40.4393 96.8107 4
      vertex -34.7 96.2124 4
      vertex -40.5869 96.94 4
    endloop
  endfacet
  facet normal 0 0 1
    outer loop
      vertex -35.3523 95.3623 4
      vertex -40.0128 95.9458 4
      vertex -40 95.75 4
    endloop
  endfacet
  facet normal 0 0 1
    outer loop
      vertex -35.2934 95.5358 4
      vertex -40.0511 96.1382 4
      vertex -40.0128 95.9458 4
    endloop
  endfacet
  facet normal 0 0 1
    outer loop
      vertex -35.2124 95.7 4
      vertex -40.1142 96.324 4
      vertex -40.0511 96.1382 4
    endloop
  endfacet
  facet normal 0 0 1
    outer loop
      vertex -35.1107 95.8523 4
      vertex -40.201 96.5 4
      vertex -40.1142 96.324 4
    endloop
  endfacet
  facet normal 0 0 1
    outer loop
      vertex -34.99 95.9899 4
      vertex -40.201 96.5 4
      vertex -35.1107 95.8523 4
    endloop
  endfacet
  facet normal -0 -0 1
    outer loop
      vertex -40.201 96.5 4
      vertex -34.99 95.9899 4
      vertex -40.31 96.6631 4
    endloop
  endfacet
  facet normal 0 0 1
    outer loop
      vertex -34.8523 96.1107 4
      vertex -40.31 96.6631 4
      vertex -34.99 95.9899 4
    endloop
  endfacet
  facet normal -0 -0 1
    outer loop
      vertex -40.31 96.6631 4
      vertex -34.8523 96.1107 4
      vertex -40.4393 96.8107 4
    endloop
  endfacet
  facet normal 0 0 1
    outer loop
      vertex -34.7 96.2124 4
      vertex -40.4393 96.8107 4
      vertex -34.8523 96.1107 4
    endloop
  endfacet
  facet normal 0 0 1
    outer loop
      vertex -34.5358 96.2934 4
      vertex -40.5869 96.94 4
      vertex -34.7 96.2124 4
    endloop
  endfacet
  facet normal 0 0 1
    outer loop
      vertex -10 133 4
      vertex -41.3042 97.2372 4
      vertex -41.1118 97.1989 4
    endloop
  endfacet
  facet normal -0 0 1
    outer loop
      vertex -66.7282 127.569 4
      vertex -41.3042 97.2372 4
      vertex -10 133 4
    endloop
  endfacet
  facet normal 0 0 1
    outer loop
      vertex -41.3042 97.2372 4
      vertex -66.7282 127.569 4
      vertex -41.5 97.25 4
    endloop
  endfacet
  facet normal -0 0 1
    outer loop
      vertex -66.8124 127.146 4
      vertex -41.5 97.25 4
      vertex -66.7282 127.569 4
    endloop
  endfacet
  facet normal 0 0 1
    outer loop
      vertex -41.5 97.25 4
      vertex -66.8124 127.146 4
      vertex -48.5 97.25 4
    endloop
  endfacet
  facet normal -0 0 1
    outer loop
      vertex -66.9512 126.737 4
      vertex -48.5 97.25 4
      vertex -66.8124 127.146 4
    endloop
  endfacet
  facet normal -0 0 1
    outer loop
      vertex -67.1421 126.35 4
      vertex -48.5 97.25 4
      vertex -66.9512 126.737 4
    endloop
  endfacet
  facet normal 0 0 1
    outer loop
      vertex -48.5 97.25 4
      vertex -67.1421 126.35 4
      vertex -48.6958 97.2372 4
    endloop
  endfacet
  facet normal -0 0 1
    outer loop
      vertex -67.3819 125.991 4
      vertex -48.6958 97.2372 4
      vertex -67.1421 126.35 4
    endloop
  endfacet
  facet normal 0 0 1
    outer loop
      vertex -50 95.75 4
      vertex -54.6 95 4
      vertex -50 94.25 4
    endloop
  endfacet
  facet normal 0 0 1
    outer loop
      vertex -54.6477 95.3623 4
      vertex -50 95.75 4
      vertex -49.9872 95.9458 4
    endloop
  endfacet
  facet normal 0 0 1
    outer loop
      vertex -54.7066 95.5358 4
      vertex -49.9872 95.9458 4
      vertex -49.9489 96.1382 4
    endloop
  endfacet
  facet normal 0 0 1
    outer loop
      vertex -54.7876 95.7 4
      vertex -49.9489 96.1382 4
      vertex -49.8858 96.324 4
    endloop
  endfacet
  facet normal 0 0 1
    outer loop
      vertex -54.8893 95.8523 4
      vertex -49.8858 96.324 4
      vertex -49.799 96.5 4
    endloop
  endfacet
  facet normal 0 0 1
    outer loop
      vertex -55.01 95.9899 4
      vertex -49.799 96.5 4
      vertex -49.69 96.6631 4
    endloop
  endfacet
  facet normal 0 0 1
    outer loop
      vertex -55.1477 96.1107 4
      vertex -49.69 96.6631 4
      vertex -49.5607 96.8107 4
    endloop
  endfacet
  facet normal 0 0 1
    outer loop
      vertex -48.6958 97.2372 4
      vertex -67.3819 125.991 4
      vertex -48.8882 97.1989 4
    endloop
  endfacet
  facet normal 0 0 1
    outer loop
      vertex -50 95.75 4
      vertex -54.612 95.1827 4
      vertex -54.6 95 4
    endloop
  endfacet
  facet normal 0 0 1
    outer loop
      vertex -50 95.75 4
      vertex -54.6477 95.3623 4
      vertex -54.612 95.1827 4
    endloop
  endfacet
  facet normal 0 0 1
    outer loop
      vertex -49.9872 95.9458 4
      vertex -54.7066 95.5358 4
      vertex -54.6477 95.3623 4
    endloop
  endfacet
  facet normal 0 0 1
    outer loop
      vertex -49.9489 96.1382 4
      vertex -54.7876 95.7 4
      vertex -54.7066 95.5358 4
    endloop
  endfacet
  facet normal 0 0 1
    outer loop
      vertex -49.8858 96.324 4
      vertex -54.8893 95.8523 4
      vertex -54.7876 95.7 4
    endloop
  endfacet
  facet normal 0 0 1
    outer loop
      vertex -49.799 96.5 4
      vertex -55.01 95.9899 4
      vertex -54.8893 95.8523 4
    endloop
  endfacet
  facet normal 0 0 1
    outer loop
      vertex -49.69 96.6631 4
      vertex -55.1477 96.1107 4
      vertex -55.01 95.9899 4
    endloop
  endfacet
  facet normal 0 -0 1
    outer loop
      vertex -55.8173 96.388 4
      vertex -48.8882 97.1989 4
      vertex -67.6665 125.667 4
    endloop
  endfacet
  facet normal 0 0 1
    outer loop
      vertex -49.5607 96.8107 4
      vertex -55.3 96.2124 4
      vertex -55.1477 96.1107 4
    endloop
  endfacet
  facet normal 0 -0 1
    outer loop
      vertex -55.6376 96.3523 4
      vertex -49.074 97.1358 4
      vertex -55.8173 96.388 4
    endloop
  endfacet
  facet normal 0 0 1
    outer loop
      vertex -49.4131 96.94 4
      vertex -55.3 96.2124 4
      vertex -49.5607 96.8107 4
    endloop
  endfacet
  facet normal 0 0 1
    outer loop
      vertex -49.074 97.1358 4
      vertex -55.6376 96.3523 4
      vertex -49.25 97.049 4
    endloop
  endfacet
  facet normal 0 -0 1
    outer loop
      vertex -55.3 96.2124 4
      vertex -49.4131 96.94 4
      vertex -55.4642 96.2934 4
    endloop
  endfacet
  facet normal 0 -0 1
    outer loop
      vertex -55.4642 96.2934 4
      vertex -49.25 97.049 4
      vertex -55.6376 96.3523 4
    endloop
  endfacet
  facet normal 0 0 1
    outer loop
      vertex -49.25 97.049 4
      vertex -55.4642 96.2934 4
      vertex -49.4131 96.94 4
    endloop
  endfacet
  facet normal 0 0 1
    outer loop
      vertex -48.8882 97.1989 4
      vertex -55.8173 96.388 4
      vertex -49.074 97.1358 4
    endloop
  endfacet
  facet normal 0 0 1
    outer loop
      vertex -55.8173 96.388 4
      vertex -67.6665 125.667 4
      vertex -56 96.4 4
    endloop
  endfacet
  facet normal 0 0 1
    outer loop
      vertex -48.8882 92.8011 4
      vertex -58.0705 3.0488 4
      vertex -57.6833 2.85788 4
    endloop
  endfacet
  facet normal 0 0 1
    outer loop
      vertex -48.8882 92.8011 4
      vertex -58.4792 3.18755 4
      vertex -58.0705 3.0488 4
    endloop
  endfacet
  facet normal 0 0 1
    outer loop
      vertex -48.8882 92.8011 4
      vertex -58.9026 3.27177 4
      vertex -58.4792 3.18755 4
    endloop
  endfacet
  facet normal 0 0 1
    outer loop
      vertex -56.1827 93.612 4
      vertex -64.5859 93.4545 4
      vertex -64.7912 93.4137 4
    endloop
  endfacet
  facet normal 0 0 1
    outer loop
      vertex -48.8882 92.8011 4
      vertex -59.3333 3.3 4
      vertex -58.9026 3.27177 4
    endloop
  endfacet
  facet normal 0 0 1
    outer loop
      vertex -56.1827 93.612 4
      vertex -64.7912 93.4137 4
      vertex -72.8673 91.0761 4
    endloop
  endfacet
  facet normal 0 0 1
    outer loop
      vertex -56 93.6 4
      vertex -72.8673 91.0761 4
      vertex -59.3333 3.3 4
    endloop
  endfacet
  facet normal -0 0 1
    outer loop
      vertex -72.9912 91.0341 4
      vertex -59.3333 3.3 4
      vertex -72.8673 91.0761 4
    endloop
  endfacet
  facet normal 0 0 1
    outer loop
      vertex -59.3333 3.3 4
      vertex -72.9912 91.0341 4
      vertex -59.7641 3.27177 4
    endloop
  endfacet
  facet normal -0 0 1
    outer loop
      vertex -73.1195 91.0086 4
      vertex -59.7641 3.27177 4
      vertex -72.9912 91.0341 4
    endloop
  endfacet
  facet normal 0 0 1
    outer loop
      vertex -59.7641 3.27177 4
      vertex -73.1195 91.0086 4
      vertex -60.1874 3.18755 4
    endloop
  endfacet
  facet normal -0 0 1
    outer loop
      vertex -73.25 91 4
      vertex -60.1874 3.18755 4
      vertex -73.1195 91.0086 4
    endloop
  endfacet
  facet normal 0 0 1
    outer loop
      vertex -60.1874 3.18755 4
      vertex -73.25 91 4
      vertex -60.5962 3.0488 4
    endloop
  endfacet
  facet normal -0 0 1
    outer loop
      vertex -86.75 91 4
      vertex -60.5962 3.0488 4
      vertex -73.25 91 4
    endloop
  endfacet
  facet normal 0 0 1
    outer loop
      vertex -60.5962 3.0488 4
      vertex -86.75 91 4
      vertex -60.9833 2.85788 4
    endloop
  endfacet
  facet normal 0 0 1
    outer loop
      vertex -60.9833 2.85788 4
      vertex -86.75 91 4
      vertex -61.3422 2.61807 4
    endloop
  endfacet
  facet normal 0 0 1
    outer loop
      vertex -63.4137 94.7912 4
      vertex -57.4 95 4
      vertex -63.4 95 4
    endloop
  endfacet
  facet normal 0 0 1
    outer loop
      vertex -57.388 95.1827 4
      vertex -63.4 95 4
      vertex -57.4 95 4
    endloop
  endfacet
  facet normal -0 0 1
    outer loop
      vertex -63.4137 95.2088 4
      vertex -57.388 95.1827 4
      vertex -57.3523 95.3623 4
    endloop
  endfacet
  facet normal -0 0 1
    outer loop
      vertex -63.4545 95.4141 4
      vertex -57.3523 95.3623 4
      vertex -57.2934 95.5358 4
    endloop
  endfacet
  facet normal -0 0 1
    outer loop
      vertex -63.5218 95.6123 4
      vertex -57.2934 95.5358 4
      vertex -57.2124 95.7 4
    endloop
  endfacet
  facet normal -0 0 1
    outer loop
      vertex -63.6144 95.8 4
      vertex -57.2124 95.7 4
      vertex -57.1107 95.8523 4
    endloop
  endfacet
  facet normal -0 0 1
    outer loop
      vertex -63.7306 95.974 4
      vertex -57.1107 95.8523 4
      vertex -56.9899 95.9899 4
    endloop
  endfacet
  facet normal 0 0 1
    outer loop
      vertex -63.8686 96.1314 4
      vertex -56.9899 95.9899 4
      vertex -56.8523 96.1107 4
    endloop
  endfacet
  facet normal -0 0 1
    outer loop
      vertex -67.9911 125.382 4
      vertex -56 96.4 4
      vertex -67.6665 125.667 4
    endloop
  endfacet
  facet normal 0 0 1
    outer loop
      vertex -57.388 95.1827 4
      vertex -63.4137 95.2088 4
      vertex -63.4 95 4
    endloop
  endfacet
  facet normal 0 0 1
    outer loop
      vertex -57.3523 95.3623 4
      vertex -63.4545 95.4141 4
      vertex -63.4137 95.2088 4
    endloop
  endfacet
  facet normal 0 0 1
    outer loop
      vertex -57.2934 95.5358 4
      vertex -63.5218 95.6123 4
      vertex -63.4545 95.4141 4
    endloop
  endfacet
  facet normal 0 0 1
    outer loop
      vertex -57.2124 95.7 4
      vertex -63.6144 95.8 4
      vertex -63.5218 95.6123 4
    endloop
  endfacet
  facet normal 0 0 1
    outer loop
      vertex -57.1107 95.8523 4
      vertex -63.7306 95.974 4
      vertex -63.6144 95.8 4
    endloop
  endfacet
  facet normal 0 0 1
    outer loop
      vertex -56.1827 96.388 4
      vertex -67.9911 125.382 4
      vertex -56.3623 96.3523 4
    endloop
  endfacet
  facet normal -0 0 1
    outer loop
      vertex -68.35 125.142 4
      vertex -56.3623 96.3523 4
      vertex -67.9911 125.382 4
    endloop
  endfacet
  facet normal 0 0 1
    outer loop
      vertex -56.9899 95.9899 4
      vertex -63.8686 96.1314 4
      vertex -63.7306 95.974 4
    endloop
  endfacet
  facet normal -0 -0 1
    outer loop
      vertex -64.5859 96.5455 4
      vertex -56.3623 96.3523 4
      vertex -68.35 125.142 4
    endloop
  endfacet
  facet normal 0 0 1
    outer loop
      vertex -56.8523 96.1107 4
      vertex -64.026 96.2694 4
      vertex -63.8686 96.1314 4
    endloop
  endfacet
  facet normal -0 -0 1
    outer loop
      vertex -64.3877 96.4782 4
      vertex -56.3623 96.3523 4
      vertex -64.5859 96.5455 4
    endloop
  endfacet
  facet normal 0 0 1
    outer loop
      vertex -56.7 96.2124 4
      vertex -64.026 96.2694 4
      vertex -56.8523 96.1107 4
    endloop
  endfacet
  facet normal 0 0 1
    outer loop
      vertex -56.3623 96.3523 4
      vertex -64.3877 96.4782 4
      vertex -56.5358 96.2934 4
    endloop
  endfacet
  facet normal -0 -0 1
    outer loop
      vertex -64.026 96.2694 4
      vertex -56.7 96.2124 4
      vertex -64.2 96.3856 4
    endloop
  endfacet
  facet normal 0 0 1
    outer loop
      vertex -56.5358 96.2934 4
      vertex -64.2 96.3856 4
      vertex -56.7 96.2124 4
    endloop
  endfacet
  facet normal -0 -0 1
    outer loop
      vertex -64.2 96.3856 4
      vertex -56.5358 96.2934 4
      vertex -64.3877 96.4782 4
    endloop
  endfacet
  facet normal 0 0 1
    outer loop
      vertex -65 96.6 4
      vertex -72.2586 98.1305 4
      vertex -65.2088 96.5863 4
    endloop
  endfacet
  facet normal -0 0 1
    outer loop
      vertex -72.2586 98.1305 4
      vertex -65 96.6 4
      vertex -69.1459 124.812 4
    endloop
  endfacet
  facet normal -0 0 1
    outer loop
      vertex -69.1459 124.812 4
      vertex -65 96.6 4
      vertex -68.7371 124.951 4
    endloop
  endfacet
  facet normal 0 0 1
    outer loop
      vertex -64.7912 96.5863 4
      vertex -68.7371 124.951 4
      vertex -65 96.6 4
    endloop
  endfacet
  facet normal -0 0 1
    outer loop
      vertex -68.7371 124.951 4
      vertex -64.7912 96.5863 4
      vertex -68.35 125.142 4
    endloop
  endfacet
  facet normal 0 0 1
    outer loop
      vertex -64.5859 96.5455 4
      vertex -68.35 125.142 4
      vertex -64.7912 96.5863 4
    endloop
  endfacet
  facet normal 0 0 1
    outer loop
      vertex -56 96.4 4
      vertex -67.9911 125.382 4
      vertex -56.1827 96.388 4
    endloop
  endfacet
  facet normal -0 0 1
    outer loop
      vertex -67.6665 125.667 4
      vertex -48.8882 97.1989 4
      vertex -67.3819 125.991 4
    endloop
  endfacet
  facet normal 0 0 1
    outer loop
      vertex -66.7282 127.569 4
      vertex -10 133 4
      vertex -66.7 128 4
    endloop
  endfacet
  facet normal 0 0 1
    outer loop
      vertex -10 133 4
      vertex -66.7282 128.431 4
      vertex -66.7 128 4
    endloop
  endfacet
  facet normal 0 0 1
    outer loop
      vertex -10 133 4
      vertex -66.8124 128.854 4
      vertex -66.7282 128.431 4
    endloop
  endfacet
  facet normal 0 0 1
    outer loop
      vertex -10 133 4
      vertex -66.9512 129.263 4
      vertex -66.8124 128.854 4
    endloop
  endfacet
  facet normal 0 0 1
    outer loop
      vertex -10 133 4
      vertex -67.1421 129.65 4
      vertex -66.9512 129.263 4
    endloop
  endfacet
  facet normal 0 0 1
    outer loop
      vertex -10 133 4
      vertex -67.3819 130.009 4
      vertex -67.1421 129.65 4
    endloop
  endfacet
  facet normal 0 0 1
    outer loop
      vertex -10 133 4
      vertex -67.6665 130.333 4
      vertex -67.3819 130.009 4
    endloop
  endfacet
  facet normal 0 0 1
    outer loop
      vertex -10 133 4
      vertex -67.9911 130.618 4
      vertex -67.6665 130.333 4
    endloop
  endfacet
  facet normal 0 0 1
    outer loop
      vertex -10 133 4
      vertex -68.35 130.858 4
      vertex -67.9911 130.618 4
    endloop
  endfacet
  facet normal 0 0 1
    outer loop
      vertex -10 133 4
      vertex -68.7371 131.049 4
      vertex -68.35 130.858 4
    endloop
  endfacet
  facet normal 0 0 1
    outer loop
      vertex -10 133 4
      vertex -69.1459 131.188 4
      vertex -68.7371 131.049 4
    endloop
  endfacet
  facet normal 0 0 1
    outer loop
      vertex -10 133 4
      vertex -69.5693 131.272 4
      vertex -69.1459 131.188 4
    endloop
  endfacet
  facet normal 0 0 1
    outer loop
      vertex -10 133 4
      vertex -70 131.3 4
      vertex -69.5693 131.272 4
    endloop
  endfacet
  facet normal 0 0 1
    outer loop
      vertex -136.7 128 4
      vertex -73.3 128 4
      vertex -73.2718 128.431 4
    endloop
  endfacet
  facet normal 0 0 1
    outer loop
      vertex -136.728 128.431 4
      vertex -73.2718 128.431 4
      vertex -73.1876 128.854 4
    endloop
  endfacet
  facet normal 0 0 1
    outer loop
      vertex -136.812 128.854 4
      vertex -73.1876 128.854 4
      vertex -73.0488 129.263 4
    endloop
  endfacet
  facet normal 0 0 1
    outer loop
      vertex -72.8579 126.35 4
      vertex -86.8805 98.9914 4
      vertex -86.75 99 4
    endloop
  endfacet
  facet normal 0 0 1
    outer loop
      vertex -73.0488 126.737 4
      vertex -87.0088 98.9659 4
      vertex -86.8805 98.9914 4
    endloop
  endfacet
  facet normal 0 0 1
    outer loop
      vertex -73.1876 127.146 4
      vertex -87.1327 98.9239 4
      vertex -87.0088 98.9659 4
    endloop
  endfacet
  facet normal 0 0 1
    outer loop
      vertex -73.1876 127.146 4
      vertex -95.2088 96.5863 4
      vertex -87.1327 98.9239 4
    endloop
  endfacet
  facet normal 0 0 1
    outer loop
      vertex -87.1327 98.9239 4
      vertex -95.2088 96.5863 4
      vertex -87.25 98.866 4
    endloop
  endfacet
  facet normal 0 -0 1
    outer loop
      vertex -95 96.6 4
      vertex -87.25 98.866 4
      vertex -95.2088 96.5863 4
    endloop
  endfacet
  facet normal 0 0 1
    outer loop
      vertex -87.25 98.866 4
      vertex -95 96.6 4
      vertex -87.3588 98.7934 4
    endloop
  endfacet
  facet normal 0 -0 1
    outer loop
      vertex -94.7912 96.5863 4
      vertex -87.3588 98.7934 4
      vertex -95 96.6 4
    endloop
  endfacet
  facet normal 0 0 1
    outer loop
      vertex -87.3588 98.7934 4
      vertex -94.7912 96.5863 4
      vertex -87.4571 98.7071 4
    endloop
  endfacet
  facet normal 0 0 1
    outer loop
      vertex -87.75 98 4
      vertex -93.4 95 4
      vertex -87.75 92 4
    endloop
  endfacet
  facet normal 0 0 1
    outer loop
      vertex -93.7306 95.974 4
      vertex -87.75 98 4
      vertex -87.7414 98.1305 4
    endloop
  endfacet
  facet normal 0 0 1
    outer loop
      vertex -93.8686 96.1314 4
      vertex -87.7414 98.1305 4
      vertex -87.7159 98.2588 4
    endloop
  endfacet
  facet normal 0 0 1
    outer loop
      vertex -94.026 96.2694 4
      vertex -87.7159 98.2588 4
      vertex -87.6739 98.3827 4
    endloop
  endfacet
  facet normal 0 -0 1
    outer loop
      vertex -94.5859 96.5455 4
      vertex -87.4571 98.7071 4
      vertex -94.7912 96.5863 4
    endloop
  endfacet
  facet normal 0 0 1
    outer loop
      vertex -136.951 129.263 4
      vertex -73.0488 129.263 4
      vertex -72.8579 129.65 4
    endloop
  endfacet
  facet normal 0 0 1
    outer loop
      vertex -87.75 98 4
      vertex -93.4137 95.2088 4
      vertex -93.4 95 4
    endloop
  endfacet
  facet normal 0 0 1
    outer loop
      vertex -87.75 98 4
      vertex -93.4545 95.4141 4
      vertex -93.4137 95.2088 4
    endloop
  endfacet
  facet normal 0 0 1
    outer loop
      vertex -87.75 98 4
      vertex -93.5218 95.6123 4
      vertex -93.4545 95.4141 4
    endloop
  endfacet
  facet normal 0 0 1
    outer loop
      vertex -87.75 98 4
      vertex -93.6143 95.8 4
      vertex -93.5218 95.6123 4
    endloop
  endfacet
  facet normal 0 0 1
    outer loop
      vertex -87.75 98 4
      vertex -93.7306 95.974 4
      vertex -93.6143 95.8 4
    endloop
  endfacet
  facet normal 0 0 1
    outer loop
      vertex -87.7414 98.1305 4
      vertex -93.8686 96.1314 4
      vertex -93.7306 95.974 4
    endloop
  endfacet
  facet normal 0 0 1
    outer loop
      vertex -87.7159 98.2588 4
      vertex -94.026 96.2694 4
      vertex -93.8686 96.1314 4
    endloop
  endfacet
  facet normal 0 0 1
    outer loop
      vertex -87.6739 98.3827 4
      vertex -94.2 96.3856 4
      vertex -94.026 96.2694 4
    endloop
  endfacet
  facet normal 0 0 1
    outer loop
      vertex -87.616 98.5 4
      vertex -94.2 96.3856 4
      vertex -87.6739 98.3827 4
    endloop
  endfacet
  facet normal 0 -0 1
    outer loop
      vertex -94.2 96.3856 4
      vertex -87.616 98.5 4
      vertex -94.3877 96.4782 4
    endloop
  endfacet
  facet normal 0 0 1
    outer loop
      vertex -87.5434 98.6088 4
      vertex -94.3877 96.4782 4
      vertex -87.616 98.5 4
    endloop
  endfacet
  facet normal 0 -0 1
    outer loop
      vertex -94.3877 96.4782 4
      vertex -87.5434 98.6088 4
      vertex -94.5859 96.5455 4
    endloop
  endfacet
  facet normal 0 0 1
    outer loop
      vertex -137.142 129.65 4
      vertex -72.8579 129.65 4
      vertex -72.6181 130.009 4
    endloop
  endfacet
  facet normal 0 0 1
    outer loop
      vertex -87.4571 98.7071 4
      vertex -94.5859 96.5455 4
      vertex -87.5434 98.6088 4
    endloop
  endfacet
  facet normal 0 0 1
    outer loop
      vertex -73.2718 127.569 4
      vertex -104.791 96.5863 4
      vertex -95.2088 96.5863 4
    endloop
  endfacet
  facet normal 0 0 1
    outer loop
      vertex -95.2088 96.5863 4
      vertex -104.791 96.5863 4
      vertex -95.4141 96.5455 4
    endloop
  endfacet
  facet normal 0 -0 1
    outer loop
      vertex -104.586 96.5455 4
      vertex -95.4141 96.5455 4
      vertex -104.791 96.5863 4
    endloop
  endfacet
  facet normal 0 0 1
    outer loop
      vertex -95.4141 96.5455 4
      vertex -104.586 96.5455 4
      vertex -95.6123 96.4782 4
    endloop
  endfacet
  facet normal 0 0 1
    outer loop
      vertex -95.6123 96.4782 4
      vertex -104.388 96.4782 4
      vertex -95.8 96.3856 4
    endloop
  endfacet
  facet normal 0 -0 1
    outer loop
      vertex -104.2 96.3856 4
      vertex -95.8 96.3856 4
      vertex -104.388 96.4782 4
    endloop
  endfacet
  facet normal 0 0 1
    outer loop
      vertex -96.5863 95.2088 4
      vertex -103.4 95 4
      vertex -96.6 95 4
    endloop
  endfacet
  facet normal 0 0 1
    outer loop
      vertex -103.414 95.2088 4
      vertex -96.5863 95.2088 4
      vertex -96.5455 95.4141 4
    endloop
  endfacet
  facet normal 0 0 1
    outer loop
      vertex -103.455 95.4141 4
      vertex -96.5455 95.4141 4
      vertex -96.4782 95.6123 4
    endloop
  endfacet
  facet normal 0 0 1
    outer loop
      vertex -103.522 95.6123 4
      vertex -96.4782 95.6123 4
      vertex -96.3856 95.8 4
    endloop
  endfacet
  facet normal 0 0 1
    outer loop
      vertex -103.614 95.8 4
      vertex -96.3856 95.8 4
      vertex -96.2694 95.974 4
    endloop
  endfacet
  facet normal 0 0 1
    outer loop
      vertex -95.8 96.3856 4
      vertex -104.2 96.3856 4
      vertex -95.974 96.2694 4
    endloop
  endfacet
  facet normal 0 0 1
    outer loop
      vertex -137.382 130.009 4
      vertex -72.6181 130.009 4
      vertex -72.3335 130.333 4
    endloop
  endfacet
  facet normal 0 0 1
    outer loop
      vertex -96.5863 95.2088 4
      vertex -103.414 95.2088 4
      vertex -103.4 95 4
    endloop
  endfacet
  facet normal 0 0 1
    outer loop
      vertex -96.5455 95.4141 4
      vertex -103.455 95.4141 4
      vertex -103.414 95.2088 4
    endloop
  endfacet
  facet normal 0 0 1
    outer loop
      vertex -96.4782 95.6123 4
      vertex -103.522 95.6123 4
      vertex -103.455 95.4141 4
    endloop
  endfacet
  facet normal 0 0 1
    outer loop
      vertex -96.3856 95.8 4
      vertex -103.614 95.8 4
      vertex -103.522 95.6123 4
    endloop
  endfacet
  facet normal 0 0 1
    outer loop
      vertex -96.2694 95.974 4
      vertex -103.731 95.974 4
      vertex -103.614 95.8 4
    endloop
  endfacet
  facet normal 0 0 1
    outer loop
      vertex -96.2694 95.974 4
      vertex -103.869 96.1314 4
      vertex -103.731 95.974 4
    endloop
  endfacet
  facet normal 0 0 1
    outer loop
      vertex -96.1314 96.1314 4
      vertex -103.869 96.1314 4
      vertex -96.2694 95.974 4
    endloop
  endfacet
  facet normal 0 -0 1
    outer loop
      vertex -103.869 96.1314 4
      vertex -96.1314 96.1314 4
      vertex -104.026 96.2694 4
    endloop
  endfacet
  facet normal 0 0 1
    outer loop
      vertex -95.974 96.2694 4
      vertex -104.026 96.2694 4
      vertex -96.1314 96.1314 4
    endloop
  endfacet
  facet normal 0 -0 1
    outer loop
      vertex -104.026 96.2694 4
      vertex -95.974 96.2694 4
      vertex -104.2 96.3856 4
    endloop
  endfacet
  facet normal 0 -0 1
    outer loop
      vertex -104.388 96.4782 4
      vertex -95.6123 96.4782 4
      vertex -104.586 96.5455 4
    endloop
  endfacet
  facet normal 0 0 1
    outer loop
      vertex -73.2718 127.569 4
      vertex -112.867 98.9239 4
      vertex -104.791 96.5863 4
    endloop
  endfacet
  facet normal -0 -0 1
    outer loop
      vertex -112.75 98.866 4
      vertex -104.791 96.5863 4
      vertex -112.867 98.9239 4
    endloop
  endfacet
  facet normal 0 0 1
    outer loop
      vertex -104.791 96.5863 4
      vertex -112.75 98.866 4
      vertex -105 96.6 4
    endloop
  endfacet
  facet normal -0 -0 1
    outer loop
      vertex -112.641 98.7934 4
      vertex -105 96.6 4
      vertex -112.75 98.866 4
    endloop
  endfacet
  facet normal -0 -0 1
    outer loop
      vertex -112.543 98.7071 4
      vertex -105.209 96.5863 4
      vertex -112.641 98.7934 4
    endloop
  endfacet
  facet normal 0 0 1
    outer loop
      vertex -105.209 96.5863 4
      vertex -112.543 98.7071 4
      vertex -105.414 96.5455 4
    endloop
  endfacet
  facet normal -0 -0 1
    outer loop
      vertex -112.457 98.6088 4
      vertex -105.414 96.5455 4
      vertex -112.543 98.7071 4
    endloop
  endfacet
  facet normal 0 0 1
    outer loop
      vertex -106.586 95.2088 4
      vertex -112.25 98 4
      vertex -106.6 95 4
    endloop
  endfacet
  facet normal 0 0 1
    outer loop
      vertex -106.545 95.4141 4
      vertex -112.25 98 4
      vertex -106.586 95.2088 4
    endloop
  endfacet
  facet normal 0 0 1
    outer loop
      vertex -106.478 95.6123 4
      vertex -112.25 98 4
      vertex -106.545 95.4141 4
    endloop
  endfacet
  facet normal 0 0 1
    outer loop
      vertex -106.386 95.8 4
      vertex -112.25 98 4
      vertex -106.478 95.6123 4
    endloop
  endfacet
  facet normal 0 0 1
    outer loop
      vertex -106.269 95.974 4
      vertex -112.25 98 4
      vertex -106.386 95.8 4
    endloop
  endfacet
  facet normal 0 0 1
    outer loop
      vertex -112.259 98.1305 4
      vertex -106.269 95.974 4
      vertex -106.131 96.1314 4
    endloop
  endfacet
  facet normal 0 0 1
    outer loop
      vertex -105.414 96.5455 4
      vertex -112.457 98.6088 4
      vertex -105.612 96.4782 4
    endloop
  endfacet
  facet normal 0 0 1
    outer loop
      vertex -137.667 130.333 4
      vertex -72.3335 130.333 4
      vertex -72.0089 130.618 4
    endloop
  endfacet
  facet normal 0 0 1
    outer loop
      vertex -106.269 95.974 4
      vertex -112.259 98.1305 4
      vertex -112.25 98 4
    endloop
  endfacet
  facet normal 0 0 1
    outer loop
      vertex -106.131 96.1314 4
      vertex -112.284 98.2588 4
      vertex -112.259 98.1305 4
    endloop
  endfacet
  facet normal 0 0 1
    outer loop
      vertex -105.974 96.2694 4
      vertex -112.284 98.2588 4
      vertex -106.131 96.1314 4
    endloop
  endfacet
  facet normal -0 -0 1
    outer loop
      vertex -112.284 98.2588 4
      vertex -105.974 96.2694 4
      vertex -112.326 98.3827 4
    endloop
  endfacet
  facet normal 0 0 1
    outer loop
      vertex -105.8 96.3856 4
      vertex -112.326 98.3827 4
      vertex -105.974 96.2694 4
    endloop
  endfacet
  facet normal -0 -0 1
    outer loop
      vertex -112.326 98.3827 4
      vertex -105.8 96.3856 4
      vertex -112.384 98.5 4
    endloop
  endfacet
  facet normal 0 0 1
    outer loop
      vertex -105.612 96.4782 4
      vertex -112.384 98.5 4
      vertex -105.8 96.3856 4
    endloop
  endfacet
  facet normal -0 -0 1
    outer loop
      vertex -112.384 98.5 4
      vertex -105.612 96.4782 4
      vertex -112.457 98.6088 4
    endloop
  endfacet
  facet normal 0 0 1
    outer loop
      vertex -105 96.6 4
      vertex -112.641 98.7934 4
      vertex -105.209 96.5863 4
    endloop
  endfacet
  facet normal 0 0 1
    outer loop
      vertex -73.3 128 4
      vertex -112.991 98.9659 4
      vertex -112.867 98.9239 4
    endloop
  endfacet
  facet normal 0 0 1
    outer loop
      vertex -73.3 128 4
      vertex -136.7 128 4
      vertex -112.991 98.9659 4
    endloop
  endfacet
  facet normal 0 0 1
    outer loop
      vertex -112.991 98.9659 4
      vertex -136.7 128 4
      vertex -113.119 98.9914 4
    endloop
  endfacet
  facet normal -0 0 1
    outer loop
      vertex -136.728 127.569 4
      vertex -113.119 98.9914 4
      vertex -136.7 128 4
    endloop
  endfacet
  facet normal 0 0 1
    outer loop
      vertex -137.991 130.618 4
      vertex -72.0089 130.618 4
      vertex -71.65 130.858 4
    endloop
  endfacet
  facet normal -0 0 1
    outer loop
      vertex -136.812 127.146 4
      vertex -113.25 99 4
      vertex -136.728 127.569 4
    endloop
  endfacet
  facet normal -0 0 1
    outer loop
      vertex -136.951 126.737 4
      vertex -113.25 99 4
      vertex -136.812 127.146 4
    endloop
  endfacet
  facet normal -0 0 1
    outer loop
      vertex -137.142 126.35 4
      vertex -113.25 99 4
      vertex -136.951 126.737 4
    endloop
  endfacet
  facet normal 0 0 1
    outer loop
      vertex -113.25 99 4
      vertex -137.142 126.35 4
      vertex -126.75 99 4
    endloop
  endfacet
  facet normal 0 0 1
    outer loop
      vertex -127.75 98 4
      vertex -133.4 95 4
      vertex -127.75 92 4
    endloop
  endfacet
  facet normal 0 0 1
    outer loop
      vertex -133.731 95.974 4
      vertex -127.75 98 4
      vertex -127.741 98.1305 4
    endloop
  endfacet
  facet normal 0 0 1
    outer loop
      vertex -133.869 96.1314 4
      vertex -127.741 98.1305 4
      vertex -127.716 98.2588 4
    endloop
  endfacet
  facet normal 0 0 1
    outer loop
      vertex -134.026 96.2694 4
      vertex -127.716 98.2588 4
      vertex -127.674 98.3827 4
    endloop
  endfacet
  facet normal 0 0 1
    outer loop
      vertex -134.2 96.3856 4
      vertex -127.674 98.3827 4
      vertex -127.616 98.5 4
    endloop
  endfacet
  facet normal 0 0 1
    outer loop
      vertex -134.388 96.4782 4
      vertex -127.616 98.5 4
      vertex -127.543 98.6088 4
    endloop
  endfacet
  facet normal 0 0 1
    outer loop
      vertex -134.586 96.5455 4
      vertex -127.543 98.6088 4
      vertex -127.457 98.7071 4
    endloop
  endfacet
  facet normal 0 0 1
    outer loop
      vertex -134.791 96.5863 4
      vertex -127.457 98.7071 4
      vertex -127.359 98.7934 4
    endloop
  endfacet
  facet normal 0 0 1
    outer loop
      vertex -135 96.6 4
      vertex -127.359 98.7934 4
      vertex -127.25 98.866 4
    endloop
  endfacet
  facet normal 0 0 1
    outer loop
      vertex -127.75 98 4
      vertex -133.414 95.2088 4
      vertex -133.4 95 4
    endloop
  endfacet
  facet normal 0 0 1
    outer loop
      vertex -127.75 98 4
      vertex -133.455 95.4141 4
      vertex -133.414 95.2088 4
    endloop
  endfacet
  facet normal -0 0 1
    outer loop
      vertex -137.382 125.991 4
      vertex -126.75 99 4
      vertex -137.142 126.35 4
    endloop
  endfacet
  facet normal 0 0 1
    outer loop
      vertex -127.75 98 4
      vertex -133.522 95.6123 4
      vertex -133.455 95.4141 4
    endloop
  endfacet
  facet normal 0 0 1
    outer loop
      vertex -127.75 98 4
      vertex -133.614 95.8 4
      vertex -133.522 95.6123 4
    endloop
  endfacet
  facet normal -0 0 1
    outer loop
      vertex -137.991 125.382 4
      vertex -126.881 98.9914 4
      vertex -137.667 125.667 4
    endloop
  endfacet
  facet normal 0 0 1
    outer loop
      vertex -127.75 98 4
      vertex -133.731 95.974 4
      vertex -133.614 95.8 4
    endloop
  endfacet
  facet normal 0 0 1
    outer loop
      vertex -126.881 98.9914 4
      vertex -137.991 125.382 4
      vertex -127.009 98.9659 4
    endloop
  endfacet
  facet normal 0 0 1
    outer loop
      vertex -127.741 98.1305 4
      vertex -133.869 96.1314 4
      vertex -133.731 95.974 4
    endloop
  endfacet
  facet normal -0 0 1
    outer loop
      vertex -138.35 125.142 4
      vertex -127.009 98.9659 4
      vertex -137.991 125.382 4
    endloop
  endfacet
  facet normal 0 0 1
    outer loop
      vertex -127.716 98.2588 4
      vertex -134.026 96.2694 4
      vertex -133.869 96.1314 4
    endloop
  endfacet
  facet normal 0 0 1
    outer loop
      vertex -127.009 98.9659 4
      vertex -138.35 125.142 4
      vertex -127.133 98.9239 4
    endloop
  endfacet
  facet normal 0 0 1
    outer loop
      vertex -127.674 98.3827 4
      vertex -134.2 96.3856 4
      vertex -134.026 96.2694 4
    endloop
  endfacet
  facet normal -0 0 1
    outer loop
      vertex -138.737 124.951 4
      vertex -127.133 98.9239 4
      vertex -138.35 125.142 4
    endloop
  endfacet
  facet normal 0 0 1
    outer loop
      vertex -127.616 98.5 4
      vertex -134.388 96.4782 4
      vertex -134.2 96.3856 4
    endloop
  endfacet
  facet normal 0 0 1
    outer loop
      vertex -127.543 98.6088 4
      vertex -134.586 96.5455 4
      vertex -134.388 96.4782 4
    endloop
  endfacet
  facet normal 0 0 1
    outer loop
      vertex -127.133 98.9239 4
      vertex -138.737 124.951 4
      vertex -127.25 98.866 4
    endloop
  endfacet
  facet normal -0 0 1
    outer loop
      vertex -139.569 124.728 4
      vertex -135.209 96.5863 4
      vertex -139.146 124.812 4
    endloop
  endfacet
  facet normal 0 0 1
    outer loop
      vertex -135 96.6 4
      vertex -139.146 124.812 4
      vertex -135.209 96.5863 4
    endloop
  endfacet
  facet normal 0 0 1
    outer loop
      vertex -127.25 98.866 4
      vertex -139.146 124.812 4
      vertex -135 96.6 4
    endloop
  endfacet
  facet normal 0 0 1
    outer loop
      vertex -127.359 98.7934 4
      vertex -135 96.6 4
      vertex -134.791 96.5863 4
    endloop
  endfacet
  facet normal -0 0 1
    outer loop
      vertex -139.146 124.812 4
      vertex -127.25 98.866 4
      vertex -138.737 124.951 4
    endloop
  endfacet
  facet normal 0 0 1
    outer loop
      vertex -127.457 98.7071 4
      vertex -134.791 96.5863 4
      vertex -134.586 96.5455 4
    endloop
  endfacet
  facet normal 0 0 1
    outer loop
      vertex -126.75 99 4
      vertex -137.667 125.667 4
      vertex -126.881 98.9914 4
    endloop
  endfacet
  facet normal -0 0 1
    outer loop
      vertex -137.667 125.667 4
      vertex -126.75 99 4
      vertex -137.382 125.991 4
    endloop
  endfacet
  facet normal 0 0 1
    outer loop
      vertex -113.119 98.9914 4
      vertex -136.728 127.569 4
      vertex -113.25 99 4
    endloop
  endfacet
  facet normal 0 0 1
    outer loop
      vertex -138.35 130.858 4
      vertex -71.65 130.858 4
      vertex -71.2629 131.049 4
    endloop
  endfacet
  facet normal 0 0 1
    outer loop
      vertex -138.737 131.049 4
      vertex -71.2629 131.049 4
      vertex -70.8541 131.188 4
    endloop
  endfacet
  facet normal 0 0 1
    outer loop
      vertex -139.146 131.188 4
      vertex -70.8541 131.188 4
      vertex -70.4307 131.272 4
    endloop
  endfacet
  facet normal 0 0 1
    outer loop
      vertex -139.569 131.272 4
      vertex -70.4307 131.272 4
      vertex -70 131.3 4
    endloop
  endfacet
  facet normal 0 0 1
    outer loop
      vertex -73.2718 128.431 4
      vertex -136.728 128.431 4
      vertex -136.7 128 4
    endloop
  endfacet
  facet normal 0 0 1
    outer loop
      vertex -73.1876 128.854 4
      vertex -136.812 128.854 4
      vertex -136.728 128.431 4
    endloop
  endfacet
  facet normal 0 0 1
    outer loop
      vertex -73.0488 129.263 4
      vertex -136.951 129.263 4
      vertex -136.812 128.854 4
    endloop
  endfacet
  facet normal 0 0 1
    outer loop
      vertex -72.8579 129.65 4
      vertex -137.142 129.65 4
      vertex -136.951 129.263 4
    endloop
  endfacet
  facet normal -0 0 1
    outer loop
      vertex -174.5 133 4
      vertex -70 131.3 4
      vertex -10 133 4
    endloop
  endfacet
  facet normal 0 0 1
    outer loop
      vertex -72.6181 130.009 4
      vertex -137.382 130.009 4
      vertex -137.142 129.65 4
    endloop
  endfacet
  facet normal 0 0 1
    outer loop
      vertex -72.3335 130.333 4
      vertex -137.667 130.333 4
      vertex -137.382 130.009 4
    endloop
  endfacet
  facet normal 0 0 1
    outer loop
      vertex -72.0089 130.618 4
      vertex -137.991 130.618 4
      vertex -137.667 130.333 4
    endloop
  endfacet
  facet normal 0 0 1
    outer loop
      vertex -71.65 130.858 4
      vertex -138.35 130.858 4
      vertex -137.991 130.618 4
    endloop
  endfacet
  facet normal 0 0 1
    outer loop
      vertex -71.2629 131.049 4
      vertex -138.737 131.049 4
      vertex -138.35 130.858 4
    endloop
  endfacet
  facet normal 0 0 1
    outer loop
      vertex -70.8541 131.188 4
      vertex -139.146 131.188 4
      vertex -138.737 131.049 4
    endloop
  endfacet
  facet normal 0 0 1
    outer loop
      vertex -70.4307 131.272 4
      vertex -139.569 131.272 4
      vertex -139.146 131.188 4
    endloop
  endfacet
  facet normal 0 0 1
    outer loop
      vertex -70 131.3 4
      vertex -140 131.3 4
      vertex -139.569 131.272 4
    endloop
  endfacet
  facet normal 0 0 1
    outer loop
      vertex -143.272 128.431 4
      vertex -174.5 133 4
      vertex -143.3 128 4
    endloop
  endfacet
  facet normal 0 0 1
    outer loop
      vertex -143.188 128.854 4
      vertex -174.5 133 4
      vertex -143.272 128.431 4
    endloop
  endfacet
  facet normal 0 0 1
    outer loop
      vertex -143.049 129.263 4
      vertex -174.5 133 4
      vertex -143.188 128.854 4
    endloop
  endfacet
  facet normal 0 0 1
    outer loop
      vertex -142.858 129.65 4
      vertex -174.5 133 4
      vertex -143.049 129.263 4
    endloop
  endfacet
  facet normal 0 0 1
    outer loop
      vertex -142.618 130.009 4
      vertex -174.5 133 4
      vertex -142.858 129.65 4
    endloop
  endfacet
  facet normal 0 0 1
    outer loop
      vertex -142.333 130.333 4
      vertex -174.5 133 4
      vertex -142.618 130.009 4
    endloop
  endfacet
  facet normal 0 0 1
    outer loop
      vertex -142.009 130.618 4
      vertex -174.5 133 4
      vertex -142.333 130.333 4
    endloop
  endfacet
  facet normal 0 0 1
    outer loop
      vertex -141.65 130.858 4
      vertex -174.5 133 4
      vertex -142.009 130.618 4
    endloop
  endfacet
  facet normal 0 0 1
    outer loop
      vertex -141.263 131.049 4
      vertex -174.5 133 4
      vertex -141.65 130.858 4
    endloop
  endfacet
  facet normal 0 0 1
    outer loop
      vertex -140.854 131.188 4
      vertex -174.5 133 4
      vertex -141.263 131.049 4
    endloop
  endfacet
  facet normal 0 0 1
    outer loop
      vertex -140.431 131.272 4
      vertex -174.5 133 4
      vertex -140.854 131.188 4
    endloop
  endfacet
  facet normal 0 0 1
    outer loop
      vertex -140 131.3 4
      vertex -174.5 133 4
      vertex -140.431 131.272 4
    endloop
  endfacet
  facet normal 0 0 1
    outer loop
      vertex -70 131.3 4
      vertex -174.5 133 4
      vertex -140 131.3 4
    endloop
  endfacet
  facet normal -0 0 1
    outer loop
      vertex -17.25 91.25 4
      vertex -10 -10 4
      vertex -10 91.25 4
    endloop
  endfacet
  facet normal 0 0 1
    outer loop
      vertex -17.3805 91.2586 4
      vertex -10 -10 4
      vertex -17.25 91.25 4
    endloop
  endfacet
  facet normal 0 0 1
    outer loop
      vertex -56.0616 0.430736 4
      vertex -17.3805 91.2586 4
      vertex -17.5088 91.2841 4
    endloop
  endfacet
  facet normal 0 0 1
    outer loop
      vertex -34 93.6 4
      vertex -17.5088 91.2841 4
      vertex -17.6327 91.3261 4
    endloop
  endfacet
  facet normal 0 0 1
    outer loop
      vertex -25.2088 93.4137 4
      vertex -17.6327 91.3261 4
      vertex -17.75 91.384 4
    endloop
  endfacet
  facet normal 0 0 1
    outer loop
      vertex -25 93.4 4
      vertex -17.75 91.384 4
      vertex -17.8588 91.4566 4
    endloop
  endfacet
  facet normal 0 0 1
    outer loop
      vertex -24.7912 93.4137 4
      vertex -17.8588 91.4566 4
      vertex -17.9571 91.5429 4
    endloop
  endfacet
  facet normal 0 0 1
    outer loop
      vertex -24.5859 93.4545 4
      vertex -17.9571 91.5429 4
      vertex -18.0434 91.6412 4
    endloop
  endfacet
  facet normal 0 0 1
    outer loop
      vertex -24.3877 93.5218 4
      vertex -18.0434 91.6412 4
      vertex -18.116 91.75 4
    endloop
  endfacet
  facet normal 0 0 1
    outer loop
      vertex -24.2 93.6144 4
      vertex -18.116 91.75 4
      vertex -18.1739 91.8673 4
    endloop
  endfacet
  facet normal 0 0 1
    outer loop
      vertex -24.026 93.7306 4
      vertex -18.1739 91.8673 4
      vertex -18.2159 91.9912 4
    endloop
  endfacet
  facet normal 0 0 1
    outer loop
      vertex -23.8686 93.8686 4
      vertex -18.2159 91.9912 4
      vertex -18.2414 92.1195 4
    endloop
  endfacet
  facet normal -0 0 1
    outer loop
      vertex -23.4137 94.7912 4
      vertex -18.25 92.25 4
      vertex -23.4 95 4
    endloop
  endfacet
  facet normal -0 0 1
    outer loop
      vertex -23.4545 94.5859 4
      vertex -18.25 92.25 4
      vertex -23.4137 94.7912 4
    endloop
  endfacet
  facet normal -0 0 1
    outer loop
      vertex -23.5218 94.3877 4
      vertex -18.25 92.25 4
      vertex -23.4545 94.5859 4
    endloop
  endfacet
  facet normal -0 0 1
    outer loop
      vertex -23.6143 94.2 4
      vertex -18.25 92.25 4
      vertex -23.5218 94.3877 4
    endloop
  endfacet
  facet normal -0 0 1
    outer loop
      vertex -23.7306 94.026 4
      vertex -18.25 92.25 4
      vertex -23.6143 94.2 4
    endloop
  endfacet
  facet normal 0 0 1
    outer loop
      vertex -18.25 92.25 4
      vertex -23.7306 94.026 4
      vertex -18.2414 92.1195 4
    endloop
  endfacet
  facet normal -0 0 1
    outer loop
      vertex -23.8686 93.8686 4
      vertex -18.2414 92.1195 4
      vertex -23.7306 94.026 4
    endloop
  endfacet
  facet normal 0 0 1
    outer loop
      vertex -18.2159 91.9912 4
      vertex -23.8686 93.8686 4
      vertex -24.026 93.7306 4
    endloop
  endfacet
  facet normal 0 0 1
    outer loop
      vertex -18.1739 91.8673 4
      vertex -24.026 93.7306 4
      vertex -24.2 93.6144 4
    endloop
  endfacet
  facet normal 0 0 1
    outer loop
      vertex -18.116 91.75 4
      vertex -24.2 93.6144 4
      vertex -24.3877 93.5218 4
    endloop
  endfacet
  facet normal 0 0 1
    outer loop
      vertex -18.0434 91.6412 4
      vertex -24.3877 93.5218 4
      vertex -24.5859 93.4545 4
    endloop
  endfacet
  facet normal 0 0 1
    outer loop
      vertex -17.9571 91.5429 4
      vertex -24.5859 93.4545 4
      vertex -24.7912 93.4137 4
    endloop
  endfacet
  facet normal 0 0 1
    outer loop
      vertex -17.8588 91.4566 4
      vertex -24.7912 93.4137 4
      vertex -25 93.4 4
    endloop
  endfacet
  facet normal 0 0 1
    outer loop
      vertex -17.75 91.384 4
      vertex -25 93.4 4
      vertex -25.2088 93.4137 4
    endloop
  endfacet
  facet normal 0 0 1
    outer loop
      vertex -17.6327 91.3261 4
      vertex -25.2088 93.4137 4
      vertex -33.8173 93.612 4
    endloop
  endfacet
  facet normal 0 0 1
    outer loop
      vertex -33.8173 93.612 4
      vertex -25.2088 93.4137 4
      vertex -25.4141 93.4545 4
    endloop
  endfacet
  facet normal 0 0 1
    outer loop
      vertex -33.6377 93.6477 4
      vertex -25.4141 93.4545 4
      vertex -25.6123 93.5218 4
    endloop
  endfacet
  facet normal 0 0 1
    outer loop
      vertex -33.4642 93.7066 4
      vertex -25.6123 93.5218 4
      vertex -25.8 93.6144 4
    endloop
  endfacet
  facet normal 0 0 1
    outer loop
      vertex -33.3 93.7876 4
      vertex -25.8 93.6144 4
      vertex -25.974 93.7306 4
    endloop
  endfacet
  facet normal 0 0 1
    outer loop
      vertex -33.1477 93.8893 4
      vertex -25.974 93.7306 4
      vertex -26.1314 93.8686 4
    endloop
  endfacet
  facet normal -0 0 1
    outer loop
      vertex -33.0101 94.0101 4
      vertex -26.1314 93.8686 4
      vertex -26.2694 94.026 4
    endloop
  endfacet
  facet normal -0 0 1
    outer loop
      vertex -32.8893 94.1477 4
      vertex -26.2694 94.026 4
      vertex -26.3856 94.2 4
    endloop
  endfacet
  facet normal -0 0 1
    outer loop
      vertex -32.7876 94.3 4
      vertex -26.3856 94.2 4
      vertex -26.4782 94.3877 4
    endloop
  endfacet
  facet normal -0 0 1
    outer loop
      vertex -32.7066 94.4642 4
      vertex -26.4782 94.3877 4
      vertex -26.5455 94.5859 4
    endloop
  endfacet
  facet normal -0 0 1
    outer loop
      vertex -32.6477 94.6377 4
      vertex -26.5455 94.5859 4
      vertex -26.5863 94.7912 4
    endloop
  endfacet
  facet normal -0 0 1
    outer loop
      vertex -32.6 95 4
      vertex -26.5863 94.7912 4
      vertex -26.6 95 4
    endloop
  endfacet
  facet normal -0 0 1
    outer loop
      vertex -32.612 94.8173 4
      vertex -26.5863 94.7912 4
      vertex -32.6 95 4
    endloop
  endfacet
  facet normal 0 0 1
    outer loop
      vertex -32.6477 94.6377 4
      vertex -26.5863 94.7912 4
      vertex -32.612 94.8173 4
    endloop
  endfacet
  facet normal 0 0 1
    outer loop
      vertex -26.5455 94.5859 4
      vertex -32.6477 94.6377 4
      vertex -32.7066 94.4642 4
    endloop
  endfacet
  facet normal 0 0 1
    outer loop
      vertex -26.4782 94.3877 4
      vertex -32.7066 94.4642 4
      vertex -32.7876 94.3 4
    endloop
  endfacet
  facet normal 0 0 1
    outer loop
      vertex -26.3856 94.2 4
      vertex -32.7876 94.3 4
      vertex -32.8893 94.1477 4
    endloop
  endfacet
  facet normal 0 0 1
    outer loop
      vertex -26.2694 94.026 4
      vertex -32.8893 94.1477 4
      vertex -33.0101 94.0101 4
    endloop
  endfacet
  facet normal 0 0 1
    outer loop
      vertex -26.1314 93.8686 4
      vertex -33.0101 94.0101 4
      vertex -33.1477 93.8893 4
    endloop
  endfacet
  facet normal 0 0 1
    outer loop
      vertex -25.974 93.7306 4
      vertex -33.1477 93.8893 4
      vertex -33.3 93.7876 4
    endloop
  endfacet
  facet normal 0 0 1
    outer loop
      vertex -25.8 93.6144 4
      vertex -33.3 93.7876 4
      vertex -33.4642 93.7066 4
    endloop
  endfacet
  facet normal 0 0 1
    outer loop
      vertex -25.6123 93.5218 4
      vertex -33.4642 93.7066 4
      vertex -33.6377 93.6477 4
    endloop
  endfacet
  facet normal 0 0 1
    outer loop
      vertex -25.4141 93.4545 4
      vertex -33.6377 93.6477 4
      vertex -33.8173 93.612 4
    endloop
  endfacet
  facet normal 0 0 1
    outer loop
      vertex -17.6327 91.3261 4
      vertex -33.8173 93.612 4
      vertex -34 93.6 4
    endloop
  endfacet
  facet normal 0 0 1
    outer loop
      vertex -17.5088 91.2841 4
      vertex -34 93.6 4
      vertex -41.3042 92.7628 4
    endloop
  endfacet
  facet normal 0 0 1
    outer loop
      vertex -41.1118 92.8011 4
      vertex -34 93.6 4
      vertex -34.1827 93.612 4
    endloop
  endfacet
  facet normal 0 0 1
    outer loop
      vertex -40.926 92.8642 4
      vertex -34.1827 93.612 4
      vertex -34.3624 93.6477 4
    endloop
  endfacet
  facet normal 0 0 1
    outer loop
      vertex -40.75 92.951 4
      vertex -34.3624 93.6477 4
      vertex -34.5358 93.7066 4
    endloop
  endfacet
  facet normal 0 0 1
    outer loop
      vertex -40.5869 93.06 4
      vertex -34.5358 93.7066 4
      vertex -34.7 93.7876 4
    endloop
  endfacet
  facet normal 0 0 1
    outer loop
      vertex -40.4393 93.1893 4
      vertex -34.7 93.7876 4
      vertex -34.8523 93.8893 4
    endloop
  endfacet
  facet normal 0 0 1
    outer loop
      vertex -40.31 93.3369 4
      vertex -34.8523 93.8893 4
      vertex -34.99 94.0101 4
    endloop
  endfacet
  facet normal 0 0 1
    outer loop
      vertex -40.201 93.5 4
      vertex -34.99 94.0101 4
      vertex -35.1107 94.1477 4
    endloop
  endfacet
  facet normal 0 0 1
    outer loop
      vertex -40.1142 93.676 4
      vertex -35.1107 94.1477 4
      vertex -35.2124 94.3 4
    endloop
  endfacet
  facet normal 0 0 1
    outer loop
      vertex -40.0511 93.8618 4
      vertex -35.2124 94.3 4
      vertex -35.2934 94.4642 4
    endloop
  endfacet
  facet normal 0 0 1
    outer loop
      vertex -40.0128 94.0542 4
      vertex -35.2934 94.4642 4
      vertex -35.3523 94.6377 4
    endloop
  endfacet
  facet normal 0 0 1
    outer loop
      vertex -40 94.25 4
      vertex -35.4 95 4
      vertex -40 95.75 4
    endloop
  endfacet
  facet normal 0 0 1
    outer loop
      vertex -35.4 95 4
      vertex -40 94.25 4
      vertex -35.388 94.8173 4
    endloop
  endfacet
  facet normal 0 0 1
    outer loop
      vertex -35.388 94.8173 4
      vertex -40 94.25 4
      vertex -35.3523 94.6377 4
    endloop
  endfacet
  facet normal 0 0 1
    outer loop
      vertex -40.0128 94.0542 4
      vertex -35.3523 94.6377 4
      vertex -40 94.25 4
    endloop
  endfacet
  facet normal 0 0 1
    outer loop
      vertex -35.2934 94.4642 4
      vertex -40.0128 94.0542 4
      vertex -40.0511 93.8618 4
    endloop
  endfacet
  facet normal 0 0 1
    outer loop
      vertex -35.2124 94.3 4
      vertex -40.0511 93.8618 4
      vertex -40.1142 93.676 4
    endloop
  endfacet
  facet normal 0 0 1
    outer loop
      vertex -35.1107 94.1477 4
      vertex -40.1142 93.676 4
      vertex -40.201 93.5 4
    endloop
  endfacet
  facet normal 0 0 1
    outer loop
      vertex -34.99 94.0101 4
      vertex -40.201 93.5 4
      vertex -40.31 93.3369 4
    endloop
  endfacet
  facet normal 0 0 1
    outer loop
      vertex -34.8523 93.8893 4
      vertex -40.31 93.3369 4
      vertex -40.4393 93.1893 4
    endloop
  endfacet
  facet normal 0 0 1
    outer loop
      vertex -34.7 93.7876 4
      vertex -40.4393 93.1893 4
      vertex -40.5869 93.06 4
    endloop
  endfacet
  facet normal 0 0 1
    outer loop
      vertex -34.5358 93.7066 4
      vertex -40.5869 93.06 4
      vertex -40.75 92.951 4
    endloop
  endfacet
  facet normal 0 0 1
    outer loop
      vertex -34.3624 93.6477 4
      vertex -40.75 92.951 4
      vertex -40.926 92.8642 4
    endloop
  endfacet
  facet normal 0 0 1
    outer loop
      vertex -34.1827 93.612 4
      vertex -40.926 92.8642 4
      vertex -41.1118 92.8011 4
    endloop
  endfacet
  facet normal 0 0 1
    outer loop
      vertex -41.3042 92.7628 4
      vertex -34 93.6 4
      vertex -41.1118 92.8011 4
    endloop
  endfacet
  facet normal 0 0 1
    outer loop
      vertex -56.0616 0.430736 4
      vertex -17.5088 91.2841 4
      vertex -41.3042 92.7628 4
    endloop
  endfacet
  facet normal 0 0 1
    outer loop
      vertex -56.0616 0.430736 4
      vertex -41.3042 92.7628 4
      vertex -41.5 92.75 4
    endloop
  endfacet
  facet normal 0 0 1
    outer loop
      vertex -56.0616 0.430736 4
      vertex -41.5 92.75 4
      vertex -48.5 92.75 4
    endloop
  endfacet
  facet normal 0 0 1
    outer loop
      vertex -56.0616 0.430736 4
      vertex -48.5 92.75 4
      vertex -48.6958 92.7628 4
    endloop
  endfacet
  facet normal 0 0 1
    outer loop
      vertex -56.0616 0.430736 4
      vertex -48.6958 92.7628 4
      vertex -48.8882 92.8011 4
    endloop
  endfacet
  facet normal 0 0 1
    outer loop
      vertex -55.8173 93.612 4
      vertex -48.8882 92.8011 4
      vertex -49.074 92.8642 4
    endloop
  endfacet
  facet normal 0 0 1
    outer loop
      vertex -55.6376 93.6477 4
      vertex -49.074 92.8642 4
      vertex -49.25 92.951 4
    endloop
  endfacet
  facet normal 0 0 1
    outer loop
      vertex -55.4642 93.7066 4
      vertex -49.25 92.951 4
      vertex -49.4131 93.06 4
    endloop
  endfacet
  facet normal 0 0 1
    outer loop
      vertex -55.3 93.7876 4
      vertex -49.4131 93.06 4
      vertex -49.5607 93.1893 4
    endloop
  endfacet
  facet normal 0 0 1
    outer loop
      vertex -55.1477 93.8893 4
      vertex -49.5607 93.1893 4
      vertex -49.69 93.3369 4
    endloop
  endfacet
  facet normal 0 0 1
    outer loop
      vertex -55.01 94.0101 4
      vertex -49.69 93.3369 4
      vertex -49.799 93.5 4
    endloop
  endfacet
  facet normal 0 0 1
    outer loop
      vertex -54.8893 94.1477 4
      vertex -49.799 93.5 4
      vertex -49.8858 93.676 4
    endloop
  endfacet
  facet normal -0 0 1
    outer loop
      vertex -54.612 94.8173 4
      vertex -50 94.25 4
      vertex -54.6 95 4
    endloop
  endfacet
  facet normal -0 0 1
    outer loop
      vertex -54.6477 94.6377 4
      vertex -50 94.25 4
      vertex -54.612 94.8173 4
    endloop
  endfacet
  facet normal 0 0 1
    outer loop
      vertex -50 94.25 4
      vertex -54.6477 94.6377 4
      vertex -49.9872 94.0542 4
    endloop
  endfacet
  facet normal -0 0 1
    outer loop
      vertex -54.7066 94.4642 4
      vertex -49.9872 94.0542 4
      vertex -54.6477 94.6377 4
    endloop
  endfacet
  facet normal 0 0 1
    outer loop
      vertex -49.9872 94.0542 4
      vertex -54.7066 94.4642 4
      vertex -49.9489 93.8618 4
    endloop
  endfacet
  facet normal -0 0 1
    outer loop
      vertex -54.7876 94.3 4
      vertex -49.9489 93.8618 4
      vertex -54.7066 94.4642 4
    endloop
  endfacet
  facet normal 0 0 1
    outer loop
      vertex -49.9489 93.8618 4
      vertex -54.7876 94.3 4
      vertex -49.8858 93.676 4
    endloop
  endfacet
  facet normal -0 0 1
    outer loop
      vertex -54.8893 94.1477 4
      vertex -49.8858 93.676 4
      vertex -54.7876 94.3 4
    endloop
  endfacet
  facet normal 0 0 1
    outer loop
      vertex -49.799 93.5 4
      vertex -54.8893 94.1477 4
      vertex -55.01 94.0101 4
    endloop
  endfacet
  facet normal 0 0 1
    outer loop
      vertex -49.69 93.3369 4
      vertex -55.01 94.0101 4
      vertex -55.1477 93.8893 4
    endloop
  endfacet
  facet normal 0 0 1
    outer loop
      vertex -49.5607 93.1893 4
      vertex -55.1477 93.8893 4
      vertex -55.3 93.7876 4
    endloop
  endfacet
  facet normal 0 0 1
    outer loop
      vertex -49.4131 93.06 4
      vertex -55.3 93.7876 4
      vertex -55.4642 93.7066 4
    endloop
  endfacet
  facet normal 0 0 1
    outer loop
      vertex -49.25 92.951 4
      vertex -55.4642 93.7066 4
      vertex -55.6376 93.6477 4
    endloop
  endfacet
  facet normal 0 0 1
    outer loop
      vertex -49.074 92.8642 4
      vertex -55.6376 93.6477 4
      vertex -55.8173 93.612 4
    endloop
  endfacet
  facet normal 0 0 1
    outer loop
      vertex -48.8882 92.8011 4
      vertex -55.8173 93.612 4
      vertex -56 93.6 4
    endloop
  endfacet
  facet normal 0 0 1
    outer loop
      vertex -59.3333 3.3 4
      vertex -48.8882 92.8011 4
      vertex -56 93.6 4
    endloop
  endfacet
  facet normal -0 0 1
    outer loop
      vertex -56.0616 0.430736 4
      vertex -10 -10 4
      vertex -17.3805 91.2586 4
    endloop
  endfacet
  facet normal -0 0 1
    outer loop
      vertex -56.0616 -0.430736 4
      vertex -10 -10 4
      vertex -56.0333 0 4
    endloop
  endfacet
  facet normal -0 0 1
    outer loop
      vertex -56.1458 -0.854102 4
      vertex -10 -10 4
      vertex -56.0616 -0.430736 4
    endloop
  endfacet
  facet normal -0 0 1
    outer loop
      vertex -56.2845 -1.26285 4
      vertex -10 -10 4
      vertex -56.1458 -0.854102 4
    endloop
  endfacet
  facet normal -0 0 1
    outer loop
      vertex -56.4754 -1.65 4
      vertex -10 -10 4
      vertex -56.2845 -1.26285 4
    endloop
  endfacet
  facet normal -0 0 1
    outer loop
      vertex -56.7153 -2.00891 4
      vertex -10 -10 4
      vertex -56.4754 -1.65 4
    endloop
  endfacet
  facet normal -0 0 1
    outer loop
      vertex -56.9999 -2.33345 4
      vertex -10 -10 4
      vertex -56.7153 -2.00891 4
    endloop
  endfacet
  facet normal -0 0 1
    outer loop
      vertex -57.3244 -2.61807 4
      vertex -10 -10 4
      vertex -56.9999 -2.33345 4
    endloop
  endfacet
  facet normal -0 0 1
    outer loop
      vertex -57.6833 -2.85788 4
      vertex -10 -10 4
      vertex -57.3244 -2.61807 4
    endloop
  endfacet
  facet normal -0 0 1
    outer loop
      vertex -58.0705 -3.0488 4
      vertex -10 -10 4
      vertex -57.6833 -2.85788 4
    endloop
  endfacet
  facet normal -0 0 1
    outer loop
      vertex -58.4792 -3.18755 4
      vertex -10 -10 4
      vertex -58.0705 -3.0488 4
    endloop
  endfacet
  facet normal -0 0 1
    outer loop
      vertex -58.9026 -3.27177 4
      vertex -10 -10 4
      vertex -58.4792 -3.18755 4
    endloop
  endfacet
  facet normal -0 0 1
    outer loop
      vertex -59.3333 -3.3 4
      vertex -10 -10 4
      vertex -58.9026 -3.27177 4
    endloop
  endfacet
  facet normal 0 0 1
    outer loop
      vertex -59.7641 -3.27177 4
      vertex -10 -10 4
      vertex -59.3333 -3.3 4
    endloop
  endfacet
  facet normal 0 0 1
    outer loop
      vertex -57.3523 94.6377 4
      vertex -63.4137 94.7912 4
      vertex -63.4545 94.5859 4
    endloop
  endfacet
  facet normal 0 0 1
    outer loop
      vertex -57.2934 94.4642 4
      vertex -63.4545 94.5859 4
      vertex -63.5218 94.3877 4
    endloop
  endfacet
  facet normal 0 0 1
    outer loop
      vertex -57.2124 94.3 4
      vertex -63.5218 94.3877 4
      vertex -63.6144 94.2 4
    endloop
  endfacet
  facet normal 0 0 1
    outer loop
      vertex -57.1107 94.1477 4
      vertex -63.6144 94.2 4
      vertex -63.7306 94.026 4
    endloop
  endfacet
  facet normal 0 0 1
    outer loop
      vertex -56.9899 94.0101 4
      vertex -63.7306 94.026 4
      vertex -63.8686 93.8686 4
    endloop
  endfacet
  facet normal 0 0 1
    outer loop
      vertex -56.8523 93.8893 4
      vertex -63.8686 93.8686 4
      vertex -64.026 93.7306 4
    endloop
  endfacet
  facet normal 0 0 1
    outer loop
      vertex -56.7 93.7876 4
      vertex -64.026 93.7306 4
      vertex -64.2 93.6144 4
    endloop
  endfacet
  facet normal 0 0 1
    outer loop
      vertex -56.5358 93.7066 4
      vertex -64.2 93.6144 4
      vertex -64.3877 93.5218 4
    endloop
  endfacet
  facet normal 0 0 1
    outer loop
      vertex -56.3623 93.6477 4
      vertex -64.3877 93.5218 4
      vertex -64.5859 93.4545 4
    endloop
  endfacet
  facet normal 0 0 1
    outer loop
      vertex -115.395 0.430736 4
      vertex -61.3422 2.61807 4
      vertex -86.75 91 4
    endloop
  endfacet
  facet normal 0 0 1
    outer loop
      vertex -115.395 0.430736 4
      vertex -61.6668 2.33345 4
      vertex -61.3422 2.61807 4
    endloop
  endfacet
  facet normal 0 0 1
    outer loop
      vertex -72.75 91.134 4
      vertex -64.7912 93.4137 4
      vertex -65 93.4 4
    endloop
  endfacet
  facet normal 0 0 1
    outer loop
      vertex -72.6412 91.2066 4
      vertex -65 93.4 4
      vertex -65.2088 93.4137 4
    endloop
  endfacet
  facet normal 0 0 1
    outer loop
      vertex -72.5429 91.2929 4
      vertex -65.2088 93.4137 4
      vertex -65.4141 93.4545 4
    endloop
  endfacet
  facet normal 0 0 1
    outer loop
      vertex -72.4566 91.3912 4
      vertex -65.4141 93.4545 4
      vertex -65.6123 93.5218 4
    endloop
  endfacet
  facet normal 0 0 1
    outer loop
      vertex -72.384 91.5 4
      vertex -65.6123 93.5218 4
      vertex -65.8 93.6144 4
    endloop
  endfacet
  facet normal 0 0 1
    outer loop
      vertex -72.3261 91.6173 4
      vertex -65.8 93.6144 4
      vertex -65.974 93.7306 4
    endloop
  endfacet
  facet normal 0 0 1
    outer loop
      vertex -72.2841 91.7412 4
      vertex -65.974 93.7306 4
      vertex -66.1314 93.8686 4
    endloop
  endfacet
  facet normal 0 0 1
    outer loop
      vertex -72.2586 91.8695 4
      vertex -66.1314 93.8686 4
      vertex -66.2694 94.026 4
    endloop
  endfacet
  facet normal 0 0 1
    outer loop
      vertex -72.25 92 4
      vertex -66.2694 94.026 4
      vertex -66.3857 94.2 4
    endloop
  endfacet
  facet normal 0 0 1
    outer loop
      vertex -72.25 92 4
      vertex -66.3857 94.2 4
      vertex -66.4782 94.3877 4
    endloop
  endfacet
  facet normal 0 0 1
    outer loop
      vertex -72.25 92 4
      vertex -66.4782 94.3877 4
      vertex -66.5455 94.5859 4
    endloop
  endfacet
  facet normal 0 0 1
    outer loop
      vertex -72.25 92 4
      vertex -66.5455 94.5859 4
      vertex -66.5863 94.7912 4
    endloop
  endfacet
  facet normal 0 0 1
    outer loop
      vertex -72.25 92 4
      vertex -66.5863 94.7912 4
      vertex -66.6 95 4
    endloop
  endfacet
  facet normal 0 0 1
    outer loop
      vertex -72.2586 98.1305 4
      vertex -65.4141 96.5455 4
      vertex -65.2088 96.5863 4
    endloop
  endfacet
  facet normal 0 0 1
    outer loop
      vertex -72.2586 98.1305 4
      vertex -65.6123 96.4782 4
      vertex -65.4141 96.5455 4
    endloop
  endfacet
  facet normal 0 0 1
    outer loop
      vertex -72.2586 98.1305 4
      vertex -65.8 96.3856 4
      vertex -65.6123 96.4782 4
    endloop
  endfacet
  facet normal 0 0 1
    outer loop
      vertex -72.2586 98.1305 4
      vertex -65.974 96.2694 4
      vertex -65.8 96.3856 4
    endloop
  endfacet
  facet normal 0 0 1
    outer loop
      vertex -72.2586 98.1305 4
      vertex -66.1314 96.1314 4
      vertex -65.974 96.2694 4
    endloop
  endfacet
  facet normal 0 0 1
    outer loop
      vertex -66.2694 95.974 4
      vertex -72.25 98 4
      vertex -66.3857 95.8 4
    endloop
  endfacet
  facet normal 0 0 1
    outer loop
      vertex -66.3857 95.8 4
      vertex -72.25 98 4
      vertex -66.4782 95.6123 4
    endloop
  endfacet
  facet normal 0 0 1
    outer loop
      vertex -66.4782 95.6123 4
      vertex -72.25 98 4
      vertex -66.5455 95.4141 4
    endloop
  endfacet
  facet normal 0 0 1
    outer loop
      vertex -66.5455 95.4141 4
      vertex -72.25 98 4
      vertex -66.5863 95.2088 4
    endloop
  endfacet
  facet normal 0 0 1
    outer loop
      vertex -66.5863 95.2088 4
      vertex -72.25 98 4
      vertex -66.6 95 4
    endloop
  endfacet
  facet normal 0 0 1
    outer loop
      vertex -72.2586 98.1305 4
      vertex -66.2694 95.974 4
      vertex -66.1314 96.1314 4
    endloop
  endfacet
  facet normal 0 0 1
    outer loop
      vertex -72.2586 98.1305 4
      vertex -69.1459 124.812 4
      vertex -69.5693 124.728 4
    endloop
  endfacet
  facet normal 0 0 1
    outer loop
      vertex -72.2586 98.1305 4
      vertex -69.5693 124.728 4
      vertex -70 124.7 4
    endloop
  endfacet
  facet normal 0 0 1
    outer loop
      vertex -72.2586 98.1305 4
      vertex -70 124.7 4
      vertex -70.4307 124.728 4
    endloop
  endfacet
  facet normal 0 0 1
    outer loop
      vertex -72.2586 98.1305 4
      vertex -70.4307 124.728 4
      vertex -70.8541 124.812 4
    endloop
  endfacet
  facet normal 0 0 1
    outer loop
      vertex -66.2694 94.026 4
      vertex -72.25 92 4
      vertex -72.2586 91.8695 4
    endloop
  endfacet
  facet normal 0 0 1
    outer loop
      vertex -72.2586 98.1305 4
      vertex -70.8541 124.812 4
      vertex -71.2629 124.951 4
    endloop
  endfacet
  facet normal 0 0 1
    outer loop
      vertex -72.2586 98.1305 4
      vertex -71.2629 124.951 4
      vertex -71.65 125.142 4
    endloop
  endfacet
  facet normal 0 0 1
    outer loop
      vertex -86.75 99 4
      vertex -71.65 125.142 4
      vertex -72.0089 125.382 4
    endloop
  endfacet
  facet normal 0 0 1
    outer loop
      vertex -66.6 95 4
      vertex -72.25 98 4
      vertex -72.25 92 4
    endloop
  endfacet
  facet normal 0 0 1
    outer loop
      vertex -66.1314 93.8686 4
      vertex -72.2586 91.8695 4
      vertex -72.2841 91.7412 4
    endloop
  endfacet
  facet normal 0 0 1
    outer loop
      vertex -65.974 93.7306 4
      vertex -72.2841 91.7412 4
      vertex -72.3261 91.6173 4
    endloop
  endfacet
  facet normal 0 0 1
    outer loop
      vertex -65.8 93.6144 4
      vertex -72.3261 91.6173 4
      vertex -72.384 91.5 4
    endloop
  endfacet
  facet normal 0 0 1
    outer loop
      vertex -65.6123 93.5218 4
      vertex -72.384 91.5 4
      vertex -72.4566 91.3912 4
    endloop
  endfacet
  facet normal 0 0 1
    outer loop
      vertex -65.4141 93.4545 4
      vertex -72.4566 91.3912 4
      vertex -72.5429 91.2929 4
    endloop
  endfacet
  facet normal 0 0 1
    outer loop
      vertex -65.2088 93.4137 4
      vertex -72.5429 91.2929 4
      vertex -72.6412 91.2066 4
    endloop
  endfacet
  facet normal 0 0 1
    outer loop
      vertex -65 93.4 4
      vertex -72.6412 91.2066 4
      vertex -72.75 91.134 4
    endloop
  endfacet
  facet normal 0 0 1
    outer loop
      vertex -64.7912 93.4137 4
      vertex -72.75 91.134 4
      vertex -72.8673 91.0761 4
    endloop
  endfacet
  facet normal 0 0 1
    outer loop
      vertex -115.395 0.430736 4
      vertex -61.9514 2.00891 4
      vertex -61.6668 2.33345 4
    endloop
  endfacet
  facet normal 0 0 1
    outer loop
      vertex -115.395 0.430736 4
      vertex -62.1912 1.65 4
      vertex -61.9514 2.00891 4
    endloop
  endfacet
  facet normal 0 0 1
    outer loop
      vertex -115.395 0.430736 4
      vertex -62.3821 1.26285 4
      vertex -62.1912 1.65 4
    endloop
  endfacet
  facet normal 0 0 1
    outer loop
      vertex -115.395 0.430736 4
      vertex -62.5209 0.854102 4
      vertex -62.3821 1.26285 4
    endloop
  endfacet
  facet normal 0 0 1
    outer loop
      vertex -115.395 0.430736 4
      vertex -62.6051 0.430736 4
      vertex -62.5209 0.854102 4
    endloop
  endfacet
  facet normal 0 0 1
    outer loop
      vertex -62.6051 0.430736 4
      vertex -115.367 0 4
      vertex -62.6333 0 4
    endloop
  endfacet
  facet normal 0 0 1
    outer loop
      vertex -62.6333 0 4
      vertex -115.367 0 4
      vertex -62.6051 -0.430736 4
    endloop
  endfacet
  facet normal 0 0 1
    outer loop
      vertex -115.395 0.430736 4
      vertex -86.75 91 4
      vertex -86.8805 91.0086 4
    endloop
  endfacet
  facet normal 0 0 1
    outer loop
      vertex -115.395 0.430736 4
      vertex -86.8805 91.0086 4
      vertex -87.0088 91.0341 4
    endloop
  endfacet
  facet normal 0 0 1
    outer loop
      vertex -112.991 91.0341 4
      vertex -87.0088 91.0341 4
      vertex -87.1327 91.0761 4
    endloop
  endfacet
  facet normal 0 0 1
    outer loop
      vertex -95.2088 93.4137 4
      vertex -87.1327 91.0761 4
      vertex -87.25 91.134 4
    endloop
  endfacet
  facet normal 0 0 1
    outer loop
      vertex -95 93.4 4
      vertex -87.25 91.134 4
      vertex -87.3588 91.2066 4
    endloop
  endfacet
  facet normal 0 0 1
    outer loop
      vertex -94.7912 93.4137 4
      vertex -87.3588 91.2066 4
      vertex -87.4571 91.2929 4
    endloop
  endfacet
  facet normal 0 0 1
    outer loop
      vertex -94.5859 93.4545 4
      vertex -87.4571 91.2929 4
      vertex -87.5434 91.3912 4
    endloop
  endfacet
  facet normal 0 0 1
    outer loop
      vertex -94.3877 93.5218 4
      vertex -87.5434 91.3912 4
      vertex -87.616 91.5 4
    endloop
  endfacet
  facet normal 0 0 1
    outer loop
      vertex -94.2 93.6144 4
      vertex -87.616 91.5 4
      vertex -87.6739 91.6173 4
    endloop
  endfacet
  facet normal 0 0 1
    outer loop
      vertex -94.026 93.7306 4
      vertex -87.6739 91.6173 4
      vertex -87.7159 91.7412 4
    endloop
  endfacet
  facet normal -0 0 1
    outer loop
      vertex -93.4137 94.7912 4
      vertex -87.75 92 4
      vertex -93.4 95 4
    endloop
  endfacet
  facet normal -0 0 1
    outer loop
      vertex -93.4545 94.5859 4
      vertex -87.75 92 4
      vertex -93.4137 94.7912 4
    endloop
  endfacet
  facet normal -0 0 1
    outer loop
      vertex -93.5218 94.3877 4
      vertex -87.75 92 4
      vertex -93.4545 94.5859 4
    endloop
  endfacet
  facet normal -0 0 1
    outer loop
      vertex -93.6143 94.2 4
      vertex -87.75 92 4
      vertex -93.5218 94.3877 4
    endloop
  endfacet
  facet normal -0 0 1
    outer loop
      vertex -93.7306 94.026 4
      vertex -87.75 92 4
      vertex -93.6143 94.2 4
    endloop
  endfacet
  facet normal 0 0 1
    outer loop
      vertex -87.75 92 4
      vertex -93.7306 94.026 4
      vertex -87.7414 91.8695 4
    endloop
  endfacet
  facet normal -0 0 1
    outer loop
      vertex -93.8686 93.8686 4
      vertex -87.7414 91.8695 4
      vertex -93.7306 94.026 4
    endloop
  endfacet
  facet normal 0 0 1
    outer loop
      vertex -87.7414 91.8695 4
      vertex -93.8686 93.8686 4
      vertex -87.7159 91.7412 4
    endloop
  endfacet
  facet normal -0 0 1
    outer loop
      vertex -94.026 93.7306 4
      vertex -87.7159 91.7412 4
      vertex -93.8686 93.8686 4
    endloop
  endfacet
  facet normal 0 0 1
    outer loop
      vertex -87.6739 91.6173 4
      vertex -94.026 93.7306 4
      vertex -94.2 93.6144 4
    endloop
  endfacet
  facet normal 0 0 1
    outer loop
      vertex -87.616 91.5 4
      vertex -94.2 93.6144 4
      vertex -94.3877 93.5218 4
    endloop
  endfacet
  facet normal 0 0 1
    outer loop
      vertex -87.5434 91.3912 4
      vertex -94.3877 93.5218 4
      vertex -94.5859 93.4545 4
    endloop
  endfacet
  facet normal 0 0 1
    outer loop
      vertex -87.4571 91.2929 4
      vertex -94.5859 93.4545 4
      vertex -94.7912 93.4137 4
    endloop
  endfacet
  facet normal 0 0 1
    outer loop
      vertex -87.3588 91.2066 4
      vertex -94.7912 93.4137 4
      vertex -95 93.4 4
    endloop
  endfacet
  facet normal 0 0 1
    outer loop
      vertex -115.395 -0.430736 4
      vertex -62.6051 -0.430736 4
      vertex -115.367 0 4
    endloop
  endfacet
  facet normal 0 0 1
    outer loop
      vertex -87.25 91.134 4
      vertex -95 93.4 4
      vertex -95.2088 93.4137 4
    endloop
  endfacet
  facet normal 0 0 1
    outer loop
      vertex -87.1327 91.0761 4
      vertex -95.2088 93.4137 4
      vertex -112.867 91.0761 4
    endloop
  endfacet
  facet normal 0 0 1
    outer loop
      vertex -104.791 93.4137 4
      vertex -95.2088 93.4137 4
      vertex -95.4141 93.4545 4
    endloop
  endfacet
  facet normal 0 0 1
    outer loop
      vertex -104.586 93.4545 4
      vertex -95.4141 93.4545 4
      vertex -95.6123 93.5218 4
    endloop
  endfacet
  facet normal 0 0 1
    outer loop
      vertex -104.388 93.5218 4
      vertex -95.6123 93.5218 4
      vertex -95.8 93.6144 4
    endloop
  endfacet
  facet normal 0 0 1
    outer loop
      vertex -104.2 93.6144 4
      vertex -95.8 93.6144 4
      vertex -95.974 93.7306 4
    endloop
  endfacet
  facet normal 0 0 1
    outer loop
      vertex -104.026 93.7306 4
      vertex -95.974 93.7306 4
      vertex -96.1314 93.8686 4
    endloop
  endfacet
  facet normal 0 0 1
    outer loop
      vertex -103.869 93.8686 4
      vertex -96.1314 93.8686 4
      vertex -96.2694 94.026 4
    endloop
  endfacet
  facet normal 0 0 1
    outer loop
      vertex -103.731 94.026 4
      vertex -96.2694 94.026 4
      vertex -96.3856 94.2 4
    endloop
  endfacet
  facet normal 0 0 1
    outer loop
      vertex -103.614 94.2 4
      vertex -96.3856 94.2 4
      vertex -96.4782 94.3877 4
    endloop
  endfacet
  facet normal -0 0 1
    outer loop
      vertex -103.4 95 4
      vertex -96.5863 94.7912 4
      vertex -96.6 95 4
    endloop
  endfacet
  facet normal 0 0 1
    outer loop
      vertex -103.414 94.7912 4
      vertex -96.5863 94.7912 4
      vertex -103.4 95 4
    endloop
  endfacet
  facet normal 0 0 1
    outer loop
      vertex -96.5863 94.7912 4
      vertex -103.414 94.7912 4
      vertex -96.5455 94.5859 4
    endloop
  endfacet
  facet normal 0 0 1
    outer loop
      vertex -103.455 94.5859 4
      vertex -96.5455 94.5859 4
      vertex -103.414 94.7912 4
    endloop
  endfacet
  facet normal 0 0 1
    outer loop
      vertex -96.5455 94.5859 4
      vertex -103.455 94.5859 4
      vertex -96.4782 94.3877 4
    endloop
  endfacet
  facet normal 0 0 1
    outer loop
      vertex -103.522 94.3877 4
      vertex -96.4782 94.3877 4
      vertex -103.455 94.5859 4
    endloop
  endfacet
  facet normal 0 0 1
    outer loop
      vertex -103.614 94.2 4
      vertex -96.4782 94.3877 4
      vertex -103.522 94.3877 4
    endloop
  endfacet
  facet normal 0 0 1
    outer loop
      vertex -96.3856 94.2 4
      vertex -103.614 94.2 4
      vertex -103.731 94.026 4
    endloop
  endfacet
  facet normal 0 0 1
    outer loop
      vertex -96.2694 94.026 4
      vertex -103.731 94.026 4
      vertex -103.869 93.8686 4
    endloop
  endfacet
  facet normal 0 0 1
    outer loop
      vertex -96.1314 93.8686 4
      vertex -103.869 93.8686 4
      vertex -104.026 93.7306 4
    endloop
  endfacet
  facet normal 0 0 1
    outer loop
      vertex -95.974 93.7306 4
      vertex -104.026 93.7306 4
      vertex -104.2 93.6144 4
    endloop
  endfacet
  facet normal 0 0 1
    outer loop
      vertex -95.8 93.6144 4
      vertex -104.2 93.6144 4
      vertex -104.388 93.5218 4
    endloop
  endfacet
  facet normal 0 0 1
    outer loop
      vertex -95.6123 93.5218 4
      vertex -104.388 93.5218 4
      vertex -104.586 93.4545 4
    endloop
  endfacet
  facet normal 0 0 1
    outer loop
      vertex -95.4141 93.4545 4
      vertex -104.586 93.4545 4
      vertex -104.791 93.4137 4
    endloop
  endfacet
  facet normal 0 0 1
    outer loop
      vertex -95.2088 93.4137 4
      vertex -104.791 93.4137 4
      vertex -112.867 91.0761 4
    endloop
  endfacet
  facet normal 0 0 1
    outer loop
      vertex -112.75 91.134 4
      vertex -104.791 93.4137 4
      vertex -105 93.4 4
    endloop
  endfacet
  facet normal 0 0 1
    outer loop
      vertex -112.641 91.2066 4
      vertex -105 93.4 4
      vertex -105.209 93.4137 4
    endloop
  endfacet
  facet normal 0 0 1
    outer loop
      vertex -112.543 91.2929 4
      vertex -105.209 93.4137 4
      vertex -105.414 93.4545 4
    endloop
  endfacet
  facet normal 0 0 1
    outer loop
      vertex -112.457 91.3912 4
      vertex -105.414 93.4545 4
      vertex -105.612 93.5218 4
    endloop
  endfacet
  facet normal 0 0 1
    outer loop
      vertex -112.384 91.5 4
      vertex -105.612 93.5218 4
      vertex -105.8 93.6144 4
    endloop
  endfacet
  facet normal 0 0 1
    outer loop
      vertex -112.326 91.6173 4
      vertex -105.8 93.6144 4
      vertex -105.974 93.7306 4
    endloop
  endfacet
  facet normal 0 0 1
    outer loop
      vertex -112.284 91.7412 4
      vertex -105.974 93.7306 4
      vertex -106.131 93.8686 4
    endloop
  endfacet
  facet normal 0 0 1
    outer loop
      vertex -112.259 91.8695 4
      vertex -106.131 93.8686 4
      vertex -106.269 94.026 4
    endloop
  endfacet
  facet normal 0 0 1
    outer loop
      vertex -112.25 92 4
      vertex -106.269 94.026 4
      vertex -106.386 94.2 4
    endloop
  endfacet
  facet normal 0 0 1
    outer loop
      vertex -112.25 92 4
      vertex -106.386 94.2 4
      vertex -106.478 94.3877 4
    endloop
  endfacet
  facet normal 0 0 1
    outer loop
      vertex -112.25 92 4
      vertex -106.6 95 4
      vertex -112.25 98 4
    endloop
  endfacet
  facet normal 0 0 1
    outer loop
      vertex -106.6 95 4
      vertex -112.25 92 4
      vertex -106.586 94.7912 4
    endloop
  endfacet
  facet normal 0 0 1
    outer loop
      vertex -106.586 94.7912 4
      vertex -112.25 92 4
      vertex -106.545 94.5859 4
    endloop
  endfacet
  facet normal 0 0 1
    outer loop
      vertex -106.545 94.5859 4
      vertex -112.25 92 4
      vertex -106.478 94.3877 4
    endloop
  endfacet
  facet normal 0 0 1
    outer loop
      vertex -106.269 94.026 4
      vertex -112.25 92 4
      vertex -112.259 91.8695 4
    endloop
  endfacet
  facet normal 0 0 1
    outer loop
      vertex -106.131 93.8686 4
      vertex -112.259 91.8695 4
      vertex -112.284 91.7412 4
    endloop
  endfacet
  facet normal 0 0 1
    outer loop
      vertex -105.974 93.7306 4
      vertex -112.284 91.7412 4
      vertex -112.326 91.6173 4
    endloop
  endfacet
  facet normal 0 0 1
    outer loop
      vertex -105.8 93.6144 4
      vertex -112.326 91.6173 4
      vertex -112.384 91.5 4
    endloop
  endfacet
  facet normal 0 0 1
    outer loop
      vertex -105.612 93.5218 4
      vertex -112.384 91.5 4
      vertex -112.457 91.3912 4
    endloop
  endfacet
  facet normal 0 0 1
    outer loop
      vertex -105.414 93.4545 4
      vertex -112.457 91.3912 4
      vertex -112.543 91.2929 4
    endloop
  endfacet
  facet normal 0 0 1
    outer loop
      vertex -105.209 93.4137 4
      vertex -112.543 91.2929 4
      vertex -112.641 91.2066 4
    endloop
  endfacet
  facet normal 0 0 1
    outer loop
      vertex -105 93.4 4
      vertex -112.641 91.2066 4
      vertex -112.75 91.134 4
    endloop
  endfacet
  facet normal 0 0 1
    outer loop
      vertex -104.791 93.4137 4
      vertex -112.75 91.134 4
      vertex -112.867 91.0761 4
    endloop
  endfacet
  facet normal 0 0 1
    outer loop
      vertex -62.6051 -0.430736 4
      vertex -115.395 -0.430736 4
      vertex -62.5209 -0.854102 4
    endloop
  endfacet
  facet normal 0 0 1
    outer loop
      vertex -87.1327 91.0761 4
      vertex -112.867 91.0761 4
      vertex -112.991 91.0341 4
    endloop
  endfacet
  facet normal 0 0 1
    outer loop
      vertex -115.395 0.430736 4
      vertex -87.0088 91.0341 4
      vertex -112.991 91.0341 4
    endloop
  endfacet
  facet normal 0 0 1
    outer loop
      vertex -115.395 0.430736 4
      vertex -112.991 91.0341 4
      vertex -113.119 91.0086 4
    endloop
  endfacet
  facet normal 0 0 1
    outer loop
      vertex -118.236 3.27177 4
      vertex -113.119 91.0086 4
      vertex -113.25 91 4
    endloop
  endfacet
  facet normal 0 0 1
    outer loop
      vertex -115.479 -0.854102 4
      vertex -62.5209 -0.854102 4
      vertex -115.395 -0.430736 4
    endloop
  endfacet
  facet normal 0 0 1
    outer loop
      vertex -62.5209 -0.854102 4
      vertex -115.479 -0.854102 4
      vertex -62.3821 -1.26285 4
    endloop
  endfacet
  facet normal 0 0 1
    outer loop
      vertex -115.618 -1.26285 4
      vertex -62.3821 -1.26285 4
      vertex -115.479 -0.854102 4
    endloop
  endfacet
  facet normal 0 0 1
    outer loop
      vertex -62.3821 -1.26285 4
      vertex -115.618 -1.26285 4
      vertex -62.1912 -1.65 4
    endloop
  endfacet
  facet normal 0 0 1
    outer loop
      vertex -115.809 -1.65 4
      vertex -62.1912 -1.65 4
      vertex -115.618 -1.26285 4
    endloop
  endfacet
  facet normal 0 0 1
    outer loop
      vertex -62.1912 -1.65 4
      vertex -115.809 -1.65 4
      vertex -61.9514 -2.00891 4
    endloop
  endfacet
  facet normal 0 0 1
    outer loop
      vertex -116.049 -2.00891 4
      vertex -61.9514 -2.00891 4
      vertex -115.809 -1.65 4
    endloop
  endfacet
  facet normal 0 0 1
    outer loop
      vertex -61.9514 -2.00891 4
      vertex -116.049 -2.00891 4
      vertex -61.6668 -2.33345 4
    endloop
  endfacet
  facet normal 0 0 1
    outer loop
      vertex -116.333 -2.33345 4
      vertex -61.6668 -2.33345 4
      vertex -116.049 -2.00891 4
    endloop
  endfacet
  facet normal 0 0 1
    outer loop
      vertex -61.6668 -2.33345 4
      vertex -116.333 -2.33345 4
      vertex -61.3422 -2.61807 4
    endloop
  endfacet
  facet normal 0 0 1
    outer loop
      vertex -116.658 -2.61807 4
      vertex -61.3422 -2.61807 4
      vertex -116.333 -2.33345 4
    endloop
  endfacet
  facet normal 0 0 1
    outer loop
      vertex -61.3422 -2.61807 4
      vertex -116.658 -2.61807 4
      vertex -60.9833 -2.85788 4
    endloop
  endfacet
  facet normal 0 0 1
    outer loop
      vertex -117.017 -2.85788 4
      vertex -60.9833 -2.85788 4
      vertex -116.658 -2.61807 4
    endloop
  endfacet
  facet normal 0 0 1
    outer loop
      vertex -60.9833 -2.85788 4
      vertex -117.017 -2.85788 4
      vertex -60.5962 -3.0488 4
    endloop
  endfacet
  facet normal 0 0 1
    outer loop
      vertex -117.404 -3.0488 4
      vertex -60.5962 -3.0488 4
      vertex -117.017 -2.85788 4
    endloop
  endfacet
  facet normal 0 0 1
    outer loop
      vertex -60.5962 -3.0488 4
      vertex -117.404 -3.0488 4
      vertex -60.1874 -3.18755 4
    endloop
  endfacet
  facet normal 0 0 1
    outer loop
      vertex -117.813 -3.18755 4
      vertex -60.1874 -3.18755 4
      vertex -117.404 -3.0488 4
    endloop
  endfacet
  facet normal 0 0 1
    outer loop
      vertex -60.1874 -3.18755 4
      vertex -117.813 -3.18755 4
      vertex -59.7641 -3.27177 4
    endloop
  endfacet
  facet normal 0 0 1
    outer loop
      vertex -118.236 -3.27177 4
      vertex -59.7641 -3.27177 4
      vertex -117.813 -3.18755 4
    endloop
  endfacet
  facet normal 0 0 1
    outer loop
      vertex -59.7641 -3.27177 4
      vertex -118.236 -3.27177 4
      vertex -10 -10 4
    endloop
  endfacet
  facet normal -0 0 1
    outer loop
      vertex -118.667 -3.3 4
      vertex -10 -10 4
      vertex -118.236 -3.27177 4
    endloop
  endfacet
  facet normal 0 0 1
    outer loop
      vertex -120.676 2.61807 4
      vertex -179.7 0 4
      vertex -121 2.33345 4
    endloop
  endfacet
  facet normal 0 0 1
    outer loop
      vertex -121 2.33345 4
      vertex -179.7 0 4
      vertex -121.285 2.00891 4
    endloop
  endfacet
  facet normal 0 0 1
    outer loop
      vertex -121.285 2.00891 4
      vertex -179.7 0 4
      vertex -121.525 1.65 4
    endloop
  endfacet
  facet normal 0 0 1
    outer loop
      vertex -135.209 93.4137 4
      vertex -127.133 91.0761 4
      vertex -127.25 91.134 4
    endloop
  endfacet
  facet normal 0 0 1
    outer loop
      vertex -135 93.4 4
      vertex -127.25 91.134 4
      vertex -127.359 91.2066 4
    endloop
  endfacet
  facet normal 0 0 1
    outer loop
      vertex -134.791 93.4137 4
      vertex -127.359 91.2066 4
      vertex -127.457 91.2929 4
    endloop
  endfacet
  facet normal 0 0 1
    outer loop
      vertex -134.586 93.4545 4
      vertex -127.457 91.2929 4
      vertex -127.543 91.3912 4
    endloop
  endfacet
  facet normal 0 0 1
    outer loop
      vertex -134.388 93.5218 4
      vertex -127.543 91.3912 4
      vertex -127.616 91.5 4
    endloop
  endfacet
  facet normal 0 0 1
    outer loop
      vertex -134.2 93.6144 4
      vertex -127.616 91.5 4
      vertex -127.674 91.6173 4
    endloop
  endfacet
  facet normal 0 0 1
    outer loop
      vertex -134.026 93.7306 4
      vertex -127.674 91.6173 4
      vertex -127.716 91.7412 4
    endloop
  endfacet
  facet normal 0 0 1
    outer loop
      vertex -133.869 93.8686 4
      vertex -127.716 91.7412 4
      vertex -127.741 91.8695 4
    endloop
  endfacet
  facet normal 0 0 1
    outer loop
      vertex -133.731 94.026 4
      vertex -127.741 91.8695 4
      vertex -127.75 92 4
    endloop
  endfacet
  facet normal -0 0 1
    outer loop
      vertex -133.414 94.7912 4
      vertex -127.75 92 4
      vertex -133.4 95 4
    endloop
  endfacet
  facet normal -0 0 1
    outer loop
      vertex -133.455 94.5859 4
      vertex -127.75 92 4
      vertex -133.414 94.7912 4
    endloop
  endfacet
  facet normal -0 0 1
    outer loop
      vertex -133.522 94.3877 4
      vertex -127.75 92 4
      vertex -133.455 94.5859 4
    endloop
  endfacet
  facet normal -0 0 1
    outer loop
      vertex -133.614 94.2 4
      vertex -127.75 92 4
      vertex -133.522 94.3877 4
    endloop
  endfacet
  facet normal -0 0 1
    outer loop
      vertex -133.731 94.026 4
      vertex -127.75 92 4
      vertex -133.614 94.2 4
    endloop
  endfacet
  facet normal 0 0 1
    outer loop
      vertex -127.741 91.8695 4
      vertex -133.731 94.026 4
      vertex -133.869 93.8686 4
    endloop
  endfacet
  facet normal 0 0 1
    outer loop
      vertex -127.716 91.7412 4
      vertex -133.869 93.8686 4
      vertex -134.026 93.7306 4
    endloop
  endfacet
  facet normal 0 0 1
    outer loop
      vertex -127.674 91.6173 4
      vertex -134.026 93.7306 4
      vertex -134.2 93.6144 4
    endloop
  endfacet
  facet normal 0 0 1
    outer loop
      vertex -127.616 91.5 4
      vertex -134.2 93.6144 4
      vertex -134.388 93.5218 4
    endloop
  endfacet
  facet normal 0 0 1
    outer loop
      vertex -127.543 91.3912 4
      vertex -134.388 93.5218 4
      vertex -134.586 93.4545 4
    endloop
  endfacet
  facet normal 0 0 1
    outer loop
      vertex -127.457 91.2929 4
      vertex -134.586 93.4545 4
      vertex -134.791 93.4137 4
    endloop
  endfacet
  facet normal 0 0 1
    outer loop
      vertex -127.359 91.2066 4
      vertex -134.791 93.4137 4
      vertex -135 93.4 4
    endloop
  endfacet
  facet normal 0 0 1
    outer loop
      vertex -127.25 91.134 4
      vertex -135 93.4 4
      vertex -135.209 93.4137 4
    endloop
  endfacet
  facet normal 0 0 1
    outer loop
      vertex -121.525 1.65 4
      vertex -179.7 0 4
      vertex -121.715 1.26285 4
    endloop
  endfacet
  facet normal 0 0 1
    outer loop
      vertex -121.715 1.26285 4
      vertex -179.7 0 4
      vertex -121.854 0.854102 4
    endloop
  endfacet
  facet normal 0 0 1
    outer loop
      vertex -121.854 0.854102 4
      vertex -179.7 0 4
      vertex -121.938 0.430736 4
    endloop
  endfacet
  facet normal 0 0 1
    outer loop
      vertex -136.131 93.8686 4
      vertex -179.951 83.7371 4
      vertex -135.974 93.7306 4
    endloop
  endfacet
  facet normal 0 0 1
    outer loop
      vertex -179.951 83.7371 4
      vertex -136.131 93.8686 4
      vertex -179.812 84.1459 4
    endloop
  endfacet
  facet normal 0 0 1
    outer loop
      vertex -136.269 94.026 4
      vertex -179.812 84.1459 4
      vertex -136.131 93.8686 4
    endloop
  endfacet
  facet normal 0 0 1
    outer loop
      vertex -179.812 84.1459 4
      vertex -136.269 94.026 4
      vertex -179.728 84.5693 4
    endloop
  endfacet
  facet normal 0 0 1
    outer loop
      vertex -136.386 94.2 4
      vertex -179.728 84.5693 4
      vertex -136.269 94.026 4
    endloop
  endfacet
  facet normal 0 0 1
    outer loop
      vertex -179.728 84.5693 4
      vertex -136.386 94.2 4
      vertex -179.7 85 4
    endloop
  endfacet
  facet normal 0 0 1
    outer loop
      vertex -179.7 85 4
      vertex -136.386 94.2 4
      vertex -136.478 94.3877 4
    endloop
  endfacet
  facet normal 0 0 1
    outer loop
      vertex -179.728 85.4307 4
      vertex -136.478 94.3877 4
      vertex -136.545 94.5859 4
    endloop
  endfacet
  facet normal 0 0 1
    outer loop
      vertex -179.728 85.4307 4
      vertex -136.545 94.5859 4
      vertex -136.586 94.7912 4
    endloop
  endfacet
  facet normal 0 0 1
    outer loop
      vertex -135.209 96.5863 4
      vertex -139.569 124.728 4
      vertex -135.414 96.5455 4
    endloop
  endfacet
  facet normal -0 0 1
    outer loop
      vertex -140 124.7 4
      vertex -135.414 96.5455 4
      vertex -139.569 124.728 4
    endloop
  endfacet
  facet normal 0 0 1
    outer loop
      vertex -135.414 96.5455 4
      vertex -140 124.7 4
      vertex -135.612 96.4782 4
    endloop
  endfacet
  facet normal 0 0 1
    outer loop
      vertex -140.431 124.728 4
      vertex -135.612 96.4782 4
      vertex -140 124.7 4
    endloop
  endfacet
  facet normal 0 0 1
    outer loop
      vertex -135.612 96.4782 4
      vertex -140.431 124.728 4
      vertex -135.8 96.3856 4
    endloop
  endfacet
  facet normal 0 0 1
    outer loop
      vertex -140.854 124.812 4
      vertex -135.8 96.3856 4
      vertex -140.431 124.728 4
    endloop
  endfacet
  facet normal 0 0 1
    outer loop
      vertex -135.8 96.3856 4
      vertex -140.854 124.812 4
      vertex -135.974 96.2694 4
    endloop
  endfacet
  facet normal 0 0 1
    outer loop
      vertex -141.263 124.951 4
      vertex -135.974 96.2694 4
      vertex -140.854 124.812 4
    endloop
  endfacet
  facet normal 0 0 1
    outer loop
      vertex -135.974 96.2694 4
      vertex -141.263 124.951 4
      vertex -136.131 96.1314 4
    endloop
  endfacet
  facet normal 0 0 1
    outer loop
      vertex -141.65 125.142 4
      vertex -136.131 96.1314 4
      vertex -141.263 124.951 4
    endloop
  endfacet
  facet normal 0 0 1
    outer loop
      vertex -136.131 96.1314 4
      vertex -141.65 125.142 4
      vertex -136.269 95.974 4
    endloop
  endfacet
  facet normal 0 0 1
    outer loop
      vertex -142.009 125.382 4
      vertex -136.269 95.974 4
      vertex -141.65 125.142 4
    endloop
  endfacet
  facet normal 0 0 1
    outer loop
      vertex -136.269 95.974 4
      vertex -142.009 125.382 4
      vertex -136.386 95.8 4
    endloop
  endfacet
  facet normal 0 0 1
    outer loop
      vertex -142.333 125.667 4
      vertex -136.386 95.8 4
      vertex -142.009 125.382 4
    endloop
  endfacet
  facet normal 0 0 1
    outer loop
      vertex -136.386 95.8 4
      vertex -142.333 125.667 4
      vertex -136.478 95.6123 4
    endloop
  endfacet
  facet normal 0 0 1
    outer loop
      vertex -179.728 85.4307 4
      vertex -136.478 95.6123 4
      vertex -142.333 125.667 4
    endloop
  endfacet
  facet normal 0 0 1
    outer loop
      vertex -179.728 85.4307 4
      vertex -136.545 95.4141 4
      vertex -136.478 95.6123 4
    endloop
  endfacet
  facet normal 0 0 1
    outer loop
      vertex -179.728 85.4307 4
      vertex -136.586 95.2088 4
      vertex -136.545 95.4141 4
    endloop
  endfacet
  facet normal 0 0 1
    outer loop
      vertex -179.728 85.4307 4
      vertex -136.6 95 4
      vertex -136.586 95.2088 4
    endloop
  endfacet
  facet normal 0 0 1
    outer loop
      vertex -179.728 85.4307 4
      vertex -136.586 94.7912 4
      vertex -136.6 95 4
    endloop
  endfacet
  facet normal 0 0 1
    outer loop
      vertex -179.728 85.4307 4
      vertex -142.333 125.667 4
      vertex -142.618 125.991 4
    endloop
  endfacet
  facet normal 0 0 1
    outer loop
      vertex -174.5 133 4
      vertex -142.618 125.991 4
      vertex -142.858 126.35 4
    endloop
  endfacet
  facet normal 0 0 1
    outer loop
      vertex -174.5 133 4
      vertex -142.858 126.35 4
      vertex -143.049 126.737 4
    endloop
  endfacet
  facet normal 0 0 1
    outer loop
      vertex -174.5 133 4
      vertex -143.049 126.737 4
      vertex -143.188 127.146 4
    endloop
  endfacet
  facet normal 0 0 1
    outer loop
      vertex -174.5 133 4
      vertex -143.188 127.146 4
      vertex -143.272 127.569 4
    endloop
  endfacet
  facet normal 0 0 1
    outer loop
      vertex -174.5 133 4
      vertex -143.272 127.569 4
      vertex -143.3 128 4
    endloop
  endfacet
  facet normal 0 0 1
    outer loop
      vertex -179.728 85.4307 4
      vertex -142.618 125.991 4
      vertex -174.5 133 4
    endloop
  endfacet
  facet normal 0 0 1
    outer loop
      vertex -121.938 0.430736 4
      vertex -179.7 0 4
      vertex -121.967 0 4
    endloop
  endfacet
  facet normal 0 0 1
    outer loop
      vertex -121.967 0 4
      vertex -179.7 0 4
      vertex -121.938 -0.430736 4
    endloop
  endfacet
  facet normal 0 0 1
    outer loop
      vertex -178.253 132.506 4
      vertex -174.5 133 4
      vertex -176.393 132.876 4
    endloop
  endfacet
  facet normal 0 0 1
    outer loop
      vertex -189 118.5 4
      vertex -174.5 133 4
      vertex -178.253 132.506 4
    endloop
  endfacet
  facet normal 0 0 1
    outer loop
      vertex -179.728 -0.430736 4
      vertex -121.938 -0.430736 4
      vertex -179.7 0 4
    endloop
  endfacet
  facet normal 0 0 1
    outer loop
      vertex -121.938 -0.430736 4
      vertex -179.728 -0.430736 4
      vertex -121.854 -0.854102 4
    endloop
  endfacet
  facet normal 0 0 1
    outer loop
      vertex -179.812 -0.854102 4
      vertex -121.854 -0.854102 4
      vertex -179.728 -0.430736 4
    endloop
  endfacet
  facet normal 0 0 1
    outer loop
      vertex -121.854 -0.854102 4
      vertex -179.812 -0.854102 4
      vertex -121.715 -1.26285 4
    endloop
  endfacet
  facet normal 0 0 1
    outer loop
      vertex -179.951 -1.26285 4
      vertex -121.715 -1.26285 4
      vertex -179.812 -0.854102 4
    endloop
  endfacet
  facet normal 0 0 1
    outer loop
      vertex -121.715 -1.26285 4
      vertex -179.951 -1.26285 4
      vertex -121.525 -1.65 4
    endloop
  endfacet
  facet normal 0 0 1
    outer loop
      vertex -180.142 -1.65 4
      vertex -121.525 -1.65 4
      vertex -179.951 -1.26285 4
    endloop
  endfacet
  facet normal 0 0 1
    outer loop
      vertex -121.525 -1.65 4
      vertex -180.142 -1.65 4
      vertex -121.285 -2.00891 4
    endloop
  endfacet
  facet normal 0 0 1
    outer loop
      vertex -180.382 -2.00891 4
      vertex -121.285 -2.00891 4
      vertex -180.142 -1.65 4
    endloop
  endfacet
  facet normal 0 0 1
    outer loop
      vertex -121.285 -2.00891 4
      vertex -180.382 -2.00891 4
      vertex -121 -2.33345 4
    endloop
  endfacet
  facet normal 0 0 1
    outer loop
      vertex -180.667 -2.33345 4
      vertex -121 -2.33345 4
      vertex -180.382 -2.00891 4
    endloop
  endfacet
  facet normal 0 0 1
    outer loop
      vertex -121 -2.33345 4
      vertex -180.667 -2.33345 4
      vertex -120.676 -2.61807 4
    endloop
  endfacet
  facet normal 0 0 1
    outer loop
      vertex -180.991 -2.61807 4
      vertex -120.676 -2.61807 4
      vertex -180.667 -2.33345 4
    endloop
  endfacet
  facet normal 0 0 1
    outer loop
      vertex -189 -10 4
      vertex -120.676 -2.61807 4
      vertex -180.991 -2.61807 4
    endloop
  endfacet
  facet normal 0 0 1
    outer loop
      vertex -120.676 -2.61807 4
      vertex -189 -10 4
      vertex -120.317 -2.85788 4
    endloop
  endfacet
  facet normal 0 0 1
    outer loop
      vertex -120.317 -2.85788 4
      vertex -189 -10 4
      vertex -119.93 -3.0488 4
    endloop
  endfacet
  facet normal 0 0 1
    outer loop
      vertex -119.93 -3.0488 4
      vertex -189 -10 4
      vertex -119.521 -3.18755 4
    endloop
  endfacet
  facet normal 0 0 1
    outer loop
      vertex -119.521 -3.18755 4
      vertex -189 -10 4
      vertex -119.097 -3.27177 4
    endloop
  endfacet
  facet normal 0 0 1
    outer loop
      vertex -119.097 -3.27177 4
      vertex -189 -10 4
      vertex -118.667 -3.3 4
    endloop
  endfacet
  facet normal 0 0 1
    outer loop
      vertex -189 -10 4
      vertex -180.991 -2.61807 4
      vertex -181.35 -2.85788 4
    endloop
  endfacet
  facet normal 0 0 1
    outer loop
      vertex -189 -10 4
      vertex -181.35 -2.85788 4
      vertex -181.737 -3.0488 4
    endloop
  endfacet
  facet normal 0 0 1
    outer loop
      vertex -189 -10 4
      vertex -181.737 -3.0488 4
      vertex -182.146 -3.18755 4
    endloop
  endfacet
  facet normal 0 0 1
    outer loop
      vertex -189 -10 4
      vertex -182.146 -3.18755 4
      vertex -182.569 -3.27177 4
    endloop
  endfacet
  facet normal 0 0 1
    outer loop
      vertex -189 -10 4
      vertex -182.569 -3.27177 4
      vertex -183 -3.3 4
    endloop
  endfacet
  facet normal 0 0 1
    outer loop
      vertex -189 118.5 4
      vertex -187.057 125.75 4
      vertex -187.896 124.049 4
    endloop
  endfacet
  facet normal 0 0 1
    outer loop
      vertex -189 118.5 4
      vertex -187.896 124.049 4
      vertex -188.506 122.253 4
    endloop
  endfacet
  facet normal 0 0 1
    outer loop
      vertex -189 118.5 4
      vertex -188.506 122.253 4
      vertex -188.876 120.393 4
    endloop
  endfacet
  facet normal 0 0 1
    outer loop
      vertex -189 -10 4
      vertex -186.3 85 4
      vertex -189 118.5 4
    endloop
  endfacet
  facet normal 0 0 1
    outer loop
      vertex -118.667 -3.3 4
      vertex -189 -10 4
      vertex -10 -10 4
    endloop
  endfacet
  facet normal 0 0 1
    outer loop
      vertex -183.431 -3.27177 4
      vertex -189 -10 4
      vertex -183 -3.3 4
    endloop
  endfacet
  facet normal 0 0 1
    outer loop
      vertex -183.854 -3.18755 4
      vertex -189 -10 4
      vertex -183.431 -3.27177 4
    endloop
  endfacet
  facet normal 0 0 1
    outer loop
      vertex -184.263 -3.0488 4
      vertex -189 -10 4
      vertex -183.854 -3.18755 4
    endloop
  endfacet
  facet normal 0 0 1
    outer loop
      vertex -184.65 -2.85788 4
      vertex -189 -10 4
      vertex -184.263 -3.0488 4
    endloop
  endfacet
  facet normal 0 0 1
    outer loop
      vertex -185.009 -2.61807 4
      vertex -189 -10 4
      vertex -184.65 -2.85788 4
    endloop
  endfacet
  facet normal 0 0 1
    outer loop
      vertex -185.333 -2.33345 4
      vertex -189 -10 4
      vertex -185.009 -2.61807 4
    endloop
  endfacet
  facet normal 0 0 1
    outer loop
      vertex -185.618 -2.00891 4
      vertex -189 -10 4
      vertex -185.333 -2.33345 4
    endloop
  endfacet
  facet normal 0 0 1
    outer loop
      vertex -185.858 -1.65 4
      vertex -189 -10 4
      vertex -185.618 -2.00891 4
    endloop
  endfacet
  facet normal 0 0 1
    outer loop
      vertex -186.049 -1.26285 4
      vertex -189 -10 4
      vertex -185.858 -1.65 4
    endloop
  endfacet
  facet normal 0 0 1
    outer loop
      vertex -186.188 -0.854102 4
      vertex -189 -10 4
      vertex -186.049 -1.26285 4
    endloop
  endfacet
  facet normal 0 0 1
    outer loop
      vertex -186.272 -0.430736 4
      vertex -189 -10 4
      vertex -186.188 -0.854102 4
    endloop
  endfacet
  facet normal 0 0 1
    outer loop
      vertex -186.3 0 4
      vertex -189 -10 4
      vertex -186.272 -0.430736 4
    endloop
  endfacet
  facet normal 0 0 1
    outer loop
      vertex -186.272 0.430736 4
      vertex -189 -10 4
      vertex -186.3 0 4
    endloop
  endfacet
  facet normal -0 0 1
    outer loop
      vertex -179.738 85.4281 4
      vertex -179.7 85 4
      vertex -179.728 85.4307 4
    endloop
  endfacet
  facet normal 0 0 1
    outer loop
      vertex -179.7 85 4
      vertex -179.738 85.4281 4
      vertex -179.71 85 4
    endloop
  endfacet
  facet normal 0 0 1
    outer loop
      vertex -179.728 85.4307 4
      vertex -179.738 85.4294 4
      vertex -179.738 85.4281 4
    endloop
  endfacet
  facet normal 0 0 1
    outer loop
      vertex -179.728 85.4307 4
      vertex -179.738 85.4308 4
      vertex -179.738 85.4294 4
    endloop
  endfacet
  facet normal 0 0 1
    outer loop
      vertex -179.812 85.8541 4
      vertex -179.738 85.4308 4
      vertex -179.728 85.4307 4
    endloop
  endfacet
  facet normal 0 0 1
    outer loop
      vertex -179.812 85.8541 4
      vertex -179.822 85.8515 4
      vertex -179.738 85.4308 4
    endloop
  endfacet
  facet normal -0 0 1
    outer loop
      vertex -179.96 86.2577 4
      vertex -179.812 85.8541 4
      vertex -179.951 86.2629 4
    endloop
  endfacet
  facet normal 0 0 1
    outer loop
      vertex -179.812 85.8541 4
      vertex -179.96 86.2577 4
      vertex -179.822 85.8515 4
    endloop
  endfacet
  facet normal 0 0 1
    outer loop
      vertex -179.951 86.2629 4
      vertex -179.96 86.259 4
      vertex -179.96 86.2577 4
    endloop
  endfacet
  facet normal -0 0 1
    outer loop
      vertex -180.15 86.6438 4
      vertex -179.951 86.2629 4
      vertex -180.142 86.65 4
    endloop
  endfacet
  facet normal 0 0 1
    outer loop
      vertex -179.951 86.2629 4
      vertex -180.15 86.6438 4
      vertex -179.96 86.259 4
    endloop
  endfacet
  facet normal 0 0 1
    outer loop
      vertex -180.142 86.65 4
      vertex -180.151 86.645 4
      vertex -180.15 86.6438 4
    endloop
  endfacet
  facet normal 0 0 1
    outer loop
      vertex -180.142 86.65 4
      vertex -180.151 86.6462 4
      vertex -180.151 86.645 4
    endloop
  endfacet
  facet normal 0 0 1
    outer loop
      vertex -180.382 87.0089 4
      vertex -180.151 86.6462 4
      vertex -180.142 86.65 4
    endloop
  endfacet
  facet normal 0 0 1
    outer loop
      vertex -180.382 87.0089 4
      vertex -180.39 87.0029 4
      vertex -180.151 86.6462 4
    endloop
  endfacet
  facet normal -0 0 1
    outer loop
      vertex -180.673 87.3254 4
      vertex -180.382 87.0089 4
      vertex -180.667 87.3335 4
    endloop
  endfacet
  facet normal 0 0 1
    outer loop
      vertex -180.382 87.0089 4
      vertex -180.673 87.3254 4
      vertex -180.39 87.0029 4
    endloop
  endfacet
  facet normal 0 0 1
    outer loop
      vertex -180.667 87.3335 4
      vertex -180.674 87.3264 4
      vertex -180.673 87.3254 4
    endloop
  endfacet
  facet normal 0 0 1
    outer loop
      vertex -180.667 87.3335 4
      vertex -180.675 87.3273 4
      vertex -180.674 87.3264 4
    endloop
  endfacet
  facet normal 0 0 1
    outer loop
      vertex -180.991 87.6181 4
      vertex -180.675 87.3273 4
      vertex -180.667 87.3335 4
    endloop
  endfacet
  facet normal 0 0 1
    outer loop
      vertex -180.991 87.6181 4
      vertex -180.997 87.6102 4
      vertex -180.675 87.3273 4
    endloop
  endfacet
  facet normal -0 0 1
    outer loop
      vertex -181.354 87.8485 4
      vertex -180.991 87.6181 4
      vertex -181.35 87.8579 4
    endloop
  endfacet
  facet normal 0 0 1
    outer loop
      vertex -180.991 87.6181 4
      vertex -181.354 87.8485 4
      vertex -180.997 87.6102 4
    endloop
  endfacet
  facet normal 0 0 1
    outer loop
      vertex -181.35 87.8579 4
      vertex -181.355 87.8493 4
      vertex -181.354 87.8485 4
    endloop
  endfacet
  facet normal 0 0 1
    outer loop
      vertex -181.35 87.8579 4
      vertex -181.356 87.8499 4
      vertex -181.355 87.8493 4
    endloop
  endfacet
  facet normal 0 0 1
    outer loop
      vertex -181.737 88.0488 4
      vertex -181.356 87.8499 4
      vertex -181.35 87.8579 4
    endloop
  endfacet
  facet normal 0 0 1
    outer loop
      vertex -181.737 88.0488 4
      vertex -181.741 88.0396 4
      vertex -181.356 87.8499 4
    endloop
  endfacet
  facet normal 0 0 1
    outer loop
      vertex -181.737 88.0488 4
      vertex -181.742 88.0401 4
      vertex -181.741 88.0396 4
    endloop
  endfacet
  facet normal 0 0 1
    outer loop
      vertex -182.146 88.1876 4
      vertex -181.742 88.0401 4
      vertex -181.737 88.0488 4
    endloop
  endfacet
  facet normal 0 0 1
    outer loop
      vertex -182.146 88.1876 4
      vertex -182.148 88.178 4
      vertex -181.742 88.0401 4
    endloop
  endfacet
  facet normal 0 0 1
    outer loop
      vertex -182.146 88.1876 4
      vertex -182.569 88.2616 4
      vertex -182.148 88.178 4
    endloop
  endfacet
  facet normal 0 0 1
    outer loop
      vertex -182.569 88.2718 4
      vertex -182.569 88.2616 4
      vertex -182.146 88.1876 4
    endloop
  endfacet
  facet normal 0 0 1
    outer loop
      vertex -182.569 88.2718 4
      vertex -182.571 88.2619 4
      vertex -182.569 88.2616 4
    endloop
  endfacet
  facet normal 0 0 1
    outer loop
      vertex -182.569 88.2718 4
      vertex -182.572 88.262 4
      vertex -182.571 88.2619 4
    endloop
  endfacet
  facet normal 0 0 1
    outer loop
      vertex -183 88.3 4
      vertex -182.572 88.262 4
      vertex -182.569 88.2718 4
    endloop
  endfacet
  facet normal 0 0 1
    outer loop
      vertex -183 88.3 4
      vertex -183 88.2901 4
      vertex -182.572 88.262 4
    endloop
  endfacet
  facet normal 0 0 1
    outer loop
      vertex -183 88.3 4
      vertex -183.428 88.262 4
      vertex -183 88.2901 4
    endloop
  endfacet
  facet normal -0 0 1
    outer loop
      vertex -183.431 88.2718 4
      vertex -183.428 88.262 4
      vertex -183 88.3 4
    endloop
  endfacet
  facet normal 0 0 1
    outer loop
      vertex -183.428 88.262 4
      vertex -183.431 88.2718 4
      vertex -183.429 88.2619 4
    endloop
  endfacet
  facet normal 0 0 1
    outer loop
      vertex -183.431 88.2718 4
      vertex -183.431 88.2616 4
      vertex -183.429 88.2619 4
    endloop
  endfacet
  facet normal 0 0 1
    outer loop
      vertex -183.854 88.1876 4
      vertex -183.431 88.2616 4
      vertex -183.431 88.2718 4
    endloop
  endfacet
  facet normal 0 0 1
    outer loop
      vertex -183.431 88.2616 4
      vertex -183.854 88.1876 4
      vertex -183.852 88.178 4
    endloop
  endfacet
  facet normal 0 0 1
    outer loop
      vertex -183.854 88.1876 4
      vertex -184.258 88.0401 4
      vertex -183.852 88.178 4
    endloop
  endfacet
  facet normal -0 0 1
    outer loop
      vertex -184.263 88.0488 4
      vertex -184.258 88.0401 4
      vertex -183.854 88.1876 4
    endloop
  endfacet
  facet normal 0 0 1
    outer loop
      vertex -184.258 88.0401 4
      vertex -184.263 88.0488 4
      vertex -184.259 88.0396 4
    endloop
  endfacet
  facet normal 0 0 1
    outer loop
      vertex -184.263 88.0488 4
      vertex -184.644 87.8499 4
      vertex -184.259 88.0396 4
    endloop
  endfacet
  facet normal -0 0 1
    outer loop
      vertex -184.65 87.8579 4
      vertex -184.644 87.8499 4
      vertex -184.263 88.0488 4
    endloop
  endfacet
  facet normal 0 0 1
    outer loop
      vertex -184.644 87.8499 4
      vertex -184.65 87.8579 4
      vertex -184.645 87.8493 4
    endloop
  endfacet
  facet normal 0 0 1
    outer loop
      vertex -184.65 87.8579 4
      vertex -184.646 87.8485 4
      vertex -184.645 87.8493 4
    endloop
  endfacet
  facet normal 0 0 1
    outer loop
      vertex -185.009 87.6181 4
      vertex -184.646 87.8485 4
      vertex -184.65 87.8579 4
    endloop
  endfacet
  facet normal 0 0 1
    outer loop
      vertex -184.646 87.8485 4
      vertex -185.009 87.6181 4
      vertex -185.003 87.6102 4
    endloop
  endfacet
  facet normal 0 0 1
    outer loop
      vertex -185.009 87.6181 4
      vertex -185.325 87.3273 4
      vertex -185.003 87.6102 4
    endloop
  endfacet
  facet normal -0 0 1
    outer loop
      vertex -185.333 87.3335 4
      vertex -185.325 87.3273 4
      vertex -185.009 87.6181 4
    endloop
  endfacet
  facet normal 0 0 1
    outer loop
      vertex -185.325 87.3273 4
      vertex -185.333 87.3335 4
      vertex -185.326 87.3264 4
    endloop
  endfacet
  facet normal 0 0 1
    outer loop
      vertex -185.333 87.3335 4
      vertex -185.327 87.3254 4
      vertex -185.326 87.3264 4
    endloop
  endfacet
  facet normal 0 0 1
    outer loop
      vertex -185.618 87.0089 4
      vertex -185.327 87.3254 4
      vertex -185.333 87.3335 4
    endloop
  endfacet
  facet normal 0 0 1
    outer loop
      vertex -185.327 87.3254 4
      vertex -185.618 87.0089 4
      vertex -185.61 87.0029 4
    endloop
  endfacet
  facet normal 0 0 1
    outer loop
      vertex -185.618 87.0089 4
      vertex -185.849 86.6462 4
      vertex -185.61 87.0029 4
    endloop
  endfacet
  facet normal -0 0 1
    outer loop
      vertex -185.858 86.65 4
      vertex -185.849 86.6462 4
      vertex -185.618 87.0089 4
    endloop
  endfacet
  facet normal 0 0 1
    outer loop
      vertex -185.849 86.6462 4
      vertex -185.858 86.65 4
      vertex -185.849 86.645 4
    endloop
  endfacet
  facet normal 0 0 1
    outer loop
      vertex -185.858 86.65 4
      vertex -185.85 86.6438 4
      vertex -185.849 86.645 4
    endloop
  endfacet
  facet normal 0 0 1
    outer loop
      vertex -186.049 86.2629 4
      vertex -185.85 86.6438 4
      vertex -185.858 86.65 4
    endloop
  endfacet
  facet normal 0 0 1
    outer loop
      vertex -185.85 86.6438 4
      vertex -186.049 86.2629 4
      vertex -186.04 86.259 4
    endloop
  endfacet
  facet normal 0 0 1
    outer loop
      vertex -186.049 86.2629 4
      vertex -186.04 86.2577 4
      vertex -186.04 86.259 4
    endloop
  endfacet
  facet normal 0 0 1
    outer loop
      vertex -186.188 85.8541 4
      vertex -186.04 86.2577 4
      vertex -186.049 86.2629 4
    endloop
  endfacet
  facet normal 0 0 1
    outer loop
      vertex -186.04 86.2577 4
      vertex -186.188 85.8541 4
      vertex -186.178 85.8515 4
    endloop
  endfacet
  facet normal 0 0 1
    outer loop
      vertex -186.188 85.8541 4
      vertex -186.262 85.4308 4
      vertex -186.178 85.8515 4
    endloop
  endfacet
  facet normal 0 0 1
    outer loop
      vertex -186.272 85.4307 4
      vertex -186.262 85.4308 4
      vertex -186.188 85.8541 4
    endloop
  endfacet
  facet normal 0 0 1
    outer loop
      vertex -186.262 85.4308 4
      vertex -186.272 85.4307 4
      vertex -186.262 85.4294 4
    endloop
  endfacet
  facet normal 0 0 1
    outer loop
      vertex -186.272 85.4307 4
      vertex -186.262 85.4281 4
      vertex -186.262 85.4294 4
    endloop
  endfacet
  facet normal 0 0 1
    outer loop
      vertex -186.3 85 4
      vertex -186.262 85.4281 4
      vertex -186.272 85.4307 4
    endloop
  endfacet
  facet normal 0 0 1
    outer loop
      vertex -186.262 85.4281 4
      vertex -186.3 85 4
      vertex -186.29 85 4
    endloop
  endfacet
  facet normal 0 0 1
    outer loop
      vertex -179.738 84.5719 4
      vertex -179.7 85 4
      vertex -179.71 85 4
    endloop
  endfacet
  facet normal 0 0 1
    outer loop
      vertex -179.7 85 4
      vertex -179.738 84.5719 4
      vertex -179.728 84.5693 4
    endloop
  endfacet
  facet normal -0 0 1
    outer loop
      vertex -179.738 84.5706 4
      vertex -179.728 84.5693 4
      vertex -179.738 84.5719 4
    endloop
  endfacet
  facet normal 0 0 1
    outer loop
      vertex -179.738 84.5692 4
      vertex -179.728 84.5693 4
      vertex -179.738 84.5706 4
    endloop
  endfacet
  facet normal -0 0 1
    outer loop
      vertex -179.738 84.5692 4
      vertex -179.812 84.1459 4
      vertex -179.728 84.5693 4
    endloop
  endfacet
  facet normal -0 0 1
    outer loop
      vertex -179.822 84.1485 4
      vertex -179.812 84.1459 4
      vertex -179.738 84.5692 4
    endloop
  endfacet
  facet normal 0 0 1
    outer loop
      vertex -179.96 83.7423 4
      vertex -179.812 84.1459 4
      vertex -179.822 84.1485 4
    endloop
  endfacet
  facet normal 0 0 1
    outer loop
      vertex -179.812 84.1459 4
      vertex -179.96 83.7423 4
      vertex -179.951 83.7371 4
    endloop
  endfacet
  facet normal -0 0 1
    outer loop
      vertex -179.96 83.741 4
      vertex -179.951 83.7371 4
      vertex -179.96 83.7423 4
    endloop
  endfacet
  facet normal 0 0 1
    outer loop
      vertex -180.15 83.3562 4
      vertex -179.951 83.7371 4
      vertex -179.96 83.741 4
    endloop
  endfacet
  facet normal 0 0 1
    outer loop
      vertex -179.951 83.7371 4
      vertex -180.15 83.3562 4
      vertex -180.142 83.35 4
    endloop
  endfacet
  facet normal -0 0 1
    outer loop
      vertex -180.151 83.355 4
      vertex -180.142 83.35 4
      vertex -180.15 83.3562 4
    endloop
  endfacet
  facet normal -0 0 1
    outer loop
      vertex -180.151 83.3538 4
      vertex -180.142 83.35 4
      vertex -180.151 83.355 4
    endloop
  endfacet
  facet normal 0 0 1
    outer loop
      vertex -180.151 83.3538 4
      vertex -180.382 82.9911 4
      vertex -180.142 83.35 4
    endloop
  endfacet
  facet normal -0 0 1
    outer loop
      vertex -180.39 82.9971 4
      vertex -180.382 82.9911 4
      vertex -180.151 83.3538 4
    endloop
  endfacet
  facet normal 0 0 1
    outer loop
      vertex -180.673 82.6746 4
      vertex -180.382 82.9911 4
      vertex -180.39 82.9971 4
    endloop
  endfacet
  facet normal 0 0 1
    outer loop
      vertex -180.382 82.9911 4
      vertex -180.673 82.6746 4
      vertex -180.667 82.6665 4
    endloop
  endfacet
  facet normal -0 0 1
    outer loop
      vertex -180.674 82.6736 4
      vertex -180.667 82.6665 4
      vertex -180.673 82.6746 4
    endloop
  endfacet
  facet normal -0 0 1
    outer loop
      vertex -180.675 82.6727 4
      vertex -180.667 82.6665 4
      vertex -180.674 82.6736 4
    endloop
  endfacet
  facet normal 0 0 1
    outer loop
      vertex -180.675 82.6727 4
      vertex -180.991 82.3819 4
      vertex -180.667 82.6665 4
    endloop
  endfacet
  facet normal -0 0 1
    outer loop
      vertex -180.997 82.3898 4
      vertex -180.991 82.3819 4
      vertex -180.675 82.6727 4
    endloop
  endfacet
  facet normal 0 0 1
    outer loop
      vertex -181.354 82.1515 4
      vertex -180.991 82.3819 4
      vertex -180.997 82.3898 4
    endloop
  endfacet
  facet normal 0 0 1
    outer loop
      vertex -180.991 82.3819 4
      vertex -181.354 82.1515 4
      vertex -181.35 82.1421 4
    endloop
  endfacet
  facet normal -0 0 1
    outer loop
      vertex -181.355 82.1507 4
      vertex -181.35 82.1421 4
      vertex -181.354 82.1515 4
    endloop
  endfacet
  facet normal -0 0 1
    outer loop
      vertex -181.356 82.1501 4
      vertex -181.35 82.1421 4
      vertex -181.355 82.1507 4
    endloop
  endfacet
  facet normal 0 0 1
    outer loop
      vertex -181.356 82.1501 4
      vertex -181.737 81.9512 4
      vertex -181.35 82.1421 4
    endloop
  endfacet
  facet normal -0 0 1
    outer loop
      vertex -181.741 81.9604 4
      vertex -181.737 81.9512 4
      vertex -181.356 82.1501 4
    endloop
  endfacet
  facet normal -0 0 1
    outer loop
      vertex -181.742 81.9599 4
      vertex -181.737 81.9512 4
      vertex -181.741 81.9604 4
    endloop
  endfacet
  facet normal 0 0 1
    outer loop
      vertex -181.742 81.9599 4
      vertex -182.146 81.8124 4
      vertex -181.737 81.9512 4
    endloop
  endfacet
  facet normal -0 0 1
    outer loop
      vertex -182.148 81.822 4
      vertex -182.146 81.8124 4
      vertex -181.742 81.9599 4
    endloop
  endfacet
  facet normal 0 0 1
    outer loop
      vertex -182.569 81.7384 4
      vertex -182.146 81.8124 4
      vertex -182.148 81.822 4
    endloop
  endfacet
  facet normal -0 0 1
    outer loop
      vertex -182.569 81.7384 4
      vertex -182.569 81.7282 4
      vertex -182.146 81.8124 4
    endloop
  endfacet
  facet normal -0 0 1
    outer loop
      vertex -182.571 81.7381 4
      vertex -182.569 81.7282 4
      vertex -182.569 81.7384 4
    endloop
  endfacet
  facet normal -0 0 1
    outer loop
      vertex -182.572 81.738 4
      vertex -182.569 81.7282 4
      vertex -182.571 81.7381 4
    endloop
  endfacet
  facet normal 0 0 1
    outer loop
      vertex -183 81.7 4
      vertex -182.572 81.738 4
      vertex -183 81.7099 4
    endloop
  endfacet
  facet normal 0 0 1
    outer loop
      vertex -182.572 81.738 4
      vertex -183 81.7 4
      vertex -182.569 81.7282 4
    endloop
  endfacet
  facet normal 0 0 1
    outer loop
      vertex -183.428 81.738 4
      vertex -183 81.7 4
      vertex -183 81.7099 4
    endloop
  endfacet
  facet normal 0 0 1
    outer loop
      vertex -183.431 81.7282 4
      vertex -183.428 81.738 4
      vertex -183.429 81.7381 4
    endloop
  endfacet
  facet normal 0 0 1
    outer loop
      vertex -183.428 81.738 4
      vertex -183.431 81.7282 4
      vertex -183 81.7 4
    endloop
  endfacet
  facet normal 0 0 1
    outer loop
      vertex -183.431 81.7384 4
      vertex -183.431 81.7282 4
      vertex -183.429 81.7381 4
    endloop
  endfacet
  facet normal -0 0 1
    outer loop
      vertex -183.854 81.8124 4
      vertex -183.431 81.7384 4
      vertex -183.852 81.822 4
    endloop
  endfacet
  facet normal 0 0 1
    outer loop
      vertex -183.431 81.7384 4
      vertex -183.854 81.8124 4
      vertex -183.431 81.7282 4
    endloop
  endfacet
  facet normal 0 0 1
    outer loop
      vertex -184.258 81.9599 4
      vertex -183.854 81.8124 4
      vertex -183.852 81.822 4
    endloop
  endfacet
  facet normal 0 0 1
    outer loop
      vertex -184.263 81.9512 4
      vertex -184.258 81.9599 4
      vertex -184.259 81.9604 4
    endloop
  endfacet
  facet normal 0 0 1
    outer loop
      vertex -184.258 81.9599 4
      vertex -184.263 81.9512 4
      vertex -183.854 81.8124 4
    endloop
  endfacet
  facet normal 0 0 1
    outer loop
      vertex -184.644 82.1501 4
      vertex -184.263 81.9512 4
      vertex -184.259 81.9604 4
    endloop
  endfacet
  facet normal 0 0 1
    outer loop
      vertex -184.65 82.1421 4
      vertex -184.644 82.1501 4
      vertex -184.645 82.1507 4
    endloop
  endfacet
  facet normal 0 0 1
    outer loop
      vertex -184.644 82.1501 4
      vertex -184.65 82.1421 4
      vertex -184.263 81.9512 4
    endloop
  endfacet
  facet normal 0 0 1
    outer loop
      vertex -184.646 82.1515 4
      vertex -184.65 82.1421 4
      vertex -184.645 82.1507 4
    endloop
  endfacet
  facet normal -0 0 1
    outer loop
      vertex -185.009 82.3819 4
      vertex -184.646 82.1515 4
      vertex -185.003 82.3898 4
    endloop
  endfacet
  facet normal 0 0 1
    outer loop
      vertex -184.646 82.1515 4
      vertex -185.009 82.3819 4
      vertex -184.65 82.1421 4
    endloop
  endfacet
  facet normal 0 0 1
    outer loop
      vertex -185.325 82.6727 4
      vertex -185.009 82.3819 4
      vertex -185.003 82.3898 4
    endloop
  endfacet
  facet normal 0 0 1
    outer loop
      vertex -185.333 82.6665 4
      vertex -185.325 82.6727 4
      vertex -185.326 82.6736 4
    endloop
  endfacet
  facet normal 0 0 1
    outer loop
      vertex -185.325 82.6727 4
      vertex -185.333 82.6665 4
      vertex -185.009 82.3819 4
    endloop
  endfacet
  facet normal 0 0 1
    outer loop
      vertex -185.327 82.6746 4
      vertex -185.333 82.6665 4
      vertex -185.326 82.6736 4
    endloop
  endfacet
  facet normal -0 0 1
    outer loop
      vertex -185.618 82.9911 4
      vertex -185.327 82.6746 4
      vertex -185.61 82.9971 4
    endloop
  endfacet
  facet normal 0 0 1
    outer loop
      vertex -185.327 82.6746 4
      vertex -185.618 82.9911 4
      vertex -185.333 82.6665 4
    endloop
  endfacet
  facet normal 0 0 1
    outer loop
      vertex -185.849 83.3538 4
      vertex -185.618 82.9911 4
      vertex -185.61 82.9971 4
    endloop
  endfacet
  facet normal 0 0 1
    outer loop
      vertex -185.858 83.35 4
      vertex -185.849 83.3538 4
      vertex -185.849 83.355 4
    endloop
  endfacet
  facet normal 0 0 1
    outer loop
      vertex -185.849 83.3538 4
      vertex -185.858 83.35 4
      vertex -185.618 82.9911 4
    endloop
  endfacet
  facet normal 0 0 1
    outer loop
      vertex -185.85 83.3562 4
      vertex -185.858 83.35 4
      vertex -185.849 83.355 4
    endloop
  endfacet
  facet normal -0 0 1
    outer loop
      vertex -186.049 83.7371 4
      vertex -185.85 83.3562 4
      vertex -186.04 83.741 4
    endloop
  endfacet
  facet normal 0 0 1
    outer loop
      vertex -185.85 83.3562 4
      vertex -186.049 83.7371 4
      vertex -185.858 83.35 4
    endloop
  endfacet
  facet normal 0 0 1
    outer loop
      vertex -186.04 83.7423 4
      vertex -186.049 83.7371 4
      vertex -186.04 83.741 4
    endloop
  endfacet
  facet normal -0 0 1
    outer loop
      vertex -186.188 84.1459 4
      vertex -186.04 83.7423 4
      vertex -186.178 84.1485 4
    endloop
  endfacet
  facet normal 0 0 1
    outer loop
      vertex -186.04 83.7423 4
      vertex -186.188 84.1459 4
      vertex -186.049 83.7371 4
    endloop
  endfacet
  facet normal 0 0 1
    outer loop
      vertex -186.262 84.5692 4
      vertex -186.188 84.1459 4
      vertex -186.178 84.1485 4
    endloop
  endfacet
  facet normal -0 0 1
    outer loop
      vertex -186.272 84.5693 4
      vertex -186.262 84.5692 4
      vertex -186.262 84.5706 4
    endloop
  endfacet
  facet normal 0 0 1
    outer loop
      vertex -186.262 84.5692 4
      vertex -186.272 84.5693 4
      vertex -186.188 84.1459 4
    endloop
  endfacet
  facet normal 0 0 1
    outer loop
      vertex -186.262 84.5719 4
      vertex -186.272 84.5693 4
      vertex -186.262 84.5706 4
    endloop
  endfacet
  facet normal -0 0 1
    outer loop
      vertex -186.3 85 4
      vertex -186.262 84.5719 4
      vertex -186.29 85 4
    endloop
  endfacet
  facet normal 0 0 1
    outer loop
      vertex -186.262 84.5719 4
      vertex -186.3 85 4
      vertex -186.272 84.5693 4
    endloop
  endfacet
  facet normal -0 0 1
    outer loop
      vertex -136.738 128.428 4
      vertex -136.7 128 4
      vertex -136.728 128.431 4
    endloop
  endfacet
  facet normal 0 0 1
    outer loop
      vertex -136.7 128 4
      vertex -136.738 128.428 4
      vertex -136.71 128 4
    endloop
  endfacet
  facet normal 0 0 1
    outer loop
      vertex -136.728 128.431 4
      vertex -136.738 128.429 4
      vertex -136.738 128.428 4
    endloop
  endfacet
  facet normal 0 0 1
    outer loop
      vertex -136.728 128.431 4
      vertex -136.738 128.431 4
      vertex -136.738 128.429 4
    endloop
  endfacet
  facet normal 0 0 1
    outer loop
      vertex -136.812 128.854 4
      vertex -136.738 128.431 4
      vertex -136.728 128.431 4
    endloop
  endfacet
  facet normal 0 0 1
    outer loop
      vertex -136.812 128.854 4
      vertex -136.822 128.852 4
      vertex -136.738 128.431 4
    endloop
  endfacet
  facet normal -0 0 1
    outer loop
      vertex -136.96 129.258 4
      vertex -136.812 128.854 4
      vertex -136.951 129.263 4
    endloop
  endfacet
  facet normal 0 0 1
    outer loop
      vertex -136.812 128.854 4
      vertex -136.96 129.258 4
      vertex -136.822 128.852 4
    endloop
  endfacet
  facet normal 0 0 1
    outer loop
      vertex -136.951 129.263 4
      vertex -136.96 129.259 4
      vertex -136.96 129.258 4
    endloop
  endfacet
  facet normal -0 0 1
    outer loop
      vertex -137.15 129.644 4
      vertex -136.951 129.263 4
      vertex -137.142 129.65 4
    endloop
  endfacet
  facet normal 0 0 1
    outer loop
      vertex -136.951 129.263 4
      vertex -137.15 129.644 4
      vertex -136.96 129.259 4
    endloop
  endfacet
  facet normal 0 0 1
    outer loop
      vertex -137.142 129.65 4
      vertex -137.151 129.645 4
      vertex -137.15 129.644 4
    endloop
  endfacet
  facet normal 0 0 1
    outer loop
      vertex -137.142 129.65 4
      vertex -137.151 129.646 4
      vertex -137.151 129.645 4
    endloop
  endfacet
  facet normal 0 0 1
    outer loop
      vertex -137.382 130.009 4
      vertex -137.151 129.646 4
      vertex -137.142 129.65 4
    endloop
  endfacet
  facet normal 0 0 1
    outer loop
      vertex -137.382 130.009 4
      vertex -137.39 130.003 4
      vertex -137.151 129.646 4
    endloop
  endfacet
  facet normal -0 0 1
    outer loop
      vertex -137.673 130.325 4
      vertex -137.382 130.009 4
      vertex -137.667 130.333 4
    endloop
  endfacet
  facet normal 0 0 1
    outer loop
      vertex -137.382 130.009 4
      vertex -137.673 130.325 4
      vertex -137.39 130.003 4
    endloop
  endfacet
  facet normal 0 0 1
    outer loop
      vertex -137.667 130.333 4
      vertex -137.674 130.326 4
      vertex -137.673 130.325 4
    endloop
  endfacet
  facet normal 0 0 1
    outer loop
      vertex -137.667 130.333 4
      vertex -137.675 130.327 4
      vertex -137.674 130.326 4
    endloop
  endfacet
  facet normal 0 0 1
    outer loop
      vertex -137.991 130.618 4
      vertex -137.675 130.327 4
      vertex -137.667 130.333 4
    endloop
  endfacet
  facet normal 0 0 1
    outer loop
      vertex -137.991 130.618 4
      vertex -137.997 130.61 4
      vertex -137.675 130.327 4
    endloop
  endfacet
  facet normal -0 0 1
    outer loop
      vertex -138.354 130.849 4
      vertex -137.991 130.618 4
      vertex -138.35 130.858 4
    endloop
  endfacet
  facet normal 0 0 1
    outer loop
      vertex -137.991 130.618 4
      vertex -138.354 130.849 4
      vertex -137.997 130.61 4
    endloop
  endfacet
  facet normal 0 0 1
    outer loop
      vertex -138.35 130.858 4
      vertex -138.355 130.849 4
      vertex -138.354 130.849 4
    endloop
  endfacet
  facet normal 0 0 1
    outer loop
      vertex -138.35 130.858 4
      vertex -138.356 130.85 4
      vertex -138.355 130.849 4
    endloop
  endfacet
  facet normal 0 0 1
    outer loop
      vertex -138.737 131.049 4
      vertex -138.356 130.85 4
      vertex -138.35 130.858 4
    endloop
  endfacet
  facet normal 0 0 1
    outer loop
      vertex -138.737 131.049 4
      vertex -138.741 131.04 4
      vertex -138.356 130.85 4
    endloop
  endfacet
  facet normal 0 0 1
    outer loop
      vertex -138.737 131.049 4
      vertex -138.742 131.04 4
      vertex -138.741 131.04 4
    endloop
  endfacet
  facet normal 0 0 1
    outer loop
      vertex -139.146 131.188 4
      vertex -138.742 131.04 4
      vertex -138.737 131.049 4
    endloop
  endfacet
  facet normal 0 0 1
    outer loop
      vertex -139.146 131.188 4
      vertex -139.148 131.178 4
      vertex -138.742 131.04 4
    endloop
  endfacet
  facet normal 0 0 1
    outer loop
      vertex -139.146 131.188 4
      vertex -139.569 131.262 4
      vertex -139.148 131.178 4
    endloop
  endfacet
  facet normal 0 0 1
    outer loop
      vertex -139.569 131.272 4
      vertex -139.569 131.262 4
      vertex -139.146 131.188 4
    endloop
  endfacet
  facet normal 0 0 1
    outer loop
      vertex -139.569 131.272 4
      vertex -139.571 131.262 4
      vertex -139.569 131.262 4
    endloop
  endfacet
  facet normal 0 0 1
    outer loop
      vertex -139.569 131.272 4
      vertex -139.572 131.262 4
      vertex -139.571 131.262 4
    endloop
  endfacet
  facet normal 0 0 1
    outer loop
      vertex -140 131.3 4
      vertex -139.572 131.262 4
      vertex -139.569 131.272 4
    endloop
  endfacet
  facet normal 0 0 1
    outer loop
      vertex -140 131.3 4
      vertex -140 131.29 4
      vertex -139.572 131.262 4
    endloop
  endfacet
  facet normal 0 0 1
    outer loop
      vertex -140 131.3 4
      vertex -140.428 131.262 4
      vertex -140 131.29 4
    endloop
  endfacet
  facet normal -0 0 1
    outer loop
      vertex -140.431 131.272 4
      vertex -140.428 131.262 4
      vertex -140 131.3 4
    endloop
  endfacet
  facet normal 0 0 1
    outer loop
      vertex -140.428 131.262 4
      vertex -140.431 131.272 4
      vertex -140.429 131.262 4
    endloop
  endfacet
  facet normal 0 0 1
    outer loop
      vertex -140.431 131.272 4
      vertex -140.431 131.262 4
      vertex -140.429 131.262 4
    endloop
  endfacet
  facet normal 0 0 1
    outer loop
      vertex -140.854 131.188 4
      vertex -140.431 131.262 4
      vertex -140.431 131.272 4
    endloop
  endfacet
  facet normal 0 0 1
    outer loop
      vertex -140.431 131.262 4
      vertex -140.854 131.188 4
      vertex -140.852 131.178 4
    endloop
  endfacet
  facet normal 0 0 1
    outer loop
      vertex -140.854 131.188 4
      vertex -141.258 131.04 4
      vertex -140.852 131.178 4
    endloop
  endfacet
  facet normal -0 0 1
    outer loop
      vertex -141.263 131.049 4
      vertex -141.258 131.04 4
      vertex -140.854 131.188 4
    endloop
  endfacet
  facet normal 0 0 1
    outer loop
      vertex -141.258 131.04 4
      vertex -141.263 131.049 4
      vertex -141.259 131.04 4
    endloop
  endfacet
  facet normal 0 0 1
    outer loop
      vertex -141.263 131.049 4
      vertex -141.644 130.85 4
      vertex -141.259 131.04 4
    endloop
  endfacet
  facet normal -0 0 1
    outer loop
      vertex -141.65 130.858 4
      vertex -141.644 130.85 4
      vertex -141.263 131.049 4
    endloop
  endfacet
  facet normal 0 0 1
    outer loop
      vertex -141.644 130.85 4
      vertex -141.65 130.858 4
      vertex -141.645 130.849 4
    endloop
  endfacet
  facet normal 0 0 1
    outer loop
      vertex -141.65 130.858 4
      vertex -141.646 130.849 4
      vertex -141.645 130.849 4
    endloop
  endfacet
  facet normal 0 0 1
    outer loop
      vertex -142.009 130.618 4
      vertex -141.646 130.849 4
      vertex -141.65 130.858 4
    endloop
  endfacet
  facet normal 0 0 1
    outer loop
      vertex -141.646 130.849 4
      vertex -142.009 130.618 4
      vertex -142.003 130.61 4
    endloop
  endfacet
  facet normal 0 0 1
    outer loop
      vertex -142.009 130.618 4
      vertex -142.325 130.327 4
      vertex -142.003 130.61 4
    endloop
  endfacet
  facet normal -0 0 1
    outer loop
      vertex -142.333 130.333 4
      vertex -142.325 130.327 4
      vertex -142.009 130.618 4
    endloop
  endfacet
  facet normal 0 0 1
    outer loop
      vertex -142.325 130.327 4
      vertex -142.333 130.333 4
      vertex -142.326 130.326 4
    endloop
  endfacet
  facet normal 0 0 1
    outer loop
      vertex -142.333 130.333 4
      vertex -142.327 130.325 4
      vertex -142.326 130.326 4
    endloop
  endfacet
  facet normal 0 0 1
    outer loop
      vertex -142.618 130.009 4
      vertex -142.327 130.325 4
      vertex -142.333 130.333 4
    endloop
  endfacet
  facet normal 0 0 1
    outer loop
      vertex -142.327 130.325 4
      vertex -142.618 130.009 4
      vertex -142.61 130.003 4
    endloop
  endfacet
  facet normal 0 0 1
    outer loop
      vertex -142.618 130.009 4
      vertex -142.849 129.646 4
      vertex -142.61 130.003 4
    endloop
  endfacet
  facet normal -0 0 1
    outer loop
      vertex -142.858 129.65 4
      vertex -142.849 129.646 4
      vertex -142.618 130.009 4
    endloop
  endfacet
  facet normal 0 0 1
    outer loop
      vertex -142.849 129.646 4
      vertex -142.858 129.65 4
      vertex -142.849 129.645 4
    endloop
  endfacet
  facet normal 0 0 1
    outer loop
      vertex -142.858 129.65 4
      vertex -142.85 129.644 4
      vertex -142.849 129.645 4
    endloop
  endfacet
  facet normal 0 0 1
    outer loop
      vertex -143.049 129.263 4
      vertex -142.85 129.644 4
      vertex -142.858 129.65 4
    endloop
  endfacet
  facet normal 0 0 1
    outer loop
      vertex -142.85 129.644 4
      vertex -143.049 129.263 4
      vertex -143.04 129.259 4
    endloop
  endfacet
  facet normal 0 0 1
    outer loop
      vertex -143.049 129.263 4
      vertex -143.04 129.258 4
      vertex -143.04 129.259 4
    endloop
  endfacet
  facet normal 0 0 1
    outer loop
      vertex -143.188 128.854 4
      vertex -143.04 129.258 4
      vertex -143.049 129.263 4
    endloop
  endfacet
  facet normal 0 0 1
    outer loop
      vertex -143.04 129.258 4
      vertex -143.188 128.854 4
      vertex -143.178 128.852 4
    endloop
  endfacet
  facet normal 0 0 1
    outer loop
      vertex -143.188 128.854 4
      vertex -143.262 128.431 4
      vertex -143.178 128.852 4
    endloop
  endfacet
  facet normal 0 0 1
    outer loop
      vertex -143.272 128.431 4
      vertex -143.262 128.431 4
      vertex -143.188 128.854 4
    endloop
  endfacet
  facet normal 0 0 1
    outer loop
      vertex -143.262 128.431 4
      vertex -143.272 128.431 4
      vertex -143.262 128.429 4
    endloop
  endfacet
  facet normal 0 0 1
    outer loop
      vertex -143.272 128.431 4
      vertex -143.262 128.428 4
      vertex -143.262 128.429 4
    endloop
  endfacet
  facet normal 0 0 1
    outer loop
      vertex -143.3 128 4
      vertex -143.262 128.428 4
      vertex -143.272 128.431 4
    endloop
  endfacet
  facet normal 0 0 1
    outer loop
      vertex -143.262 128.428 4
      vertex -143.3 128 4
      vertex -143.29 128 4
    endloop
  endfacet
  facet normal 0 0 1
    outer loop
      vertex -136.738 127.572 4
      vertex -136.7 128 4
      vertex -136.71 128 4
    endloop
  endfacet
  facet normal 0 0 1
    outer loop
      vertex -136.7 128 4
      vertex -136.738 127.572 4
      vertex -136.728 127.569 4
    endloop
  endfacet
  facet normal -0 0 1
    outer loop
      vertex -136.738 127.571 4
      vertex -136.728 127.569 4
      vertex -136.738 127.572 4
    endloop
  endfacet
  facet normal 0 0 1
    outer loop
      vertex -136.738 127.569 4
      vertex -136.728 127.569 4
      vertex -136.738 127.571 4
    endloop
  endfacet
  facet normal -0 0 1
    outer loop
      vertex -136.738 127.569 4
      vertex -136.812 127.146 4
      vertex -136.728 127.569 4
    endloop
  endfacet
  facet normal -0 0 1
    outer loop
      vertex -136.822 127.148 4
      vertex -136.812 127.146 4
      vertex -136.738 127.569 4
    endloop
  endfacet
  facet normal 0 0 1
    outer loop
      vertex -136.96 126.742 4
      vertex -136.812 127.146 4
      vertex -136.822 127.148 4
    endloop
  endfacet
  facet normal 0 0 1
    outer loop
      vertex -136.812 127.146 4
      vertex -136.96 126.742 4
      vertex -136.951 126.737 4
    endloop
  endfacet
  facet normal -0 0 1
    outer loop
      vertex -136.96 126.741 4
      vertex -136.951 126.737 4
      vertex -136.96 126.742 4
    endloop
  endfacet
  facet normal 0 0 1
    outer loop
      vertex -137.15 126.356 4
      vertex -136.951 126.737 4
      vertex -136.96 126.741 4
    endloop
  endfacet
  facet normal 0 0 1
    outer loop
      vertex -136.951 126.737 4
      vertex -137.15 126.356 4
      vertex -137.142 126.35 4
    endloop
  endfacet
  facet normal -0 0 1
    outer loop
      vertex -137.151 126.355 4
      vertex -137.142 126.35 4
      vertex -137.15 126.356 4
    endloop
  endfacet
  facet normal -0 0 1
    outer loop
      vertex -137.151 126.354 4
      vertex -137.142 126.35 4
      vertex -137.151 126.355 4
    endloop
  endfacet
  facet normal 0 0 1
    outer loop
      vertex -137.151 126.354 4
      vertex -137.382 125.991 4
      vertex -137.142 126.35 4
    endloop
  endfacet
  facet normal -0 0 1
    outer loop
      vertex -137.39 125.997 4
      vertex -137.382 125.991 4
      vertex -137.151 126.354 4
    endloop
  endfacet
  facet normal 0 0 1
    outer loop
      vertex -137.673 125.675 4
      vertex -137.382 125.991 4
      vertex -137.39 125.997 4
    endloop
  endfacet
  facet normal 0 0 1
    outer loop
      vertex -137.382 125.991 4
      vertex -137.673 125.675 4
      vertex -137.667 125.667 4
    endloop
  endfacet
  facet normal -0 0 1
    outer loop
      vertex -137.674 125.674 4
      vertex -137.667 125.667 4
      vertex -137.673 125.675 4
    endloop
  endfacet
  facet normal -0 0 1
    outer loop
      vertex -137.675 125.673 4
      vertex -137.667 125.667 4
      vertex -137.674 125.674 4
    endloop
  endfacet
  facet normal 0 0 1
    outer loop
      vertex -137.675 125.673 4
      vertex -137.991 125.382 4
      vertex -137.667 125.667 4
    endloop
  endfacet
  facet normal -0 0 1
    outer loop
      vertex -137.997 125.39 4
      vertex -137.991 125.382 4
      vertex -137.675 125.673 4
    endloop
  endfacet
  facet normal 0 0 1
    outer loop
      vertex -138.354 125.151 4
      vertex -137.991 125.382 4
      vertex -137.997 125.39 4
    endloop
  endfacet
  facet normal 0 0 1
    outer loop
      vertex -137.991 125.382 4
      vertex -138.354 125.151 4
      vertex -138.35 125.142 4
    endloop
  endfacet
  facet normal -0 0 1
    outer loop
      vertex -138.355 125.151 4
      vertex -138.35 125.142 4
      vertex -138.354 125.151 4
    endloop
  endfacet
  facet normal -0 0 1
    outer loop
      vertex -138.356 125.15 4
      vertex -138.35 125.142 4
      vertex -138.355 125.151 4
    endloop
  endfacet
  facet normal 0 0 1
    outer loop
      vertex -138.356 125.15 4
      vertex -138.737 124.951 4
      vertex -138.35 125.142 4
    endloop
  endfacet
  facet normal -0 0 1
    outer loop
      vertex -138.741 124.96 4
      vertex -138.737 124.951 4
      vertex -138.356 125.15 4
    endloop
  endfacet
  facet normal -0 0 1
    outer loop
      vertex -138.742 124.96 4
      vertex -138.737 124.951 4
      vertex -138.741 124.96 4
    endloop
  endfacet
  facet normal 0 0 1
    outer loop
      vertex -138.742 124.96 4
      vertex -139.146 124.812 4
      vertex -138.737 124.951 4
    endloop
  endfacet
  facet normal -0 0 1
    outer loop
      vertex -139.148 124.822 4
      vertex -139.146 124.812 4
      vertex -138.742 124.96 4
    endloop
  endfacet
  facet normal 0 0 1
    outer loop
      vertex -139.569 124.738 4
      vertex -139.146 124.812 4
      vertex -139.148 124.822 4
    endloop
  endfacet
  facet normal -0 0 1
    outer loop
      vertex -139.569 124.738 4
      vertex -139.569 124.728 4
      vertex -139.146 124.812 4
    endloop
  endfacet
  facet normal -0 0 1
    outer loop
      vertex -139.571 124.738 4
      vertex -139.569 124.728 4
      vertex -139.569 124.738 4
    endloop
  endfacet
  facet normal -0 0 1
    outer loop
      vertex -139.572 124.738 4
      vertex -139.569 124.728 4
      vertex -139.571 124.738 4
    endloop
  endfacet
  facet normal 0 0 1
    outer loop
      vertex -140 124.7 4
      vertex -139.572 124.738 4
      vertex -140 124.71 4
    endloop
  endfacet
  facet normal 0 0 1
    outer loop
      vertex -139.572 124.738 4
      vertex -140 124.7 4
      vertex -139.569 124.728 4
    endloop
  endfacet
  facet normal 0 0 1
    outer loop
      vertex -140.428 124.738 4
      vertex -140 124.7 4
      vertex -140 124.71 4
    endloop
  endfacet
  facet normal 0 0 1
    outer loop
      vertex -140.431 124.728 4
      vertex -140.428 124.738 4
      vertex -140.429 124.738 4
    endloop
  endfacet
  facet normal 0 0 1
    outer loop
      vertex -140.428 124.738 4
      vertex -140.431 124.728 4
      vertex -140 124.7 4
    endloop
  endfacet
  facet normal -0 0 1
    outer loop
      vertex -140.431 124.738 4
      vertex -140.431 124.728 4
      vertex -140.429 124.738 4
    endloop
  endfacet
  facet normal -0 0 1
    outer loop
      vertex -140.854 124.812 4
      vertex -140.431 124.738 4
      vertex -140.852 124.822 4
    endloop
  endfacet
  facet normal 0 0 1
    outer loop
      vertex -140.431 124.738 4
      vertex -140.854 124.812 4
      vertex -140.431 124.728 4
    endloop
  endfacet
  facet normal 0 0 1
    outer loop
      vertex -141.258 124.96 4
      vertex -140.854 124.812 4
      vertex -140.852 124.822 4
    endloop
  endfacet
  facet normal 0 0 1
    outer loop
      vertex -141.263 124.951 4
      vertex -141.258 124.96 4
      vertex -141.259 124.96 4
    endloop
  endfacet
  facet normal 0 0 1
    outer loop
      vertex -141.258 124.96 4
      vertex -141.263 124.951 4
      vertex -140.854 124.812 4
    endloop
  endfacet
  facet normal 0 0 1
    outer loop
      vertex -141.644 125.15 4
      vertex -141.263 124.951 4
      vertex -141.259 124.96 4
    endloop
  endfacet
  facet normal 0 0 1
    outer loop
      vertex -141.65 125.142 4
      vertex -141.644 125.15 4
      vertex -141.645 125.151 4
    endloop
  endfacet
  facet normal 0 0 1
    outer loop
      vertex -141.644 125.15 4
      vertex -141.65 125.142 4
      vertex -141.263 124.951 4
    endloop
  endfacet
  facet normal -0 0 1
    outer loop
      vertex -141.646 125.151 4
      vertex -141.65 125.142 4
      vertex -141.645 125.151 4
    endloop
  endfacet
  facet normal -0 0 1
    outer loop
      vertex -142.009 125.382 4
      vertex -141.646 125.151 4
      vertex -142.003 125.39 4
    endloop
  endfacet
  facet normal 0 0 1
    outer loop
      vertex -141.646 125.151 4
      vertex -142.009 125.382 4
      vertex -141.65 125.142 4
    endloop
  endfacet
  facet normal 0 0 1
    outer loop
      vertex -142.325 125.673 4
      vertex -142.009 125.382 4
      vertex -142.003 125.39 4
    endloop
  endfacet
  facet normal 0 0 1
    outer loop
      vertex -142.333 125.667 4
      vertex -142.325 125.673 4
      vertex -142.326 125.674 4
    endloop
  endfacet
  facet normal 0 0 1
    outer loop
      vertex -142.325 125.673 4
      vertex -142.333 125.667 4
      vertex -142.009 125.382 4
    endloop
  endfacet
  facet normal 0 0 1
    outer loop
      vertex -142.327 125.675 4
      vertex -142.333 125.667 4
      vertex -142.326 125.674 4
    endloop
  endfacet
  facet normal -0 0 1
    outer loop
      vertex -142.618 125.991 4
      vertex -142.327 125.675 4
      vertex -142.61 125.997 4
    endloop
  endfacet
  facet normal 0 0 1
    outer loop
      vertex -142.327 125.675 4
      vertex -142.618 125.991 4
      vertex -142.333 125.667 4
    endloop
  endfacet
  facet normal 0 0 1
    outer loop
      vertex -142.849 126.354 4
      vertex -142.618 125.991 4
      vertex -142.61 125.997 4
    endloop
  endfacet
  facet normal 0 0 1
    outer loop
      vertex -142.858 126.35 4
      vertex -142.849 126.354 4
      vertex -142.849 126.355 4
    endloop
  endfacet
  facet normal 0 0 1
    outer loop
      vertex -142.849 126.354 4
      vertex -142.858 126.35 4
      vertex -142.618 125.991 4
    endloop
  endfacet
  facet normal 0 0 1
    outer loop
      vertex -142.85 126.356 4
      vertex -142.858 126.35 4
      vertex -142.849 126.355 4
    endloop
  endfacet
  facet normal -0 0 1
    outer loop
      vertex -143.049 126.737 4
      vertex -142.85 126.356 4
      vertex -143.04 126.741 4
    endloop
  endfacet
  facet normal 0 0 1
    outer loop
      vertex -142.85 126.356 4
      vertex -143.049 126.737 4
      vertex -142.858 126.35 4
    endloop
  endfacet
  facet normal 0 0 1
    outer loop
      vertex -143.04 126.742 4
      vertex -143.049 126.737 4
      vertex -143.04 126.741 4
    endloop
  endfacet
  facet normal -0 0 1
    outer loop
      vertex -143.188 127.146 4
      vertex -143.04 126.742 4
      vertex -143.178 127.148 4
    endloop
  endfacet
  facet normal 0 0 1
    outer loop
      vertex -143.04 126.742 4
      vertex -143.188 127.146 4
      vertex -143.049 126.737 4
    endloop
  endfacet
  facet normal 0 0 1
    outer loop
      vertex -143.262 127.569 4
      vertex -143.188 127.146 4
      vertex -143.178 127.148 4
    endloop
  endfacet
  facet normal 0 0 1
    outer loop
      vertex -143.272 127.569 4
      vertex -143.262 127.569 4
      vertex -143.262 127.571 4
    endloop
  endfacet
  facet normal 0 0 1
    outer loop
      vertex -143.262 127.569 4
      vertex -143.272 127.569 4
      vertex -143.188 127.146 4
    endloop
  endfacet
  facet normal 0 0 1
    outer loop
      vertex -143.262 127.572 4
      vertex -143.272 127.569 4
      vertex -143.262 127.571 4
    endloop
  endfacet
  facet normal -0 0 1
    outer loop
      vertex -143.3 128 4
      vertex -143.262 127.572 4
      vertex -143.29 128 4
    endloop
  endfacet
  facet normal 0 0 1
    outer loop
      vertex -143.262 127.572 4
      vertex -143.3 128 4
      vertex -143.272 127.569 4
    endloop
  endfacet
  facet normal -0 0 1
    outer loop
      vertex -179.738 0.42806 4
      vertex -179.7 0 4
      vertex -179.728 0.430736 4
    endloop
  endfacet
  facet normal 0 0 1
    outer loop
      vertex -179.7 0 4
      vertex -179.738 0.42806 4
      vertex -179.71 0 4
    endloop
  endfacet
  facet normal 0 0 1
    outer loop
      vertex -179.728 0.430736 4
      vertex -179.738 0.429439 4
      vertex -179.738 0.42806 4
    endloop
  endfacet
  facet normal 0 0 1
    outer loop
      vertex -179.728 0.430736 4
      vertex -179.738 0.430793 4
      vertex -179.738 0.429439 4
    endloop
  endfacet
  facet normal 0 0 1
    outer loop
      vertex -179.812 0.854102 4
      vertex -179.738 0.430793 4
      vertex -179.728 0.430736 4
    endloop
  endfacet
  facet normal 0 0 1
    outer loop
      vertex -179.812 0.854102 4
      vertex -179.822 0.85153 4
      vertex -179.738 0.430793 4
    endloop
  endfacet
  facet normal -0 0 1
    outer loop
      vertex -179.96 1.25774 4
      vertex -179.812 0.854102 4
      vertex -179.951 1.26285 4
    endloop
  endfacet
  facet normal 0 0 1
    outer loop
      vertex -179.812 0.854102 4
      vertex -179.96 1.25774 4
      vertex -179.822 0.85153 4
    endloop
  endfacet
  facet normal 0 0 1
    outer loop
      vertex -179.951 1.26285 4
      vertex -179.96 1.25905 4
      vertex -179.96 1.25774 4
    endloop
  endfacet
  facet normal -0 0 1
    outer loop
      vertex -180.15 1.64379 4
      vertex -179.951 1.26285 4
      vertex -180.142 1.65 4
    endloop
  endfacet
  facet normal 0 0 1
    outer loop
      vertex -179.951 1.26285 4
      vertex -180.15 1.64379 4
      vertex -179.96 1.25905 4
    endloop
  endfacet
  facet normal 0 0 1
    outer loop
      vertex -180.142 1.65 4
      vertex -180.151 1.64503 4
      vertex -180.15 1.64379 4
    endloop
  endfacet
  facet normal 0 0 1
    outer loop
      vertex -180.142 1.65 4
      vertex -180.151 1.64618 4
      vertex -180.151 1.64503 4
    endloop
  endfacet
  facet normal 0 0 1
    outer loop
      vertex -180.382 2.00891 4
      vertex -180.151 1.64618 4
      vertex -180.142 1.65 4
    endloop
  endfacet
  facet normal 0 0 1
    outer loop
      vertex -180.382 2.00891 4
      vertex -180.39 2.00286 4
      vertex -180.151 1.64618 4
    endloop
  endfacet
  facet normal -0 0 1
    outer loop
      vertex -180.673 2.32539 4
      vertex -180.382 2.00891 4
      vertex -180.667 2.33345 4
    endloop
  endfacet
  facet normal 0 0 1
    outer loop
      vertex -180.382 2.00891 4
      vertex -180.673 2.32539 4
      vertex -180.39 2.00286 4
    endloop
  endfacet
  facet normal 0 0 1
    outer loop
      vertex -180.667 2.33345 4
      vertex -180.674 2.32643 4
      vertex -180.673 2.32539 4
    endloop
  endfacet
  facet normal 0 0 1
    outer loop
      vertex -180.667 2.33345 4
      vertex -180.675 2.32734 4
      vertex -180.674 2.32643 4
    endloop
  endfacet
  facet normal 0 0 1
    outer loop
      vertex -180.991 2.61807 4
      vertex -180.675 2.32734 4
      vertex -180.667 2.33345 4
    endloop
  endfacet
  facet normal 0 0 1
    outer loop
      vertex -180.991 2.61807 4
      vertex -180.997 2.61018 4
      vertex -180.675 2.32734 4
    endloop
  endfacet
  facet normal -0 0 1
    outer loop
      vertex -181.354 2.84851 4
      vertex -180.991 2.61807 4
      vertex -181.35 2.85788 4
    endloop
  endfacet
  facet normal 0 0 1
    outer loop
      vertex -180.991 2.61807 4
      vertex -181.354 2.84851 4
      vertex -180.997 2.61018 4
    endloop
  endfacet
  facet normal 0 0 1
    outer loop
      vertex -181.35 2.85788 4
      vertex -181.355 2.84928 4
      vertex -181.354 2.84851 4
    endloop
  endfacet
  facet normal 0 0 1
    outer loop
      vertex -181.35 2.85788 4
      vertex -181.356 2.84989 4
      vertex -181.355 2.84928 4
    endloop
  endfacet
  facet normal 0 0 1
    outer loop
      vertex -181.737 3.0488 4
      vertex -181.356 2.84989 4
      vertex -181.35 2.85788 4
    endloop
  endfacet
  facet normal 0 0 1
    outer loop
      vertex -181.737 3.0488 4
      vertex -181.741 3.03962 4
      vertex -181.356 2.84989 4
    endloop
  endfacet
  facet normal 0 0 1
    outer loop
      vertex -181.737 3.0488 4
      vertex -181.742 3.04007 4
      vertex -181.741 3.03962 4
    endloop
  endfacet
  facet normal 0 0 1
    outer loop
      vertex -182.146 3.18755 4
      vertex -181.742 3.04007 4
      vertex -181.737 3.0488 4
    endloop
  endfacet
  facet normal 0 0 1
    outer loop
      vertex -182.146 3.18755 4
      vertex -182.148 3.17796 4
      vertex -181.742 3.04007 4
    endloop
  endfacet
  facet normal 0 0 1
    outer loop
      vertex -182.146 3.18755 4
      vertex -182.569 3.26165 4
      vertex -182.148 3.17796 4
    endloop
  endfacet
  facet normal 0 0 1
    outer loop
      vertex -182.569 3.27177 4
      vertex -182.569 3.26165 4
      vertex -182.146 3.18755 4
    endloop
  endfacet
  facet normal 0 0 1
    outer loop
      vertex -182.569 3.27177 4
      vertex -182.571 3.26192 4
      vertex -182.569 3.26165 4
    endloop
  endfacet
  facet normal 0 0 1
    outer loop
      vertex -182.569 3.27177 4
      vertex -182.572 3.26201 4
      vertex -182.571 3.26192 4
    endloop
  endfacet
  facet normal 0 0 1
    outer loop
      vertex -183 3.3 4
      vertex -182.572 3.26201 4
      vertex -182.569 3.27177 4
    endloop
  endfacet
  facet normal 0 0 1
    outer loop
      vertex -183 3.3 4
      vertex -183 3.29006 4
      vertex -182.572 3.26201 4
    endloop
  endfacet
  facet normal 0 0 1
    outer loop
      vertex -183 3.3 4
      vertex -183.428 3.26201 4
      vertex -183 3.29006 4
    endloop
  endfacet
  facet normal -0 0 1
    outer loop
      vertex -183.431 3.27177 4
      vertex -183.428 3.26201 4
      vertex -183 3.3 4
    endloop
  endfacet
  facet normal 0 0 1
    outer loop
      vertex -183.428 3.26201 4
      vertex -183.431 3.27177 4
      vertex -183.429 3.26192 4
    endloop
  endfacet
  facet normal 0 0 1
    outer loop
      vertex -183.431 3.27177 4
      vertex -183.431 3.26165 4
      vertex -183.429 3.26192 4
    endloop
  endfacet
  facet normal 0 0 1
    outer loop
      vertex -183.854 3.18755 4
      vertex -183.431 3.26165 4
      vertex -183.431 3.27177 4
    endloop
  endfacet
  facet normal 0 0 1
    outer loop
      vertex -183.431 3.26165 4
      vertex -183.854 3.18755 4
      vertex -183.852 3.17796 4
    endloop
  endfacet
  facet normal 0 0 1
    outer loop
      vertex -183.854 3.18755 4
      vertex -184.258 3.04007 4
      vertex -183.852 3.17796 4
    endloop
  endfacet
  facet normal -0 0 1
    outer loop
      vertex -184.263 3.0488 4
      vertex -184.258 3.04007 4
      vertex -183.854 3.18755 4
    endloop
  endfacet
  facet normal 0 0 1
    outer loop
      vertex -184.258 3.04007 4
      vertex -184.263 3.0488 4
      vertex -184.259 3.03962 4
    endloop
  endfacet
  facet normal 0 0 1
    outer loop
      vertex -184.263 3.0488 4
      vertex -184.644 2.84989 4
      vertex -184.259 3.03962 4
    endloop
  endfacet
  facet normal -0 0 1
    outer loop
      vertex -184.65 2.85788 4
      vertex -184.644 2.84989 4
      vertex -184.263 3.0488 4
    endloop
  endfacet
  facet normal 0 0 1
    outer loop
      vertex -184.644 2.84989 4
      vertex -184.65 2.85788 4
      vertex -184.645 2.84928 4
    endloop
  endfacet
  facet normal 0 0 1
    outer loop
      vertex -184.65 2.85788 4
      vertex -184.646 2.84851 4
      vertex -184.645 2.84928 4
    endloop
  endfacet
  facet normal 0 0 1
    outer loop
      vertex -185.009 2.61807 4
      vertex -184.646 2.84851 4
      vertex -184.65 2.85788 4
    endloop
  endfacet
  facet normal 0 0 1
    outer loop
      vertex -184.646 2.84851 4
      vertex -185.009 2.61807 4
      vertex -185.003 2.61018 4
    endloop
  endfacet
  facet normal 0 0 1
    outer loop
      vertex -185.009 2.61807 4
      vertex -185.325 2.32734 4
      vertex -185.003 2.61018 4
    endloop
  endfacet
  facet normal -0 0 1
    outer loop
      vertex -185.333 2.33345 4
      vertex -185.325 2.32734 4
      vertex -185.009 2.61807 4
    endloop
  endfacet
  facet normal 0 0 1
    outer loop
      vertex -185.325 2.32734 4
      vertex -185.333 2.33345 4
      vertex -185.326 2.32643 4
    endloop
  endfacet
  facet normal 0 0 1
    outer loop
      vertex -185.333 2.33345 4
      vertex -185.327 2.32539 4
      vertex -185.326 2.32643 4
    endloop
  endfacet
  facet normal 0 0 1
    outer loop
      vertex -185.618 2.00891 4
      vertex -185.327 2.32539 4
      vertex -185.333 2.33345 4
    endloop
  endfacet
  facet normal 0 0 1
    outer loop
      vertex -185.327 2.32539 4
      vertex -185.618 2.00891 4
      vertex -185.61 2.00286 4
    endloop
  endfacet
  facet normal 0 0 1
    outer loop
      vertex -185.618 2.00891 4
      vertex -185.849 1.64618 4
      vertex -185.61 2.00286 4
    endloop
  endfacet
  facet normal -0 0 1
    outer loop
      vertex -185.858 1.65 4
      vertex -185.849 1.64618 4
      vertex -185.618 2.00891 4
    endloop
  endfacet
  facet normal 0 0 1
    outer loop
      vertex -185.849 1.64618 4
      vertex -185.858 1.65 4
      vertex -185.849 1.64503 4
    endloop
  endfacet
  facet normal 0 0 1
    outer loop
      vertex -185.858 1.65 4
      vertex -185.85 1.64379 4
      vertex -185.849 1.64503 4
    endloop
  endfacet
  facet normal 0 0 1
    outer loop
      vertex -186.049 1.26285 4
      vertex -185.85 1.64379 4
      vertex -185.858 1.65 4
    endloop
  endfacet
  facet normal 0 0 1
    outer loop
      vertex -185.85 1.64379 4
      vertex -186.049 1.26285 4
      vertex -186.04 1.25905 4
    endloop
  endfacet
  facet normal 0 0 1
    outer loop
      vertex -186.049 1.26285 4
      vertex -186.04 1.25774 4
      vertex -186.04 1.25905 4
    endloop
  endfacet
  facet normal 0 0 1
    outer loop
      vertex -186.188 0.854102 4
      vertex -186.04 1.25774 4
      vertex -186.049 1.26285 4
    endloop
  endfacet
  facet normal 0 0 1
    outer loop
      vertex -186.04 1.25774 4
      vertex -186.188 0.854102 4
      vertex -186.178 0.85153 4
    endloop
  endfacet
  facet normal 0 0 1
    outer loop
      vertex -186.188 0.854102 4
      vertex -186.262 0.430793 4
      vertex -186.178 0.85153 4
    endloop
  endfacet
  facet normal 0 0 1
    outer loop
      vertex -186.272 0.430736 4
      vertex -186.262 0.430793 4
      vertex -186.188 0.854102 4
    endloop
  endfacet
  facet normal 0 0 1
    outer loop
      vertex -186.262 0.430793 4
      vertex -186.272 0.430736 4
      vertex -186.262 0.429439 4
    endloop
  endfacet
  facet normal 0 0 1
    outer loop
      vertex -186.272 0.430736 4
      vertex -186.262 0.42806 4
      vertex -186.262 0.429439 4
    endloop
  endfacet
  facet normal 0 0 1
    outer loop
      vertex -186.3 0 4
      vertex -186.262 0.42806 4
      vertex -186.272 0.430736 4
    endloop
  endfacet
  facet normal 0 0 1
    outer loop
      vertex -186.262 0.42806 4
      vertex -186.3 0 4
      vertex -186.29 0 4
    endloop
  endfacet
  facet normal 0 0 1
    outer loop
      vertex -179.738 -0.42806 4
      vertex -179.7 0 4
      vertex -179.71 0 4
    endloop
  endfacet
  facet normal 0 0 1
    outer loop
      vertex -179.7 0 4
      vertex -179.738 -0.42806 4
      vertex -179.728 -0.430736 4
    endloop
  endfacet
  facet normal -0 0 1
    outer loop
      vertex -179.738 -0.429439 4
      vertex -179.728 -0.430736 4
      vertex -179.738 -0.42806 4
    endloop
  endfacet
  facet normal 0 0 1
    outer loop
      vertex -179.738 -0.430793 4
      vertex -179.728 -0.430736 4
      vertex -179.738 -0.429439 4
    endloop
  endfacet
  facet normal -0 0 1
    outer loop
      vertex -179.738 -0.430793 4
      vertex -179.812 -0.854102 4
      vertex -179.728 -0.430736 4
    endloop
  endfacet
  facet normal -0 0 1
    outer loop
      vertex -179.822 -0.85153 4
      vertex -179.812 -0.854102 4
      vertex -179.738 -0.430793 4
    endloop
  endfacet
  facet normal 0 0 1
    outer loop
      vertex -179.96 -1.25774 4
      vertex -179.812 -0.854102 4
      vertex -179.822 -0.85153 4
    endloop
  endfacet
  facet normal 0 0 1
    outer loop
      vertex -179.812 -0.854102 4
      vertex -179.96 -1.25774 4
      vertex -179.951 -1.26285 4
    endloop
  endfacet
  facet normal -0 0 1
    outer loop
      vertex -179.96 -1.25905 4
      vertex -179.951 -1.26285 4
      vertex -179.96 -1.25774 4
    endloop
  endfacet
  facet normal 0 0 1
    outer loop
      vertex -180.15 -1.64379 4
      vertex -179.951 -1.26285 4
      vertex -179.96 -1.25905 4
    endloop
  endfacet
  facet normal 0 0 1
    outer loop
      vertex -179.951 -1.26285 4
      vertex -180.15 -1.64379 4
      vertex -180.142 -1.65 4
    endloop
  endfacet
  facet normal -0 0 1
    outer loop
      vertex -180.151 -1.64503 4
      vertex -180.142 -1.65 4
      vertex -180.15 -1.64379 4
    endloop
  endfacet
  facet normal -0 0 1
    outer loop
      vertex -180.151 -1.64618 4
      vertex -180.142 -1.65 4
      vertex -180.151 -1.64503 4
    endloop
  endfacet
  facet normal 0 0 1
    outer loop
      vertex -180.151 -1.64618 4
      vertex -180.382 -2.00891 4
      vertex -180.142 -1.65 4
    endloop
  endfacet
  facet normal -0 0 1
    outer loop
      vertex -180.39 -2.00286 4
      vertex -180.382 -2.00891 4
      vertex -180.151 -1.64618 4
    endloop
  endfacet
  facet normal 0 0 1
    outer loop
      vertex -180.673 -2.32539 4
      vertex -180.382 -2.00891 4
      vertex -180.39 -2.00286 4
    endloop
  endfacet
  facet normal 0 0 1
    outer loop
      vertex -180.382 -2.00891 4
      vertex -180.673 -2.32539 4
      vertex -180.667 -2.33345 4
    endloop
  endfacet
  facet normal -0 0 1
    outer loop
      vertex -180.674 -2.32643 4
      vertex -180.667 -2.33345 4
      vertex -180.673 -2.32539 4
    endloop
  endfacet
  facet normal -0 0 1
    outer loop
      vertex -180.675 -2.32734 4
      vertex -180.667 -2.33345 4
      vertex -180.674 -2.32643 4
    endloop
  endfacet
  facet normal 0 0 1
    outer loop
      vertex -180.675 -2.32734 4
      vertex -180.991 -2.61807 4
      vertex -180.667 -2.33345 4
    endloop
  endfacet
  facet normal -0 0 1
    outer loop
      vertex -180.997 -2.61018 4
      vertex -180.991 -2.61807 4
      vertex -180.675 -2.32734 4
    endloop
  endfacet
  facet normal 0 0 1
    outer loop
      vertex -181.354 -2.84851 4
      vertex -180.991 -2.61807 4
      vertex -180.997 -2.61018 4
    endloop
  endfacet
  facet normal 0 0 1
    outer loop
      vertex -180.991 -2.61807 4
      vertex -181.354 -2.84851 4
      vertex -181.35 -2.85788 4
    endloop
  endfacet
  facet normal -0 0 1
    outer loop
      vertex -181.355 -2.84928 4
      vertex -181.35 -2.85788 4
      vertex -181.354 -2.84851 4
    endloop
  endfacet
  facet normal -0 0 1
    outer loop
      vertex -181.356 -2.84989 4
      vertex -181.35 -2.85788 4
      vertex -181.355 -2.84928 4
    endloop
  endfacet
  facet normal 0 0 1
    outer loop
      vertex -181.356 -2.84989 4
      vertex -181.737 -3.0488 4
      vertex -181.35 -2.85788 4
    endloop
  endfacet
  facet normal -0 0 1
    outer loop
      vertex -181.741 -3.03962 4
      vertex -181.737 -3.0488 4
      vertex -181.356 -2.84989 4
    endloop
  endfacet
  facet normal -0 0 1
    outer loop
      vertex -181.742 -3.04007 4
      vertex -181.737 -3.0488 4
      vertex -181.741 -3.03962 4
    endloop
  endfacet
  facet normal 0 0 1
    outer loop
      vertex -181.742 -3.04007 4
      vertex -182.146 -3.18755 4
      vertex -181.737 -3.0488 4
    endloop
  endfacet
  facet normal -0 0 1
    outer loop
      vertex -182.148 -3.17796 4
      vertex -182.146 -3.18755 4
      vertex -181.742 -3.04007 4
    endloop
  endfacet
  facet normal 0 0 1
    outer loop
      vertex -182.569 -3.26165 4
      vertex -182.146 -3.18755 4
      vertex -182.148 -3.17796 4
    endloop
  endfacet
  facet normal -0 0 1
    outer loop
      vertex -182.569 -3.26165 4
      vertex -182.569 -3.27177 4
      vertex -182.146 -3.18755 4
    endloop
  endfacet
  facet normal -0 0 1
    outer loop
      vertex -182.571 -3.26192 4
      vertex -182.569 -3.27177 4
      vertex -182.569 -3.26165 4
    endloop
  endfacet
  facet normal -0 0 1
    outer loop
      vertex -182.572 -3.26201 4
      vertex -182.569 -3.27177 4
      vertex -182.571 -3.26192 4
    endloop
  endfacet
  facet normal 0 0 1
    outer loop
      vertex -183 -3.3 4
      vertex -182.572 -3.26201 4
      vertex -183 -3.29006 4
    endloop
  endfacet
  facet normal 0 0 1
    outer loop
      vertex -182.572 -3.26201 4
      vertex -183 -3.3 4
      vertex -182.569 -3.27177 4
    endloop
  endfacet
  facet normal 0 0 1
    outer loop
      vertex -183.428 -3.26201 4
      vertex -183 -3.3 4
      vertex -183 -3.29006 4
    endloop
  endfacet
  facet normal 0 0 1
    outer loop
      vertex -183.431 -3.27177 4
      vertex -183.428 -3.26201 4
      vertex -183.429 -3.26192 4
    endloop
  endfacet
  facet normal 0 0 1
    outer loop
      vertex -183.428 -3.26201 4
      vertex -183.431 -3.27177 4
      vertex -183 -3.3 4
    endloop
  endfacet
  facet normal 0 0 1
    outer loop
      vertex -183.431 -3.26165 4
      vertex -183.431 -3.27177 4
      vertex -183.429 -3.26192 4
    endloop
  endfacet
  facet normal -0 0 1
    outer loop
      vertex -183.854 -3.18755 4
      vertex -183.431 -3.26165 4
      vertex -183.852 -3.17796 4
    endloop
  endfacet
  facet normal 0 0 1
    outer loop
      vertex -183.431 -3.26165 4
      vertex -183.854 -3.18755 4
      vertex -183.431 -3.27177 4
    endloop
  endfacet
  facet normal 0 0 1
    outer loop
      vertex -184.258 -3.04007 4
      vertex -183.854 -3.18755 4
      vertex -183.852 -3.17796 4
    endloop
  endfacet
  facet normal 0 0 1
    outer loop
      vertex -184.263 -3.0488 4
      vertex -184.258 -3.04007 4
      vertex -184.259 -3.03962 4
    endloop
  endfacet
  facet normal 0 0 1
    outer loop
      vertex -184.258 -3.04007 4
      vertex -184.263 -3.0488 4
      vertex -183.854 -3.18755 4
    endloop
  endfacet
  facet normal 0 0 1
    outer loop
      vertex -184.644 -2.84989 4
      vertex -184.263 -3.0488 4
      vertex -184.259 -3.03962 4
    endloop
  endfacet
  facet normal 0 0 1
    outer loop
      vertex -184.65 -2.85788 4
      vertex -184.644 -2.84989 4
      vertex -184.645 -2.84928 4
    endloop
  endfacet
  facet normal 0 0 1
    outer loop
      vertex -184.644 -2.84989 4
      vertex -184.65 -2.85788 4
      vertex -184.263 -3.0488 4
    endloop
  endfacet
  facet normal 0 0 1
    outer loop
      vertex -184.646 -2.84851 4
      vertex -184.65 -2.85788 4
      vertex -184.645 -2.84928 4
    endloop
  endfacet
  facet normal -0 0 1
    outer loop
      vertex -185.009 -2.61807 4
      vertex -184.646 -2.84851 4
      vertex -185.003 -2.61018 4
    endloop
  endfacet
  facet normal 0 0 1
    outer loop
      vertex -184.646 -2.84851 4
      vertex -185.009 -2.61807 4
      vertex -184.65 -2.85788 4
    endloop
  endfacet
  facet normal 0 0 1
    outer loop
      vertex -185.325 -2.32734 4
      vertex -185.009 -2.61807 4
      vertex -185.003 -2.61018 4
    endloop
  endfacet
  facet normal 0 0 1
    outer loop
      vertex -185.333 -2.33345 4
      vertex -185.325 -2.32734 4
      vertex -185.326 -2.32643 4
    endloop
  endfacet
  facet normal 0 0 1
    outer loop
      vertex -185.325 -2.32734 4
      vertex -185.333 -2.33345 4
      vertex -185.009 -2.61807 4
    endloop
  endfacet
  facet normal 0 0 1
    outer loop
      vertex -185.327 -2.32539 4
      vertex -185.333 -2.33345 4
      vertex -185.326 -2.32643 4
    endloop
  endfacet
  facet normal -0 0 1
    outer loop
      vertex -185.618 -2.00891 4
      vertex -185.327 -2.32539 4
      vertex -185.61 -2.00286 4
    endloop
  endfacet
  facet normal 0 0 1
    outer loop
      vertex -185.327 -2.32539 4
      vertex -185.618 -2.00891 4
      vertex -185.333 -2.33345 4
    endloop
  endfacet
  facet normal 0 0 1
    outer loop
      vertex -185.849 -1.64618 4
      vertex -185.618 -2.00891 4
      vertex -185.61 -2.00286 4
    endloop
  endfacet
  facet normal 0 0 1
    outer loop
      vertex -185.858 -1.65 4
      vertex -185.849 -1.64618 4
      vertex -185.849 -1.64503 4
    endloop
  endfacet
  facet normal 0 0 1
    outer loop
      vertex -185.849 -1.64618 4
      vertex -185.858 -1.65 4
      vertex -185.618 -2.00891 4
    endloop
  endfacet
  facet normal 0 0 1
    outer loop
      vertex -185.85 -1.64379 4
      vertex -185.858 -1.65 4
      vertex -185.849 -1.64503 4
    endloop
  endfacet
  facet normal -0 0 1
    outer loop
      vertex -186.049 -1.26285 4
      vertex -185.85 -1.64379 4
      vertex -186.04 -1.25905 4
    endloop
  endfacet
  facet normal 0 0 1
    outer loop
      vertex -185.85 -1.64379 4
      vertex -186.049 -1.26285 4
      vertex -185.858 -1.65 4
    endloop
  endfacet
  facet normal 0 0 1
    outer loop
      vertex -186.04 -1.25774 4
      vertex -186.049 -1.26285 4
      vertex -186.04 -1.25905 4
    endloop
  endfacet
  facet normal -0 0 1
    outer loop
      vertex -186.188 -0.854102 4
      vertex -186.04 -1.25774 4
      vertex -186.178 -0.85153 4
    endloop
  endfacet
  facet normal 0 0 1
    outer loop
      vertex -186.04 -1.25774 4
      vertex -186.188 -0.854102 4
      vertex -186.049 -1.26285 4
    endloop
  endfacet
  facet normal 0 0 1
    outer loop
      vertex -186.262 -0.430793 4
      vertex -186.188 -0.854102 4
      vertex -186.178 -0.85153 4
    endloop
  endfacet
  facet normal -0 0 1
    outer loop
      vertex -186.272 -0.430736 4
      vertex -186.262 -0.430793 4
      vertex -186.262 -0.429439 4
    endloop
  endfacet
  facet normal 0 0 1
    outer loop
      vertex -186.262 -0.430793 4
      vertex -186.272 -0.430736 4
      vertex -186.188 -0.854102 4
    endloop
  endfacet
  facet normal 0 0 1
    outer loop
      vertex -186.262 -0.42806 4
      vertex -186.272 -0.430736 4
      vertex -186.262 -0.429439 4
    endloop
  endfacet
  facet normal -0 0 1
    outer loop
      vertex -186.3 0 4
      vertex -186.262 -0.42806 4
      vertex -186.29 0 4
    endloop
  endfacet
  facet normal 0 0 1
    outer loop
      vertex -186.262 -0.42806 4
      vertex -186.3 0 4
      vertex -186.272 -0.430736 4
    endloop
  endfacet
  facet normal -0 0 1
    outer loop
      vertex -66.738 128.428 4
      vertex -66.7 128 4
      vertex -66.7282 128.431 4
    endloop
  endfacet
  facet normal 0 0 1
    outer loop
      vertex -66.7 128 4
      vertex -66.738 128.428 4
      vertex -66.7099 128 4
    endloop
  endfacet
  facet normal 0 0 1
    outer loop
      vertex -66.7282 128.431 4
      vertex -66.7381 128.429 4
      vertex -66.738 128.428 4
    endloop
  endfacet
  facet normal 0 0 1
    outer loop
      vertex -66.7282 128.431 4
      vertex -66.7384 128.431 4
      vertex -66.7381 128.429 4
    endloop
  endfacet
  facet normal 0 0 1
    outer loop
      vertex -66.8124 128.854 4
      vertex -66.7384 128.431 4
      vertex -66.7282 128.431 4
    endloop
  endfacet
  facet normal 0 0 1
    outer loop
      vertex -66.8124 128.854 4
      vertex -66.822 128.852 4
      vertex -66.7384 128.431 4
    endloop
  endfacet
  facet normal -0 0 1
    outer loop
      vertex -66.9599 129.258 4
      vertex -66.8124 128.854 4
      vertex -66.9512 129.263 4
    endloop
  endfacet
  facet normal 0 0 1
    outer loop
      vertex -66.8124 128.854 4
      vertex -66.9599 129.258 4
      vertex -66.822 128.852 4
    endloop
  endfacet
  facet normal 0 0 1
    outer loop
      vertex -66.9512 129.263 4
      vertex -66.9604 129.259 4
      vertex -66.9599 129.258 4
    endloop
  endfacet
  facet normal -0 0 1
    outer loop
      vertex -67.1501 129.644 4
      vertex -66.9512 129.263 4
      vertex -67.1421 129.65 4
    endloop
  endfacet
  facet normal 0 0 1
    outer loop
      vertex -66.9512 129.263 4
      vertex -67.1501 129.644 4
      vertex -66.9604 129.259 4
    endloop
  endfacet
  facet normal 0 0 1
    outer loop
      vertex -67.1421 129.65 4
      vertex -67.1507 129.645 4
      vertex -67.1501 129.644 4
    endloop
  endfacet
  facet normal 0 0 1
    outer loop
      vertex -67.1421 129.65 4
      vertex -67.1515 129.646 4
      vertex -67.1507 129.645 4
    endloop
  endfacet
  facet normal 0 0 1
    outer loop
      vertex -67.3819 130.009 4
      vertex -67.1515 129.646 4
      vertex -67.1421 129.65 4
    endloop
  endfacet
  facet normal 0 0 1
    outer loop
      vertex -67.3819 130.009 4
      vertex -67.3898 130.003 4
      vertex -67.1515 129.646 4
    endloop
  endfacet
  facet normal -0 0 1
    outer loop
      vertex -67.6727 130.325 4
      vertex -67.3819 130.009 4
      vertex -67.6665 130.333 4
    endloop
  endfacet
  facet normal 0 0 1
    outer loop
      vertex -67.3819 130.009 4
      vertex -67.6727 130.325 4
      vertex -67.3898 130.003 4
    endloop
  endfacet
  facet normal 0 0 1
    outer loop
      vertex -67.6665 130.333 4
      vertex -67.6736 130.326 4
      vertex -67.6727 130.325 4
    endloop
  endfacet
  facet normal 0 0 1
    outer loop
      vertex -67.6665 130.333 4
      vertex -67.6746 130.327 4
      vertex -67.6736 130.326 4
    endloop
  endfacet
  facet normal 0 0 1
    outer loop
      vertex -67.9911 130.618 4
      vertex -67.6746 130.327 4
      vertex -67.6665 130.333 4
    endloop
  endfacet
  facet normal 0 0 1
    outer loop
      vertex -67.9911 130.618 4
      vertex -67.9971 130.61 4
      vertex -67.6746 130.327 4
    endloop
  endfacet
  facet normal -0 0 1
    outer loop
      vertex -68.3538 130.849 4
      vertex -67.9911 130.618 4
      vertex -68.35 130.858 4
    endloop
  endfacet
  facet normal 0 0 1
    outer loop
      vertex -67.9911 130.618 4
      vertex -68.3538 130.849 4
      vertex -67.9971 130.61 4
    endloop
  endfacet
  facet normal 0 0 1
    outer loop
      vertex -68.35 130.858 4
      vertex -68.355 130.849 4
      vertex -68.3538 130.849 4
    endloop
  endfacet
  facet normal 0 0 1
    outer loop
      vertex -68.35 130.858 4
      vertex -68.3562 130.85 4
      vertex -68.355 130.849 4
    endloop
  endfacet
  facet normal 0 0 1
    outer loop
      vertex -68.7371 131.049 4
      vertex -68.3562 130.85 4
      vertex -68.35 130.858 4
    endloop
  endfacet
  facet normal 0 0 1
    outer loop
      vertex -68.7371 131.049 4
      vertex -68.741 131.04 4
      vertex -68.3562 130.85 4
    endloop
  endfacet
  facet normal 0 0 1
    outer loop
      vertex -68.7371 131.049 4
      vertex -68.7423 131.04 4
      vertex -68.741 131.04 4
    endloop
  endfacet
  facet normal 0 0 1
    outer loop
      vertex -69.1459 131.188 4
      vertex -68.7423 131.04 4
      vertex -68.7371 131.049 4
    endloop
  endfacet
  facet normal 0 0 1
    outer loop
      vertex -69.1459 131.188 4
      vertex -69.1485 131.178 4
      vertex -68.7423 131.04 4
    endloop
  endfacet
  facet normal 0 0 1
    outer loop
      vertex -69.1459 131.188 4
      vertex -69.5692 131.262 4
      vertex -69.1485 131.178 4
    endloop
  endfacet
  facet normal 0 0 1
    outer loop
      vertex -69.5693 131.272 4
      vertex -69.5692 131.262 4
      vertex -69.1459 131.188 4
    endloop
  endfacet
  facet normal 0 0 1
    outer loop
      vertex -69.5693 131.272 4
      vertex -69.5706 131.262 4
      vertex -69.5692 131.262 4
    endloop
  endfacet
  facet normal 0 0 1
    outer loop
      vertex -69.5693 131.272 4
      vertex -69.5719 131.262 4
      vertex -69.5706 131.262 4
    endloop
  endfacet
  facet normal 0 0 1
    outer loop
      vertex -70 131.3 4
      vertex -69.5719 131.262 4
      vertex -69.5693 131.272 4
    endloop
  endfacet
  facet normal 0 0 1
    outer loop
      vertex -70 131.3 4
      vertex -70 131.29 4
      vertex -69.5719 131.262 4
    endloop
  endfacet
  facet normal 0 0 1
    outer loop
      vertex -70 131.3 4
      vertex -70.4281 131.262 4
      vertex -70 131.29 4
    endloop
  endfacet
  facet normal -0 0 1
    outer loop
      vertex -70.4307 131.272 4
      vertex -70.4281 131.262 4
      vertex -70 131.3 4
    endloop
  endfacet
  facet normal 0 0 1
    outer loop
      vertex -70.4281 131.262 4
      vertex -70.4307 131.272 4
      vertex -70.4294 131.262 4
    endloop
  endfacet
  facet normal 0 0 1
    outer loop
      vertex -70.4307 131.272 4
      vertex -70.4308 131.262 4
      vertex -70.4294 131.262 4
    endloop
  endfacet
  facet normal 0 0 1
    outer loop
      vertex -70.8541 131.188 4
      vertex -70.4308 131.262 4
      vertex -70.4307 131.272 4
    endloop
  endfacet
  facet normal 0 0 1
    outer loop
      vertex -70.4308 131.262 4
      vertex -70.8541 131.188 4
      vertex -70.8515 131.178 4
    endloop
  endfacet
  facet normal 0 0 1
    outer loop
      vertex -70.8541 131.188 4
      vertex -71.2577 131.04 4
      vertex -70.8515 131.178 4
    endloop
  endfacet
  facet normal -0 0 1
    outer loop
      vertex -71.2629 131.049 4
      vertex -71.2577 131.04 4
      vertex -70.8541 131.188 4
    endloop
  endfacet
  facet normal 0 0 1
    outer loop
      vertex -71.2577 131.04 4
      vertex -71.2629 131.049 4
      vertex -71.259 131.04 4
    endloop
  endfacet
  facet normal 0 0 1
    outer loop
      vertex -71.2629 131.049 4
      vertex -71.6438 130.85 4
      vertex -71.259 131.04 4
    endloop
  endfacet
  facet normal -0 0 1
    outer loop
      vertex -71.65 130.858 4
      vertex -71.6438 130.85 4
      vertex -71.2629 131.049 4
    endloop
  endfacet
  facet normal 0 0 1
    outer loop
      vertex -71.6438 130.85 4
      vertex -71.65 130.858 4
      vertex -71.645 130.849 4
    endloop
  endfacet
  facet normal 0 0 1
    outer loop
      vertex -71.65 130.858 4
      vertex -71.6462 130.849 4
      vertex -71.645 130.849 4
    endloop
  endfacet
  facet normal 0 0 1
    outer loop
      vertex -72.0089 130.618 4
      vertex -71.6462 130.849 4
      vertex -71.65 130.858 4
    endloop
  endfacet
  facet normal 0 0 1
    outer loop
      vertex -71.6462 130.849 4
      vertex -72.0089 130.618 4
      vertex -72.0029 130.61 4
    endloop
  endfacet
  facet normal 0 0 1
    outer loop
      vertex -72.0089 130.618 4
      vertex -72.3254 130.327 4
      vertex -72.0029 130.61 4
    endloop
  endfacet
  facet normal -0 0 1
    outer loop
      vertex -72.3335 130.333 4
      vertex -72.3254 130.327 4
      vertex -72.0089 130.618 4
    endloop
  endfacet
  facet normal 0 0 1
    outer loop
      vertex -72.3254 130.327 4
      vertex -72.3335 130.333 4
      vertex -72.3264 130.326 4
    endloop
  endfacet
  facet normal 0 0 1
    outer loop
      vertex -72.3335 130.333 4
      vertex -72.3273 130.325 4
      vertex -72.3264 130.326 4
    endloop
  endfacet
  facet normal 0 0 1
    outer loop
      vertex -72.6181 130.009 4
      vertex -72.3273 130.325 4
      vertex -72.3335 130.333 4
    endloop
  endfacet
  facet normal 0 0 1
    outer loop
      vertex -72.3273 130.325 4
      vertex -72.6181 130.009 4
      vertex -72.6102 130.003 4
    endloop
  endfacet
  facet normal 0 0 1
    outer loop
      vertex -72.6181 130.009 4
      vertex -72.8485 129.646 4
      vertex -72.6102 130.003 4
    endloop
  endfacet
  facet normal -0 0 1
    outer loop
      vertex -72.8579 129.65 4
      vertex -72.8485 129.646 4
      vertex -72.6181 130.009 4
    endloop
  endfacet
  facet normal 0 0 1
    outer loop
      vertex -72.8485 129.646 4
      vertex -72.8579 129.65 4
      vertex -72.8493 129.645 4
    endloop
  endfacet
  facet normal 0 0 1
    outer loop
      vertex -72.8579 129.65 4
      vertex -72.8499 129.644 4
      vertex -72.8493 129.645 4
    endloop
  endfacet
  facet normal 0 0 1
    outer loop
      vertex -73.0488 129.263 4
      vertex -72.8499 129.644 4
      vertex -72.8579 129.65 4
    endloop
  endfacet
  facet normal 0 0 1
    outer loop
      vertex -72.8499 129.644 4
      vertex -73.0488 129.263 4
      vertex -73.0396 129.259 4
    endloop
  endfacet
  facet normal 0 0 1
    outer loop
      vertex -73.0488 129.263 4
      vertex -73.0401 129.258 4
      vertex -73.0396 129.259 4
    endloop
  endfacet
  facet normal 0 0 1
    outer loop
      vertex -73.1876 128.854 4
      vertex -73.0401 129.258 4
      vertex -73.0488 129.263 4
    endloop
  endfacet
  facet normal 0 0 1
    outer loop
      vertex -73.0401 129.258 4
      vertex -73.1876 128.854 4
      vertex -73.178 128.852 4
    endloop
  endfacet
  facet normal 0 0 1
    outer loop
      vertex -73.1876 128.854 4
      vertex -73.2616 128.431 4
      vertex -73.178 128.852 4
    endloop
  endfacet
  facet normal 0 0 1
    outer loop
      vertex -73.2718 128.431 4
      vertex -73.2616 128.431 4
      vertex -73.1876 128.854 4
    endloop
  endfacet
  facet normal 0 0 1
    outer loop
      vertex -73.2616 128.431 4
      vertex -73.2718 128.431 4
      vertex -73.2619 128.429 4
    endloop
  endfacet
  facet normal 0 0 1
    outer loop
      vertex -73.2718 128.431 4
      vertex -73.262 128.428 4
      vertex -73.2619 128.429 4
    endloop
  endfacet
  facet normal 0 0 1
    outer loop
      vertex -73.3 128 4
      vertex -73.262 128.428 4
      vertex -73.2718 128.431 4
    endloop
  endfacet
  facet normal 0 0 1
    outer loop
      vertex -73.262 128.428 4
      vertex -73.3 128 4
      vertex -73.2901 128 4
    endloop
  endfacet
  facet normal 0 0 1
    outer loop
      vertex -66.738 127.572 4
      vertex -66.7 128 4
      vertex -66.7099 128 4
    endloop
  endfacet
  facet normal 0 0 1
    outer loop
      vertex -66.7 128 4
      vertex -66.738 127.572 4
      vertex -66.7282 127.569 4
    endloop
  endfacet
  facet normal -0 0 1
    outer loop
      vertex -66.7381 127.571 4
      vertex -66.7282 127.569 4
      vertex -66.738 127.572 4
    endloop
  endfacet
  facet normal 0 0 1
    outer loop
      vertex -66.7384 127.569 4
      vertex -66.7282 127.569 4
      vertex -66.7381 127.571 4
    endloop
  endfacet
  facet normal -0 0 1
    outer loop
      vertex -66.7384 127.569 4
      vertex -66.8124 127.146 4
      vertex -66.7282 127.569 4
    endloop
  endfacet
  facet normal -0 0 1
    outer loop
      vertex -66.822 127.148 4
      vertex -66.8124 127.146 4
      vertex -66.7384 127.569 4
    endloop
  endfacet
  facet normal 0 0 1
    outer loop
      vertex -66.9599 126.742 4
      vertex -66.8124 127.146 4
      vertex -66.822 127.148 4
    endloop
  endfacet
  facet normal 0 0 1
    outer loop
      vertex -66.8124 127.146 4
      vertex -66.9599 126.742 4
      vertex -66.9512 126.737 4
    endloop
  endfacet
  facet normal -0 0 1
    outer loop
      vertex -66.9604 126.741 4
      vertex -66.9512 126.737 4
      vertex -66.9599 126.742 4
    endloop
  endfacet
  facet normal 0 0 1
    outer loop
      vertex -67.1501 126.356 4
      vertex -66.9512 126.737 4
      vertex -66.9604 126.741 4
    endloop
  endfacet
  facet normal 0 0 1
    outer loop
      vertex -66.9512 126.737 4
      vertex -67.1501 126.356 4
      vertex -67.1421 126.35 4
    endloop
  endfacet
  facet normal -0 0 1
    outer loop
      vertex -67.1507 126.355 4
      vertex -67.1421 126.35 4
      vertex -67.1501 126.356 4
    endloop
  endfacet
  facet normal -0 0 1
    outer loop
      vertex -67.1515 126.354 4
      vertex -67.1421 126.35 4
      vertex -67.1507 126.355 4
    endloop
  endfacet
  facet normal 0 0 1
    outer loop
      vertex -67.1515 126.354 4
      vertex -67.3819 125.991 4
      vertex -67.1421 126.35 4
    endloop
  endfacet
  facet normal -0 0 1
    outer loop
      vertex -67.3898 125.997 4
      vertex -67.3819 125.991 4
      vertex -67.1515 126.354 4
    endloop
  endfacet
  facet normal 0 0 1
    outer loop
      vertex -67.6727 125.675 4
      vertex -67.3819 125.991 4
      vertex -67.3898 125.997 4
    endloop
  endfacet
  facet normal 0 0 1
    outer loop
      vertex -67.3819 125.991 4
      vertex -67.6727 125.675 4
      vertex -67.6665 125.667 4
    endloop
  endfacet
  facet normal -0 0 1
    outer loop
      vertex -67.6736 125.674 4
      vertex -67.6665 125.667 4
      vertex -67.6727 125.675 4
    endloop
  endfacet
  facet normal -0 0 1
    outer loop
      vertex -67.6746 125.673 4
      vertex -67.6665 125.667 4
      vertex -67.6736 125.674 4
    endloop
  endfacet
  facet normal 0 0 1
    outer loop
      vertex -67.6746 125.673 4
      vertex -67.9911 125.382 4
      vertex -67.6665 125.667 4
    endloop
  endfacet
  facet normal -0 0 1
    outer loop
      vertex -67.9971 125.39 4
      vertex -67.9911 125.382 4
      vertex -67.6746 125.673 4
    endloop
  endfacet
  facet normal 0 0 1
    outer loop
      vertex -68.3538 125.151 4
      vertex -67.9911 125.382 4
      vertex -67.9971 125.39 4
    endloop
  endfacet
  facet normal 0 0 1
    outer loop
      vertex -67.9911 125.382 4
      vertex -68.3538 125.151 4
      vertex -68.35 125.142 4
    endloop
  endfacet
  facet normal -0 0 1
    outer loop
      vertex -68.355 125.151 4
      vertex -68.35 125.142 4
      vertex -68.3538 125.151 4
    endloop
  endfacet
  facet normal -0 0 1
    outer loop
      vertex -68.3562 125.15 4
      vertex -68.35 125.142 4
      vertex -68.355 125.151 4
    endloop
  endfacet
  facet normal 0 0 1
    outer loop
      vertex -68.3562 125.15 4
      vertex -68.7371 124.951 4
      vertex -68.35 125.142 4
    endloop
  endfacet
  facet normal -0 0 1
    outer loop
      vertex -68.741 124.96 4
      vertex -68.7371 124.951 4
      vertex -68.3562 125.15 4
    endloop
  endfacet
  facet normal -0 0 1
    outer loop
      vertex -68.7423 124.96 4
      vertex -68.7371 124.951 4
      vertex -68.741 124.96 4
    endloop
  endfacet
  facet normal 0 0 1
    outer loop
      vertex -68.7423 124.96 4
      vertex -69.1459 124.812 4
      vertex -68.7371 124.951 4
    endloop
  endfacet
  facet normal -0 0 1
    outer loop
      vertex -69.1485 124.822 4
      vertex -69.1459 124.812 4
      vertex -68.7423 124.96 4
    endloop
  endfacet
  facet normal 0 0 1
    outer loop
      vertex -69.5692 124.738 4
      vertex -69.1459 124.812 4
      vertex -69.1485 124.822 4
    endloop
  endfacet
  facet normal -0 0 1
    outer loop
      vertex -69.5692 124.738 4
      vertex -69.5693 124.728 4
      vertex -69.1459 124.812 4
    endloop
  endfacet
  facet normal -0 0 1
    outer loop
      vertex -69.5706 124.738 4
      vertex -69.5693 124.728 4
      vertex -69.5692 124.738 4
    endloop
  endfacet
  facet normal -0 0 1
    outer loop
      vertex -69.5719 124.738 4
      vertex -69.5693 124.728 4
      vertex -69.5706 124.738 4
    endloop
  endfacet
  facet normal 0 0 1
    outer loop
      vertex -70 124.7 4
      vertex -69.5719 124.738 4
      vertex -70 124.71 4
    endloop
  endfacet
  facet normal 0 0 1
    outer loop
      vertex -69.5719 124.738 4
      vertex -70 124.7 4
      vertex -69.5693 124.728 4
    endloop
  endfacet
  facet normal 0 0 1
    outer loop
      vertex -70.4281 124.738 4
      vertex -70 124.7 4
      vertex -70 124.71 4
    endloop
  endfacet
  facet normal 0 0 1
    outer loop
      vertex -70.4307 124.728 4
      vertex -70.4281 124.738 4
      vertex -70.4294 124.738 4
    endloop
  endfacet
  facet normal 0 0 1
    outer loop
      vertex -70.4281 124.738 4
      vertex -70.4307 124.728 4
      vertex -70 124.7 4
    endloop
  endfacet
  facet normal -0 0 1
    outer loop
      vertex -70.4308 124.738 4
      vertex -70.4307 124.728 4
      vertex -70.4294 124.738 4
    endloop
  endfacet
  facet normal -0 0 1
    outer loop
      vertex -70.8541 124.812 4
      vertex -70.4308 124.738 4
      vertex -70.8515 124.822 4
    endloop
  endfacet
  facet normal 0 0 1
    outer loop
      vertex -70.4308 124.738 4
      vertex -70.8541 124.812 4
      vertex -70.4307 124.728 4
    endloop
  endfacet
  facet normal 0 0 1
    outer loop
      vertex -71.2577 124.96 4
      vertex -70.8541 124.812 4
      vertex -70.8515 124.822 4
    endloop
  endfacet
  facet normal 0 0 1
    outer loop
      vertex -71.2629 124.951 4
      vertex -71.2577 124.96 4
      vertex -71.259 124.96 4
    endloop
  endfacet
  facet normal 0 0 1
    outer loop
      vertex -71.2577 124.96 4
      vertex -71.2629 124.951 4
      vertex -70.8541 124.812 4
    endloop
  endfacet
  facet normal 0 0 1
    outer loop
      vertex -71.6438 125.15 4
      vertex -71.2629 124.951 4
      vertex -71.259 124.96 4
    endloop
  endfacet
  facet normal 0 0 1
    outer loop
      vertex -71.65 125.142 4
      vertex -71.6438 125.15 4
      vertex -71.645 125.151 4
    endloop
  endfacet
  facet normal 0 0 1
    outer loop
      vertex -71.6438 125.15 4
      vertex -71.65 125.142 4
      vertex -71.2629 124.951 4
    endloop
  endfacet
  facet normal -0 0 1
    outer loop
      vertex -71.6462 125.151 4
      vertex -71.65 125.142 4
      vertex -71.645 125.151 4
    endloop
  endfacet
  facet normal -0 0 1
    outer loop
      vertex -72.0089 125.382 4
      vertex -71.6462 125.151 4
      vertex -72.0029 125.39 4
    endloop
  endfacet
  facet normal 0 0 1
    outer loop
      vertex -71.6462 125.151 4
      vertex -72.0089 125.382 4
      vertex -71.65 125.142 4
    endloop
  endfacet
  facet normal 0 0 1
    outer loop
      vertex -72.3254 125.673 4
      vertex -72.0089 125.382 4
      vertex -72.0029 125.39 4
    endloop
  endfacet
  facet normal 0 0 1
    outer loop
      vertex -72.3335 125.667 4
      vertex -72.3254 125.673 4
      vertex -72.3264 125.674 4
    endloop
  endfacet
  facet normal 0 0 1
    outer loop
      vertex -72.3254 125.673 4
      vertex -72.3335 125.667 4
      vertex -72.0089 125.382 4
    endloop
  endfacet
  facet normal 0 0 1
    outer loop
      vertex -72.3273 125.675 4
      vertex -72.3335 125.667 4
      vertex -72.3264 125.674 4
    endloop
  endfacet
  facet normal -0 0 1
    outer loop
      vertex -72.6181 125.991 4
      vertex -72.3273 125.675 4
      vertex -72.6102 125.997 4
    endloop
  endfacet
  facet normal 0 0 1
    outer loop
      vertex -72.3273 125.675 4
      vertex -72.6181 125.991 4
      vertex -72.3335 125.667 4
    endloop
  endfacet
  facet normal 0 0 1
    outer loop
      vertex -72.8485 126.354 4
      vertex -72.6181 125.991 4
      vertex -72.6102 125.997 4
    endloop
  endfacet
  facet normal 0 0 1
    outer loop
      vertex -72.8579 126.35 4
      vertex -72.8485 126.354 4
      vertex -72.8493 126.355 4
    endloop
  endfacet
  facet normal 0 0 1
    outer loop
      vertex -72.8485 126.354 4
      vertex -72.8579 126.35 4
      vertex -72.6181 125.991 4
    endloop
  endfacet
  facet normal 0 0 1
    outer loop
      vertex -72.8499 126.356 4
      vertex -72.8579 126.35 4
      vertex -72.8493 126.355 4
    endloop
  endfacet
  facet normal -0 0 1
    outer loop
      vertex -73.0488 126.737 4
      vertex -72.8499 126.356 4
      vertex -73.0396 126.741 4
    endloop
  endfacet
  facet normal 0 0 1
    outer loop
      vertex -72.8499 126.356 4
      vertex -73.0488 126.737 4
      vertex -72.8579 126.35 4
    endloop
  endfacet
  facet normal 0 0 1
    outer loop
      vertex -73.0401 126.742 4
      vertex -73.0488 126.737 4
      vertex -73.0396 126.741 4
    endloop
  endfacet
  facet normal -0 0 1
    outer loop
      vertex -73.1876 127.146 4
      vertex -73.0401 126.742 4
      vertex -73.178 127.148 4
    endloop
  endfacet
  facet normal 0 0 1
    outer loop
      vertex -73.0401 126.742 4
      vertex -73.1876 127.146 4
      vertex -73.0488 126.737 4
    endloop
  endfacet
  facet normal 0 0 1
    outer loop
      vertex -73.2616 127.569 4
      vertex -73.1876 127.146 4
      vertex -73.178 127.148 4
    endloop
  endfacet
  facet normal 0 0 1
    outer loop
      vertex -73.2718 127.569 4
      vertex -73.2616 127.569 4
      vertex -73.2619 127.571 4
    endloop
  endfacet
  facet normal 0 0 1
    outer loop
      vertex -73.2616 127.569 4
      vertex -73.2718 127.569 4
      vertex -73.1876 127.146 4
    endloop
  endfacet
  facet normal 0 0 1
    outer loop
      vertex -73.262 127.572 4
      vertex -73.2718 127.569 4
      vertex -73.2619 127.571 4
    endloop
  endfacet
  facet normal -0 0 1
    outer loop
      vertex -73.3 128 4
      vertex -73.262 127.572 4
      vertex -73.2901 128 4
    endloop
  endfacet
  facet normal 0 0 1
    outer loop
      vertex -73.262 127.572 4
      vertex -73.3 128 4
      vertex -73.2718 127.569 4
    endloop
  endfacet
  facet normal -0 0 1
    outer loop
      vertex -115.405 0.42806 4
      vertex -115.367 0 4
      vertex -115.395 0.430736 4
    endloop
  endfacet
  facet normal 0 0 1
    outer loop
      vertex -115.367 0 4
      vertex -115.405 0.42806 4
      vertex -115.377 0 4
    endloop
  endfacet
  facet normal 0 0 1
    outer loop
      vertex -115.395 0.430736 4
      vertex -115.405 0.429439 4
      vertex -115.405 0.42806 4
    endloop
  endfacet
  facet normal 0 0 1
    outer loop
      vertex -115.395 0.430736 4
      vertex -115.405 0.430793 4
      vertex -115.405 0.429439 4
    endloop
  endfacet
  facet normal 0 0 1
    outer loop
      vertex -115.479 0.854102 4
      vertex -115.405 0.430793 4
      vertex -115.395 0.430736 4
    endloop
  endfacet
  facet normal 0 0 1
    outer loop
      vertex -115.479 0.854102 4
      vertex -115.489 0.85153 4
      vertex -115.405 0.430793 4
    endloop
  endfacet
  facet normal -0 0 1
    outer loop
      vertex -115.627 1.25774 4
      vertex -115.479 0.854102 4
      vertex -115.618 1.26285 4
    endloop
  endfacet
  facet normal 0 0 1
    outer loop
      vertex -115.479 0.854102 4
      vertex -115.627 1.25774 4
      vertex -115.489 0.85153 4
    endloop
  endfacet
  facet normal 0 0 1
    outer loop
      vertex -115.618 1.26285 4
      vertex -115.627 1.25905 4
      vertex -115.627 1.25774 4
    endloop
  endfacet
  facet normal -0 0 1
    outer loop
      vertex -115.817 1.64379 4
      vertex -115.618 1.26285 4
      vertex -115.809 1.65 4
    endloop
  endfacet
  facet normal 0 0 1
    outer loop
      vertex -115.618 1.26285 4
      vertex -115.817 1.64379 4
      vertex -115.627 1.25905 4
    endloop
  endfacet
  facet normal 0 0 1
    outer loop
      vertex -115.809 1.65 4
      vertex -115.817 1.64503 4
      vertex -115.817 1.64379 4
    endloop
  endfacet
  facet normal 0 0 1
    outer loop
      vertex -115.809 1.65 4
      vertex -115.818 1.64618 4
      vertex -115.817 1.64503 4
    endloop
  endfacet
  facet normal 0 0 1
    outer loop
      vertex -116.049 2.00891 4
      vertex -115.818 1.64618 4
      vertex -115.809 1.65 4
    endloop
  endfacet
  facet normal 0 0 1
    outer loop
      vertex -116.049 2.00891 4
      vertex -116.056 2.00286 4
      vertex -115.818 1.64618 4
    endloop
  endfacet
  facet normal -0 0 1
    outer loop
      vertex -116.339 2.32539 4
      vertex -116.049 2.00891 4
      vertex -116.333 2.33345 4
    endloop
  endfacet
  facet normal 0 0 1
    outer loop
      vertex -116.049 2.00891 4
      vertex -116.339 2.32539 4
      vertex -116.056 2.00286 4
    endloop
  endfacet
  facet normal 0 0 1
    outer loop
      vertex -116.333 2.33345 4
      vertex -116.34 2.32643 4
      vertex -116.339 2.32539 4
    endloop
  endfacet
  facet normal 0 0 1
    outer loop
      vertex -116.333 2.33345 4
      vertex -116.341 2.32734 4
      vertex -116.34 2.32643 4
    endloop
  endfacet
  facet normal 0 0 1
    outer loop
      vertex -116.658 2.61807 4
      vertex -116.341 2.32734 4
      vertex -116.333 2.33345 4
    endloop
  endfacet
  facet normal 0 0 1
    outer loop
      vertex -116.658 2.61807 4
      vertex -116.664 2.61018 4
      vertex -116.341 2.32734 4
    endloop
  endfacet
  facet normal -0 0 1
    outer loop
      vertex -117.02 2.84851 4
      vertex -116.658 2.61807 4
      vertex -117.017 2.85788 4
    endloop
  endfacet
  facet normal 0 0 1
    outer loop
      vertex -116.658 2.61807 4
      vertex -117.02 2.84851 4
      vertex -116.664 2.61018 4
    endloop
  endfacet
  facet normal 0 0 1
    outer loop
      vertex -117.017 2.85788 4
      vertex -117.022 2.84928 4
      vertex -117.02 2.84851 4
    endloop
  endfacet
  facet normal 0 0 1
    outer loop
      vertex -117.017 2.85788 4
      vertex -117.023 2.84989 4
      vertex -117.022 2.84928 4
    endloop
  endfacet
  facet normal 0 0 1
    outer loop
      vertex -117.404 3.0488 4
      vertex -117.023 2.84989 4
      vertex -117.017 2.85788 4
    endloop
  endfacet
  facet normal 0 0 1
    outer loop
      vertex -117.404 3.0488 4
      vertex -117.408 3.03962 4
      vertex -117.023 2.84989 4
    endloop
  endfacet
  facet normal 0 0 1
    outer loop
      vertex -117.404 3.0488 4
      vertex -117.409 3.04007 4
      vertex -117.408 3.03962 4
    endloop
  endfacet
  facet normal 0 0 1
    outer loop
      vertex -117.813 3.18755 4
      vertex -117.409 3.04007 4
      vertex -117.404 3.0488 4
    endloop
  endfacet
  facet normal 0 0 1
    outer loop
      vertex -117.813 3.18755 4
      vertex -117.815 3.17796 4
      vertex -117.409 3.04007 4
    endloop
  endfacet
  facet normal 0 0 1
    outer loop
      vertex -117.813 3.18755 4
      vertex -118.236 3.26165 4
      vertex -117.815 3.17796 4
    endloop
  endfacet
  facet normal 0 0 1
    outer loop
      vertex -118.236 3.27177 4
      vertex -118.236 3.26165 4
      vertex -117.813 3.18755 4
    endloop
  endfacet
  facet normal 0 0 1
    outer loop
      vertex -118.236 3.27177 4
      vertex -118.237 3.26192 4
      vertex -118.236 3.26165 4
    endloop
  endfacet
  facet normal 0 0 1
    outer loop
      vertex -118.236 3.27177 4
      vertex -118.239 3.26201 4
      vertex -118.237 3.26192 4
    endloop
  endfacet
  facet normal 0 0 1
    outer loop
      vertex -118.667 3.3 4
      vertex -118.239 3.26201 4
      vertex -118.236 3.27177 4
    endloop
  endfacet
  facet normal 0 0 1
    outer loop
      vertex -118.667 3.3 4
      vertex -118.667 3.29006 4
      vertex -118.239 3.26201 4
    endloop
  endfacet
  facet normal 0 0 1
    outer loop
      vertex -118.667 3.3 4
      vertex -119.095 3.26201 4
      vertex -118.667 3.29006 4
    endloop
  endfacet
  facet normal -0 0 1
    outer loop
      vertex -119.097 3.27177 4
      vertex -119.095 3.26201 4
      vertex -118.667 3.3 4
    endloop
  endfacet
  facet normal 0 0 1
    outer loop
      vertex -119.095 3.26201 4
      vertex -119.097 3.27177 4
      vertex -119.096 3.26192 4
    endloop
  endfacet
  facet normal 0 0 1
    outer loop
      vertex -119.097 3.27177 4
      vertex -119.097 3.26165 4
      vertex -119.096 3.26192 4
    endloop
  endfacet
  facet normal 0 0 1
    outer loop
      vertex -119.521 3.18755 4
      vertex -119.097 3.26165 4
      vertex -119.097 3.27177 4
    endloop
  endfacet
  facet normal 0 0 1
    outer loop
      vertex -119.097 3.26165 4
      vertex -119.521 3.18755 4
      vertex -119.518 3.17796 4
    endloop
  endfacet
  facet normal 0 0 1
    outer loop
      vertex -119.521 3.18755 4
      vertex -119.924 3.04007 4
      vertex -119.518 3.17796 4
    endloop
  endfacet
  facet normal -0 0 1
    outer loop
      vertex -119.93 3.0488 4
      vertex -119.924 3.04007 4
      vertex -119.521 3.18755 4
    endloop
  endfacet
  facet normal 0 0 1
    outer loop
      vertex -119.924 3.04007 4
      vertex -119.93 3.0488 4
      vertex -119.926 3.03962 4
    endloop
  endfacet
  facet normal 0 0 1
    outer loop
      vertex -119.93 3.0488 4
      vertex -120.31 2.84989 4
      vertex -119.926 3.03962 4
    endloop
  endfacet
  facet normal -0 0 1
    outer loop
      vertex -120.317 2.85788 4
      vertex -120.31 2.84989 4
      vertex -119.93 3.0488 4
    endloop
  endfacet
  facet normal 0 0 1
    outer loop
      vertex -120.31 2.84989 4
      vertex -120.317 2.85788 4
      vertex -120.312 2.84928 4
    endloop
  endfacet
  facet normal 0 0 1
    outer loop
      vertex -120.317 2.85788 4
      vertex -120.313 2.84851 4
      vertex -120.312 2.84928 4
    endloop
  endfacet
  facet normal 0 0 1
    outer loop
      vertex -120.676 2.61807 4
      vertex -120.313 2.84851 4
      vertex -120.317 2.85788 4
    endloop
  endfacet
  facet normal 0 0 1
    outer loop
      vertex -120.313 2.84851 4
      vertex -120.676 2.61807 4
      vertex -120.67 2.61018 4
    endloop
  endfacet
  facet normal 0 0 1
    outer loop
      vertex -120.676 2.61807 4
      vertex -120.992 2.32734 4
      vertex -120.67 2.61018 4
    endloop
  endfacet
  facet normal -0 0 1
    outer loop
      vertex -121 2.33345 4
      vertex -120.992 2.32734 4
      vertex -120.676 2.61807 4
    endloop
  endfacet
  facet normal 0 0 1
    outer loop
      vertex -120.992 2.32734 4
      vertex -121 2.33345 4
      vertex -120.993 2.32643 4
    endloop
  endfacet
  facet normal 0 0 1
    outer loop
      vertex -121 2.33345 4
      vertex -120.994 2.32539 4
      vertex -120.993 2.32643 4
    endloop
  endfacet
  facet normal 0 0 1
    outer loop
      vertex -121.285 2.00891 4
      vertex -120.994 2.32539 4
      vertex -121 2.33345 4
    endloop
  endfacet
  facet normal 0 0 1
    outer loop
      vertex -120.994 2.32539 4
      vertex -121.285 2.00891 4
      vertex -121.277 2.00286 4
    endloop
  endfacet
  facet normal 0 0 1
    outer loop
      vertex -121.285 2.00891 4
      vertex -121.515 1.64618 4
      vertex -121.277 2.00286 4
    endloop
  endfacet
  facet normal -0 0 1
    outer loop
      vertex -121.525 1.65 4
      vertex -121.515 1.64618 4
      vertex -121.285 2.00891 4
    endloop
  endfacet
  facet normal 0 0 1
    outer loop
      vertex -121.515 1.64618 4
      vertex -121.525 1.65 4
      vertex -121.516 1.64503 4
    endloop
  endfacet
  facet normal 0 0 1
    outer loop
      vertex -121.525 1.65 4
      vertex -121.517 1.64379 4
      vertex -121.516 1.64503 4
    endloop
  endfacet
  facet normal 0 0 1
    outer loop
      vertex -121.715 1.26285 4
      vertex -121.517 1.64379 4
      vertex -121.525 1.65 4
    endloop
  endfacet
  facet normal 0 0 1
    outer loop
      vertex -121.517 1.64379 4
      vertex -121.715 1.26285 4
      vertex -121.706 1.25905 4
    endloop
  endfacet
  facet normal 0 0 1
    outer loop
      vertex -121.715 1.26285 4
      vertex -121.707 1.25774 4
      vertex -121.706 1.25905 4
    endloop
  endfacet
  facet normal 0 0 1
    outer loop
      vertex -121.854 0.854102 4
      vertex -121.707 1.25774 4
      vertex -121.715 1.26285 4
    endloop
  endfacet
  facet normal 0 0 1
    outer loop
      vertex -121.707 1.25774 4
      vertex -121.854 0.854102 4
      vertex -121.845 0.85153 4
    endloop
  endfacet
  facet normal 0 0 1
    outer loop
      vertex -121.854 0.854102 4
      vertex -121.928 0.430793 4
      vertex -121.845 0.85153 4
    endloop
  endfacet
  facet normal 0 0 1
    outer loop
      vertex -121.938 0.430736 4
      vertex -121.928 0.430793 4
      vertex -121.854 0.854102 4
    endloop
  endfacet
  facet normal 0 0 1
    outer loop
      vertex -121.928 0.430793 4
      vertex -121.938 0.430736 4
      vertex -121.929 0.429439 4
    endloop
  endfacet
  facet normal 0 0 1
    outer loop
      vertex -121.938 0.430736 4
      vertex -121.929 0.42806 4
      vertex -121.929 0.429439 4
    endloop
  endfacet
  facet normal 0 0 1
    outer loop
      vertex -121.967 0 4
      vertex -121.929 0.42806 4
      vertex -121.938 0.430736 4
    endloop
  endfacet
  facet normal 0 0 1
    outer loop
      vertex -121.929 0.42806 4
      vertex -121.967 0 4
      vertex -121.957 0 4
    endloop
  endfacet
  facet normal 0 0 1
    outer loop
      vertex -115.405 -0.42806 4
      vertex -115.367 0 4
      vertex -115.377 0 4
    endloop
  endfacet
  facet normal 0 0 1
    outer loop
      vertex -115.367 0 4
      vertex -115.405 -0.42806 4
      vertex -115.395 -0.430736 4
    endloop
  endfacet
  facet normal -0 0 1
    outer loop
      vertex -115.405 -0.429439 4
      vertex -115.395 -0.430736 4
      vertex -115.405 -0.42806 4
    endloop
  endfacet
  facet normal 0 0 1
    outer loop
      vertex -115.405 -0.430793 4
      vertex -115.395 -0.430736 4
      vertex -115.405 -0.429439 4
    endloop
  endfacet
  facet normal -0 0 1
    outer loop
      vertex -115.405 -0.430793 4
      vertex -115.479 -0.854102 4
      vertex -115.395 -0.430736 4
    endloop
  endfacet
  facet normal -0 0 1
    outer loop
      vertex -115.489 -0.85153 4
      vertex -115.479 -0.854102 4
      vertex -115.405 -0.430793 4
    endloop
  endfacet
  facet normal 0 0 1
    outer loop
      vertex -115.627 -1.25774 4
      vertex -115.479 -0.854102 4
      vertex -115.489 -0.85153 4
    endloop
  endfacet
  facet normal 0 0 1
    outer loop
      vertex -115.479 -0.854102 4
      vertex -115.627 -1.25774 4
      vertex -115.618 -1.26285 4
    endloop
  endfacet
  facet normal -0 0 1
    outer loop
      vertex -115.627 -1.25905 4
      vertex -115.618 -1.26285 4
      vertex -115.627 -1.25774 4
    endloop
  endfacet
  facet normal 0 0 1
    outer loop
      vertex -115.817 -1.64379 4
      vertex -115.618 -1.26285 4
      vertex -115.627 -1.25905 4
    endloop
  endfacet
  facet normal 0 0 1
    outer loop
      vertex -115.618 -1.26285 4
      vertex -115.817 -1.64379 4
      vertex -115.809 -1.65 4
    endloop
  endfacet
  facet normal -0 0 1
    outer loop
      vertex -115.817 -1.64503 4
      vertex -115.809 -1.65 4
      vertex -115.817 -1.64379 4
    endloop
  endfacet
  facet normal -0 0 1
    outer loop
      vertex -115.818 -1.64618 4
      vertex -115.809 -1.65 4
      vertex -115.817 -1.64503 4
    endloop
  endfacet
  facet normal 0 0 1
    outer loop
      vertex -115.818 -1.64618 4
      vertex -116.049 -2.00891 4
      vertex -115.809 -1.65 4
    endloop
  endfacet
  facet normal -0 0 1
    outer loop
      vertex -116.056 -2.00286 4
      vertex -116.049 -2.00891 4
      vertex -115.818 -1.64618 4
    endloop
  endfacet
  facet normal 0 0 1
    outer loop
      vertex -116.339 -2.32539 4
      vertex -116.049 -2.00891 4
      vertex -116.056 -2.00286 4
    endloop
  endfacet
  facet normal 0 0 1
    outer loop
      vertex -116.049 -2.00891 4
      vertex -116.339 -2.32539 4
      vertex -116.333 -2.33345 4
    endloop
  endfacet
  facet normal -0 0 1
    outer loop
      vertex -116.34 -2.32643 4
      vertex -116.333 -2.33345 4
      vertex -116.339 -2.32539 4
    endloop
  endfacet
  facet normal -0 0 1
    outer loop
      vertex -116.341 -2.32734 4
      vertex -116.333 -2.33345 4
      vertex -116.34 -2.32643 4
    endloop
  endfacet
  facet normal 0 0 1
    outer loop
      vertex -116.341 -2.32734 4
      vertex -116.658 -2.61807 4
      vertex -116.333 -2.33345 4
    endloop
  endfacet
  facet normal -0 0 1
    outer loop
      vertex -116.664 -2.61018 4
      vertex -116.658 -2.61807 4
      vertex -116.341 -2.32734 4
    endloop
  endfacet
  facet normal 0 0 1
    outer loop
      vertex -117.02 -2.84851 4
      vertex -116.658 -2.61807 4
      vertex -116.664 -2.61018 4
    endloop
  endfacet
  facet normal 0 0 1
    outer loop
      vertex -116.658 -2.61807 4
      vertex -117.02 -2.84851 4
      vertex -117.017 -2.85788 4
    endloop
  endfacet
  facet normal -0 0 1
    outer loop
      vertex -117.022 -2.84928 4
      vertex -117.017 -2.85788 4
      vertex -117.02 -2.84851 4
    endloop
  endfacet
  facet normal -0 0 1
    outer loop
      vertex -117.023 -2.84989 4
      vertex -117.017 -2.85788 4
      vertex -117.022 -2.84928 4
    endloop
  endfacet
  facet normal 0 0 1
    outer loop
      vertex -117.023 -2.84989 4
      vertex -117.404 -3.0488 4
      vertex -117.017 -2.85788 4
    endloop
  endfacet
  facet normal -0 0 1
    outer loop
      vertex -117.408 -3.03962 4
      vertex -117.404 -3.0488 4
      vertex -117.023 -2.84989 4
    endloop
  endfacet
  facet normal -0 0 1
    outer loop
      vertex -117.409 -3.04007 4
      vertex -117.404 -3.0488 4
      vertex -117.408 -3.03962 4
    endloop
  endfacet
  facet normal 0 0 1
    outer loop
      vertex -117.409 -3.04007 4
      vertex -117.813 -3.18755 4
      vertex -117.404 -3.0488 4
    endloop
  endfacet
  facet normal -0 0 1
    outer loop
      vertex -117.815 -3.17796 4
      vertex -117.813 -3.18755 4
      vertex -117.409 -3.04007 4
    endloop
  endfacet
  facet normal 0 0 1
    outer loop
      vertex -118.236 -3.26165 4
      vertex -117.813 -3.18755 4
      vertex -117.815 -3.17796 4
    endloop
  endfacet
  facet normal -0 0 1
    outer loop
      vertex -118.236 -3.26165 4
      vertex -118.236 -3.27177 4
      vertex -117.813 -3.18755 4
    endloop
  endfacet
  facet normal -0 0 1
    outer loop
      vertex -118.237 -3.26192 4
      vertex -118.236 -3.27177 4
      vertex -118.236 -3.26165 4
    endloop
  endfacet
  facet normal -0 0 1
    outer loop
      vertex -118.239 -3.26201 4
      vertex -118.236 -3.27177 4
      vertex -118.237 -3.26192 4
    endloop
  endfacet
  facet normal 0 0 1
    outer loop
      vertex -118.667 -3.3 4
      vertex -118.239 -3.26201 4
      vertex -118.667 -3.29006 4
    endloop
  endfacet
  facet normal 0 0 1
    outer loop
      vertex -118.239 -3.26201 4
      vertex -118.667 -3.3 4
      vertex -118.236 -3.27177 4
    endloop
  endfacet
  facet normal 0 0 1
    outer loop
      vertex -119.095 -3.26201 4
      vertex -118.667 -3.3 4
      vertex -118.667 -3.29006 4
    endloop
  endfacet
  facet normal 0 0 1
    outer loop
      vertex -119.097 -3.27177 4
      vertex -119.095 -3.26201 4
      vertex -119.096 -3.26192 4
    endloop
  endfacet
  facet normal 0 0 1
    outer loop
      vertex -119.095 -3.26201 4
      vertex -119.097 -3.27177 4
      vertex -118.667 -3.3 4
    endloop
  endfacet
  facet normal 0 0 1
    outer loop
      vertex -119.097 -3.26165 4
      vertex -119.097 -3.27177 4
      vertex -119.096 -3.26192 4
    endloop
  endfacet
  facet normal -0 0 1
    outer loop
      vertex -119.521 -3.18755 4
      vertex -119.097 -3.26165 4
      vertex -119.518 -3.17796 4
    endloop
  endfacet
  facet normal 0 0 1
    outer loop
      vertex -119.097 -3.26165 4
      vertex -119.521 -3.18755 4
      vertex -119.097 -3.27177 4
    endloop
  endfacet
  facet normal 0 0 1
    outer loop
      vertex -119.924 -3.04007 4
      vertex -119.521 -3.18755 4
      vertex -119.518 -3.17796 4
    endloop
  endfacet
  facet normal 0 0 1
    outer loop
      vertex -119.93 -3.0488 4
      vertex -119.924 -3.04007 4
      vertex -119.926 -3.03962 4
    endloop
  endfacet
  facet normal 0 0 1
    outer loop
      vertex -119.924 -3.04007 4
      vertex -119.93 -3.0488 4
      vertex -119.521 -3.18755 4
    endloop
  endfacet
  facet normal 0 0 1
    outer loop
      vertex -120.31 -2.84989 4
      vertex -119.93 -3.0488 4
      vertex -119.926 -3.03962 4
    endloop
  endfacet
  facet normal 0 0 1
    outer loop
      vertex -120.317 -2.85788 4
      vertex -120.31 -2.84989 4
      vertex -120.312 -2.84928 4
    endloop
  endfacet
  facet normal 0 0 1
    outer loop
      vertex -120.31 -2.84989 4
      vertex -120.317 -2.85788 4
      vertex -119.93 -3.0488 4
    endloop
  endfacet
  facet normal 0 0 1
    outer loop
      vertex -120.313 -2.84851 4
      vertex -120.317 -2.85788 4
      vertex -120.312 -2.84928 4
    endloop
  endfacet
  facet normal -0 0 1
    outer loop
      vertex -120.676 -2.61807 4
      vertex -120.313 -2.84851 4
      vertex -120.67 -2.61018 4
    endloop
  endfacet
  facet normal 0 0 1
    outer loop
      vertex -120.313 -2.84851 4
      vertex -120.676 -2.61807 4
      vertex -120.317 -2.85788 4
    endloop
  endfacet
  facet normal 0 0 1
    outer loop
      vertex -120.992 -2.32734 4
      vertex -120.676 -2.61807 4
      vertex -120.67 -2.61018 4
    endloop
  endfacet
  facet normal 0 0 1
    outer loop
      vertex -121 -2.33345 4
      vertex -120.992 -2.32734 4
      vertex -120.993 -2.32643 4
    endloop
  endfacet
  facet normal 0 0 1
    outer loop
      vertex -120.992 -2.32734 4
      vertex -121 -2.33345 4
      vertex -120.676 -2.61807 4
    endloop
  endfacet
  facet normal 0 0 1
    outer loop
      vertex -120.994 -2.32539 4
      vertex -121 -2.33345 4
      vertex -120.993 -2.32643 4
    endloop
  endfacet
  facet normal -0 0 1
    outer loop
      vertex -121.285 -2.00891 4
      vertex -120.994 -2.32539 4
      vertex -121.277 -2.00286 4
    endloop
  endfacet
  facet normal 0 0 1
    outer loop
      vertex -120.994 -2.32539 4
      vertex -121.285 -2.00891 4
      vertex -121 -2.33345 4
    endloop
  endfacet
  facet normal 0 0 1
    outer loop
      vertex -121.515 -1.64618 4
      vertex -121.285 -2.00891 4
      vertex -121.277 -2.00286 4
    endloop
  endfacet
  facet normal 0 0 1
    outer loop
      vertex -121.525 -1.65 4
      vertex -121.515 -1.64618 4
      vertex -121.516 -1.64503 4
    endloop
  endfacet
  facet normal 0 0 1
    outer loop
      vertex -121.515 -1.64618 4
      vertex -121.525 -1.65 4
      vertex -121.285 -2.00891 4
    endloop
  endfacet
  facet normal 0 0 1
    outer loop
      vertex -121.517 -1.64379 4
      vertex -121.525 -1.65 4
      vertex -121.516 -1.64503 4
    endloop
  endfacet
  facet normal -0 0 1
    outer loop
      vertex -121.715 -1.26285 4
      vertex -121.517 -1.64379 4
      vertex -121.706 -1.25905 4
    endloop
  endfacet
  facet normal 0 0 1
    outer loop
      vertex -121.517 -1.64379 4
      vertex -121.715 -1.26285 4
      vertex -121.525 -1.65 4
    endloop
  endfacet
  facet normal 0 0 1
    outer loop
      vertex -121.707 -1.25774 4
      vertex -121.715 -1.26285 4
      vertex -121.706 -1.25905 4
    endloop
  endfacet
  facet normal -0 0 1
    outer loop
      vertex -121.854 -0.854102 4
      vertex -121.707 -1.25774 4
      vertex -121.845 -0.85153 4
    endloop
  endfacet
  facet normal 0 0 1
    outer loop
      vertex -121.707 -1.25774 4
      vertex -121.854 -0.854102 4
      vertex -121.715 -1.26285 4
    endloop
  endfacet
  facet normal 0 0 1
    outer loop
      vertex -121.928 -0.430793 4
      vertex -121.854 -0.854102 4
      vertex -121.845 -0.85153 4
    endloop
  endfacet
  facet normal -0 0 1
    outer loop
      vertex -121.938 -0.430736 4
      vertex -121.928 -0.430793 4
      vertex -121.929 -0.429439 4
    endloop
  endfacet
  facet normal 0 0 1
    outer loop
      vertex -121.928 -0.430793 4
      vertex -121.938 -0.430736 4
      vertex -121.854 -0.854102 4
    endloop
  endfacet
  facet normal 0 0 1
    outer loop
      vertex -121.929 -0.42806 4
      vertex -121.938 -0.430736 4
      vertex -121.929 -0.429439 4
    endloop
  endfacet
  facet normal -0 0 1
    outer loop
      vertex -121.967 0 4
      vertex -121.929 -0.42806 4
      vertex -121.957 0 4
    endloop
  endfacet
  facet normal 0 0 1
    outer loop
      vertex -121.929 -0.42806 4
      vertex -121.967 0 4
      vertex -121.938 -0.430736 4
    endloop
  endfacet
  facet normal -0 0 1
    outer loop
      vertex -56.0713 0.42806 4
      vertex -56.0333 0 4
      vertex -56.0616 0.430736 4
    endloop
  endfacet
  facet normal 0 0 1
    outer loop
      vertex -56.0333 0 4
      vertex -56.0713 0.42806 4
      vertex -56.0433 0 4
    endloop
  endfacet
  facet normal 0 0 1
    outer loop
      vertex -56.0616 0.430736 4
      vertex -56.0714 0.429439 4
      vertex -56.0713 0.42806 4
    endloop
  endfacet
  facet normal 0 0 1
    outer loop
      vertex -56.0616 0.430736 4
      vertex -56.0717 0.430793 4
      vertex -56.0714 0.429439 4
    endloop
  endfacet
  facet normal 0 0 1
    outer loop
      vertex -56.1458 0.854102 4
      vertex -56.0717 0.430793 4
      vertex -56.0616 0.430736 4
    endloop
  endfacet
  facet normal 0 0 1
    outer loop
      vertex -56.1458 0.854102 4
      vertex -56.1554 0.85153 4
      vertex -56.0717 0.430793 4
    endloop
  endfacet
  facet normal -0 0 1
    outer loop
      vertex -56.2933 1.25774 4
      vertex -56.1458 0.854102 4
      vertex -56.2845 1.26285 4
    endloop
  endfacet
  facet normal 0 0 1
    outer loop
      vertex -56.1458 0.854102 4
      vertex -56.2933 1.25774 4
      vertex -56.1554 0.85153 4
    endloop
  endfacet
  facet normal 0 0 1
    outer loop
      vertex -56.2845 1.26285 4
      vertex -56.2937 1.25905 4
      vertex -56.2933 1.25774 4
    endloop
  endfacet
  facet normal -0 0 1
    outer loop
      vertex -56.4834 1.64379 4
      vertex -56.2845 1.26285 4
      vertex -56.4754 1.65 4
    endloop
  endfacet
  facet normal 0 0 1
    outer loop
      vertex -56.2845 1.26285 4
      vertex -56.4834 1.64379 4
      vertex -56.2937 1.25905 4
    endloop
  endfacet
  facet normal 0 0 1
    outer loop
      vertex -56.4754 1.65 4
      vertex -56.4841 1.64503 4
      vertex -56.4834 1.64379 4
    endloop
  endfacet
  facet normal 0 0 1
    outer loop
      vertex -56.4754 1.65 4
      vertex -56.4848 1.64618 4
      vertex -56.4841 1.64503 4
    endloop
  endfacet
  facet normal 0 0 1
    outer loop
      vertex -56.7153 2.00891 4
      vertex -56.4848 1.64618 4
      vertex -56.4754 1.65 4
    endloop
  endfacet
  facet normal 0 0 1
    outer loop
      vertex -56.7153 2.00891 4
      vertex -56.7232 2.00286 4
      vertex -56.4848 1.64618 4
    endloop
  endfacet
  facet normal -0 0 1
    outer loop
      vertex -57.006 2.32539 4
      vertex -56.7153 2.00891 4
      vertex -56.9999 2.33345 4
    endloop
  endfacet
  facet normal 0 0 1
    outer loop
      vertex -56.7153 2.00891 4
      vertex -57.006 2.32539 4
      vertex -56.7232 2.00286 4
    endloop
  endfacet
  facet normal 0 0 1
    outer loop
      vertex -56.9999 2.33345 4
      vertex -57.0069 2.32643 4
      vertex -57.006 2.32539 4
    endloop
  endfacet
  facet normal 0 0 1
    outer loop
      vertex -56.9999 2.33345 4
      vertex -57.0079 2.32734 4
      vertex -57.0069 2.32643 4
    endloop
  endfacet
  facet normal 0 0 1
    outer loop
      vertex -57.3244 2.61807 4
      vertex -57.0079 2.32734 4
      vertex -56.9999 2.33345 4
    endloop
  endfacet
  facet normal 0 0 1
    outer loop
      vertex -57.3244 2.61807 4
      vertex -57.3305 2.61018 4
      vertex -57.0079 2.32734 4
    endloop
  endfacet
  facet normal -0 0 1
    outer loop
      vertex -57.6872 2.84851 4
      vertex -57.3244 2.61807 4
      vertex -57.6833 2.85788 4
    endloop
  endfacet
  facet normal 0 0 1
    outer loop
      vertex -57.3244 2.61807 4
      vertex -57.6872 2.84851 4
      vertex -57.3305 2.61018 4
    endloop
  endfacet
  facet normal 0 0 1
    outer loop
      vertex -57.6833 2.85788 4
      vertex -57.6883 2.84928 4
      vertex -57.6872 2.84851 4
    endloop
  endfacet
  facet normal 0 0 1
    outer loop
      vertex -57.6833 2.85788 4
      vertex -57.6895 2.84989 4
      vertex -57.6883 2.84928 4
    endloop
  endfacet
  facet normal 0 0 1
    outer loop
      vertex -58.0705 3.0488 4
      vertex -57.6895 2.84989 4
      vertex -57.6833 2.85788 4
    endloop
  endfacet
  facet normal 0 0 1
    outer loop
      vertex -58.0705 3.0488 4
      vertex -58.0743 3.03962 4
      vertex -57.6895 2.84989 4
    endloop
  endfacet
  facet normal 0 0 1
    outer loop
      vertex -58.0705 3.0488 4
      vertex -58.0756 3.04007 4
      vertex -58.0743 3.03962 4
    endloop
  endfacet
  facet normal 0 0 1
    outer loop
      vertex -58.4792 3.18755 4
      vertex -58.0756 3.04007 4
      vertex -58.0705 3.0488 4
    endloop
  endfacet
  facet normal 0 0 1
    outer loop
      vertex -58.4792 3.18755 4
      vertex -58.4818 3.17796 4
      vertex -58.0756 3.04007 4
    endloop
  endfacet
  facet normal 0 0 1
    outer loop
      vertex -58.4792 3.18755 4
      vertex -58.9025 3.26165 4
      vertex -58.4818 3.17796 4
    endloop
  endfacet
  facet normal 0 0 1
    outer loop
      vertex -58.9026 3.27177 4
      vertex -58.9025 3.26165 4
      vertex -58.4792 3.18755 4
    endloop
  endfacet
  facet normal 0 0 1
    outer loop
      vertex -58.9026 3.27177 4
      vertex -58.9039 3.26192 4
      vertex -58.9025 3.26165 4
    endloop
  endfacet
  facet normal 0 0 1
    outer loop
      vertex -58.9026 3.27177 4
      vertex -58.9053 3.26201 4
      vertex -58.9039 3.26192 4
    endloop
  endfacet
  facet normal 0 0 1
    outer loop
      vertex -59.3333 3.3 4
      vertex -58.9053 3.26201 4
      vertex -58.9026 3.27177 4
    endloop
  endfacet
  facet normal 0 0 1
    outer loop
      vertex -59.3333 3.3 4
      vertex -59.3333 3.29006 4
      vertex -58.9053 3.26201 4
    endloop
  endfacet
  facet normal 0 0 1
    outer loop
      vertex -59.3333 3.3 4
      vertex -59.7614 3.26201 4
      vertex -59.3333 3.29006 4
    endloop
  endfacet
  facet normal -0 0 1
    outer loop
      vertex -59.7641 3.27177 4
      vertex -59.7614 3.26201 4
      vertex -59.3333 3.3 4
    endloop
  endfacet
  facet normal 0 0 1
    outer loop
      vertex -59.7614 3.26201 4
      vertex -59.7641 3.27177 4
      vertex -59.7628 3.26192 4
    endloop
  endfacet
  facet normal 0 0 1
    outer loop
      vertex -59.7641 3.27177 4
      vertex -59.7641 3.26165 4
      vertex -59.7628 3.26192 4
    endloop
  endfacet
  facet normal 0 0 1
    outer loop
      vertex -60.1874 3.18755 4
      vertex -59.7641 3.26165 4
      vertex -59.7641 3.27177 4
    endloop
  endfacet
  facet normal 0 0 1
    outer loop
      vertex -59.7641 3.26165 4
      vertex -60.1874 3.18755 4
      vertex -60.1849 3.17796 4
    endloop
  endfacet
  facet normal 0 0 1
    outer loop
      vertex -60.1874 3.18755 4
      vertex -60.5911 3.04007 4
      vertex -60.1849 3.17796 4
    endloop
  endfacet
  facet normal -0 0 1
    outer loop
      vertex -60.5962 3.0488 4
      vertex -60.5911 3.04007 4
      vertex -60.1874 3.18755 4
    endloop
  endfacet
  facet normal 0 0 1
    outer loop
      vertex -60.5911 3.04007 4
      vertex -60.5962 3.0488 4
      vertex -60.5924 3.03962 4
    endloop
  endfacet
  facet normal 0 0 1
    outer loop
      vertex -60.5962 3.0488 4
      vertex -60.9771 2.84989 4
      vertex -60.5924 3.03962 4
    endloop
  endfacet
  facet normal -0 0 1
    outer loop
      vertex -60.9833 2.85788 4
      vertex -60.9771 2.84989 4
      vertex -60.5962 3.0488 4
    endloop
  endfacet
  facet normal 0 0 1
    outer loop
      vertex -60.9771 2.84989 4
      vertex -60.9833 2.85788 4
      vertex -60.9784 2.84928 4
    endloop
  endfacet
  facet normal 0 0 1
    outer loop
      vertex -60.9833 2.85788 4
      vertex -60.9795 2.84851 4
      vertex -60.9784 2.84928 4
    endloop
  endfacet
  facet normal 0 0 1
    outer loop
      vertex -61.3422 2.61807 4
      vertex -60.9795 2.84851 4
      vertex -60.9833 2.85788 4
    endloop
  endfacet
  facet normal 0 0 1
    outer loop
      vertex -60.9795 2.84851 4
      vertex -61.3422 2.61807 4
      vertex -61.3362 2.61018 4
    endloop
  endfacet
  facet normal 0 0 1
    outer loop
      vertex -61.3422 2.61807 4
      vertex -61.6587 2.32734 4
      vertex -61.3362 2.61018 4
    endloop
  endfacet
  facet normal -0 0 1
    outer loop
      vertex -61.6668 2.33345 4
      vertex -61.6587 2.32734 4
      vertex -61.3422 2.61807 4
    endloop
  endfacet
  facet normal 0 0 1
    outer loop
      vertex -61.6587 2.32734 4
      vertex -61.6668 2.33345 4
      vertex -61.6598 2.32643 4
    endloop
  endfacet
  facet normal 0 0 1
    outer loop
      vertex -61.6668 2.33345 4
      vertex -61.6607 2.32539 4
      vertex -61.6598 2.32643 4
    endloop
  endfacet
  facet normal 0 0 1
    outer loop
      vertex -61.9514 2.00891 4
      vertex -61.6607 2.32539 4
      vertex -61.6668 2.33345 4
    endloop
  endfacet
  facet normal 0 0 1
    outer loop
      vertex -61.6607 2.32539 4
      vertex -61.9514 2.00891 4
      vertex -61.9435 2.00286 4
    endloop
  endfacet
  facet normal 0 0 1
    outer loop
      vertex -61.9514 2.00891 4
      vertex -62.1818 1.64618 4
      vertex -61.9435 2.00286 4
    endloop
  endfacet
  facet normal -0 0 1
    outer loop
      vertex -62.1912 1.65 4
      vertex -62.1818 1.64618 4
      vertex -61.9514 2.00891 4
    endloop
  endfacet
  facet normal 0 0 1
    outer loop
      vertex -62.1818 1.64618 4
      vertex -62.1912 1.65 4
      vertex -62.1826 1.64503 4
    endloop
  endfacet
  facet normal 0 0 1
    outer loop
      vertex -62.1912 1.65 4
      vertex -62.1832 1.64379 4
      vertex -62.1826 1.64503 4
    endloop
  endfacet
  facet normal 0 0 1
    outer loop
      vertex -62.3821 1.26285 4
      vertex -62.1832 1.64379 4
      vertex -62.1912 1.65 4
    endloop
  endfacet
  facet normal 0 0 1
    outer loop
      vertex -62.1832 1.64379 4
      vertex -62.3821 1.26285 4
      vertex -62.373 1.25905 4
    endloop
  endfacet
  facet normal 0 0 1
    outer loop
      vertex -62.3821 1.26285 4
      vertex -62.3734 1.25774 4
      vertex -62.373 1.25905 4
    endloop
  endfacet
  facet normal 0 0 1
    outer loop
      vertex -62.5209 0.854102 4
      vertex -62.3734 1.25774 4
      vertex -62.3821 1.26285 4
    endloop
  endfacet
  facet normal 0 0 1
    outer loop
      vertex -62.3734 1.25774 4
      vertex -62.5209 0.854102 4
      vertex -62.5113 0.85153 4
    endloop
  endfacet
  facet normal 0 0 1
    outer loop
      vertex -62.5209 0.854102 4
      vertex -62.595 0.430793 4
      vertex -62.5113 0.85153 4
    endloop
  endfacet
  facet normal 0 0 1
    outer loop
      vertex -62.6051 0.430736 4
      vertex -62.595 0.430793 4
      vertex -62.5209 0.854102 4
    endloop
  endfacet
  facet normal 0 0 1
    outer loop
      vertex -62.595 0.430793 4
      vertex -62.6051 0.430736 4
      vertex -62.5952 0.429439 4
    endloop
  endfacet
  facet normal 0 0 1
    outer loop
      vertex -62.6051 0.430736 4
      vertex -62.5953 0.42806 4
      vertex -62.5952 0.429439 4
    endloop
  endfacet
  facet normal 0 0 1
    outer loop
      vertex -62.6333 0 4
      vertex -62.5953 0.42806 4
      vertex -62.6051 0.430736 4
    endloop
  endfacet
  facet normal 0 0 1
    outer loop
      vertex -62.5953 0.42806 4
      vertex -62.6333 0 4
      vertex -62.6234 0 4
    endloop
  endfacet
  facet normal 0 0 1
    outer loop
      vertex -56.0713 -0.42806 4
      vertex -56.0333 0 4
      vertex -56.0433 0 4
    endloop
  endfacet
  facet normal 0 0 1
    outer loop
      vertex -56.0333 0 4
      vertex -56.0713 -0.42806 4
      vertex -56.0616 -0.430736 4
    endloop
  endfacet
  facet normal -0 0 1
    outer loop
      vertex -56.0714 -0.429439 4
      vertex -56.0616 -0.430736 4
      vertex -56.0713 -0.42806 4
    endloop
  endfacet
  facet normal 0 0 1
    outer loop
      vertex -56.0717 -0.430793 4
      vertex -56.0616 -0.430736 4
      vertex -56.0714 -0.429439 4
    endloop
  endfacet
  facet normal -0 0 1
    outer loop
      vertex -56.0717 -0.430793 4
      vertex -56.1458 -0.854102 4
      vertex -56.0616 -0.430736 4
    endloop
  endfacet
  facet normal -0 0 1
    outer loop
      vertex -56.1554 -0.85153 4
      vertex -56.1458 -0.854102 4
      vertex -56.0717 -0.430793 4
    endloop
  endfacet
  facet normal 0 0 1
    outer loop
      vertex -56.2933 -1.25774 4
      vertex -56.1458 -0.854102 4
      vertex -56.1554 -0.85153 4
    endloop
  endfacet
  facet normal 0 0 1
    outer loop
      vertex -56.1458 -0.854102 4
      vertex -56.2933 -1.25774 4
      vertex -56.2845 -1.26285 4
    endloop
  endfacet
  facet normal -0 0 1
    outer loop
      vertex -56.2937 -1.25905 4
      vertex -56.2845 -1.26285 4
      vertex -56.2933 -1.25774 4
    endloop
  endfacet
  facet normal 0 0 1
    outer loop
      vertex -56.4834 -1.64379 4
      vertex -56.2845 -1.26285 4
      vertex -56.2937 -1.25905 4
    endloop
  endfacet
  facet normal 0 0 1
    outer loop
      vertex -56.2845 -1.26285 4
      vertex -56.4834 -1.64379 4
      vertex -56.4754 -1.65 4
    endloop
  endfacet
  facet normal -0 0 1
    outer loop
      vertex -56.4841 -1.64503 4
      vertex -56.4754 -1.65 4
      vertex -56.4834 -1.64379 4
    endloop
  endfacet
  facet normal -0 0 1
    outer loop
      vertex -56.4848 -1.64618 4
      vertex -56.4754 -1.65 4
      vertex -56.4841 -1.64503 4
    endloop
  endfacet
  facet normal 0 0 1
    outer loop
      vertex -56.4848 -1.64618 4
      vertex -56.7153 -2.00891 4
      vertex -56.4754 -1.65 4
    endloop
  endfacet
  facet normal -0 0 1
    outer loop
      vertex -56.7232 -2.00286 4
      vertex -56.7153 -2.00891 4
      vertex -56.4848 -1.64618 4
    endloop
  endfacet
  facet normal 0 0 1
    outer loop
      vertex -57.006 -2.32539 4
      vertex -56.7153 -2.00891 4
      vertex -56.7232 -2.00286 4
    endloop
  endfacet
  facet normal 0 0 1
    outer loop
      vertex -56.7153 -2.00891 4
      vertex -57.006 -2.32539 4
      vertex -56.9999 -2.33345 4
    endloop
  endfacet
  facet normal -0 0 1
    outer loop
      vertex -57.0069 -2.32643 4
      vertex -56.9999 -2.33345 4
      vertex -57.006 -2.32539 4
    endloop
  endfacet
  facet normal -0 0 1
    outer loop
      vertex -57.0079 -2.32734 4
      vertex -56.9999 -2.33345 4
      vertex -57.0069 -2.32643 4
    endloop
  endfacet
  facet normal 0 0 1
    outer loop
      vertex -57.0079 -2.32734 4
      vertex -57.3244 -2.61807 4
      vertex -56.9999 -2.33345 4
    endloop
  endfacet
  facet normal -0 0 1
    outer loop
      vertex -57.3305 -2.61018 4
      vertex -57.3244 -2.61807 4
      vertex -57.0079 -2.32734 4
    endloop
  endfacet
  facet normal 0 0 1
    outer loop
      vertex -57.6872 -2.84851 4
      vertex -57.3244 -2.61807 4
      vertex -57.3305 -2.61018 4
    endloop
  endfacet
  facet normal 0 0 1
    outer loop
      vertex -57.3244 -2.61807 4
      vertex -57.6872 -2.84851 4
      vertex -57.6833 -2.85788 4
    endloop
  endfacet
  facet normal -0 0 1
    outer loop
      vertex -57.6883 -2.84928 4
      vertex -57.6833 -2.85788 4
      vertex -57.6872 -2.84851 4
    endloop
  endfacet
  facet normal -0 0 1
    outer loop
      vertex -57.6895 -2.84989 4
      vertex -57.6833 -2.85788 4
      vertex -57.6883 -2.84928 4
    endloop
  endfacet
  facet normal 0 0 1
    outer loop
      vertex -57.6895 -2.84989 4
      vertex -58.0705 -3.0488 4
      vertex -57.6833 -2.85788 4
    endloop
  endfacet
  facet normal -0 0 1
    outer loop
      vertex -58.0743 -3.03962 4
      vertex -58.0705 -3.0488 4
      vertex -57.6895 -2.84989 4
    endloop
  endfacet
  facet normal -0 0 1
    outer loop
      vertex -58.0756 -3.04007 4
      vertex -58.0705 -3.0488 4
      vertex -58.0743 -3.03962 4
    endloop
  endfacet
  facet normal 0 0 1
    outer loop
      vertex -58.0756 -3.04007 4
      vertex -58.4792 -3.18755 4
      vertex -58.0705 -3.0488 4
    endloop
  endfacet
  facet normal -0 0 1
    outer loop
      vertex -58.4818 -3.17796 4
      vertex -58.4792 -3.18755 4
      vertex -58.0756 -3.04007 4
    endloop
  endfacet
  facet normal 0 0 1
    outer loop
      vertex -58.9025 -3.26165 4
      vertex -58.4792 -3.18755 4
      vertex -58.4818 -3.17796 4
    endloop
  endfacet
  facet normal -0 0 1
    outer loop
      vertex -58.9025 -3.26165 4
      vertex -58.9026 -3.27177 4
      vertex -58.4792 -3.18755 4
    endloop
  endfacet
  facet normal -0 0 1
    outer loop
      vertex -58.9039 -3.26192 4
      vertex -58.9026 -3.27177 4
      vertex -58.9025 -3.26165 4
    endloop
  endfacet
  facet normal -0 0 1
    outer loop
      vertex -58.9053 -3.26201 4
      vertex -58.9026 -3.27177 4
      vertex -58.9039 -3.26192 4
    endloop
  endfacet
  facet normal 0 0 1
    outer loop
      vertex -59.3333 -3.3 4
      vertex -58.9053 -3.26201 4
      vertex -59.3333 -3.29006 4
    endloop
  endfacet
  facet normal 0 0 1
    outer loop
      vertex -58.9053 -3.26201 4
      vertex -59.3333 -3.3 4
      vertex -58.9026 -3.27177 4
    endloop
  endfacet
  facet normal 0 0 1
    outer loop
      vertex -59.7614 -3.26201 4
      vertex -59.3333 -3.3 4
      vertex -59.3333 -3.29006 4
    endloop
  endfacet
  facet normal 0 0 1
    outer loop
      vertex -59.7641 -3.27177 4
      vertex -59.7614 -3.26201 4
      vertex -59.7628 -3.26192 4
    endloop
  endfacet
  facet normal 0 0 1
    outer loop
      vertex -59.7614 -3.26201 4
      vertex -59.7641 -3.27177 4
      vertex -59.3333 -3.3 4
    endloop
  endfacet
  facet normal 0 0 1
    outer loop
      vertex -59.7641 -3.26165 4
      vertex -59.7641 -3.27177 4
      vertex -59.7628 -3.26192 4
    endloop
  endfacet
  facet normal -0 0 1
    outer loop
      vertex -60.1874 -3.18755 4
      vertex -59.7641 -3.26165 4
      vertex -60.1849 -3.17796 4
    endloop
  endfacet
  facet normal 0 0 1
    outer loop
      vertex -59.7641 -3.26165 4
      vertex -60.1874 -3.18755 4
      vertex -59.7641 -3.27177 4
    endloop
  endfacet
  facet normal 0 0 1
    outer loop
      vertex -60.5911 -3.04007 4
      vertex -60.1874 -3.18755 4
      vertex -60.1849 -3.17796 4
    endloop
  endfacet
  facet normal 0 0 1
    outer loop
      vertex -60.5962 -3.0488 4
      vertex -60.5911 -3.04007 4
      vertex -60.5924 -3.03962 4
    endloop
  endfacet
  facet normal 0 0 1
    outer loop
      vertex -60.5911 -3.04007 4
      vertex -60.5962 -3.0488 4
      vertex -60.1874 -3.18755 4
    endloop
  endfacet
  facet normal 0 0 1
    outer loop
      vertex -60.9771 -2.84989 4
      vertex -60.5962 -3.0488 4
      vertex -60.5924 -3.03962 4
    endloop
  endfacet
  facet normal 0 0 1
    outer loop
      vertex -60.9833 -2.85788 4
      vertex -60.9771 -2.84989 4
      vertex -60.9784 -2.84928 4
    endloop
  endfacet
  facet normal 0 0 1
    outer loop
      vertex -60.9771 -2.84989 4
      vertex -60.9833 -2.85788 4
      vertex -60.5962 -3.0488 4
    endloop
  endfacet
  facet normal 0 0 1
    outer loop
      vertex -60.9795 -2.84851 4
      vertex -60.9833 -2.85788 4
      vertex -60.9784 -2.84928 4
    endloop
  endfacet
  facet normal -0 0 1
    outer loop
      vertex -61.3422 -2.61807 4
      vertex -60.9795 -2.84851 4
      vertex -61.3362 -2.61018 4
    endloop
  endfacet
  facet normal 0 0 1
    outer loop
      vertex -60.9795 -2.84851 4
      vertex -61.3422 -2.61807 4
      vertex -60.9833 -2.85788 4
    endloop
  endfacet
  facet normal 0 0 1
    outer loop
      vertex -61.6587 -2.32734 4
      vertex -61.3422 -2.61807 4
      vertex -61.3362 -2.61018 4
    endloop
  endfacet
  facet normal 0 0 1
    outer loop
      vertex -61.6668 -2.33345 4
      vertex -61.6587 -2.32734 4
      vertex -61.6598 -2.32643 4
    endloop
  endfacet
  facet normal 0 0 1
    outer loop
      vertex -61.6587 -2.32734 4
      vertex -61.6668 -2.33345 4
      vertex -61.3422 -2.61807 4
    endloop
  endfacet
  facet normal 0 0 1
    outer loop
      vertex -61.6607 -2.32539 4
      vertex -61.6668 -2.33345 4
      vertex -61.6598 -2.32643 4
    endloop
  endfacet
  facet normal -0 0 1
    outer loop
      vertex -61.9514 -2.00891 4
      vertex -61.6607 -2.32539 4
      vertex -61.9435 -2.00286 4
    endloop
  endfacet
  facet normal 0 0 1
    outer loop
      vertex -61.6607 -2.32539 4
      vertex -61.9514 -2.00891 4
      vertex -61.6668 -2.33345 4
    endloop
  endfacet
  facet normal 0 0 1
    outer loop
      vertex -62.1818 -1.64618 4
      vertex -61.9514 -2.00891 4
      vertex -61.9435 -2.00286 4
    endloop
  endfacet
  facet normal 0 0 1
    outer loop
      vertex -62.1912 -1.65 4
      vertex -62.1818 -1.64618 4
      vertex -62.1826 -1.64503 4
    endloop
  endfacet
  facet normal 0 0 1
    outer loop
      vertex -62.1818 -1.64618 4
      vertex -62.1912 -1.65 4
      vertex -61.9514 -2.00891 4
    endloop
  endfacet
  facet normal 0 0 1
    outer loop
      vertex -62.1832 -1.64379 4
      vertex -62.1912 -1.65 4
      vertex -62.1826 -1.64503 4
    endloop
  endfacet
  facet normal -0 0 1
    outer loop
      vertex -62.3821 -1.26285 4
      vertex -62.1832 -1.64379 4
      vertex -62.373 -1.25905 4
    endloop
  endfacet
  facet normal 0 0 1
    outer loop
      vertex -62.1832 -1.64379 4
      vertex -62.3821 -1.26285 4
      vertex -62.1912 -1.65 4
    endloop
  endfacet
  facet normal 0 0 1
    outer loop
      vertex -62.3734 -1.25774 4
      vertex -62.3821 -1.26285 4
      vertex -62.373 -1.25905 4
    endloop
  endfacet
  facet normal -0 0 1
    outer loop
      vertex -62.5209 -0.854102 4
      vertex -62.3734 -1.25774 4
      vertex -62.5113 -0.85153 4
    endloop
  endfacet
  facet normal 0 0 1
    outer loop
      vertex -62.3734 -1.25774 4
      vertex -62.5209 -0.854102 4
      vertex -62.3821 -1.26285 4
    endloop
  endfacet
  facet normal 0 0 1
    outer loop
      vertex -62.595 -0.430793 4
      vertex -62.5209 -0.854102 4
      vertex -62.5113 -0.85153 4
    endloop
  endfacet
  facet normal -0 0 1
    outer loop
      vertex -62.6051 -0.430736 4
      vertex -62.595 -0.430793 4
      vertex -62.5952 -0.429439 4
    endloop
  endfacet
  facet normal 0 0 1
    outer loop
      vertex -62.595 -0.430793 4
      vertex -62.6051 -0.430736 4
      vertex -62.5209 -0.854102 4
    endloop
  endfacet
  facet normal 0 0 1
    outer loop
      vertex -62.5953 -0.42806 4
      vertex -62.6051 -0.430736 4
      vertex -62.5952 -0.429439 4
    endloop
  endfacet
  facet normal -0 0 1
    outer loop
      vertex -62.6333 0 4
      vertex -62.5953 -0.42806 4
      vertex -62.6234 0 4
    endloop
  endfacet
  facet normal 0 0 1
    outer loop
      vertex -62.5953 -0.42806 4
      vertex -62.6333 0 4
      vertex -62.6051 -0.430736 4
    endloop
  endfacet
  facet normal 0.947101 -0.320937 0
    outer loop
      vertex -71.6421 128.44 2.4
      vertex -71.5706 128.651 0
      vertex -71.5706 128.651 2.4
    endloop
  endfacet
  facet normal 0.947101 -0.320937 0
    outer loop
      vertex -71.5706 128.651 0
      vertex -71.6421 128.44 2.4
      vertex -71.6421 128.44 0
    endloop
  endfacet
  facet normal 0.319466 0.947598 -0
    outer loop
      vertex -70.44 126.358 0
      vertex -70.6506 126.429 2.4
      vertex -70.44 126.358 2.4
    endloop
  endfacet
  facet normal 0.319466 0.947598 0
    outer loop
      vertex -70.6506 126.429 2.4
      vertex -70.44 126.358 0
      vertex -70.6506 126.429 0
    endloop
  endfacet
  facet normal -0.444696 -0.895681 0
    outer loop
      vertex -69.3494 129.571 0
      vertex -69.15 129.472 2.4
      vertex -69.3494 129.571 2.4
    endloop
  endfacet
  facet normal -0.444696 -0.895681 -0
    outer loop
      vertex -69.15 129.472 2.4
      vertex -69.3494 129.571 0
      vertex -69.15 129.472 0
    endloop
  endfacet
  facet normal 0.319466 -0.947598 0
    outer loop
      vertex -70.6506 129.571 0
      vertex -70.44 129.642 2.4
      vertex -70.6506 129.571 2.4
    endloop
  endfacet
  facet normal 0.319466 -0.947598 0
    outer loop
      vertex -70.44 129.642 2.4
      vertex -70.6506 129.571 0
      vertex -70.44 129.642 0
    endloop
  endfacet
  facet normal 0.8964 -0.443245 0
    outer loop
      vertex -71.5706 128.651 2.4
      vertex -71.4722 128.85 0
      vertex -71.4722 128.85 2.4
    endloop
  endfacet
  facet normal 0.8964 -0.443245 0
    outer loop
      vertex -71.4722 128.85 0
      vertex -71.5706 128.651 2.4
      vertex -71.5706 128.651 0
    endloop
  endfacet
  facet normal 0.8964 0.443245 0
    outer loop
      vertex -71.4722 127.15 2.4
      vertex -71.5706 127.349 0
      vertex -71.5706 127.349 2.4
    endloop
  endfacet
  facet normal 0.8964 0.443245 0
    outer loop
      vertex -71.5706 127.349 0
      vertex -71.4722 127.15 2.4
      vertex -71.4722 127.15 0
    endloop
  endfacet
  facet normal -0.947101 -0.320937 0
    outer loop
      vertex -68.3579 128.44 0
      vertex -68.4294 128.651 2.4
      vertex -68.4294 128.651 0
    endloop
  endfacet
  facet normal -0.947101 -0.320937 0
    outer loop
      vertex -68.4294 128.651 2.4
      vertex -68.3579 128.44 0
      vertex -68.3579 128.44 2.4
    endloop
  endfacet
  facet normal -0.831704 -0.555219 0
    outer loop
      vertex -68.5278 128.85 0
      vertex -68.6513 129.035 2.4
      vertex -68.6513 129.035 0
    endloop
  endfacet
  facet normal -0.831704 -0.555219 0
    outer loop
      vertex -68.6513 129.035 2.4
      vertex -68.5278 128.85 0
      vertex -68.5278 128.85 2.4
    endloop
  endfacet
  facet normal -0.751516 -0.659714 0
    outer loop
      vertex -68.6513 129.035 0
      vertex -68.7979 129.202 2.4
      vertex -68.7979 129.202 0
    endloop
  endfacet
  facet normal -0.751516 -0.659714 0
    outer loop
      vertex -68.7979 129.202 2.4
      vertex -68.6513 129.035 0
      vertex -68.6513 129.035 2.4
    endloop
  endfacet
  facet normal -0.319466 -0.947598 0
    outer loop
      vertex -69.56 129.642 0
      vertex -69.3494 129.571 2.4
      vertex -69.56 129.642 2.4
    endloop
  endfacet
  facet normal -0.319466 -0.947598 -0
    outer loop
      vertex -69.3494 129.571 2.4
      vertex -69.56 129.642 0
      vertex -69.3494 129.571 0
    endloop
  endfacet
  facet normal -0.0674441 -0.997723 0
    outer loop
      vertex -70 129.7 0
      vertex -69.7781 129.685 2.4
      vertex -70 129.7 2.4
    endloop
  endfacet
  facet normal -0.0674441 -0.997723 -0
    outer loop
      vertex -69.7781 129.685 2.4
      vertex -70 129.7 0
      vertex -69.7781 129.685 0
    endloop
  endfacet
  facet normal -0.193434 -0.981113 0
    outer loop
      vertex -69.7781 129.685 0
      vertex -69.56 129.642 2.4
      vertex -69.7781 129.685 2.4
    endloop
  endfacet
  facet normal -0.193434 -0.981113 -0
    outer loop
      vertex -69.56 129.642 2.4
      vertex -69.7781 129.685 0
      vertex -69.56 129.642 0
    endloop
  endfacet
  facet normal 0.751516 -0.659714 0
    outer loop
      vertex -71.3487 129.035 2.4
      vertex -71.2021 129.202 0
      vertex -71.2021 129.202 2.4
    endloop
  endfacet
  facet normal 0.751516 -0.659714 0
    outer loop
      vertex -71.2021 129.202 0
      vertex -71.3487 129.035 2.4
      vertex -71.3487 129.035 0
    endloop
  endfacet
  facet normal 0.660284 -0.751016 0
    outer loop
      vertex -71.2021 129.202 0
      vertex -71.0349 129.349 2.4
      vertex -71.2021 129.202 2.4
    endloop
  endfacet
  facet normal 0.660284 -0.751016 0
    outer loop
      vertex -71.0349 129.349 2.4
      vertex -71.2021 129.202 0
      vertex -71.0349 129.349 0
    endloop
  endfacet
  facet normal -0.997874 -0.0651764 0
    outer loop
      vertex -68.3 128 0
      vertex -68.3145 128.222 2.4
      vertex -68.3145 128.222 0
    endloop
  endfacet
  facet normal -0.997874 -0.0651764 0
    outer loop
      vertex -68.3145 128.222 2.4
      vertex -68.3 128 0
      vertex -68.3 128 2.4
    endloop
  endfacet
  facet normal -0.319466 0.947598 0
    outer loop
      vertex -69.3494 126.429 0
      vertex -69.56 126.358 2.4
      vertex -69.3494 126.429 2.4
    endloop
  endfacet
  facet normal -0.319466 0.947598 0
    outer loop
      vertex -69.56 126.358 2.4
      vertex -69.3494 126.429 0
      vertex -69.56 126.358 0
    endloop
  endfacet
  facet normal -0.831704 0.555219 0
    outer loop
      vertex -68.6513 126.965 0
      vertex -68.5278 127.15 2.4
      vertex -68.5278 127.15 0
    endloop
  endfacet
  facet normal -0.831704 0.555219 0
    outer loop
      vertex -68.5278 127.15 2.4
      vertex -68.6513 126.965 0
      vertex -68.6513 126.965 2.4
    endloop
  endfacet
  facet normal -0.751516 0.659714 0
    outer loop
      vertex -68.7979 126.798 0
      vertex -68.6513 126.965 2.4
      vertex -68.6513 126.965 0
    endloop
  endfacet
  facet normal -0.751516 0.659714 0
    outer loop
      vertex -68.6513 126.965 2.4
      vertex -68.7979 126.798 0
      vertex -68.7979 126.798 2.4
    endloop
  endfacet
  facet normal 0.660284 0.751016 -0
    outer loop
      vertex -71.0349 126.651 0
      vertex -71.2021 126.798 2.4
      vertex -71.0349 126.651 2.4
    endloop
  endfacet
  facet normal 0.660284 0.751016 0
    outer loop
      vertex -71.2021 126.798 2.4
      vertex -71.0349 126.651 0
      vertex -71.2021 126.798 0
    endloop
  endfacet
  facet normal 0.980753 0.195251 0
    outer loop
      vertex -71.6421 127.56 2.4
      vertex -71.6855 127.778 0
      vertex -71.6855 127.778 2.4
    endloop
  endfacet
  facet normal 0.980753 0.195251 0
    outer loop
      vertex -71.6855 127.778 0
      vertex -71.6421 127.56 2.4
      vertex -71.6421 127.56 0
    endloop
  endfacet
  facet normal -0.980753 -0.195251 0
    outer loop
      vertex -68.3145 128.222 0
      vertex -68.3579 128.44 2.4
      vertex -68.3579 128.44 0
    endloop
  endfacet
  facet normal -0.980753 -0.195251 0
    outer loop
      vertex -68.3579 128.44 2.4
      vertex -68.3145 128.222 0
      vertex -68.3145 128.222 2.4
    endloop
  endfacet
  facet normal -0.8964 -0.443245 0
    outer loop
      vertex -68.4294 128.651 0
      vertex -68.5278 128.85 2.4
      vertex -68.5278 128.85 0
    endloop
  endfacet
  facet normal -0.8964 -0.443245 0
    outer loop
      vertex -68.5278 128.85 2.4
      vertex -68.4294 128.651 0
      vertex -68.4294 128.651 2.4
    endloop
  endfacet
  facet normal -0.660284 -0.751016 0
    outer loop
      vertex -68.9651 129.349 0
      vertex -68.7979 129.202 2.4
      vertex -68.9651 129.349 2.4
    endloop
  endfacet
  facet normal -0.660284 -0.751016 -0
    outer loop
      vertex -68.7979 129.202 2.4
      vertex -68.9651 129.349 0
      vertex -68.7979 129.202 0
    endloop
  endfacet
  facet normal 0.997874 -0.0651764 0
    outer loop
      vertex -71.7 128 2.4
      vertex -71.6855 128.222 0
      vertex -71.6855 128.222 2.4
    endloop
  endfacet
  facet normal 0.997874 -0.0651764 0
    outer loop
      vertex -71.6855 128.222 0
      vertex -71.7 128 2.4
      vertex -71.7 128 0
    endloop
  endfacet
  facet normal 0.0674441 -0.997723 0
    outer loop
      vertex -70.2219 129.685 0
      vertex -70 129.7 2.4
      vertex -70.2219 129.685 2.4
    endloop
  endfacet
  facet normal 0.0674441 -0.997723 0
    outer loop
      vertex -70 129.7 2.4
      vertex -70.2219 129.685 0
      vertex -70 129.7 0
    endloop
  endfacet
  facet normal 0.193434 -0.981113 0
    outer loop
      vertex -70.44 129.642 0
      vertex -70.2219 129.685 2.4
      vertex -70.44 129.642 2.4
    endloop
  endfacet
  facet normal 0.193434 -0.981113 0
    outer loop
      vertex -70.2219 129.685 2.4
      vertex -70.44 129.642 0
      vertex -70.2219 129.685 0
    endloop
  endfacet
  facet normal 0.444696 -0.895681 0
    outer loop
      vertex -70.85 129.472 0
      vertex -70.6506 129.571 2.4
      vertex -70.85 129.472 2.4
    endloop
  endfacet
  facet normal 0.444696 -0.895681 0
    outer loop
      vertex -70.6506 129.571 2.4
      vertex -70.85 129.472 0
      vertex -70.6506 129.571 0
    endloop
  endfacet
  facet normal 0.553869 -0.832604 0
    outer loop
      vertex -71.0349 129.349 0
      vertex -70.85 129.472 2.4
      vertex -71.0349 129.349 2.4
    endloop
  endfacet
  facet normal 0.553869 -0.832604 0
    outer loop
      vertex -70.85 129.472 2.4
      vertex -71.0349 129.349 0
      vertex -70.85 129.472 0
    endloop
  endfacet
  facet normal -0.997874 0.0651764 0
    outer loop
      vertex -68.3145 127.778 0
      vertex -68.3 128 2.4
      vertex -68.3 128 0
    endloop
  endfacet
  facet normal -0.997874 0.0651764 0
    outer loop
      vertex -68.3 128 2.4
      vertex -68.3145 127.778 0
      vertex -68.3145 127.778 2.4
    endloop
  endfacet
  facet normal -0.980753 0.195251 0
    outer loop
      vertex -68.3579 127.56 0
      vertex -68.3145 127.778 2.4
      vertex -68.3145 127.778 0
    endloop
  endfacet
  facet normal -0.980753 0.195251 0
    outer loop
      vertex -68.3145 127.778 2.4
      vertex -68.3579 127.56 0
      vertex -68.3579 127.56 2.4
    endloop
  endfacet
  facet normal -0.0674441 0.997723 0
    outer loop
      vertex -69.7781 126.315 0
      vertex -70 126.3 2.4
      vertex -69.7781 126.315 2.4
    endloop
  endfacet
  facet normal -0.0674441 0.997723 0
    outer loop
      vertex -70 126.3 2.4
      vertex -69.7781 126.315 0
      vertex -70 126.3 0
    endloop
  endfacet
  facet normal -0.193434 0.981113 0
    outer loop
      vertex -69.56 126.358 0
      vertex -69.7781 126.315 2.4
      vertex -69.56 126.358 2.4
    endloop
  endfacet
  facet normal -0.193434 0.981113 0
    outer loop
      vertex -69.7781 126.315 2.4
      vertex -69.56 126.358 0
      vertex -69.7781 126.315 0
    endloop
  endfacet
  facet normal -0.444696 0.895681 0
    outer loop
      vertex -69.15 126.528 0
      vertex -69.3494 126.429 2.4
      vertex -69.15 126.528 2.4
    endloop
  endfacet
  facet normal -0.444696 0.895681 0
    outer loop
      vertex -69.3494 126.429 2.4
      vertex -69.15 126.528 0
      vertex -69.3494 126.429 0
    endloop
  endfacet
  facet normal -0.660284 0.751016 0
    outer loop
      vertex -68.7979 126.798 0
      vertex -68.9651 126.651 2.4
      vertex -68.7979 126.798 2.4
    endloop
  endfacet
  facet normal -0.660284 0.751016 0
    outer loop
      vertex -68.9651 126.651 2.4
      vertex -68.7979 126.798 0
      vertex -68.9651 126.651 0
    endloop
  endfacet
  facet normal -0.553869 0.832604 0
    outer loop
      vertex -68.9651 126.651 0
      vertex -69.15 126.528 2.4
      vertex -68.9651 126.651 2.4
    endloop
  endfacet
  facet normal -0.553869 0.832604 0
    outer loop
      vertex -69.15 126.528 2.4
      vertex -68.9651 126.651 0
      vertex -69.15 126.528 0
    endloop
  endfacet
  facet normal -0.947101 0.320937 0
    outer loop
      vertex -68.4294 127.349 0
      vertex -68.3579 127.56 2.4
      vertex -68.3579 127.56 0
    endloop
  endfacet
  facet normal -0.947101 0.320937 0
    outer loop
      vertex -68.3579 127.56 2.4
      vertex -68.4294 127.349 0
      vertex -68.4294 127.349 2.4
    endloop
  endfacet
  facet normal -0.8964 0.443245 0
    outer loop
      vertex -68.5278 127.15 0
      vertex -68.4294 127.349 2.4
      vertex -68.4294 127.349 0
    endloop
  endfacet
  facet normal -0.8964 0.443245 0
    outer loop
      vertex -68.4294 127.349 2.4
      vertex -68.5278 127.15 0
      vertex -68.5278 127.15 2.4
    endloop
  endfacet
  facet normal 0.193434 0.981113 -0
    outer loop
      vertex -70.2219 126.315 0
      vertex -70.44 126.358 2.4
      vertex -70.2219 126.315 2.4
    endloop
  endfacet
  facet normal 0.193434 0.981113 0
    outer loop
      vertex -70.44 126.358 2.4
      vertex -70.2219 126.315 0
      vertex -70.44 126.358 0
    endloop
  endfacet
  facet normal 0.0674441 0.997723 -0
    outer loop
      vertex -70 126.3 0
      vertex -70.2219 126.315 2.4
      vertex -70 126.3 2.4
    endloop
  endfacet
  facet normal 0.0674441 0.997723 0
    outer loop
      vertex -70.2219 126.315 2.4
      vertex -70 126.3 0
      vertex -70.2219 126.315 0
    endloop
  endfacet
  facet normal 0.553869 0.832604 -0
    outer loop
      vertex -70.85 126.528 0
      vertex -71.0349 126.651 2.4
      vertex -70.85 126.528 2.4
    endloop
  endfacet
  facet normal 0.553869 0.832604 0
    outer loop
      vertex -71.0349 126.651 2.4
      vertex -70.85 126.528 0
      vertex -71.0349 126.651 0
    endloop
  endfacet
  facet normal 0.444696 0.895681 -0
    outer loop
      vertex -70.6506 126.429 0
      vertex -70.85 126.528 2.4
      vertex -70.6506 126.429 2.4
    endloop
  endfacet
  facet normal 0.444696 0.895681 0
    outer loop
      vertex -70.85 126.528 2.4
      vertex -70.6506 126.429 0
      vertex -70.85 126.528 0
    endloop
  endfacet
  facet normal 0.947101 0.320937 0
    outer loop
      vertex -71.5706 127.349 2.4
      vertex -71.6421 127.56 0
      vertex -71.6421 127.56 2.4
    endloop
  endfacet
  facet normal 0.947101 0.320937 0
    outer loop
      vertex -71.6421 127.56 0
      vertex -71.5706 127.349 2.4
      vertex -71.5706 127.349 0
    endloop
  endfacet
  facet normal 0.997874 0.0651764 0
    outer loop
      vertex -71.6855 127.778 2.4
      vertex -71.7 128 0
      vertex -71.7 128 2.4
    endloop
  endfacet
  facet normal 0.997874 0.0651764 0
    outer loop
      vertex -71.7 128 0
      vertex -71.6855 127.778 2.4
      vertex -71.6855 127.778 0
    endloop
  endfacet
  facet normal 0.751516 0.659714 0
    outer loop
      vertex -71.2021 126.798 2.4
      vertex -71.3487 126.965 0
      vertex -71.3487 126.965 2.4
    endloop
  endfacet
  facet normal 0.751516 0.659714 0
    outer loop
      vertex -71.3487 126.965 0
      vertex -71.2021 126.798 2.4
      vertex -71.2021 126.798 0
    endloop
  endfacet
  facet normal -0.553869 -0.832604 0
    outer loop
      vertex -69.15 129.472 0
      vertex -68.9651 129.349 2.4
      vertex -69.15 129.472 2.4
    endloop
  endfacet
  facet normal -0.553869 -0.832604 -0
    outer loop
      vertex -68.9651 129.349 2.4
      vertex -69.15 129.472 0
      vertex -68.9651 129.349 0
    endloop
  endfacet
  facet normal 0.980753 -0.195251 0
    outer loop
      vertex -71.6855 128.222 2.4
      vertex -71.6421 128.44 0
      vertex -71.6421 128.44 2.4
    endloop
  endfacet
  facet normal 0.980753 -0.195251 0
    outer loop
      vertex -71.6421 128.44 0
      vertex -71.6855 128.222 2.4
      vertex -71.6855 128.222 0
    endloop
  endfacet
  facet normal 0.831704 -0.555219 0
    outer loop
      vertex -71.4722 128.85 2.4
      vertex -71.3487 129.035 0
      vertex -71.3487 129.035 2.4
    endloop
  endfacet
  facet normal 0.831704 -0.555219 0
    outer loop
      vertex -71.3487 129.035 0
      vertex -71.4722 128.85 2.4
      vertex -71.4722 128.85 0
    endloop
  endfacet
  facet normal 0.831704 0.555219 0
    outer loop
      vertex -71.3487 126.965 2.4
      vertex -71.4722 127.15 0
      vertex -71.4722 127.15 2.4
    endloop
  endfacet
  facet normal 0.831704 0.555219 0
    outer loop
      vertex -71.4722 127.15 0
      vertex -71.3487 126.965 2.4
      vertex -71.3487 126.965 0
    endloop
  endfacet
  facet normal -0.672306 0.228352 0.704173
    outer loop
      vertex -66.9599 126.742 4
      vertex -66.822 127.148 4
      vertex -68.3579 127.56 2.4
    endloop
  endfacet
  facet normal -0.70853 -0.046518 0.704146
    outer loop
      vertex -66.7099 128 4
      vertex -66.738 128.428 4
      vertex -68.3 128 2.4
    endloop
  endfacet
  facet normal -0.705982 -0.0705982 0.704702
    outer loop
      vertex -68.3145 128.222 2.4
      vertex -66.738 128.428 4
      vertex -66.7381 128.429 4
    endloop
  endfacet
  facet normal -0.70857 -0.0462805 0.704121
    outer loop
      vertex -66.738 128.428 4
      vertex -68.3145 128.222 2.4
      vertex -68.3 128 2.4
    endloop
  endfacet
  facet normal -0.70857 0.0462805 0.704121
    outer loop
      vertex -68.3145 127.778 2.4
      vertex -66.738 127.572 4
      vertex -68.3 128 2.4
    endloop
  endfacet
  facet normal -0.705982 0.0705982 0.704702
    outer loop
      vertex -66.738 127.572 4
      vertex -68.3145 127.778 2.4
      vertex -66.7381 127.571 4
    endloop
  endfacet
  facet normal 0.70857 0.0462805 0.704121
    outer loop
      vertex -73.262 127.572 4
      vertex -71.6855 127.778 2.4
      vertex -71.7 128 2.4
    endloop
  endfacet
  facet normal 0.705982 0.0705982 0.704702
    outer loop
      vertex -71.6855 127.778 2.4
      vertex -73.262 127.572 4
      vertex -73.2619 127.571 4
    endloop
  endfacet
  facet normal 0 -0.712207 0.701969
    outer loop
      vertex -70.2219 129.685 2.4
      vertex -70.4281 131.262 4
      vertex -70.4294 131.262 4
    endloop
  endfacet
  facet normal 0.0478796 -0.708299 0.704287
    outer loop
      vertex -70.4281 131.262 4
      vertex -70.2219 129.685 2.4
      vertex -70 129.7 2.4
    endloop
  endfacet
  facet normal 0 0.712207 0.701969
    outer loop
      vertex -69.7781 126.315 2.4
      vertex -69.5719 124.738 4
      vertex -69.5706 124.738 4
    endloop
  endfacet
  facet normal -0.0478796 0.708299 0.704287
    outer loop
      vertex -69.5719 124.738 4
      vertex -69.7781 126.315 2.4
      vertex -70 126.3 2.4
    endloop
  endfacet
  facet normal 0.590566 -0.394243 0.704134
    outer loop
      vertex -72.8485 129.646 4
      vertex -71.4722 128.85 2.4
      vertex -71.3487 129.035 2.4
    endloop
  endfacet
  facet normal 0.557016 -0.445613 0.70083
    outer loop
      vertex -71.4722 128.85 2.4
      vertex -72.8485 129.646 4
      vertex -72.8493 129.645 4
    endloop
  endfacet
  facet normal -0.533655 0.468466 0.704097
    outer loop
      vertex -68.7979 126.798 2.4
      vertex -67.6727 125.675 4
      vertex -68.6513 126.965 2.4
    endloop
  endfacet
  facet normal -0.527629 0.474866 0.704351
    outer loop
      vertex -67.6727 125.675 4
      vertex -68.7979 126.798 2.4
      vertex -67.6736 125.674 4
    endloop
  endfacet
  facet normal -0.70853 0.046518 0.704146
    outer loop
      vertex -66.738 127.572 4
      vertex -66.7099 128 4
      vertex -68.3 128 2.4
    endloop
  endfacet
  facet normal 0.393179 0.591047 0.704325
    outer loop
      vertex -71.6462 125.151 4
      vertex -70.85 126.528 2.4
      vertex -71.0349 126.651 2.4
    endloop
  endfacet
  facet normal 0 0.757951 0.652312
    outer loop
      vertex -70.85 126.528 2.4
      vertex -71.6462 125.151 4
      vertex -71.645 125.151 4
    endloop
  endfacet
  facet normal 0.139024 0.696277 0.704181
    outer loop
      vertex -70.4308 124.738 4
      vertex -70.44 126.358 2.4
      vertex -70.8515 124.822 4
    endloop
  endfacet
  facet normal -0.31438 -0.636701 0.704114
    outer loop
      vertex -68.3562 130.85 4
      vertex -68.741 131.04 4
      vertex -69.3494 129.571 2.4
    endloop
  endfacet
  facet normal 0.696446 -0.138297 0.704156
    outer loop
      vertex -71.6421 128.44 2.4
      vertex -73.178 128.852 4
      vertex -73.2616 128.431 4
    endloop
  endfacet
  facet normal -0.672517 0.227891 0.704121
    outer loop
      vertex -68.4294 127.349 2.4
      vertex -66.9599 126.742 4
      vertex -68.3579 127.56 2.4
    endloop
  endfacet
  facet normal -0.635264 0.317632 0.703952
    outer loop
      vertex -66.9599 126.742 4
      vertex -68.4294 127.349 2.4
      vertex -66.9604 126.741 4
    endloop
  endfacet
  facet normal -0.636981 0.313858 0.704094
    outer loop
      vertex -67.1501 126.356 4
      vertex -66.9604 126.741 4
      vertex -68.4294 127.349 2.4
    endloop
  endfacet
  facet normal -0.501598 0.501598 0.704839
    outer loop
      vertex -68.7979 126.798 2.4
      vertex -67.6746 125.673 4
      vertex -67.6736 125.674 4
    endloop
  endfacet
  facet normal -0.468852 0.533279 0.704125
    outer loop
      vertex -67.6746 125.673 4
      vertex -68.7979 126.798 2.4
      vertex -68.9651 126.651 2.4
    endloop
  endfacet
  facet normal -0.139024 0.696277 0.704181
    outer loop
      vertex -69.1485 124.822 4
      vertex -69.56 126.358 2.4
      vertex -69.5692 124.738 4
    endloop
  endfacet
  facet normal -0.31438 0.636701 0.704114
    outer loop
      vertex -68.741 124.96 4
      vertex -68.3562 125.15 4
      vertex -69.3494 126.429 2.4
    endloop
  endfacet
  facet normal 0.672517 0.227891 0.704121
    outer loop
      vertex -73.0401 126.742 4
      vertex -71.5706 127.349 2.4
      vertex -71.6421 127.56 2.4
    endloop
  endfacet
  facet normal 0.635264 0.317632 0.703952
    outer loop
      vertex -71.5706 127.349 2.4
      vertex -73.0401 126.742 4
      vertex -73.0396 126.741 4
    endloop
  endfacet
  facet normal 0.533655 0.468466 0.704097
    outer loop
      vertex -72.3273 125.675 4
      vertex -71.2021 126.798 2.4
      vertex -71.3487 126.965 2.4
    endloop
  endfacet
  facet normal 0.527629 0.474866 0.704351
    outer loop
      vertex -71.2021 126.798 2.4
      vertex -72.3273 125.675 4
      vertex -72.3264 125.674 4
    endloop
  endfacet
  facet normal 0.228405 0.672306 0.704156
    outer loop
      vertex -70.8515 124.822 4
      vertex -70.44 126.358 2.4
      vertex -71.2577 124.96 4
    endloop
  endfacet
  facet normal 0.315703 0.635871 0.704272
    outer loop
      vertex -70.85 126.528 2.4
      vertex -71.6438 125.15 4
      vertex -70.6506 126.429 2.4
    endloop
  endfacet
  facet normal 0.457401 0.548881 0.699652
    outer loop
      vertex -71.6438 125.15 4
      vertex -70.85 126.528 2.4
      vertex -71.645 125.151 4
    endloop
  endfacet
  facet normal 0.0478796 0.708299 0.704287
    outer loop
      vertex -70.2219 126.315 2.4
      vertex -70.4281 124.738 4
      vertex -70 126.3 2.4
    endloop
  endfacet
  facet normal 0 0.712207 0.701969
    outer loop
      vertex -70.4281 124.738 4
      vertex -70.2219 126.315 2.4
      vertex -70.4294 124.738 4
    endloop
  endfacet
  facet normal -0.557016 -0.445613 0.70083
    outer loop
      vertex -67.1515 129.646 4
      vertex -68.5278 128.85 2.4
      vertex -67.1507 129.645 4
    endloop
  endfacet
  facet normal -0.590566 -0.394243 0.704134
    outer loop
      vertex -68.5278 128.85 2.4
      vertex -67.1515 129.646 4
      vertex -68.6513 129.035 2.4
    endloop
  endfacet
  facet normal 0.226889 -0.672997 0.703986
    outer loop
      vertex -71.2577 131.04 4
      vertex -70.6506 129.571 2.4
      vertex -70.44 129.642 2.4
    endloop
  endfacet
  facet normal 0 -0.736619 0.676308
    outer loop
      vertex -70.6506 129.571 2.4
      vertex -71.2577 131.04 4
      vertex -71.259 131.04 4
    endloop
  endfacet
  facet normal 0.468852 -0.533279 0.704125
    outer loop
      vertex -72.3254 130.327 4
      vertex -71.2021 129.202 2.4
      vertex -71.0349 129.349 2.4
    endloop
  endfacet
  facet normal 0.501598 -0.501598 0.704839
    outer loop
      vertex -71.2021 129.202 2.4
      vertex -72.3254 130.327 4
      vertex -72.3264 130.326 4
    endloop
  endfacet
  facet normal 0.672306 -0.228352 0.704173
    outer loop
      vertex -71.6421 128.44 2.4
      vertex -73.0401 129.258 4
      vertex -73.178 128.852 4
    endloop
  endfacet
  facet normal 0.60826 -0.364956 0.704859
    outer loop
      vertex -72.8499 129.644 4
      vertex -71.4722 128.85 2.4
      vertex -72.8493 129.645 4
    endloop
  endfacet
  facet normal 0.636449 -0.314707 0.704196
    outer loop
      vertex -71.4722 128.85 2.4
      vertex -72.8499 129.644 4
      vertex -71.5706 128.651 2.4
    endloop
  endfacet
  facet normal 0.705982 -0.0705982 0.704702
    outer loop
      vertex -73.262 128.428 4
      vertex -71.6855 128.222 2.4
      vertex -73.2619 128.429 4
    endloop
  endfacet
  facet normal 0.70857 -0.0462805 0.704121
    outer loop
      vertex -71.6855 128.222 2.4
      vertex -73.262 128.428 4
      vertex -71.7 128 2.4
    endloop
  endfacet
  facet normal -0.701546 0.105232 0.704812
    outer loop
      vertex -68.3145 127.778 2.4
      vertex -66.7384 127.569 4
      vertex -66.7381 127.571 4
    endloop
  endfacet
  facet normal -0.696413 0.138644 0.704121
    outer loop
      vertex -66.7384 127.569 4
      vertex -68.3145 127.778 2.4
      vertex -68.3579 127.56 2.4
    endloop
  endfacet
  facet normal -0.696446 0.138297 0.704156
    outer loop
      vertex -66.822 127.148 4
      vertex -66.7384 127.569 4
      vertex -68.3579 127.56 2.4
    endloop
  endfacet
  facet normal -0.137308 0.69644 0.704356
    outer loop
      vertex -69.7781 126.315 2.4
      vertex -69.5692 124.738 4
      vertex -69.56 126.358 2.4
    endloop
  endfacet
  facet normal 0 0.712207 0.701969
    outer loop
      vertex -69.5692 124.738 4
      vertex -69.7781 126.315 2.4
      vertex -69.5706 124.738 4
    endloop
  endfacet
  facet normal -0.228405 0.672306 0.704156
    outer loop
      vertex -69.1485 124.822 4
      vertex -68.7423 124.96 4
      vertex -69.56 126.358 2.4
    endloop
  endfacet
  facet normal 0 0.736619 0.676308
    outer loop
      vertex -69.3494 126.429 2.4
      vertex -68.7423 124.96 4
      vertex -68.741 124.96 4
    endloop
  endfacet
  facet normal -0.226889 0.672997 0.703986
    outer loop
      vertex -68.7423 124.96 4
      vertex -69.3494 126.429 2.4
      vertex -69.56 126.358 2.4
    endloop
  endfacet
  facet normal -0.468394 0.533771 0.704057
    outer loop
      vertex -67.9971 125.39 4
      vertex -67.6746 125.673 4
      vertex -68.9651 126.651 2.4
    endloop
  endfacet
  facet normal 0.696413 0.138644 0.704121
    outer loop
      vertex -71.6855 127.778 2.4
      vertex -73.2616 127.569 4
      vertex -71.6421 127.56 2.4
    endloop
  endfacet
  facet normal 0.701546 0.105232 0.704812
    outer loop
      vertex -73.2616 127.569 4
      vertex -71.6855 127.778 2.4
      vertex -73.2619 127.571 4
    endloop
  endfacet
  facet normal 0.468394 0.533771 0.704057
    outer loop
      vertex -72.0029 125.39 4
      vertex -71.0349 126.651 2.4
      vertex -72.3254 125.673 4
    endloop
  endfacet
  facet normal 0.395275 0.589935 0.704084
    outer loop
      vertex -71.6462 125.151 4
      vertex -71.0349 126.651 2.4
      vertex -72.0029 125.39 4
    endloop
  endfacet
  facet normal 0.226889 0.672997 0.703986
    outer loop
      vertex -70.6506 126.429 2.4
      vertex -71.2577 124.96 4
      vertex -70.44 126.358 2.4
    endloop
  endfacet
  facet normal 0 0.736619 0.676308
    outer loop
      vertex -71.2577 124.96 4
      vertex -70.6506 126.429 2.4
      vertex -71.259 124.96 4
    endloop
  endfacet
  facet normal 0.31438 0.636701 0.704114
    outer loop
      vertex -71.259 124.96 4
      vertex -70.6506 126.429 2.4
      vertex -71.6438 125.15 4
    endloop
  endfacet
  facet normal 0 0.712207 0.701969
    outer loop
      vertex -70.2219 126.315 2.4
      vertex -70.4308 124.738 4
      vertex -70.4294 124.738 4
    endloop
  endfacet
  facet normal 0.137308 0.69644 0.704356
    outer loop
      vertex -70.4308 124.738 4
      vertex -70.2219 126.315 2.4
      vertex -70.44 126.358 2.4
    endloop
  endfacet
  facet normal 0.0463434 0.708558 0.704129
    outer loop
      vertex -70 124.71 4
      vertex -70 126.3 2.4
      vertex -70.4281 124.738 4
    endloop
  endfacet
  facet normal -0.0463434 0.708558 0.704129
    outer loop
      vertex -69.5719 124.738 4
      vertex -70 126.3 2.4
      vertex -70 124.71 4
    endloop
  endfacet
  facet normal 0 -0.712207 0.701969
    outer loop
      vertex -69.7781 129.685 2.4
      vertex -69.5692 131.262 4
      vertex -69.5706 131.262 4
    endloop
  endfacet
  facet normal -0.137308 -0.69644 0.704356
    outer loop
      vertex -69.5692 131.262 4
      vertex -69.7781 129.685 2.4
      vertex -69.56 129.642 2.4
    endloop
  endfacet
  facet normal -0.0463434 -0.708558 0.704129
    outer loop
      vertex -69.5719 131.262 4
      vertex -70 131.29 4
      vertex -70 129.7 2.4
    endloop
  endfacet
  facet normal 0 -0.712207 0.701969
    outer loop
      vertex -70.4308 131.262 4
      vertex -70.2219 129.685 2.4
      vertex -70.4294 131.262 4
    endloop
  endfacet
  facet normal 0.137308 -0.69644 0.704356
    outer loop
      vertex -70.2219 129.685 2.4
      vertex -70.4308 131.262 4
      vertex -70.44 129.642 2.4
    endloop
  endfacet
  facet normal 0.53344 -0.468665 0.704127
    outer loop
      vertex -71.3487 129.035 2.4
      vertex -72.3273 130.325 4
      vertex -72.6102 130.003 4
    endloop
  endfacet
  facet normal 0.59058 -0.394216 0.704137
    outer loop
      vertex -71.3487 129.035 2.4
      vertex -72.6102 130.003 4
      vertex -72.8485 129.646 4
    endloop
  endfacet
  facet normal 0.635264 -0.317632 0.703952
    outer loop
      vertex -73.0401 129.258 4
      vertex -71.5706 128.651 2.4
      vertex -73.0396 129.259 4
    endloop
  endfacet
  facet normal 0.672517 -0.227891 0.704121
    outer loop
      vertex -71.5706 128.651 2.4
      vertex -73.0401 129.258 4
      vertex -71.6421 128.44 2.4
    endloop
  endfacet
  facet normal 0.636981 -0.313858 0.704094
    outer loop
      vertex -71.5706 128.651 2.4
      vertex -72.8499 129.644 4
      vertex -73.0396 129.259 4
    endloop
  endfacet
  facet normal 0.696413 -0.138644 0.704121
    outer loop
      vertex -73.2616 128.431 4
      vertex -71.6855 128.222 2.4
      vertex -71.6421 128.44 2.4
    endloop
  endfacet
  facet normal 0.701546 -0.105232 0.704812
    outer loop
      vertex -71.6855 128.222 2.4
      vertex -73.2616 128.431 4
      vertex -73.2619 128.429 4
    endloop
  endfacet
  facet normal 0.70853 -0.046518 0.704146
    outer loop
      vertex -71.7 128 2.4
      vertex -73.262 128.428 4
      vertex -73.2901 128 4
    endloop
  endfacet
  facet normal 0.70853 0.046518 0.704146
    outer loop
      vertex -73.262 127.572 4
      vertex -71.7 128 2.4
      vertex -73.2901 128 4
    endloop
  endfacet
  facet normal -0.59058 0.394216 0.704137
    outer loop
      vertex -67.3898 125.997 4
      vertex -67.1515 126.354 4
      vertex -68.6513 126.965 2.4
    endloop
  endfacet
  facet normal -0.53344 0.468665 0.704127
    outer loop
      vertex -67.6727 125.675 4
      vertex -67.3898 125.997 4
      vertex -68.6513 126.965 2.4
    endloop
  endfacet
  facet normal -0.395275 0.589935 0.704084
    outer loop
      vertex -68.3538 125.151 4
      vertex -67.9971 125.39 4
      vertex -68.9651 126.651 2.4
    endloop
  endfacet
  facet normal 0.696446 0.138297 0.704156
    outer loop
      vertex -73.178 127.148 4
      vertex -71.6421 127.56 2.4
      vertex -73.2616 127.569 4
    endloop
  endfacet
  facet normal 0.672306 0.228352 0.704173
    outer loop
      vertex -73.0401 126.742 4
      vertex -71.6421 127.56 2.4
      vertex -73.178 127.148 4
    endloop
  endfacet
  facet normal 0.636981 0.313858 0.704094
    outer loop
      vertex -72.8499 126.356 4
      vertex -71.5706 127.349 2.4
      vertex -73.0396 126.741 4
    endloop
  endfacet
  facet normal 0.59058 0.394216 0.704137
    outer loop
      vertex -72.6102 125.997 4
      vertex -71.3487 126.965 2.4
      vertex -72.8485 126.354 4
    endloop
  endfacet
  facet normal 0.53344 0.468665 0.704127
    outer loop
      vertex -72.3273 125.675 4
      vertex -71.3487 126.965 2.4
      vertex -72.6102 125.997 4
    endloop
  endfacet
  facet normal 0.468852 0.533279 0.704125
    outer loop
      vertex -71.2021 126.798 2.4
      vertex -72.3254 125.673 4
      vertex -71.0349 126.651 2.4
    endloop
  endfacet
  facet normal 0.501598 0.501598 0.704839
    outer loop
      vertex -72.3254 125.673 4
      vertex -71.2021 126.798 2.4
      vertex -72.3264 125.674 4
    endloop
  endfacet
  facet normal -0.468394 -0.533771 0.704057
    outer loop
      vertex -67.6746 130.327 4
      vertex -67.9971 130.61 4
      vertex -68.9651 129.349 2.4
    endloop
  endfacet
  facet normal -0.696446 -0.138297 0.704156
    outer loop
      vertex -66.7384 128.431 4
      vertex -66.822 128.852 4
      vertex -68.3579 128.44 2.4
    endloop
  endfacet
  facet normal -0.635264 -0.317632 0.703952
    outer loop
      vertex -68.4294 128.651 2.4
      vertex -66.9599 129.258 4
      vertex -66.9604 129.259 4
    endloop
  endfacet
  facet normal -0.672517 -0.227891 0.704121
    outer loop
      vertex -66.9599 129.258 4
      vertex -68.4294 128.651 2.4
      vertex -68.3579 128.44 2.4
    endloop
  endfacet
  facet normal -0.139024 -0.696277 0.704181
    outer loop
      vertex -69.56 129.642 2.4
      vertex -69.1485 131.178 4
      vertex -69.5692 131.262 4
    endloop
  endfacet
  facet normal -0.228405 -0.672306 0.704156
    outer loop
      vertex -68.7423 131.04 4
      vertex -69.1485 131.178 4
      vertex -69.56 129.642 2.4
    endloop
  endfacet
  facet normal -0.395275 -0.589935 0.704084
    outer loop
      vertex -67.9971 130.61 4
      vertex -68.3538 130.849 4
      vertex -68.9651 129.349 2.4
    endloop
  endfacet
  facet normal 0 -0.757951 0.652312
    outer loop
      vertex -69.15 129.472 2.4
      vertex -68.3538 130.849 4
      vertex -68.355 130.849 4
    endloop
  endfacet
  facet normal -0.393179 -0.591047 0.704325
    outer loop
      vertex -68.3538 130.849 4
      vertex -69.15 129.472 2.4
      vertex -68.9651 129.349 2.4
    endloop
  endfacet
  facet normal 0.0463434 -0.708558 0.704129
    outer loop
      vertex -70 129.7 2.4
      vertex -70 131.29 4
      vertex -70.4281 131.262 4
    endloop
  endfacet
  facet normal 0.139024 -0.696277 0.704181
    outer loop
      vertex -70.44 129.642 2.4
      vertex -70.4308 131.262 4
      vertex -70.8515 131.178 4
    endloop
  endfacet
  facet normal 0.228405 -0.672306 0.704156
    outer loop
      vertex -70.44 129.642 2.4
      vertex -70.8515 131.178 4
      vertex -71.2577 131.04 4
    endloop
  endfacet
  facet normal 0.31438 -0.636701 0.704114
    outer loop
      vertex -70.6506 129.571 2.4
      vertex -71.259 131.04 4
      vertex -71.6438 130.85 4
    endloop
  endfacet
  facet normal 0.395275 -0.589935 0.704084
    outer loop
      vertex -71.0349 129.349 2.4
      vertex -71.6462 130.849 4
      vertex -72.0029 130.61 4
    endloop
  endfacet
  facet normal 0.468394 -0.533771 0.704057
    outer loop
      vertex -71.0349 129.349 2.4
      vertex -72.0029 130.61 4
      vertex -72.3254 130.327 4
    endloop
  endfacet
  facet normal 0.527629 -0.474866 0.704351
    outer loop
      vertex -72.3273 130.325 4
      vertex -71.2021 129.202 2.4
      vertex -72.3264 130.326 4
    endloop
  endfacet
  facet normal 0.533655 -0.468466 0.704097
    outer loop
      vertex -71.2021 129.202 2.4
      vertex -72.3273 130.325 4
      vertex -71.3487 129.035 2.4
    endloop
  endfacet
  facet normal -0.636449 0.314707 0.704196
    outer loop
      vertex -68.5278 127.15 2.4
      vertex -67.1501 126.356 4
      vertex -68.4294 127.349 2.4
    endloop
  endfacet
  facet normal -0.60826 0.364956 0.704859
    outer loop
      vertex -67.1501 126.356 4
      vertex -68.5278 127.15 2.4
      vertex -67.1507 126.355 4
    endloop
  endfacet
  facet normal -0.557016 0.445613 0.70083
    outer loop
      vertex -68.5278 127.15 2.4
      vertex -67.1515 126.354 4
      vertex -67.1507 126.355 4
    endloop
  endfacet
  facet normal -0.590566 0.394243 0.704134
    outer loop
      vertex -67.1515 126.354 4
      vertex -68.5278 127.15 2.4
      vertex -68.6513 126.965 2.4
    endloop
  endfacet
  facet normal -0.393179 0.591047 0.704325
    outer loop
      vertex -69.15 126.528 2.4
      vertex -68.3538 125.151 4
      vertex -68.9651 126.651 2.4
    endloop
  endfacet
  facet normal 0 0.757951 0.652312
    outer loop
      vertex -68.3538 125.151 4
      vertex -69.15 126.528 2.4
      vertex -68.355 125.151 4
    endloop
  endfacet
  facet normal -0.457401 0.548881 0.699652
    outer loop
      vertex -69.15 126.528 2.4
      vertex -68.3562 125.15 4
      vertex -68.355 125.151 4
    endloop
  endfacet
  facet normal -0.315703 0.635871 0.704272
    outer loop
      vertex -68.3562 125.15 4
      vertex -69.15 126.528 2.4
      vertex -69.3494 126.429 2.4
    endloop
  endfacet
  facet normal 0.590566 0.394243 0.704134
    outer loop
      vertex -71.4722 127.15 2.4
      vertex -72.8485 126.354 4
      vertex -71.3487 126.965 2.4
    endloop
  endfacet
  facet normal 0.557016 0.445613 0.70083
    outer loop
      vertex -72.8485 126.354 4
      vertex -71.4722 127.15 2.4
      vertex -72.8493 126.355 4
    endloop
  endfacet
  facet normal 0.636449 0.314707 0.704196
    outer loop
      vertex -72.8499 126.356 4
      vertex -71.4722 127.15 2.4
      vertex -71.5706 127.349 2.4
    endloop
  endfacet
  facet normal 0.60826 0.364956 0.704859
    outer loop
      vertex -71.4722 127.15 2.4
      vertex -72.8499 126.356 4
      vertex -72.8493 126.355 4
    endloop
  endfacet
  facet normal -0.527629 -0.474866 0.704351
    outer loop
      vertex -68.7979 129.202 2.4
      vertex -67.6727 130.325 4
      vertex -67.6736 130.326 4
    endloop
  endfacet
  facet normal -0.533655 -0.468466 0.704097
    outer loop
      vertex -67.6727 130.325 4
      vertex -68.7979 129.202 2.4
      vertex -68.6513 129.035 2.4
    endloop
  endfacet
  facet normal -0.636981 -0.313858 0.704094
    outer loop
      vertex -66.9604 129.259 4
      vertex -67.1501 129.644 4
      vertex -68.4294 128.651 2.4
    endloop
  endfacet
  facet normal -0.672306 -0.228352 0.704173
    outer loop
      vertex -66.822 128.852 4
      vertex -66.9599 129.258 4
      vertex -68.3579 128.44 2.4
    endloop
  endfacet
  facet normal 0 -0.736619 0.676308
    outer loop
      vertex -68.7423 131.04 4
      vertex -69.3494 129.571 2.4
      vertex -68.741 131.04 4
    endloop
  endfacet
  facet normal -0.226889 -0.672997 0.703986
    outer loop
      vertex -69.3494 129.571 2.4
      vertex -68.7423 131.04 4
      vertex -69.56 129.642 2.4
    endloop
  endfacet
  facet normal -0.0478796 -0.708299 0.704287
    outer loop
      vertex -69.7781 129.685 2.4
      vertex -69.5719 131.262 4
      vertex -70 129.7 2.4
    endloop
  endfacet
  facet normal 0 -0.712207 0.701969
    outer loop
      vertex -69.5719 131.262 4
      vertex -69.7781 129.685 2.4
      vertex -69.5706 131.262 4
    endloop
  endfacet
  facet normal 0 -0.757951 0.652312
    outer loop
      vertex -71.6462 130.849 4
      vertex -70.85 129.472 2.4
      vertex -71.645 130.849 4
    endloop
  endfacet
  facet normal 0.393179 -0.591047 0.704325
    outer loop
      vertex -70.85 129.472 2.4
      vertex -71.6462 130.849 4
      vertex -71.0349 129.349 2.4
    endloop
  endfacet
  facet normal 0.315703 -0.635871 0.704272
    outer loop
      vertex -71.6438 130.85 4
      vertex -70.85 129.472 2.4
      vertex -70.6506 129.571 2.4
    endloop
  endfacet
  facet normal 0.457401 -0.548881 0.699652
    outer loop
      vertex -70.85 129.472 2.4
      vertex -71.6438 130.85 4
      vertex -71.645 130.849 4
    endloop
  endfacet
  facet normal -0.53344 -0.468665 0.704127
    outer loop
      vertex -67.3898 130.003 4
      vertex -67.6727 130.325 4
      vertex -68.6513 129.035 2.4
    endloop
  endfacet
  facet normal -0.59058 -0.394216 0.704137
    outer loop
      vertex -67.1515 129.646 4
      vertex -67.3898 130.003 4
      vertex -68.6513 129.035 2.4
    endloop
  endfacet
  facet normal -0.701546 -0.105232 0.704812
    outer loop
      vertex -66.7384 128.431 4
      vertex -68.3145 128.222 2.4
      vertex -66.7381 128.429 4
    endloop
  endfacet
  facet normal -0.696413 -0.138644 0.704121
    outer loop
      vertex -68.3145 128.222 2.4
      vertex -66.7384 128.431 4
      vertex -68.3579 128.44 2.4
    endloop
  endfacet
  facet normal -0.457401 -0.548881 0.699652
    outer loop
      vertex -68.3562 130.85 4
      vertex -69.15 129.472 2.4
      vertex -68.355 130.849 4
    endloop
  endfacet
  facet normal -0.315703 -0.635871 0.704272
    outer loop
      vertex -69.15 129.472 2.4
      vertex -68.3562 130.85 4
      vertex -69.3494 129.571 2.4
    endloop
  endfacet
  facet normal -0.501598 -0.501598 0.704839
    outer loop
      vertex -67.6746 130.327 4
      vertex -68.7979 129.202 2.4
      vertex -67.6736 130.326 4
    endloop
  endfacet
  facet normal -0.468852 -0.533279 0.704125
    outer loop
      vertex -68.7979 129.202 2.4
      vertex -67.6746 130.327 4
      vertex -68.9651 129.349 2.4
    endloop
  endfacet
  facet normal -0.60826 -0.364956 0.704859
    outer loop
      vertex -68.5278 128.85 2.4
      vertex -67.1501 129.644 4
      vertex -67.1507 129.645 4
    endloop
  endfacet
  facet normal -0.636449 -0.314707 0.704196
    outer loop
      vertex -67.1501 129.644 4
      vertex -68.5278 128.85 2.4
      vertex -68.4294 128.651 2.4
    endloop
  endfacet
  facet normal 0.947128 -0.320856 0
    outer loop
      vertex -1.64207 128.44 2
      vertex -1.57059 128.651 0
      vertex -1.57059 128.651 2
    endloop
  endfacet
  facet normal 0.947128 -0.320856 0
    outer loop
      vertex -1.57059 128.651 0
      vertex -1.64207 128.44 2
      vertex -1.64207 128.44 0
    endloop
  endfacet
  facet normal 0.319508 0.947584 -0
    outer loop
      vertex -0.439992 126.358 0
      vertex -0.650561 126.429 2
      vertex -0.439992 126.358 2
    endloop
  endfacet
  facet normal 0.319508 0.947584 0
    outer loop
      vertex -0.650561 126.429 2
      vertex -0.439992 126.358 0
      vertex -0.650561 126.429 0
    endloop
  endfacet
  facet normal -0.444628 -0.895715 0
    outer loop
      vertex 0.650561 129.571 0
      vertex 0.849999 129.472 2
      vertex 0.650561 129.571 2
    endloop
  endfacet
  facet normal -0.444628 -0.895715 -0
    outer loop
      vertex 0.849999 129.472 2
      vertex 0.650561 129.571 0
      vertex 0.849999 129.472 0
    endloop
  endfacet
  facet normal 0.319508 -0.947584 0
    outer loop
      vertex -0.650561 129.571 0
      vertex -0.439992 129.642 2
      vertex -0.650561 129.571 2
    endloop
  endfacet
  facet normal 0.319508 -0.947584 0
    outer loop
      vertex -0.439992 129.642 2
      vertex -0.650561 129.571 0
      vertex -0.439992 129.642 0
    endloop
  endfacet
  facet normal 0.89649 -0.443064 0
    outer loop
      vertex -1.57059 128.651 2
      vertex -1.47224 128.85 0
      vertex -1.47224 128.85 2
    endloop
  endfacet
  facet normal 0.89649 -0.443064 0
    outer loop
      vertex -1.47224 128.85 0
      vertex -1.57059 128.651 2
      vertex -1.57059 128.651 0
    endloop
  endfacet
  facet normal 0.89649 0.443064 0
    outer loop
      vertex -1.47224 127.15 2
      vertex -1.57059 127.349 0
      vertex -1.57059 127.349 2
    endloop
  endfacet
  facet normal 0.89649 0.443064 0
    outer loop
      vertex -1.57059 127.349 0
      vertex -1.47224 127.15 2
      vertex -1.47224 127.15 0
    endloop
  endfacet
  facet normal -0.947128 -0.320856 0
    outer loop
      vertex 1.64207 128.44 0
      vertex 1.57059 128.651 2
      vertex 1.57059 128.651 0
    endloop
  endfacet
  facet normal -0.947128 -0.320856 0
    outer loop
      vertex 1.57059 128.651 2
      vertex 1.64207 128.44 0
      vertex 1.64207 128.44 2
    endloop
  endfacet
  facet normal -0.831621 -0.555343 0
    outer loop
      vertex 1.47224 128.85 0
      vertex 1.3487 129.035 2
      vertex 1.3487 129.035 0
    endloop
  endfacet
  facet normal -0.831621 -0.555343 0
    outer loop
      vertex 1.3487 129.035 2
      vertex 1.47224 128.85 0
      vertex 1.47224 128.85 2
    endloop
  endfacet
  facet normal -0.751472 -0.659765 0
    outer loop
      vertex 1.3487 129.035 0
      vertex 1.20208 129.202 2
      vertex 1.20208 129.202 0
    endloop
  endfacet
  facet normal -0.751472 -0.659765 0
    outer loop
      vertex 1.20208 129.202 2
      vertex 1.3487 129.035 0
      vertex 1.3487 129.035 2
    endloop
  endfacet
  facet normal -0.319508 -0.947584 0
    outer loop
      vertex 0.439992 129.642 0
      vertex 0.650561 129.571 2
      vertex 0.439992 129.642 2
    endloop
  endfacet
  facet normal -0.319508 -0.947584 -0
    outer loop
      vertex 0.650561 129.571 2
      vertex 0.439992 129.642 0
      vertex 0.650561 129.571 0
    endloop
  endfacet
  facet normal -0.0674459 -0.997723 0
    outer loop
      vertex 0 129.7 0
      vertex 0.221894 129.685 2
      vertex 0 129.7 2
    endloop
  endfacet
  facet normal -0.0674459 -0.997723 -0
    outer loop
      vertex 0.221894 129.685 2
      vertex 0 129.7 0
      vertex 0.221894 129.685 0
    endloop
  endfacet
  facet normal -0.193435 -0.981113 0
    outer loop
      vertex 0.221894 129.685 0
      vertex 0.439992 129.642 2
      vertex 0.221894 129.685 2
    endloop
  endfacet
  facet normal -0.193435 -0.981113 -0
    outer loop
      vertex 0.439992 129.642 2
      vertex 0.221894 129.685 0
      vertex 0.439992 129.642 0
    endloop
  endfacet
  facet normal 0.751472 -0.659765 0
    outer loop
      vertex -1.3487 129.035 2
      vertex -1.20208 129.202 0
      vertex -1.20208 129.202 2
    endloop
  endfacet
  facet normal 0.751472 -0.659765 0
    outer loop
      vertex -1.20208 129.202 0
      vertex -1.3487 129.035 2
      vertex -1.3487 129.035 0
    endloop
  endfacet
  facet normal 0.660306 -0.750997 0
    outer loop
      vertex -1.20208 129.202 0
      vertex -1.03489 129.349 2
      vertex -1.20208 129.202 2
    endloop
  endfacet
  facet normal 0.660306 -0.750997 0
    outer loop
      vertex -1.03489 129.349 2
      vertex -1.20208 129.202 0
      vertex -1.03489 129.349 0
    endloop
  endfacet
  facet normal -0.997862 -0.0653555 0
    outer loop
      vertex 1.7 128 0
      vertex 1.68546 128.222 2
      vertex 1.68546 128.222 0
    endloop
  endfacet
  facet normal -0.997862 -0.0653555 0
    outer loop
      vertex 1.68546 128.222 2
      vertex 1.7 128 0
      vertex 1.7 128 2
    endloop
  endfacet
  facet normal -0.319508 0.947584 0
    outer loop
      vertex 0.650561 126.429 0
      vertex 0.439992 126.358 2
      vertex 0.650561 126.429 2
    endloop
  endfacet
  facet normal -0.319508 0.947584 0
    outer loop
      vertex 0.439992 126.358 2
      vertex 0.650561 126.429 0
      vertex 0.439992 126.358 0
    endloop
  endfacet
  facet normal -0.831621 0.555343 0
    outer loop
      vertex 1.3487 126.965 0
      vertex 1.47224 127.15 2
      vertex 1.47224 127.15 0
    endloop
  endfacet
  facet normal -0.831621 0.555343 0
    outer loop
      vertex 1.47224 127.15 2
      vertex 1.3487 126.965 0
      vertex 1.3487 126.965 2
    endloop
  endfacet
  facet normal -0.751472 0.659765 0
    outer loop
      vertex 1.20208 126.798 0
      vertex 1.3487 126.965 2
      vertex 1.3487 126.965 0
    endloop
  endfacet
  facet normal -0.751472 0.659765 0
    outer loop
      vertex 1.3487 126.965 2
      vertex 1.20208 126.798 0
      vertex 1.20208 126.798 2
    endloop
  endfacet
  facet normal 0.660306 0.750997 -0
    outer loop
      vertex -1.03489 126.651 0
      vertex -1.20208 126.798 2
      vertex -1.03489 126.651 2
    endloop
  endfacet
  facet normal 0.660306 0.750997 0
    outer loop
      vertex -1.20208 126.798 2
      vertex -1.03489 126.651 0
      vertex -1.20208 126.798 0
    endloop
  endfacet
  facet normal 0.980762 0.195208 0
    outer loop
      vertex -1.64207 127.56 2
      vertex -1.68546 127.778 0
      vertex -1.68546 127.778 2
    endloop
  endfacet
  facet normal 0.980762 0.195208 0
    outer loop
      vertex -1.68546 127.778 0
      vertex -1.64207 127.56 2
      vertex -1.64207 127.56 0
    endloop
  endfacet
  facet normal -0.980762 -0.195208 0
    outer loop
      vertex 1.68546 128.222 0
      vertex 1.64207 128.44 2
      vertex 1.64207 128.44 0
    endloop
  endfacet
  facet normal -0.980762 -0.195208 0
    outer loop
      vertex 1.64207 128.44 2
      vertex 1.68546 128.222 0
      vertex 1.68546 128.222 2
    endloop
  endfacet
  facet normal -0.89649 -0.443064 0
    outer loop
      vertex 1.57059 128.651 0
      vertex 1.47224 128.85 2
      vertex 1.47224 128.85 0
    endloop
  endfacet
  facet normal -0.89649 -0.443064 0
    outer loop
      vertex 1.47224 128.85 2
      vertex 1.57059 128.651 0
      vertex 1.57059 128.651 2
    endloop
  endfacet
  facet normal -0.660306 -0.750997 0
    outer loop
      vertex 1.03489 129.349 0
      vertex 1.20208 129.202 2
      vertex 1.03489 129.349 2
    endloop
  endfacet
  facet normal -0.660306 -0.750997 -0
    outer loop
      vertex 1.20208 129.202 2
      vertex 1.03489 129.349 0
      vertex 1.20208 129.202 0
    endloop
  endfacet
  facet normal 0.997862 -0.0653555 0
    outer loop
      vertex -1.7 128 2
      vertex -1.68546 128.222 0
      vertex -1.68546 128.222 2
    endloop
  endfacet
  facet normal 0.997862 -0.0653555 0
    outer loop
      vertex -1.68546 128.222 0
      vertex -1.7 128 2
      vertex -1.7 128 0
    endloop
  endfacet
  facet normal 0.0674459 -0.997723 0
    outer loop
      vertex -0.221894 129.685 0
      vertex 0 129.7 2
      vertex -0.221894 129.685 2
    endloop
  endfacet
  facet normal 0.0674459 -0.997723 0
    outer loop
      vertex 0 129.7 2
      vertex -0.221894 129.685 0
      vertex 0 129.7 0
    endloop
  endfacet
  facet normal 0.193435 -0.981113 0
    outer loop
      vertex -0.439992 129.642 0
      vertex -0.221894 129.685 2
      vertex -0.439992 129.642 2
    endloop
  endfacet
  facet normal 0.193435 -0.981113 0
    outer loop
      vertex -0.221894 129.685 2
      vertex -0.439992 129.642 0
      vertex -0.221894 129.685 0
    endloop
  endfacet
  facet normal 0.444628 -0.895715 0
    outer loop
      vertex -0.849999 129.472 0
      vertex -0.650561 129.571 2
      vertex -0.849999 129.472 2
    endloop
  endfacet
  facet normal 0.444628 -0.895715 0
    outer loop
      vertex -0.650561 129.571 2
      vertex -0.849999 129.472 0
      vertex -0.650561 129.571 0
    endloop
  endfacet
  facet normal 0.553887 -0.832592 0
    outer loop
      vertex -1.03489 129.349 0
      vertex -0.849999 129.472 2
      vertex -1.03489 129.349 2
    endloop
  endfacet
  facet normal 0.553887 -0.832592 0
    outer loop
      vertex -0.849999 129.472 2
      vertex -1.03489 129.349 0
      vertex -0.849999 129.472 0
    endloop
  endfacet
  facet normal -0.997862 0.0653555 0
    outer loop
      vertex 1.68546 127.778 0
      vertex 1.7 128 2
      vertex 1.7 128 0
    endloop
  endfacet
  facet normal -0.997862 0.0653555 0
    outer loop
      vertex 1.7 128 2
      vertex 1.68546 127.778 0
      vertex 1.68546 127.778 2
    endloop
  endfacet
  facet normal -0.980762 0.195208 0
    outer loop
      vertex 1.64207 127.56 0
      vertex 1.68546 127.778 2
      vertex 1.68546 127.778 0
    endloop
  endfacet
  facet normal -0.980762 0.195208 0
    outer loop
      vertex 1.68546 127.778 2
      vertex 1.64207 127.56 0
      vertex 1.64207 127.56 2
    endloop
  endfacet
  facet normal -0.0674459 0.997723 0
    outer loop
      vertex 0.221894 126.315 0
      vertex 0 126.3 2
      vertex 0.221894 126.315 2
    endloop
  endfacet
  facet normal -0.0674459 0.997723 0
    outer loop
      vertex 0 126.3 2
      vertex 0.221894 126.315 0
      vertex 0 126.3 0
    endloop
  endfacet
  facet normal -0.193435 0.981113 0
    outer loop
      vertex 0.439992 126.358 0
      vertex 0.221894 126.315 2
      vertex 0.439992 126.358 2
    endloop
  endfacet
  facet normal -0.193435 0.981113 0
    outer loop
      vertex 0.221894 126.315 2
      vertex 0.439992 126.358 0
      vertex 0.221894 126.315 0
    endloop
  endfacet
  facet normal -0.444628 0.895715 0
    outer loop
      vertex 0.849999 126.528 0
      vertex 0.650561 126.429 2
      vertex 0.849999 126.528 2
    endloop
  endfacet
  facet normal -0.444628 0.895715 0
    outer loop
      vertex 0.650561 126.429 2
      vertex 0.849999 126.528 0
      vertex 0.650561 126.429 0
    endloop
  endfacet
  facet normal -0.660306 0.750997 0
    outer loop
      vertex 1.20208 126.798 0
      vertex 1.03489 126.651 2
      vertex 1.20208 126.798 2
    endloop
  endfacet
  facet normal -0.660306 0.750997 0
    outer loop
      vertex 1.03489 126.651 2
      vertex 1.20208 126.798 0
      vertex 1.03489 126.651 0
    endloop
  endfacet
  facet normal -0.553887 0.832592 0
    outer loop
      vertex 1.03489 126.651 0
      vertex 0.849999 126.528 2
      vertex 1.03489 126.651 2
    endloop
  endfacet
  facet normal -0.553887 0.832592 0
    outer loop
      vertex 0.849999 126.528 2
      vertex 1.03489 126.651 0
      vertex 0.849999 126.528 0
    endloop
  endfacet
  facet normal -0.947128 0.320856 0
    outer loop
      vertex 1.57059 127.349 0
      vertex 1.64207 127.56 2
      vertex 1.64207 127.56 0
    endloop
  endfacet
  facet normal -0.947128 0.320856 0
    outer loop
      vertex 1.64207 127.56 2
      vertex 1.57059 127.349 0
      vertex 1.57059 127.349 2
    endloop
  endfacet
  facet normal -0.89649 0.443064 0
    outer loop
      vertex 1.47224 127.15 0
      vertex 1.57059 127.349 2
      vertex 1.57059 127.349 0
    endloop
  endfacet
  facet normal -0.89649 0.443064 0
    outer loop
      vertex 1.57059 127.349 2
      vertex 1.47224 127.15 0
      vertex 1.47224 127.15 2
    endloop
  endfacet
  facet normal 0.193435 0.981113 -0
    outer loop
      vertex -0.221894 126.315 0
      vertex -0.439992 126.358 2
      vertex -0.221894 126.315 2
    endloop
  endfacet
  facet normal 0.193435 0.981113 0
    outer loop
      vertex -0.439992 126.358 2
      vertex -0.221894 126.315 0
      vertex -0.439992 126.358 0
    endloop
  endfacet
  facet normal 0.0674459 0.997723 -0
    outer loop
      vertex 0 126.3 0
      vertex -0.221894 126.315 2
      vertex 0 126.3 2
    endloop
  endfacet
  facet normal 0.0674459 0.997723 0
    outer loop
      vertex -0.221894 126.315 2
      vertex 0 126.3 0
      vertex -0.221894 126.315 0
    endloop
  endfacet
  facet normal 0.553887 0.832592 -0
    outer loop
      vertex -0.849999 126.528 0
      vertex -1.03489 126.651 2
      vertex -0.849999 126.528 2
    endloop
  endfacet
  facet normal 0.553887 0.832592 0
    outer loop
      vertex -1.03489 126.651 2
      vertex -0.849999 126.528 0
      vertex -1.03489 126.651 0
    endloop
  endfacet
  facet normal 0.444628 0.895715 -0
    outer loop
      vertex -0.650561 126.429 0
      vertex -0.849999 126.528 2
      vertex -0.650561 126.429 2
    endloop
  endfacet
  facet normal 0.444628 0.895715 0
    outer loop
      vertex -0.849999 126.528 2
      vertex -0.650561 126.429 0
      vertex -0.849999 126.528 0
    endloop
  endfacet
  facet normal 0.947128 0.320856 0
    outer loop
      vertex -1.57059 127.349 2
      vertex -1.64207 127.56 0
      vertex -1.64207 127.56 2
    endloop
  endfacet
  facet normal 0.947128 0.320856 0
    outer loop
      vertex -1.64207 127.56 0
      vertex -1.57059 127.349 2
      vertex -1.57059 127.349 0
    endloop
  endfacet
  facet normal 0.997862 0.0653555 0
    outer loop
      vertex -1.68546 127.778 2
      vertex -1.7 128 0
      vertex -1.7 128 2
    endloop
  endfacet
  facet normal 0.997862 0.0653555 0
    outer loop
      vertex -1.7 128 0
      vertex -1.68546 127.778 2
      vertex -1.68546 127.778 0
    endloop
  endfacet
  facet normal 0.751472 0.659765 0
    outer loop
      vertex -1.20208 126.798 2
      vertex -1.3487 126.965 0
      vertex -1.3487 126.965 2
    endloop
  endfacet
  facet normal 0.751472 0.659765 0
    outer loop
      vertex -1.3487 126.965 0
      vertex -1.20208 126.798 2
      vertex -1.20208 126.798 0
    endloop
  endfacet
  facet normal -0.553887 -0.832592 0
    outer loop
      vertex 0.849999 129.472 0
      vertex 1.03489 129.349 2
      vertex 0.849999 129.472 2
    endloop
  endfacet
  facet normal -0.553887 -0.832592 -0
    outer loop
      vertex 1.03489 129.349 2
      vertex 0.849999 129.472 0
      vertex 1.03489 129.349 0
    endloop
  endfacet
  facet normal 0.980762 -0.195208 0
    outer loop
      vertex -1.68546 128.222 2
      vertex -1.64207 128.44 0
      vertex -1.64207 128.44 2
    endloop
  endfacet
  facet normal 0.980762 -0.195208 0
    outer loop
      vertex -1.64207 128.44 0
      vertex -1.68546 128.222 2
      vertex -1.68546 128.222 0
    endloop
  endfacet
  facet normal 0.831621 -0.555343 0
    outer loop
      vertex -1.47224 128.85 2
      vertex -1.3487 129.035 0
      vertex -1.3487 129.035 2
    endloop
  endfacet
  facet normal 0.831621 -0.555343 0
    outer loop
      vertex -1.3487 129.035 0
      vertex -1.47224 128.85 2
      vertex -1.47224 128.85 0
    endloop
  endfacet
  facet normal 0.831621 0.555343 0
    outer loop
      vertex -1.3487 126.965 2
      vertex -1.47224 127.15 0
      vertex -1.47224 127.15 2
    endloop
  endfacet
  facet normal 0.831621 0.555343 0
    outer loop
      vertex -1.47224 127.15 0
      vertex -1.3487 126.965 2
      vertex -1.3487 126.965 0
    endloop
  endfacet
  facet normal 0.947781 -0.318922 0
    outer loop
      vertex -141.642 128.44 2.4
      vertex -141.571 128.651 0
      vertex -141.571 128.651 2.4
    endloop
  endfacet
  facet normal 0.947781 -0.318922 0
    outer loop
      vertex -141.571 128.651 0
      vertex -141.642 128.44 2.4
      vertex -141.642 128.44 0
    endloop
  endfacet
  facet normal 0.318922 0.947781 -0
    outer loop
      vertex -140.44 126.358 0
      vertex -140.651 126.429 2.4
      vertex -140.44 126.358 2.4
    endloop
  endfacet
  facet normal 0.318922 0.947781 0
    outer loop
      vertex -140.651 126.429 2.4
      vertex -140.44 126.358 0
      vertex -140.651 126.429 0
    endloop
  endfacet
  facet normal -0.445413 -0.895325 0
    outer loop
      vertex -139.349 129.571 0
      vertex -139.15 129.472 2.4
      vertex -139.349 129.571 2.4
    endloop
  endfacet
  facet normal -0.445413 -0.895325 -0
    outer loop
      vertex -139.15 129.472 2.4
      vertex -139.349 129.571 0
      vertex -139.15 129.472 0
    endloop
  endfacet
  facet normal 0.318922 -0.947781 0
    outer loop
      vertex -140.651 129.571 0
      vertex -140.44 129.642 2.4
      vertex -140.651 129.571 2.4
    endloop
  endfacet
  facet normal 0.318922 -0.947781 0
    outer loop
      vertex -140.44 129.642 2.4
      vertex -140.651 129.571 0
      vertex -140.44 129.642 0
    endloop
  endfacet
  facet normal 0.895325 -0.445413 0
    outer loop
      vertex -141.571 128.651 2.4
      vertex -141.472 128.85 0
      vertex -141.472 128.85 2.4
    endloop
  endfacet
  facet normal 0.895325 -0.445413 0
    outer loop
      vertex -141.472 128.85 0
      vertex -141.571 128.651 2.4
      vertex -141.571 128.651 0
    endloop
  endfacet
  facet normal 0.895325 0.445413 0
    outer loop
      vertex -141.472 127.15 2.4
      vertex -141.571 127.349 0
      vertex -141.571 127.349 2.4
    endloop
  endfacet
  facet normal 0.895325 0.445413 0
    outer loop
      vertex -141.571 127.349 0
      vertex -141.472 127.15 2.4
      vertex -141.472 127.15 0
    endloop
  endfacet
  facet normal -0.947781 -0.318922 0
    outer loop
      vertex -138.358 128.44 0
      vertex -138.429 128.651 2.4
      vertex -138.429 128.651 0
    endloop
  endfacet
  facet normal -0.947781 -0.318922 0
    outer loop
      vertex -138.429 128.651 2.4
      vertex -138.358 128.44 0
      vertex -138.358 128.44 2.4
    endloop
  endfacet
  facet normal -0.832742 -0.553661 0
    outer loop
      vertex -138.528 128.85 0
      vertex -138.651 129.035 2.4
      vertex -138.651 129.035 0
    endloop
  endfacet
  facet normal -0.832742 -0.553661 0
    outer loop
      vertex -138.651 129.035 2.4
      vertex -138.528 128.85 0
      vertex -138.528 128.85 2.4
    endloop
  endfacet
  facet normal -0.750624 -0.660729 0
    outer loop
      vertex -138.651 129.035 0
      vertex -138.798 129.202 2.4
      vertex -138.798 129.202 0
    endloop
  endfacet
  facet normal -0.750624 -0.660729 0
    outer loop
      vertex -138.798 129.202 2.4
      vertex -138.651 129.035 0
      vertex -138.651 129.035 2.4
    endloop
  endfacet
  facet normal -0.318922 -0.947781 0
    outer loop
      vertex -139.56 129.642 0
      vertex -139.349 129.571 2.4
      vertex -139.56 129.642 2.4
    endloop
  endfacet
  facet normal -0.318922 -0.947781 -0
    outer loop
      vertex -139.349 129.571 2.4
      vertex -139.56 129.642 0
      vertex -139.349 129.571 0
    endloop
  endfacet
  facet normal -0.0674139 -0.997725 0
    outer loop
      vertex -140 129.7 0
      vertex -139.778 129.685 2.4
      vertex -140 129.7 2.4
    endloop
  endfacet
  facet normal -0.0674139 -0.997725 -0
    outer loop
      vertex -139.778 129.685 2.4
      vertex -140 129.7 0
      vertex -139.778 129.685 0
    endloop
  endfacet
  facet normal -0.193519 -0.981097 0
    outer loop
      vertex -139.778 129.685 0
      vertex -139.56 129.642 2.4
      vertex -139.778 129.685 2.4
    endloop
  endfacet
  facet normal -0.193519 -0.981097 -0
    outer loop
      vertex -139.56 129.642 2.4
      vertex -139.778 129.685 0
      vertex -139.56 129.642 0
    endloop
  endfacet
  facet normal 0.750624 -0.660729 0
    outer loop
      vertex -141.349 129.035 2.4
      vertex -141.202 129.202 0
      vertex -141.202 129.202 2.4
    endloop
  endfacet
  facet normal 0.750624 -0.660729 0
    outer loop
      vertex -141.202 129.202 0
      vertex -141.349 129.035 2.4
      vertex -141.349 129.035 0
    endloop
  endfacet
  facet normal 0.660729 -0.750624 0
    outer loop
      vertex -141.202 129.202 0
      vertex -141.035 129.349 2.4
      vertex -141.202 129.202 2.4
    endloop
  endfacet
  facet normal 0.660729 -0.750624 0
    outer loop
      vertex -141.035 129.349 2.4
      vertex -141.202 129.202 0
      vertex -141.035 129.349 0
    endloop
  endfacet
  facet normal -0.997725 -0.0674139 0
    outer loop
      vertex -138.3 128 0
      vertex -138.315 128.222 2.4
      vertex -138.315 128.222 0
    endloop
  endfacet
  facet normal -0.997725 -0.0674139 0
    outer loop
      vertex -138.315 128.222 2.4
      vertex -138.3 128 0
      vertex -138.3 128 2.4
    endloop
  endfacet
  facet normal -0.318922 0.947781 0
    outer loop
      vertex -139.349 126.429 0
      vertex -139.56 126.358 2.4
      vertex -139.349 126.429 2.4
    endloop
  endfacet
  facet normal -0.318922 0.947781 0
    outer loop
      vertex -139.56 126.358 2.4
      vertex -139.349 126.429 0
      vertex -139.56 126.358 0
    endloop
  endfacet
  facet normal -0.832742 0.553661 0
    outer loop
      vertex -138.651 126.965 0
      vertex -138.528 127.15 2.4
      vertex -138.528 127.15 0
    endloop
  endfacet
  facet normal -0.832742 0.553661 0
    outer loop
      vertex -138.528 127.15 2.4
      vertex -138.651 126.965 0
      vertex -138.651 126.965 2.4
    endloop
  endfacet
  facet normal -0.750624 0.660729 0
    outer loop
      vertex -138.798 126.798 0
      vertex -138.651 126.965 2.4
      vertex -138.651 126.965 0
    endloop
  endfacet
  facet normal -0.750624 0.660729 0
    outer loop
      vertex -138.651 126.965 2.4
      vertex -138.798 126.798 0
      vertex -138.798 126.798 2.4
    endloop
  endfacet
  facet normal 0.660729 0.750624 -0
    outer loop
      vertex -141.035 126.651 0
      vertex -141.202 126.798 2.4
      vertex -141.035 126.651 2.4
    endloop
  endfacet
  facet normal 0.660729 0.750624 0
    outer loop
      vertex -141.202 126.798 2.4
      vertex -141.035 126.651 0
      vertex -141.202 126.798 0
    endloop
  endfacet
  facet normal 0.981097 0.193519 0
    outer loop
      vertex -141.642 127.56 2.4
      vertex -141.685 127.778 0
      vertex -141.685 127.778 2.4
    endloop
  endfacet
  facet normal 0.981097 0.193519 0
    outer loop
      vertex -141.685 127.778 0
      vertex -141.642 127.56 2.4
      vertex -141.642 127.56 0
    endloop
  endfacet
  facet normal -0.981097 -0.193519 0
    outer loop
      vertex -138.315 128.222 0
      vertex -138.358 128.44 2.4
      vertex -138.358 128.44 0
    endloop
  endfacet
  facet normal -0.981097 -0.193519 0
    outer loop
      vertex -138.358 128.44 2.4
      vertex -138.315 128.222 0
      vertex -138.315 128.222 2.4
    endloop
  endfacet
  facet normal -0.895325 -0.445413 0
    outer loop
      vertex -138.429 128.651 0
      vertex -138.528 128.85 2.4
      vertex -138.528 128.85 0
    endloop
  endfacet
  facet normal -0.895325 -0.445413 0
    outer loop
      vertex -138.528 128.85 2.4
      vertex -138.429 128.651 0
      vertex -138.429 128.651 2.4
    endloop
  endfacet
  facet normal -0.660729 -0.750624 0
    outer loop
      vertex -138.965 129.349 0
      vertex -138.798 129.202 2.4
      vertex -138.965 129.349 2.4
    endloop
  endfacet
  facet normal -0.660729 -0.750624 -0
    outer loop
      vertex -138.798 129.202 2.4
      vertex -138.965 129.349 0
      vertex -138.798 129.202 0
    endloop
  endfacet
  facet normal 0.997725 -0.0674139 0
    outer loop
      vertex -141.7 128 2.4
      vertex -141.685 128.222 0
      vertex -141.685 128.222 2.4
    endloop
  endfacet
  facet normal 0.997725 -0.0674139 0
    outer loop
      vertex -141.685 128.222 0
      vertex -141.7 128 2.4
      vertex -141.7 128 0
    endloop
  endfacet
  facet normal 0.0674139 -0.997725 0
    outer loop
      vertex -140.222 129.685 0
      vertex -140 129.7 2.4
      vertex -140.222 129.685 2.4
    endloop
  endfacet
  facet normal 0.0674139 -0.997725 0
    outer loop
      vertex -140 129.7 2.4
      vertex -140.222 129.685 0
      vertex -140 129.7 0
    endloop
  endfacet
  facet normal 0.193519 -0.981097 0
    outer loop
      vertex -140.44 129.642 0
      vertex -140.222 129.685 2.4
      vertex -140.44 129.642 2.4
    endloop
  endfacet
  facet normal 0.193519 -0.981097 0
    outer loop
      vertex -140.222 129.685 2.4
      vertex -140.44 129.642 0
      vertex -140.222 129.685 0
    endloop
  endfacet
  facet normal 0.445413 -0.895325 0
    outer loop
      vertex -140.85 129.472 0
      vertex -140.651 129.571 2.4
      vertex -140.85 129.472 2.4
    endloop
  endfacet
  facet normal 0.445413 -0.895325 0
    outer loop
      vertex -140.651 129.571 2.4
      vertex -140.85 129.472 0
      vertex -140.651 129.571 0
    endloop
  endfacet
  facet normal 0.553661 -0.832742 0
    outer loop
      vertex -141.035 129.349 0
      vertex -140.85 129.472 2.4
      vertex -141.035 129.349 2.4
    endloop
  endfacet
  facet normal 0.553661 -0.832742 0
    outer loop
      vertex -140.85 129.472 2.4
      vertex -141.035 129.349 0
      vertex -140.85 129.472 0
    endloop
  endfacet
  facet normal -0.997725 0.0674139 0
    outer loop
      vertex -138.315 127.778 0
      vertex -138.3 128 2.4
      vertex -138.3 128 0
    endloop
  endfacet
  facet normal -0.997725 0.0674139 0
    outer loop
      vertex -138.3 128 2.4
      vertex -138.315 127.778 0
      vertex -138.315 127.778 2.4
    endloop
  endfacet
  facet normal -0.981097 0.193519 0
    outer loop
      vertex -138.358 127.56 0
      vertex -138.315 127.778 2.4
      vertex -138.315 127.778 0
    endloop
  endfacet
  facet normal -0.981097 0.193519 0
    outer loop
      vertex -138.315 127.778 2.4
      vertex -138.358 127.56 0
      vertex -138.358 127.56 2.4
    endloop
  endfacet
  facet normal -0.0674139 0.997725 0
    outer loop
      vertex -139.778 126.315 0
      vertex -140 126.3 2.4
      vertex -139.778 126.315 2.4
    endloop
  endfacet
  facet normal -0.0674139 0.997725 0
    outer loop
      vertex -140 126.3 2.4
      vertex -139.778 126.315 0
      vertex -140 126.3 0
    endloop
  endfacet
  facet normal -0.193519 0.981097 0
    outer loop
      vertex -139.56 126.358 0
      vertex -139.778 126.315 2.4
      vertex -139.56 126.358 2.4
    endloop
  endfacet
  facet normal -0.193519 0.981097 0
    outer loop
      vertex -139.778 126.315 2.4
      vertex -139.56 126.358 0
      vertex -139.778 126.315 0
    endloop
  endfacet
  facet normal -0.445413 0.895325 0
    outer loop
      vertex -139.15 126.528 0
      vertex -139.349 126.429 2.4
      vertex -139.15 126.528 2.4
    endloop
  endfacet
  facet normal -0.445413 0.895325 0
    outer loop
      vertex -139.349 126.429 2.4
      vertex -139.15 126.528 0
      vertex -139.349 126.429 0
    endloop
  endfacet
  facet normal -0.660729 0.750624 0
    outer loop
      vertex -138.798 126.798 0
      vertex -138.965 126.651 2.4
      vertex -138.798 126.798 2.4
    endloop
  endfacet
  facet normal -0.660729 0.750624 0
    outer loop
      vertex -138.965 126.651 2.4
      vertex -138.798 126.798 0
      vertex -138.965 126.651 0
    endloop
  endfacet
  facet normal -0.553661 0.832742 0
    outer loop
      vertex -138.965 126.651 0
      vertex -139.15 126.528 2.4
      vertex -138.965 126.651 2.4
    endloop
  endfacet
  facet normal -0.553661 0.832742 0
    outer loop
      vertex -139.15 126.528 2.4
      vertex -138.965 126.651 0
      vertex -139.15 126.528 0
    endloop
  endfacet
  facet normal -0.947781 0.318922 0
    outer loop
      vertex -138.429 127.349 0
      vertex -138.358 127.56 2.4
      vertex -138.358 127.56 0
    endloop
  endfacet
  facet normal -0.947781 0.318922 0
    outer loop
      vertex -138.358 127.56 2.4
      vertex -138.429 127.349 0
      vertex -138.429 127.349 2.4
    endloop
  endfacet
  facet normal -0.895325 0.445413 0
    outer loop
      vertex -138.528 127.15 0
      vertex -138.429 127.349 2.4
      vertex -138.429 127.349 0
    endloop
  endfacet
  facet normal -0.895325 0.445413 0
    outer loop
      vertex -138.429 127.349 2.4
      vertex -138.528 127.15 0
      vertex -138.528 127.15 2.4
    endloop
  endfacet
  facet normal 0.193519 0.981097 -0
    outer loop
      vertex -140.222 126.315 0
      vertex -140.44 126.358 2.4
      vertex -140.222 126.315 2.4
    endloop
  endfacet
  facet normal 0.193519 0.981097 0
    outer loop
      vertex -140.44 126.358 2.4
      vertex -140.222 126.315 0
      vertex -140.44 126.358 0
    endloop
  endfacet
  facet normal 0.0674139 0.997725 -0
    outer loop
      vertex -140 126.3 0
      vertex -140.222 126.315 2.4
      vertex -140 126.3 2.4
    endloop
  endfacet
  facet normal 0.0674139 0.997725 0
    outer loop
      vertex -140.222 126.315 2.4
      vertex -140 126.3 0
      vertex -140.222 126.315 0
    endloop
  endfacet
  facet normal 0.553661 0.832742 -0
    outer loop
      vertex -140.85 126.528 0
      vertex -141.035 126.651 2.4
      vertex -140.85 126.528 2.4
    endloop
  endfacet
  facet normal 0.553661 0.832742 0
    outer loop
      vertex -141.035 126.651 2.4
      vertex -140.85 126.528 0
      vertex -141.035 126.651 0
    endloop
  endfacet
  facet normal 0.445413 0.895325 -0
    outer loop
      vertex -140.651 126.429 0
      vertex -140.85 126.528 2.4
      vertex -140.651 126.429 2.4
    endloop
  endfacet
  facet normal 0.445413 0.895325 0
    outer loop
      vertex -140.85 126.528 2.4
      vertex -140.651 126.429 0
      vertex -140.85 126.528 0
    endloop
  endfacet
  facet normal 0.947781 0.318922 0
    outer loop
      vertex -141.571 127.349 2.4
      vertex -141.642 127.56 0
      vertex -141.642 127.56 2.4
    endloop
  endfacet
  facet normal 0.947781 0.318922 0
    outer loop
      vertex -141.642 127.56 0
      vertex -141.571 127.349 2.4
      vertex -141.571 127.349 0
    endloop
  endfacet
  facet normal 0.997725 0.0674139 0
    outer loop
      vertex -141.685 127.778 2.4
      vertex -141.7 128 0
      vertex -141.7 128 2.4
    endloop
  endfacet
  facet normal 0.997725 0.0674139 0
    outer loop
      vertex -141.7 128 0
      vertex -141.685 127.778 2.4
      vertex -141.685 127.778 0
    endloop
  endfacet
  facet normal 0.750624 0.660729 0
    outer loop
      vertex -141.202 126.798 2.4
      vertex -141.349 126.965 0
      vertex -141.349 126.965 2.4
    endloop
  endfacet
  facet normal 0.750624 0.660729 0
    outer loop
      vertex -141.349 126.965 0
      vertex -141.202 126.798 2.4
      vertex -141.202 126.798 0
    endloop
  endfacet
  facet normal -0.553661 -0.832742 0
    outer loop
      vertex -139.15 129.472 0
      vertex -138.965 129.349 2.4
      vertex -139.15 129.472 2.4
    endloop
  endfacet
  facet normal -0.553661 -0.832742 -0
    outer loop
      vertex -138.965 129.349 2.4
      vertex -139.15 129.472 0
      vertex -138.965 129.349 0
    endloop
  endfacet
  facet normal 0.981097 -0.193519 0
    outer loop
      vertex -141.685 128.222 2.4
      vertex -141.642 128.44 0
      vertex -141.642 128.44 2.4
    endloop
  endfacet
  facet normal 0.981097 -0.193519 0
    outer loop
      vertex -141.642 128.44 0
      vertex -141.685 128.222 2.4
      vertex -141.685 128.222 0
    endloop
  endfacet
  facet normal 0.832742 -0.553661 0
    outer loop
      vertex -141.472 128.85 2.4
      vertex -141.349 129.035 0
      vertex -141.349 129.035 2.4
    endloop
  endfacet
  facet normal 0.832742 -0.553661 0
    outer loop
      vertex -141.349 129.035 0
      vertex -141.472 128.85 2.4
      vertex -141.472 128.85 0
    endloop
  endfacet
  facet normal 0.832742 0.553661 0
    outer loop
      vertex -141.349 126.965 2.4
      vertex -141.472 127.15 0
      vertex -141.472 127.15 2.4
    endloop
  endfacet
  facet normal 0.832742 0.553661 0
    outer loop
      vertex -141.472 127.15 0
      vertex -141.349 126.965 2.4
      vertex -141.349 126.965 0
    endloop
  endfacet
  facet normal -0.672241 0.228496 0.704189
    outer loop
      vertex -136.96 126.742 4
      vertex -136.822 127.148 4
      vertex -138.358 127.56 2.4
    endloop
  endfacet
  facet normal -0.708557 -0.0463542 0.704129
    outer loop
      vertex -136.71 128 4
      vertex -136.738 128.428 4
      vertex -138.3 128 2.4
    endloop
  endfacet
  facet normal -0.712207 0 0.701969
    outer loop
      vertex -138.315 128.222 2.4
      vertex -136.738 128.428 4
      vertex -136.738 128.429 4
    endloop
  endfacet
  facet normal -0.708304 -0.0478584 0.704284
    outer loop
      vertex -136.738 128.428 4
      vertex -138.315 128.222 2.4
      vertex -138.3 128 2.4
    endloop
  endfacet
  facet normal -0.708304 0.0478584 0.704284
    outer loop
      vertex -138.315 127.778 2.4
      vertex -136.738 127.572 4
      vertex -138.3 128 2.4
    endloop
  endfacet
  facet normal -0.712207 0 0.701969
    outer loop
      vertex -136.738 127.572 4
      vertex -138.315 127.778 2.4
      vertex -136.738 127.571 4
    endloop
  endfacet
  facet normal 0.708304 0.0478584 0.704284
    outer loop
      vertex -143.262 127.572 4
      vertex -141.685 127.778 2.4
      vertex -141.7 128 2.4
    endloop
  endfacet
  facet normal 0.712207 0 0.701969
    outer loop
      vertex -141.685 127.778 2.4
      vertex -143.262 127.572 4
      vertex -143.262 127.571 4
    endloop
  endfacet
  facet normal 0 -0.712207 0.701969
    outer loop
      vertex -140.222 129.685 2.4
      vertex -140.428 131.262 4
      vertex -140.429 131.262 4
    endloop
  endfacet
  facet normal 0.0478584 -0.708304 0.704284
    outer loop
      vertex -140.428 131.262 4
      vertex -140.222 129.685 2.4
      vertex -140 129.7 2.4
    endloop
  endfacet
  facet normal 0 0.712207 0.701969
    outer loop
      vertex -139.778 126.315 2.4
      vertex -139.572 124.738 4
      vertex -139.571 124.738 4
    endloop
  endfacet
  facet normal -0.0478584 0.708304 0.704284
    outer loop
      vertex -139.572 124.738 4
      vertex -139.778 126.315 2.4
      vertex -140 126.3 2.4
    endloop
  endfacet
  facet normal 0.591161 -0.393042 0.704306
    outer loop
      vertex -142.849 129.646 4
      vertex -141.472 128.85 2.4
      vertex -141.349 129.035 2.4
    endloop
  endfacet
  facet normal 0.757951 0 0.652312
    outer loop
      vertex -141.472 128.85 2.4
      vertex -142.849 129.646 4
      vertex -142.849 129.645 4
    endloop
  endfacet
  facet normal -0.533024 0.469188 0.704094
    outer loop
      vertex -138.798 126.798 2.4
      vertex -137.673 125.675 4
      vertex -138.651 126.965 2.4
    endloop
  endfacet
  facet normal -0.501631 0.501631 0.704792
    outer loop
      vertex -137.673 125.675 4
      vertex -138.798 126.798 2.4
      vertex -137.674 125.674 4
    endloop
  endfacet
  facet normal -0.708557 0.0463542 0.704129
    outer loop
      vertex -136.738 127.572 4
      vertex -136.71 128 4
      vertex -138.3 128 2.4
    endloop
  endfacet
  facet normal 0.393042 0.591161 0.704306
    outer loop
      vertex -141.646 125.151 4
      vertex -140.85 126.528 2.4
      vertex -141.035 126.651 2.4
    endloop
  endfacet
  facet normal 0 0.757951 0.652312
    outer loop
      vertex -140.85 126.528 2.4
      vertex -141.646 125.151 4
      vertex -141.645 125.151 4
    endloop
  endfacet
  facet normal 0.138925 0.696278 0.7042
    outer loop
      vertex -140.431 124.738 4
      vertex -140.44 126.358 2.4
      vertex -140.852 124.822 4
    endloop
  endfacet
  facet normal -0.314264 -0.636797 0.704079
    outer loop
      vertex -138.356 130.85 4
      vertex -138.741 131.04 4
      vertex -139.349 129.571 2.4
    endloop
  endfacet
  facet normal 0.696278 -0.138925 0.7042
    outer loop
      vertex -141.642 128.44 2.4
      vertex -143.178 128.852 4
      vertex -143.262 128.431 4
    endloop
  endfacet
  facet normal -0.673147 0.226509 0.703965
    outer loop
      vertex -138.429 127.349 2.4
      vertex -136.96 126.742 4
      vertex -138.358 127.56 2.4
    endloop
  endfacet
  facet normal -0.736619 0 0.676308
    outer loop
      vertex -136.96 126.742 4
      vertex -138.429 127.349 2.4
      vertex -136.96 126.741 4
    endloop
  endfacet
  facet normal -0.636797 0.314264 0.704079
    outer loop
      vertex -137.15 126.356 4
      vertex -136.96 126.741 4
      vertex -138.429 127.349 2.4
    endloop
  endfacet
  facet normal -0.501631 0.501631 0.704792
    outer loop
      vertex -138.798 126.798 2.4
      vertex -137.675 125.673 4
      vertex -137.674 125.674 4
    endloop
  endfacet
  facet normal -0.469188 0.533024 0.704094
    outer loop
      vertex -137.675 125.673 4
      vertex -138.798 126.798 2.4
      vertex -138.965 126.651 2.4
    endloop
  endfacet
  facet normal -0.138925 0.696278 0.7042
    outer loop
      vertex -139.148 124.822 4
      vertex -139.56 126.358 2.4
      vertex -139.569 124.738 4
    endloop
  endfacet
  facet normal -0.314264 0.636797 0.704079
    outer loop
      vertex -138.741 124.96 4
      vertex -138.356 125.15 4
      vertex -139.349 126.429 2.4
    endloop
  endfacet
  facet normal 0.673147 0.226509 0.703965
    outer loop
      vertex -143.04 126.742 4
      vertex -141.571 127.349 2.4
      vertex -141.642 127.56 2.4
    endloop
  endfacet
  facet normal 0.736619 0 0.676308
    outer loop
      vertex -141.571 127.349 2.4
      vertex -143.04 126.742 4
      vertex -143.04 126.741 4
    endloop
  endfacet
  facet normal 0.533024 0.469188 0.704094
    outer loop
      vertex -142.327 125.675 4
      vertex -141.202 126.798 2.4
      vertex -141.349 126.965 2.4
    endloop
  endfacet
  facet normal 0.501631 0.501631 0.704792
    outer loop
      vertex -141.202 126.798 2.4
      vertex -142.327 125.675 4
      vertex -142.326 125.674 4
    endloop
  endfacet
  facet normal 0.228496 0.672241 0.704189
    outer loop
      vertex -140.852 124.822 4
      vertex -140.44 126.358 2.4
      vertex -141.258 124.96 4
    endloop
  endfacet
  facet normal 0.316196 0.635585 0.70431
    outer loop
      vertex -140.85 126.528 2.4
      vertex -141.644 125.15 4
      vertex -140.651 126.429 2.4
    endloop
  endfacet
  facet normal 0.510124 0.510124 0.692493
    outer loop
      vertex -141.644 125.15 4
      vertex -140.85 126.528 2.4
      vertex -141.645 125.151 4
    endloop
  endfacet
  facet normal 0.0478584 0.708304 0.704284
    outer loop
      vertex -140.222 126.315 2.4
      vertex -140.428 124.738 4
      vertex -140 126.3 2.4
    endloop
  endfacet
  facet normal 0 0.712207 0.701969
    outer loop
      vertex -140.428 124.738 4
      vertex -140.222 126.315 2.4
      vertex -140.429 124.738 4
    endloop
  endfacet
  facet normal -0.757951 0 0.652312
    outer loop
      vertex -137.151 129.646 4
      vertex -138.528 128.85 2.4
      vertex -137.151 129.645 4
    endloop
  endfacet
  facet normal -0.591161 -0.393042 0.704306
    outer loop
      vertex -138.528 128.85 2.4
      vertex -137.151 129.646 4
      vertex -138.651 129.035 2.4
    endloop
  endfacet
  facet normal 0.226509 -0.673147 0.703965
    outer loop
      vertex -141.258 131.04 4
      vertex -140.651 129.571 2.4
      vertex -140.44 129.642 2.4
    endloop
  endfacet
  facet normal 0 -0.736619 0.676308
    outer loop
      vertex -140.651 129.571 2.4
      vertex -141.258 131.04 4
      vertex -141.259 131.04 4
    endloop
  endfacet
  facet normal 0.469188 -0.533024 0.704094
    outer loop
      vertex -142.325 130.327 4
      vertex -141.202 129.202 2.4
      vertex -141.035 129.349 2.4
    endloop
  endfacet
  facet normal 0.501631 -0.501631 0.704792
    outer loop
      vertex -141.202 129.202 2.4
      vertex -142.325 130.327 4
      vertex -142.326 130.326 4
    endloop
  endfacet
  facet normal 0.672241 -0.228496 0.704189
    outer loop
      vertex -141.642 128.44 2.4
      vertex -143.04 129.258 4
      vertex -143.178 128.852 4
    endloop
  endfacet
  facet normal 0.510124 -0.510124 0.692493
    outer loop
      vertex -142.85 129.644 4
      vertex -141.472 128.85 2.4
      vertex -142.849 129.645 4
    endloop
  endfacet
  facet normal 0.635585 -0.316196 0.70431
    outer loop
      vertex -141.472 128.85 2.4
      vertex -142.85 129.644 4
      vertex -141.571 128.651 2.4
    endloop
  endfacet
  facet normal 0.712207 -0 0.701969
    outer loop
      vertex -143.262 128.428 4
      vertex -141.685 128.222 2.4
      vertex -143.262 128.429 4
    endloop
  endfacet
  facet normal 0.708304 -0.0478584 0.704284
    outer loop
      vertex -141.685 128.222 2.4
      vertex -143.262 128.428 4
      vertex -141.7 128 2.4
    endloop
  endfacet
  facet normal -0.712207 0 0.701969
    outer loop
      vertex -138.315 127.778 2.4
      vertex -136.738 127.569 4
      vertex -136.738 127.571 4
    endloop
  endfacet
  facet normal -0.696426 0.137368 0.704359
    outer loop
      vertex -136.738 127.569 4
      vertex -138.315 127.778 2.4
      vertex -138.358 127.56 2.4
    endloop
  endfacet
  facet normal -0.696278 0.138925 0.7042
    outer loop
      vertex -136.822 127.148 4
      vertex -136.738 127.569 4
      vertex -138.358 127.56 2.4
    endloop
  endfacet
  facet normal -0.137368 0.696426 0.704359
    outer loop
      vertex -139.778 126.315 2.4
      vertex -139.569 124.738 4
      vertex -139.56 126.358 2.4
    endloop
  endfacet
  facet normal 0 0.712207 0.701969
    outer loop
      vertex -139.569 124.738 4
      vertex -139.778 126.315 2.4
      vertex -139.571 124.738 4
    endloop
  endfacet
  facet normal -0.228496 0.672241 0.704189
    outer loop
      vertex -139.148 124.822 4
      vertex -138.742 124.96 4
      vertex -139.56 126.358 2.4
    endloop
  endfacet
  facet normal 0 0.736619 0.676308
    outer loop
      vertex -139.349 126.429 2.4
      vertex -138.742 124.96 4
      vertex -138.741 124.96 4
    endloop
  endfacet
  facet normal -0.226509 0.673147 0.703965
    outer loop
      vertex -138.742 124.96 4
      vertex -139.349 126.429 2.4
      vertex -139.56 126.358 2.4
    endloop
  endfacet
  facet normal -0.468816 0.533424 0.704039
    outer loop
      vertex -137.997 125.39 4
      vertex -137.675 125.673 4
      vertex -138.965 126.651 2.4
    endloop
  endfacet
  facet normal 0.696426 0.137368 0.704359
    outer loop
      vertex -141.685 127.778 2.4
      vertex -143.262 127.569 4
      vertex -141.642 127.56 2.4
    endloop
  endfacet
  facet normal 0.712207 -0 0.701969
    outer loop
      vertex -143.262 127.569 4
      vertex -141.685 127.778 2.4
      vertex -143.262 127.571 4
    endloop
  endfacet
  facet normal 0.468816 0.533424 0.704039
    outer loop
      vertex -142.003 125.39 4
      vertex -141.035 126.651 2.4
      vertex -142.325 125.673 4
    endloop
  endfacet
  facet normal 0.39505 0.590096 0.704075
    outer loop
      vertex -141.646 125.151 4
      vertex -141.035 126.651 2.4
      vertex -142.003 125.39 4
    endloop
  endfacet
  facet normal 0.226509 0.673147 0.703965
    outer loop
      vertex -140.651 126.429 2.4
      vertex -141.258 124.96 4
      vertex -140.44 126.358 2.4
    endloop
  endfacet
  facet normal 0 0.736619 0.676308
    outer loop
      vertex -141.258 124.96 4
      vertex -140.651 126.429 2.4
      vertex -141.259 124.96 4
    endloop
  endfacet
  facet normal 0.314264 0.636797 0.704079
    outer loop
      vertex -141.259 124.96 4
      vertex -140.651 126.429 2.4
      vertex -141.644 125.15 4
    endloop
  endfacet
  facet normal 0 0.712207 0.701969
    outer loop
      vertex -140.222 126.315 2.4
      vertex -140.431 124.738 4
      vertex -140.429 124.738 4
    endloop
  endfacet
  facet normal 0.137368 0.696426 0.704359
    outer loop
      vertex -140.431 124.738 4
      vertex -140.222 126.315 2.4
      vertex -140.44 126.358 2.4
    endloop
  endfacet
  facet normal 0.0463542 0.708557 0.704129
    outer loop
      vertex -140 124.71 4
      vertex -140 126.3 2.4
      vertex -140.428 124.738 4
    endloop
  endfacet
  facet normal -0.0463542 0.708557 0.704129
    outer loop
      vertex -139.572 124.738 4
      vertex -140 126.3 2.4
      vertex -140 124.71 4
    endloop
  endfacet
  facet normal 0 -0.712207 0.701969
    outer loop
      vertex -139.778 129.685 2.4
      vertex -139.569 131.262 4
      vertex -139.571 131.262 4
    endloop
  endfacet
  facet normal -0.137368 -0.696426 0.704359
    outer loop
      vertex -139.569 131.262 4
      vertex -139.778 129.685 2.4
      vertex -139.56 129.642 2.4
    endloop
  endfacet
  facet normal -0.0463542 -0.708557 0.704129
    outer loop
      vertex -139.572 131.262 4
      vertex -140 131.29 4
      vertex -140 129.7 2.4
    endloop
  endfacet
  facet normal 0 -0.712207 0.701969
    outer loop
      vertex -140.431 131.262 4
      vertex -140.222 129.685 2.4
      vertex -140.429 131.262 4
    endloop
  endfacet
  facet normal 0.137368 -0.696426 0.704359
    outer loop
      vertex -140.222 129.685 2.4
      vertex -140.431 131.262 4
      vertex -140.44 129.642 2.4
    endloop
  endfacet
  facet normal 0.533424 -0.468816 0.704039
    outer loop
      vertex -141.349 129.035 2.4
      vertex -142.327 130.325 4
      vertex -142.61 130.003 4
    endloop
  endfacet
  facet normal 0.590096 -0.39505 0.704075
    outer loop
      vertex -141.349 129.035 2.4
      vertex -142.61 130.003 4
      vertex -142.849 129.646 4
    endloop
  endfacet
  facet normal 0.736619 -0 0.676308
    outer loop
      vertex -143.04 129.258 4
      vertex -141.571 128.651 2.4
      vertex -143.04 129.259 4
    endloop
  endfacet
  facet normal 0.673147 -0.226509 0.703965
    outer loop
      vertex -141.571 128.651 2.4
      vertex -143.04 129.258 4
      vertex -141.642 128.44 2.4
    endloop
  endfacet
  facet normal 0.636797 -0.314264 0.704079
    outer loop
      vertex -141.571 128.651 2.4
      vertex -142.85 129.644 4
      vertex -143.04 129.259 4
    endloop
  endfacet
  facet normal 0.696426 -0.137368 0.704359
    outer loop
      vertex -143.262 128.431 4
      vertex -141.685 128.222 2.4
      vertex -141.642 128.44 2.4
    endloop
  endfacet
  facet normal 0.712207 0 0.701969
    outer loop
      vertex -141.685 128.222 2.4
      vertex -143.262 128.431 4
      vertex -143.262 128.429 4
    endloop
  endfacet
  facet normal 0.708557 -0.0463542 0.704129
    outer loop
      vertex -141.7 128 2.4
      vertex -143.262 128.428 4
      vertex -143.29 128 4
    endloop
  endfacet
  facet normal 0.708557 0.0463542 0.704129
    outer loop
      vertex -143.262 127.572 4
      vertex -141.7 128 2.4
      vertex -143.29 128 4
    endloop
  endfacet
  facet normal -0.590096 0.39505 0.704075
    outer loop
      vertex -137.39 125.997 4
      vertex -137.151 126.354 4
      vertex -138.651 126.965 2.4
    endloop
  endfacet
  facet normal -0.533424 0.468816 0.704039
    outer loop
      vertex -137.673 125.675 4
      vertex -137.39 125.997 4
      vertex -138.651 126.965 2.4
    endloop
  endfacet
  facet normal -0.39505 0.590096 0.704075
    outer loop
      vertex -138.354 125.151 4
      vertex -137.997 125.39 4
      vertex -138.965 126.651 2.4
    endloop
  endfacet
  facet normal 0.696278 0.138925 0.7042
    outer loop
      vertex -143.178 127.148 4
      vertex -141.642 127.56 2.4
      vertex -143.262 127.569 4
    endloop
  endfacet
  facet normal 0.672241 0.228496 0.704189
    outer loop
      vertex -143.04 126.742 4
      vertex -141.642 127.56 2.4
      vertex -143.178 127.148 4
    endloop
  endfacet
  facet normal 0.636797 0.314264 0.704079
    outer loop
      vertex -142.85 126.356 4
      vertex -141.571 127.349 2.4
      vertex -143.04 126.741 4
    endloop
  endfacet
  facet normal 0.590096 0.39505 0.704075
    outer loop
      vertex -142.61 125.997 4
      vertex -141.349 126.965 2.4
      vertex -142.849 126.354 4
    endloop
  endfacet
  facet normal 0.533424 0.468816 0.704039
    outer loop
      vertex -142.327 125.675 4
      vertex -141.349 126.965 2.4
      vertex -142.61 125.997 4
    endloop
  endfacet
  facet normal 0.469188 0.533024 0.704094
    outer loop
      vertex -141.202 126.798 2.4
      vertex -142.325 125.673 4
      vertex -141.035 126.651 2.4
    endloop
  endfacet
  facet normal 0.501631 0.501631 0.704792
    outer loop
      vertex -142.325 125.673 4
      vertex -141.202 126.798 2.4
      vertex -142.326 125.674 4
    endloop
  endfacet
  facet normal -0.468816 -0.533424 0.704039
    outer loop
      vertex -137.675 130.327 4
      vertex -137.997 130.61 4
      vertex -138.965 129.349 2.4
    endloop
  endfacet
  facet normal -0.696278 -0.138925 0.7042
    outer loop
      vertex -136.738 128.431 4
      vertex -136.822 128.852 4
      vertex -138.358 128.44 2.4
    endloop
  endfacet
  facet normal -0.736619 0 0.676308
    outer loop
      vertex -138.429 128.651 2.4
      vertex -136.96 129.258 4
      vertex -136.96 129.259 4
    endloop
  endfacet
  facet normal -0.673147 -0.226509 0.703965
    outer loop
      vertex -136.96 129.258 4
      vertex -138.429 128.651 2.4
      vertex -138.358 128.44 2.4
    endloop
  endfacet
  facet normal -0.138925 -0.696278 0.7042
    outer loop
      vertex -139.56 129.642 2.4
      vertex -139.148 131.178 4
      vertex -139.569 131.262 4
    endloop
  endfacet
  facet normal -0.228496 -0.672241 0.704189
    outer loop
      vertex -138.742 131.04 4
      vertex -139.148 131.178 4
      vertex -139.56 129.642 2.4
    endloop
  endfacet
  facet normal -0.39505 -0.590096 0.704075
    outer loop
      vertex -137.997 130.61 4
      vertex -138.354 130.849 4
      vertex -138.965 129.349 2.4
    endloop
  endfacet
  facet normal 0 -0.757951 0.652312
    outer loop
      vertex -139.15 129.472 2.4
      vertex -138.354 130.849 4
      vertex -138.355 130.849 4
    endloop
  endfacet
  facet normal -0.393042 -0.591161 0.704306
    outer loop
      vertex -138.354 130.849 4
      vertex -139.15 129.472 2.4
      vertex -138.965 129.349 2.4
    endloop
  endfacet
  facet normal 0.0463542 -0.708557 0.704129
    outer loop
      vertex -140 129.7 2.4
      vertex -140 131.29 4
      vertex -140.428 131.262 4
    endloop
  endfacet
  facet normal 0.138925 -0.696278 0.7042
    outer loop
      vertex -140.44 129.642 2.4
      vertex -140.431 131.262 4
      vertex -140.852 131.178 4
    endloop
  endfacet
  facet normal 0.228496 -0.672241 0.704189
    outer loop
      vertex -140.44 129.642 2.4
      vertex -140.852 131.178 4
      vertex -141.258 131.04 4
    endloop
  endfacet
  facet normal 0.314264 -0.636797 0.704079
    outer loop
      vertex -140.651 129.571 2.4
      vertex -141.259 131.04 4
      vertex -141.644 130.85 4
    endloop
  endfacet
  facet normal 0.39505 -0.590096 0.704075
    outer loop
      vertex -141.035 129.349 2.4
      vertex -141.646 130.849 4
      vertex -142.003 130.61 4
    endloop
  endfacet
  facet normal 0.468816 -0.533424 0.704039
    outer loop
      vertex -141.035 129.349 2.4
      vertex -142.003 130.61 4
      vertex -142.325 130.327 4
    endloop
  endfacet
  facet normal 0.501631 -0.501631 0.704792
    outer loop
      vertex -142.327 130.325 4
      vertex -141.202 129.202 2.4
      vertex -142.326 130.326 4
    endloop
  endfacet
  facet normal 0.533024 -0.469188 0.704094
    outer loop
      vertex -141.202 129.202 2.4
      vertex -142.327 130.325 4
      vertex -141.349 129.035 2.4
    endloop
  endfacet
  facet normal -0.635585 0.316196 0.70431
    outer loop
      vertex -138.528 127.15 2.4
      vertex -137.15 126.356 4
      vertex -138.429 127.349 2.4
    endloop
  endfacet
  facet normal -0.510124 0.510124 0.692493
    outer loop
      vertex -137.15 126.356 4
      vertex -138.528 127.15 2.4
      vertex -137.151 126.355 4
    endloop
  endfacet
  facet normal -0.757951 0 0.652312
    outer loop
      vertex -138.528 127.15 2.4
      vertex -137.151 126.354 4
      vertex -137.151 126.355 4
    endloop
  endfacet
  facet normal -0.591161 0.393042 0.704306
    outer loop
      vertex -137.151 126.354 4
      vertex -138.528 127.15 2.4
      vertex -138.651 126.965 2.4
    endloop
  endfacet
  facet normal -0.393042 0.591161 0.704306
    outer loop
      vertex -139.15 126.528 2.4
      vertex -138.354 125.151 4
      vertex -138.965 126.651 2.4
    endloop
  endfacet
  facet normal 0 0.757951 0.652312
    outer loop
      vertex -138.354 125.151 4
      vertex -139.15 126.528 2.4
      vertex -138.355 125.151 4
    endloop
  endfacet
  facet normal -0.510124 0.510124 0.692493
    outer loop
      vertex -139.15 126.528 2.4
      vertex -138.356 125.15 4
      vertex -138.355 125.151 4
    endloop
  endfacet
  facet normal -0.316196 0.635585 0.70431
    outer loop
      vertex -138.356 125.15 4
      vertex -139.15 126.528 2.4
      vertex -139.349 126.429 2.4
    endloop
  endfacet
  facet normal 0.591161 0.393042 0.704306
    outer loop
      vertex -141.472 127.15 2.4
      vertex -142.849 126.354 4
      vertex -141.349 126.965 2.4
    endloop
  endfacet
  facet normal 0.757951 -0 0.652312
    outer loop
      vertex -142.849 126.354 4
      vertex -141.472 127.15 2.4
      vertex -142.849 126.355 4
    endloop
  endfacet
  facet normal 0.635585 0.316196 0.70431
    outer loop
      vertex -142.85 126.356 4
      vertex -141.472 127.15 2.4
      vertex -141.571 127.349 2.4
    endloop
  endfacet
  facet normal 0.510124 0.510124 0.692493
    outer loop
      vertex -141.472 127.15 2.4
      vertex -142.85 126.356 4
      vertex -142.849 126.355 4
    endloop
  endfacet
  facet normal -0.501631 -0.501631 0.704792
    outer loop
      vertex -138.798 129.202 2.4
      vertex -137.673 130.325 4
      vertex -137.674 130.326 4
    endloop
  endfacet
  facet normal -0.533024 -0.469188 0.704094
    outer loop
      vertex -137.673 130.325 4
      vertex -138.798 129.202 2.4
      vertex -138.651 129.035 2.4
    endloop
  endfacet
  facet normal -0.636797 -0.314264 0.704079
    outer loop
      vertex -136.96 129.259 4
      vertex -137.15 129.644 4
      vertex -138.429 128.651 2.4
    endloop
  endfacet
  facet normal -0.672241 -0.228496 0.704189
    outer loop
      vertex -136.822 128.852 4
      vertex -136.96 129.258 4
      vertex -138.358 128.44 2.4
    endloop
  endfacet
  facet normal 0 -0.736619 0.676308
    outer loop
      vertex -138.742 131.04 4
      vertex -139.349 129.571 2.4
      vertex -138.741 131.04 4
    endloop
  endfacet
  facet normal -0.226509 -0.673147 0.703965
    outer loop
      vertex -139.349 129.571 2.4
      vertex -138.742 131.04 4
      vertex -139.56 129.642 2.4
    endloop
  endfacet
  facet normal -0.0478584 -0.708304 0.704284
    outer loop
      vertex -139.778 129.685 2.4
      vertex -139.572 131.262 4
      vertex -140 129.7 2.4
    endloop
  endfacet
  facet normal 0 -0.712207 0.701969
    outer loop
      vertex -139.572 131.262 4
      vertex -139.778 129.685 2.4
      vertex -139.571 131.262 4
    endloop
  endfacet
  facet normal 0 -0.757951 0.652312
    outer loop
      vertex -141.646 130.849 4
      vertex -140.85 129.472 2.4
      vertex -141.645 130.849 4
    endloop
  endfacet
  facet normal 0.393042 -0.591161 0.704306
    outer loop
      vertex -140.85 129.472 2.4
      vertex -141.646 130.849 4
      vertex -141.035 129.349 2.4
    endloop
  endfacet
  facet normal 0.316196 -0.635585 0.70431
    outer loop
      vertex -141.644 130.85 4
      vertex -140.85 129.472 2.4
      vertex -140.651 129.571 2.4
    endloop
  endfacet
  facet normal 0.510124 -0.510124 0.692493
    outer loop
      vertex -140.85 129.472 2.4
      vertex -141.644 130.85 4
      vertex -141.645 130.849 4
    endloop
  endfacet
  facet normal -0.533424 -0.468816 0.704039
    outer loop
      vertex -137.39 130.003 4
      vertex -137.673 130.325 4
      vertex -138.651 129.035 2.4
    endloop
  endfacet
  facet normal -0.590096 -0.39505 0.704075
    outer loop
      vertex -137.151 129.646 4
      vertex -137.39 130.003 4
      vertex -138.651 129.035 2.4
    endloop
  endfacet
  facet normal -0.712207 0 0.701969
    outer loop
      vertex -136.738 128.431 4
      vertex -138.315 128.222 2.4
      vertex -136.738 128.429 4
    endloop
  endfacet
  facet normal -0.696426 -0.137368 0.704359
    outer loop
      vertex -138.315 128.222 2.4
      vertex -136.738 128.431 4
      vertex -138.358 128.44 2.4
    endloop
  endfacet
  facet normal -0.510124 -0.510124 0.692493
    outer loop
      vertex -138.356 130.85 4
      vertex -139.15 129.472 2.4
      vertex -138.355 130.849 4
    endloop
  endfacet
  facet normal -0.316196 -0.635585 0.70431
    outer loop
      vertex -139.15 129.472 2.4
      vertex -138.356 130.85 4
      vertex -139.349 129.571 2.4
    endloop
  endfacet
  facet normal -0.501631 -0.501631 0.704792
    outer loop
      vertex -137.675 130.327 4
      vertex -138.798 129.202 2.4
      vertex -137.674 130.326 4
    endloop
  endfacet
  facet normal -0.469188 -0.533024 0.704094
    outer loop
      vertex -138.798 129.202 2.4
      vertex -137.675 130.327 4
      vertex -138.965 129.349 2.4
    endloop
  endfacet
  facet normal -0.510124 -0.510124 0.692493
    outer loop
      vertex -138.528 128.85 2.4
      vertex -137.15 129.644 4
      vertex -137.151 129.645 4
    endloop
  endfacet
  facet normal -0.635585 -0.316196 0.70431
    outer loop
      vertex -137.15 129.644 4
      vertex -138.528 128.85 2.4
      vertex -138.429 128.651 2.4
    endloop
  endfacet
  facet normal 0.947584 -0.319508 0
    outer loop
      vertex -184.642 0.439992 2.4
      vertex -184.571 0.650561 2
      vertex -184.571 0.650561 2.4
    endloop
  endfacet
  facet normal 0.947584 -0.319508 0
    outer loop
      vertex -184.571 0.650561 2
      vertex -184.642 0.439992 2.4
      vertex -184.642 0.439992 2
    endloop
  endfacet
  facet normal 0.320856 0.947128 -0
    outer loop
      vertex -183.44 -1.64207 2
      vertex -183.651 -1.57059 2.4
      vertex -183.44 -1.64207 2.4
    endloop
  endfacet
  facet normal 0.320856 0.947128 0
    outer loop
      vertex -183.651 -1.57059 2.4
      vertex -183.44 -1.64207 2
      vertex -183.651 -1.57059 2
    endloop
  endfacet
  facet normal -0.443064 -0.89649 0
    outer loop
      vertex -182.349 1.57059 2
      vertex -182.15 1.47224 2.4
      vertex -182.349 1.57059 2.4
    endloop
  endfacet
  facet normal -0.443064 -0.89649 -0
    outer loop
      vertex -182.15 1.47224 2.4
      vertex -182.349 1.57059 2
      vertex -182.15 1.47224 2
    endloop
  endfacet
  facet normal 0.320856 -0.947128 0
    outer loop
      vertex -183.651 1.57059 2
      vertex -183.44 1.64207 2.4
      vertex -183.651 1.57059 2.4
    endloop
  endfacet
  facet normal 0.320856 -0.947128 0
    outer loop
      vertex -183.44 1.64207 2.4
      vertex -183.651 1.57059 2
      vertex -183.44 1.64207 2
    endloop
  endfacet
  facet normal 0.895715 -0.444628 0
    outer loop
      vertex -184.571 0.650561 2.4
      vertex -184.472 0.849999 2
      vertex -184.472 0.849999 2.4
    endloop
  endfacet
  facet normal 0.895715 -0.444628 0
    outer loop
      vertex -184.472 0.849999 2
      vertex -184.571 0.650561 2.4
      vertex -184.571 0.650561 2
    endloop
  endfacet
  facet normal 0.895715 0.444628 0
    outer loop
      vertex -184.472 -0.849999 2.4
      vertex -184.571 -0.650561 2
      vertex -184.571 -0.650561 2.4
    endloop
  endfacet
  facet normal 0.895715 0.444628 0
    outer loop
      vertex -184.571 -0.650561 2
      vertex -184.472 -0.849999 2.4
      vertex -184.472 -0.849999 2
    endloop
  endfacet
  facet normal -0.947584 -0.319508 0
    outer loop
      vertex -181.358 0.439992 2
      vertex -181.429 0.650561 2.4
      vertex -181.429 0.650561 2
    endloop
  endfacet
  facet normal -0.947584 -0.319508 0
    outer loop
      vertex -181.429 0.650561 2.4
      vertex -181.358 0.439992 2
      vertex -181.358 0.439992 2.4
    endloop
  endfacet
  facet normal -0.832592 -0.553887 0
    outer loop
      vertex -181.528 0.849999 2
      vertex -181.651 1.03489 2.4
      vertex -181.651 1.03489 2
    endloop
  endfacet
  facet normal -0.832592 -0.553887 0
    outer loop
      vertex -181.651 1.03489 2.4
      vertex -181.528 0.849999 2
      vertex -181.528 0.849999 2.4
    endloop
  endfacet
  facet normal -0.750997 -0.660306 0
    outer loop
      vertex -181.651 1.03489 2
      vertex -181.798 1.20208 2.4
      vertex -181.798 1.20208 2
    endloop
  endfacet
  facet normal -0.750997 -0.660306 0
    outer loop
      vertex -181.798 1.20208 2.4
      vertex -181.651 1.03489 2
      vertex -181.651 1.03489 2.4
    endloop
  endfacet
  facet normal -0.320856 -0.947128 0
    outer loop
      vertex -182.56 1.64207 2
      vertex -182.349 1.57059 2.4
      vertex -182.56 1.64207 2.4
    endloop
  endfacet
  facet normal -0.320856 -0.947128 -0
    outer loop
      vertex -182.349 1.57059 2.4
      vertex -182.56 1.64207 2
      vertex -182.349 1.57059 2
    endloop
  endfacet
  facet normal -0.0653555 -0.997862 0
    outer loop
      vertex -183 1.7 2
      vertex -182.778 1.68546 2.4
      vertex -183 1.7 2.4
    endloop
  endfacet
  facet normal -0.0653555 -0.997862 -0
    outer loop
      vertex -182.778 1.68546 2.4
      vertex -183 1.7 2
      vertex -182.778 1.68546 2
    endloop
  endfacet
  facet normal -0.195208 -0.980762 0
    outer loop
      vertex -182.778 1.68546 2
      vertex -182.56 1.64207 2.4
      vertex -182.778 1.68546 2.4
    endloop
  endfacet
  facet normal -0.195208 -0.980762 -0
    outer loop
      vertex -182.56 1.64207 2.4
      vertex -182.778 1.68546 2
      vertex -182.56 1.64207 2
    endloop
  endfacet
  facet normal 0.750997 -0.660306 0
    outer loop
      vertex -184.349 1.03489 2.4
      vertex -184.202 1.20208 2
      vertex -184.202 1.20208 2.4
    endloop
  endfacet
  facet normal 0.750997 -0.660306 0
    outer loop
      vertex -184.202 1.20208 2
      vertex -184.349 1.03489 2.4
      vertex -184.349 1.03489 2
    endloop
  endfacet
  facet normal 0.659765 -0.751472 0
    outer loop
      vertex -184.202 1.20208 2
      vertex -184.035 1.3487 2.4
      vertex -184.202 1.20208 2.4
    endloop
  endfacet
  facet normal 0.659765 -0.751472 0
    outer loop
      vertex -184.035 1.3487 2.4
      vertex -184.202 1.20208 2
      vertex -184.035 1.3487 2
    endloop
  endfacet
  facet normal -0.997723 -0.0674459 0
    outer loop
      vertex -181.3 0 2
      vertex -181.315 0.221894 2.4
      vertex -181.315 0.221894 2
    endloop
  endfacet
  facet normal -0.997723 -0.0674459 0
    outer loop
      vertex -181.315 0.221894 2.4
      vertex -181.3 0 2
      vertex -181.3 0 2.4
    endloop
  endfacet
  facet normal -0.320856 0.947128 0
    outer loop
      vertex -182.349 -1.57059 2
      vertex -182.56 -1.64207 2.4
      vertex -182.349 -1.57059 2.4
    endloop
  endfacet
  facet normal -0.320856 0.947128 0
    outer loop
      vertex -182.56 -1.64207 2.4
      vertex -182.349 -1.57059 2
      vertex -182.56 -1.64207 2
    endloop
  endfacet
  facet normal -0.832592 0.553887 0
    outer loop
      vertex -181.651 -1.03489 2
      vertex -181.528 -0.849999 2.4
      vertex -181.528 -0.849999 2
    endloop
  endfacet
  facet normal -0.832592 0.553887 0
    outer loop
      vertex -181.528 -0.849999 2.4
      vertex -181.651 -1.03489 2
      vertex -181.651 -1.03489 2.4
    endloop
  endfacet
  facet normal -0.750997 0.660306 0
    outer loop
      vertex -181.798 -1.20208 2
      vertex -181.651 -1.03489 2.4
      vertex -181.651 -1.03489 2
    endloop
  endfacet
  facet normal -0.750997 0.660306 0
    outer loop
      vertex -181.651 -1.03489 2.4
      vertex -181.798 -1.20208 2
      vertex -181.798 -1.20208 2.4
    endloop
  endfacet
  facet normal 0.659765 0.751472 -0
    outer loop
      vertex -184.035 -1.3487 2
      vertex -184.202 -1.20208 2.4
      vertex -184.035 -1.3487 2.4
    endloop
  endfacet
  facet normal 0.659765 0.751472 0
    outer loop
      vertex -184.202 -1.20208 2.4
      vertex -184.035 -1.3487 2
      vertex -184.202 -1.20208 2
    endloop
  endfacet
  facet normal 0.981113 0.193435 0
    outer loop
      vertex -184.642 -0.439992 2.4
      vertex -184.685 -0.221894 2
      vertex -184.685 -0.221894 2.4
    endloop
  endfacet
  facet normal 0.981113 0.193435 0
    outer loop
      vertex -184.685 -0.221894 2
      vertex -184.642 -0.439992 2.4
      vertex -184.642 -0.439992 2
    endloop
  endfacet
  facet normal -0.981113 -0.193435 0
    outer loop
      vertex -181.315 0.221894 2
      vertex -181.358 0.439992 2.4
      vertex -181.358 0.439992 2
    endloop
  endfacet
  facet normal -0.981113 -0.193435 0
    outer loop
      vertex -181.358 0.439992 2.4
      vertex -181.315 0.221894 2
      vertex -181.315 0.221894 2.4
    endloop
  endfacet
  facet normal -0.895715 -0.444628 0
    outer loop
      vertex -181.429 0.650561 2
      vertex -181.528 0.849999 2.4
      vertex -181.528 0.849999 2
    endloop
  endfacet
  facet normal -0.895715 -0.444628 0
    outer loop
      vertex -181.528 0.849999 2.4
      vertex -181.429 0.650561 2
      vertex -181.429 0.650561 2.4
    endloop
  endfacet
  facet normal -0.659765 -0.751472 0
    outer loop
      vertex -181.965 1.3487 2
      vertex -181.798 1.20208 2.4
      vertex -181.965 1.3487 2.4
    endloop
  endfacet
  facet normal -0.659765 -0.751472 -0
    outer loop
      vertex -181.798 1.20208 2.4
      vertex -181.965 1.3487 2
      vertex -181.798 1.20208 2
    endloop
  endfacet
  facet normal 0.997723 -0.0674459 0
    outer loop
      vertex -184.7 0 2.4
      vertex -184.685 0.221894 2
      vertex -184.685 0.221894 2.4
    endloop
  endfacet
  facet normal 0.997723 -0.0674459 0
    outer loop
      vertex -184.685 0.221894 2
      vertex -184.7 0 2.4
      vertex -184.7 0 2
    endloop
  endfacet
  facet normal 0.0653555 -0.997862 0
    outer loop
      vertex -183.222 1.68546 2
      vertex -183 1.7 2.4
      vertex -183.222 1.68546 2.4
    endloop
  endfacet
  facet normal 0.0653555 -0.997862 0
    outer loop
      vertex -183 1.7 2.4
      vertex -183.222 1.68546 2
      vertex -183 1.7 2
    endloop
  endfacet
  facet normal 0.195208 -0.980762 0
    outer loop
      vertex -183.44 1.64207 2
      vertex -183.222 1.68546 2.4
      vertex -183.44 1.64207 2.4
    endloop
  endfacet
  facet normal 0.195208 -0.980762 0
    outer loop
      vertex -183.222 1.68546 2.4
      vertex -183.44 1.64207 2
      vertex -183.222 1.68546 2
    endloop
  endfacet
  facet normal 0.443064 -0.89649 0
    outer loop
      vertex -183.85 1.47224 2
      vertex -183.651 1.57059 2.4
      vertex -183.85 1.47224 2.4
    endloop
  endfacet
  facet normal 0.443064 -0.89649 0
    outer loop
      vertex -183.651 1.57059 2.4
      vertex -183.85 1.47224 2
      vertex -183.651 1.57059 2
    endloop
  endfacet
  facet normal 0.555343 -0.831621 0
    outer loop
      vertex -184.035 1.3487 2
      vertex -183.85 1.47224 2.4
      vertex -184.035 1.3487 2.4
    endloop
  endfacet
  facet normal 0.555343 -0.831621 0
    outer loop
      vertex -183.85 1.47224 2.4
      vertex -184.035 1.3487 2
      vertex -183.85 1.47224 2
    endloop
  endfacet
  facet normal -0.997723 0.0674459 0
    outer loop
      vertex -181.315 -0.221894 2
      vertex -181.3 0 2.4
      vertex -181.3 0 2
    endloop
  endfacet
  facet normal -0.997723 0.0674459 0
    outer loop
      vertex -181.3 0 2.4
      vertex -181.315 -0.221894 2
      vertex -181.315 -0.221894 2.4
    endloop
  endfacet
  facet normal -0.981113 0.193435 0
    outer loop
      vertex -181.358 -0.439992 2
      vertex -181.315 -0.221894 2.4
      vertex -181.315 -0.221894 2
    endloop
  endfacet
  facet normal -0.981113 0.193435 0
    outer loop
      vertex -181.315 -0.221894 2.4
      vertex -181.358 -0.439992 2
      vertex -181.358 -0.439992 2.4
    endloop
  endfacet
  facet normal -0.0653555 0.997862 0
    outer loop
      vertex -182.778 -1.68546 2
      vertex -183 -1.7 2.4
      vertex -182.778 -1.68546 2.4
    endloop
  endfacet
  facet normal -0.0653555 0.997862 0
    outer loop
      vertex -183 -1.7 2.4
      vertex -182.778 -1.68546 2
      vertex -183 -1.7 2
    endloop
  endfacet
  facet normal -0.195208 0.980762 0
    outer loop
      vertex -182.56 -1.64207 2
      vertex -182.778 -1.68546 2.4
      vertex -182.56 -1.64207 2.4
    endloop
  endfacet
  facet normal -0.195208 0.980762 0
    outer loop
      vertex -182.778 -1.68546 2.4
      vertex -182.56 -1.64207 2
      vertex -182.778 -1.68546 2
    endloop
  endfacet
  facet normal -0.443064 0.89649 0
    outer loop
      vertex -182.15 -1.47224 2
      vertex -182.349 -1.57059 2.4
      vertex -182.15 -1.47224 2.4
    endloop
  endfacet
  facet normal -0.443064 0.89649 0
    outer loop
      vertex -182.349 -1.57059 2.4
      vertex -182.15 -1.47224 2
      vertex -182.349 -1.57059 2
    endloop
  endfacet
  facet normal -0.659765 0.751472 0
    outer loop
      vertex -181.798 -1.20208 2
      vertex -181.965 -1.3487 2.4
      vertex -181.798 -1.20208 2.4
    endloop
  endfacet
  facet normal -0.659765 0.751472 0
    outer loop
      vertex -181.965 -1.3487 2.4
      vertex -181.798 -1.20208 2
      vertex -181.965 -1.3487 2
    endloop
  endfacet
  facet normal -0.555343 0.831621 0
    outer loop
      vertex -181.965 -1.3487 2
      vertex -182.15 -1.47224 2.4
      vertex -181.965 -1.3487 2.4
    endloop
  endfacet
  facet normal -0.555343 0.831621 0
    outer loop
      vertex -182.15 -1.47224 2.4
      vertex -181.965 -1.3487 2
      vertex -182.15 -1.47224 2
    endloop
  endfacet
  facet normal -0.947584 0.319508 0
    outer loop
      vertex -181.429 -0.650561 2
      vertex -181.358 -0.439992 2.4
      vertex -181.358 -0.439992 2
    endloop
  endfacet
  facet normal -0.947584 0.319508 0
    outer loop
      vertex -181.358 -0.439992 2.4
      vertex -181.429 -0.650561 2
      vertex -181.429 -0.650561 2.4
    endloop
  endfacet
  facet normal -0.895715 0.444628 0
    outer loop
      vertex -181.528 -0.849999 2
      vertex -181.429 -0.650561 2.4
      vertex -181.429 -0.650561 2
    endloop
  endfacet
  facet normal -0.895715 0.444628 0
    outer loop
      vertex -181.429 -0.650561 2.4
      vertex -181.528 -0.849999 2
      vertex -181.528 -0.849999 2.4
    endloop
  endfacet
  facet normal 0.195208 0.980762 -0
    outer loop
      vertex -183.222 -1.68546 2
      vertex -183.44 -1.64207 2.4
      vertex -183.222 -1.68546 2.4
    endloop
  endfacet
  facet normal 0.195208 0.980762 0
    outer loop
      vertex -183.44 -1.64207 2.4
      vertex -183.222 -1.68546 2
      vertex -183.44 -1.64207 2
    endloop
  endfacet
  facet normal 0.0653555 0.997862 -0
    outer loop
      vertex -183 -1.7 2
      vertex -183.222 -1.68546 2.4
      vertex -183 -1.7 2.4
    endloop
  endfacet
  facet normal 0.0653555 0.997862 0
    outer loop
      vertex -183.222 -1.68546 2.4
      vertex -183 -1.7 2
      vertex -183.222 -1.68546 2
    endloop
  endfacet
  facet normal 0.555343 0.831621 -0
    outer loop
      vertex -183.85 -1.47224 2
      vertex -184.035 -1.3487 2.4
      vertex -183.85 -1.47224 2.4
    endloop
  endfacet
  facet normal 0.555343 0.831621 0
    outer loop
      vertex -184.035 -1.3487 2.4
      vertex -183.85 -1.47224 2
      vertex -184.035 -1.3487 2
    endloop
  endfacet
  facet normal 0.443064 0.89649 -0
    outer loop
      vertex -183.651 -1.57059 2
      vertex -183.85 -1.47224 2.4
      vertex -183.651 -1.57059 2.4
    endloop
  endfacet
  facet normal 0.443064 0.89649 0
    outer loop
      vertex -183.85 -1.47224 2.4
      vertex -183.651 -1.57059 2
      vertex -183.85 -1.47224 2
    endloop
  endfacet
  facet normal 0.947584 0.319508 0
    outer loop
      vertex -184.571 -0.650561 2.4
      vertex -184.642 -0.439992 2
      vertex -184.642 -0.439992 2.4
    endloop
  endfacet
  facet normal 0.947584 0.319508 0
    outer loop
      vertex -184.642 -0.439992 2
      vertex -184.571 -0.650561 2.4
      vertex -184.571 -0.650561 2
    endloop
  endfacet
  facet normal 0.997723 0.0674459 0
    outer loop
      vertex -184.685 -0.221894 2.4
      vertex -184.7 0 2
      vertex -184.7 0 2.4
    endloop
  endfacet
  facet normal 0.997723 0.0674459 0
    outer loop
      vertex -184.7 0 2
      vertex -184.685 -0.221894 2.4
      vertex -184.685 -0.221894 2
    endloop
  endfacet
  facet normal 0.750997 0.660306 0
    outer loop
      vertex -184.202 -1.20208 2.4
      vertex -184.349 -1.03489 2
      vertex -184.349 -1.03489 2.4
    endloop
  endfacet
  facet normal 0.750997 0.660306 0
    outer loop
      vertex -184.349 -1.03489 2
      vertex -184.202 -1.20208 2.4
      vertex -184.202 -1.20208 2
    endloop
  endfacet
  facet normal -0.555343 -0.831621 0
    outer loop
      vertex -182.15 1.47224 2
      vertex -181.965 1.3487 2.4
      vertex -182.15 1.47224 2.4
    endloop
  endfacet
  facet normal -0.555343 -0.831621 -0
    outer loop
      vertex -181.965 1.3487 2.4
      vertex -182.15 1.47224 2
      vertex -181.965 1.3487 2
    endloop
  endfacet
  facet normal 0.981113 -0.193435 0
    outer loop
      vertex -184.685 0.221894 2.4
      vertex -184.642 0.439992 2
      vertex -184.642 0.439992 2.4
    endloop
  endfacet
  facet normal 0.981113 -0.193435 0
    outer loop
      vertex -184.642 0.439992 2
      vertex -184.685 0.221894 2.4
      vertex -184.685 0.221894 2
    endloop
  endfacet
  facet normal 0.832592 -0.553887 0
    outer loop
      vertex -184.472 0.849999 2.4
      vertex -184.349 1.03489 2
      vertex -184.349 1.03489 2.4
    endloop
  endfacet
  facet normal 0.832592 -0.553887 0
    outer loop
      vertex -184.349 1.03489 2
      vertex -184.472 0.849999 2.4
      vertex -184.472 0.849999 2
    endloop
  endfacet
  facet normal 0.832592 0.553887 0
    outer loop
      vertex -184.349 -1.03489 2.4
      vertex -184.472 -0.849999 2
      vertex -184.472 -0.849999 2.4
    endloop
  endfacet
  facet normal 0.832592 0.553887 0
    outer loop
      vertex -184.472 -0.849999 2
      vertex -184.349 -1.03489 2.4
      vertex -184.349 -1.03489 2
    endloop
  endfacet
  facet normal -0.672305 0.228399 0.704159
    outer loop
      vertex -179.96 -1.25774 4
      vertex -179.822 -0.85153 4
      vertex -181.358 -0.439992 2.4
    endloop
  endfacet
  facet normal -0.708558 -0.0463477 0.704129
    outer loop
      vertex -179.71 0 4
      vertex -179.738 0.42806 4
      vertex -181.3 0 2.4
    endloop
  endfacet
  facet normal -0.712207 0 0.701969
    outer loop
      vertex -181.315 0.221894 2.4
      vertex -179.738 0.42806 4
      vertex -179.738 0.429439 4
    endloop
  endfacet
  facet normal -0.708299 -0.0478809 0.704287
    outer loop
      vertex -179.738 0.42806 4
      vertex -181.315 0.221894 2.4
      vertex -181.3 0 2.4
    endloop
  endfacet
  facet normal -0.708299 0.0478809 0.704287
    outer loop
      vertex -181.315 -0.221894 2.4
      vertex -179.738 -0.42806 4
      vertex -181.3 0 2.4
    endloop
  endfacet
  facet normal -0.712207 0 0.701969
    outer loop
      vertex -179.738 -0.42806 4
      vertex -181.315 -0.221894 2.4
      vertex -179.738 -0.429439 4
    endloop
  endfacet
  facet normal 0.708299 0.0478809 0.704287
    outer loop
      vertex -186.262 -0.42806 4
      vertex -184.685 -0.221894 2.4
      vertex -184.7 0 2.4
    endloop
  endfacet
  facet normal 0.712207 0 0.701969
    outer loop
      vertex -184.685 -0.221894 2.4
      vertex -186.262 -0.42806 4
      vertex -186.262 -0.429439 4
    endloop
  endfacet
  facet normal 0.0636083 -0.706758 0.70459
    outer loop
      vertex -183.222 1.68546 2.4
      vertex -183.428 3.26201 4
      vertex -183.429 3.26192 4
    endloop
  endfacet
  facet normal 0.0464066 -0.708546 0.704137
    outer loop
      vertex -183.428 3.26201 4
      vertex -183.222 1.68546 2.4
      vertex -183 1.7 2.4
    endloop
  endfacet
  facet normal -0.0636083 0.706758 0.70459
    outer loop
      vertex -182.778 -1.68546 2.4
      vertex -182.572 -3.26201 4
      vertex -182.571 -3.26192 4
    endloop
  endfacet
  facet normal -0.0464066 0.708546 0.704137
    outer loop
      vertex -182.572 -3.26201 4
      vertex -182.778 -1.68546 2.4
      vertex -183 -1.7 2.4
    endloop
  endfacet
  facet normal 0.59104 -0.393194 0.704322
    outer loop
      vertex -185.849 1.64618 4
      vertex -184.472 0.849999 2.4
      vertex -184.349 1.03489 2.4
    endloop
  endfacet
  facet normal 0.757951 0 0.652312
    outer loop
      vertex -184.472 0.849999 2.4
      vertex -185.849 1.64618 4
      vertex -185.849 1.64503 4
    endloop
  endfacet
  facet normal -0.533263 0.468866 0.704127
    outer loop
      vertex -181.798 -1.20208 2.4
      vertex -180.673 -2.32539 4
      vertex -181.651 -1.03489 2.4
    endloop
  endfacet
  facet normal -0.511379 0.491711 0.704778
    outer loop
      vertex -180.673 -2.32539 4
      vertex -181.798 -1.20208 2.4
      vertex -180.674 -2.32643 4
    endloop
  endfacet
  facet normal -0.708558 0.0463477 0.704129
    outer loop
      vertex -179.738 -0.42806 4
      vertex -179.71 0 4
      vertex -181.3 0 2.4
    endloop
  endfacet
  facet normal 0.394336 0.590515 0.704125
    outer loop
      vertex -184.646 -2.84851 4
      vertex -183.85 -1.47224 2.4
      vertex -184.035 -1.3487 2.4
    endloop
  endfacet
  facet normal 0.434636 0.564463 0.701765
    outer loop
      vertex -183.85 -1.47224 2.4
      vertex -184.646 -2.84851 4
      vertex -184.645 -2.84928 4
    endloop
  endfacet
  facet normal 0.138439 0.696415 0.704159
    outer loop
      vertex -183.431 -3.26165 4
      vertex -183.44 -1.64207 2.4
      vertex -183.852 -3.17796 4
    endloop
  endfacet
  facet normal -0.313896 -0.636957 0.704099
    outer loop
      vertex -181.356 2.84989 4
      vertex -181.741 3.03962 4
      vertex -182.349 1.57059 2.4
    endloop
  endfacet
  facet normal 0.696278 -0.139012 0.704182
    outer loop
      vertex -184.642 0.439992 2.4
      vertex -186.178 0.85153 4
      vertex -186.262 0.430793 4
    endloop
  endfacet
  facet normal -0.672981 0.226917 0.703993
    outer loop
      vertex -181.429 -0.650561 2.4
      vertex -179.96 -1.25774 4
      vertex -181.358 -0.439992 2.4
    endloop
  endfacet
  facet normal -0.736619 0 0.676308
    outer loop
      vertex -179.96 -1.25774 4
      vertex -181.429 -0.650561 2.4
      vertex -179.96 -1.25905 4
    endloop
  endfacet
  facet normal -0.636675 0.314416 0.704122
    outer loop
      vertex -180.15 -1.64379 4
      vertex -179.96 -1.25905 4
      vertex -181.429 -0.650561 2.4
    endloop
  endfacet
  facet normal -0.477689 0.524933 0.704457
    outer loop
      vertex -181.798 -1.20208 2.4
      vertex -180.675 -2.32734 4
      vertex -180.674 -2.32643 4
    endloop
  endfacet
  facet normal -0.468494 0.533614 0.704109
    outer loop
      vertex -180.675 -2.32734 4
      vertex -181.798 -1.20208 2.4
      vertex -181.965 -1.3487 2.4
    endloop
  endfacet
  facet normal -0.138439 0.696415 0.704159
    outer loop
      vertex -182.148 -3.17796 4
      vertex -182.56 -1.64207 2.4
      vertex -182.569 -3.26165 4
    endloop
  endfacet
  facet normal -0.313896 0.636957 0.704099
    outer loop
      vertex -181.741 -3.03962 4
      vertex -181.356 -2.84989 4
      vertex -182.349 -1.57059 2.4
    endloop
  endfacet
  facet normal 0.672981 0.226917 0.703993
    outer loop
      vertex -186.04 -1.25774 4
      vertex -184.571 -0.650561 2.4
      vertex -184.642 -0.439992 2.4
    endloop
  endfacet
  facet normal 0.736619 0 0.676308
    outer loop
      vertex -184.571 -0.650561 2.4
      vertex -186.04 -1.25774 4
      vertex -186.04 -1.25905 4
    endloop
  endfacet
  facet normal 0.533263 0.468866 0.704127
    outer loop
      vertex -185.327 -2.32539 4
      vertex -184.202 -1.20208 2.4
      vertex -184.349 -1.03489 2.4
    endloop
  endfacet
  facet normal 0.511379 0.491711 0.704778
    outer loop
      vertex -184.202 -1.20208 2.4
      vertex -185.327 -2.32539 4
      vertex -185.326 -2.32643 4
    endloop
  endfacet
  facet normal 0.228338 0.672313 0.704171
    outer loop
      vertex -183.852 -3.17796 4
      vertex -183.44 -1.64207 2.4
      vertex -184.258 -3.04007 4
    endloop
  endfacet
  facet normal 0.314585 0.636526 0.704181
    outer loop
      vertex -183.85 -1.47224 2.4
      vertex -184.644 -2.84989 4
      vertex -183.651 -1.57059 2.4
    endloop
  endfacet
  facet normal 0.369432 0.605627 0.704795
    outer loop
      vertex -184.644 -2.84989 4
      vertex -183.85 -1.47224 2.4
      vertex -184.645 -2.84928 4
    endloop
  endfacet
  facet normal 0.0464066 0.708546 0.704137
    outer loop
      vertex -183.222 -1.68546 2.4
      vertex -183.428 -3.26201 4
      vertex -183 -1.7 2.4
    endloop
  endfacet
  facet normal 0.0636083 0.706758 0.70459
    outer loop
      vertex -183.428 -3.26201 4
      vertex -183.222 -1.68546 2.4
      vertex -183.429 -3.26192 4
    endloop
  endfacet
  facet normal -0.757951 0 0.652312
    outer loop
      vertex -180.151 1.64618 4
      vertex -181.528 0.849999 2.4
      vertex -180.151 1.64503 4
    endloop
  endfacet
  facet normal -0.59104 -0.393194 0.704322
    outer loop
      vertex -181.528 0.849999 2.4
      vertex -180.151 1.64618 4
      vertex -181.651 1.03489 2.4
    endloop
  endfacet
  facet normal 0.227836 -0.672542 0.704115
    outer loop
      vertex -184.258 3.04007 4
      vertex -183.651 1.57059 2.4
      vertex -183.44 1.64207 2.4
    endloop
  endfacet
  facet normal 0.291158 -0.647018 0.704695
    outer loop
      vertex -183.651 1.57059 2.4
      vertex -184.258 3.04007 4
      vertex -184.259 3.03962 4
    endloop
  endfacet
  facet normal 0.468494 -0.533614 0.704109
    outer loop
      vertex -185.325 2.32734 4
      vertex -184.202 1.20208 2.4
      vertex -184.035 1.3487 2.4
    endloop
  endfacet
  facet normal 0.477689 -0.524933 0.704457
    outer loop
      vertex -184.202 1.20208 2.4
      vertex -185.325 2.32734 4
      vertex -185.326 2.32643 4
    endloop
  endfacet
  facet normal 0.672305 -0.228399 0.704159
    outer loop
      vertex -184.642 0.439992 2.4
      vertex -186.04 1.25774 4
      vertex -186.178 0.85153 4
    endloop
  endfacet
  facet normal 0.555439 -0.447935 0.700601
    outer loop
      vertex -185.85 1.64379 4
      vertex -184.472 0.849999 2.4
      vertex -185.849 1.64503 4
    endloop
  endfacet
  facet normal 0.635897 -0.315656 0.70427
    outer loop
      vertex -184.472 0.849999 2.4
      vertex -185.85 1.64379 4
      vertex -184.571 0.650561 2.4
    endloop
  endfacet
  facet normal 0.712207 -0 0.701969
    outer loop
      vertex -186.262 0.42806 4
      vertex -184.685 0.221894 2.4
      vertex -186.262 0.429439 4
    endloop
  endfacet
  facet normal 0.708299 -0.0478809 0.704287
    outer loop
      vertex -184.685 0.221894 2.4
      vertex -186.262 0.42806 4
      vertex -184.7 0 2.4
    endloop
  endfacet
  facet normal -0.712207 0 0.701969
    outer loop
      vertex -181.315 -0.221894 2.4
      vertex -179.738 -0.430793 4
      vertex -179.738 -0.429439 4
    endloop
  endfacet
  facet normal -0.69644 0.137309 0.704356
    outer loop
      vertex -179.738 -0.430793 4
      vertex -181.315 -0.221894 2.4
      vertex -181.358 -0.439992 2.4
    endloop
  endfacet
  facet normal -0.696278 0.139012 0.704182
    outer loop
      vertex -179.822 -0.85153 4
      vertex -179.738 -0.430793 4
      vertex -181.358 -0.439992 2.4
    endloop
  endfacet
  facet normal -0.138609 0.696399 0.704142
    outer loop
      vertex -182.778 -1.68546 2.4
      vertex -182.569 -3.26165 4
      vertex -182.56 -1.64207 2.4
    endloop
  endfacet
  facet normal -0.0948979 0.702947 0.704883
    outer loop
      vertex -182.569 -3.26165 4
      vertex -182.778 -1.68546 2.4
      vertex -182.571 -3.26192 4
    endloop
  endfacet
  facet normal -0.228338 0.672313 0.704171
    outer loop
      vertex -182.148 -3.17796 4
      vertex -181.742 -3.04007 4
      vertex -182.56 -1.64207 2.4
    endloop
  endfacet
  facet normal -0.291158 0.647018 0.704695
    outer loop
      vertex -182.349 -1.57059 2.4
      vertex -181.742 -3.04007 4
      vertex -181.741 -3.03962 4
    endloop
  endfacet
  facet normal -0.227836 0.672542 0.704115
    outer loop
      vertex -181.742 -3.04007 4
      vertex -182.349 -1.57059 2.4
      vertex -182.56 -1.64207 2.4
    endloop
  endfacet
  facet normal -0.46861 0.53349 0.704126
    outer loop
      vertex -180.997 -2.61018 4
      vertex -180.675 -2.32734 4
      vertex -181.965 -1.3487 2.4
    endloop
  endfacet
  facet normal 0.69644 0.137309 0.704356
    outer loop
      vertex -184.685 -0.221894 2.4
      vertex -186.262 -0.430793 4
      vertex -184.642 -0.439992 2.4
    endloop
  endfacet
  facet normal 0.712207 -0 0.701969
    outer loop
      vertex -186.262 -0.430793 4
      vertex -184.685 -0.221894 2.4
      vertex -186.262 -0.429439 4
    endloop
  endfacet
  facet normal 0.46861 0.53349 0.704126
    outer loop
      vertex -185.003 -2.61018 4
      vertex -184.035 -1.3487 2.4
      vertex -185.325 -2.32734 4
    endloop
  endfacet
  facet normal 0.394252 0.590559 0.704134
    outer loop
      vertex -184.646 -2.84851 4
      vertex -184.035 -1.3487 2.4
      vertex -185.003 -2.61018 4
    endloop
  endfacet
  facet normal 0.227836 0.672542 0.704115
    outer loop
      vertex -183.651 -1.57059 2.4
      vertex -184.258 -3.04007 4
      vertex -183.44 -1.64207 2.4
    endloop
  endfacet
  facet normal 0.291158 0.647018 0.704695
    outer loop
      vertex -184.258 -3.04007 4
      vertex -183.651 -1.57059 2.4
      vertex -184.259 -3.03962 4
    endloop
  endfacet
  facet normal 0.313896 0.636957 0.704099
    outer loop
      vertex -184.259 -3.03962 4
      vertex -183.651 -1.57059 2.4
      vertex -184.644 -2.84989 4
    endloop
  endfacet
  facet normal 0.0948979 0.702947 0.704883
    outer loop
      vertex -183.222 -1.68546 2.4
      vertex -183.431 -3.26165 4
      vertex -183.429 -3.26192 4
    endloop
  endfacet
  facet normal 0.138609 0.696399 0.704142
    outer loop
      vertex -183.431 -3.26165 4
      vertex -183.222 -1.68546 2.4
      vertex -183.44 -1.64207 2.4
    endloop
  endfacet
  facet normal 0.046436 0.708541 0.70414
    outer loop
      vertex -183 -3.29006 4
      vertex -183 -1.7 2.4
      vertex -183.428 -3.26201 4
    endloop
  endfacet
  facet normal -0.046436 0.708541 0.70414
    outer loop
      vertex -182.572 -3.26201 4
      vertex -183 -1.7 2.4
      vertex -183 -3.29006 4
    endloop
  endfacet
  facet normal -0.0948979 -0.702947 0.704883
    outer loop
      vertex -182.778 1.68546 2.4
      vertex -182.569 3.26165 4
      vertex -182.571 3.26192 4
    endloop
  endfacet
  facet normal -0.138609 -0.696399 0.704142
    outer loop
      vertex -182.569 3.26165 4
      vertex -182.778 1.68546 2.4
      vertex -182.56 1.64207 2.4
    endloop
  endfacet
  facet normal -0.046436 -0.708541 0.70414
    outer loop
      vertex -182.572 3.26201 4
      vertex -183 3.29006 4
      vertex -183 1.7 2.4
    endloop
  endfacet
  facet normal 0.0948979 -0.702947 0.704883
    outer loop
      vertex -183.431 3.26165 4
      vertex -183.222 1.68546 2.4
      vertex -183.429 3.26192 4
    endloop
  endfacet
  facet normal 0.138609 -0.696399 0.704142
    outer loop
      vertex -183.222 1.68546 2.4
      vertex -183.431 3.26165 4
      vertex -183.44 1.64207 2.4
    endloop
  endfacet
  facet normal 0.533795 -0.468372 0.704053
    outer loop
      vertex -184.349 1.03489 2.4
      vertex -185.327 2.32539 4
      vertex -185.61 2.00286 4
    endloop
  endfacet
  facet normal 0.589928 -0.395292 0.704081
    outer loop
      vertex -184.349 1.03489 2.4
      vertex -185.61 2.00286 4
      vertex -185.849 1.64618 4
    endloop
  endfacet
  facet normal 0.736619 -0 0.676308
    outer loop
      vertex -186.04 1.25774 4
      vertex -184.571 0.650561 2.4
      vertex -186.04 1.25905 4
    endloop
  endfacet
  facet normal 0.672981 -0.226917 0.703993
    outer loop
      vertex -184.571 0.650561 2.4
      vertex -186.04 1.25774 4
      vertex -184.642 0.439992 2.4
    endloop
  endfacet
  facet normal 0.636675 -0.314416 0.704122
    outer loop
      vertex -184.571 0.650561 2.4
      vertex -185.85 1.64379 4
      vertex -186.04 1.25905 4
    endloop
  endfacet
  facet normal 0.69644 -0.137309 0.704356
    outer loop
      vertex -186.262 0.430793 4
      vertex -184.685 0.221894 2.4
      vertex -184.642 0.439992 2.4
    endloop
  endfacet
  facet normal 0.712207 0 0.701969
    outer loop
      vertex -184.685 0.221894 2.4
      vertex -186.262 0.430793 4
      vertex -186.262 0.429439 4
    endloop
  endfacet
  facet normal 0.708558 -0.0463477 0.704129
    outer loop
      vertex -184.7 0 2.4
      vertex -186.262 0.42806 4
      vertex -186.29 0 4
    endloop
  endfacet
  facet normal 0.708558 0.0463477 0.704129
    outer loop
      vertex -186.262 -0.42806 4
      vertex -184.7 0 2.4
      vertex -186.29 0 4
    endloop
  endfacet
  facet normal -0.589928 0.395292 0.704081
    outer loop
      vertex -180.39 -2.00286 4
      vertex -180.151 -1.64618 4
      vertex -181.651 -1.03489 2.4
    endloop
  endfacet
  facet normal -0.533795 0.468372 0.704053
    outer loop
      vertex -180.673 -2.32539 4
      vertex -180.39 -2.00286 4
      vertex -181.651 -1.03489 2.4
    endloop
  endfacet
  facet normal -0.394252 0.590559 0.704134
    outer loop
      vertex -181.354 -2.84851 4
      vertex -180.997 -2.61018 4
      vertex -181.965 -1.3487 2.4
    endloop
  endfacet
  facet normal 0.696278 0.139012 0.704182
    outer loop
      vertex -186.178 -0.85153 4
      vertex -184.642 -0.439992 2.4
      vertex -186.262 -0.430793 4
    endloop
  endfacet
  facet normal 0.672305 0.228399 0.704159
    outer loop
      vertex -186.04 -1.25774 4
      vertex -184.642 -0.439992 2.4
      vertex -186.178 -0.85153 4
    endloop
  endfacet
  facet normal 0.636675 0.314416 0.704122
    outer loop
      vertex -185.85 -1.64379 4
      vertex -184.571 -0.650561 2.4
      vertex -186.04 -1.25905 4
    endloop
  endfacet
  facet normal 0.589928 0.395292 0.704081
    outer loop
      vertex -185.61 -2.00286 4
      vertex -184.349 -1.03489 2.4
      vertex -185.849 -1.64618 4
    endloop
  endfacet
  facet normal 0.533795 0.468372 0.704053
    outer loop
      vertex -185.327 -2.32539 4
      vertex -184.349 -1.03489 2.4
      vertex -185.61 -2.00286 4
    endloop
  endfacet
  facet normal 0.468494 0.533614 0.704109
    outer loop
      vertex -184.202 -1.20208 2.4
      vertex -185.325 -2.32734 4
      vertex -184.035 -1.3487 2.4
    endloop
  endfacet
  facet normal 0.477689 0.524933 0.704457
    outer loop
      vertex -185.325 -2.32734 4
      vertex -184.202 -1.20208 2.4
      vertex -185.326 -2.32643 4
    endloop
  endfacet
  facet normal -0.46861 -0.53349 0.704126
    outer loop
      vertex -180.675 2.32734 4
      vertex -180.997 2.61018 4
      vertex -181.965 1.3487 2.4
    endloop
  endfacet
  facet normal -0.696278 -0.139012 0.704182
    outer loop
      vertex -179.738 0.430793 4
      vertex -179.822 0.85153 4
      vertex -181.358 0.439992 2.4
    endloop
  endfacet
  facet normal -0.736619 0 0.676308
    outer loop
      vertex -181.429 0.650561 2.4
      vertex -179.96 1.25774 4
      vertex -179.96 1.25905 4
    endloop
  endfacet
  facet normal -0.672981 -0.226917 0.703993
    outer loop
      vertex -179.96 1.25774 4
      vertex -181.429 0.650561 2.4
      vertex -181.358 0.439992 2.4
    endloop
  endfacet
  facet normal -0.138439 -0.696415 0.704159
    outer loop
      vertex -182.56 1.64207 2.4
      vertex -182.148 3.17796 4
      vertex -182.569 3.26165 4
    endloop
  endfacet
  facet normal -0.228338 -0.672313 0.704171
    outer loop
      vertex -181.742 3.04007 4
      vertex -182.148 3.17796 4
      vertex -182.56 1.64207 2.4
    endloop
  endfacet
  facet normal -0.394252 -0.590559 0.704134
    outer loop
      vertex -180.997 2.61018 4
      vertex -181.354 2.84851 4
      vertex -181.965 1.3487 2.4
    endloop
  endfacet
  facet normal -0.434636 -0.564463 0.701765
    outer loop
      vertex -182.15 1.47224 2.4
      vertex -181.354 2.84851 4
      vertex -181.355 2.84928 4
    endloop
  endfacet
  facet normal -0.394336 -0.590515 0.704125
    outer loop
      vertex -181.354 2.84851 4
      vertex -182.15 1.47224 2.4
      vertex -181.965 1.3487 2.4
    endloop
  endfacet
  facet normal 0.046436 -0.708541 0.70414
    outer loop
      vertex -183 1.7 2.4
      vertex -183 3.29006 4
      vertex -183.428 3.26201 4
    endloop
  endfacet
  facet normal 0.138439 -0.696415 0.704159
    outer loop
      vertex -183.44 1.64207 2.4
      vertex -183.431 3.26165 4
      vertex -183.852 3.17796 4
    endloop
  endfacet
  facet normal 0.228338 -0.672313 0.704171
    outer loop
      vertex -183.44 1.64207 2.4
      vertex -183.852 3.17796 4
      vertex -184.258 3.04007 4
    endloop
  endfacet
  facet normal 0.313896 -0.636957 0.704099
    outer loop
      vertex -183.651 1.57059 2.4
      vertex -184.259 3.03962 4
      vertex -184.644 2.84989 4
    endloop
  endfacet
  facet normal 0.394252 -0.590559 0.704134
    outer loop
      vertex -184.035 1.3487 2.4
      vertex -184.646 2.84851 4
      vertex -185.003 2.61018 4
    endloop
  endfacet
  facet normal 0.46861 -0.53349 0.704126
    outer loop
      vertex -184.035 1.3487 2.4
      vertex -185.003 2.61018 4
      vertex -185.325 2.32734 4
    endloop
  endfacet
  facet normal 0.511379 -0.491711 0.704778
    outer loop
      vertex -185.327 2.32539 4
      vertex -184.202 1.20208 2.4
      vertex -185.326 2.32643 4
    endloop
  endfacet
  facet normal 0.533263 -0.468866 0.704127
    outer loop
      vertex -184.202 1.20208 2.4
      vertex -185.327 2.32539 4
      vertex -184.349 1.03489 2.4
    endloop
  endfacet
  facet normal -0.635897 0.315656 0.70427
    outer loop
      vertex -181.528 -0.849999 2.4
      vertex -180.15 -1.64379 4
      vertex -181.429 -0.650561 2.4
    endloop
  endfacet
  facet normal -0.555439 0.447935 0.700601
    outer loop
      vertex -180.15 -1.64379 4
      vertex -181.528 -0.849999 2.4
      vertex -180.151 -1.64503 4
    endloop
  endfacet
  facet normal -0.757951 0 0.652312
    outer loop
      vertex -181.528 -0.849999 2.4
      vertex -180.151 -1.64618 4
      vertex -180.151 -1.64503 4
    endloop
  endfacet
  facet normal -0.59104 0.393194 0.704322
    outer loop
      vertex -180.151 -1.64618 4
      vertex -181.528 -0.849999 2.4
      vertex -181.651 -1.03489 2.4
    endloop
  endfacet
  facet normal -0.394336 0.590515 0.704125
    outer loop
      vertex -182.15 -1.47224 2.4
      vertex -181.354 -2.84851 4
      vertex -181.965 -1.3487 2.4
    endloop
  endfacet
  facet normal -0.434636 0.564463 0.701765
    outer loop
      vertex -181.354 -2.84851 4
      vertex -182.15 -1.47224 2.4
      vertex -181.355 -2.84928 4
    endloop
  endfacet
  facet normal -0.369432 0.605627 0.704795
    outer loop
      vertex -182.15 -1.47224 2.4
      vertex -181.356 -2.84989 4
      vertex -181.355 -2.84928 4
    endloop
  endfacet
  facet normal -0.314585 0.636526 0.704181
    outer loop
      vertex -181.356 -2.84989 4
      vertex -182.15 -1.47224 2.4
      vertex -182.349 -1.57059 2.4
    endloop
  endfacet
  facet normal 0.59104 0.393194 0.704322
    outer loop
      vertex -184.472 -0.849999 2.4
      vertex -185.849 -1.64618 4
      vertex -184.349 -1.03489 2.4
    endloop
  endfacet
  facet normal 0.757951 -0 0.652312
    outer loop
      vertex -185.849 -1.64618 4
      vertex -184.472 -0.849999 2.4
      vertex -185.849 -1.64503 4
    endloop
  endfacet
  facet normal 0.635897 0.315656 0.70427
    outer loop
      vertex -185.85 -1.64379 4
      vertex -184.472 -0.849999 2.4
      vertex -184.571 -0.650561 2.4
    endloop
  endfacet
  facet normal 0.555439 0.447935 0.700601
    outer loop
      vertex -184.472 -0.849999 2.4
      vertex -185.85 -1.64379 4
      vertex -185.849 -1.64503 4
    endloop
  endfacet
  facet normal -0.511379 -0.491711 0.704778
    outer loop
      vertex -181.798 1.20208 2.4
      vertex -180.673 2.32539 4
      vertex -180.674 2.32643 4
    endloop
  endfacet
  facet normal -0.533263 -0.468866 0.704127
    outer loop
      vertex -180.673 2.32539 4
      vertex -181.798 1.20208 2.4
      vertex -181.651 1.03489 2.4
    endloop
  endfacet
  facet normal -0.636675 -0.314416 0.704122
    outer loop
      vertex -179.96 1.25905 4
      vertex -180.15 1.64379 4
      vertex -181.429 0.650561 2.4
    endloop
  endfacet
  facet normal -0.672305 -0.228399 0.704159
    outer loop
      vertex -179.822 0.85153 4
      vertex -179.96 1.25774 4
      vertex -181.358 0.439992 2.4
    endloop
  endfacet
  facet normal -0.291158 -0.647018 0.704695
    outer loop
      vertex -181.742 3.04007 4
      vertex -182.349 1.57059 2.4
      vertex -181.741 3.03962 4
    endloop
  endfacet
  facet normal -0.227836 -0.672542 0.704115
    outer loop
      vertex -182.349 1.57059 2.4
      vertex -181.742 3.04007 4
      vertex -182.56 1.64207 2.4
    endloop
  endfacet
  facet normal -0.0464066 -0.708546 0.704137
    outer loop
      vertex -182.778 1.68546 2.4
      vertex -182.572 3.26201 4
      vertex -183 1.7 2.4
    endloop
  endfacet
  facet normal -0.0636083 -0.706758 0.70459
    outer loop
      vertex -182.572 3.26201 4
      vertex -182.778 1.68546 2.4
      vertex -182.571 3.26192 4
    endloop
  endfacet
  facet normal 0.434636 -0.564463 0.701765
    outer loop
      vertex -184.646 2.84851 4
      vertex -183.85 1.47224 2.4
      vertex -184.645 2.84928 4
    endloop
  endfacet
  facet normal 0.394336 -0.590515 0.704125
    outer loop
      vertex -183.85 1.47224 2.4
      vertex -184.646 2.84851 4
      vertex -184.035 1.3487 2.4
    endloop
  endfacet
  facet normal 0.314585 -0.636526 0.704181
    outer loop
      vertex -184.644 2.84989 4
      vertex -183.85 1.47224 2.4
      vertex -183.651 1.57059 2.4
    endloop
  endfacet
  facet normal 0.369432 -0.605627 0.704795
    outer loop
      vertex -183.85 1.47224 2.4
      vertex -184.644 2.84989 4
      vertex -184.645 2.84928 4
    endloop
  endfacet
  facet normal -0.533795 -0.468372 0.704053
    outer loop
      vertex -180.39 2.00286 4
      vertex -180.673 2.32539 4
      vertex -181.651 1.03489 2.4
    endloop
  endfacet
  facet normal -0.589928 -0.395292 0.704081
    outer loop
      vertex -180.151 1.64618 4
      vertex -180.39 2.00286 4
      vertex -181.651 1.03489 2.4
    endloop
  endfacet
  facet normal -0.712207 0 0.701969
    outer loop
      vertex -179.738 0.430793 4
      vertex -181.315 0.221894 2.4
      vertex -179.738 0.429439 4
    endloop
  endfacet
  facet normal -0.69644 -0.137309 0.704356
    outer loop
      vertex -181.315 0.221894 2.4
      vertex -179.738 0.430793 4
      vertex -181.358 0.439992 2.4
    endloop
  endfacet
  facet normal -0.369432 -0.605627 0.704795
    outer loop
      vertex -181.356 2.84989 4
      vertex -182.15 1.47224 2.4
      vertex -181.355 2.84928 4
    endloop
  endfacet
  facet normal -0.314585 -0.636526 0.704181
    outer loop
      vertex -182.15 1.47224 2.4
      vertex -181.356 2.84989 4
      vertex -182.349 1.57059 2.4
    endloop
  endfacet
  facet normal -0.477689 -0.524933 0.704457
    outer loop
      vertex -180.675 2.32734 4
      vertex -181.798 1.20208 2.4
      vertex -180.674 2.32643 4
    endloop
  endfacet
  facet normal -0.468494 -0.533614 0.704109
    outer loop
      vertex -181.798 1.20208 2.4
      vertex -180.675 2.32734 4
      vertex -181.965 1.3487 2.4
    endloop
  endfacet
  facet normal -0.555439 -0.447935 0.700601
    outer loop
      vertex -181.528 0.849999 2.4
      vertex -180.15 1.64379 4
      vertex -180.151 1.64503 4
    endloop
  endfacet
  facet normal -0.635897 -0.315656 0.70427
    outer loop
      vertex -180.15 1.64379 4
      vertex -181.528 0.849999 2.4
      vertex -181.429 0.650561 2.4
    endloop
  endfacet
  facet normal 0.947598 -0.319466 0
    outer loop
      vertex -184.642 85.44 2.4
      vertex -184.571 85.6506 0
      vertex -184.571 85.6506 2.4
    endloop
  endfacet
  facet normal 0.947598 -0.319466 0
    outer loop
      vertex -184.571 85.6506 0
      vertex -184.642 85.44 2.4
      vertex -184.642 85.44 0
    endloop
  endfacet
  facet normal 0.320937 0.947101 -0
    outer loop
      vertex -183.44 83.3579 0
      vertex -183.651 83.4294 2.4
      vertex -183.44 83.3579 2.4
    endloop
  endfacet
  facet normal 0.320937 0.947101 0
    outer loop
      vertex -183.651 83.4294 2.4
      vertex -183.44 83.3579 0
      vertex -183.651 83.4294 0
    endloop
  endfacet
  facet normal -0.443245 -0.8964 0
    outer loop
      vertex -182.349 86.5706 0
      vertex -182.15 86.4722 2.4
      vertex -182.349 86.5706 2.4
    endloop
  endfacet
  facet normal -0.443245 -0.8964 -0
    outer loop
      vertex -182.15 86.4722 2.4
      vertex -182.349 86.5706 0
      vertex -182.15 86.4722 0
    endloop
  endfacet
  facet normal 0.320937 -0.947101 0
    outer loop
      vertex -183.651 86.5706 0
      vertex -183.44 86.6421 2.4
      vertex -183.651 86.5706 2.4
    endloop
  endfacet
  facet normal 0.320937 -0.947101 0
    outer loop
      vertex -183.44 86.6421 2.4
      vertex -183.651 86.5706 0
      vertex -183.44 86.6421 0
    endloop
  endfacet
  facet normal 0.895681 -0.444696 0
    outer loop
      vertex -184.571 85.6506 2.4
      vertex -184.472 85.85 0
      vertex -184.472 85.85 2.4
    endloop
  endfacet
  facet normal 0.895681 -0.444696 0
    outer loop
      vertex -184.472 85.85 0
      vertex -184.571 85.6506 2.4
      vertex -184.571 85.6506 0
    endloop
  endfacet
  facet normal 0.895681 0.444696 0
    outer loop
      vertex -184.472 84.15 2.4
      vertex -184.571 84.3494 0
      vertex -184.571 84.3494 2.4
    endloop
  endfacet
  facet normal 0.895681 0.444696 0
    outer loop
      vertex -184.571 84.3494 0
      vertex -184.472 84.15 2.4
      vertex -184.472 84.15 0
    endloop
  endfacet
  facet normal -0.947598 -0.319466 0
    outer loop
      vertex -181.358 85.44 0
      vertex -181.429 85.6506 2.4
      vertex -181.429 85.6506 0
    endloop
  endfacet
  facet normal -0.947598 -0.319466 0
    outer loop
      vertex -181.429 85.6506 2.4
      vertex -181.358 85.44 0
      vertex -181.358 85.44 2.4
    endloop
  endfacet
  facet normal -0.832604 -0.553869 0
    outer loop
      vertex -181.528 85.85 0
      vertex -181.651 86.0349 2.4
      vertex -181.651 86.0349 0
    endloop
  endfacet
  facet normal -0.832604 -0.553869 0
    outer loop
      vertex -181.651 86.0349 2.4
      vertex -181.528 85.85 0
      vertex -181.528 85.85 2.4
    endloop
  endfacet
  facet normal -0.751016 -0.660284 0
    outer loop
      vertex -181.651 86.0349 0
      vertex -181.798 86.2021 2.4
      vertex -181.798 86.2021 0
    endloop
  endfacet
  facet normal -0.751016 -0.660284 0
    outer loop
      vertex -181.798 86.2021 2.4
      vertex -181.651 86.0349 0
      vertex -181.651 86.0349 2.4
    endloop
  endfacet
  facet normal -0.320937 -0.947101 0
    outer loop
      vertex -182.56 86.6421 0
      vertex -182.349 86.5706 2.4
      vertex -182.56 86.6421 2.4
    endloop
  endfacet
  facet normal -0.320937 -0.947101 -0
    outer loop
      vertex -182.349 86.5706 2.4
      vertex -182.56 86.6421 0
      vertex -182.349 86.5706 0
    endloop
  endfacet
  facet normal -0.0651764 -0.997874 0
    outer loop
      vertex -183 86.7 0
      vertex -182.778 86.6855 2.4
      vertex -183 86.7 2.4
    endloop
  endfacet
  facet normal -0.0651764 -0.997874 -0
    outer loop
      vertex -182.778 86.6855 2.4
      vertex -183 86.7 0
      vertex -182.778 86.6855 0
    endloop
  endfacet
  facet normal -0.195251 -0.980753 0
    outer loop
      vertex -182.778 86.6855 0
      vertex -182.56 86.6421 2.4
      vertex -182.778 86.6855 2.4
    endloop
  endfacet
  facet normal -0.195251 -0.980753 -0
    outer loop
      vertex -182.56 86.6421 2.4
      vertex -182.778 86.6855 0
      vertex -182.56 86.6421 0
    endloop
  endfacet
  facet normal 0.751016 -0.660284 0
    outer loop
      vertex -184.349 86.0349 2.4
      vertex -184.202 86.2021 0
      vertex -184.202 86.2021 2.4
    endloop
  endfacet
  facet normal 0.751016 -0.660284 0
    outer loop
      vertex -184.202 86.2021 0
      vertex -184.349 86.0349 2.4
      vertex -184.349 86.0349 0
    endloop
  endfacet
  facet normal 0.659714 -0.751516 0
    outer loop
      vertex -184.202 86.2021 0
      vertex -184.035 86.3487 2.4
      vertex -184.202 86.2021 2.4
    endloop
  endfacet
  facet normal 0.659714 -0.751516 0
    outer loop
      vertex -184.035 86.3487 2.4
      vertex -184.202 86.2021 0
      vertex -184.035 86.3487 0
    endloop
  endfacet
  facet normal -0.997723 -0.0674441 0
    outer loop
      vertex -181.3 85 0
      vertex -181.315 85.2219 2.4
      vertex -181.315 85.2219 0
    endloop
  endfacet
  facet normal -0.997723 -0.0674441 0
    outer loop
      vertex -181.315 85.2219 2.4
      vertex -181.3 85 0
      vertex -181.3 85 2.4
    endloop
  endfacet
  facet normal -0.320937 0.947101 0
    outer loop
      vertex -182.349 83.4294 0
      vertex -182.56 83.3579 2.4
      vertex -182.349 83.4294 2.4
    endloop
  endfacet
  facet normal -0.320937 0.947101 0
    outer loop
      vertex -182.56 83.3579 2.4
      vertex -182.349 83.4294 0
      vertex -182.56 83.3579 0
    endloop
  endfacet
  facet normal -0.832604 0.553869 0
    outer loop
      vertex -181.651 83.9651 0
      vertex -181.528 84.15 2.4
      vertex -181.528 84.15 0
    endloop
  endfacet
  facet normal -0.832604 0.553869 0
    outer loop
      vertex -181.528 84.15 2.4
      vertex -181.651 83.9651 0
      vertex -181.651 83.9651 2.4
    endloop
  endfacet
  facet normal -0.751016 0.660284 0
    outer loop
      vertex -181.798 83.7979 0
      vertex -181.651 83.9651 2.4
      vertex -181.651 83.9651 0
    endloop
  endfacet
  facet normal -0.751016 0.660284 0
    outer loop
      vertex -181.651 83.9651 2.4
      vertex -181.798 83.7979 0
      vertex -181.798 83.7979 2.4
    endloop
  endfacet
  facet normal 0.659714 0.751516 -0
    outer loop
      vertex -184.035 83.6513 0
      vertex -184.202 83.7979 2.4
      vertex -184.035 83.6513 2.4
    endloop
  endfacet
  facet normal 0.659714 0.751516 0
    outer loop
      vertex -184.202 83.7979 2.4
      vertex -184.035 83.6513 0
      vertex -184.202 83.7979 0
    endloop
  endfacet
  facet normal 0.981113 0.193434 0
    outer loop
      vertex -184.642 84.56 2.4
      vertex -184.685 84.7781 0
      vertex -184.685 84.7781 2.4
    endloop
  endfacet
  facet normal 0.981113 0.193434 0
    outer loop
      vertex -184.685 84.7781 0
      vertex -184.642 84.56 2.4
      vertex -184.642 84.56 0
    endloop
  endfacet
  facet normal -0.981113 -0.193434 0
    outer loop
      vertex -181.315 85.2219 0
      vertex -181.358 85.44 2.4
      vertex -181.358 85.44 0
    endloop
  endfacet
  facet normal -0.981113 -0.193434 0
    outer loop
      vertex -181.358 85.44 2.4
      vertex -181.315 85.2219 0
      vertex -181.315 85.2219 2.4
    endloop
  endfacet
  facet normal -0.895681 -0.444696 0
    outer loop
      vertex -181.429 85.6506 0
      vertex -181.528 85.85 2.4
      vertex -181.528 85.85 0
    endloop
  endfacet
  facet normal -0.895681 -0.444696 0
    outer loop
      vertex -181.528 85.85 2.4
      vertex -181.429 85.6506 0
      vertex -181.429 85.6506 2.4
    endloop
  endfacet
  facet normal -0.659714 -0.751516 0
    outer loop
      vertex -181.965 86.3487 0
      vertex -181.798 86.2021 2.4
      vertex -181.965 86.3487 2.4
    endloop
  endfacet
  facet normal -0.659714 -0.751516 -0
    outer loop
      vertex -181.798 86.2021 2.4
      vertex -181.965 86.3487 0
      vertex -181.798 86.2021 0
    endloop
  endfacet
  facet normal 0.997723 -0.0674441 0
    outer loop
      vertex -184.7 85 2.4
      vertex -184.685 85.2219 0
      vertex -184.685 85.2219 2.4
    endloop
  endfacet
  facet normal 0.997723 -0.0674441 0
    outer loop
      vertex -184.685 85.2219 0
      vertex -184.7 85 2.4
      vertex -184.7 85 0
    endloop
  endfacet
  facet normal 0.0651764 -0.997874 0
    outer loop
      vertex -183.222 86.6855 0
      vertex -183 86.7 2.4
      vertex -183.222 86.6855 2.4
    endloop
  endfacet
  facet normal 0.0651764 -0.997874 0
    outer loop
      vertex -183 86.7 2.4
      vertex -183.222 86.6855 0
      vertex -183 86.7 0
    endloop
  endfacet
  facet normal 0.195251 -0.980753 0
    outer loop
      vertex -183.44 86.6421 0
      vertex -183.222 86.6855 2.4
      vertex -183.44 86.6421 2.4
    endloop
  endfacet
  facet normal 0.195251 -0.980753 0
    outer loop
      vertex -183.222 86.6855 2.4
      vertex -183.44 86.6421 0
      vertex -183.222 86.6855 0
    endloop
  endfacet
  facet normal 0.443245 -0.8964 0
    outer loop
      vertex -183.85 86.4722 0
      vertex -183.651 86.5706 2.4
      vertex -183.85 86.4722 2.4
    endloop
  endfacet
  facet normal 0.443245 -0.8964 0
    outer loop
      vertex -183.651 86.5706 2.4
      vertex -183.85 86.4722 0
      vertex -183.651 86.5706 0
    endloop
  endfacet
  facet normal 0.555219 -0.831704 0
    outer loop
      vertex -184.035 86.3487 0
      vertex -183.85 86.4722 2.4
      vertex -184.035 86.3487 2.4
    endloop
  endfacet
  facet normal 0.555219 -0.831704 0
    outer loop
      vertex -183.85 86.4722 2.4
      vertex -184.035 86.3487 0
      vertex -183.85 86.4722 0
    endloop
  endfacet
  facet normal -0.997723 0.0674441 0
    outer loop
      vertex -181.315 84.7781 0
      vertex -181.3 85 2.4
      vertex -181.3 85 0
    endloop
  endfacet
  facet normal -0.997723 0.0674441 0
    outer loop
      vertex -181.3 85 2.4
      vertex -181.315 84.7781 0
      vertex -181.315 84.7781 2.4
    endloop
  endfacet
  facet normal -0.981113 0.193434 0
    outer loop
      vertex -181.358 84.56 0
      vertex -181.315 84.7781 2.4
      vertex -181.315 84.7781 0
    endloop
  endfacet
  facet normal -0.981113 0.193434 0
    outer loop
      vertex -181.315 84.7781 2.4
      vertex -181.358 84.56 0
      vertex -181.358 84.56 2.4
    endloop
  endfacet
  facet normal -0.0651764 0.997874 0
    outer loop
      vertex -182.778 83.3145 0
      vertex -183 83.3 2.4
      vertex -182.778 83.3145 2.4
    endloop
  endfacet
  facet normal -0.0651764 0.997874 0
    outer loop
      vertex -183 83.3 2.4
      vertex -182.778 83.3145 0
      vertex -183 83.3 0
    endloop
  endfacet
  facet normal -0.195251 0.980753 0
    outer loop
      vertex -182.56 83.3579 0
      vertex -182.778 83.3145 2.4
      vertex -182.56 83.3579 2.4
    endloop
  endfacet
  facet normal -0.195251 0.980753 0
    outer loop
      vertex -182.778 83.3145 2.4
      vertex -182.56 83.3579 0
      vertex -182.778 83.3145 0
    endloop
  endfacet
  facet normal -0.443245 0.8964 0
    outer loop
      vertex -182.15 83.5278 0
      vertex -182.349 83.4294 2.4
      vertex -182.15 83.5278 2.4
    endloop
  endfacet
  facet normal -0.443245 0.8964 0
    outer loop
      vertex -182.349 83.4294 2.4
      vertex -182.15 83.5278 0
      vertex -182.349 83.4294 0
    endloop
  endfacet
  facet normal -0.659714 0.751516 0
    outer loop
      vertex -181.798 83.7979 0
      vertex -181.965 83.6513 2.4
      vertex -181.798 83.7979 2.4
    endloop
  endfacet
  facet normal -0.659714 0.751516 0
    outer loop
      vertex -181.965 83.6513 2.4
      vertex -181.798 83.7979 0
      vertex -181.965 83.6513 0
    endloop
  endfacet
  facet normal -0.555219 0.831704 0
    outer loop
      vertex -181.965 83.6513 0
      vertex -182.15 83.5278 2.4
      vertex -181.965 83.6513 2.4
    endloop
  endfacet
  facet normal -0.555219 0.831704 0
    outer loop
      vertex -182.15 83.5278 2.4
      vertex -181.965 83.6513 0
      vertex -182.15 83.5278 0
    endloop
  endfacet
  facet normal -0.947598 0.319466 0
    outer loop
      vertex -181.429 84.3494 0
      vertex -181.358 84.56 2.4
      vertex -181.358 84.56 0
    endloop
  endfacet
  facet normal -0.947598 0.319466 0
    outer loop
      vertex -181.358 84.56 2.4
      vertex -181.429 84.3494 0
      vertex -181.429 84.3494 2.4
    endloop
  endfacet
  facet normal -0.895681 0.444696 0
    outer loop
      vertex -181.528 84.15 0
      vertex -181.429 84.3494 2.4
      vertex -181.429 84.3494 0
    endloop
  endfacet
  facet normal -0.895681 0.444696 0
    outer loop
      vertex -181.429 84.3494 2.4
      vertex -181.528 84.15 0
      vertex -181.528 84.15 2.4
    endloop
  endfacet
  facet normal 0.195251 0.980753 -0
    outer loop
      vertex -183.222 83.3145 0
      vertex -183.44 83.3579 2.4
      vertex -183.222 83.3145 2.4
    endloop
  endfacet
  facet normal 0.195251 0.980753 0
    outer loop
      vertex -183.44 83.3579 2.4
      vertex -183.222 83.3145 0
      vertex -183.44 83.3579 0
    endloop
  endfacet
  facet normal 0.0651764 0.997874 -0
    outer loop
      vertex -183 83.3 0
      vertex -183.222 83.3145 2.4
      vertex -183 83.3 2.4
    endloop
  endfacet
  facet normal 0.0651764 0.997874 0
    outer loop
      vertex -183.222 83.3145 2.4
      vertex -183 83.3 0
      vertex -183.222 83.3145 0
    endloop
  endfacet
  facet normal 0.555219 0.831704 -0
    outer loop
      vertex -183.85 83.5278 0
      vertex -184.035 83.6513 2.4
      vertex -183.85 83.5278 2.4
    endloop
  endfacet
  facet normal 0.555219 0.831704 0
    outer loop
      vertex -184.035 83.6513 2.4
      vertex -183.85 83.5278 0
      vertex -184.035 83.6513 0
    endloop
  endfacet
  facet normal 0.443245 0.8964 -0
    outer loop
      vertex -183.651 83.4294 0
      vertex -183.85 83.5278 2.4
      vertex -183.651 83.4294 2.4
    endloop
  endfacet
  facet normal 0.443245 0.8964 0
    outer loop
      vertex -183.85 83.5278 2.4
      vertex -183.651 83.4294 0
      vertex -183.85 83.5278 0
    endloop
  endfacet
  facet normal 0.947598 0.319466 0
    outer loop
      vertex -184.571 84.3494 2.4
      vertex -184.642 84.56 0
      vertex -184.642 84.56 2.4
    endloop
  endfacet
  facet normal 0.947598 0.319466 0
    outer loop
      vertex -184.642 84.56 0
      vertex -184.571 84.3494 2.4
      vertex -184.571 84.3494 0
    endloop
  endfacet
  facet normal 0.997723 0.0674441 0
    outer loop
      vertex -184.685 84.7781 2.4
      vertex -184.7 85 0
      vertex -184.7 85 2.4
    endloop
  endfacet
  facet normal 0.997723 0.0674441 0
    outer loop
      vertex -184.7 85 0
      vertex -184.685 84.7781 2.4
      vertex -184.685 84.7781 0
    endloop
  endfacet
  facet normal 0.751016 0.660284 0
    outer loop
      vertex -184.202 83.7979 2.4
      vertex -184.349 83.9651 0
      vertex -184.349 83.9651 2.4
    endloop
  endfacet
  facet normal 0.751016 0.660284 0
    outer loop
      vertex -184.349 83.9651 0
      vertex -184.202 83.7979 2.4
      vertex -184.202 83.7979 0
    endloop
  endfacet
  facet normal -0.555219 -0.831704 0
    outer loop
      vertex -182.15 86.4722 0
      vertex -181.965 86.3487 2.4
      vertex -182.15 86.4722 2.4
    endloop
  endfacet
  facet normal -0.555219 -0.831704 -0
    outer loop
      vertex -181.965 86.3487 2.4
      vertex -182.15 86.4722 0
      vertex -181.965 86.3487 0
    endloop
  endfacet
  facet normal 0.981113 -0.193434 0
    outer loop
      vertex -184.685 85.2219 2.4
      vertex -184.642 85.44 0
      vertex -184.642 85.44 2.4
    endloop
  endfacet
  facet normal 0.981113 -0.193434 0
    outer loop
      vertex -184.642 85.44 0
      vertex -184.685 85.2219 2.4
      vertex -184.685 85.2219 0
    endloop
  endfacet
  facet normal 0.832604 -0.553869 0
    outer loop
      vertex -184.472 85.85 2.4
      vertex -184.349 86.0349 0
      vertex -184.349 86.0349 2.4
    endloop
  endfacet
  facet normal 0.832604 -0.553869 0
    outer loop
      vertex -184.349 86.0349 0
      vertex -184.472 85.85 2.4
      vertex -184.472 85.85 0
    endloop
  endfacet
  facet normal 0.832604 0.553869 0
    outer loop
      vertex -184.349 83.9651 2.4
      vertex -184.472 84.15 0
      vertex -184.472 84.15 2.4
    endloop
  endfacet
  facet normal 0.832604 0.553869 0
    outer loop
      vertex -184.472 84.15 0
      vertex -184.349 83.9651 2.4
      vertex -184.349 83.9651 0
    endloop
  endfacet
  facet normal -0.672306 0.228405 0.704156
    outer loop
      vertex -179.96 83.7423 4
      vertex -179.822 84.1485 4
      vertex -181.358 84.56 2.4
    endloop
  endfacet
  facet normal -0.708558 -0.0463434 0.704129
    outer loop
      vertex -179.71 85 4
      vertex -179.738 85.4281 4
      vertex -181.3 85 2.4
    endloop
  endfacet
  facet normal -0.712207 0 0.701969
    outer loop
      vertex -181.315 85.2219 2.4
      vertex -179.738 85.4281 4
      vertex -179.738 85.4294 4
    endloop
  endfacet
  facet normal -0.708299 -0.0478796 0.704287
    outer loop
      vertex -179.738 85.4281 4
      vertex -181.315 85.2219 2.4
      vertex -181.3 85 2.4
    endloop
  endfacet
  facet normal -0.708299 0.0478796 0.704287
    outer loop
      vertex -181.315 84.7781 2.4
      vertex -179.738 84.5719 4
      vertex -181.3 85 2.4
    endloop
  endfacet
  facet normal -0.712207 0 0.701969
    outer loop
      vertex -179.738 84.5719 4
      vertex -181.315 84.7781 2.4
      vertex -179.738 84.5706 4
    endloop
  endfacet
  facet normal 0.708299 0.0478796 0.704287
    outer loop
      vertex -186.262 84.5719 4
      vertex -184.685 84.7781 2.4
      vertex -184.7 85 2.4
    endloop
  endfacet
  facet normal 0.712207 0 0.701969
    outer loop
      vertex -184.685 84.7781 2.4
      vertex -186.262 84.5719 4
      vertex -186.262 84.5706 4
    endloop
  endfacet
  facet normal 0.0705982 -0.705982 0.704702
    outer loop
      vertex -183.222 86.6855 2.4
      vertex -183.428 88.262 4
      vertex -183.429 88.2619 4
    endloop
  endfacet
  facet normal 0.0462805 -0.70857 0.704121
    outer loop
      vertex -183.428 88.262 4
      vertex -183.222 86.6855 2.4
      vertex -183 86.7 2.4
    endloop
  endfacet
  facet normal -0.0705982 0.705982 0.704702
    outer loop
      vertex -182.778 83.3145 2.4
      vertex -182.572 81.738 4
      vertex -182.571 81.7381 4
    endloop
  endfacet
  facet normal -0.0462805 0.70857 0.704121
    outer loop
      vertex -182.572 81.738 4
      vertex -182.778 83.3145 2.4
      vertex -183 83.3 2.4
    endloop
  endfacet
  facet normal 0.591047 -0.393179 0.704325
    outer loop
      vertex -185.849 86.6462 4
      vertex -184.472 85.85 2.4
      vertex -184.349 86.0349 2.4
    endloop
  endfacet
  facet normal 0.757951 0 0.652312
    outer loop
      vertex -184.472 85.85 2.4
      vertex -185.849 86.6462 4
      vertex -185.849 86.645 4
    endloop
  endfacet
  facet normal -0.533279 0.468852 0.704125
    outer loop
      vertex -181.798 83.7979 2.4
      vertex -180.673 82.6746 4
      vertex -181.651 83.9651 2.4
    endloop
  endfacet
  facet normal -0.501598 0.501598 0.704839
    outer loop
      vertex -180.673 82.6746 4
      vertex -181.798 83.7979 2.4
      vertex -180.674 82.6736 4
    endloop
  endfacet
  facet normal -0.708558 0.0463434 0.704129
    outer loop
      vertex -179.738 84.5719 4
      vertex -179.71 85 4
      vertex -181.3 85 2.4
    endloop
  endfacet
  facet normal 0.394243 0.590566 0.704134
    outer loop
      vertex -184.646 82.1515 4
      vertex -183.85 83.5278 2.4
      vertex -184.035 83.6513 2.4
    endloop
  endfacet
  facet normal 0.445613 0.557016 0.70083
    outer loop
      vertex -183.85 83.5278 2.4
      vertex -184.646 82.1515 4
      vertex -184.645 82.1507 4
    endloop
  endfacet
  facet normal 0.138297 0.696446 0.704156
    outer loop
      vertex -183.431 81.7384 4
      vertex -183.44 83.3579 2.4
      vertex -183.852 81.822 4
    endloop
  endfacet
  facet normal -0.313858 -0.636981 0.704094
    outer loop
      vertex -181.356 87.8499 4
      vertex -181.741 88.0396 4
      vertex -182.349 86.5706 2.4
    endloop
  endfacet
  facet normal 0.696277 -0.139024 0.704181
    outer loop
      vertex -184.642 85.44 2.4
      vertex -186.178 85.8515 4
      vertex -186.262 85.4308 4
    endloop
  endfacet
  facet normal -0.672997 0.226889 0.703986
    outer loop
      vertex -181.429 84.3494 2.4
      vertex -179.96 83.7423 4
      vertex -181.358 84.56 2.4
    endloop
  endfacet
  facet normal -0.736619 0 0.676308
    outer loop
      vertex -179.96 83.7423 4
      vertex -181.429 84.3494 2.4
      vertex -179.96 83.741 4
    endloop
  endfacet
  facet normal -0.636701 0.31438 0.704114
    outer loop
      vertex -180.15 83.3562 4
      vertex -179.96 83.741 4
      vertex -181.429 84.3494 2.4
    endloop
  endfacet
  facet normal -0.474866 0.527629 0.704351
    outer loop
      vertex -181.798 83.7979 2.4
      vertex -180.675 82.6727 4
      vertex -180.674 82.6736 4
    endloop
  endfacet
  facet normal -0.468466 0.533655 0.704097
    outer loop
      vertex -180.675 82.6727 4
      vertex -181.798 83.7979 2.4
      vertex -181.965 83.6513 2.4
    endloop
  endfacet
  facet normal -0.138297 0.696446 0.704156
    outer loop
      vertex -182.148 81.822 4
      vertex -182.56 83.3579 2.4
      vertex -182.569 81.7384 4
    endloop
  endfacet
  facet normal -0.313858 0.636981 0.704094
    outer loop
      vertex -181.741 81.9604 4
      vertex -181.356 82.1501 4
      vertex -182.349 83.4294 2.4
    endloop
  endfacet
  facet normal 0.672997 0.226889 0.703986
    outer loop
      vertex -186.04 83.7423 4
      vertex -184.571 84.3494 2.4
      vertex -184.642 84.56 2.4
    endloop
  endfacet
  facet normal 0.736619 0 0.676308
    outer loop
      vertex -184.571 84.3494 2.4
      vertex -186.04 83.7423 4
      vertex -186.04 83.741 4
    endloop
  endfacet
  facet normal 0.533279 0.468852 0.704125
    outer loop
      vertex -185.327 82.6746 4
      vertex -184.202 83.7979 2.4
      vertex -184.349 83.9651 2.4
    endloop
  endfacet
  facet normal 0.501598 0.501598 0.704839
    outer loop
      vertex -184.202 83.7979 2.4
      vertex -185.327 82.6746 4
      vertex -185.326 82.6736 4
    endloop
  endfacet
  facet normal 0.228352 0.672306 0.704173
    outer loop
      vertex -183.852 81.822 4
      vertex -183.44 83.3579 2.4
      vertex -184.258 81.9599 4
    endloop
  endfacet
  facet normal 0.314707 0.636449 0.704196
    outer loop
      vertex -183.85 83.5278 2.4
      vertex -184.644 82.1501 4
      vertex -183.651 83.4294 2.4
    endloop
  endfacet
  facet normal 0.364956 0.60826 0.704859
    outer loop
      vertex -184.644 82.1501 4
      vertex -183.85 83.5278 2.4
      vertex -184.645 82.1507 4
    endloop
  endfacet
  facet normal 0.0462805 0.70857 0.704121
    outer loop
      vertex -183.222 83.3145 2.4
      vertex -183.428 81.738 4
      vertex -183 83.3 2.4
    endloop
  endfacet
  facet normal 0.0705982 0.705982 0.704702
    outer loop
      vertex -183.428 81.738 4
      vertex -183.222 83.3145 2.4
      vertex -183.429 81.7381 4
    endloop
  endfacet
  facet normal -0.757951 0 0.652312
    outer loop
      vertex -180.151 86.6462 4
      vertex -181.528 85.85 2.4
      vertex -180.151 86.645 4
    endloop
  endfacet
  facet normal -0.591047 -0.393179 0.704325
    outer loop
      vertex -181.528 85.85 2.4
      vertex -180.151 86.6462 4
      vertex -181.651 86.0349 2.4
    endloop
  endfacet
  facet normal 0.227891 -0.672517 0.704121
    outer loop
      vertex -184.258 88.0401 4
      vertex -183.651 86.5706 2.4
      vertex -183.44 86.6421 2.4
    endloop
  endfacet
  facet normal 0.317632 -0.635264 0.703952
    outer loop
      vertex -183.651 86.5706 2.4
      vertex -184.258 88.0401 4
      vertex -184.259 88.0396 4
    endloop
  endfacet
  facet normal 0.468466 -0.533655 0.704097
    outer loop
      vertex -185.325 87.3273 4
      vertex -184.202 86.2021 2.4
      vertex -184.035 86.3487 2.4
    endloop
  endfacet
  facet normal 0.474866 -0.527629 0.704351
    outer loop
      vertex -184.202 86.2021 2.4
      vertex -185.325 87.3273 4
      vertex -185.326 87.3264 4
    endloop
  endfacet
  facet normal 0.672306 -0.228405 0.704156
    outer loop
      vertex -184.642 85.44 2.4
      vertex -186.04 86.2577 4
      vertex -186.178 85.8515 4
    endloop
  endfacet
  facet normal 0.548881 -0.457401 0.699652
    outer loop
      vertex -185.85 86.6438 4
      vertex -184.472 85.85 2.4
      vertex -185.849 86.645 4
    endloop
  endfacet
  facet normal 0.635871 -0.315703 0.704272
    outer loop
      vertex -184.472 85.85 2.4
      vertex -185.85 86.6438 4
      vertex -184.571 85.6506 2.4
    endloop
  endfacet
  facet normal 0.712207 -0 0.701969
    outer loop
      vertex -186.262 85.4281 4
      vertex -184.685 85.2219 2.4
      vertex -186.262 85.4294 4
    endloop
  endfacet
  facet normal 0.708299 -0.0478796 0.704287
    outer loop
      vertex -184.685 85.2219 2.4
      vertex -186.262 85.4281 4
      vertex -184.7 85 2.4
    endloop
  endfacet
  facet normal -0.712207 0 0.701969
    outer loop
      vertex -181.315 84.7781 2.4
      vertex -179.738 84.5692 4
      vertex -179.738 84.5706 4
    endloop
  endfacet
  facet normal -0.69644 0.137308 0.704356
    outer loop
      vertex -179.738 84.5692 4
      vertex -181.315 84.7781 2.4
      vertex -181.358 84.56 2.4
    endloop
  endfacet
  facet normal -0.696277 0.139024 0.704181
    outer loop
      vertex -179.822 84.1485 4
      vertex -179.738 84.5692 4
      vertex -181.358 84.56 2.4
    endloop
  endfacet
  facet normal -0.138644 0.696413 0.704121
    outer loop
      vertex -182.778 83.3145 2.4
      vertex -182.569 81.7384 4
      vertex -182.56 83.3579 2.4
    endloop
  endfacet
  facet normal -0.105232 0.701546 0.704812
    outer loop
      vertex -182.569 81.7384 4
      vertex -182.778 83.3145 2.4
      vertex -182.571 81.7381 4
    endloop
  endfacet
  facet normal -0.228352 0.672306 0.704173
    outer loop
      vertex -182.148 81.822 4
      vertex -181.742 81.9599 4
      vertex -182.56 83.3579 2.4
    endloop
  endfacet
  facet normal -0.317632 0.635264 0.703952
    outer loop
      vertex -182.349 83.4294 2.4
      vertex -181.742 81.9599 4
      vertex -181.741 81.9604 4
    endloop
  endfacet
  facet normal -0.227891 0.672517 0.704121
    outer loop
      vertex -181.742 81.9599 4
      vertex -182.349 83.4294 2.4
      vertex -182.56 83.3579 2.4
    endloop
  endfacet
  facet normal -0.468665 0.53344 0.704127
    outer loop
      vertex -180.997 82.3898 4
      vertex -180.675 82.6727 4
      vertex -181.965 83.6513 2.4
    endloop
  endfacet
  facet normal 0.69644 0.137308 0.704356
    outer loop
      vertex -184.685 84.7781 2.4
      vertex -186.262 84.5692 4
      vertex -184.642 84.56 2.4
    endloop
  endfacet
  facet normal 0.712207 -0 0.701969
    outer loop
      vertex -186.262 84.5692 4
      vertex -184.685 84.7781 2.4
      vertex -186.262 84.5706 4
    endloop
  endfacet
  facet normal 0.468665 0.53344 0.704127
    outer loop
      vertex -185.003 82.3898 4
      vertex -184.035 83.6513 2.4
      vertex -185.325 82.6727 4
    endloop
  endfacet
  facet normal 0.394216 0.59058 0.704137
    outer loop
      vertex -184.646 82.1515 4
      vertex -184.035 83.6513 2.4
      vertex -185.003 82.3898 4
    endloop
  endfacet
  facet normal 0.227891 0.672517 0.704121
    outer loop
      vertex -183.651 83.4294 2.4
      vertex -184.258 81.9599 4
      vertex -183.44 83.3579 2.4
    endloop
  endfacet
  facet normal 0.317632 0.635264 0.703952
    outer loop
      vertex -184.258 81.9599 4
      vertex -183.651 83.4294 2.4
      vertex -184.259 81.9604 4
    endloop
  endfacet
  facet normal 0.313858 0.636981 0.704094
    outer loop
      vertex -184.259 81.9604 4
      vertex -183.651 83.4294 2.4
      vertex -184.644 82.1501 4
    endloop
  endfacet
  facet normal 0.105232 0.701546 0.704812
    outer loop
      vertex -183.222 83.3145 2.4
      vertex -183.431 81.7384 4
      vertex -183.429 81.7381 4
    endloop
  endfacet
  facet normal 0.138644 0.696413 0.704121
    outer loop
      vertex -183.431 81.7384 4
      vertex -183.222 83.3145 2.4
      vertex -183.44 83.3579 2.4
    endloop
  endfacet
  facet normal 0.046518 0.70853 0.704146
    outer loop
      vertex -183 81.7099 4
      vertex -183 83.3 2.4
      vertex -183.428 81.738 4
    endloop
  endfacet
  facet normal -0.046518 0.70853 0.704146
    outer loop
      vertex -182.572 81.738 4
      vertex -183 83.3 2.4
      vertex -183 81.7099 4
    endloop
  endfacet
  facet normal -0.105232 -0.701546 0.704812
    outer loop
      vertex -182.778 86.6855 2.4
      vertex -182.569 88.2616 4
      vertex -182.571 88.2619 4
    endloop
  endfacet
  facet normal -0.138644 -0.696413 0.704121
    outer loop
      vertex -182.569 88.2616 4
      vertex -182.778 86.6855 2.4
      vertex -182.56 86.6421 2.4
    endloop
  endfacet
  facet normal -0.046518 -0.70853 0.704146
    outer loop
      vertex -182.572 88.262 4
      vertex -183 88.2901 4
      vertex -183 86.7 2.4
    endloop
  endfacet
  facet normal 0.105232 -0.701546 0.704812
    outer loop
      vertex -183.431 88.2616 4
      vertex -183.222 86.6855 2.4
      vertex -183.429 88.2619 4
    endloop
  endfacet
  facet normal 0.138644 -0.696413 0.704121
    outer loop
      vertex -183.222 86.6855 2.4
      vertex -183.431 88.2616 4
      vertex -183.44 86.6421 2.4
    endloop
  endfacet
  facet normal 0.533771 -0.468394 0.704057
    outer loop
      vertex -184.349 86.0349 2.4
      vertex -185.327 87.3254 4
      vertex -185.61 87.0029 4
    endloop
  endfacet
  facet normal 0.589935 -0.395275 0.704084
    outer loop
      vertex -184.349 86.0349 2.4
      vertex -185.61 87.0029 4
      vertex -185.849 86.6462 4
    endloop
  endfacet
  facet normal 0.736619 -0 0.676308
    outer loop
      vertex -186.04 86.2577 4
      vertex -184.571 85.6506 2.4
      vertex -186.04 86.259 4
    endloop
  endfacet
  facet normal 0.672997 -0.226889 0.703986
    outer loop
      vertex -184.571 85.6506 2.4
      vertex -186.04 86.2577 4
      vertex -184.642 85.44 2.4
    endloop
  endfacet
  facet normal 0.636701 -0.31438 0.704114
    outer loop
      vertex -184.571 85.6506 2.4
      vertex -185.85 86.6438 4
      vertex -186.04 86.259 4
    endloop
  endfacet
  facet normal 0.69644 -0.137308 0.704356
    outer loop
      vertex -186.262 85.4308 4
      vertex -184.685 85.2219 2.4
      vertex -184.642 85.44 2.4
    endloop
  endfacet
  facet normal 0.712207 0 0.701969
    outer loop
      vertex -184.685 85.2219 2.4
      vertex -186.262 85.4308 4
      vertex -186.262 85.4294 4
    endloop
  endfacet
  facet normal 0.708558 -0.0463434 0.704129
    outer loop
      vertex -184.7 85 2.4
      vertex -186.262 85.4281 4
      vertex -186.29 85 4
    endloop
  endfacet
  facet normal 0.708558 0.0463434 0.704129
    outer loop
      vertex -186.262 84.5719 4
      vertex -184.7 85 2.4
      vertex -186.29 85 4
    endloop
  endfacet
  facet normal -0.589935 0.395275 0.704084
    outer loop
      vertex -180.39 82.9971 4
      vertex -180.151 83.3538 4
      vertex -181.651 83.9651 2.4
    endloop
  endfacet
  facet normal -0.533771 0.468394 0.704057
    outer loop
      vertex -180.673 82.6746 4
      vertex -180.39 82.9971 4
      vertex -181.651 83.9651 2.4
    endloop
  endfacet
  facet normal -0.394216 0.59058 0.704137
    outer loop
      vertex -181.354 82.1515 4
      vertex -180.997 82.3898 4
      vertex -181.965 83.6513 2.4
    endloop
  endfacet
  facet normal 0.696277 0.139024 0.704181
    outer loop
      vertex -186.178 84.1485 4
      vertex -184.642 84.56 2.4
      vertex -186.262 84.5692 4
    endloop
  endfacet
  facet normal 0.672306 0.228405 0.704156
    outer loop
      vertex -186.04 83.7423 4
      vertex -184.642 84.56 2.4
      vertex -186.178 84.1485 4
    endloop
  endfacet
  facet normal 0.636701 0.31438 0.704114
    outer loop
      vertex -185.85 83.3562 4
      vertex -184.571 84.3494 2.4
      vertex -186.04 83.741 4
    endloop
  endfacet
  facet normal 0.589935 0.395275 0.704084
    outer loop
      vertex -185.61 82.9971 4
      vertex -184.349 83.9651 2.4
      vertex -185.849 83.3538 4
    endloop
  endfacet
  facet normal 0.533771 0.468394 0.704057
    outer loop
      vertex -185.327 82.6746 4
      vertex -184.349 83.9651 2.4
      vertex -185.61 82.9971 4
    endloop
  endfacet
  facet normal 0.468466 0.533655 0.704097
    outer loop
      vertex -184.202 83.7979 2.4
      vertex -185.325 82.6727 4
      vertex -184.035 83.6513 2.4
    endloop
  endfacet
  facet normal 0.474866 0.527629 0.704351
    outer loop
      vertex -185.325 82.6727 4
      vertex -184.202 83.7979 2.4
      vertex -185.326 82.6736 4
    endloop
  endfacet
  facet normal -0.468665 -0.53344 0.704127
    outer loop
      vertex -180.675 87.3273 4
      vertex -180.997 87.6102 4
      vertex -181.965 86.3487 2.4
    endloop
  endfacet
  facet normal -0.696277 -0.139024 0.704181
    outer loop
      vertex -179.738 85.4308 4
      vertex -179.822 85.8515 4
      vertex -181.358 85.44 2.4
    endloop
  endfacet
  facet normal -0.736619 0 0.676308
    outer loop
      vertex -181.429 85.6506 2.4
      vertex -179.96 86.2577 4
      vertex -179.96 86.259 4
    endloop
  endfacet
  facet normal -0.672997 -0.226889 0.703986
    outer loop
      vertex -179.96 86.2577 4
      vertex -181.429 85.6506 2.4
      vertex -181.358 85.44 2.4
    endloop
  endfacet
  facet normal -0.138297 -0.696446 0.704156
    outer loop
      vertex -182.56 86.6421 2.4
      vertex -182.148 88.178 4
      vertex -182.569 88.2616 4
    endloop
  endfacet
  facet normal -0.228352 -0.672306 0.704173
    outer loop
      vertex -181.742 88.0401 4
      vertex -182.148 88.178 4
      vertex -182.56 86.6421 2.4
    endloop
  endfacet
  facet normal -0.394216 -0.59058 0.704137
    outer loop
      vertex -180.997 87.6102 4
      vertex -181.354 87.8485 4
      vertex -181.965 86.3487 2.4
    endloop
  endfacet
  facet normal -0.445613 -0.557016 0.70083
    outer loop
      vertex -182.15 86.4722 2.4
      vertex -181.354 87.8485 4
      vertex -181.355 87.8493 4
    endloop
  endfacet
  facet normal -0.394243 -0.590566 0.704134
    outer loop
      vertex -181.354 87.8485 4
      vertex -182.15 86.4722 2.4
      vertex -181.965 86.3487 2.4
    endloop
  endfacet
  facet normal 0.046518 -0.70853 0.704146
    outer loop
      vertex -183 86.7 2.4
      vertex -183 88.2901 4
      vertex -183.428 88.262 4
    endloop
  endfacet
  facet normal 0.138297 -0.696446 0.704156
    outer loop
      vertex -183.44 86.6421 2.4
      vertex -183.431 88.2616 4
      vertex -183.852 88.178 4
    endloop
  endfacet
  facet normal 0.228352 -0.672306 0.704173
    outer loop
      vertex -183.44 86.6421 2.4
      vertex -183.852 88.178 4
      vertex -184.258 88.0401 4
    endloop
  endfacet
  facet normal 0.313858 -0.636981 0.704094
    outer loop
      vertex -183.651 86.5706 2.4
      vertex -184.259 88.0396 4
      vertex -184.644 87.8499 4
    endloop
  endfacet
  facet normal 0.394216 -0.59058 0.704137
    outer loop
      vertex -184.035 86.3487 2.4
      vertex -184.646 87.8485 4
      vertex -185.003 87.6102 4
    endloop
  endfacet
  facet normal 0.468665 -0.53344 0.704127
    outer loop
      vertex -184.035 86.3487 2.4
      vertex -185.003 87.6102 4
      vertex -185.325 87.3273 4
    endloop
  endfacet
  facet normal 0.501598 -0.501598 0.704839
    outer loop
      vertex -185.327 87.3254 4
      vertex -184.202 86.2021 2.4
      vertex -185.326 87.3264 4
    endloop
  endfacet
  facet normal 0.533279 -0.468852 0.704125
    outer loop
      vertex -184.202 86.2021 2.4
      vertex -185.327 87.3254 4
      vertex -184.349 86.0349 2.4
    endloop
  endfacet
  facet normal -0.635871 0.315703 0.704272
    outer loop
      vertex -181.528 84.15 2.4
      vertex -180.15 83.3562 4
      vertex -181.429 84.3494 2.4
    endloop
  endfacet
  facet normal -0.548881 0.457401 0.699652
    outer loop
      vertex -180.15 83.3562 4
      vertex -181.528 84.15 2.4
      vertex -180.151 83.355 4
    endloop
  endfacet
  facet normal -0.757951 0 0.652312
    outer loop
      vertex -181.528 84.15 2.4
      vertex -180.151 83.3538 4
      vertex -180.151 83.355 4
    endloop
  endfacet
  facet normal -0.591047 0.393179 0.704325
    outer loop
      vertex -180.151 83.3538 4
      vertex -181.528 84.15 2.4
      vertex -181.651 83.9651 2.4
    endloop
  endfacet
  facet normal -0.394243 0.590566 0.704134
    outer loop
      vertex -182.15 83.5278 2.4
      vertex -181.354 82.1515 4
      vertex -181.965 83.6513 2.4
    endloop
  endfacet
  facet normal -0.445613 0.557016 0.70083
    outer loop
      vertex -181.354 82.1515 4
      vertex -182.15 83.5278 2.4
      vertex -181.355 82.1507 4
    endloop
  endfacet
  facet normal -0.364956 0.60826 0.704859
    outer loop
      vertex -182.15 83.5278 2.4
      vertex -181.356 82.1501 4
      vertex -181.355 82.1507 4
    endloop
  endfacet
  facet normal -0.314707 0.636449 0.704196
    outer loop
      vertex -181.356 82.1501 4
      vertex -182.15 83.5278 2.4
      vertex -182.349 83.4294 2.4
    endloop
  endfacet
  facet normal 0.591047 0.393179 0.704325
    outer loop
      vertex -184.472 84.15 2.4
      vertex -185.849 83.3538 4
      vertex -184.349 83.9651 2.4
    endloop
  endfacet
  facet normal 0.757951 -0 0.652312
    outer loop
      vertex -185.849 83.3538 4
      vertex -184.472 84.15 2.4
      vertex -185.849 83.355 4
    endloop
  endfacet
  facet normal 0.635871 0.315703 0.704272
    outer loop
      vertex -185.85 83.3562 4
      vertex -184.472 84.15 2.4
      vertex -184.571 84.3494 2.4
    endloop
  endfacet
  facet normal 0.548881 0.457401 0.699652
    outer loop
      vertex -184.472 84.15 2.4
      vertex -185.85 83.3562 4
      vertex -185.849 83.355 4
    endloop
  endfacet
  facet normal -0.501598 -0.501598 0.704839
    outer loop
      vertex -181.798 86.2021 2.4
      vertex -180.673 87.3254 4
      vertex -180.674 87.3264 4
    endloop
  endfacet
  facet normal -0.533279 -0.468852 0.704125
    outer loop
      vertex -180.673 87.3254 4
      vertex -181.798 86.2021 2.4
      vertex -181.651 86.0349 2.4
    endloop
  endfacet
  facet normal -0.636701 -0.31438 0.704114
    outer loop
      vertex -179.96 86.259 4
      vertex -180.15 86.6438 4
      vertex -181.429 85.6506 2.4
    endloop
  endfacet
  facet normal -0.672306 -0.228405 0.704156
    outer loop
      vertex -179.822 85.8515 4
      vertex -179.96 86.2577 4
      vertex -181.358 85.44 2.4
    endloop
  endfacet
  facet normal -0.317632 -0.635264 0.703952
    outer loop
      vertex -181.742 88.0401 4
      vertex -182.349 86.5706 2.4
      vertex -181.741 88.0396 4
    endloop
  endfacet
  facet normal -0.227891 -0.672517 0.704121
    outer loop
      vertex -182.349 86.5706 2.4
      vertex -181.742 88.0401 4
      vertex -182.56 86.6421 2.4
    endloop
  endfacet
  facet normal -0.0462805 -0.70857 0.704121
    outer loop
      vertex -182.778 86.6855 2.4
      vertex -182.572 88.262 4
      vertex -183 86.7 2.4
    endloop
  endfacet
  facet normal -0.0705982 -0.705982 0.704702
    outer loop
      vertex -182.572 88.262 4
      vertex -182.778 86.6855 2.4
      vertex -182.571 88.2619 4
    endloop
  endfacet
  facet normal 0.445613 -0.557016 0.70083
    outer loop
      vertex -184.646 87.8485 4
      vertex -183.85 86.4722 2.4
      vertex -184.645 87.8493 4
    endloop
  endfacet
  facet normal 0.394243 -0.590566 0.704134
    outer loop
      vertex -183.85 86.4722 2.4
      vertex -184.646 87.8485 4
      vertex -184.035 86.3487 2.4
    endloop
  endfacet
  facet normal 0.314707 -0.636449 0.704196
    outer loop
      vertex -184.644 87.8499 4
      vertex -183.85 86.4722 2.4
      vertex -183.651 86.5706 2.4
    endloop
  endfacet
  facet normal 0.364956 -0.60826 0.704859
    outer loop
      vertex -183.85 86.4722 2.4
      vertex -184.644 87.8499 4
      vertex -184.645 87.8493 4
    endloop
  endfacet
  facet normal -0.533771 -0.468394 0.704057
    outer loop
      vertex -180.39 87.0029 4
      vertex -180.673 87.3254 4
      vertex -181.651 86.0349 2.4
    endloop
  endfacet
  facet normal -0.589935 -0.395275 0.704084
    outer loop
      vertex -180.151 86.6462 4
      vertex -180.39 87.0029 4
      vertex -181.651 86.0349 2.4
    endloop
  endfacet
  facet normal -0.712207 0 0.701969
    outer loop
      vertex -179.738 85.4308 4
      vertex -181.315 85.2219 2.4
      vertex -179.738 85.4294 4
    endloop
  endfacet
  facet normal -0.69644 -0.137308 0.704356
    outer loop
      vertex -181.315 85.2219 2.4
      vertex -179.738 85.4308 4
      vertex -181.358 85.44 2.4
    endloop
  endfacet
  facet normal -0.364956 -0.60826 0.704859
    outer loop
      vertex -181.356 87.8499 4
      vertex -182.15 86.4722 2.4
      vertex -181.355 87.8493 4
    endloop
  endfacet
  facet normal -0.314707 -0.636449 0.704196
    outer loop
      vertex -182.15 86.4722 2.4
      vertex -181.356 87.8499 4
      vertex -182.349 86.5706 2.4
    endloop
  endfacet
  facet normal -0.474866 -0.527629 0.704351
    outer loop
      vertex -180.675 87.3273 4
      vertex -181.798 86.2021 2.4
      vertex -180.674 87.3264 4
    endloop
  endfacet
  facet normal -0.468466 -0.533655 0.704097
    outer loop
      vertex -181.798 86.2021 2.4
      vertex -180.675 87.3273 4
      vertex -181.965 86.3487 2.4
    endloop
  endfacet
  facet normal -0.548881 -0.457401 0.699652
    outer loop
      vertex -181.528 85.85 2.4
      vertex -180.15 86.6438 4
      vertex -180.151 86.645 4
    endloop
  endfacet
  facet normal -0.635871 -0.315703 0.704272
    outer loop
      vertex -180.15 86.6438 4
      vertex -181.528 85.85 2.4
      vertex -181.429 85.6506 2.4
    endloop
  endfacet
  facet normal 0.946943 -0.321403 0
    outer loop
      vertex -1.64207 61.44 2
      vertex -1.57059 61.6506 1.2
      vertex -1.57059 61.6506 2
    endloop
  endfacet
  facet normal 0.946943 -0.321403 0
    outer loop
      vertex -1.57059 61.6506 1.2
      vertex -1.64207 61.44 2
      vertex -1.64207 61.44 1.2
    endloop
  endfacet
  facet normal 0.321526 0.946901 -0
    outer loop
      vertex -0.439992 59.3579 1.2
      vertex -0.650561 59.4294 2
      vertex -0.439992 59.3579 2
    endloop
  endfacet
  facet normal 0.321526 0.946901 0
    outer loop
      vertex -0.650561 59.4294 2
      vertex -0.439992 59.3579 1.2
      vertex -0.650561 59.4294 1.2
    endloop
  endfacet
  facet normal -0.442463 -0.896787 0
    outer loop
      vertex 0.650561 62.5706 1.2
      vertex 0.849999 62.4722 2
      vertex 0.650561 62.5706 2
    endloop
  endfacet
  facet normal -0.442463 -0.896787 -0
    outer loop
      vertex 0.849999 62.4722 2
      vertex 0.650561 62.5706 1.2
      vertex 0.849999 62.4722 1.2
    endloop
  endfacet
  facet normal 0.321526 -0.946901 0
    outer loop
      vertex -0.650561 62.5706 1.2
      vertex -0.439992 62.6421 2
      vertex -0.650561 62.5706 2
    endloop
  endfacet
  facet normal 0.321526 -0.946901 0
    outer loop
      vertex -0.439992 62.6421 2
      vertex -0.650561 62.5706 1.2
      vertex -0.439992 62.6421 1.2
    endloop
  endfacet
  facet normal 0.896843 -0.442349 0
    outer loop
      vertex -1.57059 61.6506 2
      vertex -1.47224 61.85 1.2
      vertex -1.47224 61.85 2
    endloop
  endfacet
  facet normal 0.896843 -0.442349 0
    outer loop
      vertex -1.47224 61.85 1.2
      vertex -1.57059 61.6506 2
      vertex -1.57059 61.6506 1.2
    endloop
  endfacet
  facet normal 0.896843 0.442349 0
    outer loop
      vertex -1.47224 60.15 2
      vertex -1.57059 60.3494 1.2
      vertex -1.57059 60.3494 2
    endloop
  endfacet
  facet normal 0.896843 0.442349 0
    outer loop
      vertex -1.57059 60.3494 1.2
      vertex -1.47224 60.15 2
      vertex -1.47224 60.15 1.2
    endloop
  endfacet
  facet normal -0.946943 -0.321403 0
    outer loop
      vertex 1.64207 61.44 1.2
      vertex 1.57059 61.6506 2
      vertex 1.57059 61.6506 1.2
    endloop
  endfacet
  facet normal -0.946943 -0.321403 0
    outer loop
      vertex 1.57059 61.6506 2
      vertex 1.64207 61.44 1.2
      vertex 1.64207 61.44 2
    endloop
  endfacet
  facet normal -0.831483 -0.555551 0
    outer loop
      vertex 1.47224 61.85 1.2
      vertex 1.3487 62.0349 2
      vertex 1.3487 62.0349 1.2
    endloop
  endfacet
  facet normal -0.831483 -0.555551 0
    outer loop
      vertex 1.3487 62.0349 2
      vertex 1.47224 61.85 1.2
      vertex 1.47224 61.85 2
    endloop
  endfacet
  facet normal -0.751863 -0.659319 0
    outer loop
      vertex 1.3487 62.0349 1.2
      vertex 1.20208 62.2021 2
      vertex 1.20208 62.2021 1.2
    endloop
  endfacet
  facet normal -0.751863 -0.659319 0
    outer loop
      vertex 1.20208 62.2021 2
      vertex 1.3487 62.0349 1.2
      vertex 1.3487 62.0349 2
    endloop
  endfacet
  facet normal -0.321526 -0.946901 0
    outer loop
      vertex 0.439992 62.6421 1.2
      vertex 0.650561 62.5706 2
      vertex 0.439992 62.6421 2
    endloop
  endfacet
  facet normal -0.321526 -0.946901 -0
    outer loop
      vertex 0.650561 62.5706 2
      vertex 0.439992 62.6421 1.2
      vertex 0.650561 62.5706 1.2
    endloop
  endfacet
  facet normal -0.0652074 -0.997872 0
    outer loop
      vertex 0 62.7 1.2
      vertex 0.221894 62.6855 2
      vertex 0 62.7 2
    endloop
  endfacet
  facet normal -0.0652074 -0.997872 -0
    outer loop
      vertex 0.221894 62.6855 2
      vertex 0 62.7 1.2
      vertex 0.221894 62.6855 1.2
    endloop
  endfacet
  facet normal -0.195167 -0.98077 0
    outer loop
      vertex 0.221894 62.6855 1.2
      vertex 0.439992 62.6421 2
      vertex 0.221894 62.6855 2
    endloop
  endfacet
  facet normal -0.195167 -0.98077 -0
    outer loop
      vertex 0.439992 62.6421 2
      vertex 0.221894 62.6855 1.2
      vertex 0.439992 62.6421 1.2
    endloop
  endfacet
  facet normal 0.751863 -0.659319 0
    outer loop
      vertex -1.3487 62.0349 2
      vertex -1.20208 62.2021 1.2
      vertex -1.20208 62.2021 2
    endloop
  endfacet
  facet normal 0.751863 -0.659319 0
    outer loop
      vertex -1.20208 62.2021 1.2
      vertex -1.3487 62.0349 2
      vertex -1.3487 62.0349 1.2
    endloop
  endfacet
  facet normal 0.659291 -0.751888 0
    outer loop
      vertex -1.20208 62.2021 1.2
      vertex -1.03489 62.3487 2
      vertex -1.20208 62.2021 2
    endloop
  endfacet
  facet normal 0.659291 -0.751888 0
    outer loop
      vertex -1.03489 62.3487 2
      vertex -1.20208 62.2021 1.2
      vertex -1.03489 62.3487 1.2
    endloop
  endfacet
  facet normal -0.99786 -0.0653848 0
    outer loop
      vertex 1.7 61 1.2
      vertex 1.68546 61.2219 2
      vertex 1.68546 61.2219 1.2
    endloop
  endfacet
  facet normal -0.99786 -0.0653848 0
    outer loop
      vertex 1.68546 61.2219 2
      vertex 1.7 61 1.2
      vertex 1.7 61 2
    endloop
  endfacet
  facet normal -0.321526 0.946901 0
    outer loop
      vertex 0.650561 59.4294 1.2
      vertex 0.439992 59.3579 2
      vertex 0.650561 59.4294 2
    endloop
  endfacet
  facet normal -0.321526 0.946901 0
    outer loop
      vertex 0.439992 59.3579 2
      vertex 0.650561 59.4294 1.2
      vertex 0.439992 59.3579 1.2
    endloop
  endfacet
  facet normal -0.831483 0.555551 0
    outer loop
      vertex 1.3487 59.9651 1.2
      vertex 1.47224 60.15 2
      vertex 1.47224 60.15 1.2
    endloop
  endfacet
  facet normal -0.831483 0.555551 0
    outer loop
      vertex 1.47224 60.15 2
      vertex 1.3487 59.9651 1.2
      vertex 1.3487 59.9651 2
    endloop
  endfacet
  facet normal -0.751863 0.659319 0
    outer loop
      vertex 1.20208 59.7979 1.2
      vertex 1.3487 59.9651 2
      vertex 1.3487 59.9651 1.2
    endloop
  endfacet
  facet normal -0.751863 0.659319 0
    outer loop
      vertex 1.3487 59.9651 2
      vertex 1.20208 59.7979 1.2
      vertex 1.20208 59.7979 2
    endloop
  endfacet
  facet normal 0.659291 0.751888 -0
    outer loop
      vertex -1.03489 59.6513 1.2
      vertex -1.20208 59.7979 2
      vertex -1.03489 59.6513 2
    endloop
  endfacet
  facet normal 0.659291 0.751888 0
    outer loop
      vertex -1.20208 59.7979 2
      vertex -1.03489 59.6513 1.2
      vertex -1.20208 59.7979 1.2
    endloop
  endfacet
  facet normal 0.980779 0.195122 0
    outer loop
      vertex -1.64207 60.56 2
      vertex -1.68546 60.7781 1.2
      vertex -1.68546 60.7781 2
    endloop
  endfacet
  facet normal 0.980779 0.195122 0
    outer loop
      vertex -1.68546 60.7781 1.2
      vertex -1.64207 60.56 2
      vertex -1.64207 60.56 1.2
    endloop
  endfacet
  facet normal -0.980779 -0.195122 0
    outer loop
      vertex 1.68546 61.2219 1.2
      vertex 1.64207 61.44 2
      vertex 1.64207 61.44 1.2
    endloop
  endfacet
  facet normal -0.980779 -0.195122 0
    outer loop
      vertex 1.64207 61.44 2
      vertex 1.68546 61.2219 1.2
      vertex 1.68546 61.2219 2
    endloop
  endfacet
  facet normal -0.896843 -0.442349 0
    outer loop
      vertex 1.57059 61.6506 1.2
      vertex 1.47224 61.85 2
      vertex 1.47224 61.85 1.2
    endloop
  endfacet
  facet normal -0.896843 -0.442349 0
    outer loop
      vertex 1.47224 61.85 2
      vertex 1.57059 61.6506 1.2
      vertex 1.57059 61.6506 2
    endloop
  endfacet
  facet normal -0.659291 -0.751888 0
    outer loop
      vertex 1.03489 62.3487 1.2
      vertex 1.20208 62.2021 2
      vertex 1.03489 62.3487 2
    endloop
  endfacet
  facet normal -0.659291 -0.751888 -0
    outer loop
      vertex 1.20208 62.2021 2
      vertex 1.03489 62.3487 1.2
      vertex 1.20208 62.2021 1.2
    endloop
  endfacet
  facet normal 0.99786 -0.0653848 0
    outer loop
      vertex -1.7 61 2
      vertex -1.68546 61.2219 1.2
      vertex -1.68546 61.2219 2
    endloop
  endfacet
  facet normal 0.99786 -0.0653848 0
    outer loop
      vertex -1.68546 61.2219 1.2
      vertex -1.7 61 2
      vertex -1.7 61 1.2
    endloop
  endfacet
  facet normal 0.0652074 -0.997872 0
    outer loop
      vertex -0.221894 62.6855 1.2
      vertex 0 62.7 2
      vertex -0.221894 62.6855 2
    endloop
  endfacet
  facet normal 0.0652074 -0.997872 0
    outer loop
      vertex 0 62.7 2
      vertex -0.221894 62.6855 1.2
      vertex 0 62.7 1.2
    endloop
  endfacet
  facet normal 0.195167 -0.98077 0
    outer loop
      vertex -0.439992 62.6421 1.2
      vertex -0.221894 62.6855 2
      vertex -0.439992 62.6421 2
    endloop
  endfacet
  facet normal 0.195167 -0.98077 0
    outer loop
      vertex -0.221894 62.6855 2
      vertex -0.439992 62.6421 1.2
      vertex -0.221894 62.6855 1.2
    endloop
  endfacet
  facet normal 0.442463 -0.896787 0
    outer loop
      vertex -0.849999 62.4722 1.2
      vertex -0.650561 62.5706 2
      vertex -0.849999 62.4722 2
    endloop
  endfacet
  facet normal 0.442463 -0.896787 0
    outer loop
      vertex -0.650561 62.5706 2
      vertex -0.849999 62.4722 1.2
      vertex -0.650561 62.5706 1.2
    endloop
  endfacet
  facet normal 0.555445 -0.831553 0
    outer loop
      vertex -1.03489 62.3487 1.2
      vertex -0.849999 62.4722 2
      vertex -1.03489 62.3487 2
    endloop
  endfacet
  facet normal 0.555445 -0.831553 0
    outer loop
      vertex -0.849999 62.4722 2
      vertex -1.03489 62.3487 1.2
      vertex -0.849999 62.4722 1.2
    endloop
  endfacet
  facet normal -0.99786 0.0653848 0
    outer loop
      vertex 1.68546 60.7781 1.2
      vertex 1.7 61 2
      vertex 1.7 61 1.2
    endloop
  endfacet
  facet normal -0.99786 0.0653848 0
    outer loop
      vertex 1.7 61 2
      vertex 1.68546 60.7781 1.2
      vertex 1.68546 60.7781 2
    endloop
  endfacet
  facet normal -0.980779 0.195122 0
    outer loop
      vertex 1.64207 60.56 1.2
      vertex 1.68546 60.7781 2
      vertex 1.68546 60.7781 1.2
    endloop
  endfacet
  facet normal -0.980779 0.195122 0
    outer loop
      vertex 1.68546 60.7781 2
      vertex 1.64207 60.56 1.2
      vertex 1.64207 60.56 2
    endloop
  endfacet
  facet normal -0.0652074 0.997872 0
    outer loop
      vertex 0.221894 59.3145 1.2
      vertex 0 59.3 2
      vertex 0.221894 59.3145 2
    endloop
  endfacet
  facet normal -0.0652074 0.997872 0
    outer loop
      vertex 0 59.3 2
      vertex 0.221894 59.3145 1.2
      vertex 0 59.3 1.2
    endloop
  endfacet
  facet normal -0.195167 0.98077 0
    outer loop
      vertex 0.439992 59.3579 1.2
      vertex 0.221894 59.3145 2
      vertex 0.439992 59.3579 2
    endloop
  endfacet
  facet normal -0.195167 0.98077 0
    outer loop
      vertex 0.221894 59.3145 2
      vertex 0.439992 59.3579 1.2
      vertex 0.221894 59.3145 1.2
    endloop
  endfacet
  facet normal -0.442463 0.896787 0
    outer loop
      vertex 0.849999 59.5278 1.2
      vertex 0.650561 59.4294 2
      vertex 0.849999 59.5278 2
    endloop
  endfacet
  facet normal -0.442463 0.896787 0
    outer loop
      vertex 0.650561 59.4294 2
      vertex 0.849999 59.5278 1.2
      vertex 0.650561 59.4294 1.2
    endloop
  endfacet
  facet normal -0.659291 0.751888 0
    outer loop
      vertex 1.20208 59.7979 1.2
      vertex 1.03489 59.6513 2
      vertex 1.20208 59.7979 2
    endloop
  endfacet
  facet normal -0.659291 0.751888 0
    outer loop
      vertex 1.03489 59.6513 2
      vertex 1.20208 59.7979 1.2
      vertex 1.03489 59.6513 1.2
    endloop
  endfacet
  facet normal -0.555445 0.831553 0
    outer loop
      vertex 1.03489 59.6513 1.2
      vertex 0.849999 59.5278 2
      vertex 1.03489 59.6513 2
    endloop
  endfacet
  facet normal -0.555445 0.831553 0
    outer loop
      vertex 0.849999 59.5278 2
      vertex 1.03489 59.6513 1.2
      vertex 0.849999 59.5278 1.2
    endloop
  endfacet
  facet normal -0.946943 0.321403 0
    outer loop
      vertex 1.57059 60.3494 1.2
      vertex 1.64207 60.56 2
      vertex 1.64207 60.56 1.2
    endloop
  endfacet
  facet normal -0.946943 0.321403 0
    outer loop
      vertex 1.64207 60.56 2
      vertex 1.57059 60.3494 1.2
      vertex 1.57059 60.3494 2
    endloop
  endfacet
  facet normal -0.896843 0.442349 0
    outer loop
      vertex 1.47224 60.15 1.2
      vertex 1.57059 60.3494 2
      vertex 1.57059 60.3494 1.2
    endloop
  endfacet
  facet normal -0.896843 0.442349 0
    outer loop
      vertex 1.57059 60.3494 2
      vertex 1.47224 60.15 1.2
      vertex 1.47224 60.15 2
    endloop
  endfacet
  facet normal 0.195167 0.98077 -0
    outer loop
      vertex -0.221894 59.3145 1.2
      vertex -0.439992 59.3579 2
      vertex -0.221894 59.3145 2
    endloop
  endfacet
  facet normal 0.195167 0.98077 0
    outer loop
      vertex -0.439992 59.3579 2
      vertex -0.221894 59.3145 1.2
      vertex -0.439992 59.3579 1.2
    endloop
  endfacet
  facet normal 0.0652074 0.997872 -0
    outer loop
      vertex 0 59.3 1.2
      vertex -0.221894 59.3145 2
      vertex 0 59.3 2
    endloop
  endfacet
  facet normal 0.0652074 0.997872 0
    outer loop
      vertex -0.221894 59.3145 2
      vertex 0 59.3 1.2
      vertex -0.221894 59.3145 1.2
    endloop
  endfacet
  facet normal 0.555445 0.831553 -0
    outer loop
      vertex -0.849999 59.5278 1.2
      vertex -1.03489 59.6513 2
      vertex -0.849999 59.5278 2
    endloop
  endfacet
  facet normal 0.555445 0.831553 0
    outer loop
      vertex -1.03489 59.6513 2
      vertex -0.849999 59.5278 1.2
      vertex -1.03489 59.6513 1.2
    endloop
  endfacet
  facet normal 0.442463 0.896787 -0
    outer loop
      vertex -0.650561 59.4294 1.2
      vertex -0.849999 59.5278 2
      vertex -0.650561 59.4294 2
    endloop
  endfacet
  facet normal 0.442463 0.896787 0
    outer loop
      vertex -0.849999 59.5278 2
      vertex -0.650561 59.4294 1.2
      vertex -0.849999 59.5278 1.2
    endloop
  endfacet
  facet normal 0.946943 0.321403 0
    outer loop
      vertex -1.57059 60.3494 2
      vertex -1.64207 60.56 1.2
      vertex -1.64207 60.56 2
    endloop
  endfacet
  facet normal 0.946943 0.321403 0
    outer loop
      vertex -1.64207 60.56 1.2
      vertex -1.57059 60.3494 2
      vertex -1.57059 60.3494 1.2
    endloop
  endfacet
  facet normal 0.99786 0.0653848 0
    outer loop
      vertex -1.68546 60.7781 2
      vertex -1.7 61 1.2
      vertex -1.7 61 2
    endloop
  endfacet
  facet normal 0.99786 0.0653848 0
    outer loop
      vertex -1.7 61 1.2
      vertex -1.68546 60.7781 2
      vertex -1.68546 60.7781 1.2
    endloop
  endfacet
  facet normal 0.751863 0.659319 0
    outer loop
      vertex -1.20208 59.7979 2
      vertex -1.3487 59.9651 1.2
      vertex -1.3487 59.9651 2
    endloop
  endfacet
  facet normal 0.751863 0.659319 0
    outer loop
      vertex -1.3487 59.9651 1.2
      vertex -1.20208 59.7979 2
      vertex -1.20208 59.7979 1.2
    endloop
  endfacet
  facet normal -0.555445 -0.831553 0
    outer loop
      vertex 0.849999 62.4722 1.2
      vertex 1.03489 62.3487 2
      vertex 0.849999 62.4722 2
    endloop
  endfacet
  facet normal -0.555445 -0.831553 -0
    outer loop
      vertex 1.03489 62.3487 2
      vertex 0.849999 62.4722 1.2
      vertex 1.03489 62.3487 1.2
    endloop
  endfacet
  facet normal 0.980779 -0.195122 0
    outer loop
      vertex -1.68546 61.2219 2
      vertex -1.64207 61.44 1.2
      vertex -1.64207 61.44 2
    endloop
  endfacet
  facet normal 0.980779 -0.195122 0
    outer loop
      vertex -1.64207 61.44 1.2
      vertex -1.68546 61.2219 2
      vertex -1.68546 61.2219 1.2
    endloop
  endfacet
  facet normal 0.831483 -0.555551 0
    outer loop
      vertex -1.47224 61.85 2
      vertex -1.3487 62.0349 1.2
      vertex -1.3487 62.0349 2
    endloop
  endfacet
  facet normal 0.831483 -0.555551 0
    outer loop
      vertex -1.3487 62.0349 1.2
      vertex -1.47224 61.85 2
      vertex -1.47224 61.85 1.2
    endloop
  endfacet
  facet normal 0.831483 0.555551 0
    outer loop
      vertex -1.3487 59.9651 2
      vertex -1.47224 60.15 1.2
      vertex -1.47224 60.15 2
    endloop
  endfacet
  facet normal 0.831483 0.555551 0
    outer loop
      vertex -1.47224 60.15 1.2
      vertex -1.3487 59.9651 2
      vertex -1.3487 59.9651 1.2
    endloop
  endfacet
  facet normal -0.499997 -0.866027 0
    outer loop
      vertex 0 64.1754 0
      vertex 2.75 62.5877 1.2
      vertex 0 64.1754 1.2
    endloop
  endfacet
  facet normal -0.499997 -0.866027 -0
    outer loop
      vertex 2.75 62.5877 1.2
      vertex 0 64.1754 0
      vertex 2.75 62.5877 0
    endloop
  endfacet
  facet normal 1 -0 0
    outer loop
      vertex -2.75 59.4123 1.2
      vertex -2.75 62.5877 0
      vertex -2.75 62.5877 1.2
    endloop
  endfacet
  facet normal 1 0 0
    outer loop
      vertex -2.75 62.5877 0
      vertex -2.75 59.4123 1.2
      vertex -2.75 59.4123 0
    endloop
  endfacet
  facet normal 0.499997 -0.866027 0
    outer loop
      vertex -2.75 62.5877 0
      vertex 0 64.1754 1.2
      vertex -2.75 62.5877 1.2
    endloop
  endfacet
  facet normal 0.499997 -0.866027 0
    outer loop
      vertex 0 64.1754 1.2
      vertex -2.75 62.5877 0
      vertex 0 64.1754 0
    endloop
  endfacet
  facet normal 0 0 -1
    outer loop
      vertex 2.75 59.4123 1.2
      vertex 1.7 61 1.2
      vertex 2.75 62.5877 1.2
    endloop
  endfacet
  facet normal 0 0 -1
    outer loop
      vertex 2.75 59.4123 1.2
      vertex 1.68546 60.7781 1.2
      vertex 1.7 61 1.2
    endloop
  endfacet
  facet normal 0 0 -1
    outer loop
      vertex 2.75 59.4123 1.2
      vertex 1.64207 60.56 1.2
      vertex 1.68546 60.7781 1.2
    endloop
  endfacet
  facet normal 0 0 -1
    outer loop
      vertex 2.75 59.4123 1.2
      vertex 1.57059 60.3494 1.2
      vertex 1.64207 60.56 1.2
    endloop
  endfacet
  facet normal 0 0 -1
    outer loop
      vertex 2.75 59.4123 1.2
      vertex 1.47224 60.15 1.2
      vertex 1.57059 60.3494 1.2
    endloop
  endfacet
  facet normal 0 0 -1
    outer loop
      vertex 2.75 59.4123 1.2
      vertex 1.3487 59.9651 1.2
      vertex 1.47224 60.15 1.2
    endloop
  endfacet
  facet normal 0 0 -1
    outer loop
      vertex 2.75 59.4123 1.2
      vertex 1.20208 59.7979 1.2
      vertex 1.3487 59.9651 1.2
    endloop
  endfacet
  facet normal 0 0 -1
    outer loop
      vertex 2.75 59.4123 1.2
      vertex 1.03489 59.6513 1.2
      vertex 1.20208 59.7979 1.2
    endloop
  endfacet
  facet normal 0 0 -1
    outer loop
      vertex 2.75 59.4123 1.2
      vertex 0.849999 59.5278 1.2
      vertex 1.03489 59.6513 1.2
    endloop
  endfacet
  facet normal 0 0 -1
    outer loop
      vertex 0 57.8246 1.2
      vertex 0.849999 59.5278 1.2
      vertex 2.75 59.4123 1.2
    endloop
  endfacet
  facet normal 0 0 -1
    outer loop
      vertex 0.849999 59.5278 1.2
      vertex 0 57.8246 1.2
      vertex 0.650561 59.4294 1.2
    endloop
  endfacet
  facet normal 0 0 -1
    outer loop
      vertex 0.650561 59.4294 1.2
      vertex 0 57.8246 1.2
      vertex 0.439992 59.3579 1.2
    endloop
  endfacet
  facet normal 0 0 -1
    outer loop
      vertex 0.439992 59.3579 1.2
      vertex 0 57.8246 1.2
      vertex 0.221894 59.3145 1.2
    endloop
  endfacet
  facet normal 0 0 -1
    outer loop
      vertex 0 57.8246 1.2
      vertex 0 59.3 1.2
      vertex 0.221894 59.3145 1.2
    endloop
  endfacet
  facet normal 0 0 -1
    outer loop
      vertex 0 57.8246 1.2
      vertex -0.221894 59.3145 1.2
      vertex 0 59.3 1.2
    endloop
  endfacet
  facet normal 0 0 -1
    outer loop
      vertex 0 57.8246 1.2
      vertex -0.439992 59.3579 1.2
      vertex -0.221894 59.3145 1.2
    endloop
  endfacet
  facet normal 0 0 -1
    outer loop
      vertex 0 57.8246 1.2
      vertex -0.650561 59.4294 1.2
      vertex -0.439992 59.3579 1.2
    endloop
  endfacet
  facet normal 0 0 -1
    outer loop
      vertex 0 57.8246 1.2
      vertex -0.849999 59.5278 1.2
      vertex -0.650561 59.4294 1.2
    endloop
  endfacet
  facet normal 0 0 -1
    outer loop
      vertex -2.75 59.4123 1.2
      vertex -0.849999 59.5278 1.2
      vertex 0 57.8246 1.2
    endloop
  endfacet
  facet normal -0 0 -1
    outer loop
      vertex -0.849999 59.5278 1.2
      vertex -2.75 59.4123 1.2
      vertex -1.03489 59.6513 1.2
    endloop
  endfacet
  facet normal -0 0 -1
    outer loop
      vertex -1.03489 59.6513 1.2
      vertex -2.75 59.4123 1.2
      vertex -1.20208 59.7979 1.2
    endloop
  endfacet
  facet normal -0 0 -1
    outer loop
      vertex -1.20208 59.7979 1.2
      vertex -2.75 59.4123 1.2
      vertex -1.3487 59.9651 1.2
    endloop
  endfacet
  facet normal -0 0 -1
    outer loop
      vertex -1.68546 60.7781 1.2
      vertex -2.75 59.4123 1.2
      vertex -1.7 61 1.2
    endloop
  endfacet
  facet normal -0 0 -1
    outer loop
      vertex -1.64207 60.56 1.2
      vertex -2.75 59.4123 1.2
      vertex -1.68546 60.7781 1.2
    endloop
  endfacet
  facet normal -0 0 -1
    outer loop
      vertex -1.57059 60.3494 1.2
      vertex -2.75 59.4123 1.2
      vertex -1.64207 60.56 1.2
    endloop
  endfacet
  facet normal -0 0 -1
    outer loop
      vertex -1.47224 60.15 1.2
      vertex -2.75 59.4123 1.2
      vertex -1.57059 60.3494 1.2
    endloop
  endfacet
  facet normal -0 0 -1
    outer loop
      vertex -1.3487 59.9651 1.2
      vertex -2.75 59.4123 1.2
      vertex -1.47224 60.15 1.2
    endloop
  endfacet
  facet normal 0 0 -1
    outer loop
      vertex 1.68546 61.2219 1.2
      vertex 2.75 62.5877 1.2
      vertex 1.7 61 1.2
    endloop
  endfacet
  facet normal 0 0 -1
    outer loop
      vertex 1.64207 61.44 1.2
      vertex 2.75 62.5877 1.2
      vertex 1.68546 61.2219 1.2
    endloop
  endfacet
  facet normal 0 0 -1
    outer loop
      vertex 1.57059 61.6506 1.2
      vertex 2.75 62.5877 1.2
      vertex 1.64207 61.44 1.2
    endloop
  endfacet
  facet normal 0 0 -1
    outer loop
      vertex 1.47224 61.85 1.2
      vertex 2.75 62.5877 1.2
      vertex 1.57059 61.6506 1.2
    endloop
  endfacet
  facet normal 0 0 -1
    outer loop
      vertex 1.3487 62.0349 1.2
      vertex 2.75 62.5877 1.2
      vertex 1.47224 61.85 1.2
    endloop
  endfacet
  facet normal 0 0 -1
    outer loop
      vertex 1.20208 62.2021 1.2
      vertex 2.75 62.5877 1.2
      vertex 1.3487 62.0349 1.2
    endloop
  endfacet
  facet normal 0 0 -1
    outer loop
      vertex 1.03489 62.3487 1.2
      vertex 2.75 62.5877 1.2
      vertex 1.20208 62.2021 1.2
    endloop
  endfacet
  facet normal 0 0 -1
    outer loop
      vertex 0.849999 62.4722 1.2
      vertex 2.75 62.5877 1.2
      vertex 1.03489 62.3487 1.2
    endloop
  endfacet
  facet normal 0 0 -1
    outer loop
      vertex 0 64.1754 1.2
      vertex 0.849999 62.4722 1.2
      vertex 0.650561 62.5706 1.2
    endloop
  endfacet
  facet normal 0 0 -1
    outer loop
      vertex 0 64.1754 1.2
      vertex 0.650561 62.5706 1.2
      vertex 0.439992 62.6421 1.2
    endloop
  endfacet
  facet normal 0 0 -1
    outer loop
      vertex 0 64.1754 1.2
      vertex 0.439992 62.6421 1.2
      vertex 0.221894 62.6855 1.2
    endloop
  endfacet
  facet normal 0 0 -1
    outer loop
      vertex 0 64.1754 1.2
      vertex 0.221894 62.6855 1.2
      vertex 0 62.7 1.2
    endloop
  endfacet
  facet normal 0 0 -1
    outer loop
      vertex 0.849999 62.4722 1.2
      vertex 0 64.1754 1.2
      vertex 2.75 62.5877 1.2
    endloop
  endfacet
  facet normal 0 0 -1
    outer loop
      vertex -0.221894 62.6855 1.2
      vertex 0 64.1754 1.2
      vertex 0 62.7 1.2
    endloop
  endfacet
  facet normal 0 0 -1
    outer loop
      vertex -0.439992 62.6421 1.2
      vertex 0 64.1754 1.2
      vertex -0.221894 62.6855 1.2
    endloop
  endfacet
  facet normal 0 0 -1
    outer loop
      vertex -0.650561 62.5706 1.2
      vertex 0 64.1754 1.2
      vertex -0.439992 62.6421 1.2
    endloop
  endfacet
  facet normal 0 0 -1
    outer loop
      vertex -0.849999 62.4722 1.2
      vertex 0 64.1754 1.2
      vertex -0.650561 62.5706 1.2
    endloop
  endfacet
  facet normal 0 0 -1
    outer loop
      vertex -2.75 62.5877 1.2
      vertex -0.849999 62.4722 1.2
      vertex -1.03489 62.3487 1.2
    endloop
  endfacet
  facet normal 0 0 -1
    outer loop
      vertex -2.75 62.5877 1.2
      vertex -1.03489 62.3487 1.2
      vertex -1.20208 62.2021 1.2
    endloop
  endfacet
  facet normal 0 0 -1
    outer loop
      vertex -2.75 62.5877 1.2
      vertex -1.20208 62.2021 1.2
      vertex -1.3487 62.0349 1.2
    endloop
  endfacet
  facet normal 0 0 -1
    outer loop
      vertex -2.75 62.5877 1.2
      vertex -1.3487 62.0349 1.2
      vertex -1.47224 61.85 1.2
    endloop
  endfacet
  facet normal 0 0 -1
    outer loop
      vertex -2.75 62.5877 1.2
      vertex -1.7 61 1.2
      vertex -2.75 59.4123 1.2
    endloop
  endfacet
  facet normal 0 0 -1
    outer loop
      vertex -1.7 61 1.2
      vertex -2.75 62.5877 1.2
      vertex -1.68546 61.2219 1.2
    endloop
  endfacet
  facet normal 0 0 -1
    outer loop
      vertex -1.68546 61.2219 1.2
      vertex -2.75 62.5877 1.2
      vertex -1.64207 61.44 1.2
    endloop
  endfacet
  facet normal 0 0 -1
    outer loop
      vertex -1.64207 61.44 1.2
      vertex -2.75 62.5877 1.2
      vertex -1.57059 61.6506 1.2
    endloop
  endfacet
  facet normal 0 0 -1
    outer loop
      vertex -0.849999 62.4722 1.2
      vertex -2.75 62.5877 1.2
      vertex 0 64.1754 1.2
    endloop
  endfacet
  facet normal 0 0 -1
    outer loop
      vertex -1.57059 61.6506 1.2
      vertex -2.75 62.5877 1.2
      vertex -1.47224 61.85 1.2
    endloop
  endfacet
  facet normal -0.499997 0.866027 0
    outer loop
      vertex 2.75 59.4123 0
      vertex 0 57.8246 1.2
      vertex 2.75 59.4123 1.2
    endloop
  endfacet
  facet normal -0.499997 0.866027 0
    outer loop
      vertex 0 57.8246 1.2
      vertex 2.75 59.4123 0
      vertex 0 57.8246 0
    endloop
  endfacet
  facet normal 0.499997 0.866027 -0
    outer loop
      vertex 0 57.8246 0
      vertex -2.75 59.4123 1.2
      vertex 0 57.8246 1.2
    endloop
  endfacet
  facet normal 0.499997 0.866027 0
    outer loop
      vertex -2.75 59.4123 1.2
      vertex 0 57.8246 0
      vertex -2.75 59.4123 0
    endloop
  endfacet
  facet normal -1 0 0
    outer loop
      vertex 2.75 59.4123 0
      vertex 2.75 62.5877 1.2
      vertex 2.75 62.5877 0
    endloop
  endfacet
  facet normal -1 -0 0
    outer loop
      vertex 2.75 62.5877 1.2
      vertex 2.75 59.4123 0
      vertex 2.75 59.4123 1.2
    endloop
  endfacet
  facet normal 0.946215 -0.32354 0
    outer loop
      vertex -120.309 0.439992 2.4
      vertex -120.237 0.650561 2
      vertex -120.237 0.650561 2.4
    endloop
  endfacet
  facet normal 0.946215 -0.32354 0
    outer loop
      vertex -120.237 0.650561 2
      vertex -120.309 0.439992 2.4
      vertex -120.309 0.439992 2
    endloop
  endfacet
  facet normal 0.322226 0.946663 -0
    outer loop
      vertex -119.107 -1.64207 2
      vertex -119.317 -1.57059 2.4
      vertex -119.107 -1.64207 2.4
    endloop
  endfacet
  facet normal 0.322226 0.946663 0
    outer loop
      vertex -119.317 -1.57059 2.4
      vertex -119.107 -1.64207 2
      vertex -119.317 -1.57059 2
    endloop
  endfacet
  facet normal -0.443064 -0.89649 0
    outer loop
      vertex -118.016 1.57059 2
      vertex -117.817 1.47224 2.4
      vertex -118.016 1.57059 2.4
    endloop
  endfacet
  facet normal -0.443064 -0.89649 -0
    outer loop
      vertex -117.817 1.47224 2.4
      vertex -118.016 1.57059 2
      vertex -117.817 1.47224 2
    endloop
  endfacet
  facet normal 0.322226 -0.946663 0
    outer loop
      vertex -119.317 1.57059 2
      vertex -119.107 1.64207 2.4
      vertex -119.317 1.57059 2.4
    endloop
  endfacet
  facet normal 0.322226 -0.946663 0
    outer loop
      vertex -119.107 1.64207 2.4
      vertex -119.317 1.57059 2
      vertex -119.107 1.64207 2
    endloop
  endfacet
  facet normal 0.8975 -0.441014 0
    outer loop
      vertex -120.237 0.650561 2.4
      vertex -120.139 0.849999 2
      vertex -120.139 0.849999 2.4
    endloop
  endfacet
  facet normal 0.8975 -0.441014 0
    outer loop
      vertex -120.139 0.849999 2
      vertex -120.237 0.650561 2.4
      vertex -120.237 0.650561 2
    endloop
  endfacet
  facet normal 0.8975 0.441014 0
    outer loop
      vertex -120.139 -0.849999 2.4
      vertex -120.237 -0.650561 2
      vertex -120.237 -0.650561 2.4
    endloop
  endfacet
  facet normal 0.8975 0.441014 0
    outer loop
      vertex -120.237 -0.650561 2
      vertex -120.139 -0.849999 2.4
      vertex -120.139 -0.849999 2
    endloop
  endfacet
  facet normal -0.947584 -0.319508 0
    outer loop
      vertex -117.025 0.439992 2
      vertex -117.096 0.650561 2.4
      vertex -117.096 0.650561 2
    endloop
  endfacet
  facet normal -0.947584 -0.319508 0
    outer loop
      vertex -117.096 0.650561 2.4
      vertex -117.025 0.439992 2
      vertex -117.025 0.439992 2.4
    endloop
  endfacet
  facet normal -0.830514 -0.556997 0
    outer loop
      vertex -117.194 0.849999 2
      vertex -117.318 1.03489 2.4
      vertex -117.318 1.03489 2
    endloop
  endfacet
  facet normal -0.830514 -0.556997 0
    outer loop
      vertex -117.318 1.03489 2.4
      vertex -117.194 0.849999 2
      vertex -117.194 0.849999 2.4
    endloop
  endfacet
  facet normal -0.750997 -0.660306 0
    outer loop
      vertex -117.318 1.03489 2
      vertex -117.465 1.20208 2.4
      vertex -117.465 1.20208 2
    endloop
  endfacet
  facet normal -0.750997 -0.660306 0
    outer loop
      vertex -117.465 1.20208 2.4
      vertex -117.318 1.03489 2
      vertex -117.318 1.03489 2.4
    endloop
  endfacet
  facet normal -0.320856 -0.947128 0
    outer loop
      vertex -118.227 1.64207 2
      vertex -118.016 1.57059 2.4
      vertex -118.227 1.64207 2.4
    endloop
  endfacet
  facet normal -0.320856 -0.947128 -0
    outer loop
      vertex -118.016 1.57059 2.4
      vertex -118.227 1.64207 2
      vertex -118.016 1.57059 2
    endloop
  endfacet
  facet normal -0.0653555 -0.997862 0
    outer loop
      vertex -118.667 1.7 2
      vertex -118.445 1.68546 2.4
      vertex -118.667 1.7 2.4
    endloop
  endfacet
  facet normal -0.0653555 -0.997862 -0
    outer loop
      vertex -118.445 1.68546 2.4
      vertex -118.667 1.7 2
      vertex -118.445 1.68546 2
    endloop
  endfacet
  facet normal -0.195208 -0.980762 0
    outer loop
      vertex -118.445 1.68546 2
      vertex -118.227 1.64207 2.4
      vertex -118.445 1.68546 2.4
    endloop
  endfacet
  facet normal -0.195208 -0.980762 -0
    outer loop
      vertex -118.227 1.64207 2.4
      vertex -118.445 1.68546 2
      vertex -118.227 1.64207 2
    endloop
  endfacet
  facet normal 0.753227 -0.657761 0
    outer loop
      vertex -120.015 1.03489 2.4
      vertex -119.869 1.20208 2
      vertex -119.869 1.20208 2.4
    endloop
  endfacet
  facet normal 0.753227 -0.657761 0
    outer loop
      vertex -119.869 1.20208 2
      vertex -120.015 1.03489 2.4
      vertex -120.015 1.03489 2
    endloop
  endfacet
  facet normal 0.659765 -0.751472 0
    outer loop
      vertex -119.869 1.20208 2
      vertex -119.702 1.3487 2.4
      vertex -119.869 1.20208 2.4
    endloop
  endfacet
  facet normal 0.659765 -0.751472 0
    outer loop
      vertex -119.702 1.3487 2.4
      vertex -119.869 1.20208 2
      vertex -119.702 1.3487 2
    endloop
  endfacet
  facet normal -0.998016 -0.062968 0
    outer loop
      vertex -116.967 0 2
      vertex -116.981 0.221894 2.4
      vertex -116.981 0.221894 2
    endloop
  endfacet
  facet normal -0.998016 -0.062968 0
    outer loop
      vertex -116.981 0.221894 2.4
      vertex -116.967 0 2
      vertex -116.967 0 2.4
    endloop
  endfacet
  facet normal -0.320856 0.947128 0
    outer loop
      vertex -118.016 -1.57059 2
      vertex -118.227 -1.64207 2.4
      vertex -118.016 -1.57059 2.4
    endloop
  endfacet
  facet normal -0.320856 0.947128 0
    outer loop
      vertex -118.227 -1.64207 2.4
      vertex -118.016 -1.57059 2
      vertex -118.227 -1.64207 2
    endloop
  endfacet
  facet normal -0.830514 0.556997 0
    outer loop
      vertex -117.318 -1.03489 2
      vertex -117.194 -0.849999 2.4
      vertex -117.194 -0.849999 2
    endloop
  endfacet
  facet normal -0.830514 0.556997 0
    outer loop
      vertex -117.194 -0.849999 2.4
      vertex -117.318 -1.03489 2
      vertex -117.318 -1.03489 2.4
    endloop
  endfacet
  facet normal -0.750997 0.660306 0
    outer loop
      vertex -117.465 -1.20208 2
      vertex -117.318 -1.03489 2.4
      vertex -117.318 -1.03489 2
    endloop
  endfacet
  facet normal -0.750997 0.660306 0
    outer loop
      vertex -117.318 -1.03489 2.4
      vertex -117.465 -1.20208 2
      vertex -117.465 -1.20208 2.4
    endloop
  endfacet
  facet normal 0.659765 0.751472 -0
    outer loop
      vertex -119.702 -1.3487 2
      vertex -119.869 -1.20208 2.4
      vertex -119.702 -1.3487 2.4
    endloop
  endfacet
  facet normal 0.659765 0.751472 0
    outer loop
      vertex -119.869 -1.20208 2.4
      vertex -119.702 -1.3487 2
      vertex -119.869 -1.20208 2
    endloop
  endfacet
  facet normal 0.981113 0.193435 0
    outer loop
      vertex -120.309 -0.439992 2.4
      vertex -120.352 -0.221894 2
      vertex -120.352 -0.221894 2.4
    endloop
  endfacet
  facet normal 0.981113 0.193435 0
    outer loop
      vertex -120.352 -0.221894 2
      vertex -120.309 -0.439992 2.4
      vertex -120.309 -0.439992 2
    endloop
  endfacet
  facet normal -0.980251 -0.19776 0
    outer loop
      vertex -116.981 0.221894 2
      vertex -117.025 0.439992 2.4
      vertex -117.025 0.439992 2
    endloop
  endfacet
  facet normal -0.980251 -0.19776 0
    outer loop
      vertex -117.025 0.439992 2.4
      vertex -116.981 0.221894 2
      vertex -116.981 0.221894 2.4
    endloop
  endfacet
  facet normal -0.8975 -0.441014 0
    outer loop
      vertex -117.096 0.650561 2
      vertex -117.194 0.849999 2.4
      vertex -117.194 0.849999 2
    endloop
  endfacet
  facet normal -0.8975 -0.441014 0
    outer loop
      vertex -117.194 0.849999 2.4
      vertex -117.096 0.650561 2
      vertex -117.096 0.650561 2.4
    endloop
  endfacet
  facet normal -0.659765 -0.751472 0
    outer loop
      vertex -117.632 1.3487 2
      vertex -117.465 1.20208 2.4
      vertex -117.632 1.3487 2.4
    endloop
  endfacet
  facet normal -0.659765 -0.751472 -0
    outer loop
      vertex -117.465 1.20208 2.4
      vertex -117.632 1.3487 2
      vertex -117.465 1.20208 2
    endloop
  endfacet
  facet normal 0.997723 -0.0674459 0
    outer loop
      vertex -120.367 0 2.4
      vertex -120.352 0.221894 2
      vertex -120.352 0.221894 2.4
    endloop
  endfacet
  facet normal 0.997723 -0.0674459 0
    outer loop
      vertex -120.352 0.221894 2
      vertex -120.367 0 2.4
      vertex -120.367 0 2
    endloop
  endfacet
  facet normal 0.0653555 -0.997862 0
    outer loop
      vertex -118.889 1.68546 2
      vertex -118.667 1.7 2.4
      vertex -118.889 1.68546 2.4
    endloop
  endfacet
  facet normal 0.0653555 -0.997862 0
    outer loop
      vertex -118.667 1.7 2.4
      vertex -118.889 1.68546 2
      vertex -118.667 1.7 2
    endloop
  endfacet
  facet normal 0.195208 -0.980762 0
    outer loop
      vertex -119.107 1.64207 2
      vertex -118.889 1.68546 2.4
      vertex -119.107 1.64207 2.4
    endloop
  endfacet
  facet normal 0.195208 -0.980762 0
    outer loop
      vertex -118.889 1.68546 2.4
      vertex -119.107 1.64207 2
      vertex -118.889 1.68546 2
    endloop
  endfacet
  facet normal 0.441281 -0.897369 0
    outer loop
      vertex -119.517 1.47224 2
      vertex -119.317 1.57059 2.4
      vertex -119.517 1.47224 2.4
    endloop
  endfacet
  facet normal 0.441281 -0.897369 0
    outer loop
      vertex -119.317 1.57059 2.4
      vertex -119.517 1.47224 2
      vertex -119.317 1.57059 2
    endloop
  endfacet
  facet normal 0.555343 -0.831621 0
    outer loop
      vertex -119.702 1.3487 2
      vertex -119.517 1.47224 2.4
      vertex -119.702 1.3487 2.4
    endloop
  endfacet
  facet normal 0.555343 -0.831621 0
    outer loop
      vertex -119.517 1.47224 2.4
      vertex -119.702 1.3487 2
      vertex -119.517 1.47224 2
    endloop
  endfacet
  facet normal -0.998016 0.062968 0
    outer loop
      vertex -116.981 -0.221894 2
      vertex -116.967 0 2.4
      vertex -116.967 0 2
    endloop
  endfacet
  facet normal -0.998016 0.062968 0
    outer loop
      vertex -116.967 0 2.4
      vertex -116.981 -0.221894 2
      vertex -116.981 -0.221894 2.4
    endloop
  endfacet
  facet normal -0.980251 0.19776 0
    outer loop
      vertex -117.025 -0.439992 2
      vertex -116.981 -0.221894 2.4
      vertex -116.981 -0.221894 2
    endloop
  endfacet
  facet normal -0.980251 0.19776 0
    outer loop
      vertex -116.981 -0.221894 2.4
      vertex -117.025 -0.439992 2
      vertex -117.025 -0.439992 2.4
    endloop
  endfacet
  facet normal -0.0653555 0.997862 0
    outer loop
      vertex -118.445 -1.68546 2
      vertex -118.667 -1.7 2.4
      vertex -118.445 -1.68546 2.4
    endloop
  endfacet
  facet normal -0.0653555 0.997862 0
    outer loop
      vertex -118.667 -1.7 2.4
      vertex -118.445 -1.68546 2
      vertex -118.667 -1.7 2
    endloop
  endfacet
  facet normal -0.195208 0.980762 0
    outer loop
      vertex -118.227 -1.64207 2
      vertex -118.445 -1.68546 2.4
      vertex -118.227 -1.64207 2.4
    endloop
  endfacet
  facet normal -0.195208 0.980762 0
    outer loop
      vertex -118.445 -1.68546 2.4
      vertex -118.227 -1.64207 2
      vertex -118.445 -1.68546 2
    endloop
  endfacet
  facet normal -0.443064 0.89649 0
    outer loop
      vertex -117.817 -1.47224 2
      vertex -118.016 -1.57059 2.4
      vertex -117.817 -1.47224 2.4
    endloop
  endfacet
  facet normal -0.443064 0.89649 0
    outer loop
      vertex -118.016 -1.57059 2.4
      vertex -117.817 -1.47224 2
      vertex -118.016 -1.57059 2
    endloop
  endfacet
  facet normal -0.659765 0.751472 0
    outer loop
      vertex -117.465 -1.20208 2
      vertex -117.632 -1.3487 2.4
      vertex -117.465 -1.20208 2.4
    endloop
  endfacet
  facet normal -0.659765 0.751472 0
    outer loop
      vertex -117.632 -1.3487 2.4
      vertex -117.465 -1.20208 2
      vertex -117.632 -1.3487 2
    endloop
  endfacet
  facet normal -0.555343 0.831621 0
    outer loop
      vertex -117.632 -1.3487 2
      vertex -117.817 -1.47224 2.4
      vertex -117.632 -1.3487 2.4
    endloop
  endfacet
  facet normal -0.555343 0.831621 0
    outer loop
      vertex -117.817 -1.47224 2.4
      vertex -117.632 -1.3487 2
      vertex -117.817 -1.47224 2
    endloop
  endfacet
  facet normal -0.947584 0.319508 0
    outer loop
      vertex -117.096 -0.650561 2
      vertex -117.025 -0.439992 2.4
      vertex -117.025 -0.439992 2
    endloop
  endfacet
  facet normal -0.947584 0.319508 0
    outer loop
      vertex -117.025 -0.439992 2.4
      vertex -117.096 -0.650561 2
      vertex -117.096 -0.650561 2.4
    endloop
  endfacet
  facet normal -0.8975 0.441014 0
    outer loop
      vertex -117.194 -0.849999 2
      vertex -117.096 -0.650561 2.4
      vertex -117.096 -0.650561 2
    endloop
  endfacet
  facet normal -0.8975 0.441014 0
    outer loop
      vertex -117.096 -0.650561 2.4
      vertex -117.194 -0.849999 2
      vertex -117.194 -0.849999 2.4
    endloop
  endfacet
  facet normal 0.195208 0.980762 -0
    outer loop
      vertex -118.889 -1.68546 2
      vertex -119.107 -1.64207 2.4
      vertex -118.889 -1.68546 2.4
    endloop
  endfacet
  facet normal 0.195208 0.980762 0
    outer loop
      vertex -119.107 -1.64207 2.4
      vertex -118.889 -1.68546 2
      vertex -119.107 -1.64207 2
    endloop
  endfacet
  facet normal 0.0653555 0.997862 -0
    outer loop
      vertex -118.667 -1.7 2
      vertex -118.889 -1.68546 2.4
      vertex -118.667 -1.7 2.4
    endloop
  endfacet
  facet normal 0.0653555 0.997862 0
    outer loop
      vertex -118.889 -1.68546 2.4
      vertex -118.667 -1.7 2
      vertex -118.889 -1.68546 2
    endloop
  endfacet
  facet normal 0.555343 0.831621 -0
    outer loop
      vertex -119.517 -1.47224 2
      vertex -119.702 -1.3487 2.4
      vertex -119.517 -1.47224 2.4
    endloop
  endfacet
  facet normal 0.555343 0.831621 0
    outer loop
      vertex -119.702 -1.3487 2.4
      vertex -119.517 -1.47224 2
      vertex -119.702 -1.3487 2
    endloop
  endfacet
  facet normal 0.441281 0.897369 -0
    outer loop
      vertex -119.317 -1.57059 2
      vertex -119.517 -1.47224 2.4
      vertex -119.317 -1.57059 2.4
    endloop
  endfacet
  facet normal 0.441281 0.897369 0
    outer loop
      vertex -119.517 -1.47224 2.4
      vertex -119.317 -1.57059 2
      vertex -119.517 -1.47224 2
    endloop
  endfacet
  facet normal 0.946215 0.32354 0
    outer loop
      vertex -120.237 -0.650561 2.4
      vertex -120.309 -0.439992 2
      vertex -120.309 -0.439992 2.4
    endloop
  endfacet
  facet normal 0.946215 0.32354 0
    outer loop
      vertex -120.309 -0.439992 2
      vertex -120.237 -0.650561 2.4
      vertex -120.237 -0.650561 2
    endloop
  endfacet
  facet normal 0.997723 0.0674459 0
    outer loop
      vertex -120.352 -0.221894 2.4
      vertex -120.367 0 2
      vertex -120.367 0 2.4
    endloop
  endfacet
  facet normal 0.997723 0.0674459 0
    outer loop
      vertex -120.367 0 2
      vertex -120.352 -0.221894 2.4
      vertex -120.352 -0.221894 2
    endloop
  endfacet
  facet normal 0.753227 0.657761 0
    outer loop
      vertex -119.869 -1.20208 2.4
      vertex -120.015 -1.03489 2
      vertex -120.015 -1.03489 2.4
    endloop
  endfacet
  facet normal 0.753227 0.657761 0
    outer loop
      vertex -120.015 -1.03489 2
      vertex -119.869 -1.20208 2.4
      vertex -119.869 -1.20208 2
    endloop
  endfacet
  facet normal -0.555343 -0.831621 0
    outer loop
      vertex -117.817 1.47224 2
      vertex -117.632 1.3487 2.4
      vertex -117.817 1.47224 2.4
    endloop
  endfacet
  facet normal -0.555343 -0.831621 -0
    outer loop
      vertex -117.632 1.3487 2.4
      vertex -117.817 1.47224 2
      vertex -117.632 1.3487 2
    endloop
  endfacet
  facet normal 0.981113 -0.193435 0
    outer loop
      vertex -120.352 0.221894 2.4
      vertex -120.309 0.439992 2
      vertex -120.309 0.439992 2.4
    endloop
  endfacet
  facet normal 0.981113 -0.193435 0
    outer loop
      vertex -120.309 0.439992 2
      vertex -120.352 0.221894 2.4
      vertex -120.352 0.221894 2
    endloop
  endfacet
  facet normal 0.830514 -0.556997 0
    outer loop
      vertex -120.139 0.849999 2.4
      vertex -120.015 1.03489 2
      vertex -120.015 1.03489 2.4
    endloop
  endfacet
  facet normal 0.830514 -0.556997 0
    outer loop
      vertex -120.015 1.03489 2
      vertex -120.139 0.849999 2.4
      vertex -120.139 0.849999 2
    endloop
  endfacet
  facet normal 0.830514 0.556997 0
    outer loop
      vertex -120.015 -1.03489 2.4
      vertex -120.139 -0.849999 2
      vertex -120.139 -0.849999 2.4
    endloop
  endfacet
  facet normal 0.830514 0.556997 0
    outer loop
      vertex -120.139 -0.849999 2
      vertex -120.015 -1.03489 2.4
      vertex -120.015 -1.03489 2
    endloop
  endfacet
  facet normal -0.672305 0.228399 0.704159
    outer loop
      vertex -115.627 -1.25774 4
      vertex -115.489 -0.85153 4
      vertex -117.025 -0.439992 2.4
    endloop
  endfacet
  facet normal -0.708558 -0.0463477 0.704129
    outer loop
      vertex -115.377 0 4
      vertex -115.405 0.42806 4
      vertex -116.967 0 2.4
    endloop
  endfacet
  facet normal -0.71243 0 0.701743
    outer loop
      vertex -116.981 0.221894 2.4
      vertex -115.405 0.42806 4
      vertex -115.405 0.429439 4
    endloop
  endfacet
  facet normal -0.70883 -0.0447223 0.70396
    outer loop
      vertex -115.405 0.42806 4
      vertex -116.981 0.221894 2.4
      vertex -116.967 0 2.4
    endloop
  endfacet
  facet normal -0.70883 0.0447223 0.70396
    outer loop
      vertex -116.981 -0.221894 2.4
      vertex -115.405 -0.42806 4
      vertex -116.967 0 2.4
    endloop
  endfacet
  facet normal -0.71243 0 0.701743
    outer loop
      vertex -115.405 -0.42806 4
      vertex -116.981 -0.221894 2.4
      vertex -115.405 -0.429439 4
    endloop
  endfacet
  facet normal 0.708299 0.0478809 0.704287
    outer loop
      vertex -121.929 -0.42806 4
      vertex -120.352 -0.221894 2.4
      vertex -120.367 0 2.4
    endloop
  endfacet
  facet normal 0.712207 0 0.701969
    outer loop
      vertex -120.352 -0.221894 2.4
      vertex -121.929 -0.42806 4
      vertex -121.929 -0.429439 4
    endloop
  endfacet
  facet normal 0.0636083 -0.706758 0.70459
    outer loop
      vertex -118.889 1.68546 2.4
      vertex -119.095 3.26201 4
      vertex -119.096 3.26192 4
    endloop
  endfacet
  facet normal 0.0464066 -0.708546 0.704137
    outer loop
      vertex -119.095 3.26201 4
      vertex -118.889 1.68546 2.4
      vertex -118.667 1.7 2.4
    endloop
  endfacet
  facet normal -0.0319448 0.709885 0.703593
    outer loop
      vertex -118.445 -1.68546 2.4
      vertex -118.239 -3.26201 4
      vertex -118.237 -3.26192 4
    endloop
  endfacet
  facet normal -0.0464066 0.708546 0.704137
    outer loop
      vertex -118.239 -3.26201 4
      vertex -118.445 -1.68546 2.4
      vertex -118.667 -1.7 2.4
    endloop
  endfacet
  facet normal 0.58979 -0.395551 0.704051
    outer loop
      vertex -121.515 1.64618 4
      vertex -120.139 0.849999 2.4
      vertex -120.015 1.03489 2.4
    endloop
  endfacet
  facet normal 0.540167 -0.46971 0.698278
    outer loop
      vertex -120.139 0.849999 2.4
      vertex -121.515 1.64618 4
      vertex -121.516 1.64503 4
    endloop
  endfacet
  facet normal -0.533138 0.468756 0.704295
    outer loop
      vertex -117.465 -1.20208 2.4
      vertex -116.339 -2.32539 4
      vertex -117.318 -1.03489 2.4
    endloop
  endfacet
  facet normal -0.511264 0.4916 0.704939
    outer loop
      vertex -116.339 -2.32539 4
      vertex -117.465 -1.20208 2.4
      vertex -116.34 -2.32643 4
    endloop
  endfacet
  facet normal -0.708558 0.0463477 0.704129
    outer loop
      vertex -115.405 -0.42806 4
      vertex -115.377 0 4
      vertex -116.967 0 2.4
    endloop
  endfacet
  facet normal 0.394336 0.590515 0.704125
    outer loop
      vertex -120.313 -2.84851 4
      vertex -119.517 -1.47224 2.4
      vertex -119.702 -1.3487 2.4
    endloop
  endfacet
  facet normal 0.434636 0.564463 0.701765
    outer loop
      vertex -119.517 -1.47224 2.4
      vertex -120.313 -2.84851 4
      vertex -120.312 -2.84928 4
    endloop
  endfacet
  facet normal 0.138448 0.696458 0.704115
    outer loop
      vertex -119.097 -3.26165 4
      vertex -119.107 -1.64207 2.4
      vertex -119.518 -3.17796 4
    endloop
  endfacet
  facet normal -0.313896 -0.636957 0.704099
    outer loop
      vertex -117.023 2.84989 4
      vertex -117.408 3.03962 4
      vertex -118.016 1.57059 2.4
    endloop
  endfacet
  facet normal 0.696646 -0.137429 0.704129
    outer loop
      vertex -120.309 0.439992 2.4
      vertex -121.845 0.85153 4
      vertex -121.928 0.430793 4
    endloop
  endfacet
  facet normal -0.672981 0.226917 0.703993
    outer loop
      vertex -117.096 -0.650561 2.4
      vertex -115.627 -1.25774 4
      vertex -117.025 -0.439992 2.4
    endloop
  endfacet
  facet normal -0.736619 0 0.676308
    outer loop
      vertex -115.627 -1.25774 4
      vertex -117.096 -0.650561 2.4
      vertex -115.627 -1.25905 4
    endloop
  endfacet
  facet normal -0.636675 0.314416 0.704122
    outer loop
      vertex -115.817 -1.64379 4
      vertex -115.627 -1.25905 4
      vertex -117.096 -0.650561 2.4
    endloop
  endfacet
  facet normal -0.477588 0.524822 0.704607
    outer loop
      vertex -117.465 -1.20208 2.4
      vertex -116.341 -2.32734 4
      vertex -116.34 -2.32643 4
    endloop
  endfacet
  facet normal -0.468398 0.533504 0.704256
    outer loop
      vertex -116.341 -2.32734 4
      vertex -117.465 -1.20208 2.4
      vertex -117.632 -1.3487 2.4
    endloop
  endfacet
  facet normal -0.138439 0.696415 0.704159
    outer loop
      vertex -117.815 -3.17796 4
      vertex -118.227 -1.64207 2.4
      vertex -118.236 -3.26165 4
    endloop
  endfacet
  facet normal -0.313896 0.636957 0.704099
    outer loop
      vertex -117.408 -3.03962 4
      vertex -117.023 -2.84989 4
      vertex -118.016 -1.57059 2.4
    endloop
  endfacet
  facet normal 0.671718 0.229681 0.704302
    outer loop
      vertex -121.707 -1.25774 4
      vertex -120.237 -0.650561 2.4
      vertex -120.309 -0.439992 2.4
    endloop
  endfacet
  facet normal 0.573254 0.437598 0.69274
    outer loop
      vertex -120.237 -0.650561 2.4
      vertex -121.707 -1.25774 4
      vertex -121.706 -1.25905 4
    endloop
  endfacet
  facet normal 0.534905 0.46711 0.704049
    outer loop
      vertex -120.994 -2.32539 4
      vertex -119.869 -1.20208 2.4
      vertex -120.015 -1.03489 2.4
    endloop
  endfacet
  facet normal 0.511379 0.491711 0.704778
    outer loop
      vertex -119.869 -1.20208 2.4
      vertex -120.994 -2.32539 4
      vertex -120.993 -2.32643 4
    endloop
  endfacet
  facet normal 0.228361 0.67238 0.704099
    outer loop
      vertex -119.518 -3.17796 4
      vertex -119.107 -1.64207 2.4
      vertex -119.924 -3.04007 4
    endloop
  endfacet
  facet normal 0.313382 0.637279 0.704037
    outer loop
      vertex -119.517 -1.47224 2.4
      vertex -120.31 -2.84989 4
      vertex -119.317 -1.57059 2.4
    endloop
  endfacet
  facet normal 0.209595 0.687197 0.695579
    outer loop
      vertex -120.31 -2.84989 4
      vertex -119.517 -1.47224 2.4
      vertex -120.312 -2.84928 4
    endloop
  endfacet
  facet normal 0.0464066 0.708546 0.704137
    outer loop
      vertex -118.889 -1.68546 2.4
      vertex -119.095 -3.26201 4
      vertex -118.667 -1.7 2.4
    endloop
  endfacet
  facet normal 0.0636083 0.706758 0.70459
    outer loop
      vertex -119.095 -3.26201 4
      vertex -118.889 -1.68546 2.4
      vertex -119.096 -3.26192 4
    endloop
  endfacet
  facet normal -0.540167 -0.46971 0.698278
    outer loop
      vertex -115.818 1.64618 4
      vertex -117.194 0.849999 2.4
      vertex -115.817 1.64503 4
    endloop
  endfacet
  facet normal -0.58979 -0.395551 0.704051
    outer loop
      vertex -117.194 0.849999 2.4
      vertex -115.818 1.64618 4
      vertex -117.318 1.03489 2.4
    endloop
  endfacet
  facet normal 0.228798 -0.672181 0.704148
    outer loop
      vertex -119.924 3.04007 4
      vertex -119.317 1.57059 2.4
      vertex -119.107 1.64207 2.4
    endloop
  endfacet
  facet normal 0.156833 -0.697036 0.699674
    outer loop
      vertex -119.317 1.57059 2.4
      vertex -119.924 3.04007 4
      vertex -119.926 3.03962 4
    endloop
  endfacet
  facet normal 0.468494 -0.533614 0.704109
    outer loop
      vertex -120.992 2.32734 4
      vertex -119.869 1.20208 2.4
      vertex -119.702 1.3487 2.4
    endloop
  endfacet
  facet normal 0.477689 -0.524933 0.704457
    outer loop
      vertex -119.869 1.20208 2.4
      vertex -120.992 2.32734 4
      vertex -120.993 2.32643 4
    endloop
  endfacet
  facet normal 0.672305 -0.228399 0.704159
    outer loop
      vertex -120.309 0.439992 2.4
      vertex -121.707 1.25774 4
      vertex -121.845 0.85153 4
    endloop
  endfacet
  facet normal 0.555439 -0.447935 0.700601
    outer loop
      vertex -121.517 1.64379 4
      vertex -120.139 0.849999 2.4
      vertex -121.516 1.64503 4
    endloop
  endfacet
  facet normal 0.637246 -0.31313 0.704178
    outer loop
      vertex -120.139 0.849999 2.4
      vertex -121.517 1.64379 4
      vertex -120.237 0.650561 2.4
    endloop
  endfacet
  facet normal 0.712207 -0 0.701969
    outer loop
      vertex -121.929 0.42806 4
      vertex -120.352 0.221894 2.4
      vertex -121.929 0.429439 4
    endloop
  endfacet
  facet normal 0.708299 -0.0478809 0.704287
    outer loop
      vertex -120.352 0.221894 2.4
      vertex -121.929 0.42806 4
      vertex -120.367 0 2.4
    endloop
  endfacet
  facet normal -0.71243 0 0.701743
    outer loop
      vertex -116.981 -0.221894 2.4
      vertex -115.405 -0.430793 4
      vertex -115.405 -0.429439 4
    endloop
  endfacet
  facet normal -0.69614 0.140442 0.704035
    outer loop
      vertex -115.405 -0.430793 4
      vertex -116.981 -0.221894 2.4
      vertex -117.025 -0.439992 2.4
    endloop
  endfacet
  facet normal -0.696278 0.139012 0.704182
    outer loop
      vertex -115.489 -0.85153 4
      vertex -115.405 -0.430793 4
      vertex -117.025 -0.439992 2.4
    endloop
  endfacet
  facet normal -0.138609 0.696399 0.704142
    outer loop
      vertex -118.445 -1.68546 2.4
      vertex -118.236 -3.26165 4
      vertex -118.227 -1.64207 2.4
    endloop
  endfacet
  facet normal -0.185696 0.687762 0.701784
    outer loop
      vertex -118.236 -3.26165 4
      vertex -118.445 -1.68546 2.4
      vertex -118.237 -3.26192 4
    endloop
  endfacet
  facet normal -0.228338 0.672313 0.704171
    outer loop
      vertex -117.815 -3.17796 4
      vertex -117.409 -3.04007 4
      vertex -118.227 -1.64207 2.4
    endloop
  endfacet
  facet normal -0.291158 0.647018 0.704695
    outer loop
      vertex -118.016 -1.57059 2.4
      vertex -117.409 -3.04007 4
      vertex -117.408 -3.03962 4
    endloop
  endfacet
  facet normal -0.227836 0.672542 0.704115
    outer loop
      vertex -117.409 -3.04007 4
      vertex -118.016 -1.57059 2.4
      vertex -118.227 -1.64207 2.4
    endloop
  endfacet
  facet normal -0.467766 0.534183 0.704162
    outer loop
      vertex -116.664 -2.61018 4
      vertex -116.341 -2.32734 4
      vertex -117.632 -1.3487 2.4
    endloop
  endfacet
  facet normal 0.696654 0.137352 0.704137
    outer loop
      vertex -120.352 -0.221894 2.4
      vertex -121.928 -0.430793 4
      vertex -120.309 -0.439992 2.4
    endloop
  endfacet
  facet normal 0.606903 0.44823 0.656322
    outer loop
      vertex -121.928 -0.430793 4
      vertex -120.352 -0.221894 2.4
      vertex -121.929 -0.429439 4
    endloop
  endfacet
  facet normal 0.46861 0.53349 0.704126
    outer loop
      vertex -120.67 -2.61018 4
      vertex -119.702 -1.3487 2.4
      vertex -120.992 -2.32734 4
    endloop
  endfacet
  facet normal 0.394252 0.590559 0.704134
    outer loop
      vertex -120.313 -2.84851 4
      vertex -119.702 -1.3487 2.4
      vertex -120.67 -2.61018 4
    endloop
  endfacet
  facet normal 0.228798 0.672181 0.704148
    outer loop
      vertex -119.317 -1.57059 2.4
      vertex -119.924 -3.04007 4
      vertex -119.107 -1.64207 2.4
    endloop
  endfacet
  facet normal 0.156833 0.697036 0.699674
    outer loop
      vertex -119.924 -3.04007 4
      vertex -119.317 -1.57059 2.4
      vertex -119.926 -3.03962 4
    endloop
  endfacet
  facet normal 0.31452 0.636566 0.704174
    outer loop
      vertex -119.926 -3.03962 4
      vertex -119.317 -1.57059 2.4
      vertex -120.31 -2.84989 4
    endloop
  endfacet
  facet normal 0.185711 0.687818 0.701725
    outer loop
      vertex -118.889 -1.68546 2.4
      vertex -119.097 -3.26165 4
      vertex -119.096 -3.26192 4
    endloop
  endfacet
  facet normal 0.138617 0.696442 0.704098
    outer loop
      vertex -119.097 -3.26165 4
      vertex -118.889 -1.68546 2.4
      vertex -119.107 -1.64207 2.4
    endloop
  endfacet
  facet normal 0.046436 0.708541 0.70414
    outer loop
      vertex -118.667 -3.29006 4
      vertex -118.667 -1.7 2.4
      vertex -119.095 -3.26201 4
    endloop
  endfacet
  facet normal -0.046436 0.708541 0.70414
    outer loop
      vertex -118.239 -3.26201 4
      vertex -118.667 -1.7 2.4
      vertex -118.667 -3.29006 4
    endloop
  endfacet
  facet normal -0.185696 -0.687762 0.701784
    outer loop
      vertex -118.445 1.68546 2.4
      vertex -118.236 3.26165 4
      vertex -118.237 3.26192 4
    endloop
  endfacet
  facet normal -0.138609 -0.696399 0.704142
    outer loop
      vertex -118.236 3.26165 4
      vertex -118.445 1.68546 2.4
      vertex -118.227 1.64207 2.4
    endloop
  endfacet
  facet normal -0.046436 -0.708541 0.70414
    outer loop
      vertex -118.239 3.26201 4
      vertex -118.667 3.29006 4
      vertex -118.667 1.7 2.4
    endloop
  endfacet
  facet normal 0.185711 -0.687818 0.701725
    outer loop
      vertex -119.097 3.26165 4
      vertex -118.889 1.68546 2.4
      vertex -119.096 3.26192 4
    endloop
  endfacet
  facet normal 0.138617 -0.696442 0.704098
    outer loop
      vertex -118.889 1.68546 2.4
      vertex -119.097 3.26165 4
      vertex -119.107 1.64207 2.4
    endloop
  endfacet
  facet normal 0.533669 -0.468262 0.704221
    outer loop
      vertex -120.015 1.03489 2.4
      vertex -120.994 2.32539 4
      vertex -121.277 2.00286 4
    endloop
  endfacet
  facet normal 0.590576 -0.39407 0.704222
    outer loop
      vertex -120.015 1.03489 2.4
      vertex -121.277 2.00286 4
      vertex -121.515 1.64618 4
    endloop
  endfacet
  facet normal 0.573254 -0.437598 0.69274
    outer loop
      vertex -121.707 1.25774 4
      vertex -120.237 0.650561 2.4
      vertex -121.706 1.25905 4
    endloop
  endfacet
  facet normal 0.671718 -0.229681 0.704302
    outer loop
      vertex -120.237 0.650561 2.4
      vertex -121.707 1.25774 4
      vertex -120.309 0.439992 2.4
    endloop
  endfacet
  facet normal 0.637289 -0.313062 0.70417
    outer loop
      vertex -120.237 0.650561 2.4
      vertex -121.517 1.64379 4
      vertex -121.706 1.25905 4
    endloop
  endfacet
  facet normal 0.696654 -0.137352 0.704137
    outer loop
      vertex -121.928 0.430793 4
      vertex -120.352 0.221894 2.4
      vertex -120.309 0.439992 2.4
    endloop
  endfacet
  facet normal 0.606903 -0.44823 0.656322
    outer loop
      vertex -120.352 0.221894 2.4
      vertex -121.928 0.430793 4
      vertex -121.929 0.429439 4
    endloop
  endfacet
  facet normal 0.708558 -0.0463477 0.704129
    outer loop
      vertex -120.367 0 2.4
      vertex -121.929 0.42806 4
      vertex -121.957 0 4
    endloop
  endfacet
  facet normal 0.708558 0.0463477 0.704129
    outer loop
      vertex -121.929 -0.42806 4
      vertex -120.367 0 2.4
      vertex -121.957 0 4
    endloop
  endfacet
  facet normal -0.590576 0.39407 0.704222
    outer loop
      vertex -116.056 -2.00286 4
      vertex -115.818 -1.64618 4
      vertex -117.318 -1.03489 2.4
    endloop
  endfacet
  facet normal -0.533669 0.468262 0.704221
    outer loop
      vertex -116.339 -2.32539 4
      vertex -116.056 -2.00286 4
      vertex -117.318 -1.03489 2.4
    endloop
  endfacet
  facet normal -0.395001 0.590023 0.704164
    outer loop
      vertex -117.02 -2.84851 4
      vertex -116.664 -2.61018 4
      vertex -117.632 -1.3487 2.4
    endloop
  endfacet
  facet normal 0.696646 0.137429 0.704129
    outer loop
      vertex -121.845 -0.85153 4
      vertex -120.309 -0.439992 2.4
      vertex -121.928 -0.430793 4
    endloop
  endfacet
  facet normal 0.672305 0.228399 0.704159
    outer loop
      vertex -121.707 -1.25774 4
      vertex -120.309 -0.439992 2.4
      vertex -121.845 -0.85153 4
    endloop
  endfacet
  facet normal 0.637289 0.313062 0.70417
    outer loop
      vertex -121.517 -1.64379 4
      vertex -120.237 -0.650561 2.4
      vertex -121.706 -1.25905 4
    endloop
  endfacet
  facet normal 0.590576 0.39407 0.704222
    outer loop
      vertex -121.277 -2.00286 4
      vertex -120.015 -1.03489 2.4
      vertex -121.515 -1.64618 4
    endloop
  endfacet
  facet normal 0.533669 0.468262 0.704221
    outer loop
      vertex -120.994 -2.32539 4
      vertex -120.015 -1.03489 2.4
      vertex -121.277 -2.00286 4
    endloop
  endfacet
  facet normal 0.468494 0.533614 0.704109
    outer loop
      vertex -119.869 -1.20208 2.4
      vertex -120.992 -2.32734 4
      vertex -119.702 -1.3487 2.4
    endloop
  endfacet
  facet normal 0.477689 0.524933 0.704457
    outer loop
      vertex -120.992 -2.32734 4
      vertex -119.869 -1.20208 2.4
      vertex -120.993 -2.32643 4
    endloop
  endfacet
  facet normal -0.467766 -0.534183 0.704162
    outer loop
      vertex -116.341 2.32734 4
      vertex -116.664 2.61018 4
      vertex -117.632 1.3487 2.4
    endloop
  endfacet
  facet normal -0.696278 -0.139012 0.704182
    outer loop
      vertex -115.405 0.430793 4
      vertex -115.489 0.85153 4
      vertex -117.025 0.439992 2.4
    endloop
  endfacet
  facet normal -0.736619 0 0.676308
    outer loop
      vertex -117.096 0.650561 2.4
      vertex -115.627 1.25774 4
      vertex -115.627 1.25905 4
    endloop
  endfacet
  facet normal -0.672981 -0.226917 0.703993
    outer loop
      vertex -115.627 1.25774 4
      vertex -117.096 0.650561 2.4
      vertex -117.025 0.439992 2.4
    endloop
  endfacet
  facet normal -0.138439 -0.696415 0.704159
    outer loop
      vertex -118.227 1.64207 2.4
      vertex -117.815 3.17796 4
      vertex -118.236 3.26165 4
    endloop
  endfacet
  facet normal -0.228338 -0.672313 0.704171
    outer loop
      vertex -117.409 3.04007 4
      vertex -117.815 3.17796 4
      vertex -118.227 1.64207 2.4
    endloop
  endfacet
  facet normal -0.395001 -0.590023 0.704164
    outer loop
      vertex -116.664 2.61018 4
      vertex -117.02 2.84851 4
      vertex -117.632 1.3487 2.4
    endloop
  endfacet
  facet normal -0.256392 -0.665954 0.700548
    outer loop
      vertex -117.817 1.47224 2.4
      vertex -117.02 2.84851 4
      vertex -117.022 2.84928 4
    endloop
  endfacet
  facet normal -0.394268 -0.590412 0.704249
    outer loop
      vertex -117.02 2.84851 4
      vertex -117.817 1.47224 2.4
      vertex -117.632 1.3487 2.4
    endloop
  endfacet
  facet normal 0.046436 -0.708541 0.70414
    outer loop
      vertex -118.667 1.7 2.4
      vertex -118.667 3.29006 4
      vertex -119.095 3.26201 4
    endloop
  endfacet
  facet normal 0.138448 -0.696458 0.704115
    outer loop
      vertex -119.107 1.64207 2.4
      vertex -119.097 3.26165 4
      vertex -119.518 3.17796 4
    endloop
  endfacet
  facet normal 0.228361 -0.67238 0.704099
    outer loop
      vertex -119.107 1.64207 2.4
      vertex -119.518 3.17796 4
      vertex -119.924 3.04007 4
    endloop
  endfacet
  facet normal 0.31452 -0.636566 0.704174
    outer loop
      vertex -119.317 1.57059 2.4
      vertex -119.926 3.03962 4
      vertex -120.31 2.84989 4
    endloop
  endfacet
  facet normal 0.394252 -0.590559 0.704134
    outer loop
      vertex -119.702 1.3487 2.4
      vertex -120.313 2.84851 4
      vertex -120.67 2.61018 4
    endloop
  endfacet
  facet normal 0.46861 -0.53349 0.704126
    outer loop
      vertex -119.702 1.3487 2.4
      vertex -120.67 2.61018 4
      vertex -120.992 2.32734 4
    endloop
  endfacet
  facet normal 0.511379 -0.491711 0.704778
    outer loop
      vertex -120.994 2.32539 4
      vertex -119.869 1.20208 2.4
      vertex -120.993 2.32643 4
    endloop
  endfacet
  facet normal 0.534905 -0.46711 0.704049
    outer loop
      vertex -119.869 1.20208 2.4
      vertex -120.994 2.32539 4
      vertex -120.015 1.03489 2.4
    endloop
  endfacet
  facet normal -0.637425 0.313218 0.703977
    outer loop
      vertex -117.194 -0.849999 2.4
      vertex -115.817 -1.64379 4
      vertex -117.096 -0.650561 2.4
    endloop
  endfacet
  facet normal -0.757951 0 0.652312
    outer loop
      vertex -115.817 -1.64379 4
      vertex -117.194 -0.849999 2.4
      vertex -115.817 -1.64503 4
    endloop
  endfacet
  facet normal -0.540167 0.46971 0.698278
    outer loop
      vertex -117.194 -0.849999 2.4
      vertex -115.818 -1.64618 4
      vertex -115.817 -1.64503 4
    endloop
  endfacet
  facet normal -0.58979 0.395551 0.704051
    outer loop
      vertex -115.818 -1.64618 4
      vertex -117.194 -0.849999 2.4
      vertex -117.318 -1.03489 2.4
    endloop
  endfacet
  facet normal -0.394268 0.590412 0.704249
    outer loop
      vertex -117.817 -1.47224 2.4
      vertex -117.02 -2.84851 4
      vertex -117.632 -1.3487 2.4
    endloop
  endfacet
  facet normal -0.256392 0.665954 0.700548
    outer loop
      vertex -117.02 -2.84851 4
      vertex -117.817 -1.47224 2.4
      vertex -117.022 -2.84928 4
    endloop
  endfacet
  facet normal -0.369432 0.605627 0.704795
    outer loop
      vertex -117.817 -1.47224 2.4
      vertex -117.023 -2.84989 4
      vertex -117.022 -2.84928 4
    endloop
  endfacet
  facet normal -0.314585 0.636526 0.704181
    outer loop
      vertex -117.023 -2.84989 4
      vertex -117.817 -1.47224 2.4
      vertex -118.016 -1.57059 2.4
    endloop
  endfacet
  facet normal 0.58979 0.395551 0.704051
    outer loop
      vertex -120.139 -0.849999 2.4
      vertex -121.515 -1.64618 4
      vertex -120.015 -1.03489 2.4
    endloop
  endfacet
  facet normal 0.540167 0.46971 0.698278
    outer loop
      vertex -121.515 -1.64618 4
      vertex -120.139 -0.849999 2.4
      vertex -121.516 -1.64503 4
    endloop
  endfacet
  facet normal 0.637246 0.31313 0.704178
    outer loop
      vertex -121.517 -1.64379 4
      vertex -120.139 -0.849999 2.4
      vertex -120.237 -0.650561 2.4
    endloop
  endfacet
  facet normal 0.555439 0.447935 0.700601
    outer loop
      vertex -120.139 -0.849999 2.4
      vertex -121.517 -1.64379 4
      vertex -121.516 -1.64503 4
    endloop
  endfacet
  facet normal -0.511264 -0.4916 0.704939
    outer loop
      vertex -117.465 1.20208 2.4
      vertex -116.339 2.32539 4
      vertex -116.34 2.32643 4
    endloop
  endfacet
  facet normal -0.533138 -0.468756 0.704295
    outer loop
      vertex -116.339 2.32539 4
      vertex -117.465 1.20208 2.4
      vertex -117.318 1.03489 2.4
    endloop
  endfacet
  facet normal -0.636675 -0.314416 0.704122
    outer loop
      vertex -115.627 1.25905 4
      vertex -115.817 1.64379 4
      vertex -117.096 0.650561 2.4
    endloop
  endfacet
  facet normal -0.672305 -0.228399 0.704159
    outer loop
      vertex -115.489 0.85153 4
      vertex -115.627 1.25774 4
      vertex -117.025 0.439992 2.4
    endloop
  endfacet
  facet normal -0.291158 -0.647018 0.704695
    outer loop
      vertex -117.409 3.04007 4
      vertex -118.016 1.57059 2.4
      vertex -117.408 3.03962 4
    endloop
  endfacet
  facet normal -0.227836 -0.672542 0.704115
    outer loop
      vertex -118.016 1.57059 2.4
      vertex -117.409 3.04007 4
      vertex -118.227 1.64207 2.4
    endloop
  endfacet
  facet normal -0.0464066 -0.708546 0.704137
    outer loop
      vertex -118.445 1.68546 2.4
      vertex -118.239 3.26201 4
      vertex -118.667 1.7 2.4
    endloop
  endfacet
  facet normal -0.0319448 -0.709885 0.703593
    outer loop
      vertex -118.239 3.26201 4
      vertex -118.445 1.68546 2.4
      vertex -118.237 3.26192 4
    endloop
  endfacet
  facet normal 0.434636 -0.564463 0.701765
    outer loop
      vertex -120.313 2.84851 4
      vertex -119.517 1.47224 2.4
      vertex -120.312 2.84928 4
    endloop
  endfacet
  facet normal 0.394336 -0.590515 0.704125
    outer loop
      vertex -119.517 1.47224 2.4
      vertex -120.313 2.84851 4
      vertex -119.702 1.3487 2.4
    endloop
  endfacet
  facet normal 0.313382 -0.637279 0.704037
    outer loop
      vertex -120.31 2.84989 4
      vertex -119.517 1.47224 2.4
      vertex -119.317 1.57059 2.4
    endloop
  endfacet
  facet normal 0.209595 -0.687197 0.695579
    outer loop
      vertex -119.517 1.47224 2.4
      vertex -120.31 2.84989 4
      vertex -120.312 2.84928 4
    endloop
  endfacet
  facet normal -0.533669 -0.468262 0.704221
    outer loop
      vertex -116.056 2.00286 4
      vertex -116.339 2.32539 4
      vertex -117.318 1.03489 2.4
    endloop
  endfacet
  facet normal -0.590576 -0.39407 0.704222
    outer loop
      vertex -115.818 1.64618 4
      vertex -116.056 2.00286 4
      vertex -117.318 1.03489 2.4
    endloop
  endfacet
  facet normal -0.71243 0 0.701743
    outer loop
      vertex -115.405 0.430793 4
      vertex -116.981 0.221894 2.4
      vertex -115.405 0.429439 4
    endloop
  endfacet
  facet normal -0.69614 -0.140442 0.704035
    outer loop
      vertex -116.981 0.221894 2.4
      vertex -115.405 0.430793 4
      vertex -117.025 0.439992 2.4
    endloop
  endfacet
  facet normal -0.369432 -0.605627 0.704795
    outer loop
      vertex -117.023 2.84989 4
      vertex -117.817 1.47224 2.4
      vertex -117.022 2.84928 4
    endloop
  endfacet
  facet normal -0.314585 -0.636526 0.704181
    outer loop
      vertex -117.817 1.47224 2.4
      vertex -117.023 2.84989 4
      vertex -118.016 1.57059 2.4
    endloop
  endfacet
  facet normal -0.477588 -0.524822 0.704607
    outer loop
      vertex -116.341 2.32734 4
      vertex -117.465 1.20208 2.4
      vertex -116.34 2.32643 4
    endloop
  endfacet
  facet normal -0.468398 -0.533504 0.704256
    outer loop
      vertex -117.465 1.20208 2.4
      vertex -116.341 2.32734 4
      vertex -117.632 1.3487 2.4
    endloop
  endfacet
  facet normal -0.757951 0 0.652312
    outer loop
      vertex -117.194 0.849999 2.4
      vertex -115.817 1.64379 4
      vertex -115.817 1.64503 4
    endloop
  endfacet
  facet normal -0.637425 -0.313218 0.703977
    outer loop
      vertex -115.817 1.64379 4
      vertex -117.194 0.849999 2.4
      vertex -117.096 0.650561 2.4
    endloop
  endfacet
  facet normal 0.946901 -0.321526 0
    outer loop
      vertex -60.9754 0.439992 2.4
      vertex -60.9039 0.650561 2
      vertex -60.9039 0.650561 2.4
    endloop
  endfacet
  facet normal 0.946901 -0.321526 0
    outer loop
      vertex -60.9039 0.650561 2
      vertex -60.9754 0.439992 2.4
      vertex -60.9754 0.439992 2
    endloop
  endfacet
  facet normal 0.321403 0.946943 -0
    outer loop
      vertex -59.7733 -1.64207 2
      vertex -59.9839 -1.57059 2.4
      vertex -59.7733 -1.64207 2.4
    endloop
  endfacet
  facet normal 0.321403 0.946943 0
    outer loop
      vertex -59.9839 -1.57059 2.4
      vertex -59.7733 -1.64207 2
      vertex -59.9839 -1.57059 2
    endloop
  endfacet
  facet normal -0.442171 -0.896931 0
    outer loop
      vertex -58.6828 1.57059 2
      vertex -58.4833 1.47224 2.4
      vertex -58.6828 1.57059 2.4
    endloop
  endfacet
  facet normal -0.442171 -0.896931 -0
    outer loop
      vertex -58.4833 1.47224 2.4
      vertex -58.6828 1.57059 2
      vertex -58.4833 1.47224 2
    endloop
  endfacet
  facet normal 0.321403 -0.946943 0
    outer loop
      vertex -59.9839 1.57059 2
      vertex -59.7733 1.64207 2.4
      vertex -59.9839 1.57059 2.4
    endloop
  endfacet
  facet normal 0.321403 -0.946943 0
    outer loop
      vertex -59.7733 1.64207 2.4
      vertex -59.9839 1.57059 2
      vertex -59.7733 1.64207 2
    endloop
  endfacet
  facet normal 0.896965 -0.442101 0
    outer loop
      vertex -60.9039 0.650561 2.4
      vertex -60.8056 0.849999 2
      vertex -60.8056 0.849999 2.4
    endloop
  endfacet
  facet normal 0.896965 -0.442101 0
    outer loop
      vertex -60.8056 0.849999 2
      vertex -60.9039 0.650561 2.4
      vertex -60.9039 0.650561 2
    endloop
  endfacet
  facet normal 0.896965 0.442101 0
    outer loop
      vertex -60.8056 -0.849999 2.4
      vertex -60.9039 -0.650561 2
      vertex -60.9039 -0.650561 2.4
    endloop
  endfacet
  facet normal 0.896965 0.442101 0
    outer loop
      vertex -60.9039 -0.650561 2
      vertex -60.8056 -0.849999 2.4
      vertex -60.8056 -0.849999 2
    endloop
  endfacet
  facet normal -0.947038 -0.321123 0
    outer loop
      vertex -57.6913 0.439992 2
      vertex -57.7627 0.650561 2.4
      vertex -57.7627 0.650561 2
    endloop
  endfacet
  facet normal -0.947038 -0.321123 0
    outer loop
      vertex -57.7627 0.650561 2.4
      vertex -57.6913 0.439992 2
      vertex -57.6913 0.439992 2.4
    endloop
  endfacet
  facet normal -0.831553 -0.555445 0
    outer loop
      vertex -57.8611 0.849999 2
      vertex -57.9846 1.03489 2.4
      vertex -57.9846 1.03489 2
    endloop
  endfacet
  facet normal -0.831553 -0.555445 0
    outer loop
      vertex -57.9846 1.03489 2.4
      vertex -57.8611 0.849999 2
      vertex -57.8611 0.849999 2.4
    endloop
  endfacet
  facet normal -0.751665 -0.659545 0
    outer loop
      vertex -57.9846 1.03489 2
      vertex -58.1313 1.20208 2.4
      vertex -58.1313 1.20208 2
    endloop
  endfacet
  facet normal -0.751665 -0.659545 0
    outer loop
      vertex -58.1313 1.20208 2.4
      vertex -57.9846 1.03489 2
      vertex -57.9846 1.03489 2.4
    endloop
  endfacet
  facet normal -0.32154 -0.946896 0
    outer loop
      vertex -58.8933 1.64207 2
      vertex -58.6828 1.57059 2.4
      vertex -58.8933 1.64207 2.4
    endloop
  endfacet
  facet normal -0.32154 -0.946896 -0
    outer loop
      vertex -58.6828 1.57059 2.4
      vertex -58.8933 1.64207 2
      vertex -58.6828 1.57059 2
    endloop
  endfacet
  facet normal -0.0653848 -0.99786 0
    outer loop
      vertex -59.3333 1.7 2
      vertex -59.1114 1.68546 2.4
      vertex -59.3333 1.7 2.4
    endloop
  endfacet
  facet normal -0.0653848 -0.99786 -0
    outer loop
      vertex -59.1114 1.68546 2.4
      vertex -59.3333 1.7 2
      vertex -59.1114 1.68546 2
    endloop
  endfacet
  facet normal -0.195122 -0.980779 0
    outer loop
      vertex -59.1114 1.68546 2
      vertex -58.8933 1.64207 2.4
      vertex -59.1114 1.68546 2.4
    endloop
  endfacet
  facet normal -0.195122 -0.980779 -0
    outer loop
      vertex -58.8933 1.64207 2.4
      vertex -59.1114 1.68546 2
      vertex -58.8933 1.64207 2
    endloop
  endfacet
  facet normal 0.751888 -0.659291 0
    outer loop
      vertex -60.682 1.03489 2.4
      vertex -60.5354 1.20208 2
      vertex -60.5354 1.20208 2.4
    endloop
  endfacet
  facet normal 0.751888 -0.659291 0
    outer loop
      vertex -60.5354 1.20208 2
      vertex -60.682 1.03489 2.4
      vertex -60.682 1.03489 2
    endloop
  endfacet
  facet normal 0.659319 -0.751863 0
    outer loop
      vertex -60.5354 1.20208 2
      vertex -60.3682 1.3487 2.4
      vertex -60.5354 1.20208 2.4
    endloop
  endfacet
  facet normal 0.659319 -0.751863 0
    outer loop
      vertex -60.3682 1.3487 2.4
      vertex -60.5354 1.20208 2
      vertex -60.3682 1.3487 2
    endloop
  endfacet
  facet normal -0.997842 -0.0656552 0
    outer loop
      vertex -57.6333 0 2
      vertex -57.6479 0.221894 2.4
      vertex -57.6479 0.221894 2
    endloop
  endfacet
  facet normal -0.997842 -0.0656552 0
    outer loop
      vertex -57.6479 0.221894 2.4
      vertex -57.6333 0 2
      vertex -57.6333 0 2.4
    endloop
  endfacet
  facet normal -0.32154 0.946896 0
    outer loop
      vertex -58.6828 -1.57059 2
      vertex -58.8933 -1.64207 2.4
      vertex -58.6828 -1.57059 2.4
    endloop
  endfacet
  facet normal -0.32154 0.946896 0
    outer loop
      vertex -58.8933 -1.64207 2.4
      vertex -58.6828 -1.57059 2
      vertex -58.8933 -1.64207 2
    endloop
  endfacet
  facet normal -0.831553 0.555445 0
    outer loop
      vertex -57.9846 -1.03489 2
      vertex -57.8611 -0.849999 2.4
      vertex -57.8611 -0.849999 2
    endloop
  endfacet
  facet normal -0.831553 0.555445 0
    outer loop
      vertex -57.8611 -0.849999 2.4
      vertex -57.9846 -1.03489 2
      vertex -57.9846 -1.03489 2.4
    endloop
  endfacet
  facet normal -0.751665 0.659545 0
    outer loop
      vertex -58.1313 -1.20208 2
      vertex -57.9846 -1.03489 2.4
      vertex -57.9846 -1.03489 2
    endloop
  endfacet
  facet normal -0.751665 0.659545 0
    outer loop
      vertex -57.9846 -1.03489 2.4
      vertex -58.1313 -1.20208 2
      vertex -58.1313 -1.20208 2.4
    endloop
  endfacet
  facet normal 0.659319 0.751863 -0
    outer loop
      vertex -60.3682 -1.3487 2
      vertex -60.5354 -1.20208 2.4
      vertex -60.3682 -1.3487 2.4
    endloop
  endfacet
  facet normal 0.659319 0.751863 0
    outer loop
      vertex -60.5354 -1.20208 2.4
      vertex -60.3682 -1.3487 2
      vertex -60.5354 -1.20208 2
    endloop
  endfacet
  facet normal 0.98077 0.195167 0
    outer loop
      vertex -60.9754 -0.439992 2.4
      vertex -61.0188 -0.221894 2
      vertex -61.0188 -0.221894 2.4
    endloop
  endfacet
  facet normal 0.98077 0.195167 0
    outer loop
      vertex -61.0188 -0.221894 2
      vertex -60.9754 -0.439992 2.4
      vertex -60.9754 -0.439992 2
    endloop
  endfacet
  facet normal -0.98077 -0.195167 0
    outer loop
      vertex -57.6479 0.221894 2
      vertex -57.6913 0.439992 2.4
      vertex -57.6913 0.439992 2
    endloop
  endfacet
  facet normal -0.98077 -0.195167 0
    outer loop
      vertex -57.6913 0.439992 2.4
      vertex -57.6479 0.221894 2
      vertex -57.6479 0.221894 2.4
    endloop
  endfacet
  facet normal -0.896787 -0.442463 0
    outer loop
      vertex -57.7627 0.650561 2
      vertex -57.8611 0.849999 2.4
      vertex -57.8611 0.849999 2
    endloop
  endfacet
  facet normal -0.896787 -0.442463 0
    outer loop
      vertex -57.8611 0.849999 2.4
      vertex -57.7627 0.650561 2
      vertex -57.7627 0.650561 2.4
    endloop
  endfacet
  facet normal -0.659542 -0.751668 0
    outer loop
      vertex -58.2984 1.3487 2
      vertex -58.1313 1.20208 2.4
      vertex -58.2984 1.3487 2.4
    endloop
  endfacet
  facet normal -0.659542 -0.751668 -0
    outer loop
      vertex -58.1313 1.20208 2.4
      vertex -58.2984 1.3487 2
      vertex -58.1313 1.20208 2
    endloop
  endfacet
  facet normal 0.997872 -0.0652074 0
    outer loop
      vertex -61.0333 0 2.4
      vertex -61.0188 0.221894 2
      vertex -61.0188 0.221894 2.4
    endloop
  endfacet
  facet normal 0.997872 -0.0652074 0
    outer loop
      vertex -61.0188 0.221894 2
      vertex -61.0333 0 2.4
      vertex -61.0333 0 2
    endloop
  endfacet
  facet normal 0.0653848 -0.99786 0
    outer loop
      vertex -59.5552 1.68546 2
      vertex -59.3333 1.7 2.4
      vertex -59.5552 1.68546 2.4
    endloop
  endfacet
  facet normal 0.0653848 -0.99786 0
    outer loop
      vertex -59.3333 1.7 2.4
      vertex -59.5552 1.68546 2
      vertex -59.3333 1.7 2
    endloop
  endfacet
  facet normal 0.195122 -0.980779 0
    outer loop
      vertex -59.7733 1.64207 2
      vertex -59.5552 1.68546 2.4
      vertex -59.7733 1.64207 2.4
    endloop
  endfacet
  facet normal 0.195122 -0.980779 0
    outer loop
      vertex -59.5552 1.68546 2.4
      vertex -59.7733 1.64207 2
      vertex -59.5552 1.68546 2
    endloop
  endfacet
  facet normal 0.442349 -0.896843 0
    outer loop
      vertex -60.1833 1.47224 2
      vertex -59.9839 1.57059 2.4
      vertex -60.1833 1.47224 2.4
    endloop
  endfacet
  facet normal 0.442349 -0.896843 0
    outer loop
      vertex -59.9839 1.57059 2.4
      vertex -60.1833 1.47224 2
      vertex -59.9839 1.57059 2
    endloop
  endfacet
  facet normal 0.555551 -0.831483 0
    outer loop
      vertex -60.3682 1.3487 2
      vertex -60.1833 1.47224 2.4
      vertex -60.3682 1.3487 2.4
    endloop
  endfacet
  facet normal 0.555551 -0.831483 0
    outer loop
      vertex -60.1833 1.47224 2.4
      vertex -60.3682 1.3487 2
      vertex -60.1833 1.47224 2
    endloop
  endfacet
  facet normal -0.997842 0.0656552 0
    outer loop
      vertex -57.6479 -0.221894 2
      vertex -57.6333 0 2.4
      vertex -57.6333 0 2
    endloop
  endfacet
  facet normal -0.997842 0.0656552 0
    outer loop
      vertex -57.6333 0 2.4
      vertex -57.6479 -0.221894 2
      vertex -57.6479 -0.221894 2.4
    endloop
  endfacet
  facet normal -0.98077 0.195167 0
    outer loop
      vertex -57.6913 -0.439992 2
      vertex -57.6479 -0.221894 2.4
      vertex -57.6479 -0.221894 2
    endloop
  endfacet
  facet normal -0.98077 0.195167 0
    outer loop
      vertex -57.6479 -0.221894 2.4
      vertex -57.6913 -0.439992 2
      vertex -57.6913 -0.439992 2.4
    endloop
  endfacet
  facet normal -0.0653848 0.99786 0
    outer loop
      vertex -59.1114 -1.68546 2
      vertex -59.3333 -1.7 2.4
      vertex -59.1114 -1.68546 2.4
    endloop
  endfacet
  facet normal -0.0653848 0.99786 0
    outer loop
      vertex -59.3333 -1.7 2.4
      vertex -59.1114 -1.68546 2
      vertex -59.3333 -1.7 2
    endloop
  endfacet
  facet normal -0.195122 0.980779 0
    outer loop
      vertex -58.8933 -1.64207 2
      vertex -59.1114 -1.68546 2.4
      vertex -58.8933 -1.64207 2.4
    endloop
  endfacet
  facet normal -0.195122 0.980779 0
    outer loop
      vertex -59.1114 -1.68546 2.4
      vertex -58.8933 -1.64207 2
      vertex -59.1114 -1.68546 2
    endloop
  endfacet
  facet normal -0.442171 0.896931 0
    outer loop
      vertex -58.4833 -1.47224 2
      vertex -58.6828 -1.57059 2.4
      vertex -58.4833 -1.47224 2.4
    endloop
  endfacet
  facet normal -0.442171 0.896931 0
    outer loop
      vertex -58.6828 -1.57059 2.4
      vertex -58.4833 -1.47224 2
      vertex -58.6828 -1.57059 2
    endloop
  endfacet
  facet normal -0.659542 0.751668 0
    outer loop
      vertex -58.1313 -1.20208 2
      vertex -58.2984 -1.3487 2.4
      vertex -58.1313 -1.20208 2.4
    endloop
  endfacet
  facet normal -0.659542 0.751668 0
    outer loop
      vertex -58.2984 -1.3487 2.4
      vertex -58.1313 -1.20208 2
      vertex -58.2984 -1.3487 2
    endloop
  endfacet
  facet normal -0.555551 0.831483 0
    outer loop
      vertex -58.2984 -1.3487 2
      vertex -58.4833 -1.47224 2.4
      vertex -58.2984 -1.3487 2.4
    endloop
  endfacet
  facet normal -0.555551 0.831483 0
    outer loop
      vertex -58.4833 -1.47224 2.4
      vertex -58.2984 -1.3487 2
      vertex -58.4833 -1.47224 2
    endloop
  endfacet
  facet normal -0.947038 0.321123 0
    outer loop
      vertex -57.7627 -0.650561 2
      vertex -57.6913 -0.439992 2.4
      vertex -57.6913 -0.439992 2
    endloop
  endfacet
  facet normal -0.947038 0.321123 0
    outer loop
      vertex -57.6913 -0.439992 2.4
      vertex -57.7627 -0.650561 2
      vertex -57.7627 -0.650561 2.4
    endloop
  endfacet
  facet normal -0.896787 0.442463 0
    outer loop
      vertex -57.8611 -0.849999 2
      vertex -57.7627 -0.650561 2.4
      vertex -57.7627 -0.650561 2
    endloop
  endfacet
  facet normal -0.896787 0.442463 0
    outer loop
      vertex -57.7627 -0.650561 2.4
      vertex -57.8611 -0.849999 2
      vertex -57.8611 -0.849999 2.4
    endloop
  endfacet
  facet normal 0.195122 0.980779 -0
    outer loop
      vertex -59.5552 -1.68546 2
      vertex -59.7733 -1.64207 2.4
      vertex -59.5552 -1.68546 2.4
    endloop
  endfacet
  facet normal 0.195122 0.980779 0
    outer loop
      vertex -59.7733 -1.64207 2.4
      vertex -59.5552 -1.68546 2
      vertex -59.7733 -1.64207 2
    endloop
  endfacet
  facet normal 0.0653848 0.99786 -0
    outer loop
      vertex -59.3333 -1.7 2
      vertex -59.5552 -1.68546 2.4
      vertex -59.3333 -1.7 2.4
    endloop
  endfacet
  facet normal 0.0653848 0.99786 0
    outer loop
      vertex -59.5552 -1.68546 2.4
      vertex -59.3333 -1.7 2
      vertex -59.5552 -1.68546 2
    endloop
  endfacet
  facet normal 0.555551 0.831483 -0
    outer loop
      vertex -60.1833 -1.47224 2
      vertex -60.3682 -1.3487 2.4
      vertex -60.1833 -1.47224 2.4
    endloop
  endfacet
  facet normal 0.555551 0.831483 0
    outer loop
      vertex -60.3682 -1.3487 2.4
      vertex -60.1833 -1.47224 2
      vertex -60.3682 -1.3487 2
    endloop
  endfacet
  facet normal 0.442349 0.896843 -0
    outer loop
      vertex -59.9839 -1.57059 2
      vertex -60.1833 -1.47224 2.4
      vertex -59.9839 -1.57059 2.4
    endloop
  endfacet
  facet normal 0.442349 0.896843 0
    outer loop
      vertex -60.1833 -1.47224 2.4
      vertex -59.9839 -1.57059 2
      vertex -60.1833 -1.47224 2
    endloop
  endfacet
  facet normal 0.946901 0.321526 0
    outer loop
      vertex -60.9039 -0.650561 2.4
      vertex -60.9754 -0.439992 2
      vertex -60.9754 -0.439992 2.4
    endloop
  endfacet
  facet normal 0.946901 0.321526 0
    outer loop
      vertex -60.9754 -0.439992 2
      vertex -60.9039 -0.650561 2.4
      vertex -60.9039 -0.650561 2
    endloop
  endfacet
  facet normal 0.997872 0.0652074 0
    outer loop
      vertex -61.0188 -0.221894 2.4
      vertex -61.0333 0 2
      vertex -61.0333 0 2.4
    endloop
  endfacet
  facet normal 0.997872 0.0652074 0
    outer loop
      vertex -61.0333 0 2
      vertex -61.0188 -0.221894 2.4
      vertex -61.0188 -0.221894 2
    endloop
  endfacet
  facet normal 0.751888 0.659291 0
    outer loop
      vertex -60.5354 -1.20208 2.4
      vertex -60.682 -1.03489 2
      vertex -60.682 -1.03489 2.4
    endloop
  endfacet
  facet normal 0.751888 0.659291 0
    outer loop
      vertex -60.682 -1.03489 2
      vertex -60.5354 -1.20208 2.4
      vertex -60.5354 -1.20208 2
    endloop
  endfacet
  facet normal -0.555551 -0.831483 0
    outer loop
      vertex -58.4833 1.47224 2
      vertex -58.2984 1.3487 2.4
      vertex -58.4833 1.47224 2.4
    endloop
  endfacet
  facet normal -0.555551 -0.831483 -0
    outer loop
      vertex -58.2984 1.3487 2.4
      vertex -58.4833 1.47224 2
      vertex -58.2984 1.3487 2
    endloop
  endfacet
  facet normal 0.98077 -0.195167 0
    outer loop
      vertex -61.0188 0.221894 2.4
      vertex -60.9754 0.439992 2
      vertex -60.9754 0.439992 2.4
    endloop
  endfacet
  facet normal 0.98077 -0.195167 0
    outer loop
      vertex -60.9754 0.439992 2
      vertex -61.0188 0.221894 2.4
      vertex -61.0188 0.221894 2
    endloop
  endfacet
  facet normal 0.831345 -0.555756 0
    outer loop
      vertex -60.8056 0.849999 2.4
      vertex -60.682 1.03489 2
      vertex -60.682 1.03489 2.4
    endloop
  endfacet
  facet normal 0.831345 -0.555756 0
    outer loop
      vertex -60.682 1.03489 2
      vertex -60.8056 0.849999 2.4
      vertex -60.8056 0.849999 2
    endloop
  endfacet
  facet normal 0.831345 0.555756 0
    outer loop
      vertex -60.682 -1.03489 2.4
      vertex -60.8056 -0.849999 2
      vertex -60.8056 -0.849999 2.4
    endloop
  endfacet
  facet normal 0.831345 0.555756 0
    outer loop
      vertex -60.8056 -0.849999 2
      vertex -60.682 -1.03489 2.4
      vertex -60.682 -1.03489 2
    endloop
  endfacet
  facet normal -0.67237 0.228256 0.704143
    outer loop
      vertex -56.2933 -1.25774 4
      vertex -56.1554 -0.85153 4
      vertex -57.6913 -0.439992 2.4
    endloop
  endfacet
  facet normal -0.708558 -0.0463477 0.704129
    outer loop
      vertex -56.0433 0 4
      vertex -56.0713 0.42806 4
      vertex -57.6333 0 2.4
    endloop
  endfacet
  facet normal -0.708041 -0.0513445 0.704302
    outer loop
      vertex -57.6479 0.221894 2.4
      vertex -56.0713 0.42806 4
      vertex -56.0714 0.429439 4
    endloop
  endfacet
  facet normal -0.708512 -0.0466181 0.704157
    outer loop
      vertex -56.0713 0.42806 4
      vertex -57.6479 0.221894 2.4
      vertex -57.6333 0 2.4
    endloop
  endfacet
  facet normal -0.708512 0.0466181 0.704157
    outer loop
      vertex -57.6479 -0.221894 2.4
      vertex -56.0713 -0.42806 4
      vertex -57.6333 0 2.4
    endloop
  endfacet
  facet normal -0.708041 0.0513445 0.704302
    outer loop
      vertex -56.0713 -0.42806 4
      vertex -57.6479 -0.221894 2.4
      vertex -56.0714 -0.429439 4
    endloop
  endfacet
  facet normal 0.708565 0.0463023 0.704124
    outer loop
      vertex -62.5953 -0.42806 4
      vertex -61.0188 -0.221894 2.4
      vertex -61.0333 0 2.4
    endloop
  endfacet
  facet normal 0.708063 0.0513461 0.70428
    outer loop
      vertex -61.0188 -0.221894 2.4
      vertex -62.5953 -0.42806 4
      vertex -62.5952 -0.429439 4
    endloop
  endfacet
  facet normal 0.0455546 -0.708627 0.704112
    outer loop
      vertex -59.5552 1.68546 2.4
      vertex -59.7614 3.26201 4
      vertex -59.7628 3.26192 4
    endloop
  endfacet
  facet normal 0.0464272 -0.708541 0.70414
    outer loop
      vertex -59.7614 3.26201 4
      vertex -59.5552 1.68546 2.4
      vertex -59.3333 1.7 2.4
    endloop
  endfacet
  facet normal -0.0455547 0.708628 0.70411
    outer loop
      vertex -59.1114 -1.68546 2.4
      vertex -58.9053 -3.26201 4
      vertex -58.9039 -3.26192 4
    endloop
  endfacet
  facet normal -0.0464273 0.708543 0.704139
    outer loop
      vertex -58.9053 -3.26201 4
      vertex -59.1114 -1.68546 2.4
      vertex -59.3333 -1.7 2.4
    endloop
  endfacet
  facet normal 0.59032 -0.39463 0.704123
    outer loop
      vertex -62.1818 1.64618 4
      vertex -60.8056 0.849999 2.4
      vertex -60.682 1.03489 2.4
    endloop
  endfacet
  facet normal 0.583304 -0.405777 0.703634
    outer loop
      vertex -60.8056 0.849999 2.4
      vertex -62.1818 1.64618 4
      vertex -62.1826 1.64503 4
    endloop
  endfacet
  facet normal -0.533718 0.468308 0.704154
    outer loop
      vertex -58.1313 -1.20208 2.4
      vertex -57.006 -2.32539 4
      vertex -57.9846 -1.03489 2.4
    endloop
  endfacet
  facet normal -0.537039 0.464745 0.703989
    outer loop
      vertex -57.006 -2.32539 4
      vertex -58.1313 -1.20208 2.4
      vertex -57.0069 -2.32643 4
    endloop
  endfacet
  facet normal -0.708558 0.0463477 0.704129
    outer loop
      vertex -56.0713 -0.42806 4
      vertex -56.0433 0 4
      vertex -57.6333 0 2.4
    endloop
  endfacet
  facet normal 0.394473 0.5904 0.704144
    outer loop
      vertex -60.9795 -2.84851 4
      vertex -60.1833 -1.47224 2.4
      vertex -60.3682 -1.3487 2.4
    endloop
  endfacet
  facet normal 0.407522 0.582174 0.703561
    outer loop
      vertex -60.1833 -1.47224 2.4
      vertex -60.9795 -2.84851 4
      vertex -60.9784 -2.84928 4
    endloop
  endfacet
  facet normal 0.138506 0.696418 0.704144
    outer loop
      vertex -59.7641 -3.26165 4
      vertex -59.7733 -1.64207 2.4
      vertex -60.1849 -3.17796 4
    endloop
  endfacet
  facet normal -0.314007 -0.636853 0.704143
    outer loop
      vertex -57.6895 2.84989 4
      vertex -58.0743 3.03962 4
      vertex -58.6828 1.57059 2.4
    endloop
  endfacet
  facet normal 0.69641 -0.138541 0.704144
    outer loop
      vertex -60.9754 0.439992 2.4
      vertex -62.5113 0.85153 4
      vertex -62.595 0.430793 4
    endloop
  endfacet
  facet normal -0.672476 0.228024 0.704117
    outer loop
      vertex -57.7627 -0.650561 2.4
      vertex -56.2933 -1.25774 4
      vertex -57.6913 -0.439992 2.4
    endloop
  endfacet
  facet normal -0.679957 0.20762 0.703244
    outer loop
      vertex -56.2933 -1.25774 4
      vertex -57.7627 -0.650561 2.4
      vertex -56.2937 -1.25905 4
    endloop
  endfacet
  facet normal -0.636859 0.31401 0.704136
    outer loop
      vertex -56.4834 -1.64379 4
      vertex -56.2937 -1.25905 4
      vertex -57.7627 -0.650561 2.4
    endloop
  endfacet
  facet normal -0.477649 0.524889 0.704517
    outer loop
      vertex -58.1313 -1.20208 2.4
      vertex -57.0079 -2.32734 4
      vertex -57.0069 -2.32643 4
    endloop
  endfacet
  facet normal -0.468302 0.533714 0.704161
    outer loop
      vertex -57.0079 -2.32734 4
      vertex -58.1313 -1.20208 2.4
      vertex -58.2984 -1.3487 2.4
    endloop
  endfacet
  facet normal -0.138538 0.696415 0.70414
    outer loop
      vertex -58.4818 -3.17796 4
      vertex -58.8933 -1.64207 2.4
      vertex -58.9025 -3.26165 4
    endloop
  endfacet
  facet normal -0.314007 0.636853 0.704143
    outer loop
      vertex -58.0743 -3.03962 4
      vertex -57.6895 -2.84989 4
      vertex -58.6828 -1.57059 2.4
    endloop
  endfacet
  facet normal 0.67235 0.2283 0.704148
    outer loop
      vertex -62.3734 -1.25774 4
      vertex -60.9039 -0.650561 2.4
      vertex -60.9754 -0.439992 2.4
    endloop
  endfacet
  facet normal 0.679936 0.207614 0.703266
    outer loop
      vertex -60.9039 -0.650561 2.4
      vertex -62.3734 -1.25774 4
      vertex -62.373 -1.25905 4
    endloop
  endfacet
  facet normal 0.533882 0.468132 0.704147
    outer loop
      vertex -61.6607 -2.32539 4
      vertex -60.5354 -1.20208 2.4
      vertex -60.682 -1.03489 2.4
    endloop
  endfacet
  facet normal 0.537039 0.464745 0.703989
    outer loop
      vertex -60.5354 -1.20208 2.4
      vertex -61.6607 -2.32539 4
      vertex -61.6598 -2.32643 4
    endloop
  endfacet
  facet normal 0.228245 0.672371 0.704146
    outer loop
      vertex -60.1849 -3.17796 4
      vertex -59.7733 -1.64207 2.4
      vertex -60.5911 -3.04007 4
    endloop
  endfacet
  facet normal 0.314094 0.63681 0.704143
    outer loop
      vertex -60.1833 -1.47224 2.4
      vertex -60.9771 -2.84989 4
      vertex -59.9839 -1.57059 2.4
    endloop
  endfacet
  facet normal 0.301843 0.643271 0.703628
    outer loop
      vertex -60.9771 -2.84989 4
      vertex -60.1833 -1.47224 2.4
      vertex -60.9784 -2.84928 4
    endloop
  endfacet
  facet normal 0.0464272 0.708541 0.70414
    outer loop
      vertex -59.5552 -1.68546 2.4
      vertex -59.7614 -3.26201 4
      vertex -59.3333 -1.7 2.4
    endloop
  endfacet
  facet normal 0.0455546 0.708627 0.704112
    outer loop
      vertex -59.7614 -3.26201 4
      vertex -59.5552 -1.68546 2.4
      vertex -59.7628 -3.26192 4
    endloop
  endfacet
  facet normal -0.605975 -0.368854 0.704799
    outer loop
      vertex -56.4848 1.64618 4
      vertex -57.8611 0.849999 2.4
      vertex -56.4841 1.64503 4
    endloop
  endfacet
  facet normal -0.590446 -0.394395 0.70415
    outer loop
      vertex -57.8611 0.849999 2.4
      vertex -56.4848 1.64618 4
      vertex -57.9846 1.03489 2.4
    endloop
  endfacet
  facet normal 0.228215 -0.672385 0.704143
    outer loop
      vertex -60.5911 3.04007 4
      vertex -59.9839 1.57059 2.4
      vertex -59.7733 1.64207 2.4
    endloop
  endfacet
  facet normal 0.232225 -0.670872 0.704275
    outer loop
      vertex -59.9839 1.57059 2.4
      vertex -60.5911 3.04007 4
      vertex -60.5924 3.03962 4
    endloop
  endfacet
  facet normal 0.468157 -0.533869 0.704139
    outer loop
      vertex -61.6587 2.32734 4
      vertex -60.5354 1.20208 2.4
      vertex -60.3682 1.3487 2.4
    endloop
  endfacet
  facet normal 0.453121 -0.547729 0.703331
    outer loop
      vertex -60.5354 1.20208 2.4
      vertex -61.6587 2.32734 4
      vertex -61.6598 2.32643 4
    endloop
  endfacet
  facet normal 0.67237 -0.228256 0.704143
    outer loop
      vertex -60.9754 0.439992 2.4
      vertex -62.3734 1.25774 4
      vertex -62.5113 0.85153 4
    endloop
  endfacet
  facet normal 0.639339 -0.309357 0.703949
    outer loop
      vertex -62.1832 1.64379 4
      vertex -60.8056 0.849999 2.4
      vertex -62.1826 1.64503 4
    endloop
  endfacet
  facet normal 0.636913 -0.313925 0.704126
    outer loop
      vertex -60.8056 0.849999 2.4
      vertex -62.1832 1.64379 4
      vertex -60.9039 0.650561 2.4
    endloop
  endfacet
  facet normal 0.708063 -0.0513461 0.70428
    outer loop
      vertex -62.5953 0.42806 4
      vertex -61.0188 0.221894 2.4
      vertex -62.5952 0.429439 4
    endloop
  endfacet
  facet normal 0.708565 -0.0463023 0.704124
    outer loop
      vertex -61.0188 0.221894 2.4
      vertex -62.5953 0.42806 4
      vertex -61.0333 0 2.4
    endloop
  endfacet
  facet normal -0.69381 0.153724 0.70356
    outer loop
      vertex -57.6479 -0.221894 2.4
      vertex -56.0717 -0.430793 4
      vertex -56.0714 -0.429439 4
    endloop
  endfacet
  facet normal -0.696406 0.13858 0.704141
    outer loop
      vertex -56.0717 -0.430793 4
      vertex -57.6479 -0.221894 2.4
      vertex -57.6913 -0.439992 2.4
    endloop
  endfacet
  facet normal -0.69641 0.138541 0.704144
    outer loop
      vertex -56.1554 -0.85153 4
      vertex -56.0717 -0.430793 4
      vertex -57.6913 -0.439992 2.4
    endloop
  endfacet
  facet normal -0.138548 0.696414 0.704139
    outer loop
      vertex -59.1114 -1.68546 2.4
      vertex -58.9025 -3.26165 4
      vertex -58.8933 -1.64207 2.4
    endloop
  endfacet
  facet normal -0.134439 0.697089 0.704268
    outer loop
      vertex -58.9025 -3.26165 4
      vertex -59.1114 -1.68546 2.4
      vertex -58.9039 -3.26192 4
    endloop
  endfacet
  facet normal -0.228248 0.672378 0.704139
    outer loop
      vertex -58.4818 -3.17796 4
      vertex -58.0756 -3.04007 4
      vertex -58.8933 -1.64207 2.4
    endloop
  endfacet
  facet normal -0.232225 0.670872 0.704275
    outer loop
      vertex -58.6828 -1.57059 2.4
      vertex -58.0756 -3.04007 4
      vertex -58.0743 -3.03962 4
    endloop
  endfacet
  facet normal -0.228311 0.672349 0.704146
    outer loop
      vertex -58.0756 -3.04007 4
      vertex -58.6828 -1.57059 2.4
      vertex -58.8933 -1.64207 2.4
    endloop
  endfacet
  facet normal -0.468113 0.533917 0.704133
    outer loop
      vertex -57.3305 -2.61018 4
      vertex -57.0079 -2.32734 4
      vertex -58.2984 -1.3487 2.4
    endloop
  endfacet
  facet normal 0.696406 0.13858 0.704141
    outer loop
      vertex -61.0188 -0.221894 2.4
      vertex -62.595 -0.430793 4
      vertex -60.9754 -0.439992 2.4
    endloop
  endfacet
  facet normal 0.701749 0.103656 0.704844
    outer loop
      vertex -62.595 -0.430793 4
      vertex -61.0188 -0.221894 2.4
      vertex -62.5952 -0.429439 4
    endloop
  endfacet
  facet normal 0.468187 0.533837 0.704144
    outer loop
      vertex -61.3362 -2.61018 4
      vertex -60.3682 -1.3487 2.4
      vertex -61.6587 -2.32734 4
    endloop
  endfacet
  facet normal 0.394476 0.590399 0.704143
    outer loop
      vertex -60.9795 -2.84851 4
      vertex -60.3682 -1.3487 2.4
      vertex -61.3362 -2.61018 4
    endloop
  endfacet
  facet normal 0.228215 0.672385 0.704143
    outer loop
      vertex -59.9839 -1.57059 2.4
      vertex -60.5911 -3.04007 4
      vertex -59.7733 -1.64207 2.4
    endloop
  endfacet
  facet normal 0.232225 0.670872 0.704275
    outer loop
      vertex -60.5911 -3.04007 4
      vertex -59.9839 -1.57059 2.4
      vertex -60.5924 -3.03962 4
    endloop
  endfacet
  facet normal 0.314074 0.636823 0.704141
    outer loop
      vertex -60.5924 -3.03962 4
      vertex -59.9839 -1.57059 2.4
      vertex -60.9771 -2.84989 4
    endloop
  endfacet
  facet normal 0.144434 0.695425 0.703934
    outer loop
      vertex -59.5552 -1.68546 2.4
      vertex -59.7641 -3.26165 4
      vertex -59.7628 -3.26192 4
    endloop
  endfacet
  facet normal 0.138548 0.696414 0.704139
    outer loop
      vertex -59.7641 -3.26165 4
      vertex -59.5552 -1.68546 2.4
      vertex -59.7733 -1.64207 2.4
    endloop
  endfacet
  facet normal 0.0464251 0.708542 0.70414
    outer loop
      vertex -59.3333 -3.29006 4
      vertex -59.3333 -1.7 2.4
      vertex -59.7614 -3.26201 4
    endloop
  endfacet
  facet normal -0.046436 0.708541 0.70414
    outer loop
      vertex -58.9053 -3.26201 4
      vertex -59.3333 -1.7 2.4
      vertex -59.3333 -3.29006 4
    endloop
  endfacet
  facet normal -0.134439 -0.697089 0.704268
    outer loop
      vertex -59.1114 1.68546 2.4
      vertex -58.9025 3.26165 4
      vertex -58.9039 3.26192 4
    endloop
  endfacet
  facet normal -0.138548 -0.696414 0.704139
    outer loop
      vertex -58.9025 3.26165 4
      vertex -59.1114 1.68546 2.4
      vertex -58.8933 1.64207 2.4
    endloop
  endfacet
  facet normal -0.046436 -0.708541 0.70414
    outer loop
      vertex -58.9053 3.26201 4
      vertex -59.3333 3.29006 4
      vertex -59.3333 1.7 2.4
    endloop
  endfacet
  facet normal 0.144434 -0.695425 0.703934
    outer loop
      vertex -59.7641 3.26165 4
      vertex -59.5552 1.68546 2.4
      vertex -59.7628 3.26192 4
    endloop
  endfacet
  facet normal 0.138548 -0.696414 0.704139
    outer loop
      vertex -59.5552 1.68546 2.4
      vertex -59.7641 3.26165 4
      vertex -59.7733 1.64207 2.4
    endloop
  endfacet
  facet normal 0.53389 -0.468124 0.704145
    outer loop
      vertex -60.682 1.03489 2.4
      vertex -61.6607 2.32539 4
      vertex -61.9435 2.00286 4
    endloop
  endfacet
  facet normal 0.590412 -0.394458 0.704143
    outer loop
      vertex -60.682 1.03489 2.4
      vertex -61.9435 2.00286 4
      vertex -62.1818 1.64618 4
    endloop
  endfacet
  facet normal 0.679936 -0.207614 0.703266
    outer loop
      vertex -62.3734 1.25774 4
      vertex -60.9039 0.650561 2.4
      vertex -62.373 1.25905 4
    endloop
  endfacet
  facet normal 0.67235 -0.2283 0.704148
    outer loop
      vertex -60.9039 0.650561 2.4
      vertex -62.3734 1.25774 4
      vertex -60.9754 0.439992 2.4
    endloop
  endfacet
  facet normal 0.63678 -0.314136 0.704151
    outer loop
      vertex -60.9039 0.650561 2.4
      vertex -62.1832 1.64379 4
      vertex -62.373 1.25905 4
    endloop
  endfacet
  facet normal 0.696406 -0.13858 0.704141
    outer loop
      vertex -62.595 0.430793 4
      vertex -61.0188 0.221894 2.4
      vertex -60.9754 0.439992 2.4
    endloop
  endfacet
  facet normal 0.701749 -0.103656 0.704844
    outer loop
      vertex -61.0188 0.221894 2.4
      vertex -62.595 0.430793 4
      vertex -62.5952 0.429439 4
    endloop
  endfacet
  facet normal 0.70853 -0.0465115 0.704146
    outer loop
      vertex -61.0333 0 2.4
      vertex -62.5953 0.42806 4
      vertex -62.6234 0 4
    endloop
  endfacet
  facet normal 0.70853 0.0465115 0.704146
    outer loop
      vertex -62.5953 -0.42806 4
      vertex -61.0333 0 2.4
      vertex -62.6234 0 4
    endloop
  endfacet
  facet normal -0.590347 0.39458 0.704128
    outer loop
      vertex -56.7232 -2.00286 4
      vertex -56.4848 -1.64618 4
      vertex -57.9846 -1.03489 2.4
    endloop
  endfacet
  facet normal -0.533903 0.468135 0.704129
    outer loop
      vertex -57.006 -2.32539 4
      vertex -56.7232 -2.00286 4
      vertex -57.9846 -1.03489 2.4
    endloop
  endfacet
  facet normal -0.394483 0.590409 0.704131
    outer loop
      vertex -57.6872 -2.84851 4
      vertex -57.3305 -2.61018 4
      vertex -58.2984 -1.3487 2.4
    endloop
  endfacet
  facet normal 0.69641 0.138541 0.704144
    outer loop
      vertex -62.5113 -0.85153 4
      vertex -60.9754 -0.439992 2.4
      vertex -62.595 -0.430793 4
    endloop
  endfacet
  facet normal 0.67237 0.228256 0.704143
    outer loop
      vertex -62.3734 -1.25774 4
      vertex -60.9754 -0.439992 2.4
      vertex -62.5113 -0.85153 4
    endloop
  endfacet
  facet normal 0.63678 0.314136 0.704151
    outer loop
      vertex -62.1832 -1.64379 4
      vertex -60.9039 -0.650561 2.4
      vertex -62.373 -1.25905 4
    endloop
  endfacet
  facet normal 0.590412 0.394458 0.704143
    outer loop
      vertex -61.9435 -2.00286 4
      vertex -60.682 -1.03489 2.4
      vertex -62.1818 -1.64618 4
    endloop
  endfacet
  facet normal 0.53389 0.468124 0.704145
    outer loop
      vertex -61.6607 -2.32539 4
      vertex -60.682 -1.03489 2.4
      vertex -61.9435 -2.00286 4
    endloop
  endfacet
  facet normal 0.468157 0.533869 0.704139
    outer loop
      vertex -60.5354 -1.20208 2.4
      vertex -61.6587 -2.32734 4
      vertex -60.3682 -1.3487 2.4
    endloop
  endfacet
  facet normal 0.453121 0.547729 0.703331
    outer loop
      vertex -61.6587 -2.32734 4
      vertex -60.5354 -1.20208 2.4
      vertex -61.6598 -2.32643 4
    endloop
  endfacet
  facet normal -0.468113 -0.533917 0.704133
    outer loop
      vertex -57.0079 2.32734 4
      vertex -57.3305 2.61018 4
      vertex -58.2984 1.3487 2.4
    endloop
  endfacet
  facet normal -0.69641 -0.138541 0.704144
    outer loop
      vertex -56.0717 0.430793 4
      vertex -56.1554 0.85153 4
      vertex -57.6913 0.439992 2.4
    endloop
  endfacet
  facet normal -0.679957 -0.20762 0.703244
    outer loop
      vertex -57.7627 0.650561 2.4
      vertex -56.2933 1.25774 4
      vertex -56.2937 1.25905 4
    endloop
  endfacet
  facet normal -0.672476 -0.228024 0.704117
    outer loop
      vertex -56.2933 1.25774 4
      vertex -57.7627 0.650561 2.4
      vertex -57.6913 0.439992 2.4
    endloop
  endfacet
  facet normal -0.138538 -0.696415 0.70414
    outer loop
      vertex -58.8933 1.64207 2.4
      vertex -58.4818 3.17796 4
      vertex -58.9025 3.26165 4
    endloop
  endfacet
  facet normal -0.228248 -0.672378 0.704139
    outer loop
      vertex -58.0756 3.04007 4
      vertex -58.4818 3.17796 4
      vertex -58.8933 1.64207 2.4
    endloop
  endfacet
  facet normal -0.394483 -0.590409 0.704131
    outer loop
      vertex -57.3305 2.61018 4
      vertex -57.6872 2.84851 4
      vertex -58.2984 1.3487 2.4
    endloop
  endfacet
  facet normal -0.407529 -0.582185 0.703549
    outer loop
      vertex -58.4833 1.47224 2.4
      vertex -57.6872 2.84851 4
      vertex -57.6883 2.84928 4
    endloop
  endfacet
  facet normal -0.39448 -0.590411 0.704131
    outer loop
      vertex -57.6872 2.84851 4
      vertex -58.4833 1.47224 2.4
      vertex -58.2984 1.3487 2.4
    endloop
  endfacet
  facet normal 0.0464251 -0.708542 0.70414
    outer loop
      vertex -59.3333 1.7 2.4
      vertex -59.3333 3.29006 4
      vertex -59.7614 3.26201 4
    endloop
  endfacet
  facet normal 0.138506 -0.696418 0.704144
    outer loop
      vertex -59.7733 1.64207 2.4
      vertex -59.7641 3.26165 4
      vertex -60.1849 3.17796 4
    endloop
  endfacet
  facet normal 0.228245 -0.672371 0.704146
    outer loop
      vertex -59.7733 1.64207 2.4
      vertex -60.1849 3.17796 4
      vertex -60.5911 3.04007 4
    endloop
  endfacet
  facet normal 0.314074 -0.636823 0.704141
    outer loop
      vertex -59.9839 1.57059 2.4
      vertex -60.5924 3.03962 4
      vertex -60.9771 2.84989 4
    endloop
  endfacet
  facet normal 0.394476 -0.590399 0.704143
    outer loop
      vertex -60.3682 1.3487 2.4
      vertex -60.9795 2.84851 4
      vertex -61.3362 2.61018 4
    endloop
  endfacet
  facet normal 0.468187 -0.533837 0.704144
    outer loop
      vertex -60.3682 1.3487 2.4
      vertex -61.3362 2.61018 4
      vertex -61.6587 2.32734 4
    endloop
  endfacet
  facet normal 0.537039 -0.464745 0.703989
    outer loop
      vertex -61.6607 2.32539 4
      vertex -60.5354 1.20208 2.4
      vertex -61.6598 2.32643 4
    endloop
  endfacet
  facet normal 0.533882 -0.468132 0.704147
    outer loop
      vertex -60.5354 1.20208 2.4
      vertex -61.6607 2.32539 4
      vertex -60.682 1.03489 2.4
    endloop
  endfacet
  facet normal -0.63676 0.314169 0.704155
    outer loop
      vertex -57.8611 -0.849999 2.4
      vertex -56.4834 -1.64379 4
      vertex -57.7627 -0.650561 2.4
    endloop
  endfacet
  facet normal -0.617701 0.348702 0.704877
    outer loop
      vertex -56.4834 -1.64379 4
      vertex -57.8611 -0.849999 2.4
      vertex -56.4841 -1.64503 4
    endloop
  endfacet
  facet normal -0.605975 0.368854 0.704799
    outer loop
      vertex -57.8611 -0.849999 2.4
      vertex -56.4848 -1.64618 4
      vertex -56.4841 -1.64503 4
    endloop
  endfacet
  facet normal -0.590446 0.394395 0.70415
    outer loop
      vertex -56.4848 -1.64618 4
      vertex -57.8611 -0.849999 2.4
      vertex -57.9846 -1.03489 2.4
    endloop
  endfacet
  facet normal -0.39448 0.590411 0.704131
    outer loop
      vertex -58.4833 -1.47224 2.4
      vertex -57.6872 -2.84851 4
      vertex -58.2984 -1.3487 2.4
    endloop
  endfacet
  facet normal -0.407529 0.582185 0.703549
    outer loop
      vertex -57.6872 -2.84851 4
      vertex -58.4833 -1.47224 2.4
      vertex -57.6883 -2.84928 4
    endloop
  endfacet
  facet normal -0.321648 0.632749 0.704394
    outer loop
      vertex -58.4833 -1.47224 2.4
      vertex -57.6895 -2.84989 4
      vertex -57.6883 -2.84928 4
    endloop
  endfacet
  facet normal -0.313969 0.636877 0.704139
    outer loop
      vertex -57.6895 -2.84989 4
      vertex -58.4833 -1.47224 2.4
      vertex -58.6828 -1.57059 2.4
    endloop
  endfacet
  facet normal 0.59032 0.39463 0.704123
    outer loop
      vertex -60.8056 -0.849999 2.4
      vertex -62.1818 -1.64618 4
      vertex -60.682 -1.03489 2.4
    endloop
  endfacet
  facet normal 0.583304 0.405777 0.703634
    outer loop
      vertex -62.1818 -1.64618 4
      vertex -60.8056 -0.849999 2.4
      vertex -62.1826 -1.64503 4
    endloop
  endfacet
  facet normal 0.636913 0.313925 0.704126
    outer loop
      vertex -62.1832 -1.64379 4
      vertex -60.8056 -0.849999 2.4
      vertex -60.9039 -0.650561 2.4
    endloop
  endfacet
  facet normal 0.639339 0.309357 0.703949
    outer loop
      vertex -60.8056 -0.849999 2.4
      vertex -62.1832 -1.64379 4
      vertex -62.1826 -1.64503 4
    endloop
  endfacet
  facet normal -0.537039 -0.464745 0.703989
    outer loop
      vertex -58.1313 1.20208 2.4
      vertex -57.006 2.32539 4
      vertex -57.0069 2.32643 4
    endloop
  endfacet
  facet normal -0.533718 -0.468308 0.704154
    outer loop
      vertex -57.006 2.32539 4
      vertex -58.1313 1.20208 2.4
      vertex -57.9846 1.03489 2.4
    endloop
  endfacet
  facet normal -0.636859 -0.31401 0.704136
    outer loop
      vertex -56.2937 1.25905 4
      vertex -56.4834 1.64379 4
      vertex -57.7627 0.650561 2.4
    endloop
  endfacet
  facet normal -0.67237 -0.228256 0.704143
    outer loop
      vertex -56.1554 0.85153 4
      vertex -56.2933 1.25774 4
      vertex -57.6913 0.439992 2.4
    endloop
  endfacet
  facet normal -0.232225 -0.670872 0.704275
    outer loop
      vertex -58.0756 3.04007 4
      vertex -58.6828 1.57059 2.4
      vertex -58.0743 3.03962 4
    endloop
  endfacet
  facet normal -0.228311 -0.672349 0.704146
    outer loop
      vertex -58.6828 1.57059 2.4
      vertex -58.0756 3.04007 4
      vertex -58.8933 1.64207 2.4
    endloop
  endfacet
  facet normal -0.0464273 -0.708543 0.704139
    outer loop
      vertex -59.1114 1.68546 2.4
      vertex -58.9053 3.26201 4
      vertex -59.3333 1.7 2.4
    endloop
  endfacet
  facet normal -0.0455547 -0.708628 0.70411
    outer loop
      vertex -58.9053 3.26201 4
      vertex -59.1114 1.68546 2.4
      vertex -58.9039 3.26192 4
    endloop
  endfacet
  facet normal 0.407522 -0.582174 0.703561
    outer loop
      vertex -60.9795 2.84851 4
      vertex -60.1833 1.47224 2.4
      vertex -60.9784 2.84928 4
    endloop
  endfacet
  facet normal 0.394473 -0.5904 0.704144
    outer loop
      vertex -60.1833 1.47224 2.4
      vertex -60.9795 2.84851 4
      vertex -60.3682 1.3487 2.4
    endloop
  endfacet
  facet normal 0.314094 -0.63681 0.704143
    outer loop
      vertex -60.9771 2.84989 4
      vertex -60.1833 1.47224 2.4
      vertex -59.9839 1.57059 2.4
    endloop
  endfacet
  facet normal 0.301843 -0.643271 0.703628
    outer loop
      vertex -60.1833 1.47224 2.4
      vertex -60.9771 2.84989 4
      vertex -60.9784 2.84928 4
    endloop
  endfacet
  facet normal -0.533903 -0.468135 0.704129
    outer loop
      vertex -56.7232 2.00286 4
      vertex -57.006 2.32539 4
      vertex -57.9846 1.03489 2.4
    endloop
  endfacet
  facet normal -0.590347 -0.39458 0.704128
    outer loop
      vertex -56.4848 1.64618 4
      vertex -56.7232 2.00286 4
      vertex -57.9846 1.03489 2.4
    endloop
  endfacet
  facet normal -0.69381 -0.153724 0.70356
    outer loop
      vertex -56.0717 0.430793 4
      vertex -57.6479 0.221894 2.4
      vertex -56.0714 0.429439 4
    endloop
  endfacet
  facet normal -0.696406 -0.13858 0.704141
    outer loop
      vertex -57.6479 0.221894 2.4
      vertex -56.0717 0.430793 4
      vertex -57.6913 0.439992 2.4
    endloop
  endfacet
  facet normal -0.321648 -0.632749 0.704394
    outer loop
      vertex -57.6895 2.84989 4
      vertex -58.4833 1.47224 2.4
      vertex -57.6883 2.84928 4
    endloop
  endfacet
  facet normal -0.313969 -0.636877 0.704139
    outer loop
      vertex -58.4833 1.47224 2.4
      vertex -57.6895 2.84989 4
      vertex -58.6828 1.57059 2.4
    endloop
  endfacet
  facet normal -0.477649 -0.524889 0.704517
    outer loop
      vertex -57.0079 2.32734 4
      vertex -58.1313 1.20208 2.4
      vertex -57.0069 2.32643 4
    endloop
  endfacet
  facet normal -0.468302 -0.533714 0.704161
    outer loop
      vertex -58.1313 1.20208 2.4
      vertex -57.0079 2.32734 4
      vertex -58.2984 1.3487 2.4
    endloop
  endfacet
  facet normal -0.617701 -0.348702 0.704877
    outer loop
      vertex -57.8611 0.849999 2.4
      vertex -56.4834 1.64379 4
      vertex -56.4841 1.64503 4
    endloop
  endfacet
  facet normal -0.63676 -0.314169 0.704155
    outer loop
      vertex -56.4834 1.64379 4
      vertex -57.8611 0.849999 2.4
      vertex -57.7627 0.650561 2.4
    endloop
  endfacet
  facet normal 0 1 0
    outer loop
      vertex 10 133 2
      vertex 10 133 0
      vertex -10 133 2
    endloop
  endfacet
  facet normal 0 1 -0
    outer loop
      vertex -10 133 2
      vertex -174.5 133 4
      vertex -10 133 4
    endloop
  endfacet
  facet normal 0 1 0
    outer loop
      vertex -174.5 133 0
      vertex -10 133 2
      vertex 10 133 0
    endloop
  endfacet
  facet normal 0 1 0
    outer loop
      vertex -10 133 2
      vertex -174.5 133 0
      vertex -174.5 133 4
    endloop
  endfacet
  facet normal -1 0 0
    outer loop
      vertex -189 10 2
      vertex -189 118.5 0
      vertex -189 10 0
    endloop
  endfacet
  facet normal -1 0 0
    outer loop
      vertex -189 118.5 0
      vertex -189 10 2
      vertex -189 118.5 4
    endloop
  endfacet
  facet normal -1 0 0
    outer loop
      vertex -189 -10 4
      vertex -189 10 2
      vertex -189 -10 2
    endloop
  endfacet
  facet normal -1 0 0
    outer loop
      vertex -189 10 2
      vertex -189 -10 4
      vertex -189 118.5 4
    endloop
  endfacet
  facet normal -0.0653644 0.997861 0
    outer loop
      vertex -174.5 133 0
      vertex -176.393 132.876 4
      vertex -174.5 133 4
    endloop
  endfacet
  facet normal -0.0653644 0.997861 0
    outer loop
      vertex -176.393 132.876 4
      vertex -174.5 133 0
      vertex -176.393 132.876 0
    endloop
  endfacet
  facet normal -0.997861 0.0653644 0
    outer loop
      vertex -189 118.5 0
      vertex -188.876 120.393 4
      vertex -188.876 120.393 0
    endloop
  endfacet
  facet normal -0.997861 0.0653644 0
    outer loop
      vertex -188.876 120.393 4
      vertex -189 118.5 0
      vertex -189 118.5 4
    endloop
  endfacet
  facet normal -0.980783 0.195102 0
    outer loop
      vertex -188.876 120.393 0
      vertex -188.506 122.253 4
      vertex -188.506 122.253 0
    endloop
  endfacet
  facet normal -0.980783 0.195102 0
    outer loop
      vertex -188.506 122.253 4
      vertex -188.876 120.393 0
      vertex -188.876 120.393 4
    endloop
  endfacet
  facet normal -0.946876 0.3216 0
    outer loop
      vertex -188.506 122.253 0
      vertex -187.896 124.049 4
      vertex -187.896 124.049 0
    endloop
  endfacet
  facet normal -0.946876 0.3216 0
    outer loop
      vertex -187.896 124.049 4
      vertex -188.506 122.253 0
      vertex -188.506 122.253 4
    endloop
  endfacet
  facet normal -0.751727 0.659474 0
    outer loop
      vertex -186.004 127.327 0
      vertex -184.753 128.753 4
      vertex -184.753 128.753 0
    endloop
  endfacet
  facet normal -0.751727 0.659474 0
    outer loop
      vertex -184.753 128.753 4
      vertex -186.004 127.327 0
      vertex -186.004 127.327 4
    endloop
  endfacet
  facet normal -0.831644 0.555309 0
    outer loop
      vertex -187.057 125.75 0
      vertex -186.004 127.327 4
      vertex -186.004 127.327 0
    endloop
  endfacet
  facet normal -0.831644 0.555309 0
    outer loop
      vertex -186.004 127.327 4
      vertex -187.057 125.75 0
      vertex -187.057 125.75 4
    endloop
  endfacet
  facet normal -0.442356 0.896839 0
    outer loop
      vertex -180.049 131.896 0
      vertex -181.75 131.057 4
      vertex -180.049 131.896 4
    endloop
  endfacet
  facet normal -0.442356 0.896839 0
    outer loop
      vertex -181.75 131.057 4
      vertex -180.049 131.896 0
      vertex -181.75 131.057 0
    endloop
  endfacet
  facet normal -0.896839 0.442356 0
    outer loop
      vertex -187.896 124.049 0
      vertex -187.057 125.75 4
      vertex -187.057 125.75 0
    endloop
  endfacet
  facet normal -0.896839 0.442356 0
    outer loop
      vertex -187.057 125.75 4
      vertex -187.896 124.049 0
      vertex -187.896 124.049 4
    endloop
  endfacet
  facet normal -0.659474 0.751727 0
    outer loop
      vertex -183.327 130.004 0
      vertex -184.753 128.753 4
      vertex -183.327 130.004 4
    endloop
  endfacet
  facet normal -0.659474 0.751727 0
    outer loop
      vertex -184.753 128.753 4
      vertex -183.327 130.004 0
      vertex -184.753 128.753 0
    endloop
  endfacet
  facet normal -0.555309 0.831644 0
    outer loop
      vertex -181.75 131.057 0
      vertex -183.327 130.004 4
      vertex -181.75 131.057 4
    endloop
  endfacet
  facet normal -0.555309 0.831644 0
    outer loop
      vertex -183.327 130.004 4
      vertex -181.75 131.057 0
      vertex -183.327 130.004 0
    endloop
  endfacet
  facet normal -0.195102 0.980783 0
    outer loop
      vertex -176.393 132.876 0
      vertex -178.253 132.506 4
      vertex -176.393 132.876 4
    endloop
  endfacet
  facet normal -0.195102 0.980783 0
    outer loop
      vertex -178.253 132.506 4
      vertex -176.393 132.876 0
      vertex -178.253 132.506 0
    endloop
  endfacet
  facet normal -0.3216 0.946876 0
    outer loop
      vertex -178.253 132.506 0
      vertex -180.049 131.896 4
      vertex -178.253 132.506 4
    endloop
  endfacet
  facet normal -0.3216 0.946876 0
    outer loop
      vertex -180.049 131.896 4
      vertex -178.253 132.506 0
      vertex -180.049 131.896 0
    endloop
  endfacet
  facet normal 0 0 -1
    outer loop
      vertex 10 133 0
      vertex 1.68546 127.778 0
      vertex 1.7 128 0
    endloop
  endfacet
  facet normal 0 0 -1
    outer loop
      vertex 3.39999 95 0
      vertex 1.64207 127.56 0
      vertex 1.68546 127.778 0
    endloop
  endfacet
  facet normal 0 0 -1
    outer loop
      vertex -1.75856 97.8805 0
      vertex 3.39999 95 0
      vertex -1.75 97.75 0
    endloop
  endfacet
  facet normal 0 0 -1
    outer loop
      vertex -1.78407 98.0088 0
      vertex 3.39999 95 0
      vertex -1.75856 97.8805 0
    endloop
  endfacet
  facet normal 0 0 -1
    outer loop
      vertex 3.39999 95 0
      vertex 1.57059 127.349 0
      vertex 1.64207 127.56 0
    endloop
  endfacet
  facet normal 0 0 -1
    outer loop
      vertex -1.82613 98.1327 0
      vertex 3.39999 95 0
      vertex -1.78407 98.0088 0
    endloop
  endfacet
  facet normal 0 0 -1
    outer loop
      vertex 3.39999 95 0
      vertex 1.47224 127.15 0
      vertex 1.57059 127.349 0
    endloop
  endfacet
  facet normal 0 0 -1
    outer loop
      vertex -1.88397 98.25 0
      vertex 3.39999 95 0
      vertex -1.82613 98.1327 0
    endloop
  endfacet
  facet normal 0 0 -1
    outer loop
      vertex 3.39999 95 0
      vertex 1.3487 126.965 0
      vertex 1.47224 127.15 0
    endloop
  endfacet
  facet normal 0 0 -1
    outer loop
      vertex -1.95665 98.3588 0
      vertex 3.39999 95 0
      vertex -1.88397 98.25 0
    endloop
  endfacet
  facet normal 0 0 -1
    outer loop
      vertex 3.39999 95 0
      vertex 1.20208 126.798 0
      vertex 1.3487 126.965 0
    endloop
  endfacet
  facet normal -0 0 -1
    outer loop
      vertex 3.86862 93.8686 0
      vertex -1.75856 92.1195 0
      vertex 3.73062 94.026 0
    endloop
  endfacet
  facet normal 0 0 -1
    outer loop
      vertex -2.04289 98.4571 0
      vertex 3.39999 95 0
      vertex -1.95665 98.3588 0
    endloop
  endfacet
  facet normal 0 0 -1
    outer loop
      vertex 3.39999 95 0
      vertex 1.03489 126.651 0
      vertex 1.20208 126.798 0
    endloop
  endfacet
  facet normal 0 -0 -1
    outer loop
      vertex 0.849999 126.528 0
      vertex 3.39999 95 0
      vertex -2.04289 98.4571 0
    endloop
  endfacet
  facet normal 0 0 -1
    outer loop
      vertex 3.39999 95 0
      vertex 0.849999 126.528 0
      vertex 1.03489 126.651 0
    endloop
  endfacet
  facet normal 0 0 -1
    outer loop
      vertex -2.14124 98.5434 0
      vertex 0.849999 126.528 0
      vertex -2.04289 98.4571 0
    endloop
  endfacet
  facet normal 0 0 -1
    outer loop
      vertex 0.849999 126.528 0
      vertex -2.14124 98.5434 0
      vertex 0.650561 126.429 0
    endloop
  endfacet
  facet normal 0 0 -1
    outer loop
      vertex -2.25 98.616 0
      vertex 0.650561 126.429 0
      vertex -2.14124 98.5434 0
    endloop
  endfacet
  facet normal 0 0 -1
    outer loop
      vertex 0.650561 126.429 0
      vertex -2.25 98.616 0
      vertex 0.439992 126.358 0
    endloop
  endfacet
  facet normal 0 0 -1
    outer loop
      vertex -2.36731 98.6739 0
      vertex 0.439992 126.358 0
      vertex -2.25 98.616 0
    endloop
  endfacet
  facet normal 0 0 -1
    outer loop
      vertex 0.439992 126.358 0
      vertex -2.36731 98.6739 0
      vertex 0.221894 126.315 0
    endloop
  endfacet
  facet normal 0 0 -1
    outer loop
      vertex -2.49118 98.7159 0
      vertex 0.221894 126.315 0
      vertex -2.36731 98.6739 0
    endloop
  endfacet
  facet normal 0 0 -1
    outer loop
      vertex 0.221894 126.315 0
      vertex -2.49118 98.7159 0
      vertex 0 126.3 0
    endloop
  endfacet
  facet normal 0 0 -1
    outer loop
      vertex -2.61948 98.7414 0
      vertex 0 126.3 0
      vertex -2.49118 98.7159 0
    endloop
  endfacet
  facet normal -0 0 -1
    outer loop
      vertex 3.39999 95 0
      vertex -1.75 92.25 0
      vertex -1.75 97.75 0
    endloop
  endfacet
  facet normal -0 0 -1
    outer loop
      vertex 3.41368 94.7912 0
      vertex -1.75 92.25 0
      vertex 3.39999 95 0
    endloop
  endfacet
  facet normal -0 0 -1
    outer loop
      vertex 3.45451 94.5859 0
      vertex -1.75 92.25 0
      vertex 3.41368 94.7912 0
    endloop
  endfacet
  facet normal -0 0 -1
    outer loop
      vertex 3.52179 94.3877 0
      vertex -1.75 92.25 0
      vertex 3.45451 94.5859 0
    endloop
  endfacet
  facet normal -0 0 -1
    outer loop
      vertex 3.61435 94.2 0
      vertex -1.75 92.25 0
      vertex 3.52179 94.3877 0
    endloop
  endfacet
  facet normal -0 0 -1
    outer loop
      vertex 3.73062 94.026 0
      vertex -1.75 92.25 0
      vertex 3.61435 94.2 0
    endloop
  endfacet
  facet normal 0 -0 -1
    outer loop
      vertex -1.75 92.25 0
      vertex 3.73062 94.026 0
      vertex -1.75856 92.1195 0
    endloop
  endfacet
  facet normal 0 0 -1
    outer loop
      vertex 0 64.1754 0
      vertex -2.14124 91.4566 0
      vertex -2.04289 91.5429 0
    endloop
  endfacet
  facet normal 0 0 -1
    outer loop
      vertex 0 64.1754 0
      vertex -2.25 91.384 0
      vertex -2.14124 91.4566 0
    endloop
  endfacet
  facet normal 0 0 -1
    outer loop
      vertex 0 64.1754 0
      vertex -2.36731 91.3261 0
      vertex -2.25 91.384 0
    endloop
  endfacet
  facet normal 0 0 -1
    outer loop
      vertex 0 64.1754 0
      vertex -2.49118 91.2841 0
      vertex -2.36731 91.3261 0
    endloop
  endfacet
  facet normal 0 0 -1
    outer loop
      vertex 0 64.1754 0
      vertex -2.61948 91.2586 0
      vertex -2.49118 91.2841 0
    endloop
  endfacet
  facet normal 0 0 -1
    outer loop
      vertex -2.75 91.25 0
      vertex 0 64.1754 0
      vertex -2.75 62.5877 0
    endloop
  endfacet
  facet normal 0 0 -1
    outer loop
      vertex 0 64.1754 0
      vertex -2.75 91.25 0
      vertex -2.61948 91.2586 0
    endloop
  endfacet
  facet normal 0 0 -1
    outer loop
      vertex 10 10 0
      vertex 6.59999 95 0
      vertex 10 133 0
    endloop
  endfacet
  facet normal 0 0 -1
    outer loop
      vertex 10 10 0
      vertex 6.5863 94.7912 0
      vertex 6.59999 95 0
    endloop
  endfacet
  facet normal 0 0 -1
    outer loop
      vertex 10 10 0
      vertex 6.54547 94.5859 0
      vertex 6.5863 94.7912 0
    endloop
  endfacet
  facet normal 0 0 -1
    outer loop
      vertex 2.75 59.4123 0
      vertex 6.54547 94.5859 0
      vertex 10 10 0
    endloop
  endfacet
  facet normal 0 0 -1
    outer loop
      vertex 2.75 62.5877 0
      vertex 6.54547 94.5859 0
      vertex 2.75 59.4123 0
    endloop
  endfacet
  facet normal 0 0 -1
    outer loop
      vertex 6.54547 94.5859 0
      vertex 2.75 62.5877 0
      vertex 6.4782 94.3877 0
    endloop
  endfacet
  facet normal 0 0 -1
    outer loop
      vertex 6.4782 94.3877 0
      vertex 2.75 62.5877 0
      vertex 6.38564 94.2 0
    endloop
  endfacet
  facet normal 0 0 -1
    outer loop
      vertex 6.26936 94.026 0
      vertex 2.75 62.5877 0
      vertex 6.13136 93.8686 0
    endloop
  endfacet
  facet normal 0 0 -1
    outer loop
      vertex 6.13136 93.8686 0
      vertex 2.75 62.5877 0
      vertex 5.97401 93.7306 0
    endloop
  endfacet
  facet normal 0 0 -1
    outer loop
      vertex 5.97401 93.7306 0
      vertex 2.75 62.5877 0
      vertex 5.79999 93.6144 0
    endloop
  endfacet
  facet normal 0 0 -1
    outer loop
      vertex 5.79999 93.6144 0
      vertex 2.75 62.5877 0
      vertex 5.61229 93.5218 0
    endloop
  endfacet
  facet normal 0 0 -1
    outer loop
      vertex 5.61229 93.5218 0
      vertex 2.75 62.5877 0
      vertex 5.41411 93.4545 0
    endloop
  endfacet
  facet normal 0 0 -1
    outer loop
      vertex 0 64.1754 0
      vertex 5.41411 93.4545 0
      vertex 2.75 62.5877 0
    endloop
  endfacet
  facet normal 0 0 -1
    outer loop
      vertex 5.41411 93.4545 0
      vertex 0 64.1754 0
      vertex 5.20883 93.4137 0
    endloop
  endfacet
  facet normal 0 0 -1
    outer loop
      vertex 5.20883 93.4137 0
      vertex 0 64.1754 0
      vertex 5 93.4 0
    endloop
  endfacet
  facet normal 0 0 -1
    outer loop
      vertex -2.04289 91.5429 0
      vertex 5 93.4 0
      vertex 0 64.1754 0
    endloop
  endfacet
  facet normal -0 0 -1
    outer loop
      vertex 5 93.4 0
      vertex -2.04289 91.5429 0
      vertex 4.79115 93.4137 0
    endloop
  endfacet
  facet normal -0 0 -1
    outer loop
      vertex 4.79115 93.4137 0
      vertex -2.04289 91.5429 0
      vertex 4.58588 93.4545 0
    endloop
  endfacet
  facet normal 0 -0 -1
    outer loop
      vertex -1.95665 91.6412 0
      vertex 4.58588 93.4545 0
      vertex -2.04289 91.5429 0
    endloop
  endfacet
  facet normal -0 0 -1
    outer loop
      vertex 4.58588 93.4545 0
      vertex -1.95665 91.6412 0
      vertex 4.3877 93.5218 0
    endloop
  endfacet
  facet normal 0 -0 -1
    outer loop
      vertex -1.88397 91.75 0
      vertex 4.3877 93.5218 0
      vertex -1.95665 91.6412 0
    endloop
  endfacet
  facet normal -0 0 -1
    outer loop
      vertex 4.3877 93.5218 0
      vertex -1.88397 91.75 0
      vertex 4.2 93.6144 0
    endloop
  endfacet
  facet normal 0 -0 -1
    outer loop
      vertex -1.82613 91.8673 0
      vertex 4.2 93.6144 0
      vertex -1.88397 91.75 0
    endloop
  endfacet
  facet normal -0 0 -1
    outer loop
      vertex 4.2 93.6144 0
      vertex -1.82613 91.8673 0
      vertex 4.02597 93.7306 0
    endloop
  endfacet
  facet normal 0 -0 -1
    outer loop
      vertex -1.78407 91.9912 0
      vertex 4.02597 93.7306 0
      vertex -1.82613 91.8673 0
    endloop
  endfacet
  facet normal 0 0 -1
    outer loop
      vertex 6.38564 94.2 0
      vertex 2.75 62.5877 0
      vertex 6.26936 94.026 0
    endloop
  endfacet
  facet normal 0 0 -1
    outer loop
      vertex 10 10 0
      vertex 0 57.8246 0
      vertex 2.75 59.4123 0
    endloop
  endfacet
  facet normal 0 0 -1
    outer loop
      vertex 10 10 0
      vertex -2.75 59.4123 0
      vertex 0 57.8246 0
    endloop
  endfacet
  facet normal 0 0 -1
    outer loop
      vertex -41.1118 92.8011 0
      vertex -2.75 62.5877 0
      vertex -2.75 59.4123 0
    endloop
  endfacet
  facet normal 0 0 -1
    outer loop
      vertex -2.75 62.5877 0
      vertex -17.25 91.25 0
      vertex -2.75 91.25 0
    endloop
  endfacet
  facet normal 0 0 -1
    outer loop
      vertex -73.1195 91.0086 0
      vertex -2.75 59.4123 0
      vertex 10 10 0
    endloop
  endfacet
  facet normal 0 0 -1
    outer loop
      vertex -2.75 62.5877 0
      vertex -17.3805 91.2586 0
      vertex -17.25 91.25 0
    endloop
  endfacet
  facet normal 0 0 -1
    outer loop
      vertex -2.75 62.5877 0
      vertex -17.5088 91.2841 0
      vertex -17.3805 91.2586 0
    endloop
  endfacet
  facet normal 0 -0 -1
    outer loop
      vertex -41.1118 92.8011 0
      vertex -2.75 59.4123 0
      vertex -41.3042 92.7628 0
    endloop
  endfacet
  facet normal 0 0 -1
    outer loop
      vertex -2.75 62.5877 0
      vertex -34 93.6 0
      vertex -33.8173 93.612 0
    endloop
  endfacet
  facet normal 0 0 -1
    outer loop
      vertex -2.75 62.5877 0
      vertex -17.6327 91.3261 0
      vertex -17.5088 91.2841 0
    endloop
  endfacet
  facet normal 0 0 -1
    outer loop
      vertex -2.75 62.5877 0
      vertex -33.8173 93.612 0
      vertex -25.2088 93.4137 0
    endloop
  endfacet
  facet normal 0 0 -1
    outer loop
      vertex -2.75 62.5877 0
      vertex -25.2088 93.4137 0
      vertex -17.6327 91.3261 0
    endloop
  endfacet
  facet normal 0 0 -1
    outer loop
      vertex -17.6327 91.3261 0
      vertex -25.2088 93.4137 0
      vertex -17.75 91.384 0
    endloop
  endfacet
  facet normal 0 0 -1
    outer loop
      vertex -17.75 91.384 0
      vertex -25 93.4 0
      vertex -17.8588 91.4566 0
    endloop
  endfacet
  facet normal 0 0 -1
    outer loop
      vertex -18.25 92.25 0
      vertex -23.4 95 0
      vertex -18.25 97.75 0
    endloop
  endfacet
  facet normal 0 0 -1
    outer loop
      vertex -23.7306 94.026 0
      vertex -18.25 92.25 0
      vertex -18.2414 92.1195 0
    endloop
  endfacet
  facet normal 0 0 -1
    outer loop
      vertex -23.8686 93.8686 0
      vertex -18.2414 92.1195 0
      vertex -18.2159 91.9912 0
    endloop
  endfacet
  facet normal 0 0 -1
    outer loop
      vertex -24.026 93.7306 0
      vertex -18.2159 91.9912 0
      vertex -18.1739 91.8673 0
    endloop
  endfacet
  facet normal 0 -0 -1
    outer loop
      vertex -24.7912 93.4137 0
      vertex -17.8588 91.4566 0
      vertex -25 93.4 0
    endloop
  endfacet
  facet normal 0 0 -1
    outer loop
      vertex -18.25 92.25 0
      vertex -23.4137 94.7912 0
      vertex -23.4 95 0
    endloop
  endfacet
  facet normal 0 0 -1
    outer loop
      vertex -18.25 92.25 0
      vertex -23.4545 94.5859 0
      vertex -23.4137 94.7912 0
    endloop
  endfacet
  facet normal 0 0 -1
    outer loop
      vertex -18.25 92.25 0
      vertex -23.5218 94.3877 0
      vertex -23.4545 94.5859 0
    endloop
  endfacet
  facet normal 0 0 -1
    outer loop
      vertex -18.25 92.25 0
      vertex -23.6143 94.2 0
      vertex -23.5218 94.3877 0
    endloop
  endfacet
  facet normal 0 0 -1
    outer loop
      vertex -18.25 92.25 0
      vertex -23.7306 94.026 0
      vertex -23.6143 94.2 0
    endloop
  endfacet
  facet normal 0 0 -1
    outer loop
      vertex -18.2414 92.1195 0
      vertex -23.8686 93.8686 0
      vertex -23.7306 94.026 0
    endloop
  endfacet
  facet normal 0 0 -1
    outer loop
      vertex -18.2159 91.9912 0
      vertex -24.026 93.7306 0
      vertex -23.8686 93.8686 0
    endloop
  endfacet
  facet normal 0 0 -1
    outer loop
      vertex -18.1739 91.8673 0
      vertex -24.2 93.6144 0
      vertex -24.026 93.7306 0
    endloop
  endfacet
  facet normal 0 0 -1
    outer loop
      vertex -18.116 91.75 0
      vertex -24.2 93.6144 0
      vertex -18.1739 91.8673 0
    endloop
  endfacet
  facet normal 0 -0 -1
    outer loop
      vertex -24.2 93.6144 0
      vertex -18.116 91.75 0
      vertex -24.3877 93.5218 0
    endloop
  endfacet
  facet normal 0 0 -1
    outer loop
      vertex -18.0434 91.6412 0
      vertex -24.3877 93.5218 0
      vertex -18.116 91.75 0
    endloop
  endfacet
  facet normal 0 -0 -1
    outer loop
      vertex -24.3877 93.5218 0
      vertex -18.0434 91.6412 0
      vertex -24.5859 93.4545 0
    endloop
  endfacet
  facet normal 0 0 -1
    outer loop
      vertex -17.9571 91.5429 0
      vertex -24.5859 93.4545 0
      vertex -18.0434 91.6412 0
    endloop
  endfacet
  facet normal 0 -0 -1
    outer loop
      vertex -24.5859 93.4545 0
      vertex -17.9571 91.5429 0
      vertex -24.7912 93.4137 0
    endloop
  endfacet
  facet normal 0 0 -1
    outer loop
      vertex -25.2088 93.4137 0
      vertex -33.8173 93.612 0
      vertex -25.4141 93.4545 0
    endloop
  endfacet
  facet normal 0 -0 -1
    outer loop
      vertex -33.6377 93.6477 0
      vertex -25.4141 93.4545 0
      vertex -33.8173 93.612 0
    endloop
  endfacet
  facet normal 0 0 -1
    outer loop
      vertex -25.4141 93.4545 0
      vertex -33.6377 93.6477 0
      vertex -25.6123 93.5218 0
    endloop
  endfacet
  facet normal 0 -0 -1
    outer loop
      vertex -33.4642 93.7066 0
      vertex -25.6123 93.5218 0
      vertex -33.6377 93.6477 0
    endloop
  endfacet
  facet normal 0 0 -1
    outer loop
      vertex -25.6123 93.5218 0
      vertex -33.4642 93.7066 0
      vertex -25.8 93.6144 0
    endloop
  endfacet
  facet normal 0 -0 -1
    outer loop
      vertex -33.3 93.7876 0
      vertex -25.8 93.6144 0
      vertex -33.4642 93.7066 0
    endloop
  endfacet
  facet normal 0 0 -1
    outer loop
      vertex -25.8 93.6144 0
      vertex -33.3 93.7876 0
      vertex -25.974 93.7306 0
    endloop
  endfacet
  facet normal 0 0 -1
    outer loop
      vertex -26.5863 94.7912 0
      vertex -32.6 95 0
      vertex -26.6 95 0
    endloop
  endfacet
  facet normal 0 0 -1
    outer loop
      vertex -32.6477 94.6377 0
      vertex -26.5863 94.7912 0
      vertex -26.5455 94.5859 0
    endloop
  endfacet
  facet normal 0 0 -1
    outer loop
      vertex -32.7066 94.4642 0
      vertex -26.5455 94.5859 0
      vertex -26.4782 94.3877 0
    endloop
  endfacet
  facet normal 0 -0 -1
    outer loop
      vertex -33.1477 93.8893 0
      vertex -25.974 93.7306 0
      vertex -33.3 93.7876 0
    endloop
  endfacet
  facet normal 0 0 -1
    outer loop
      vertex -26.5863 94.7912 0
      vertex -32.612 94.8173 0
      vertex -32.6 95 0
    endloop
  endfacet
  facet normal -0 0 -1
    outer loop
      vertex -26.5863 94.7912 0
      vertex -32.6477 94.6377 0
      vertex -32.612 94.8173 0
    endloop
  endfacet
  facet normal -0 0 -1
    outer loop
      vertex -26.5455 94.5859 0
      vertex -32.7066 94.4642 0
      vertex -32.6477 94.6377 0
    endloop
  endfacet
  facet normal -0 0 -1
    outer loop
      vertex -26.4782 94.3877 0
      vertex -32.7876 94.3 0
      vertex -32.7066 94.4642 0
    endloop
  endfacet
  facet normal 0 0 -1
    outer loop
      vertex -26.3856 94.2 0
      vertex -32.7876 94.3 0
      vertex -26.4782 94.3877 0
    endloop
  endfacet
  facet normal 0 -0 -1
    outer loop
      vertex -32.7876 94.3 0
      vertex -26.3856 94.2 0
      vertex -32.8893 94.1477 0
    endloop
  endfacet
  facet normal 0 0 -1
    outer loop
      vertex -26.2694 94.026 0
      vertex -32.8893 94.1477 0
      vertex -26.3856 94.2 0
    endloop
  endfacet
  facet normal 0 -0 -1
    outer loop
      vertex -32.8893 94.1477 0
      vertex -26.2694 94.026 0
      vertex -33.0101 94.0101 0
    endloop
  endfacet
  facet normal 0 0 -1
    outer loop
      vertex -26.1314 93.8686 0
      vertex -33.0101 94.0101 0
      vertex -26.2694 94.026 0
    endloop
  endfacet
  facet normal 0 -0 -1
    outer loop
      vertex -33.0101 94.0101 0
      vertex -26.1314 93.8686 0
      vertex -33.1477 93.8893 0
    endloop
  endfacet
  facet normal 0 0 -1
    outer loop
      vertex -25.974 93.7306 0
      vertex -33.1477 93.8893 0
      vertex -26.1314 93.8686 0
    endloop
  endfacet
  facet normal 0 0 -1
    outer loop
      vertex -17.8588 91.4566 0
      vertex -24.7912 93.4137 0
      vertex -17.9571 91.5429 0
    endloop
  endfacet
  facet normal -0 -0 -1
    outer loop
      vertex -25 93.4 0
      vertex -17.75 91.384 0
      vertex -25.2088 93.4137 0
    endloop
  endfacet
  facet normal 0 0 -1
    outer loop
      vertex -2.75 62.5877 0
      vertex -41.1118 92.8011 0
      vertex -34 93.6 0
    endloop
  endfacet
  facet normal 0 -0 -1
    outer loop
      vertex -40.926 92.8642 0
      vertex -34.1827 93.612 0
      vertex -41.1118 92.8011 0
    endloop
  endfacet
  facet normal -0 0 -1
    outer loop
      vertex -34.1827 93.612 0
      vertex -40.926 92.8642 0
      vertex -34.3624 93.6477 0
    endloop
  endfacet
  facet normal 0 -0 -1
    outer loop
      vertex -40.75 92.951 0
      vertex -34.3624 93.6477 0
      vertex -40.926 92.8642 0
    endloop
  endfacet
  facet normal -0 0 -1
    outer loop
      vertex -34.3624 93.6477 0
      vertex -40.75 92.951 0
      vertex -34.5358 93.7066 0
    endloop
  endfacet
  facet normal 0 -0 -1
    outer loop
      vertex -40.5869 93.06 0
      vertex -34.5358 93.7066 0
      vertex -40.75 92.951 0
    endloop
  endfacet
  facet normal -0 0 -1
    outer loop
      vertex -34.5358 93.7066 0
      vertex -40.5869 93.06 0
      vertex -34.7 93.7876 0
    endloop
  endfacet
  facet normal -0 0 -1
    outer loop
      vertex -35.388 94.8173 0
      vertex -40 94.25 0
      vertex -35.4 95 0
    endloop
  endfacet
  facet normal -0 0 -1
    outer loop
      vertex -35.3523 94.6377 0
      vertex -40 94.25 0
      vertex -35.388 94.8173 0
    endloop
  endfacet
  facet normal 0 0 -1
    outer loop
      vertex -40.0128 94.0542 0
      vertex -35.3523 94.6377 0
      vertex -35.2934 94.4642 0
    endloop
  endfacet
  facet normal 0 0 -1
    outer loop
      vertex -40.0511 93.8618 0
      vertex -35.2934 94.4642 0
      vertex -35.2124 94.3 0
    endloop
  endfacet
  facet normal 0 -0 -1
    outer loop
      vertex -40.4393 93.1893 0
      vertex -34.7 93.7876 0
      vertex -40.5869 93.06 0
    endloop
  endfacet
  facet normal 0 0 -1
    outer loop
      vertex -35.3523 94.6377 0
      vertex -40.0128 94.0542 0
      vertex -40 94.25 0
    endloop
  endfacet
  facet normal 0 0 -1
    outer loop
      vertex -35.2934 94.4642 0
      vertex -40.0511 93.8618 0
      vertex -40.0128 94.0542 0
    endloop
  endfacet
  facet normal 0 0 -1
    outer loop
      vertex -35.2124 94.3 0
      vertex -40.1142 93.676 0
      vertex -40.0511 93.8618 0
    endloop
  endfacet
  facet normal -0 0 -1
    outer loop
      vertex -35.1107 94.1477 0
      vertex -40.1142 93.676 0
      vertex -35.2124 94.3 0
    endloop
  endfacet
  facet normal 0 -0 -1
    outer loop
      vertex -40.1142 93.676 0
      vertex -35.1107 94.1477 0
      vertex -40.201 93.5 0
    endloop
  endfacet
  facet normal -0 0 -1
    outer loop
      vertex -34.99 94.0101 0
      vertex -40.201 93.5 0
      vertex -35.1107 94.1477 0
    endloop
  endfacet
  facet normal 0 -0 -1
    outer loop
      vertex -40.201 93.5 0
      vertex -34.99 94.0101 0
      vertex -40.31 93.3369 0
    endloop
  endfacet
  facet normal -0 0 -1
    outer loop
      vertex -34.8523 93.8893 0
      vertex -40.31 93.3369 0
      vertex -34.99 94.0101 0
    endloop
  endfacet
  facet normal 0 -0 -1
    outer loop
      vertex -40.31 93.3369 0
      vertex -34.8523 93.8893 0
      vertex -40.4393 93.1893 0
    endloop
  endfacet
  facet normal -0 0 -1
    outer loop
      vertex -34.7 93.7876 0
      vertex -40.4393 93.1893 0
      vertex -34.8523 93.8893 0
    endloop
  endfacet
  facet normal -0 0 -1
    outer loop
      vertex -34 93.6 0
      vertex -41.1118 92.8011 0
      vertex -34.1827 93.612 0
    endloop
  endfacet
  facet normal 0 0 -1
    outer loop
      vertex -2.75 59.4123 0
      vertex -41.5 92.75 0
      vertex -41.3042 92.7628 0
    endloop
  endfacet
  facet normal 0 0 -1
    outer loop
      vertex -2.75 59.4123 0
      vertex -48.5 92.75 0
      vertex -41.5 92.75 0
    endloop
  endfacet
  facet normal 0 0 -1
    outer loop
      vertex -2.75 59.4123 0
      vertex -48.6958 92.7628 0
      vertex -48.5 92.75 0
    endloop
  endfacet
  facet normal 0 0 -1
    outer loop
      vertex -2.75 59.4123 0
      vertex -72.9912 91.0341 0
      vertex -48.6958 92.7628 0
    endloop
  endfacet
  facet normal -0 0 -1
    outer loop
      vertex -48.6958 92.7628 0
      vertex -72.9912 91.0341 0
      vertex -48.8882 92.8011 0
    endloop
  endfacet
  facet normal 0 -0 -1
    outer loop
      vertex -56 93.6 0
      vertex -48.8882 92.8011 0
      vertex -72.9912 91.0341 0
    endloop
  endfacet
  facet normal 0 -0 -1
    outer loop
      vertex -55.8173 93.612 0
      vertex -48.8882 92.8011 0
      vertex -56 93.6 0
    endloop
  endfacet
  facet normal 0 0 -1
    outer loop
      vertex -48.8882 92.8011 0
      vertex -55.8173 93.612 0
      vertex -49.074 92.8642 0
    endloop
  endfacet
  facet normal 0 -0 -1
    outer loop
      vertex -55.6376 93.6477 0
      vertex -49.074 92.8642 0
      vertex -55.8173 93.612 0
    endloop
  endfacet
  facet normal 0 0 -1
    outer loop
      vertex -50 94.25 0
      vertex -54.6 95 0
      vertex -50 95.75 0
    endloop
  endfacet
  facet normal 0 0 -1
    outer loop
      vertex -54.6477 94.6377 0
      vertex -50 94.25 0
      vertex -49.9872 94.0542 0
    endloop
  endfacet
  facet normal 0 0 -1
    outer loop
      vertex -54.7066 94.4642 0
      vertex -49.9872 94.0542 0
      vertex -49.9489 93.8618 0
    endloop
  endfacet
  facet normal 0 0 -1
    outer loop
      vertex -54.7876 94.3 0
      vertex -49.9489 93.8618 0
      vertex -49.8858 93.676 0
    endloop
  endfacet
  facet normal 0 0 -1
    outer loop
      vertex -54.8893 94.1477 0
      vertex -49.8858 93.676 0
      vertex -49.799 93.5 0
    endloop
  endfacet
  facet normal 0 0 -1
    outer loop
      vertex -55.01 94.0101 0
      vertex -49.799 93.5 0
      vertex -49.69 93.3369 0
    endloop
  endfacet
  facet normal 0 0 -1
    outer loop
      vertex -49.074 92.8642 0
      vertex -55.6376 93.6477 0
      vertex -49.25 92.951 0
    endloop
  endfacet
  facet normal 0 0 -1
    outer loop
      vertex -50 94.25 0
      vertex -54.612 94.8173 0
      vertex -54.6 95 0
    endloop
  endfacet
  facet normal 0 0 -1
    outer loop
      vertex -50 94.25 0
      vertex -54.6477 94.6377 0
      vertex -54.612 94.8173 0
    endloop
  endfacet
  facet normal 0 0 -1
    outer loop
      vertex -49.9872 94.0542 0
      vertex -54.7066 94.4642 0
      vertex -54.6477 94.6377 0
    endloop
  endfacet
  facet normal 0 0 -1
    outer loop
      vertex -49.9489 93.8618 0
      vertex -54.7876 94.3 0
      vertex -54.7066 94.4642 0
    endloop
  endfacet
  facet normal 0 0 -1
    outer loop
      vertex -49.8858 93.676 0
      vertex -54.8893 94.1477 0
      vertex -54.7876 94.3 0
    endloop
  endfacet
  facet normal 0 0 -1
    outer loop
      vertex -49.799 93.5 0
      vertex -55.01 94.0101 0
      vertex -54.8893 94.1477 0
    endloop
  endfacet
  facet normal 0 0 -1
    outer loop
      vertex -49.69 93.3369 0
      vertex -55.1477 93.8893 0
      vertex -55.01 94.0101 0
    endloop
  endfacet
  facet normal 0 0 -1
    outer loop
      vertex -49.5607 93.1893 0
      vertex -55.1477 93.8893 0
      vertex -49.69 93.3369 0
    endloop
  endfacet
  facet normal 0 -0 -1
    outer loop
      vertex -55.1477 93.8893 0
      vertex -49.5607 93.1893 0
      vertex -55.3 93.7876 0
    endloop
  endfacet
  facet normal 0 0 -1
    outer loop
      vertex -49.4131 93.06 0
      vertex -55.3 93.7876 0
      vertex -49.5607 93.1893 0
    endloop
  endfacet
  facet normal 0 -0 -1
    outer loop
      vertex -55.3 93.7876 0
      vertex -49.4131 93.06 0
      vertex -55.4642 93.7066 0
    endloop
  endfacet
  facet normal 0 0 -1
    outer loop
      vertex -49.25 92.951 0
      vertex -55.4642 93.7066 0
      vertex -49.4131 93.06 0
    endloop
  endfacet
  facet normal 0 -0 -1
    outer loop
      vertex -55.4642 93.7066 0
      vertex -49.25 92.951 0
      vertex -55.6376 93.6477 0
    endloop
  endfacet
  facet normal 0 -0 -1
    outer loop
      vertex -72.8673 91.0761 0
      vertex -56 93.6 0
      vertex -72.9912 91.0341 0
    endloop
  endfacet
  facet normal -0 0 -1
    outer loop
      vertex -56 93.6 0
      vertex -72.8673 91.0761 0
      vertex -56.1827 93.612 0
    endloop
  endfacet
  facet normal 0 -0 -1
    outer loop
      vertex -64.7912 93.4137 0
      vertex -56.1827 93.612 0
      vertex -72.8673 91.0761 0
    endloop
  endfacet
  facet normal 0 -0 -1
    outer loop
      vertex -64.5859 93.4545 0
      vertex -56.1827 93.612 0
      vertex -64.7912 93.4137 0
    endloop
  endfacet
  facet normal -0 0 -1
    outer loop
      vertex -56.1827 93.612 0
      vertex -64.5859 93.4545 0
      vertex -56.3623 93.6477 0
    endloop
  endfacet
  facet normal 0 -0 -1
    outer loop
      vertex -64.3877 93.5218 0
      vertex -56.3623 93.6477 0
      vertex -64.5859 93.4545 0
    endloop
  endfacet
  facet normal 0 0 -1
    outer loop
      vertex -57.388 94.8173 0
      vertex -63.4 95 0
      vertex -57.4 95 0
    endloop
  endfacet
  facet normal 0 0 -1
    outer loop
      vertex -63.4137 94.7912 0
      vertex -57.388 94.8173 0
      vertex -57.3523 94.6377 0
    endloop
  endfacet
  facet normal 0 0 -1
    outer loop
      vertex -63.4545 94.5859 0
      vertex -57.3523 94.6377 0
      vertex -57.2934 94.4642 0
    endloop
  endfacet
  facet normal 0 0 -1
    outer loop
      vertex -63.5218 94.3877 0
      vertex -57.2934 94.4642 0
      vertex -57.2124 94.3 0
    endloop
  endfacet
  facet normal 0 0 -1
    outer loop
      vertex -63.6144 94.2 0
      vertex -57.2124 94.3 0
      vertex -57.1107 94.1477 0
    endloop
  endfacet
  facet normal -0 0 -1
    outer loop
      vertex -56.3623 93.6477 0
      vertex -64.3877 93.5218 0
      vertex -56.5358 93.7066 0
    endloop
  endfacet
  facet normal -0 0 -1
    outer loop
      vertex -57.388 94.8173 0
      vertex -63.4137 94.7912 0
      vertex -63.4 95 0
    endloop
  endfacet
  facet normal -0 0 -1
    outer loop
      vertex -57.3523 94.6377 0
      vertex -63.4545 94.5859 0
      vertex -63.4137 94.7912 0
    endloop
  endfacet
  facet normal -0 0 -1
    outer loop
      vertex -57.2934 94.4642 0
      vertex -63.5218 94.3877 0
      vertex -63.4545 94.5859 0
    endloop
  endfacet
  facet normal -0 0 -1
    outer loop
      vertex -57.2124 94.3 0
      vertex -63.6144 94.2 0
      vertex -63.5218 94.3877 0
    endloop
  endfacet
  facet normal -0 0 -1
    outer loop
      vertex -57.1107 94.1477 0
      vertex -63.7306 94.026 0
      vertex -63.6144 94.2 0
    endloop
  endfacet
  facet normal 0 0 -1
    outer loop
      vertex -56.9899 94.0101 0
      vertex -63.7306 94.026 0
      vertex -57.1107 94.1477 0
    endloop
  endfacet
  facet normal 0 -0 -1
    outer loop
      vertex -63.7306 94.026 0
      vertex -56.9899 94.0101 0
      vertex -63.8686 93.8686 0
    endloop
  endfacet
  facet normal -0 0 -1
    outer loop
      vertex -56.8523 93.8893 0
      vertex -63.8686 93.8686 0
      vertex -56.9899 94.0101 0
    endloop
  endfacet
  facet normal 0 -0 -1
    outer loop
      vertex -63.8686 93.8686 0
      vertex -56.8523 93.8893 0
      vertex -64.026 93.7306 0
    endloop
  endfacet
  facet normal -0 0 -1
    outer loop
      vertex -56.7 93.7876 0
      vertex -64.026 93.7306 0
      vertex -56.8523 93.8893 0
    endloop
  endfacet
  facet normal -0 0 -1
    outer loop
      vertex -56.5358 93.7066 0
      vertex -64.2 93.6144 0
      vertex -56.7 93.7876 0
    endloop
  endfacet
  facet normal 0 -0 -1
    outer loop
      vertex -64.026 93.7306 0
      vertex -56.7 93.7876 0
      vertex -64.2 93.6144 0
    endloop
  endfacet
  facet normal 0 -0 -1
    outer loop
      vertex -72.75 91.134 0
      vertex -64.7912 93.4137 0
      vertex -72.8673 91.0761 0
    endloop
  endfacet
  facet normal 0 0 -1
    outer loop
      vertex -64.7912 93.4137 0
      vertex -72.75 91.134 0
      vertex -65 93.4 0
    endloop
  endfacet
  facet normal 0 -0 -1
    outer loop
      vertex -72.6412 91.2066 0
      vertex -65 93.4 0
      vertex -72.75 91.134 0
    endloop
  endfacet
  facet normal -0 0 -1
    outer loop
      vertex -65 93.4 0
      vertex -72.6412 91.2066 0
      vertex -65.2088 93.4137 0
    endloop
  endfacet
  facet normal 0 -0 -1
    outer loop
      vertex -72.5429 91.2929 0
      vertex -65.2088 93.4137 0
      vertex -72.6412 91.2066 0
    endloop
  endfacet
  facet normal -0 0 -1
    outer loop
      vertex -65.2088 93.4137 0
      vertex -72.5429 91.2929 0
      vertex -65.4141 93.4545 0
    endloop
  endfacet
  facet normal 0 0 -1
    outer loop
      vertex -41.5 97.25 0
      vertex -68.3145 127.778 0
      vertex -68.3 128 0
    endloop
  endfacet
  facet normal 0 0 -1
    outer loop
      vertex -66.5863 95.2088 0
      vertex -68.3579 127.56 0
      vertex -68.3145 127.778 0
    endloop
  endfacet
  facet normal 0 0 -1
    outer loop
      vertex -66.5863 95.2088 0
      vertex -68.4294 127.349 0
      vertex -68.3579 127.56 0
    endloop
  endfacet
  facet normal 0 0 -1
    outer loop
      vertex -66.5863 95.2088 0
      vertex -68.5278 127.15 0
      vertex -68.4294 127.349 0
    endloop
  endfacet
  facet normal 0 0 -1
    outer loop
      vertex -66.5863 95.2088 0
      vertex -68.6513 126.965 0
      vertex -68.5278 127.15 0
    endloop
  endfacet
  facet normal 0 0 -1
    outer loop
      vertex -66.5863 95.2088 0
      vertex -68.7979 126.798 0
      vertex -68.6513 126.965 0
    endloop
  endfacet
  facet normal 0 0 -1
    outer loop
      vertex -72.25 92 0
      vertex -66.6 95 0
      vertex -66.5863 94.7912 0
    endloop
  endfacet
  facet normal 0 0 -1
    outer loop
      vertex -66.5863 95.2088 0
      vertex -68.9651 126.651 0
      vertex -68.7979 126.798 0
    endloop
  endfacet
  facet normal 0 0 -1
    outer loop
      vertex -66.5863 95.2088 0
      vertex -69.15 126.528 0
      vertex -68.9651 126.651 0
    endloop
  endfacet
  facet normal 0 0 -1
    outer loop
      vertex -66.5863 95.2088 0
      vertex -72.5429 98.7071 0
      vertex -69.15 126.528 0
    endloop
  endfacet
  facet normal 0 0 -1
    outer loop
      vertex -72.6412 98.7934 0
      vertex -69.15 126.528 0
      vertex -72.5429 98.7071 0
    endloop
  endfacet
  facet normal 0 0 -1
    outer loop
      vertex -69.15 126.528 0
      vertex -72.6412 98.7934 0
      vertex -69.3494 126.429 0
    endloop
  endfacet
  facet normal 0 0 -1
    outer loop
      vertex -72.75 98.866 0
      vertex -69.3494 126.429 0
      vertex -72.6412 98.7934 0
    endloop
  endfacet
  facet normal 0 0 -1
    outer loop
      vertex -69.3494 126.429 0
      vertex -72.75 98.866 0
      vertex -69.56 126.358 0
    endloop
  endfacet
  facet normal 0 0 -1
    outer loop
      vertex -72.8673 98.9239 0
      vertex -69.56 126.358 0
      vertex -72.75 98.866 0
    endloop
  endfacet
  facet normal 0 0 -1
    outer loop
      vertex -69.56 126.358 0
      vertex -72.8673 98.9239 0
      vertex -69.7781 126.315 0
    endloop
  endfacet
  facet normal 0 0 -1
    outer loop
      vertex -72.9912 98.9659 0
      vertex -69.7781 126.315 0
      vertex -72.8673 98.9239 0
    endloop
  endfacet
  facet normal 0 0 -1
    outer loop
      vertex -69.7781 126.315 0
      vertex -72.9912 98.9659 0
      vertex -70 126.3 0
    endloop
  endfacet
  facet normal 0 0 -1
    outer loop
      vertex -73.1195 98.9914 0
      vertex -70 126.3 0
      vertex -72.9912 98.9659 0
    endloop
  endfacet
  facet normal -0 0 -1
    outer loop
      vertex -70 126.3 0
      vertex -73.1195 98.9914 0
      vertex -70.2219 126.315 0
    endloop
  endfacet
  facet normal 0 0 -1
    outer loop
      vertex -73.25 99 0
      vertex -70.2219 126.315 0
      vertex -73.1195 98.9914 0
    endloop
  endfacet
  facet normal -0 0 -1
    outer loop
      vertex -70.2219 126.315 0
      vertex -73.25 99 0
      vertex -70.44 126.358 0
    endloop
  endfacet
  facet normal -0 0 -1
    outer loop
      vertex -70.44 126.358 0
      vertex -73.25 99 0
      vertex -70.6506 126.429 0
    endloop
  endfacet
  facet normal -0 0 -1
    outer loop
      vertex -70.6506 126.429 0
      vertex -73.25 99 0
      vertex -70.85 126.528 0
    endloop
  endfacet
  facet normal 0 0 -1
    outer loop
      vertex -66.5863 95.2088 0
      vertex -72.25 98 0
      vertex -72.2586 98.1305 0
    endloop
  endfacet
  facet normal -0 0 -1
    outer loop
      vertex -66.6 95 0
      vertex -72.25 92 0
      vertex -72.25 98 0
    endloop
  endfacet
  facet normal -0 0 -1
    outer loop
      vertex -66.5455 94.5859 0
      vertex -72.25 92 0
      vertex -66.5863 94.7912 0
    endloop
  endfacet
  facet normal -0 0 -1
    outer loop
      vertex -66.4782 94.3877 0
      vertex -72.25 92 0
      vertex -66.5455 94.5859 0
    endloop
  endfacet
  facet normal -0 0 -1
    outer loop
      vertex -66.3857 94.2 0
      vertex -72.25 92 0
      vertex -66.4782 94.3877 0
    endloop
  endfacet
  facet normal -0 0 -1
    outer loop
      vertex -66.2694 94.026 0
      vertex -72.25 92 0
      vertex -66.3857 94.2 0
    endloop
  endfacet
  facet normal 0 0 -1
    outer loop
      vertex -72.2586 91.8695 0
      vertex -66.2694 94.026 0
      vertex -66.1314 93.8686 0
    endloop
  endfacet
  facet normal -0 0 -1
    outer loop
      vertex -65.4141 93.4545 0
      vertex -72.4566 91.3912 0
      vertex -65.6123 93.5218 0
    endloop
  endfacet
  facet normal 0 0 -1
    outer loop
      vertex -66.2694 94.026 0
      vertex -72.2586 91.8695 0
      vertex -72.25 92 0
    endloop
  endfacet
  facet normal 0 0 -1
    outer loop
      vertex -66.1314 93.8686 0
      vertex -72.2841 91.7412 0
      vertex -72.2586 91.8695 0
    endloop
  endfacet
  facet normal -0 0 -1
    outer loop
      vertex -65.974 93.7306 0
      vertex -72.2841 91.7412 0
      vertex -66.1314 93.8686 0
    endloop
  endfacet
  facet normal 0 -0 -1
    outer loop
      vertex -72.2841 91.7412 0
      vertex -65.974 93.7306 0
      vertex -72.3261 91.6173 0
    endloop
  endfacet
  facet normal -0 0 -1
    outer loop
      vertex -65.8 93.6144 0
      vertex -72.3261 91.6173 0
      vertex -65.974 93.7306 0
    endloop
  endfacet
  facet normal 0 -0 -1
    outer loop
      vertex -72.3261 91.6173 0
      vertex -65.8 93.6144 0
      vertex -72.384 91.5 0
    endloop
  endfacet
  facet normal -0 0 -1
    outer loop
      vertex -65.6123 93.5218 0
      vertex -72.384 91.5 0
      vertex -65.8 93.6144 0
    endloop
  endfacet
  facet normal 0 -0 -1
    outer loop
      vertex -72.384 91.5 0
      vertex -65.6123 93.5218 0
      vertex -72.4566 91.3912 0
    endloop
  endfacet
  facet normal 0 -0 -1
    outer loop
      vertex -72.4566 91.3912 0
      vertex -65.4141 93.4545 0
      vertex -72.5429 91.2929 0
    endloop
  endfacet
  facet normal 0 -0 -1
    outer loop
      vertex -64.2 93.6144 0
      vertex -56.5358 93.7066 0
      vertex -64.3877 93.5218 0
    endloop
  endfacet
  facet normal 0 0 -1
    outer loop
      vertex -2.75 59.4123 0
      vertex -73.1195 91.0086 0
      vertex -72.9912 91.0341 0
    endloop
  endfacet
  facet normal 0 0 -1
    outer loop
      vertex 10 10 0
      vertex -73.25 91 0
      vertex -73.1195 91.0086 0
    endloop
  endfacet
  facet normal 0 0 -1
    outer loop
      vertex 10 10 0
      vertex -86.75 91 0
      vertex -73.25 91 0
    endloop
  endfacet
  facet normal 0 0 -1
    outer loop
      vertex -189 10 0
      vertex -86.75 91 0
      vertex 10 10 0
    endloop
  endfacet
  facet normal -0 0 -1
    outer loop
      vertex -86.75 91 0
      vertex -189 10 0
      vertex -86.8805 91.0086 0
    endloop
  endfacet
  facet normal 0 -0 -1
    outer loop
      vertex -113.119 91.0086 0
      vertex -86.8805 91.0086 0
      vertex -189 10 0
    endloop
  endfacet
  facet normal 0 0 -1
    outer loop
      vertex -86.8805 91.0086 0
      vertex -113.119 91.0086 0
      vertex -87.0088 91.0341 0
    endloop
  endfacet
  facet normal 0 -0 -1
    outer loop
      vertex -112.991 91.0341 0
      vertex -87.0088 91.0341 0
      vertex -113.119 91.0086 0
    endloop
  endfacet
  facet normal 0 0 -1
    outer loop
      vertex -87.75 92 0
      vertex -93.4 95 0
      vertex -87.75 98 0
    endloop
  endfacet
  facet normal 0 0 -1
    outer loop
      vertex -93.7306 94.026 0
      vertex -87.75 92 0
      vertex -87.7414 91.8695 0
    endloop
  endfacet
  facet normal 0 0 -1
    outer loop
      vertex -93.8686 93.8686 0
      vertex -87.7414 91.8695 0
      vertex -87.7159 91.7412 0
    endloop
  endfacet
  facet normal 0 0 -1
    outer loop
      vertex -94.026 93.7306 0
      vertex -87.7159 91.7412 0
      vertex -87.6739 91.6173 0
    endloop
  endfacet
  facet normal 0 0 -1
    outer loop
      vertex -94.2 93.6144 0
      vertex -87.6739 91.6173 0
      vertex -87.616 91.5 0
    endloop
  endfacet
  facet normal 0 0 -1
    outer loop
      vertex -94.3877 93.5218 0
      vertex -87.616 91.5 0
      vertex -87.5434 91.3912 0
    endloop
  endfacet
  facet normal 0 0 -1
    outer loop
      vertex -94.5859 93.4545 0
      vertex -87.5434 91.3912 0
      vertex -87.4571 91.2929 0
    endloop
  endfacet
  facet normal 0 0 -1
    outer loop
      vertex -94.7912 93.4137 0
      vertex -87.4571 91.2929 0
      vertex -87.3588 91.2066 0
    endloop
  endfacet
  facet normal 0 0 -1
    outer loop
      vertex -87.0088 91.0341 0
      vertex -112.991 91.0341 0
      vertex -87.1327 91.0761 0
    endloop
  endfacet
  facet normal 0 0 -1
    outer loop
      vertex -87.75 92 0
      vertex -93.4137 94.7912 0
      vertex -93.4 95 0
    endloop
  endfacet
  facet normal 0 0 -1
    outer loop
      vertex -87.75 92 0
      vertex -93.4545 94.5859 0
      vertex -93.4137 94.7912 0
    endloop
  endfacet
  facet normal 0 0 -1
    outer loop
      vertex -87.75 92 0
      vertex -93.5218 94.3877 0
      vertex -93.4545 94.5859 0
    endloop
  endfacet
  facet normal 0 0 -1
    outer loop
      vertex -87.75 92 0
      vertex -93.6143 94.2 0
      vertex -93.5218 94.3877 0
    endloop
  endfacet
  facet normal 0 0 -1
    outer loop
      vertex -87.75 92 0
      vertex -93.7306 94.026 0
      vertex -93.6143 94.2 0
    endloop
  endfacet
  facet normal 0 0 -1
    outer loop
      vertex -87.7414 91.8695 0
      vertex -93.8686 93.8686 0
      vertex -93.7306 94.026 0
    endloop
  endfacet
  facet normal 0 0 -1
    outer loop
      vertex -87.7159 91.7412 0
      vertex -94.026 93.7306 0
      vertex -93.8686 93.8686 0
    endloop
  endfacet
  facet normal 0 0 -1
    outer loop
      vertex -87.6739 91.6173 0
      vertex -94.2 93.6144 0
      vertex -94.026 93.7306 0
    endloop
  endfacet
  facet normal 0 0 -1
    outer loop
      vertex -87.616 91.5 0
      vertex -94.3877 93.5218 0
      vertex -94.2 93.6144 0
    endloop
  endfacet
  facet normal 0 0 -1
    outer loop
      vertex -87.5434 91.3912 0
      vertex -94.5859 93.4545 0
      vertex -94.3877 93.5218 0
    endloop
  endfacet
  facet normal 0 0 -1
    outer loop
      vertex -87.4571 91.2929 0
      vertex -94.7912 93.4137 0
      vertex -94.5859 93.4545 0
    endloop
  endfacet
  facet normal 0 0 -1
    outer loop
      vertex -87.3588 91.2066 0
      vertex -95 93.4 0
      vertex -94.7912 93.4137 0
    endloop
  endfacet
  facet normal 0 -0 -1
    outer loop
      vertex -112.867 91.0761 0
      vertex -87.1327 91.0761 0
      vertex -112.991 91.0341 0
    endloop
  endfacet
  facet normal 0 0 -1
    outer loop
      vertex -87.1327 91.0761 0
      vertex -95.2088 93.4137 0
      vertex -87.25 91.134 0
    endloop
  endfacet
  facet normal 0 0 -1
    outer loop
      vertex -87.25 91.134 0
      vertex -95 93.4 0
      vertex -87.3588 91.2066 0
    endloop
  endfacet
  facet normal 0 -0 -1
    outer loop
      vertex -104.791 93.4137 0
      vertex -95.2088 93.4137 0
      vertex -112.867 91.0761 0
    endloop
  endfacet
  facet normal 0 0 -1
    outer loop
      vertex -95.2088 93.4137 0
      vertex -104.791 93.4137 0
      vertex -95.4141 93.4545 0
    endloop
  endfacet
  facet normal 0 0 -1
    outer loop
      vertex -96.5863 94.7912 0
      vertex -103.4 95 0
      vertex -96.6 95 0
    endloop
  endfacet
  facet normal 0 0 -1
    outer loop
      vertex -103.414 94.7912 0
      vertex -96.5863 94.7912 0
      vertex -96.5455 94.5859 0
    endloop
  endfacet
  facet normal 0 0 -1
    outer loop
      vertex -103.455 94.5859 0
      vertex -96.5455 94.5859 0
      vertex -96.4782 94.3877 0
    endloop
  endfacet
  facet normal 0 0 -1
    outer loop
      vertex -103.522 94.3877 0
      vertex -96.4782 94.3877 0
      vertex -96.3856 94.2 0
    endloop
  endfacet
  facet normal 0 0 -1
    outer loop
      vertex -103.614 94.2 0
      vertex -96.3856 94.2 0
      vertex -96.2694 94.026 0
    endloop
  endfacet
  facet normal 0 0 -1
    outer loop
      vertex -103.731 94.026 0
      vertex -96.2694 94.026 0
      vertex -96.1314 93.8686 0
    endloop
  endfacet
  facet normal 0 0 -1
    outer loop
      vertex -103.869 93.8686 0
      vertex -96.1314 93.8686 0
      vertex -95.974 93.7306 0
    endloop
  endfacet
  facet normal 0 -0 -1
    outer loop
      vertex -104.586 93.4545 0
      vertex -95.4141 93.4545 0
      vertex -104.791 93.4137 0
    endloop
  endfacet
  facet normal 0 0 -1
    outer loop
      vertex -96.5863 94.7912 0
      vertex -103.414 94.7912 0
      vertex -103.4 95 0
    endloop
  endfacet
  facet normal 0 0 -1
    outer loop
      vertex -96.5455 94.5859 0
      vertex -103.455 94.5859 0
      vertex -103.414 94.7912 0
    endloop
  endfacet
  facet normal 0 0 -1
    outer loop
      vertex -96.4782 94.3877 0
      vertex -103.522 94.3877 0
      vertex -103.455 94.5859 0
    endloop
  endfacet
  facet normal 0 0 -1
    outer loop
      vertex -96.3856 94.2 0
      vertex -103.614 94.2 0
      vertex -103.522 94.3877 0
    endloop
  endfacet
  facet normal 0 0 -1
    outer loop
      vertex -96.2694 94.026 0
      vertex -103.731 94.026 0
      vertex -103.614 94.2 0
    endloop
  endfacet
  facet normal 0 0 -1
    outer loop
      vertex -96.1314 93.8686 0
      vertex -103.869 93.8686 0
      vertex -103.731 94.026 0
    endloop
  endfacet
  facet normal 0 0 -1
    outer loop
      vertex -95.974 93.7306 0
      vertex -104.026 93.7306 0
      vertex -103.869 93.8686 0
    endloop
  endfacet
  facet normal -0 0 -1
    outer loop
      vertex -95.974 93.7306 0
      vertex -104.2 93.6144 0
      vertex -104.026 93.7306 0
    endloop
  endfacet
  facet normal 0 0 -1
    outer loop
      vertex -95.8 93.6144 0
      vertex -104.2 93.6144 0
      vertex -95.974 93.7306 0
    endloop
  endfacet
  facet normal 0 -0 -1
    outer loop
      vertex -104.2 93.6144 0
      vertex -95.8 93.6144 0
      vertex -104.388 93.5218 0
    endloop
  endfacet
  facet normal 0 -0 -1
    outer loop
      vertex -104.388 93.5218 0
      vertex -95.6123 93.5218 0
      vertex -104.586 93.4545 0
    endloop
  endfacet
  facet normal 0 0 -1
    outer loop
      vertex -95.6123 93.5218 0
      vertex -104.388 93.5218 0
      vertex -95.8 93.6144 0
    endloop
  endfacet
  facet normal 0 -0 -1
    outer loop
      vertex -112.75 91.134 0
      vertex -104.791 93.4137 0
      vertex -112.867 91.0761 0
    endloop
  endfacet
  facet normal 0 0 -1
    outer loop
      vertex -104.791 93.4137 0
      vertex -112.75 91.134 0
      vertex -105 93.4 0
    endloop
  endfacet
  facet normal 0 -0 -1
    outer loop
      vertex -112.641 91.2066 0
      vertex -105 93.4 0
      vertex -112.75 91.134 0
    endloop
  endfacet
  facet normal -0 0 -1
    outer loop
      vertex -105 93.4 0
      vertex -112.641 91.2066 0
      vertex -105.209 93.4137 0
    endloop
  endfacet
  facet normal 0 -0 -1
    outer loop
      vertex -112.543 91.2929 0
      vertex -105.209 93.4137 0
      vertex -112.641 91.2066 0
    endloop
  endfacet
  facet normal -0 0 -1
    outer loop
      vertex -106.586 94.7912 0
      vertex -112.25 92 0
      vertex -106.6 95 0
    endloop
  endfacet
  facet normal -0 0 -1
    outer loop
      vertex -106.545 94.5859 0
      vertex -112.25 92 0
      vertex -106.586 94.7912 0
    endloop
  endfacet
  facet normal -0 0 -1
    outer loop
      vertex -106.478 94.3877 0
      vertex -112.25 92 0
      vertex -106.545 94.5859 0
    endloop
  endfacet
  facet normal -0 0 -1
    outer loop
      vertex -106.386 94.2 0
      vertex -112.25 92 0
      vertex -106.478 94.3877 0
    endloop
  endfacet
  facet normal -0 0 -1
    outer loop
      vertex -106.269 94.026 0
      vertex -112.25 92 0
      vertex -106.386 94.2 0
    endloop
  endfacet
  facet normal 0 0 -1
    outer loop
      vertex -112.259 91.8695 0
      vertex -106.269 94.026 0
      vertex -106.131 93.8686 0
    endloop
  endfacet
  facet normal 0 0 -1
    outer loop
      vertex -112.284 91.7412 0
      vertex -106.131 93.8686 0
      vertex -105.974 93.7306 0
    endloop
  endfacet
  facet normal -0 0 -1
    outer loop
      vertex -105.209 93.4137 0
      vertex -112.543 91.2929 0
      vertex -105.414 93.4545 0
    endloop
  endfacet
  facet normal 0 0 -1
    outer loop
      vertex -106.269 94.026 0
      vertex -112.259 91.8695 0
      vertex -112.25 92 0
    endloop
  endfacet
  facet normal 0 0 -1
    outer loop
      vertex -106.131 93.8686 0
      vertex -112.284 91.7412 0
      vertex -112.259 91.8695 0
    endloop
  endfacet
  facet normal 0 0 -1
    outer loop
      vertex -105.974 93.7306 0
      vertex -112.326 91.6173 0
      vertex -112.284 91.7412 0
    endloop
  endfacet
  facet normal -0 0 -1
    outer loop
      vertex -105.8 93.6144 0
      vertex -112.326 91.6173 0
      vertex -105.974 93.7306 0
    endloop
  endfacet
  facet normal 0 -0 -1
    outer loop
      vertex -112.326 91.6173 0
      vertex -105.8 93.6144 0
      vertex -112.384 91.5 0
    endloop
  endfacet
  facet normal -0 0 -1
    outer loop
      vertex -105.612 93.5218 0
      vertex -112.384 91.5 0
      vertex -105.8 93.6144 0
    endloop
  endfacet
  facet normal 0 -0 -1
    outer loop
      vertex -112.384 91.5 0
      vertex -105.612 93.5218 0
      vertex -112.457 91.3912 0
    endloop
  endfacet
  facet normal -0 0 -1
    outer loop
      vertex -105.414 93.4545 0
      vertex -112.457 91.3912 0
      vertex -105.612 93.5218 0
    endloop
  endfacet
  facet normal 0 -0 -1
    outer loop
      vertex -112.457 91.3912 0
      vertex -105.414 93.4545 0
      vertex -112.543 91.2929 0
    endloop
  endfacet
  facet normal 0 0 -1
    outer loop
      vertex -95.4141 93.4545 0
      vertex -104.586 93.4545 0
      vertex -95.6123 93.5218 0
    endloop
  endfacet
  facet normal -0 -0 -1
    outer loop
      vertex -95 93.4 0
      vertex -87.25 91.134 0
      vertex -95.2088 93.4137 0
    endloop
  endfacet
  facet normal 0 -0 -1
    outer loop
      vertex -95.2088 93.4137 0
      vertex -87.1327 91.0761 0
      vertex -112.867 91.0761 0
    endloop
  endfacet
  facet normal 0 0 -1
    outer loop
      vertex -113.119 91.0086 0
      vertex -189 10 0
      vertex -113.25 91 0
    endloop
  endfacet
  facet normal -0 0 -1
    outer loop
      vertex -113.25 91 0
      vertex -189 10 0
      vertex -126.75 91 0
    endloop
  endfacet
  facet normal -0 0 -1
    outer loop
      vertex -126.75 91 0
      vertex -189 10 0
      vertex -126.881 91.0086 0
    endloop
  endfacet
  facet normal -0 0 -1
    outer loop
      vertex -126.881 91.0086 0
      vertex -189 10 0
      vertex -127.009 91.0341 0
    endloop
  endfacet
  facet normal -0 0 -1
    outer loop
      vertex -127.009 91.0341 0
      vertex -189 10 0
      vertex -127.133 91.0761 0
    endloop
  endfacet
  facet normal 0 0 -1
    outer loop
      vertex -127.75 92 0
      vertex -133.4 95 0
      vertex -127.75 98 0
    endloop
  endfacet
  facet normal 0 0 -1
    outer loop
      vertex -133.731 94.026 0
      vertex -127.75 92 0
      vertex -127.741 91.8695 0
    endloop
  endfacet
  facet normal 0 0 -1
    outer loop
      vertex -133.869 93.8686 0
      vertex -127.741 91.8695 0
      vertex -127.716 91.7412 0
    endloop
  endfacet
  facet normal 0 0 -1
    outer loop
      vertex -134.026 93.7306 0
      vertex -127.716 91.7412 0
      vertex -127.674 91.6173 0
    endloop
  endfacet
  facet normal 0 0 -1
    outer loop
      vertex -134.2 93.6144 0
      vertex -127.674 91.6173 0
      vertex -127.616 91.5 0
    endloop
  endfacet
  facet normal 0 0 -1
    outer loop
      vertex -134.388 93.5218 0
      vertex -127.616 91.5 0
      vertex -127.543 91.3912 0
    endloop
  endfacet
  facet normal 0 0 -1
    outer loop
      vertex -134.586 93.4545 0
      vertex -127.543 91.3912 0
      vertex -127.457 91.2929 0
    endloop
  endfacet
  facet normal 0 0 -1
    outer loop
      vertex -134.791 93.4137 0
      vertex -127.457 91.2929 0
      vertex -127.359 91.2066 0
    endloop
  endfacet
  facet normal 0 0 -1
    outer loop
      vertex -135 93.4 0
      vertex -127.359 91.2066 0
      vertex -127.25 91.134 0
    endloop
  endfacet
  facet normal 0 0 -1
    outer loop
      vertex -127.75 92 0
      vertex -133.414 94.7912 0
      vertex -133.4 95 0
    endloop
  endfacet
  facet normal 0 0 -1
    outer loop
      vertex -127.75 92 0
      vertex -133.455 94.5859 0
      vertex -133.414 94.7912 0
    endloop
  endfacet
  facet normal 0 -0 -1
    outer loop
      vertex -135.209 93.4137 0
      vertex -127.133 91.0761 0
      vertex -189 10 0
    endloop
  endfacet
  facet normal 0 0 -1
    outer loop
      vertex -127.75 92 0
      vertex -133.522 94.3877 0
      vertex -133.455 94.5859 0
    endloop
  endfacet
  facet normal 0 0 -1
    outer loop
      vertex -127.75 92 0
      vertex -133.614 94.2 0
      vertex -133.522 94.3877 0
    endloop
  endfacet
  facet normal 0 0 -1
    outer loop
      vertex -127.75 92 0
      vertex -133.731 94.026 0
      vertex -133.614 94.2 0
    endloop
  endfacet
  facet normal 0 0 -1
    outer loop
      vertex -127.741 91.8695 0
      vertex -133.869 93.8686 0
      vertex -133.731 94.026 0
    endloop
  endfacet
  facet normal 0 0 -1
    outer loop
      vertex -127.716 91.7412 0
      vertex -134.026 93.7306 0
      vertex -133.869 93.8686 0
    endloop
  endfacet
  facet normal 0 0 -1
    outer loop
      vertex -127.674 91.6173 0
      vertex -134.2 93.6144 0
      vertex -134.026 93.7306 0
    endloop
  endfacet
  facet normal 0 0 -1
    outer loop
      vertex -127.616 91.5 0
      vertex -134.388 93.5218 0
      vertex -134.2 93.6144 0
    endloop
  endfacet
  facet normal 0 0 -1
    outer loop
      vertex -127.133 91.0761 0
      vertex -135.209 93.4137 0
      vertex -127.25 91.134 0
    endloop
  endfacet
  facet normal 0 0 -1
    outer loop
      vertex -127.543 91.3912 0
      vertex -134.586 93.4545 0
      vertex -134.388 93.5218 0
    endloop
  endfacet
  facet normal 0 0 -1
    outer loop
      vertex -127.457 91.2929 0
      vertex -134.791 93.4137 0
      vertex -134.586 93.4545 0
    endloop
  endfacet
  facet normal 0 0 -1
    outer loop
      vertex -127.359 91.2066 0
      vertex -135 93.4 0
      vertex -134.791 93.4137 0
    endloop
  endfacet
  facet normal 0 0 -1
    outer loop
      vertex -127.25 91.134 0
      vertex -135.209 93.4137 0
      vertex -135 93.4 0
    endloop
  endfacet
  facet normal -0 0 -1
    outer loop
      vertex -135.209 93.4137 0
      vertex -189 10 0
      vertex -135.414 93.4545 0
    endloop
  endfacet
  facet normal 0 -0 -1
    outer loop
      vertex -181.965 83.6513 0
      vertex -135.414 93.4545 0
      vertex -189 10 0
    endloop
  endfacet
  facet normal 0 0 -1
    outer loop
      vertex -113.25 99 0
      vertex -138.315 127.778 0
      vertex -138.3 128 0
    endloop
  endfacet
  facet normal 0 0 -1
    outer loop
      vertex -136.586 95.2088 0
      vertex -138.358 127.56 0
      vertex -138.315 127.778 0
    endloop
  endfacet
  facet normal 0 0 -1
    outer loop
      vertex -136.586 95.2088 0
      vertex -138.429 127.349 0
      vertex -138.358 127.56 0
    endloop
  endfacet
  facet normal 0 0 -1
    outer loop
      vertex -136.586 95.2088 0
      vertex -138.528 127.15 0
      vertex -138.429 127.349 0
    endloop
  endfacet
  facet normal 0 0 -1
    outer loop
      vertex -136.586 95.2088 0
      vertex -138.651 126.965 0
      vertex -138.528 127.15 0
    endloop
  endfacet
  facet normal 0 0 -1
    outer loop
      vertex -136.586 95.2088 0
      vertex -138.798 126.798 0
      vertex -138.651 126.965 0
    endloop
  endfacet
  facet normal 0 0 -1
    outer loop
      vertex -181.429 85.6506 0
      vertex -136.6 95 0
      vertex -136.586 94.7912 0
    endloop
  endfacet
  facet normal 0 0 -1
    outer loop
      vertex -136.586 95.2088 0
      vertex -138.965 126.651 0
      vertex -138.798 126.798 0
    endloop
  endfacet
  facet normal 0 0 -1
    outer loop
      vertex -136.586 95.2088 0
      vertex -139.15 126.528 0
      vertex -138.965 126.651 0
    endloop
  endfacet
  facet normal 0 0 -1
    outer loop
      vertex -136.586 95.2088 0
      vertex -139.349 126.429 0
      vertex -139.15 126.528 0
    endloop
  endfacet
  facet normal 0 0 -1
    outer loop
      vertex -136.586 95.2088 0
      vertex -139.56 126.358 0
      vertex -139.349 126.429 0
    endloop
  endfacet
  facet normal 0 0 -1
    outer loop
      vertex -136.586 95.2088 0
      vertex -139.778 126.315 0
      vertex -139.56 126.358 0
    endloop
  endfacet
  facet normal 0 0 -1
    outer loop
      vertex -136.586 95.2088 0
      vertex -140 126.3 0
      vertex -139.778 126.315 0
    endloop
  endfacet
  facet normal 0 0 -1
    outer loop
      vertex -136.586 95.2088 0
      vertex -140.222 126.315 0
      vertex -140 126.3 0
    endloop
  endfacet
  facet normal 0 0 -1
    outer loop
      vertex -136.586 95.2088 0
      vertex -140.44 126.358 0
      vertex -140.222 126.315 0
    endloop
  endfacet
  facet normal 0 0 -1
    outer loop
      vertex -136.586 95.2088 0
      vertex -140.651 126.429 0
      vertex -140.44 126.358 0
    endloop
  endfacet
  facet normal 0 0 -1
    outer loop
      vertex -136.586 95.2088 0
      vertex -140.85 126.528 0
      vertex -140.651 126.429 0
    endloop
  endfacet
  facet normal 0 0 -1
    outer loop
      vertex -136.586 95.2088 0
      vertex -141.035 126.651 0
      vertex -140.85 126.528 0
    endloop
  endfacet
  facet normal 0 0 -1
    outer loop
      vertex -136.586 95.2088 0
      vertex -141.202 126.798 0
      vertex -141.035 126.651 0
    endloop
  endfacet
  facet normal 0 0 -1
    outer loop
      vertex -136.586 95.2088 0
      vertex -174.5 133 0
      vertex -141.202 126.798 0
    endloop
  endfacet
  facet normal 0 0 -1
    outer loop
      vertex -141.202 126.798 0
      vertex -174.5 133 0
      vertex -141.349 126.965 0
    endloop
  endfacet
  facet normal 0 0 -1
    outer loop
      vertex -141.349 126.965 0
      vertex -174.5 133 0
      vertex -141.472 127.15 0
    endloop
  endfacet
  facet normal 0 0 -1
    outer loop
      vertex -141.472 127.15 0
      vertex -174.5 133 0
      vertex -141.571 127.349 0
    endloop
  endfacet
  facet normal 0 0 -1
    outer loop
      vertex -141.571 127.349 0
      vertex -174.5 133 0
      vertex -141.642 127.56 0
    endloop
  endfacet
  facet normal 0 0 -1
    outer loop
      vertex -141.685 127.778 0
      vertex -174.5 133 0
      vertex -141.7 128 0
    endloop
  endfacet
  facet normal 0 0 -1
    outer loop
      vertex -141.642 127.56 0
      vertex -174.5 133 0
      vertex -141.685 127.778 0
    endloop
  endfacet
  facet normal 0 0 -1
    outer loop
      vertex -181.358 85.44 0
      vertex -136.586 94.7912 0
      vertex -136.545 94.5859 0
    endloop
  endfacet
  facet normal 0 0 -1
    outer loop
      vertex -181.315 85.2219 0
      vertex -136.545 94.5859 0
      vertex -136.478 94.3877 0
    endloop
  endfacet
  facet normal 0 0 -1
    outer loop
      vertex -181.3 85 0
      vertex -136.478 94.3877 0
      vertex -136.386 94.2 0
    endloop
  endfacet
  facet normal 0 0 -1
    outer loop
      vertex -181.315 84.7781 0
      vertex -136.386 94.2 0
      vertex -136.269 94.026 0
    endloop
  endfacet
  facet normal 0 0 -1
    outer loop
      vertex -181.358 84.56 0
      vertex -136.269 94.026 0
      vertex -136.131 93.8686 0
    endloop
  endfacet
  facet normal -0 0 -1
    outer loop
      vertex -136.586 95.2088 0
      vertex -181.798 86.2021 0
      vertex -174.5 133 0
    endloop
  endfacet
  facet normal 0 0 -1
    outer loop
      vertex -181.965 86.3487 0
      vertex -174.5 133 0
      vertex -181.798 86.2021 0
    endloop
  endfacet
  facet normal 0 0 -1
    outer loop
      vertex -182.15 86.4722 0
      vertex -174.5 133 0
      vertex -181.965 86.3487 0
    endloop
  endfacet
  facet normal 0 0 -1
    outer loop
      vertex -181.429 84.3494 0
      vertex -136.131 93.8686 0
      vertex -135.974 93.7306 0
    endloop
  endfacet
  facet normal 0 0 -1
    outer loop
      vertex -136.478 94.3877 0
      vertex -181.3 85 0
      vertex -181.315 85.2219 0
    endloop
  endfacet
  facet normal 0 0 -1
    outer loop
      vertex -181.528 84.15 0
      vertex -135.974 93.7306 0
      vertex -135.8 93.6144 0
    endloop
  endfacet
  facet normal 0 -0 -1
    outer loop
      vertex -181.798 83.7979 0
      vertex -135.414 93.4545 0
      vertex -181.965 83.6513 0
    endloop
  endfacet
  facet normal 0 0 -1
    outer loop
      vertex -136.386 94.2 0
      vertex -181.315 84.7781 0
      vertex -181.3 85 0
    endloop
  endfacet
  facet normal 0 0 -1
    outer loop
      vertex -136.269 94.026 0
      vertex -181.358 84.56 0
      vertex -181.315 84.7781 0
    endloop
  endfacet
  facet normal 0 0 -1
    outer loop
      vertex -136.131 93.8686 0
      vertex -181.429 84.3494 0
      vertex -181.358 84.56 0
    endloop
  endfacet
  facet normal 0 0 -1
    outer loop
      vertex -135.974 93.7306 0
      vertex -181.528 84.15 0
      vertex -181.429 84.3494 0
    endloop
  endfacet
  facet normal -0 0 -1
    outer loop
      vertex -135.414 93.4545 0
      vertex -181.798 83.7979 0
      vertex -135.612 93.5218 0
    endloop
  endfacet
  facet normal 0 0 -1
    outer loop
      vertex -135.8 93.6144 0
      vertex -181.651 83.9651 0
      vertex -181.528 84.15 0
    endloop
  endfacet
  facet normal -0 0 -1
    outer loop
      vertex -135.612 93.5218 0
      vertex -181.651 83.9651 0
      vertex -135.8 93.6144 0
    endloop
  endfacet
  facet normal 0 -0 -1
    outer loop
      vertex -181.651 83.9651 0
      vertex -135.612 93.5218 0
      vertex -181.798 83.7979 0
    endloop
  endfacet
  facet normal 0 0 -1
    outer loop
      vertex -181.965 83.6513 0
      vertex -189 10 0
      vertex -182.15 83.5278 0
    endloop
  endfacet
  facet normal 0 0 -1
    outer loop
      vertex -182.15 83.5278 0
      vertex -189 10 0
      vertex -182.349 83.4294 0
    endloop
  endfacet
  facet normal 0 0 -1
    outer loop
      vertex -182.349 83.4294 0
      vertex -189 10 0
      vertex -182.56 83.3579 0
    endloop
  endfacet
  facet normal 0 0 -1
    outer loop
      vertex -182.56 83.3579 0
      vertex -189 10 0
      vertex -182.778 83.3145 0
    endloop
  endfacet
  facet normal 0 0 -1
    outer loop
      vertex -182.778 83.3145 0
      vertex -189 10 0
      vertex -183 83.3 0
    endloop
  endfacet
  facet normal -0 0 -1
    outer loop
      vertex -183 83.3 0
      vertex -189 10 0
      vertex -183.222 83.3145 0
    endloop
  endfacet
  facet normal -0 0 -1
    outer loop
      vertex -183.222 83.3145 0
      vertex -189 10 0
      vertex -183.44 83.3579 0
    endloop
  endfacet
  facet normal 0 0 -1
    outer loop
      vertex -180.049 131.896 0
      vertex -186.004 127.327 0
      vertex -184.753 128.753 0
    endloop
  endfacet
  facet normal 0 0 -1
    outer loop
      vertex -184.685 85.2219 0
      vertex -189 118.5 0
      vertex -186.004 127.327 0
    endloop
  endfacet
  facet normal 0 0 -1
    outer loop
      vertex -186.004 127.327 0
      vertex -189 118.5 0
      vertex -187.057 125.75 0
    endloop
  endfacet
  facet normal 0 0 -1
    outer loop
      vertex -189 118.5 0
      vertex -184.7 85 0
      vertex -184.685 84.7781 0
    endloop
  endfacet
  facet normal 0 0 -1
    outer loop
      vertex -187.057 125.75 0
      vertex -189 118.5 0
      vertex -187.896 124.049 0
    endloop
  endfacet
  facet normal 0 0 -1
    outer loop
      vertex -187.896 124.049 0
      vertex -189 118.5 0
      vertex -188.506 122.253 0
    endloop
  endfacet
  facet normal -0 0 -1
    outer loop
      vertex -183.44 83.3579 0
      vertex -189 10 0
      vertex -183.651 83.4294 0
    endloop
  endfacet
  facet normal 0 0 -1
    outer loop
      vertex -189 10 0
      vertex -183.85 83.5278 0
      vertex -183.651 83.4294 0
    endloop
  endfacet
  facet normal 0 0 -1
    outer loop
      vertex -189 10 0
      vertex -184.035 83.6513 0
      vertex -183.85 83.5278 0
    endloop
  endfacet
  facet normal 0 0 -1
    outer loop
      vertex -189 10 0
      vertex -184.202 83.7979 0
      vertex -184.035 83.6513 0
    endloop
  endfacet
  facet normal 0 0 -1
    outer loop
      vertex -189 10 0
      vertex -184.349 83.9651 0
      vertex -184.202 83.7979 0
    endloop
  endfacet
  facet normal 0 0 -1
    outer loop
      vertex -189 10 0
      vertex -184.472 84.15 0
      vertex -184.349 83.9651 0
    endloop
  endfacet
  facet normal 0 0 -1
    outer loop
      vertex -189 10 0
      vertex -184.571 84.3494 0
      vertex -184.472 84.15 0
    endloop
  endfacet
  facet normal 0 0 -1
    outer loop
      vertex -189 10 0
      vertex -184.642 84.56 0
      vertex -184.571 84.3494 0
    endloop
  endfacet
  facet normal 0 0 -1
    outer loop
      vertex -189 10 0
      vertex -184.685 84.7781 0
      vertex -184.642 84.56 0
    endloop
  endfacet
  facet normal 0 0 -1
    outer loop
      vertex -189 118.5 0
      vertex -184.685 84.7781 0
      vertex -189 10 0
    endloop
  endfacet
  facet normal 0 0 -1
    outer loop
      vertex -188.506 122.253 0
      vertex -189 118.5 0
      vertex -188.876 120.393 0
    endloop
  endfacet
  facet normal 0 0 -1
    outer loop
      vertex 6.5863 95.2088 0
      vertex 10 133 0
      vertex 6.59999 95 0
    endloop
  endfacet
  facet normal 0 0 -1
    outer loop
      vertex 6.54547 95.4141 0
      vertex 10 133 0
      vertex 6.5863 95.2088 0
    endloop
  endfacet
  facet normal 0 0 -1
    outer loop
      vertex 6.4782 95.6123 0
      vertex 10 133 0
      vertex 6.54547 95.4141 0
    endloop
  endfacet
  facet normal 0 0 -1
    outer loop
      vertex 6.38564 95.8 0
      vertex 10 133 0
      vertex 6.4782 95.6123 0
    endloop
  endfacet
  facet normal 0 0 -1
    outer loop
      vertex 6.26936 95.974 0
      vertex 10 133 0
      vertex 6.38564 95.8 0
    endloop
  endfacet
  facet normal 0 0 -1
    outer loop
      vertex 6.13136 96.1314 0
      vertex 10 133 0
      vertex 6.26936 95.974 0
    endloop
  endfacet
  facet normal 0 0 -1
    outer loop
      vertex 5.97401 96.2694 0
      vertex 10 133 0
      vertex 6.13136 96.1314 0
    endloop
  endfacet
  facet normal 0 0 -1
    outer loop
      vertex 5.79999 96.3856 0
      vertex 10 133 0
      vertex 5.97401 96.2694 0
    endloop
  endfacet
  facet normal 0 0 -1
    outer loop
      vertex 1.68546 127.778 0
      vertex 5.79999 96.3856 0
      vertex 5.61229 96.4782 0
    endloop
  endfacet
  facet normal 0 0 -1
    outer loop
      vertex 1.68546 127.778 0
      vertex 5.61229 96.4782 0
      vertex 5.41411 96.5455 0
    endloop
  endfacet
  facet normal 0 0 -1
    outer loop
      vertex 1.68546 127.778 0
      vertex 5.41411 96.5455 0
      vertex 5.20883 96.5863 0
    endloop
  endfacet
  facet normal 0 0 -1
    outer loop
      vertex 1.68546 127.778 0
      vertex 5.20883 96.5863 0
      vertex 5 96.6 0
    endloop
  endfacet
  facet normal 0 0 -1
    outer loop
      vertex 1.68546 127.778 0
      vertex 5 96.6 0
      vertex 4.79115 96.5863 0
    endloop
  endfacet
  facet normal 0 0 -1
    outer loop
      vertex 1.68546 127.778 0
      vertex 4.79115 96.5863 0
      vertex 4.58588 96.5455 0
    endloop
  endfacet
  facet normal 0 0 -1
    outer loop
      vertex 1.68546 127.778 0
      vertex 4.58588 96.5455 0
      vertex 4.3877 96.4782 0
    endloop
  endfacet
  facet normal 0 0 -1
    outer loop
      vertex 1.68546 127.778 0
      vertex 4.3877 96.4782 0
      vertex 4.2 96.3856 0
    endloop
  endfacet
  facet normal 0 0 -1
    outer loop
      vertex 1.68546 127.778 0
      vertex 4.2 96.3856 0
      vertex 4.02597 96.2694 0
    endloop
  endfacet
  facet normal 0 0 -1
    outer loop
      vertex 1.68546 127.778 0
      vertex 4.02597 96.2694 0
      vertex 3.86862 96.1314 0
    endloop
  endfacet
  facet normal 0 0 -1
    outer loop
      vertex 1.68546 127.778 0
      vertex 3.86862 96.1314 0
      vertex 3.73062 95.974 0
    endloop
  endfacet
  facet normal 0 0 -1
    outer loop
      vertex 1.68546 127.778 0
      vertex 3.73062 95.974 0
      vertex 3.61435 95.8 0
    endloop
  endfacet
  facet normal 0 0 -1
    outer loop
      vertex 1.68546 127.778 0
      vertex 3.61435 95.8 0
      vertex 3.52179 95.6123 0
    endloop
  endfacet
  facet normal 0 0 -1
    outer loop
      vertex 1.68546 127.778 0
      vertex 3.52179 95.6123 0
      vertex 3.45451 95.4141 0
    endloop
  endfacet
  facet normal 0 0 -1
    outer loop
      vertex 1.68546 127.778 0
      vertex 3.45451 95.4141 0
      vertex 3.41368 95.2088 0
    endloop
  endfacet
  facet normal -0 0 -1
    outer loop
      vertex 4.02597 93.7306 0
      vertex -1.78407 91.9912 0
      vertex 3.86862 93.8686 0
    endloop
  endfacet
  facet normal 0 -0 -1
    outer loop
      vertex -1.75856 92.1195 0
      vertex 3.86862 93.8686 0
      vertex -1.78407 91.9912 0
    endloop
  endfacet
  facet normal 0 0 -1
    outer loop
      vertex 1.68546 127.778 0
      vertex 3.41368 95.2088 0
      vertex 3.39999 95 0
    endloop
  endfacet
  facet normal 0 0 -1
    outer loop
      vertex 1.68546 127.778 0
      vertex 10 133 0
      vertex 5.79999 96.3856 0
    endloop
  endfacet
  facet normal 0 0 -1
    outer loop
      vertex 1.68546 128.222 0
      vertex 10 133 0
      vertex 1.7 128 0
    endloop
  endfacet
  facet normal 0 0 -1
    outer loop
      vertex 1.64207 128.44 0
      vertex 10 133 0
      vertex 1.68546 128.222 0
    endloop
  endfacet
  facet normal 0 0 -1
    outer loop
      vertex 1.57059 128.651 0
      vertex 10 133 0
      vertex 1.64207 128.44 0
    endloop
  endfacet
  facet normal 0 0 -1
    outer loop
      vertex 1.47224 128.85 0
      vertex 10 133 0
      vertex 1.57059 128.651 0
    endloop
  endfacet
  facet normal 0 0 -1
    outer loop
      vertex 1.3487 129.035 0
      vertex 10 133 0
      vertex 1.47224 128.85 0
    endloop
  endfacet
  facet normal 0 0 -1
    outer loop
      vertex 1.20208 129.202 0
      vertex 10 133 0
      vertex 1.3487 129.035 0
    endloop
  endfacet
  facet normal 0 0 -1
    outer loop
      vertex 1.03489 129.349 0
      vertex 10 133 0
      vertex 1.20208 129.202 0
    endloop
  endfacet
  facet normal 0 0 -1
    outer loop
      vertex 0.849999 129.472 0
      vertex 10 133 0
      vertex 1.03489 129.349 0
    endloop
  endfacet
  facet normal 0 0 -1
    outer loop
      vertex 0.650561 129.571 0
      vertex 10 133 0
      vertex 0.849999 129.472 0
    endloop
  endfacet
  facet normal 0 0 -1
    outer loop
      vertex 0.439992 129.642 0
      vertex 10 133 0
      vertex 0.650561 129.571 0
    endloop
  endfacet
  facet normal 0 0 -1
    outer loop
      vertex 0.221894 129.685 0
      vertex 10 133 0
      vertex 0.439992 129.642 0
    endloop
  endfacet
  facet normal 0 0 -1
    outer loop
      vertex 0 129.7 0
      vertex 10 133 0
      vertex 0.221894 129.685 0
    endloop
  endfacet
  facet normal 0 0 -1
    outer loop
      vertex -0.221894 129.685 0
      vertex 10 133 0
      vertex 0 129.7 0
    endloop
  endfacet
  facet normal 0 0 -1
    outer loop
      vertex -0.439992 129.642 0
      vertex 10 133 0
      vertex -0.221894 129.685 0
    endloop
  endfacet
  facet normal -0 0 -1
    outer loop
      vertex 0 126.3 0
      vertex -2.61948 98.7414 0
      vertex -0.221894 126.315 0
    endloop
  endfacet
  facet normal 0 0 -1
    outer loop
      vertex -2.75 98.75 0
      vertex -0.221894 126.315 0
      vertex -2.61948 98.7414 0
    endloop
  endfacet
  facet normal -0 0 -1
    outer loop
      vertex -0.221894 126.315 0
      vertex -2.75 98.75 0
      vertex -0.439992 126.358 0
    endloop
  endfacet
  facet normal -0 0 -1
    outer loop
      vertex -0.439992 126.358 0
      vertex -2.75 98.75 0
      vertex -0.650561 126.429 0
    endloop
  endfacet
  facet normal -0 0 -1
    outer loop
      vertex -0.650561 126.429 0
      vertex -2.75 98.75 0
      vertex -0.849999 126.528 0
    endloop
  endfacet
  facet normal -0 0 -1
    outer loop
      vertex -0.849999 126.528 0
      vertex -2.75 98.75 0
      vertex -1.03489 126.651 0
    endloop
  endfacet
  facet normal 0 0 -1
    outer loop
      vertex -17.25 98.75 0
      vertex -1.03489 126.651 0
      vertex -2.75 98.75 0
    endloop
  endfacet
  facet normal -0 0 -1
    outer loop
      vertex -1.03489 126.651 0
      vertex -17.25 98.75 0
      vertex -1.20208 126.798 0
    endloop
  endfacet
  facet normal -0 0 -1
    outer loop
      vertex -1.20208 126.798 0
      vertex -17.25 98.75 0
      vertex -1.3487 126.965 0
    endloop
  endfacet
  facet normal -0 0 -1
    outer loop
      vertex -1.3487 126.965 0
      vertex -17.25 98.75 0
      vertex -1.47224 127.15 0
    endloop
  endfacet
  facet normal 0 0 -1
    outer loop
      vertex -17.3805 98.7414 0
      vertex -1.47224 127.15 0
      vertex -17.25 98.75 0
    endloop
  endfacet
  facet normal -0 0 -1
    outer loop
      vertex -1.47224 127.15 0
      vertex -17.3805 98.7414 0
      vertex -1.57059 127.349 0
    endloop
  endfacet
  facet normal 0 0 -1
    outer loop
      vertex -17.5088 98.7159 0
      vertex -1.57059 127.349 0
      vertex -17.3805 98.7414 0
    endloop
  endfacet
  facet normal -0 0 -1
    outer loop
      vertex -1.57059 127.349 0
      vertex -17.5088 98.7159 0
      vertex -1.64207 127.56 0
    endloop
  endfacet
  facet normal 0 0 -1
    outer loop
      vertex -17.6327 98.6739 0
      vertex -1.64207 127.56 0
      vertex -17.5088 98.7159 0
    endloop
  endfacet
  facet normal -0 0 -1
    outer loop
      vertex -1.64207 127.56 0
      vertex -17.6327 98.6739 0
      vertex -1.68546 127.778 0
    endloop
  endfacet
  facet normal 0 0 -1
    outer loop
      vertex -25.2088 96.5863 0
      vertex -1.68546 127.778 0
      vertex -17.6327 98.6739 0
    endloop
  endfacet
  facet normal 0 0 -1
    outer loop
      vertex -33.8173 96.388 0
      vertex -1.68546 127.778 0
      vertex -25.2088 96.5863 0
    endloop
  endfacet
  facet normal -0 0 -1
    outer loop
      vertex -1.68546 127.778 0
      vertex -33.8173 96.388 0
      vertex -1.7 128 0
    endloop
  endfacet
  facet normal 0 0 -1
    outer loop
      vertex -34 96.4 0
      vertex -1.7 128 0
      vertex -33.8173 96.388 0
    endloop
  endfacet
  facet normal 0 0 -1
    outer loop
      vertex -41.1118 97.1989 0
      vertex -1.7 128 0
      vertex -34 96.4 0
    endloop
  endfacet
  facet normal 0 0 -1
    outer loop
      vertex -25.2088 96.5863 0
      vertex -17.6327 98.6739 0
      vertex -17.75 98.616 0
    endloop
  endfacet
  facet normal 0 0 -1
    outer loop
      vertex -25 96.6 0
      vertex -17.75 98.616 0
      vertex -17.8588 98.5434 0
    endloop
  endfacet
  facet normal 0 0 -1
    outer loop
      vertex -24.7912 96.5863 0
      vertex -17.8588 98.5434 0
      vertex -17.9571 98.4571 0
    endloop
  endfacet
  facet normal 0 0 -1
    outer loop
      vertex -24.5859 96.5455 0
      vertex -17.9571 98.4571 0
      vertex -18.0434 98.3588 0
    endloop
  endfacet
  facet normal 0 0 -1
    outer loop
      vertex -24.3877 96.4782 0
      vertex -18.0434 98.3588 0
      vertex -18.116 98.25 0
    endloop
  endfacet
  facet normal 0 0 -1
    outer loop
      vertex -23.4137 95.2088 0
      vertex -18.25 97.75 0
      vertex -23.4 95 0
    endloop
  endfacet
  facet normal 0 0 -1
    outer loop
      vertex -23.4545 95.4141 0
      vertex -18.25 97.75 0
      vertex -23.4137 95.2088 0
    endloop
  endfacet
  facet normal 0 0 -1
    outer loop
      vertex -23.5218 95.6123 0
      vertex -18.25 97.75 0
      vertex -23.4545 95.4141 0
    endloop
  endfacet
  facet normal 0 0 -1
    outer loop
      vertex -23.6143 95.8 0
      vertex -18.25 97.75 0
      vertex -23.5218 95.6123 0
    endloop
  endfacet
  facet normal 0 0 -1
    outer loop
      vertex -23.7306 95.974 0
      vertex -18.25 97.75 0
      vertex -23.6143 95.8 0
    endloop
  endfacet
  facet normal -0 0 -1
    outer loop
      vertex -18.25 97.75 0
      vertex -23.7306 95.974 0
      vertex -18.2414 97.8805 0
    endloop
  endfacet
  facet normal 0 0 -1
    outer loop
      vertex -23.8686 96.1314 0
      vertex -18.2414 97.8805 0
      vertex -23.7306 95.974 0
    endloop
  endfacet
  facet normal -0 0 -1
    outer loop
      vertex -18.2414 97.8805 0
      vertex -23.8686 96.1314 0
      vertex -18.2159 98.0088 0
    endloop
  endfacet
  facet normal 0 0 -1
    outer loop
      vertex -24.026 96.2694 0
      vertex -18.2159 98.0088 0
      vertex -23.8686 96.1314 0
    endloop
  endfacet
  facet normal -0 0 -1
    outer loop
      vertex -18.2159 98.0088 0
      vertex -24.026 96.2694 0
      vertex -18.1739 98.1327 0
    endloop
  endfacet
  facet normal 0 0 -1
    outer loop
      vertex -24.2 96.3856 0
      vertex -18.1739 98.1327 0
      vertex -24.026 96.2694 0
    endloop
  endfacet
  facet normal -0 0 -1
    outer loop
      vertex -18.1739 98.1327 0
      vertex -24.2 96.3856 0
      vertex -18.116 98.25 0
    endloop
  endfacet
  facet normal 0 0 -1
    outer loop
      vertex -24.3877 96.4782 0
      vertex -18.116 98.25 0
      vertex -24.2 96.3856 0
    endloop
  endfacet
  facet normal 0 0 -1
    outer loop
      vertex -18.0434 98.3588 0
      vertex -24.3877 96.4782 0
      vertex -24.5859 96.5455 0
    endloop
  endfacet
  facet normal 0 0 -1
    outer loop
      vertex -17.9571 98.4571 0
      vertex -24.5859 96.5455 0
      vertex -24.7912 96.5863 0
    endloop
  endfacet
  facet normal 0 0 -1
    outer loop
      vertex -17.8588 98.5434 0
      vertex -24.7912 96.5863 0
      vertex -25 96.6 0
    endloop
  endfacet
  facet normal 0 0 -1
    outer loop
      vertex -17.75 98.616 0
      vertex -25 96.6 0
      vertex -25.2088 96.5863 0
    endloop
  endfacet
  facet normal 0 0 -1
    outer loop
      vertex -41.3042 97.2372 0
      vertex -1.7 128 0
      vertex -41.1118 97.1989 0
    endloop
  endfacet
  facet normal -0 0 -1
    outer loop
      vertex -1.7 128 0
      vertex -41.3042 97.2372 0
      vertex -1.68546 128.222 0
    endloop
  endfacet
  facet normal 0 0 -1
    outer loop
      vertex -33.8173 96.388 0
      vertex -25.2088 96.5863 0
      vertex -25.4141 96.5455 0
    endloop
  endfacet
  facet normal 0 0 -1
    outer loop
      vertex -33.6377 96.3523 0
      vertex -25.4141 96.5455 0
      vertex -25.6123 96.4782 0
    endloop
  endfacet
  facet normal 0 0 -1
    outer loop
      vertex -33.4642 96.2934 0
      vertex -25.6123 96.4782 0
      vertex -25.8 96.3856 0
    endloop
  endfacet
  facet normal 0 0 -1
    outer loop
      vertex -33.3 96.2124 0
      vertex -25.8 96.3856 0
      vertex -25.974 96.2694 0
    endloop
  endfacet
  facet normal 0 0 -1
    outer loop
      vertex -33.1477 96.1107 0
      vertex -25.974 96.2694 0
      vertex -26.1314 96.1314 0
    endloop
  endfacet
  facet normal 0 0 -1
    outer loop
      vertex -33.0101 95.9899 0
      vertex -26.1314 96.1314 0
      vertex -26.2694 95.974 0
    endloop
  endfacet
  facet normal 0 0 -1
    outer loop
      vertex -32.6 95 0
      vertex -26.5863 95.2088 0
      vertex -26.6 95 0
    endloop
  endfacet
  facet normal 0 0 -1
    outer loop
      vertex -32.612 95.1827 0
      vertex -26.5863 95.2088 0
      vertex -32.6 95 0
    endloop
  endfacet
  facet normal 0 0 -1
    outer loop
      vertex -32.6477 95.3623 0
      vertex -26.5863 95.2088 0
      vertex -32.612 95.1827 0
    endloop
  endfacet
  facet normal 0 0 -1
    outer loop
      vertex -26.5863 95.2088 0
      vertex -32.6477 95.3623 0
      vertex -26.5455 95.4141 0
    endloop
  endfacet
  facet normal 0 0 -1
    outer loop
      vertex -32.7066 95.5358 0
      vertex -26.5455 95.4141 0
      vertex -32.6477 95.3623 0
    endloop
  endfacet
  facet normal 0 0 -1
    outer loop
      vertex -26.5455 95.4141 0
      vertex -32.7066 95.5358 0
      vertex -26.4782 95.6123 0
    endloop
  endfacet
  facet normal 0 0 -1
    outer loop
      vertex -32.7876 95.7 0
      vertex -26.4782 95.6123 0
      vertex -32.7066 95.5358 0
    endloop
  endfacet
  facet normal 0 0 -1
    outer loop
      vertex -26.4782 95.6123 0
      vertex -32.7876 95.7 0
      vertex -26.3856 95.8 0
    endloop
  endfacet
  facet normal 0 0 -1
    outer loop
      vertex -32.8893 95.8523 0
      vertex -26.3856 95.8 0
      vertex -32.7876 95.7 0
    endloop
  endfacet
  facet normal 0 0 -1
    outer loop
      vertex -26.3856 95.8 0
      vertex -32.8893 95.8523 0
      vertex -26.2694 95.974 0
    endloop
  endfacet
  facet normal 0 0 -1
    outer loop
      vertex -33.0101 95.9899 0
      vertex -26.2694 95.974 0
      vertex -32.8893 95.8523 0
    endloop
  endfacet
  facet normal 0 0 -1
    outer loop
      vertex -26.1314 96.1314 0
      vertex -33.0101 95.9899 0
      vertex -33.1477 96.1107 0
    endloop
  endfacet
  facet normal 0 0 -1
    outer loop
      vertex -25.974 96.2694 0
      vertex -33.1477 96.1107 0
      vertex -33.3 96.2124 0
    endloop
  endfacet
  facet normal 0 0 -1
    outer loop
      vertex -25.8 96.3856 0
      vertex -33.3 96.2124 0
      vertex -33.4642 96.2934 0
    endloop
  endfacet
  facet normal 0 0 -1
    outer loop
      vertex -25.6123 96.4782 0
      vertex -33.4642 96.2934 0
      vertex -33.6377 96.3523 0
    endloop
  endfacet
  facet normal 0 0 -1
    outer loop
      vertex -25.4141 96.5455 0
      vertex -33.6377 96.3523 0
      vertex -33.8173 96.388 0
    endloop
  endfacet
  facet normal 0 0 -1
    outer loop
      vertex -68.3 128 0
      vertex -1.68546 128.222 0
      vertex -41.3042 97.2372 0
    endloop
  endfacet
  facet normal 0 0 -1
    outer loop
      vertex -68.3145 128.222 0
      vertex -1.68546 128.222 0
      vertex -68.3 128 0
    endloop
  endfacet
  facet normal 0 0 -1
    outer loop
      vertex -1.68546 128.222 0
      vertex -68.3145 128.222 0
      vertex -1.64207 128.44 0
    endloop
  endfacet
  facet normal 0 0 -1
    outer loop
      vertex -41.1118 97.1989 0
      vertex -34 96.4 0
      vertex -34.1827 96.388 0
    endloop
  endfacet
  facet normal 0 0 -1
    outer loop
      vertex -40.926 97.1358 0
      vertex -34.1827 96.388 0
      vertex -34.3624 96.3523 0
    endloop
  endfacet
  facet normal 0 0 -1
    outer loop
      vertex -40.75 97.049 0
      vertex -34.3624 96.3523 0
      vertex -34.5358 96.2934 0
    endloop
  endfacet
  facet normal 0 0 -1
    outer loop
      vertex -40.5869 96.94 0
      vertex -34.5358 96.2934 0
      vertex -34.7 96.2124 0
    endloop
  endfacet
  facet normal 0 0 -1
    outer loop
      vertex -40.4393 96.8107 0
      vertex -34.7 96.2124 0
      vertex -34.8523 96.1107 0
    endloop
  endfacet
  facet normal 0 0 -1
    outer loop
      vertex -40.31 96.6631 0
      vertex -34.8523 96.1107 0
      vertex -34.99 95.9899 0
    endloop
  endfacet
  facet normal 0 0 -1
    outer loop
      vertex -40 95.75 0
      vertex -35.4 95 0
      vertex -40 94.25 0
    endloop
  endfacet
  facet normal 0 0 -1
    outer loop
      vertex -35.4 95 0
      vertex -40 95.75 0
      vertex -35.388 95.1827 0
    endloop
  endfacet
  facet normal 0 0 -1
    outer loop
      vertex -35.388 95.1827 0
      vertex -40 95.75 0
      vertex -35.3523 95.3623 0
    endloop
  endfacet
  facet normal 0 0 -1
    outer loop
      vertex -40.0128 95.9458 0
      vertex -35.3523 95.3623 0
      vertex -40 95.75 0
    endloop
  endfacet
  facet normal 0 0 -1
    outer loop
      vertex -35.3523 95.3623 0
      vertex -40.0128 95.9458 0
      vertex -35.2934 95.5358 0
    endloop
  endfacet
  facet normal 0 0 -1
    outer loop
      vertex -40.0511 96.1382 0
      vertex -35.2934 95.5358 0
      vertex -40.0128 95.9458 0
    endloop
  endfacet
  facet normal 0 0 -1
    outer loop
      vertex -35.2934 95.5358 0
      vertex -40.0511 96.1382 0
      vertex -35.2124 95.7 0
    endloop
  endfacet
  facet normal 0 0 -1
    outer loop
      vertex -40.1142 96.324 0
      vertex -35.2124 95.7 0
      vertex -40.0511 96.1382 0
    endloop
  endfacet
  facet normal 0 0 -1
    outer loop
      vertex -35.2124 95.7 0
      vertex -40.1142 96.324 0
      vertex -35.1107 95.8523 0
    endloop
  endfacet
  facet normal 0 0 -1
    outer loop
      vertex -40.201 96.5 0
      vertex -35.1107 95.8523 0
      vertex -40.1142 96.324 0
    endloop
  endfacet
  facet normal 0 0 -1
    outer loop
      vertex -35.1107 95.8523 0
      vertex -40.201 96.5 0
      vertex -34.99 95.9899 0
    endloop
  endfacet
  facet normal 0 0 -1
    outer loop
      vertex -40.31 96.6631 0
      vertex -34.99 95.9899 0
      vertex -40.201 96.5 0
    endloop
  endfacet
  facet normal 0 0 -1
    outer loop
      vertex -34.8523 96.1107 0
      vertex -40.31 96.6631 0
      vertex -40.4393 96.8107 0
    endloop
  endfacet
  facet normal 0 0 -1
    outer loop
      vertex -34.7 96.2124 0
      vertex -40.4393 96.8107 0
      vertex -40.5869 96.94 0
    endloop
  endfacet
  facet normal 0 0 -1
    outer loop
      vertex -34.5358 96.2934 0
      vertex -40.5869 96.94 0
      vertex -40.75 97.049 0
    endloop
  endfacet
  facet normal 0 0 -1
    outer loop
      vertex -34.3624 96.3523 0
      vertex -40.75 97.049 0
      vertex -40.926 97.1358 0
    endloop
  endfacet
  facet normal 0 0 -1
    outer loop
      vertex -34.1827 96.388 0
      vertex -40.926 97.1358 0
      vertex -41.1118 97.1989 0
    endloop
  endfacet
  facet normal 0 0 -1
    outer loop
      vertex -68.3579 128.44 0
      vertex -1.64207 128.44 0
      vertex -68.3145 128.222 0
    endloop
  endfacet
  facet normal 0 0 -1
    outer loop
      vertex -1.64207 128.44 0
      vertex -68.3579 128.44 0
      vertex -1.57059 128.651 0
    endloop
  endfacet
  facet normal 0 0 -1
    outer loop
      vertex -68.4294 128.651 0
      vertex -1.57059 128.651 0
      vertex -68.3579 128.44 0
    endloop
  endfacet
  facet normal 0 0 -1
    outer loop
      vertex -68.3 128 0
      vertex -41.3042 97.2372 0
      vertex -41.5 97.25 0
    endloop
  endfacet
  facet normal 0 0 -1
    outer loop
      vertex -68.3145 127.778 0
      vertex -41.5 97.25 0
      vertex -48.5 97.25 0
    endloop
  endfacet
  facet normal 0 0 -1
    outer loop
      vertex -68.3145 127.778 0
      vertex -48.5 97.25 0
      vertex -48.6958 97.2372 0
    endloop
  endfacet
  facet normal 0 0 -1
    outer loop
      vertex -68.3145 127.778 0
      vertex -48.6958 97.2372 0
      vertex -48.8882 97.1989 0
    endloop
  endfacet
  facet normal 0 0 -1
    outer loop
      vertex -55.8173 96.388 0
      vertex -48.8882 97.1989 0
      vertex -49.074 97.1358 0
    endloop
  endfacet
  facet normal 0 0 -1
    outer loop
      vertex -55.6376 96.3523 0
      vertex -49.074 97.1358 0
      vertex -49.25 97.049 0
    endloop
  endfacet
  facet normal 0 0 -1
    outer loop
      vertex -55.4642 96.2934 0
      vertex -49.25 97.049 0
      vertex -49.4131 96.94 0
    endloop
  endfacet
  facet normal 0 0 -1
    outer loop
      vertex -54.612 95.1827 0
      vertex -50 95.75 0
      vertex -54.6 95 0
    endloop
  endfacet
  facet normal 0 0 -1
    outer loop
      vertex -54.6477 95.3623 0
      vertex -50 95.75 0
      vertex -54.612 95.1827 0
    endloop
  endfacet
  facet normal -0 0 -1
    outer loop
      vertex -50 95.75 0
      vertex -54.6477 95.3623 0
      vertex -49.9872 95.9458 0
    endloop
  endfacet
  facet normal 0 0 -1
    outer loop
      vertex -54.7066 95.5358 0
      vertex -49.9872 95.9458 0
      vertex -54.6477 95.3623 0
    endloop
  endfacet
  facet normal -0 0 -1
    outer loop
      vertex -49.9872 95.9458 0
      vertex -54.7066 95.5358 0
      vertex -49.9489 96.1382 0
    endloop
  endfacet
  facet normal 0 0 -1
    outer loop
      vertex -54.7876 95.7 0
      vertex -49.9489 96.1382 0
      vertex -54.7066 95.5358 0
    endloop
  endfacet
  facet normal -0 0 -1
    outer loop
      vertex -49.9489 96.1382 0
      vertex -54.7876 95.7 0
      vertex -49.8858 96.324 0
    endloop
  endfacet
  facet normal 0 0 -1
    outer loop
      vertex -54.8893 95.8523 0
      vertex -49.8858 96.324 0
      vertex -54.7876 95.7 0
    endloop
  endfacet
  facet normal -0 0 -1
    outer loop
      vertex -49.8858 96.324 0
      vertex -54.8893 95.8523 0
      vertex -49.799 96.5 0
    endloop
  endfacet
  facet normal 0 0 -1
    outer loop
      vertex -55.01 95.9899 0
      vertex -49.799 96.5 0
      vertex -54.8893 95.8523 0
    endloop
  endfacet
  facet normal -0 0 -1
    outer loop
      vertex -49.799 96.5 0
      vertex -55.01 95.9899 0
      vertex -49.69 96.6631 0
    endloop
  endfacet
  facet normal 0 0 -1
    outer loop
      vertex -55.1477 96.1107 0
      vertex -49.69 96.6631 0
      vertex -55.01 95.9899 0
    endloop
  endfacet
  facet normal -0 0 -1
    outer loop
      vertex -49.69 96.6631 0
      vertex -55.1477 96.1107 0
      vertex -49.5607 96.8107 0
    endloop
  endfacet
  facet normal 0 0 -1
    outer loop
      vertex -55.3 96.2124 0
      vertex -49.5607 96.8107 0
      vertex -55.1477 96.1107 0
    endloop
  endfacet
  facet normal -0 0 -1
    outer loop
      vertex -49.5607 96.8107 0
      vertex -55.3 96.2124 0
      vertex -49.4131 96.94 0
    endloop
  endfacet
  facet normal 0 0 -1
    outer loop
      vertex -1.57059 128.651 0
      vertex -68.4294 128.651 0
      vertex -1.47224 128.85 0
    endloop
  endfacet
  facet normal 0 0 -1
    outer loop
      vertex -55.4642 96.2934 0
      vertex -49.4131 96.94 0
      vertex -55.3 96.2124 0
    endloop
  endfacet
  facet normal 0 0 -1
    outer loop
      vertex -49.25 97.049 0
      vertex -55.4642 96.2934 0
      vertex -55.6376 96.3523 0
    endloop
  endfacet
  facet normal 0 0 -1
    outer loop
      vertex -49.074 97.1358 0
      vertex -55.6376 96.3523 0
      vertex -55.8173 96.388 0
    endloop
  endfacet
  facet normal 0 0 -1
    outer loop
      vertex -68.3145 127.778 0
      vertex -48.8882 97.1989 0
      vertex -55.8173 96.388 0
    endloop
  endfacet
  facet normal 0 0 -1
    outer loop
      vertex -68.3145 127.778 0
      vertex -55.8173 96.388 0
      vertex -56 96.4 0
    endloop
  endfacet
  facet normal 0 0 -1
    outer loop
      vertex -68.3145 127.778 0
      vertex -56 96.4 0
      vertex -56.1827 96.388 0
    endloop
  endfacet
  facet normal 0 0 -1
    outer loop
      vertex -68.3145 127.778 0
      vertex -56.1827 96.388 0
      vertex -56.3623 96.3523 0
    endloop
  endfacet
  facet normal 0 0 -1
    outer loop
      vertex -64.3877 96.4782 0
      vertex -56.3623 96.3523 0
      vertex -56.5358 96.2934 0
    endloop
  endfacet
  facet normal 0 0 -1
    outer loop
      vertex -64.2 96.3856 0
      vertex -56.5358 96.2934 0
      vertex -56.7 96.2124 0
    endloop
  endfacet
  facet normal 0 0 -1
    outer loop
      vertex -63.4 95 0
      vertex -57.388 95.1827 0
      vertex -57.4 95 0
    endloop
  endfacet
  facet normal 0 0 -1
    outer loop
      vertex -63.4137 95.2088 0
      vertex -57.388 95.1827 0
      vertex -63.4 95 0
    endloop
  endfacet
  facet normal 0 0 -1
    outer loop
      vertex -57.388 95.1827 0
      vertex -63.4137 95.2088 0
      vertex -57.3523 95.3623 0
    endloop
  endfacet
  facet normal 0 0 -1
    outer loop
      vertex -63.4545 95.4141 0
      vertex -57.3523 95.3623 0
      vertex -63.4137 95.2088 0
    endloop
  endfacet
  facet normal 0 0 -1
    outer loop
      vertex -57.3523 95.3623 0
      vertex -63.4545 95.4141 0
      vertex -57.2934 95.5358 0
    endloop
  endfacet
  facet normal 0 0 -1
    outer loop
      vertex -63.5218 95.6123 0
      vertex -57.2934 95.5358 0
      vertex -63.4545 95.4141 0
    endloop
  endfacet
  facet normal 0 0 -1
    outer loop
      vertex -57.2934 95.5358 0
      vertex -63.5218 95.6123 0
      vertex -57.2124 95.7 0
    endloop
  endfacet
  facet normal 0 0 -1
    outer loop
      vertex -63.6144 95.8 0
      vertex -57.2124 95.7 0
      vertex -63.5218 95.6123 0
    endloop
  endfacet
  facet normal 0 0 -1
    outer loop
      vertex -57.2124 95.7 0
      vertex -63.6144 95.8 0
      vertex -57.1107 95.8523 0
    endloop
  endfacet
  facet normal 0 0 -1
    outer loop
      vertex -63.7306 95.974 0
      vertex -57.1107 95.8523 0
      vertex -63.6144 95.8 0
    endloop
  endfacet
  facet normal 0 0 -1
    outer loop
      vertex -57.1107 95.8523 0
      vertex -63.7306 95.974 0
      vertex -56.9899 95.9899 0
    endloop
  endfacet
  facet normal 0 0 -1
    outer loop
      vertex -63.8686 96.1314 0
      vertex -56.9899 95.9899 0
      vertex -63.7306 95.974 0
    endloop
  endfacet
  facet normal 0 0 -1
    outer loop
      vertex -56.9899 95.9899 0
      vertex -63.8686 96.1314 0
      vertex -56.8523 96.1107 0
    endloop
  endfacet
  facet normal 0 0 -1
    outer loop
      vertex -64.026 96.2694 0
      vertex -56.8523 96.1107 0
      vertex -63.8686 96.1314 0
    endloop
  endfacet
  facet normal 0 0 -1
    outer loop
      vertex -56.8523 96.1107 0
      vertex -64.026 96.2694 0
      vertex -56.7 96.2124 0
    endloop
  endfacet
  facet normal 0 0 -1
    outer loop
      vertex -64.2 96.3856 0
      vertex -56.7 96.2124 0
      vertex -64.026 96.2694 0
    endloop
  endfacet
  facet normal 0 0 -1
    outer loop
      vertex -56.5358 96.2934 0
      vertex -64.2 96.3856 0
      vertex -64.3877 96.4782 0
    endloop
  endfacet
  facet normal 0 0 -1
    outer loop
      vertex -56.3623 96.3523 0
      vertex -64.3877 96.4782 0
      vertex -64.5859 96.5455 0
    endloop
  endfacet
  facet normal 0 0 -1
    outer loop
      vertex -68.3145 127.778 0
      vertex -56.3623 96.3523 0
      vertex -64.5859 96.5455 0
    endloop
  endfacet
  facet normal 0 0 -1
    outer loop
      vertex -68.3145 127.778 0
      vertex -64.5859 96.5455 0
      vertex -64.7912 96.5863 0
    endloop
  endfacet
  facet normal 0 0 -1
    outer loop
      vertex -68.3145 127.778 0
      vertex -64.7912 96.5863 0
      vertex -65 96.6 0
    endloop
  endfacet
  facet normal 0 0 -1
    outer loop
      vertex -68.3145 127.778 0
      vertex -65 96.6 0
      vertex -65.2088 96.5863 0
    endloop
  endfacet
  facet normal 0 0 -1
    outer loop
      vertex -68.3145 127.778 0
      vertex -65.2088 96.5863 0
      vertex -65.4141 96.5455 0
    endloop
  endfacet
  facet normal 0 0 -1
    outer loop
      vertex -68.3145 127.778 0
      vertex -65.4141 96.5455 0
      vertex -65.6123 96.4782 0
    endloop
  endfacet
  facet normal 0 0 -1
    outer loop
      vertex -68.3145 127.778 0
      vertex -65.6123 96.4782 0
      vertex -65.8 96.3856 0
    endloop
  endfacet
  facet normal 0 0 -1
    outer loop
      vertex -72.25 98 0
      vertex -66.5863 95.2088 0
      vertex -66.6 95 0
    endloop
  endfacet
  facet normal 0 0 -1
    outer loop
      vertex -68.3145 127.778 0
      vertex -66.5455 95.4141 0
      vertex -66.5863 95.2088 0
    endloop
  endfacet
  facet normal 0 0 -1
    outer loop
      vertex -68.3145 127.778 0
      vertex -66.4782 95.6123 0
      vertex -66.5455 95.4141 0
    endloop
  endfacet
  facet normal 0 0 -1
    outer loop
      vertex -68.3145 127.778 0
      vertex -66.3857 95.8 0
      vertex -66.4782 95.6123 0
    endloop
  endfacet
  facet normal 0 0 -1
    outer loop
      vertex -68.3145 127.778 0
      vertex -66.2694 95.974 0
      vertex -66.3857 95.8 0
    endloop
  endfacet
  facet normal 0 0 -1
    outer loop
      vertex -68.3145 127.778 0
      vertex -66.1314 96.1314 0
      vertex -66.2694 95.974 0
    endloop
  endfacet
  facet normal 0 0 -1
    outer loop
      vertex -68.3145 127.778 0
      vertex -65.974 96.2694 0
      vertex -66.1314 96.1314 0
    endloop
  endfacet
  facet normal 0 0 -1
    outer loop
      vertex -68.3145 127.778 0
      vertex -65.8 96.3856 0
      vertex -65.974 96.2694 0
    endloop
  endfacet
  facet normal 0 0 -1
    outer loop
      vertex -68.5278 128.85 0
      vertex -1.47224 128.85 0
      vertex -68.4294 128.651 0
    endloop
  endfacet
  facet normal 0 0 -1
    outer loop
      vertex -1.47224 128.85 0
      vertex -68.5278 128.85 0
      vertex -1.3487 129.035 0
    endloop
  endfacet
  facet normal 0 0 -1
    outer loop
      vertex -68.6513 129.035 0
      vertex -1.3487 129.035 0
      vertex -68.5278 128.85 0
    endloop
  endfacet
  facet normal 0 0 -1
    outer loop
      vertex -1.3487 129.035 0
      vertex -68.6513 129.035 0
      vertex -1.20208 129.202 0
    endloop
  endfacet
  facet normal 0 0 -1
    outer loop
      vertex -68.7979 129.202 0
      vertex -1.20208 129.202 0
      vertex -68.6513 129.035 0
    endloop
  endfacet
  facet normal 0 0 -1
    outer loop
      vertex -1.20208 129.202 0
      vertex -68.7979 129.202 0
      vertex -1.03489 129.349 0
    endloop
  endfacet
  facet normal 0 0 -1
    outer loop
      vertex -68.9651 129.349 0
      vertex -1.03489 129.349 0
      vertex -68.7979 129.202 0
    endloop
  endfacet
  facet normal 0 0 -1
    outer loop
      vertex -1.03489 129.349 0
      vertex -68.9651 129.349 0
      vertex -0.849999 129.472 0
    endloop
  endfacet
  facet normal 0 0 -1
    outer loop
      vertex -69.15 129.472 0
      vertex -0.849999 129.472 0
      vertex -68.9651 129.349 0
    endloop
  endfacet
  facet normal 0 0 -1
    outer loop
      vertex -0.849999 129.472 0
      vertex -69.15 129.472 0
      vertex -0.650561 129.571 0
    endloop
  endfacet
  facet normal 0 0 -1
    outer loop
      vertex -69.3494 129.571 0
      vertex -0.650561 129.571 0
      vertex -69.15 129.472 0
    endloop
  endfacet
  facet normal 0 0 -1
    outer loop
      vertex -0.650561 129.571 0
      vertex -69.3494 129.571 0
      vertex -0.439992 129.642 0
    endloop
  endfacet
  facet normal 0 0 -1
    outer loop
      vertex -69.56 129.642 0
      vertex -0.439992 129.642 0
      vertex -69.3494 129.571 0
    endloop
  endfacet
  facet normal 0 0 -1
    outer loop
      vertex -0.439992 129.642 0
      vertex -69.56 129.642 0
      vertex 10 133 0
    endloop
  endfacet
  facet normal 0 0 -1
    outer loop
      vertex -69.7781 129.685 0
      vertex 10 133 0
      vertex -69.56 129.642 0
    endloop
  endfacet
  facet normal 0 0 -1
    outer loop
      vertex -70 129.7 0
      vertex 10 133 0
      vertex -69.7781 129.685 0
    endloop
  endfacet
  facet normal 0 0 -1
    outer loop
      vertex -66.5863 95.2088 0
      vertex -72.2586 98.1305 0
      vertex -72.2841 98.2588 0
    endloop
  endfacet
  facet normal 0 0 -1
    outer loop
      vertex -66.5863 95.2088 0
      vertex -72.2841 98.2588 0
      vertex -72.3261 98.3827 0
    endloop
  endfacet
  facet normal 0 0 -1
    outer loop
      vertex -66.5863 95.2088 0
      vertex -72.3261 98.3827 0
      vertex -72.384 98.5 0
    endloop
  endfacet
  facet normal 0 0 -1
    outer loop
      vertex -66.5863 95.2088 0
      vertex -72.384 98.5 0
      vertex -72.4566 98.6088 0
    endloop
  endfacet
  facet normal 0 0 -1
    outer loop
      vertex -66.5863 95.2088 0
      vertex -72.4566 98.6088 0
      vertex -72.5429 98.7071 0
    endloop
  endfacet
  facet normal -0 0 -1
    outer loop
      vertex -70.85 126.528 0
      vertex -73.25 99 0
      vertex -71.0349 126.651 0
    endloop
  endfacet
  facet normal 0 0 -1
    outer loop
      vertex -86.75 99 0
      vertex -71.0349 126.651 0
      vertex -73.25 99 0
    endloop
  endfacet
  facet normal -0 0 -1
    outer loop
      vertex -71.0349 126.651 0
      vertex -86.75 99 0
      vertex -71.2021 126.798 0
    endloop
  endfacet
  facet normal -0 0 -1
    outer loop
      vertex -71.2021 126.798 0
      vertex -86.75 99 0
      vertex -71.3487 126.965 0
    endloop
  endfacet
  facet normal -0 0 -1
    outer loop
      vertex -71.3487 126.965 0
      vertex -86.75 99 0
      vertex -71.4722 127.15 0
    endloop
  endfacet
  facet normal 0 0 -1
    outer loop
      vertex -86.8805 98.9914 0
      vertex -71.4722 127.15 0
      vertex -86.75 99 0
    endloop
  endfacet
  facet normal -0 0 -1
    outer loop
      vertex -71.4722 127.15 0
      vertex -86.8805 98.9914 0
      vertex -71.5706 127.349 0
    endloop
  endfacet
  facet normal 0 0 -1
    outer loop
      vertex -87.0088 98.9659 0
      vertex -71.5706 127.349 0
      vertex -86.8805 98.9914 0
    endloop
  endfacet
  facet normal -0 0 -1
    outer loop
      vertex -71.5706 127.349 0
      vertex -87.0088 98.9659 0
      vertex -71.6421 127.56 0
    endloop
  endfacet
  facet normal 0 0 -1
    outer loop
      vertex -87.1327 98.9239 0
      vertex -71.6421 127.56 0
      vertex -87.0088 98.9659 0
    endloop
  endfacet
  facet normal -0 0 -1
    outer loop
      vertex -71.6421 127.56 0
      vertex -87.1327 98.9239 0
      vertex -71.6855 127.778 0
    endloop
  endfacet
  facet normal 0 0 -1
    outer loop
      vertex -95.2088 96.5863 0
      vertex -71.6855 127.778 0
      vertex -87.1327 98.9239 0
    endloop
  endfacet
  facet normal 0 0 -1
    outer loop
      vertex -104.791 96.5863 0
      vertex -71.6855 127.778 0
      vertex -95.2088 96.5863 0
    endloop
  endfacet
  facet normal 0 0 -1
    outer loop
      vertex -112.867 98.9239 0
      vertex -71.6855 127.778 0
      vertex -104.791 96.5863 0
    endloop
  endfacet
  facet normal -0 0 -1
    outer loop
      vertex -71.6855 127.778 0
      vertex -112.867 98.9239 0
      vertex -71.7 128 0
    endloop
  endfacet
  facet normal 0 0 -1
    outer loop
      vertex -112.991 98.9659 0
      vertex -71.7 128 0
      vertex -112.867 98.9239 0
    endloop
  endfacet
  facet normal 0 0 -1
    outer loop
      vertex -95.2088 96.5863 0
      vertex -87.1327 98.9239 0
      vertex -87.25 98.866 0
    endloop
  endfacet
  facet normal 0 0 -1
    outer loop
      vertex -95 96.6 0
      vertex -87.25 98.866 0
      vertex -87.3588 98.7934 0
    endloop
  endfacet
  facet normal 0 0 -1
    outer loop
      vertex -94.7912 96.5863 0
      vertex -87.3588 98.7934 0
      vertex -87.4571 98.7071 0
    endloop
  endfacet
  facet normal 0 0 -1
    outer loop
      vertex -94.5859 96.5455 0
      vertex -87.4571 98.7071 0
      vertex -87.5434 98.6088 0
    endloop
  endfacet
  facet normal 0 0 -1
    outer loop
      vertex -94.3877 96.4782 0
      vertex -87.5434 98.6088 0
      vertex -87.616 98.5 0
    endloop
  endfacet
  facet normal 0 0 -1
    outer loop
      vertex -93.4137 95.2088 0
      vertex -87.75 98 0
      vertex -93.4 95 0
    endloop
  endfacet
  facet normal 0 0 -1
    outer loop
      vertex -93.4545 95.4141 0
      vertex -87.75 98 0
      vertex -93.4137 95.2088 0
    endloop
  endfacet
  facet normal 0 0 -1
    outer loop
      vertex -93.5218 95.6123 0
      vertex -87.75 98 0
      vertex -93.4545 95.4141 0
    endloop
  endfacet
  facet normal 0 0 -1
    outer loop
      vertex -93.6143 95.8 0
      vertex -87.75 98 0
      vertex -93.5218 95.6123 0
    endloop
  endfacet
  facet normal 0 0 -1
    outer loop
      vertex -93.7306 95.974 0
      vertex -87.75 98 0
      vertex -93.6143 95.8 0
    endloop
  endfacet
  facet normal -0 0 -1
    outer loop
      vertex -87.75 98 0
      vertex -93.7306 95.974 0
      vertex -87.7414 98.1305 0
    endloop
  endfacet
  facet normal 0 0 -1
    outer loop
      vertex -93.8686 96.1314 0
      vertex -87.7414 98.1305 0
      vertex -93.7306 95.974 0
    endloop
  endfacet
  facet normal -0 0 -1
    outer loop
      vertex -87.7414 98.1305 0
      vertex -93.8686 96.1314 0
      vertex -87.7159 98.2588 0
    endloop
  endfacet
  facet normal 0 0 -1
    outer loop
      vertex -94.026 96.2694 0
      vertex -87.7159 98.2588 0
      vertex -93.8686 96.1314 0
    endloop
  endfacet
  facet normal -0 0 -1
    outer loop
      vertex -87.7159 98.2588 0
      vertex -94.026 96.2694 0
      vertex -87.6739 98.3827 0
    endloop
  endfacet
  facet normal 0 0 -1
    outer loop
      vertex -94.2 96.3856 0
      vertex -87.6739 98.3827 0
      vertex -94.026 96.2694 0
    endloop
  endfacet
  facet normal -0 0 -1
    outer loop
      vertex -87.6739 98.3827 0
      vertex -94.2 96.3856 0
      vertex -87.616 98.5 0
    endloop
  endfacet
  facet normal 0 0 -1
    outer loop
      vertex -94.3877 96.4782 0
      vertex -87.616 98.5 0
      vertex -94.2 96.3856 0
    endloop
  endfacet
  facet normal 0 0 -1
    outer loop
      vertex -87.5434 98.6088 0
      vertex -94.3877 96.4782 0
      vertex -94.5859 96.5455 0
    endloop
  endfacet
  facet normal 0 0 -1
    outer loop
      vertex -87.4571 98.7071 0
      vertex -94.5859 96.5455 0
      vertex -94.7912 96.5863 0
    endloop
  endfacet
  facet normal 0 0 -1
    outer loop
      vertex -87.3588 98.7934 0
      vertex -94.7912 96.5863 0
      vertex -95 96.6 0
    endloop
  endfacet
  facet normal 0 0 -1
    outer loop
      vertex -87.25 98.866 0
      vertex -95 96.6 0
      vertex -95.2088 96.5863 0
    endloop
  endfacet
  facet normal -0 0 -1
    outer loop
      vertex -71.7 128 0
      vertex -112.991 98.9659 0
      vertex -71.6855 128.222 0
    endloop
  endfacet
  facet normal 0 0 -1
    outer loop
      vertex -138.315 128.222 0
      vertex -71.6855 128.222 0
      vertex -112.991 98.9659 0
    endloop
  endfacet
  facet normal 0 0 -1
    outer loop
      vertex -104.791 96.5863 0
      vertex -95.2088 96.5863 0
      vertex -95.4141 96.5455 0
    endloop
  endfacet
  facet normal 0 0 -1
    outer loop
      vertex -104.586 96.5455 0
      vertex -95.4141 96.5455 0
      vertex -95.6123 96.4782 0
    endloop
  endfacet
  facet normal 0 0 -1
    outer loop
      vertex -104.388 96.4782 0
      vertex -95.6123 96.4782 0
      vertex -95.8 96.3856 0
    endloop
  endfacet
  facet normal 0 0 -1
    outer loop
      vertex -104.2 96.3856 0
      vertex -95.8 96.3856 0
      vertex -95.974 96.2694 0
    endloop
  endfacet
  facet normal 0 0 -1
    outer loop
      vertex -104.026 96.2694 0
      vertex -95.974 96.2694 0
      vertex -96.1314 96.1314 0
    endloop
  endfacet
  facet normal 0 0 -1
    outer loop
      vertex -103.869 96.1314 0
      vertex -96.1314 96.1314 0
      vertex -96.2694 95.974 0
    endloop
  endfacet
  facet normal 0 0 -1
    outer loop
      vertex -103.4 95 0
      vertex -96.5863 95.2088 0
      vertex -96.6 95 0
    endloop
  endfacet
  facet normal 0 0 -1
    outer loop
      vertex -103.414 95.2088 0
      vertex -96.5863 95.2088 0
      vertex -103.4 95 0
    endloop
  endfacet
  facet normal 0 0 -1
    outer loop
      vertex -96.5863 95.2088 0
      vertex -103.414 95.2088 0
      vertex -96.5455 95.4141 0
    endloop
  endfacet
  facet normal 0 0 -1
    outer loop
      vertex -103.455 95.4141 0
      vertex -96.5455 95.4141 0
      vertex -103.414 95.2088 0
    endloop
  endfacet
  facet normal 0 0 -1
    outer loop
      vertex -96.5455 95.4141 0
      vertex -103.455 95.4141 0
      vertex -96.4782 95.6123 0
    endloop
  endfacet
  facet normal 0 0 -1
    outer loop
      vertex -103.522 95.6123 0
      vertex -96.4782 95.6123 0
      vertex -103.455 95.4141 0
    endloop
  endfacet
  facet normal 0 0 -1
    outer loop
      vertex -96.4782 95.6123 0
      vertex -103.522 95.6123 0
      vertex -96.3856 95.8 0
    endloop
  endfacet
  facet normal 0 0 -1
    outer loop
      vertex -103.614 95.8 0
      vertex -96.3856 95.8 0
      vertex -103.522 95.6123 0
    endloop
  endfacet
  facet normal 0 0 -1
    outer loop
      vertex -96.3856 95.8 0
      vertex -103.614 95.8 0
      vertex -96.2694 95.974 0
    endloop
  endfacet
  facet normal 0 0 -1
    outer loop
      vertex -103.731 95.974 0
      vertex -96.2694 95.974 0
      vertex -103.614 95.8 0
    endloop
  endfacet
  facet normal 0 0 -1
    outer loop
      vertex -103.869 96.1314 0
      vertex -96.2694 95.974 0
      vertex -103.731 95.974 0
    endloop
  endfacet
  facet normal 0 0 -1
    outer loop
      vertex -96.1314 96.1314 0
      vertex -103.869 96.1314 0
      vertex -104.026 96.2694 0
    endloop
  endfacet
  facet normal 0 0 -1
    outer loop
      vertex -95.974 96.2694 0
      vertex -104.026 96.2694 0
      vertex -104.2 96.3856 0
    endloop
  endfacet
  facet normal 0 0 -1
    outer loop
      vertex -95.8 96.3856 0
      vertex -104.2 96.3856 0
      vertex -104.388 96.4782 0
    endloop
  endfacet
  facet normal 0 0 -1
    outer loop
      vertex -95.6123 96.4782 0
      vertex -104.388 96.4782 0
      vertex -104.586 96.5455 0
    endloop
  endfacet
  facet normal 0 0 -1
    outer loop
      vertex -95.4141 96.5455 0
      vertex -104.586 96.5455 0
      vertex -104.791 96.5863 0
    endloop
  endfacet
  facet normal 0 0 -1
    outer loop
      vertex -71.6855 128.222 0
      vertex -138.315 128.222 0
      vertex -71.6421 128.44 0
    endloop
  endfacet
  facet normal 0 0 -1
    outer loop
      vertex -138.358 128.44 0
      vertex -71.6421 128.44 0
      vertex -138.315 128.222 0
    endloop
  endfacet
  facet normal 0 0 -1
    outer loop
      vertex -112.75 98.866 0
      vertex -104.791 96.5863 0
      vertex -105 96.6 0
    endloop
  endfacet
  facet normal 0 0 -1
    outer loop
      vertex -112.641 98.7934 0
      vertex -105 96.6 0
      vertex -105.209 96.5863 0
    endloop
  endfacet
  facet normal 0 0 -1
    outer loop
      vertex -112.543 98.7071 0
      vertex -105.209 96.5863 0
      vertex -105.414 96.5455 0
    endloop
  endfacet
  facet normal 0 0 -1
    outer loop
      vertex -112.457 98.6088 0
      vertex -105.414 96.5455 0
      vertex -105.612 96.4782 0
    endloop
  endfacet
  facet normal 0 0 -1
    outer loop
      vertex -112.384 98.5 0
      vertex -105.612 96.4782 0
      vertex -105.8 96.3856 0
    endloop
  endfacet
  facet normal 0 0 -1
    outer loop
      vertex -112.326 98.3827 0
      vertex -105.8 96.3856 0
      vertex -105.974 96.2694 0
    endloop
  endfacet
  facet normal 0 0 -1
    outer loop
      vertex -112.284 98.2588 0
      vertex -105.974 96.2694 0
      vertex -106.131 96.1314 0
    endloop
  endfacet
  facet normal 0 0 -1
    outer loop
      vertex -112.25 98 0
      vertex -106.6 95 0
      vertex -112.25 92 0
    endloop
  endfacet
  facet normal 0 0 -1
    outer loop
      vertex -106.6 95 0
      vertex -112.25 98 0
      vertex -106.586 95.2088 0
    endloop
  endfacet
  facet normal 0 0 -1
    outer loop
      vertex -106.586 95.2088 0
      vertex -112.25 98 0
      vertex -106.545 95.4141 0
    endloop
  endfacet
  facet normal 0 0 -1
    outer loop
      vertex -106.545 95.4141 0
      vertex -112.25 98 0
      vertex -106.478 95.6123 0
    endloop
  endfacet
  facet normal 0 0 -1
    outer loop
      vertex -106.478 95.6123 0
      vertex -112.25 98 0
      vertex -106.386 95.8 0
    endloop
  endfacet
  facet normal 0 0 -1
    outer loop
      vertex -106.386 95.8 0
      vertex -112.25 98 0
      vertex -106.269 95.974 0
    endloop
  endfacet
  facet normal 0 0 -1
    outer loop
      vertex -112.259 98.1305 0
      vertex -106.269 95.974 0
      vertex -112.25 98 0
    endloop
  endfacet
  facet normal 0 0 -1
    outer loop
      vertex -106.269 95.974 0
      vertex -112.259 98.1305 0
      vertex -106.131 96.1314 0
    endloop
  endfacet
  facet normal 0 0 -1
    outer loop
      vertex -112.284 98.2588 0
      vertex -106.131 96.1314 0
      vertex -112.259 98.1305 0
    endloop
  endfacet
  facet normal 0 0 -1
    outer loop
      vertex -105.974 96.2694 0
      vertex -112.284 98.2588 0
      vertex -112.326 98.3827 0
    endloop
  endfacet
  facet normal 0 0 -1
    outer loop
      vertex -105.8 96.3856 0
      vertex -112.326 98.3827 0
      vertex -112.384 98.5 0
    endloop
  endfacet
  facet normal 0 0 -1
    outer loop
      vertex -105.612 96.4782 0
      vertex -112.384 98.5 0
      vertex -112.457 98.6088 0
    endloop
  endfacet
  facet normal 0 0 -1
    outer loop
      vertex -105.414 96.5455 0
      vertex -112.457 98.6088 0
      vertex -112.543 98.7071 0
    endloop
  endfacet
  facet normal 0 0 -1
    outer loop
      vertex -105.209 96.5863 0
      vertex -112.543 98.7071 0
      vertex -112.641 98.7934 0
    endloop
  endfacet
  facet normal 0 0 -1
    outer loop
      vertex -105 96.6 0
      vertex -112.641 98.7934 0
      vertex -112.75 98.866 0
    endloop
  endfacet
  facet normal 0 0 -1
    outer loop
      vertex -104.791 96.5863 0
      vertex -112.75 98.866 0
      vertex -112.867 98.9239 0
    endloop
  endfacet
  facet normal 0 0 -1
    outer loop
      vertex -71.6421 128.44 0
      vertex -138.358 128.44 0
      vertex -71.5706 128.651 0
    endloop
  endfacet
  facet normal 0 0 -1
    outer loop
      vertex -138.429 128.651 0
      vertex -71.5706 128.651 0
      vertex -138.358 128.44 0
    endloop
  endfacet
  facet normal 0 0 -1
    outer loop
      vertex -71.5706 128.651 0
      vertex -138.429 128.651 0
      vertex -71.4722 128.85 0
    endloop
  endfacet
  facet normal 0 0 -1
    outer loop
      vertex -138.3 128 0
      vertex -112.991 98.9659 0
      vertex -113.119 98.9914 0
    endloop
  endfacet
  facet normal 0 0 -1
    outer loop
      vertex -138.3 128 0
      vertex -113.119 98.9914 0
      vertex -113.25 99 0
    endloop
  endfacet
  facet normal 0 0 -1
    outer loop
      vertex -138.315 127.778 0
      vertex -113.25 99 0
      vertex -126.75 99 0
    endloop
  endfacet
  facet normal 0 0 -1
    outer loop
      vertex -112.991 98.9659 0
      vertex -138.3 128 0
      vertex -138.315 128.222 0
    endloop
  endfacet
  facet normal 0 0 -1
    outer loop
      vertex -138.315 127.778 0
      vertex -126.75 99 0
      vertex -126.881 98.9914 0
    endloop
  endfacet
  facet normal 0 0 -1
    outer loop
      vertex -138.315 127.778 0
      vertex -126.881 98.9914 0
      vertex -127.009 98.9659 0
    endloop
  endfacet
  facet normal 0 0 -1
    outer loop
      vertex -138.315 127.778 0
      vertex -127.009 98.9659 0
      vertex -127.133 98.9239 0
    endloop
  endfacet
  facet normal 0 0 -1
    outer loop
      vertex -138.315 127.778 0
      vertex -127.133 98.9239 0
      vertex -127.25 98.866 0
    endloop
  endfacet
  facet normal 0 0 -1
    outer loop
      vertex -133.414 95.2088 0
      vertex -127.75 98 0
      vertex -133.4 95 0
    endloop
  endfacet
  facet normal 0 0 -1
    outer loop
      vertex -133.455 95.4141 0
      vertex -127.75 98 0
      vertex -133.414 95.2088 0
    endloop
  endfacet
  facet normal 0 0 -1
    outer loop
      vertex -133.522 95.6123 0
      vertex -127.75 98 0
      vertex -133.455 95.4141 0
    endloop
  endfacet
  facet normal 0 0 -1
    outer loop
      vertex -133.614 95.8 0
      vertex -127.75 98 0
      vertex -133.522 95.6123 0
    endloop
  endfacet
  facet normal 0 0 -1
    outer loop
      vertex -133.731 95.974 0
      vertex -127.75 98 0
      vertex -133.614 95.8 0
    endloop
  endfacet
  facet normal -0 0 -1
    outer loop
      vertex -127.75 98 0
      vertex -133.731 95.974 0
      vertex -127.741 98.1305 0
    endloop
  endfacet
  facet normal 0 0 -1
    outer loop
      vertex -133.869 96.1314 0
      vertex -127.741 98.1305 0
      vertex -133.731 95.974 0
    endloop
  endfacet
  facet normal -0 0 -1
    outer loop
      vertex -127.741 98.1305 0
      vertex -133.869 96.1314 0
      vertex -127.716 98.2588 0
    endloop
  endfacet
  facet normal 0 0 -1
    outer loop
      vertex -134.026 96.2694 0
      vertex -127.716 98.2588 0
      vertex -133.869 96.1314 0
    endloop
  endfacet
  facet normal -0 0 -1
    outer loop
      vertex -127.716 98.2588 0
      vertex -134.026 96.2694 0
      vertex -127.674 98.3827 0
    endloop
  endfacet
  facet normal 0 0 -1
    outer loop
      vertex -134.2 96.3856 0
      vertex -127.674 98.3827 0
      vertex -134.026 96.2694 0
    endloop
  endfacet
  facet normal -0 0 -1
    outer loop
      vertex -127.674 98.3827 0
      vertex -134.2 96.3856 0
      vertex -127.616 98.5 0
    endloop
  endfacet
  facet normal 0 0 -1
    outer loop
      vertex -134.388 96.4782 0
      vertex -127.616 98.5 0
      vertex -134.2 96.3856 0
    endloop
  endfacet
  facet normal -0 0 -1
    outer loop
      vertex -127.616 98.5 0
      vertex -134.388 96.4782 0
      vertex -127.543 98.6088 0
    endloop
  endfacet
  facet normal 0 0 -1
    outer loop
      vertex -134.586 96.5455 0
      vertex -127.543 98.6088 0
      vertex -134.388 96.4782 0
    endloop
  endfacet
  facet normal -0 0 -1
    outer loop
      vertex -127.543 98.6088 0
      vertex -134.586 96.5455 0
      vertex -127.457 98.7071 0
    endloop
  endfacet
  facet normal 0 0 -1
    outer loop
      vertex -134.791 96.5863 0
      vertex -127.457 98.7071 0
      vertex -134.586 96.5455 0
    endloop
  endfacet
  facet normal -0 0 -1
    outer loop
      vertex -127.457 98.7071 0
      vertex -134.791 96.5863 0
      vertex -127.359 98.7934 0
    endloop
  endfacet
  facet normal 0 0 -1
    outer loop
      vertex -135 96.6 0
      vertex -127.359 98.7934 0
      vertex -134.791 96.5863 0
    endloop
  endfacet
  facet normal -0 0 -1
    outer loop
      vertex -127.359 98.7934 0
      vertex -135 96.6 0
      vertex -127.25 98.866 0
    endloop
  endfacet
  facet normal 0 0 -1
    outer loop
      vertex -138.315 127.778 0
      vertex -127.25 98.866 0
      vertex -135 96.6 0
    endloop
  endfacet
  facet normal 0 0 -1
    outer loop
      vertex -138.315 127.778 0
      vertex -135 96.6 0
      vertex -135.209 96.5863 0
    endloop
  endfacet
  facet normal 0 0 -1
    outer loop
      vertex -138.315 127.778 0
      vertex -135.209 96.5863 0
      vertex -135.414 96.5455 0
    endloop
  endfacet
  facet normal 0 0 -1
    outer loop
      vertex -138.315 127.778 0
      vertex -135.414 96.5455 0
      vertex -135.612 96.4782 0
    endloop
  endfacet
  facet normal 0 0 -1
    outer loop
      vertex -138.315 127.778 0
      vertex -135.612 96.4782 0
      vertex -135.8 96.3856 0
    endloop
  endfacet
  facet normal 0 0 -1
    outer loop
      vertex -181.528 85.85 0
      vertex -136.586 95.2088 0
      vertex -136.6 95 0
    endloop
  endfacet
  facet normal 0 0 -1
    outer loop
      vertex -138.315 127.778 0
      vertex -136.545 95.4141 0
      vertex -136.586 95.2088 0
    endloop
  endfacet
  facet normal 0 0 -1
    outer loop
      vertex -138.315 127.778 0
      vertex -136.478 95.6123 0
      vertex -136.545 95.4141 0
    endloop
  endfacet
  facet normal 0 0 -1
    outer loop
      vertex -138.315 127.778 0
      vertex -136.386 95.8 0
      vertex -136.478 95.6123 0
    endloop
  endfacet
  facet normal 0 0 -1
    outer loop
      vertex -138.315 127.778 0
      vertex -136.269 95.974 0
      vertex -136.386 95.8 0
    endloop
  endfacet
  facet normal 0 0 -1
    outer loop
      vertex -138.315 127.778 0
      vertex -136.131 96.1314 0
      vertex -136.269 95.974 0
    endloop
  endfacet
  facet normal 0 0 -1
    outer loop
      vertex -138.315 127.778 0
      vertex -135.974 96.2694 0
      vertex -136.131 96.1314 0
    endloop
  endfacet
  facet normal 0 0 -1
    outer loop
      vertex -138.315 127.778 0
      vertex -135.8 96.3856 0
      vertex -135.974 96.2694 0
    endloop
  endfacet
  facet normal 0 0 -1
    outer loop
      vertex -138.528 128.85 0
      vertex -71.4722 128.85 0
      vertex -138.429 128.651 0
    endloop
  endfacet
  facet normal 0 0 -1
    outer loop
      vertex -71.4722 128.85 0
      vertex -138.528 128.85 0
      vertex -71.3487 129.035 0
    endloop
  endfacet
  facet normal 0 0 -1
    outer loop
      vertex -138.651 129.035 0
      vertex -71.3487 129.035 0
      vertex -138.528 128.85 0
    endloop
  endfacet
  facet normal 0 0 -1
    outer loop
      vertex -71.3487 129.035 0
      vertex -138.651 129.035 0
      vertex -71.2021 129.202 0
    endloop
  endfacet
  facet normal 0 0 -1
    outer loop
      vertex -138.798 129.202 0
      vertex -71.2021 129.202 0
      vertex -138.651 129.035 0
    endloop
  endfacet
  facet normal 0 0 -1
    outer loop
      vertex -71.2021 129.202 0
      vertex -138.798 129.202 0
      vertex -71.0349 129.349 0
    endloop
  endfacet
  facet normal 0 0 -1
    outer loop
      vertex -138.965 129.349 0
      vertex -71.0349 129.349 0
      vertex -138.798 129.202 0
    endloop
  endfacet
  facet normal 0 0 -1
    outer loop
      vertex -71.0349 129.349 0
      vertex -138.965 129.349 0
      vertex -70.85 129.472 0
    endloop
  endfacet
  facet normal 0 0 -1
    outer loop
      vertex -139.15 129.472 0
      vertex -70.85 129.472 0
      vertex -138.965 129.349 0
    endloop
  endfacet
  facet normal 0 0 -1
    outer loop
      vertex -70.85 129.472 0
      vertex -139.15 129.472 0
      vertex -70.6506 129.571 0
    endloop
  endfacet
  facet normal 0 0 -1
    outer loop
      vertex -139.349 129.571 0
      vertex -70.6506 129.571 0
      vertex -139.15 129.472 0
    endloop
  endfacet
  facet normal 0 0 -1
    outer loop
      vertex -70.6506 129.571 0
      vertex -139.349 129.571 0
      vertex -70.44 129.642 0
    endloop
  endfacet
  facet normal 0 0 -1
    outer loop
      vertex -139.56 129.642 0
      vertex -70.44 129.642 0
      vertex -139.349 129.571 0
    endloop
  endfacet
  facet normal 0 0 -1
    outer loop
      vertex -70.44 129.642 0
      vertex -139.56 129.642 0
      vertex -70.2219 129.685 0
    endloop
  endfacet
  facet normal 0 0 -1
    outer loop
      vertex -139.778 129.685 0
      vertex -70.2219 129.685 0
      vertex -139.56 129.642 0
    endloop
  endfacet
  facet normal 0 0 -1
    outer loop
      vertex -70.2219 129.685 0
      vertex -139.778 129.685 0
      vertex -70 129.7 0
    endloop
  endfacet
  facet normal 0 0 -1
    outer loop
      vertex -140 129.7 0
      vertex -70 129.7 0
      vertex -139.778 129.685 0
    endloop
  endfacet
  facet normal 0 0 -1
    outer loop
      vertex -174.5 133 0
      vertex -70 129.7 0
      vertex -140 129.7 0
    endloop
  endfacet
  facet normal 0 0 -1
    outer loop
      vertex -70 129.7 0
      vertex -174.5 133 0
      vertex 10 133 0
    endloop
  endfacet
  facet normal 0 0 -1
    outer loop
      vertex -140.222 129.685 0
      vertex -174.5 133 0
      vertex -140 129.7 0
    endloop
  endfacet
  facet normal 0 0 -1
    outer loop
      vertex -140.44 129.642 0
      vertex -174.5 133 0
      vertex -140.222 129.685 0
    endloop
  endfacet
  facet normal 0 0 -1
    outer loop
      vertex -140.651 129.571 0
      vertex -174.5 133 0
      vertex -140.44 129.642 0
    endloop
  endfacet
  facet normal 0 0 -1
    outer loop
      vertex -140.85 129.472 0
      vertex -174.5 133 0
      vertex -140.651 129.571 0
    endloop
  endfacet
  facet normal 0 0 -1
    outer loop
      vertex -141.035 129.349 0
      vertex -174.5 133 0
      vertex -140.85 129.472 0
    endloop
  endfacet
  facet normal 0 0 -1
    outer loop
      vertex -141.202 129.202 0
      vertex -174.5 133 0
      vertex -141.035 129.349 0
    endloop
  endfacet
  facet normal 0 0 -1
    outer loop
      vertex -141.349 129.035 0
      vertex -174.5 133 0
      vertex -141.202 129.202 0
    endloop
  endfacet
  facet normal 0 0 -1
    outer loop
      vertex -141.472 128.85 0
      vertex -174.5 133 0
      vertex -141.349 129.035 0
    endloop
  endfacet
  facet normal 0 0 -1
    outer loop
      vertex -141.571 128.651 0
      vertex -174.5 133 0
      vertex -141.472 128.85 0
    endloop
  endfacet
  facet normal 0 0 -1
    outer loop
      vertex -141.642 128.44 0
      vertex -174.5 133 0
      vertex -141.571 128.651 0
    endloop
  endfacet
  facet normal 0 0 -1
    outer loop
      vertex -141.685 128.222 0
      vertex -174.5 133 0
      vertex -141.642 128.44 0
    endloop
  endfacet
  facet normal 0 0 -1
    outer loop
      vertex -174.5 133 0
      vertex -141.685 128.222 0
      vertex -141.7 128 0
    endloop
  endfacet
  facet normal 0 0 -1
    outer loop
      vertex -136.545 94.5859 0
      vertex -181.315 85.2219 0
      vertex -181.358 85.44 0
    endloop
  endfacet
  facet normal 0 0 -1
    outer loop
      vertex -136.586 94.7912 0
      vertex -181.358 85.44 0
      vertex -181.429 85.6506 0
    endloop
  endfacet
  facet normal 0 0 -1
    outer loop
      vertex -136.6 95 0
      vertex -181.429 85.6506 0
      vertex -181.528 85.85 0
    endloop
  endfacet
  facet normal 0 0 -1
    outer loop
      vertex -136.586 95.2088 0
      vertex -181.528 85.85 0
      vertex -181.651 86.0349 0
    endloop
  endfacet
  facet normal 0 0 -1
    outer loop
      vertex -136.586 95.2088 0
      vertex -181.651 86.0349 0
      vertex -181.798 86.2021 0
    endloop
  endfacet
  facet normal 0 0 -1
    outer loop
      vertex -186.004 127.327 0
      vertex -174.5 133 0
      vertex -182.15 86.4722 0
    endloop
  endfacet
  facet normal 0 0 -1
    outer loop
      vertex -174.5 133 0
      vertex -186.004 127.327 0
      vertex -176.393 132.876 0
    endloop
  endfacet
  facet normal 0 0 -1
    outer loop
      vertex -176.393 132.876 0
      vertex -186.004 127.327 0
      vertex -178.253 132.506 0
    endloop
  endfacet
  facet normal 0 0 -1
    outer loop
      vertex -178.253 132.506 0
      vertex -186.004 127.327 0
      vertex -180.049 131.896 0
    endloop
  endfacet
  facet normal 0 0 -1
    outer loop
      vertex -186.004 127.327 0
      vertex -182.15 86.4722 0
      vertex -182.349 86.5706 0
    endloop
  endfacet
  facet normal 0 0 -1
    outer loop
      vertex -186.004 127.327 0
      vertex -182.349 86.5706 0
      vertex -182.56 86.6421 0
    endloop
  endfacet
  facet normal 0 0 -1
    outer loop
      vertex -186.004 127.327 0
      vertex -182.56 86.6421 0
      vertex -182.778 86.6855 0
    endloop
  endfacet
  facet normal 0 0 -1
    outer loop
      vertex -186.004 127.327 0
      vertex -182.778 86.6855 0
      vertex -183 86.7 0
    endloop
  endfacet
  facet normal 0 0 -1
    outer loop
      vertex -186.004 127.327 0
      vertex -183 86.7 0
      vertex -183.222 86.6855 0
    endloop
  endfacet
  facet normal 0 0 -1
    outer loop
      vertex -180.049 131.896 0
      vertex -184.753 128.753 0
      vertex -181.75 131.057 0
    endloop
  endfacet
  facet normal 0 0 -1
    outer loop
      vertex -186.004 127.327 0
      vertex -183.222 86.6855 0
      vertex -183.44 86.6421 0
    endloop
  endfacet
  facet normal 0 0 -1
    outer loop
      vertex -186.004 127.327 0
      vertex -183.44 86.6421 0
      vertex -183.651 86.5706 0
    endloop
  endfacet
  facet normal 0 0 -1
    outer loop
      vertex -186.004 127.327 0
      vertex -183.651 86.5706 0
      vertex -183.85 86.4722 0
    endloop
  endfacet
  facet normal 0 0 -1
    outer loop
      vertex -186.004 127.327 0
      vertex -183.85 86.4722 0
      vertex -184.035 86.3487 0
    endloop
  endfacet
  facet normal 0 0 -1
    outer loop
      vertex -186.004 127.327 0
      vertex -184.035 86.3487 0
      vertex -184.202 86.2021 0
    endloop
  endfacet
  facet normal 0 0 -1
    outer loop
      vertex -186.004 127.327 0
      vertex -184.202 86.2021 0
      vertex -184.349 86.0349 0
    endloop
  endfacet
  facet normal 0 0 -1
    outer loop
      vertex -186.004 127.327 0
      vertex -184.349 86.0349 0
      vertex -184.472 85.85 0
    endloop
  endfacet
  facet normal 0 0 -1
    outer loop
      vertex -186.004 127.327 0
      vertex -184.472 85.85 0
      vertex -184.571 85.6506 0
    endloop
  endfacet
  facet normal 0 0 -1
    outer loop
      vertex -186.004 127.327 0
      vertex -184.571 85.6506 0
      vertex -184.642 85.44 0
    endloop
  endfacet
  facet normal 0 0 -1
    outer loop
      vertex -186.004 127.327 0
      vertex -184.642 85.44 0
      vertex -184.685 85.2219 0
    endloop
  endfacet
  facet normal 0 0 -1
    outer loop
      vertex -189 118.5 0
      vertex -184.685 85.2219 0
      vertex -184.7 85 0
    endloop
  endfacet
  facet normal 0 0 -1
    outer loop
      vertex -181.75 131.057 0
      vertex -184.753 128.753 0
      vertex -183.327 130.004 0
    endloop
  endfacet
  facet normal 0 0 1
    outer loop
      vertex 4.79115 96.5863 2
      vertex -2.04289 98.4571 2
      vertex 4.58588 96.5455 2
    endloop
  endfacet
  facet normal 0 0 1
    outer loop
      vertex 3.39999 95 2
      vertex 1.68546 61.2219 2
      vertex 1.7 61 2
    endloop
  endfacet
  facet normal -0 -0 1
    outer loop
      vertex -1.95665 98.3588 2
      vertex 4.58588 96.5455 2
      vertex -2.04289 98.4571 2
    endloop
  endfacet
  facet normal 0 0 1
    outer loop
      vertex 3.39999 95 2
      vertex 1.64207 61.44 2
      vertex 1.68546 61.2219 2
    endloop
  endfacet
  facet normal -0 -0 1
    outer loop
      vertex -1.88397 98.25 2
      vertex 4.3877 96.4782 2
      vertex -1.95665 98.3588 2
    endloop
  endfacet
  facet normal 0 0 1
    outer loop
      vertex -1.75 92.25 2
      vertex 3.39999 95 2
      vertex -1.75 97.75 2
    endloop
  endfacet
  facet normal 0 0 1
    outer loop
      vertex 4.3877 96.4782 2
      vertex -1.88397 98.25 2
      vertex 4.2 96.3856 2
    endloop
  endfacet
  facet normal 0 0 1
    outer loop
      vertex -1.75856 92.1195 2
      vertex 3.39999 95 2
      vertex -1.75 92.25 2
    endloop
  endfacet
  facet normal 0 0 1
    outer loop
      vertex 4.2 96.3856 2
      vertex -1.82613 98.1327 2
      vertex 4.02597 96.2694 2
    endloop
  endfacet
  facet normal 0 0 1
    outer loop
      vertex -1.78407 91.9912 2
      vertex 3.39999 95 2
      vertex -1.75856 92.1195 2
    endloop
  endfacet
  facet normal -0 -0 1
    outer loop
      vertex -1.78407 98.0088 2
      vertex 4.02597 96.2694 2
      vertex -1.82613 98.1327 2
    endloop
  endfacet
  facet normal 0 0 1
    outer loop
      vertex 3.39999 95 2
      vertex 1.57059 61.6506 2
      vertex 1.64207 61.44 2
    endloop
  endfacet
  facet normal -0 -0 1
    outer loop
      vertex -1.75856 97.8805 2
      vertex 3.86862 96.1314 2
      vertex -1.78407 98.0088 2
    endloop
  endfacet
  facet normal 0 0 1
    outer loop
      vertex -1.82613 91.8673 2
      vertex 3.39999 95 2
      vertex -1.78407 91.9912 2
    endloop
  endfacet
  facet normal 0 0 1
    outer loop
      vertex 3.86862 96.1314 2
      vertex -1.75856 97.8805 2
      vertex 3.73062 95.974 2
    endloop
  endfacet
  facet normal 0 0 1
    outer loop
      vertex 3.39999 95 2
      vertex 1.47224 61.85 2
      vertex 1.57059 61.6506 2
    endloop
  endfacet
  facet normal -0 -0 1
    outer loop
      vertex -1.82613 98.1327 2
      vertex 4.2 96.3856 2
      vertex -1.88397 98.25 2
    endloop
  endfacet
  facet normal 0 0 1
    outer loop
      vertex -1.88397 91.75 2
      vertex 3.39999 95 2
      vertex -1.82613 91.8673 2
    endloop
  endfacet
  facet normal 0 0 1
    outer loop
      vertex -2.25 98.616 2
      vertex 0.650561 126.429 2
      vertex 0.439992 126.358 2
    endloop
  endfacet
  facet normal 0 0 1
    outer loop
      vertex 3.39999 95 2
      vertex 1.3487 62.0349 2
      vertex 1.47224 61.85 2
    endloop
  endfacet
  facet normal 0 0 1
    outer loop
      vertex -2.36731 98.6739 2
      vertex 0.439992 126.358 2
      vertex 0.221894 126.315 2
    endloop
  endfacet
  facet normal 0 0 1
    outer loop
      vertex -1.95665 91.6412 2
      vertex 3.39999 95 2
      vertex -1.88397 91.75 2
    endloop
  endfacet
  facet normal 0 0 1
    outer loop
      vertex -2.49118 98.7159 2
      vertex 0.221894 126.315 2
      vertex 0 126.3 2
    endloop
  endfacet
  facet normal 0 0 1
    outer loop
      vertex 3.39999 95 2
      vertex 1.20208 62.2021 2
      vertex 1.3487 62.0349 2
    endloop
  endfacet
  facet normal 0 0 1
    outer loop
      vertex -2.61948 98.7414 2
      vertex 0 126.3 2
      vertex -0.221894 126.315 2
    endloop
  endfacet
  facet normal 0 0 1
    outer loop
      vertex -2.04289 91.5429 2
      vertex 3.39999 95 2
      vertex -1.95665 91.6412 2
    endloop
  endfacet
  facet normal 0 0 1
    outer loop
      vertex -2.75 98.75 2
      vertex -0.221894 126.315 2
      vertex -0.439992 126.358 2
    endloop
  endfacet
  facet normal 0 0 1
    outer loop
      vertex 3.39999 95 2
      vertex 1.03489 62.3487 2
      vertex 1.20208 62.2021 2
    endloop
  endfacet
  facet normal 0 0 1
    outer loop
      vertex -2.75 98.75 2
      vertex -0.439992 126.358 2
      vertex -0.650561 126.429 2
    endloop
  endfacet
  facet normal 0 -0 1
    outer loop
      vertex 0.849999 62.4722 2
      vertex 3.39999 95 2
      vertex -2.04289 91.5429 2
    endloop
  endfacet
  facet normal 0 0 1
    outer loop
      vertex -10 98.75 2
      vertex -0.650561 126.429 2
      vertex -0.849999 126.528 2
    endloop
  endfacet
  facet normal 0 0 1
    outer loop
      vertex 3.39999 95 2
      vertex 0.849999 62.4722 2
      vertex 1.03489 62.3487 2
    endloop
  endfacet
  facet normal 0 0 1
    outer loop
      vertex -10 98.75 2
      vertex -0.849999 126.528 2
      vertex -1.03489 126.651 2
    endloop
  endfacet
  facet normal -0 0 1
    outer loop
      vertex -2.14124 91.4566 2
      vertex 0.849999 62.4722 2
      vertex -2.04289 91.5429 2
    endloop
  endfacet
  facet normal 0 0 1
    outer loop
      vertex -10 98.75 2
      vertex -1.03489 126.651 2
      vertex -1.20208 126.798 2
    endloop
  endfacet
  facet normal 0 0 1
    outer loop
      vertex 0.849999 62.4722 2
      vertex -2.14124 91.4566 2
      vertex 0.650561 62.5706 2
    endloop
  endfacet
  facet normal 0 0 1
    outer loop
      vertex -10 98.75 2
      vertex -1.20208 126.798 2
      vertex -1.3487 126.965 2
    endloop
  endfacet
  facet normal -0 0 1
    outer loop
      vertex -2.25 91.384 2
      vertex 0.650561 62.5706 2
      vertex -2.14124 91.4566 2
    endloop
  endfacet
  facet normal 0 0 1
    outer loop
      vertex -10 133 2
      vertex -1.3487 126.965 2
      vertex -1.47224 127.15 2
    endloop
  endfacet
  facet normal 0 0 1
    outer loop
      vertex 0.650561 62.5706 2
      vertex -2.25 91.384 2
      vertex 0.439992 62.6421 2
    endloop
  endfacet
  facet normal 0 0 1
    outer loop
      vertex -10 133 2
      vertex -1.47224 127.15 2
      vertex -1.57059 127.349 2
    endloop
  endfacet
  facet normal -0 0 1
    outer loop
      vertex -2.36731 91.3261 2
      vertex 0.439992 62.6421 2
      vertex -2.25 91.384 2
    endloop
  endfacet
  facet normal 0 0 1
    outer loop
      vertex -10 133 2
      vertex -1.57059 127.349 2
      vertex -1.64207 127.56 2
    endloop
  endfacet
  facet normal 0 0 1
    outer loop
      vertex 0.439992 62.6421 2
      vertex -2.36731 91.3261 2
      vertex 0.221894 62.6855 2
    endloop
  endfacet
  facet normal 0 0 1
    outer loop
      vertex -10 133 2
      vertex -1.64207 127.56 2
      vertex -1.68546 127.778 2
    endloop
  endfacet
  facet normal -0 0 1
    outer loop
      vertex -2.49118 91.2841 2
      vertex 0.221894 62.6855 2
      vertex -2.36731 91.3261 2
    endloop
  endfacet
  facet normal 0 0 1
    outer loop
      vertex -10 133 2
      vertex -1.68546 127.778 2
      vertex -1.7 128 2
    endloop
  endfacet
  facet normal 0 0 1
    outer loop
      vertex 0.221894 62.6855 2
      vertex -2.49118 91.2841 2
      vertex 0 62.7 2
    endloop
  endfacet
  facet normal 0 0 1
    outer loop
      vertex 10 133 2
      vertex 6.59999 95 2
      vertex 10 10 2
    endloop
  endfacet
  facet normal 0 0 1
    outer loop
      vertex 10 133 2
      vertex 6.5863 95.2088 2
      vertex 6.59999 95 2
    endloop
  endfacet
  facet normal 0 0 1
    outer loop
      vertex 10 133 2
      vertex 6.54547 95.4141 2
      vertex 6.5863 95.2088 2
    endloop
  endfacet
  facet normal 0 0 1
    outer loop
      vertex 10 133 2
      vertex 6.4782 95.6123 2
      vertex 6.54547 95.4141 2
    endloop
  endfacet
  facet normal 0 0 1
    outer loop
      vertex 10 133 2
      vertex 6.38564 95.8 2
      vertex 6.4782 95.6123 2
    endloop
  endfacet
  facet normal 0 0 1
    outer loop
      vertex 10 133 2
      vertex 6.26936 95.974 2
      vertex 6.38564 95.8 2
    endloop
  endfacet
  facet normal 0 0 1
    outer loop
      vertex 10 133 2
      vertex 6.13136 96.1314 2
      vertex 6.26936 95.974 2
    endloop
  endfacet
  facet normal 0 0 1
    outer loop
      vertex 10 133 2
      vertex 5.97401 96.2694 2
      vertex 6.13136 96.1314 2
    endloop
  endfacet
  facet normal 0 0 1
    outer loop
      vertex 10 133 2
      vertex 5.79999 96.3856 2
      vertex 5.97401 96.2694 2
    endloop
  endfacet
  facet normal 0 0 1
    outer loop
      vertex 1.68546 127.778 2
      vertex 10 133 2
      vertex 1.7 128 2
    endloop
  endfacet
  facet normal 0 0 1
    outer loop
      vertex 1.64207 127.56 2
      vertex 10 133 2
      vertex 1.68546 127.778 2
    endloop
  endfacet
  facet normal 0 0 1
    outer loop
      vertex 1.57059 127.349 2
      vertex 10 133 2
      vertex 1.64207 127.56 2
    endloop
  endfacet
  facet normal 0 0 1
    outer loop
      vertex 1.47224 127.15 2
      vertex 10 133 2
      vertex 1.57059 127.349 2
    endloop
  endfacet
  facet normal 0 0 1
    outer loop
      vertex 1.3487 126.965 2
      vertex 10 133 2
      vertex 1.47224 127.15 2
    endloop
  endfacet
  facet normal 0 0 1
    outer loop
      vertex 10 133 2
      vertex 1.3487 126.965 2
      vertex 5.79999 96.3856 2
    endloop
  endfacet
  facet normal -0 0 1
    outer loop
      vertex 1.20208 126.798 2
      vertex 5.79999 96.3856 2
      vertex 1.3487 126.965 2
    endloop
  endfacet
  facet normal 0 0 1
    outer loop
      vertex 5.79999 96.3856 2
      vertex 1.20208 126.798 2
      vertex 5.61229 96.4782 2
    endloop
  endfacet
  facet normal -0 0 1
    outer loop
      vertex 1.03489 126.651 2
      vertex 5.61229 96.4782 2
      vertex 1.20208 126.798 2
    endloop
  endfacet
  facet normal 0 0 1
    outer loop
      vertex 5.61229 96.4782 2
      vertex 1.03489 126.651 2
      vertex 5.41411 96.5455 2
    endloop
  endfacet
  facet normal -0 0 1
    outer loop
      vertex 0.849999 126.528 2
      vertex 5.41411 96.5455 2
      vertex 1.03489 126.651 2
    endloop
  endfacet
  facet normal 0 0 1
    outer loop
      vertex 5.41411 96.5455 2
      vertex 0.849999 126.528 2
      vertex 5.20883 96.5863 2
    endloop
  endfacet
  facet normal -0 0 1
    outer loop
      vertex 0.650561 126.429 2
      vertex 5.20883 96.5863 2
      vertex 0.849999 126.528 2
    endloop
  endfacet
  facet normal 0 0 1
    outer loop
      vertex 5.20883 96.5863 2
      vertex 0.650561 126.429 2
      vertex 5 96.6 2
    endloop
  endfacet
  facet normal -0 0 1
    outer loop
      vertex -2.25 98.616 2
      vertex 5 96.6 2
      vertex 0.650561 126.429 2
    endloop
  endfacet
  facet normal 0 0 1
    outer loop
      vertex 5 96.6 2
      vertex -2.14124 98.5434 2
      vertex 4.79115 96.5863 2
    endloop
  endfacet
  facet normal -0 -0 1
    outer loop
      vertex -2.14124 98.5434 2
      vertex 5 96.6 2
      vertex -2.25 98.616 2
    endloop
  endfacet
  facet normal 0 0 1
    outer loop
      vertex 10 133 2
      vertex 1.68546 128.222 2
      vertex 1.7 128 2
    endloop
  endfacet
  facet normal 0 0 1
    outer loop
      vertex 10 133 2
      vertex 1.64207 128.44 2
      vertex 1.68546 128.222 2
    endloop
  endfacet
  facet normal 0 0 1
    outer loop
      vertex 10 133 2
      vertex 1.57059 128.651 2
      vertex 1.64207 128.44 2
    endloop
  endfacet
  facet normal 0 0 1
    outer loop
      vertex 10 133 2
      vertex 1.47224 128.85 2
      vertex 1.57059 128.651 2
    endloop
  endfacet
  facet normal 0 0 1
    outer loop
      vertex 10 133 2
      vertex 1.3487 129.035 2
      vertex 1.47224 128.85 2
    endloop
  endfacet
  facet normal 0 0 1
    outer loop
      vertex 10 133 2
      vertex 1.20208 129.202 2
      vertex 1.3487 129.035 2
    endloop
  endfacet
  facet normal 0 0 1
    outer loop
      vertex 10 133 2
      vertex 1.03489 129.349 2
      vertex 1.20208 129.202 2
    endloop
  endfacet
  facet normal 0 0 1
    outer loop
      vertex 10 133 2
      vertex 0.849999 129.472 2
      vertex 1.03489 129.349 2
    endloop
  endfacet
  facet normal 0 0 1
    outer loop
      vertex 10 133 2
      vertex 0.650561 129.571 2
      vertex 0.849999 129.472 2
    endloop
  endfacet
  facet normal 0 0 1
    outer loop
      vertex 10 133 2
      vertex 0.439992 129.642 2
      vertex 0.650561 129.571 2
    endloop
  endfacet
  facet normal 0 0 1
    outer loop
      vertex 10 133 2
      vertex 0.221894 129.685 2
      vertex 0.439992 129.642 2
    endloop
  endfacet
  facet normal 0 0 1
    outer loop
      vertex 10 133 2
      vertex 0 129.7 2
      vertex 0.221894 129.685 2
    endloop
  endfacet
  facet normal -0 0 1
    outer loop
      vertex -10 133 2
      vertex 0 129.7 2
      vertex 10 133 2
    endloop
  endfacet
  facet normal 0 0 1
    outer loop
      vertex 0 129.7 2
      vertex -10 133 2
      vertex -0.221894 129.685 2
    endloop
  endfacet
  facet normal -0 0 1
    outer loop
      vertex -2.61948 91.2586 2
      vertex 0 62.7 2
      vertex -2.49118 91.2841 2
    endloop
  endfacet
  facet normal 0 0 1
    outer loop
      vertex 3.41368 95.2088 2
      vertex -1.75 97.75 2
      vertex 3.39999 95 2
    endloop
  endfacet
  facet normal 0 0 1
    outer loop
      vertex 3.45451 95.4141 2
      vertex -1.75 97.75 2
      vertex 3.41368 95.2088 2
    endloop
  endfacet
  facet normal 0 0 1
    outer loop
      vertex 3.52179 95.6123 2
      vertex -1.75 97.75 2
      vertex 3.45451 95.4141 2
    endloop
  endfacet
  facet normal 0 0 1
    outer loop
      vertex 3.61435 95.8 2
      vertex -1.75 97.75 2
      vertex 3.52179 95.6123 2
    endloop
  endfacet
  facet normal 0 0 1
    outer loop
      vertex 3.73062 95.974 2
      vertex -1.75 97.75 2
      vertex 3.61435 95.8 2
    endloop
  endfacet
  facet normal -0 -0 1
    outer loop
      vertex -1.75 97.75 2
      vertex 3.73062 95.974 2
      vertex -1.75856 97.8805 2
    endloop
  endfacet
  facet normal 0 0 1
    outer loop
      vertex 4.02597 96.2694 2
      vertex -1.78407 98.0088 2
      vertex 3.86862 96.1314 2
    endloop
  endfacet
  facet normal 0 0 1
    outer loop
      vertex 4.58588 96.5455 2
      vertex -1.95665 98.3588 2
      vertex 4.3877 96.4782 2
    endloop
  endfacet
  facet normal 0 0 1
    outer loop
      vertex 0.439992 126.358 2
      vertex -2.36731 98.6739 2
      vertex -2.25 98.616 2
    endloop
  endfacet
  facet normal 0 0 1
    outer loop
      vertex 0.221894 126.315 2
      vertex -2.49118 98.7159 2
      vertex -2.36731 98.6739 2
    endloop
  endfacet
  facet normal 0 0 1
    outer loop
      vertex 0 126.3 2
      vertex -2.61948 98.7414 2
      vertex -2.49118 98.7159 2
    endloop
  endfacet
  facet normal 0 0 1
    outer loop
      vertex -0.221894 126.315 2
      vertex -2.75 98.75 2
      vertex -2.61948 98.7414 2
    endloop
  endfacet
  facet normal 0 0 1
    outer loop
      vertex -0.221894 129.685 2
      vertex -10 133 2
      vertex -0.439992 129.642 2
    endloop
  endfacet
  facet normal 0 0 1
    outer loop
      vertex -10 133 2
      vertex -0.650561 129.571 2
      vertex -0.439992 129.642 2
    endloop
  endfacet
  facet normal 0 0 1
    outer loop
      vertex -10 133 2
      vertex -0.849999 129.472 2
      vertex -0.650561 129.571 2
    endloop
  endfacet
  facet normal 0 0 1
    outer loop
      vertex -10 133 2
      vertex -1.03489 129.349 2
      vertex -0.849999 129.472 2
    endloop
  endfacet
  facet normal 0 0 1
    outer loop
      vertex -10 133 2
      vertex -1.20208 129.202 2
      vertex -1.03489 129.349 2
    endloop
  endfacet
  facet normal 0 0 1
    outer loop
      vertex -10 133 2
      vertex -1.3487 129.035 2
      vertex -1.20208 129.202 2
    endloop
  endfacet
  facet normal 0 0 1
    outer loop
      vertex -10 133 2
      vertex -1.47224 128.85 2
      vertex -1.3487 129.035 2
    endloop
  endfacet
  facet normal 0 0 1
    outer loop
      vertex -10 133 2
      vertex -1.57059 128.651 2
      vertex -1.47224 128.85 2
    endloop
  endfacet
  facet normal 0 0 1
    outer loop
      vertex -10 133 2
      vertex -1.64207 128.44 2
      vertex -1.57059 128.651 2
    endloop
  endfacet
  facet normal 0 0 1
    outer loop
      vertex -10 133 2
      vertex -1.68546 128.222 2
      vertex -1.64207 128.44 2
    endloop
  endfacet
  facet normal 0 0 1
    outer loop
      vertex -10 133 2
      vertex -1.7 128 2
      vertex -1.68546 128.222 2
    endloop
  endfacet
  facet normal 0 0 1
    outer loop
      vertex -1.3487 126.965 2
      vertex -10 133 2
      vertex -10 98.75 2
    endloop
  endfacet
  facet normal 0 0 1
    outer loop
      vertex -0.650561 126.429 2
      vertex -10 98.75 2
      vertex -2.75 98.75 2
    endloop
  endfacet
  facet normal -0 0 1
    outer loop
      vertex 6.5863 94.7912 2
      vertex 10 10 2
      vertex 6.59999 95 2
    endloop
  endfacet
  facet normal -0 0 1
    outer loop
      vertex 6.54547 94.5859 2
      vertex 10 10 2
      vertex 6.5863 94.7912 2
    endloop
  endfacet
  facet normal 0 0 1
    outer loop
      vertex 1.7 61 2
      vertex 6.54547 94.5859 2
      vertex 6.4782 94.3877 2
    endloop
  endfacet
  facet normal 0 0 1
    outer loop
      vertex 1.7 61 2
      vertex 6.4782 94.3877 2
      vertex 6.38564 94.2 2
    endloop
  endfacet
  facet normal 0 0 1
    outer loop
      vertex 1.7 61 2
      vertex 6.38564 94.2 2
      vertex 6.26936 94.026 2
    endloop
  endfacet
  facet normal 0 0 1
    outer loop
      vertex 1.7 61 2
      vertex 6.26936 94.026 2
      vertex 6.13136 93.8686 2
    endloop
  endfacet
  facet normal 0 0 1
    outer loop
      vertex 1.7 61 2
      vertex 6.13136 93.8686 2
      vertex 5.97401 93.7306 2
    endloop
  endfacet
  facet normal 0 0 1
    outer loop
      vertex 1.7 61 2
      vertex 5.97401 93.7306 2
      vertex 5.79999 93.6144 2
    endloop
  endfacet
  facet normal 0 0 1
    outer loop
      vertex 1.7 61 2
      vertex 5.79999 93.6144 2
      vertex 5.61229 93.5218 2
    endloop
  endfacet
  facet normal 0 0 1
    outer loop
      vertex 1.7 61 2
      vertex 5.61229 93.5218 2
      vertex 5.41411 93.4545 2
    endloop
  endfacet
  facet normal 0 0 1
    outer loop
      vertex 1.7 61 2
      vertex 5.41411 93.4545 2
      vertex 5.20883 93.4137 2
    endloop
  endfacet
  facet normal 0 0 1
    outer loop
      vertex 1.7 61 2
      vertex 5.20883 93.4137 2
      vertex 5 93.4 2
    endloop
  endfacet
  facet normal 0 0 1
    outer loop
      vertex 1.7 61 2
      vertex 5 93.4 2
      vertex 4.79115 93.4137 2
    endloop
  endfacet
  facet normal 0 0 1
    outer loop
      vertex 1.7 61 2
      vertex 4.79115 93.4137 2
      vertex 4.58588 93.4545 2
    endloop
  endfacet
  facet normal 0 0 1
    outer loop
      vertex 1.7 61 2
      vertex 4.58588 93.4545 2
      vertex 4.3877 93.5218 2
    endloop
  endfacet
  facet normal 0 0 1
    outer loop
      vertex 1.7 61 2
      vertex 4.3877 93.5218 2
      vertex 4.2 93.6144 2
    endloop
  endfacet
  facet normal 0 0 1
    outer loop
      vertex 1.7 61 2
      vertex 4.2 93.6144 2
      vertex 4.02597 93.7306 2
    endloop
  endfacet
  facet normal 0 0 1
    outer loop
      vertex 1.7 61 2
      vertex 4.02597 93.7306 2
      vertex 3.86862 93.8686 2
    endloop
  endfacet
  facet normal 0 0 1
    outer loop
      vertex 1.7 61 2
      vertex 3.86862 93.8686 2
      vertex 3.73062 94.026 2
    endloop
  endfacet
  facet normal 0 0 1
    outer loop
      vertex 1.7 61 2
      vertex 3.73062 94.026 2
      vertex 3.61435 94.2 2
    endloop
  endfacet
  facet normal 0 0 1
    outer loop
      vertex 1.7 61 2
      vertex 3.61435 94.2 2
      vertex 3.52179 94.3877 2
    endloop
  endfacet
  facet normal 0 0 1
    outer loop
      vertex 1.7 61 2
      vertex 3.52179 94.3877 2
      vertex 3.45451 94.5859 2
    endloop
  endfacet
  facet normal 0 0 1
    outer loop
      vertex 1.7 61 2
      vertex 3.45451 94.5859 2
      vertex 3.41368 94.7912 2
    endloop
  endfacet
  facet normal -0 -0 1
    outer loop
      vertex -2.04289 98.4571 2
      vertex 4.79115 96.5863 2
      vertex -2.14124 98.5434 2
    endloop
  endfacet
  facet normal 0 0 1
    outer loop
      vertex 1.7 61 2
      vertex 3.41368 94.7912 2
      vertex 3.39999 95 2
    endloop
  endfacet
  facet normal 0 0 1
    outer loop
      vertex 6.54547 94.5859 2
      vertex 1.7 61 2
      vertex 10 10 2
    endloop
  endfacet
  facet normal -0 0 1
    outer loop
      vertex 1.68546 60.7781 2
      vertex 10 10 2
      vertex 1.7 61 2
    endloop
  endfacet
  facet normal -0 0 1
    outer loop
      vertex 1.64207 60.56 2
      vertex 10 10 2
      vertex 1.68546 60.7781 2
    endloop
  endfacet
  facet normal -0 0 1
    outer loop
      vertex 1.57059 60.3494 2
      vertex 10 10 2
      vertex 1.64207 60.56 2
    endloop
  endfacet
  facet normal -0 0 1
    outer loop
      vertex 1.47224 60.15 2
      vertex 10 10 2
      vertex 1.57059 60.3494 2
    endloop
  endfacet
  facet normal -0 0 1
    outer loop
      vertex 1.3487 59.9651 2
      vertex 10 10 2
      vertex 1.47224 60.15 2
    endloop
  endfacet
  facet normal -0 0 1
    outer loop
      vertex 1.20208 59.7979 2
      vertex 10 10 2
      vertex 1.3487 59.9651 2
    endloop
  endfacet
  facet normal -0 0 1
    outer loop
      vertex 1.03489 59.6513 2
      vertex 10 10 2
      vertex 1.20208 59.7979 2
    endloop
  endfacet
  facet normal -0 0 1
    outer loop
      vertex 0.849999 59.5278 2
      vertex 10 10 2
      vertex 1.03489 59.6513 2
    endloop
  endfacet
  facet normal -0 0 1
    outer loop
      vertex 0.650561 59.4294 2
      vertex 10 10 2
      vertex 0.849999 59.5278 2
    endloop
  endfacet
  facet normal -0 0 1
    outer loop
      vertex 0.439992 59.3579 2
      vertex 10 10 2
      vertex 0.650561 59.4294 2
    endloop
  endfacet
  facet normal -0 0 1
    outer loop
      vertex 0.221894 59.3145 2
      vertex 10 10 2
      vertex 0.439992 59.3579 2
    endloop
  endfacet
  facet normal -0 0 1
    outer loop
      vertex 0 59.3 2
      vertex 10 10 2
      vertex 0.221894 59.3145 2
    endloop
  endfacet
  facet normal 0 0 1
    outer loop
      vertex -10 10 2
      vertex 0 59.3 2
      vertex -0.221894 59.3145 2
    endloop
  endfacet
  facet normal 0 0 1
    outer loop
      vertex -10 10 2
      vertex -0.221894 59.3145 2
      vertex -0.439992 59.3579 2
    endloop
  endfacet
  facet normal 0 0 1
    outer loop
      vertex -10 10 2
      vertex -0.439992 59.3579 2
      vertex -0.650561 59.4294 2
    endloop
  endfacet
  facet normal 0 0 1
    outer loop
      vertex -10 10 2
      vertex -0.650561 59.4294 2
      vertex -0.849999 59.5278 2
    endloop
  endfacet
  facet normal 0 0 1
    outer loop
      vertex -10 10 2
      vertex -0.849999 59.5278 2
      vertex -1.03489 59.6513 2
    endloop
  endfacet
  facet normal 0 0 1
    outer loop
      vertex -10 10 2
      vertex -1.03489 59.6513 2
      vertex -1.20208 59.7979 2
    endloop
  endfacet
  facet normal 0 0 1
    outer loop
      vertex -10 10 2
      vertex -1.20208 59.7979 2
      vertex -1.3487 59.9651 2
    endloop
  endfacet
  facet normal 0 0 1
    outer loop
      vertex -10 10 2
      vertex -1.3487 59.9651 2
      vertex -1.47224 60.15 2
    endloop
  endfacet
  facet normal 0 0 1
    outer loop
      vertex -10 10 2
      vertex -1.47224 60.15 2
      vertex -1.57059 60.3494 2
    endloop
  endfacet
  facet normal 0 0 1
    outer loop
      vertex -10 10 2
      vertex -1.57059 60.3494 2
      vertex -1.64207 60.56 2
    endloop
  endfacet
  facet normal 0 0 1
    outer loop
      vertex 0 62.7 2
      vertex -2.61948 91.2586 2
      vertex -0.221894 62.6855 2
    endloop
  endfacet
  facet normal -0 0 1
    outer loop
      vertex -2.75 91.25 2
      vertex -0.221894 62.6855 2
      vertex -2.61948 91.2586 2
    endloop
  endfacet
  facet normal 0 0 1
    outer loop
      vertex -0.221894 62.6855 2
      vertex -2.75 91.25 2
      vertex -0.439992 62.6421 2
    endloop
  endfacet
  facet normal 0 0 1
    outer loop
      vertex -0.439992 62.6421 2
      vertex -2.75 91.25 2
      vertex -0.650561 62.5706 2
    endloop
  endfacet
  facet normal -0 0 1
    outer loop
      vertex -10 91.25 2
      vertex -0.650561 62.5706 2
      vertex -2.75 91.25 2
    endloop
  endfacet
  facet normal 0 0 1
    outer loop
      vertex -0.650561 62.5706 2
      vertex -10 91.25 2
      vertex -0.849999 62.4722 2
    endloop
  endfacet
  facet normal 0 0 1
    outer loop
      vertex -0.849999 62.4722 2
      vertex -10 91.25 2
      vertex -1.03489 62.3487 2
    endloop
  endfacet
  facet normal 0 0 1
    outer loop
      vertex -1.03489 62.3487 2
      vertex -10 91.25 2
      vertex -1.20208 62.2021 2
    endloop
  endfacet
  facet normal 0 0 1
    outer loop
      vertex -1.20208 62.2021 2
      vertex -10 91.25 2
      vertex -1.3487 62.0349 2
    endloop
  endfacet
  facet normal 0 0 1
    outer loop
      vertex -1.3487 62.0349 2
      vertex -10 91.25 2
      vertex -1.47224 61.85 2
    endloop
  endfacet
  facet normal 0 0 1
    outer loop
      vertex -1.47224 61.85 2
      vertex -10 91.25 2
      vertex -1.57059 61.6506 2
    endloop
  endfacet
  facet normal 0 0 1
    outer loop
      vertex -1.57059 61.6506 2
      vertex -10 91.25 2
      vertex -1.64207 61.44 2
    endloop
  endfacet
  facet normal 0 0 1
    outer loop
      vertex -1.64207 61.44 2
      vertex -10 91.25 2
      vertex -1.68546 61.2219 2
    endloop
  endfacet
  facet normal 0 0 1
    outer loop
      vertex -1.68546 61.2219 2
      vertex -10 91.25 2
      vertex -1.7 61 2
    endloop
  endfacet
  facet normal 0 0 1
    outer loop
      vertex -10 91.25 2
      vertex -1.68546 60.7781 2
      vertex -1.7 61 2
    endloop
  endfacet
  facet normal 0 0 1
    outer loop
      vertex -10 10 2
      vertex -1.68546 60.7781 2
      vertex -10 91.25 2
    endloop
  endfacet
  facet normal 0 0 1
    outer loop
      vertex -1.68546 60.7781 2
      vertex -10 10 2
      vertex -1.64207 60.56 2
    endloop
  endfacet
  facet normal 0 0 1
    outer loop
      vertex 0 59.3 2
      vertex -10 10 2
      vertex 10 10 2
    endloop
  endfacet
  facet normal 0 0 -1
    outer loop
      vertex -10 -10 2
      vertex -57.6333 0 2
      vertex -10 10 2
    endloop
  endfacet
  facet normal 0 0 -1
    outer loop
      vertex -10 -10 2
      vertex -57.6479 -0.221894 2
      vertex -57.6333 0 2
    endloop
  endfacet
  facet normal 0 0 -1
    outer loop
      vertex -10 -10 2
      vertex -57.6913 -0.439992 2
      vertex -57.6479 -0.221894 2
    endloop
  endfacet
  facet normal 0 0 -1
    outer loop
      vertex -10 -10 2
      vertex -57.7627 -0.650561 2
      vertex -57.6913 -0.439992 2
    endloop
  endfacet
  facet normal 0 0 -1
    outer loop
      vertex -10 -10 2
      vertex -57.8611 -0.849999 2
      vertex -57.7627 -0.650561 2
    endloop
  endfacet
  facet normal 0 0 -1
    outer loop
      vertex -10 -10 2
      vertex -57.9846 -1.03489 2
      vertex -57.8611 -0.849999 2
    endloop
  endfacet
  facet normal 0 0 -1
    outer loop
      vertex -10 -10 2
      vertex -58.1313 -1.20208 2
      vertex -57.9846 -1.03489 2
    endloop
  endfacet
  facet normal 0 0 -1
    outer loop
      vertex -10 -10 2
      vertex -58.2984 -1.3487 2
      vertex -58.1313 -1.20208 2
    endloop
  endfacet
  facet normal 0 0 -1
    outer loop
      vertex -10 -10 2
      vertex -58.4833 -1.47224 2
      vertex -58.2984 -1.3487 2
    endloop
  endfacet
  facet normal 0 0 -1
    outer loop
      vertex -10 -10 2
      vertex -58.6828 -1.57059 2
      vertex -58.4833 -1.47224 2
    endloop
  endfacet
  facet normal 0 0 -1
    outer loop
      vertex -10 -10 2
      vertex -58.8933 -1.64207 2
      vertex -58.6828 -1.57059 2
    endloop
  endfacet
  facet normal 0 0 -1
    outer loop
      vertex -10 -10 2
      vertex -59.1114 -1.68546 2
      vertex -58.8933 -1.64207 2
    endloop
  endfacet
  facet normal 0 0 -1
    outer loop
      vertex -10 -10 2
      vertex -59.3333 -1.7 2
      vertex -59.1114 -1.68546 2
    endloop
  endfacet
  facet normal 0 0 -1
    outer loop
      vertex -10 -10 2
      vertex -59.5552 -1.68546 2
      vertex -59.3333 -1.7 2
    endloop
  endfacet
  facet normal 0 0 -1
    outer loop
      vertex -61.0188 -0.221894 2
      vertex -116.967 0 2
      vertex -61.0333 0 2
    endloop
  endfacet
  facet normal 0 0 -1
    outer loop
      vertex -116.981 -0.221894 2
      vertex -61.0188 -0.221894 2
      vertex -60.9754 -0.439992 2
    endloop
  endfacet
  facet normal 0 0 -1
    outer loop
      vertex -117.025 -0.439992 2
      vertex -60.9754 -0.439992 2
      vertex -60.9039 -0.650561 2
    endloop
  endfacet
  facet normal 0 0 -1
    outer loop
      vertex -117.096 -0.650561 2
      vertex -60.9039 -0.650561 2
      vertex -60.8056 -0.849999 2
    endloop
  endfacet
  facet normal 0 0 -1
    outer loop
      vertex -117.194 -0.849999 2
      vertex -60.8056 -0.849999 2
      vertex -60.682 -1.03489 2
    endloop
  endfacet
  facet normal 0 0 -1
    outer loop
      vertex -117.318 -1.03489 2
      vertex -60.682 -1.03489 2
      vertex -60.5354 -1.20208 2
    endloop
  endfacet
  facet normal 0 0 -1
    outer loop
      vertex -117.465 -1.20208 2
      vertex -60.5354 -1.20208 2
      vertex -60.3682 -1.3487 2
    endloop
  endfacet
  facet normal 0 0 -1
    outer loop
      vertex -117.632 -1.3487 2
      vertex -60.3682 -1.3487 2
      vertex -60.1833 -1.47224 2
    endloop
  endfacet
  facet normal 0 0 -1
    outer loop
      vertex -117.817 -1.47224 2
      vertex -60.1833 -1.47224 2
      vertex -59.9839 -1.57059 2
    endloop
  endfacet
  facet normal 0 0 -1
    outer loop
      vertex -118.016 -1.57059 2
      vertex -59.9839 -1.57059 2
      vertex -59.7733 -1.64207 2
    endloop
  endfacet
  facet normal 0 0 -1
    outer loop
      vertex -118.227 -1.64207 2
      vertex -59.7733 -1.64207 2
      vertex -59.5552 -1.68546 2
    endloop
  endfacet
  facet normal 0 0 -1
    outer loop
      vertex -118.445 -1.68546 2
      vertex -59.5552 -1.68546 2
      vertex -10 -10 2
    endloop
  endfacet
  facet normal 0 0 -1
    outer loop
      vertex -61.0188 -0.221894 2
      vertex -116.981 -0.221894 2
      vertex -116.967 0 2
    endloop
  endfacet
  facet normal 0 0 -1
    outer loop
      vertex -60.9754 -0.439992 2
      vertex -117.025 -0.439992 2
      vertex -116.981 -0.221894 2
    endloop
  endfacet
  facet normal 0 0 -1
    outer loop
      vertex -60.9039 -0.650561 2
      vertex -117.096 -0.650561 2
      vertex -117.025 -0.439992 2
    endloop
  endfacet
  facet normal 0 0 -1
    outer loop
      vertex -60.8056 -0.849999 2
      vertex -117.194 -0.849999 2
      vertex -117.096 -0.650561 2
    endloop
  endfacet
  facet normal 0 0 -1
    outer loop
      vertex -60.682 -1.03489 2
      vertex -117.318 -1.03489 2
      vertex -117.194 -0.849999 2
    endloop
  endfacet
  facet normal 0 0 -1
    outer loop
      vertex -60.5354 -1.20208 2
      vertex -117.465 -1.20208 2
      vertex -117.318 -1.03489 2
    endloop
  endfacet
  facet normal 0 0 -1
    outer loop
      vertex -60.3682 -1.3487 2
      vertex -117.632 -1.3487 2
      vertex -117.465 -1.20208 2
    endloop
  endfacet
  facet normal 0 0 -1
    outer loop
      vertex -60.1833 -1.47224 2
      vertex -117.817 -1.47224 2
      vertex -117.632 -1.3487 2
    endloop
  endfacet
  facet normal 0 0 -1
    outer loop
      vertex -59.9839 -1.57059 2
      vertex -118.016 -1.57059 2
      vertex -117.817 -1.47224 2
    endloop
  endfacet
  facet normal 0 0 -1
    outer loop
      vertex -59.7733 -1.64207 2
      vertex -118.227 -1.64207 2
      vertex -118.016 -1.57059 2
    endloop
  endfacet
  facet normal 0 0 -1
    outer loop
      vertex -59.5552 -1.68546 2
      vertex -118.445 -1.68546 2
      vertex -118.227 -1.64207 2
    endloop
  endfacet
  facet normal 0 0 -1
    outer loop
      vertex -10 -10 2
      vertex -118.667 -1.7 2
      vertex -118.445 -1.68546 2
    endloop
  endfacet
  facet normal 0 0 -1
    outer loop
      vertex -189 -10 2
      vertex -118.667 -1.7 2
      vertex -10 -10 2
    endloop
  endfacet
  facet normal 0 0 -1
    outer loop
      vertex -120.352 -0.221894 2
      vertex -181.3 0 2
      vertex -120.367 0 2
    endloop
  endfacet
  facet normal 0 0 -1
    outer loop
      vertex -181.315 -0.221894 2
      vertex -120.352 -0.221894 2
      vertex -120.309 -0.439992 2
    endloop
  endfacet
  facet normal 0 0 -1
    outer loop
      vertex -181.358 -0.439992 2
      vertex -120.309 -0.439992 2
      vertex -120.237 -0.650561 2
    endloop
  endfacet
  facet normal 0 0 -1
    outer loop
      vertex -181.429 -0.650561 2
      vertex -120.237 -0.650561 2
      vertex -120.139 -0.849999 2
    endloop
  endfacet
  facet normal 0 0 -1
    outer loop
      vertex -181.528 -0.849999 2
      vertex -120.139 -0.849999 2
      vertex -120.015 -1.03489 2
    endloop
  endfacet
  facet normal 0 0 -1
    outer loop
      vertex -181.651 -1.03489 2
      vertex -120.015 -1.03489 2
      vertex -119.869 -1.20208 2
    endloop
  endfacet
  facet normal 0 0 -1
    outer loop
      vertex -189 -10 2
      vertex -119.869 -1.20208 2
      vertex -119.702 -1.3487 2
    endloop
  endfacet
  facet normal 0 0 -1
    outer loop
      vertex -189 -10 2
      vertex -119.702 -1.3487 2
      vertex -119.517 -1.47224 2
    endloop
  endfacet
  facet normal 0 0 -1
    outer loop
      vertex -189 -10 2
      vertex -119.517 -1.47224 2
      vertex -119.317 -1.57059 2
    endloop
  endfacet
  facet normal 0 0 -1
    outer loop
      vertex -189 -10 2
      vertex -119.317 -1.57059 2
      vertex -119.107 -1.64207 2
    endloop
  endfacet
  facet normal 0 0 -1
    outer loop
      vertex -189 -10 2
      vertex -119.107 -1.64207 2
      vertex -118.889 -1.68546 2
    endloop
  endfacet
  facet normal -0 0 -1
    outer loop
      vertex -118.667 -1.7 2
      vertex -189 -10 2
      vertex -118.889 -1.68546 2
    endloop
  endfacet
  facet normal 0 0 -1
    outer loop
      vertex -120.352 -0.221894 2
      vertex -181.315 -0.221894 2
      vertex -181.3 0 2
    endloop
  endfacet
  facet normal 0 0 -1
    outer loop
      vertex -120.309 -0.439992 2
      vertex -181.358 -0.439992 2
      vertex -181.315 -0.221894 2
    endloop
  endfacet
  facet normal 0 0 -1
    outer loop
      vertex -120.237 -0.650561 2
      vertex -181.429 -0.650561 2
      vertex -181.358 -0.439992 2
    endloop
  endfacet
  facet normal 0 0 -1
    outer loop
      vertex -120.139 -0.849999 2
      vertex -181.528 -0.849999 2
      vertex -181.429 -0.650561 2
    endloop
  endfacet
  facet normal 0 0 -1
    outer loop
      vertex -120.015 -1.03489 2
      vertex -181.651 -1.03489 2
      vertex -181.528 -0.849999 2
    endloop
  endfacet
  facet normal 0 0 -1
    outer loop
      vertex -119.869 -1.20208 2
      vertex -181.798 -1.20208 2
      vertex -181.651 -1.03489 2
    endloop
  endfacet
  facet normal -0 0 -1
    outer loop
      vertex -119.869 -1.20208 2
      vertex -189 -10 2
      vertex -181.798 -1.20208 2
    endloop
  endfacet
  facet normal 0 0 -1
    outer loop
      vertex -181.798 -1.20208 2
      vertex -189 -10 2
      vertex -181.965 -1.3487 2
    endloop
  endfacet
  facet normal 0 0 -1
    outer loop
      vertex -181.965 -1.3487 2
      vertex -189 -10 2
      vertex -182.15 -1.47224 2
    endloop
  endfacet
  facet normal 0 0 -1
    outer loop
      vertex -182.15 -1.47224 2
      vertex -189 -10 2
      vertex -182.349 -1.57059 2
    endloop
  endfacet
  facet normal 0 0 -1
    outer loop
      vertex -182.349 -1.57059 2
      vertex -189 -10 2
      vertex -182.56 -1.64207 2
    endloop
  endfacet
  facet normal 0 0 -1
    outer loop
      vertex -182.56 -1.64207 2
      vertex -189 -10 2
      vertex -182.778 -1.68546 2
    endloop
  endfacet
  facet normal -0 0 -1
    outer loop
      vertex -184.685 -0.221894 2
      vertex -189 -10 2
      vertex -184.7 0 2
    endloop
  endfacet
  facet normal -0 0 -1
    outer loop
      vertex -184.642 -0.439992 2
      vertex -189 -10 2
      vertex -184.685 -0.221894 2
    endloop
  endfacet
  facet normal -0 0 -1
    outer loop
      vertex -184.571 -0.650561 2
      vertex -189 -10 2
      vertex -184.642 -0.439992 2
    endloop
  endfacet
  facet normal -0 0 -1
    outer loop
      vertex -184.472 -0.849999 2
      vertex -189 -10 2
      vertex -184.571 -0.650561 2
    endloop
  endfacet
  facet normal -0 0 -1
    outer loop
      vertex -184.349 -1.03489 2
      vertex -189 -10 2
      vertex -184.472 -0.849999 2
    endloop
  endfacet
  facet normal -0 0 -1
    outer loop
      vertex -184.202 -1.20208 2
      vertex -189 -10 2
      vertex -184.349 -1.03489 2
    endloop
  endfacet
  facet normal -0 0 -1
    outer loop
      vertex -184.035 -1.3487 2
      vertex -189 -10 2
      vertex -184.202 -1.20208 2
    endloop
  endfacet
  facet normal -0 0 -1
    outer loop
      vertex -183.85 -1.47224 2
      vertex -189 -10 2
      vertex -184.035 -1.3487 2
    endloop
  endfacet
  facet normal -0 0 -1
    outer loop
      vertex -183.651 -1.57059 2
      vertex -189 -10 2
      vertex -183.85 -1.47224 2
    endloop
  endfacet
  facet normal -0 0 -1
    outer loop
      vertex -183.44 -1.64207 2
      vertex -189 -10 2
      vertex -183.651 -1.57059 2
    endloop
  endfacet
  facet normal -0 0 -1
    outer loop
      vertex -183.222 -1.68546 2
      vertex -189 -10 2
      vertex -183.44 -1.64207 2
    endloop
  endfacet
  facet normal -0 0 -1
    outer loop
      vertex -183 -1.7 2
      vertex -189 -10 2
      vertex -183.222 -1.68546 2
    endloop
  endfacet
  facet normal 0 0 -1
    outer loop
      vertex -182.778 -1.68546 2
      vertex -189 -10 2
      vertex -183 -1.7 2
    endloop
  endfacet
  facet normal 0 0 -1
    outer loop
      vertex -57.6479 0.221894 2
      vertex -10 10 2
      vertex -57.6333 0 2
    endloop
  endfacet
  facet normal 0 0 -1
    outer loop
      vertex -57.6913 0.439992 2
      vertex -10 10 2
      vertex -57.6479 0.221894 2
    endloop
  endfacet
  facet normal 0 0 -1
    outer loop
      vertex -57.7627 0.650561 2
      vertex -10 10 2
      vertex -57.6913 0.439992 2
    endloop
  endfacet
  facet normal 0 0 -1
    outer loop
      vertex -57.8611 0.849999 2
      vertex -10 10 2
      vertex -57.7627 0.650561 2
    endloop
  endfacet
  facet normal 0 0 -1
    outer loop
      vertex -57.9846 1.03489 2
      vertex -10 10 2
      vertex -57.8611 0.849999 2
    endloop
  endfacet
  facet normal 0 0 -1
    outer loop
      vertex -58.1313 1.20208 2
      vertex -10 10 2
      vertex -57.9846 1.03489 2
    endloop
  endfacet
  facet normal 0 0 -1
    outer loop
      vertex -58.2984 1.3487 2
      vertex -10 10 2
      vertex -58.1313 1.20208 2
    endloop
  endfacet
  facet normal 0 0 -1
    outer loop
      vertex -58.4833 1.47224 2
      vertex -10 10 2
      vertex -58.2984 1.3487 2
    endloop
  endfacet
  facet normal 0 0 -1
    outer loop
      vertex -58.6828 1.57059 2
      vertex -10 10 2
      vertex -58.4833 1.47224 2
    endloop
  endfacet
  facet normal 0 0 -1
    outer loop
      vertex -58.8933 1.64207 2
      vertex -10 10 2
      vertex -58.6828 1.57059 2
    endloop
  endfacet
  facet normal 0 0 -1
    outer loop
      vertex -59.1114 1.68546 2
      vertex -10 10 2
      vertex -58.8933 1.64207 2
    endloop
  endfacet
  facet normal 0 0 -1
    outer loop
      vertex -59.3333 1.7 2
      vertex -10 10 2
      vertex -59.1114 1.68546 2
    endloop
  endfacet
  facet normal 0 0 -1
    outer loop
      vertex -59.5552 1.68546 2
      vertex -10 10 2
      vertex -59.3333 1.7 2
    endloop
  endfacet
  facet normal 0 0 -1
    outer loop
      vertex -116.967 0 2
      vertex -61.0188 0.221894 2
      vertex -61.0333 0 2
    endloop
  endfacet
  facet normal 0 0 -1
    outer loop
      vertex -116.981 0.221894 2
      vertex -61.0188 0.221894 2
      vertex -116.967 0 2
    endloop
  endfacet
  facet normal 0 0 -1
    outer loop
      vertex -61.0188 0.221894 2
      vertex -116.981 0.221894 2
      vertex -60.9754 0.439992 2
    endloop
  endfacet
  facet normal 0 0 -1
    outer loop
      vertex -117.025 0.439992 2
      vertex -60.9754 0.439992 2
      vertex -116.981 0.221894 2
    endloop
  endfacet
  facet normal 0 0 -1
    outer loop
      vertex -60.9754 0.439992 2
      vertex -117.025 0.439992 2
      vertex -60.9039 0.650561 2
    endloop
  endfacet
  facet normal 0 0 -1
    outer loop
      vertex -117.096 0.650561 2
      vertex -60.9039 0.650561 2
      vertex -117.025 0.439992 2
    endloop
  endfacet
  facet normal 0 0 -1
    outer loop
      vertex -60.9039 0.650561 2
      vertex -117.096 0.650561 2
      vertex -60.8056 0.849999 2
    endloop
  endfacet
  facet normal 0 0 -1
    outer loop
      vertex -117.194 0.849999 2
      vertex -60.8056 0.849999 2
      vertex -117.096 0.650561 2
    endloop
  endfacet
  facet normal 0 0 -1
    outer loop
      vertex -60.8056 0.849999 2
      vertex -117.194 0.849999 2
      vertex -60.682 1.03489 2
    endloop
  endfacet
  facet normal 0 0 -1
    outer loop
      vertex -117.318 1.03489 2
      vertex -60.682 1.03489 2
      vertex -117.194 0.849999 2
    endloop
  endfacet
  facet normal 0 0 -1
    outer loop
      vertex -60.682 1.03489 2
      vertex -117.318 1.03489 2
      vertex -60.5354 1.20208 2
    endloop
  endfacet
  facet normal 0 0 -1
    outer loop
      vertex -117.465 1.20208 2
      vertex -60.5354 1.20208 2
      vertex -117.318 1.03489 2
    endloop
  endfacet
  facet normal 0 0 -1
    outer loop
      vertex -60.5354 1.20208 2
      vertex -117.465 1.20208 2
      vertex -60.3682 1.3487 2
    endloop
  endfacet
  facet normal 0 0 -1
    outer loop
      vertex -117.632 1.3487 2
      vertex -60.3682 1.3487 2
      vertex -117.465 1.20208 2
    endloop
  endfacet
  facet normal 0 0 -1
    outer loop
      vertex -60.3682 1.3487 2
      vertex -117.632 1.3487 2
      vertex -60.1833 1.47224 2
    endloop
  endfacet
  facet normal 0 0 -1
    outer loop
      vertex -117.817 1.47224 2
      vertex -60.1833 1.47224 2
      vertex -117.632 1.3487 2
    endloop
  endfacet
  facet normal 0 0 -1
    outer loop
      vertex -60.1833 1.47224 2
      vertex -117.817 1.47224 2
      vertex -59.9839 1.57059 2
    endloop
  endfacet
  facet normal 0 0 -1
    outer loop
      vertex -118.016 1.57059 2
      vertex -59.9839 1.57059 2
      vertex -117.817 1.47224 2
    endloop
  endfacet
  facet normal 0 0 -1
    outer loop
      vertex -59.9839 1.57059 2
      vertex -118.016 1.57059 2
      vertex -59.7733 1.64207 2
    endloop
  endfacet
  facet normal 0 0 -1
    outer loop
      vertex -118.227 1.64207 2
      vertex -59.7733 1.64207 2
      vertex -118.016 1.57059 2
    endloop
  endfacet
  facet normal 0 0 -1
    outer loop
      vertex -59.7733 1.64207 2
      vertex -118.227 1.64207 2
      vertex -59.5552 1.68546 2
    endloop
  endfacet
  facet normal 0 0 -1
    outer loop
      vertex -118.445 1.68546 2
      vertex -59.5552 1.68546 2
      vertex -118.227 1.64207 2
    endloop
  endfacet
  facet normal 0 0 -1
    outer loop
      vertex -59.5552 1.68546 2
      vertex -118.445 1.68546 2
      vertex -10 10 2
    endloop
  endfacet
  facet normal 0 0 -1
    outer loop
      vertex -118.667 1.7 2
      vertex -10 10 2
      vertex -118.445 1.68546 2
    endloop
  endfacet
  facet normal 0 0 -1
    outer loop
      vertex -189 10 2
      vertex -118.667 1.7 2
      vertex -118.889 1.68546 2
    endloop
  endfacet
  facet normal 0 0 -1
    outer loop
      vertex -181.3 0 2
      vertex -120.352 0.221894 2
      vertex -120.367 0 2
    endloop
  endfacet
  facet normal 0 0 -1
    outer loop
      vertex -181.315 0.221894 2
      vertex -120.352 0.221894 2
      vertex -181.3 0 2
    endloop
  endfacet
  facet normal 0 0 -1
    outer loop
      vertex -120.352 0.221894 2
      vertex -181.315 0.221894 2
      vertex -120.309 0.439992 2
    endloop
  endfacet
  facet normal 0 0 -1
    outer loop
      vertex -181.358 0.439992 2
      vertex -120.309 0.439992 2
      vertex -181.315 0.221894 2
    endloop
  endfacet
  facet normal 0 0 -1
    outer loop
      vertex -120.309 0.439992 2
      vertex -181.358 0.439992 2
      vertex -120.237 0.650561 2
    endloop
  endfacet
  facet normal 0 0 -1
    outer loop
      vertex -181.429 0.650561 2
      vertex -120.237 0.650561 2
      vertex -181.358 0.439992 2
    endloop
  endfacet
  facet normal 0 0 -1
    outer loop
      vertex -120.237 0.650561 2
      vertex -181.429 0.650561 2
      vertex -120.139 0.849999 2
    endloop
  endfacet
  facet normal 0 0 -1
    outer loop
      vertex -181.528 0.849999 2
      vertex -120.139 0.849999 2
      vertex -181.429 0.650561 2
    endloop
  endfacet
  facet normal 0 0 -1
    outer loop
      vertex -120.139 0.849999 2
      vertex -181.528 0.849999 2
      vertex -120.015 1.03489 2
    endloop
  endfacet
  facet normal 0 0 -1
    outer loop
      vertex -181.651 1.03489 2
      vertex -120.015 1.03489 2
      vertex -181.528 0.849999 2
    endloop
  endfacet
  facet normal 0 0 -1
    outer loop
      vertex -120.015 1.03489 2
      vertex -181.651 1.03489 2
      vertex -119.869 1.20208 2
    endloop
  endfacet
  facet normal 0 0 -1
    outer loop
      vertex -181.798 1.20208 2
      vertex -119.869 1.20208 2
      vertex -181.651 1.03489 2
    endloop
  endfacet
  facet normal 0 0 -1
    outer loop
      vertex -189 10 2
      vertex -119.869 1.20208 2
      vertex -181.798 1.20208 2
    endloop
  endfacet
  facet normal 0 0 -1
    outer loop
      vertex -119.869 1.20208 2
      vertex -189 10 2
      vertex -119.702 1.3487 2
    endloop
  endfacet
  facet normal 0 0 -1
    outer loop
      vertex -119.702 1.3487 2
      vertex -189 10 2
      vertex -119.517 1.47224 2
    endloop
  endfacet
  facet normal 0 0 -1
    outer loop
      vertex -119.517 1.47224 2
      vertex -189 10 2
      vertex -119.317 1.57059 2
    endloop
  endfacet
  facet normal 0 0 -1
    outer loop
      vertex -119.317 1.57059 2
      vertex -189 10 2
      vertex -119.107 1.64207 2
    endloop
  endfacet
  facet normal 0 0 -1
    outer loop
      vertex -119.107 1.64207 2
      vertex -189 10 2
      vertex -118.889 1.68546 2
    endloop
  endfacet
  facet normal 0 0 -1
    outer loop
      vertex -189 10 2
      vertex -181.798 1.20208 2
      vertex -181.965 1.3487 2
    endloop
  endfacet
  facet normal 0 0 -1
    outer loop
      vertex -189 10 2
      vertex -181.965 1.3487 2
      vertex -182.15 1.47224 2
    endloop
  endfacet
  facet normal 0 0 -1
    outer loop
      vertex -189 10 2
      vertex -182.15 1.47224 2
      vertex -182.349 1.57059 2
    endloop
  endfacet
  facet normal 0 0 -1
    outer loop
      vertex -189 10 2
      vertex -182.349 1.57059 2
      vertex -182.56 1.64207 2
    endloop
  endfacet
  facet normal 0 0 -1
    outer loop
      vertex -189 10 2
      vertex -182.56 1.64207 2
      vertex -182.778 1.68546 2
    endloop
  endfacet
  facet normal 0 0 -1
    outer loop
      vertex -189 10 2
      vertex -182.778 1.68546 2
      vertex -183 1.7 2
    endloop
  endfacet
  facet normal 0 0 -1
    outer loop
      vertex -189 10 2
      vertex -184.7 0 2
      vertex -189 -10 2
    endloop
  endfacet
  facet normal 0 0 -1
    outer loop
      vertex -184.7 0 2
      vertex -189 10 2
      vertex -184.685 0.221894 2
    endloop
  endfacet
  facet normal 0 0 -1
    outer loop
      vertex -184.685 0.221894 2
      vertex -189 10 2
      vertex -184.642 0.439992 2
    endloop
  endfacet
  facet normal 0 0 -1
    outer loop
      vertex -118.667 1.7 2
      vertex -189 10 2
      vertex -10 10 2
    endloop
  endfacet
  facet normal 0 0 -1
    outer loop
      vertex -183.222 1.68546 2
      vertex -189 10 2
      vertex -183 1.7 2
    endloop
  endfacet
  facet normal 0 0 -1
    outer loop
      vertex -183.44 1.64207 2
      vertex -189 10 2
      vertex -183.222 1.68546 2
    endloop
  endfacet
  facet normal 0 0 -1
    outer loop
      vertex -183.651 1.57059 2
      vertex -189 10 2
      vertex -183.44 1.64207 2
    endloop
  endfacet
  facet normal 0 0 -1
    outer loop
      vertex -183.85 1.47224 2
      vertex -189 10 2
      vertex -183.651 1.57059 2
    endloop
  endfacet
  facet normal 0 0 -1
    outer loop
      vertex -184.035 1.3487 2
      vertex -189 10 2
      vertex -183.85 1.47224 2
    endloop
  endfacet
  facet normal 0 0 -1
    outer loop
      vertex -184.202 1.20208 2
      vertex -189 10 2
      vertex -184.035 1.3487 2
    endloop
  endfacet
  facet normal 0 0 -1
    outer loop
      vertex -184.349 1.03489 2
      vertex -189 10 2
      vertex -184.202 1.20208 2
    endloop
  endfacet
  facet normal 0 0 -1
    outer loop
      vertex -184.472 0.849999 2
      vertex -189 10 2
      vertex -184.349 1.03489 2
    endloop
  endfacet
  facet normal 0 0 -1
    outer loop
      vertex -184.571 0.650561 2
      vertex -189 10 2
      vertex -184.472 0.849999 2
    endloop
  endfacet
  facet normal 0 0 -1
    outer loop
      vertex -184.642 0.439992 2
      vertex -189 10 2
      vertex -184.571 0.650561 2
    endloop
  endfacet
  facet normal 1 -0 0
    outer loop
      vertex 10 10 2
      vertex 10 133 0
      vertex 10 133 2
    endloop
  endfacet
  facet normal 1 0 0
    outer loop
      vertex 10 133 0
      vertex 10 10 2
      vertex 10 10 0
    endloop
  endfacet
  facet normal 0 -1 0
    outer loop
      vertex -189 10 0
      vertex -10 10 2
      vertex -189 10 2
    endloop
  endfacet
  facet normal 0 -1 0
    outer loop
      vertex 10 10 0
      vertex -10 10 2
      vertex -189 10 0
    endloop
  endfacet
  facet normal 0 -1 0
    outer loop
      vertex -10 10 2
      vertex 10 10 0
      vertex 10 10 2
    endloop
  endfacet
  facet normal 1 0 0
    outer loop
      vertex -10 91.25 4
      vertex -10 10 2
      vertex -10 91.25 2
    endloop
  endfacet
  facet normal 1 -0 0
    outer loop
      vertex -10 -10 4
      vertex -10 10 2
      vertex -10 91.25 4
    endloop
  endfacet
  facet normal 1 0 0
    outer loop
      vertex -10 10 2
      vertex -10 -10 4
      vertex -10 -10 2
    endloop
  endfacet
  facet normal 1 -0 0
    outer loop
      vertex -10 98.75 4
      vertex -10 133 2
      vertex -10 133 4
    endloop
  endfacet
  facet normal 1 0 0
    outer loop
      vertex -10 133 2
      vertex -10 98.75 4
      vertex -10 98.75 2
    endloop
  endfacet
  facet normal 0 -1 0
    outer loop
      vertex -189 -10 2
      vertex -10 -10 4
      vertex -189 -10 4
    endloop
  endfacet
  facet normal 0 -1 -0
    outer loop
      vertex -10 -10 4
      vertex -189 -10 2
      vertex -10 -10 2
    endloop
  endfacet
endsolid OpenSCAD_Model
