solid OpenSCAD_Model
  facet normal 0.19509032201613608 0.9807852804032289 0
    outer loop
      vertex -50.43999237667428 36.357926095308585 0
      vertex -50.221894526774086 36.31454373566452 2
      vertex -50.221894526774086 36.31454373566452 0
    endloop
  endfacet
  facet normal 0.06540312923015378 0.9978589232386029 0
    outer loop
      vertex -50.221894526774086 36.31454373566452 0
      vertex -50 36.3 2
      vertex -50 36.3 0
    endloop
  endfacet
  facet normal -0.06540312923015378 0.9978589232386029 0
    outer loop
      vertex -50 36.3 0
      vertex -49.778105473225914 36.31454373566452 2
      vertex -49.778105473225914 36.31454373566452 0
    endloop
  endfacet
  facet normal -0.19509032201613608 0.9807852804032289 0
    outer loop
      vertex -49.778105473225914 36.31454373566452 0
      vertex -49.56000762332572 36.357926095308585 2
      vertex -49.56000762332572 36.357926095308585 0
    endloop
  endfacet
  facet normal 0.8968727415326907 0.44228869021899636 0
    outer loop
      vertex -51.472243186433545 37.15 0
      vertex -51.570595205269186 37.34943816497935 0
      vertex -51.472243186433545 37.15 2
    endloop
  endfacet
  facet normal 0.9469301294951059 0.32143946530316087 0
    outer loop
      vertex -51.570595205269186 37.34943816497935 0
      vertex -51.642073904691415 37.56000762332572 0
      vertex -51.570595205269186 37.34943816497935 2
    endloop
  endfacet
  facet normal 0.9807852804032289 0.19509032201613608 0
    outer loop
      vertex -51.642073904691415 37.56000762332572 0
      vertex -51.68545626433548 37.778105473225914 0
      vertex -51.642073904691415 37.56000762332572 2
    endloop
  endfacet
  facet normal 0.6593458151000616 0.7518398074789837 0
    outer loop
      vertex -51.20208152801713 36.79791847198287 0
      vertex -51.034894429314825 36.6512993215049 2
      vertex -51.034894429314825 36.6512993215049 0
    endloop
  endfacet
  facet normal 0.7518398074789837 0.6593458151000616 0
    outer loop
      vertex -51.3487006784951 36.965105570685175 0
      vertex -51.20208152801713 36.79791847198287 2
      vertex -51.20208152801713 36.79791847198287 0
    endloop
  endfacet
  facet normal 0.8314696123025439 0.5555702330196043 0
    outer loop
      vertex -51.3487006784951 36.965105570685175 0
      vertex -51.472243186433545 37.15 0
      vertex -51.3487006784951 36.965105570685175 2
    endloop
  endfacet
  facet normal 0.5555702330196043 0.8314696123025439 0
    outer loop
      vertex -50.85 36.527756813566455 0
      vertex -51.034894429314825 36.6512993215049 0
      vertex -50.85 36.527756813566455 2
    endloop
  endfacet
  facet normal 0.44228869021899636 0.8968727415326907 0
    outer loop
      vertex -50.65056183502065 36.429404794730814 0
      vertex -50.85 36.527756813566455 0
      vertex -50.65056183502065 36.429404794730814 2
    endloop
  endfacet
  facet normal 0.9978589232386029 0.06540312923015378 0
    outer loop
      vertex -51.68545626433548 37.778105473225914 0
      vertex -51.7 38 0
      vertex -51.68545626433548 37.778105473225914 2
    endloop
  endfacet
  facet normal 0.9978589232386029 -0.06540312923015378 0
    outer loop
      vertex -51.7 38 0
      vertex -51.68545626433548 38.221894526774086 0
      vertex -51.7 38 2
    endloop
  endfacet
  facet normal 0.9807852804032289 -0.19509032201613608 0
    outer loop
      vertex -51.68545626433548 38.221894526774086 0
      vertex -51.642073904691415 38.43999237667428 0
      vertex -51.68545626433548 38.221894526774086 2
    endloop
  endfacet
  facet normal 0.9469301294951059 -0.32143946530316087 0
    outer loop
      vertex -51.642073904691415 38.43999237667428 0
      vertex -51.570595205269186 38.65056183502065 0
      vertex -51.642073904691415 38.43999237667428 2
    endloop
  endfacet
  facet normal 0.8968727415326907 -0.44228869021899636 0
    outer loop
      vertex -51.570595205269186 38.65056183502065 0
      vertex -51.472243186433545 38.85 0
      vertex -51.570595205269186 38.65056183502065 2
    endloop
  endfacet
  facet normal 0.8314696123025439 -0.5555702330196043 0
    outer loop
      vertex -51.472243186433545 38.85 0
      vertex -51.3487006784951 39.034894429314825 0
      vertex -51.472243186433545 38.85 2
    endloop
  endfacet
  facet normal 0.7518398074789837 -0.6593458151000616 0
    outer loop
      vertex -51.3487006784951 39.034894429314825 0
      vertex -51.20208152801713 39.20208152801713 0
      vertex -51.3487006784951 39.034894429314825 2
    endloop
  endfacet
  facet normal 0.6593458151000616 -0.7518398074789837 0
    outer loop
      vertex -51.20208152801713 39.20208152801713 0
      vertex -51.034894429314825 39.3487006784951 0
      vertex -51.20208152801713 39.20208152801713 2
    endloop
  endfacet
  facet normal 0.32143946530316087 0.9469301294951059 0
    outer loop
      vertex -50.65056183502065 36.429404794730814 0
      vertex -50.43999237667428 36.357926095308585 2
      vertex -50.43999237667428 36.357926095308585 0
    endloop
  endfacet
  facet normal -0.32143946530316087 0.9469301294951059 0
    outer loop
      vertex -49.56000762332572 36.357926095308585 0
      vertex -49.34943816497935 36.429404794730814 2
      vertex -49.34943816497935 36.429404794730814 0
    endloop
  endfacet
  facet normal -0.44228869021899636 0.8968727415326907 0
    outer loop
      vertex -49.34943816497935 36.429404794730814 0
      vertex -49.15 36.527756813566455 2
      vertex -49.15 36.527756813566455 0
    endloop
  endfacet
  facet normal 0.5555702330196043 -0.8314696123025439 0
    outer loop
      vertex -51.034894429314825 39.3487006784951 0
      vertex -50.85 39.472243186433545 0
      vertex -51.034894429314825 39.3487006784951 2
    endloop
  endfacet
  facet normal 0.44228869021899636 -0.8968727415326907 0
    outer loop
      vertex -50.85 39.472243186433545 0
      vertex -50.65056183502065 39.570595205269186 0
      vertex -50.85 39.472243186433545 2
    endloop
  endfacet
  facet normal 0.32143946530316087 -0.9469301294951059 0
    outer loop
      vertex -50.65056183502065 39.570595205269186 0
      vertex -50.43999237667428 39.642073904691415 0
      vertex -50.65056183502065 39.570595205269186 2
    endloop
  endfacet
  facet normal 0.19509032201613608 -0.9807852804032289 0
    outer loop
      vertex -50.43999237667428 39.642073904691415 0
      vertex -50.221894526774086 39.68545626433548 0
      vertex -50.43999237667428 39.642073904691415 2
    endloop
  endfacet
  facet normal 0.06540312923015378 -0.9978589232386029 0
    outer loop
      vertex -50.221894526774086 39.68545626433548 0
      vertex -50 39.7 0
      vertex -50.221894526774086 39.68545626433548 2
    endloop
  endfacet
  facet normal -0.06540312923015378 -0.9978589232386029 0
    outer loop
      vertex -50 39.7 0
      vertex -49.778105473225914 39.68545626433548 0
      vertex -50 39.7 2
    endloop
  endfacet
  facet normal -0.19509032201613608 -0.9807852804032289 0
    outer loop
      vertex -49.778105473225914 39.68545626433548 0
      vertex -49.56000762332572 39.642073904691415 0
      vertex -49.778105473225914 39.68545626433548 2
    endloop
  endfacet
  facet normal -0.32143946530316087 -0.9469301294951059 0
    outer loop
      vertex -49.56000762332572 39.642073904691415 0
      vertex -49.34943816497935 39.570595205269186 0
      vertex -49.56000762332572 39.642073904691415 2
    endloop
  endfacet
  facet normal -0.44228869021899636 -0.8968727415326907 0
    outer loop
      vertex -49.15 39.472243186433545 0
      vertex -49.34943816497935 39.570595205269186 2
      vertex -49.34943816497935 39.570595205269186 0
    endloop
  endfacet
  facet normal -0.5555702330196043 -0.8314696123025439 0
    outer loop
      vertex -49.15 39.472243186433545 0
      vertex -48.965105570685175 39.3487006784951 0
      vertex -49.15 39.472243186433545 2
    endloop
  endfacet
  facet normal -0.5555702330196043 0.8314696123025439 0
    outer loop
      vertex -49.15 36.527756813566455 0
      vertex -48.965105570685175 36.6512993215049 2
      vertex -48.965105570685175 36.6512993215049 0
    endloop
  endfacet
  facet normal -0.6593458151000616 0.7518398074789837 0
    outer loop
      vertex -48.965105570685175 36.6512993215049 0
      vertex -48.79791847198287 36.79791847198287 2
      vertex -48.79791847198287 36.79791847198287 0
    endloop
  endfacet
  facet normal -0.7518398074789837 0.6593458151000616 0
    outer loop
      vertex -48.79791847198287 36.79791847198287 0
      vertex -48.6512993215049 36.965105570685175 2
      vertex -48.6512993215049 36.965105570685175 0
    endloop
  endfacet
  facet normal -0.8314696123025439 0.5555702330196043 0
    outer loop
      vertex -48.6512993215049 36.965105570685175 0
      vertex -48.527756813566455 37.15 2
      vertex -48.527756813566455 37.15 0
    endloop
  endfacet
  facet normal -0.8968727415326907 0.44228869021899636 0
    outer loop
      vertex -48.527756813566455 37.15 0
      vertex -48.429404794730814 37.34943816497935 2
      vertex -48.429404794730814 37.34943816497935 0
    endloop
  endfacet
  facet normal -0.9469301294951059 0.32143946530316087 0
    outer loop
      vertex -48.429404794730814 37.34943816497935 0
      vertex -48.357926095308585 37.56000762332572 2
      vertex -48.357926095308585 37.56000762332572 0
    endloop
  endfacet
  facet normal -0.9807852804032289 0.19509032201613608 0
    outer loop
      vertex -48.357926095308585 37.56000762332572 0
      vertex -48.31454373566452 37.778105473225914 2
      vertex -48.31454373566452 37.778105473225914 0
    endloop
  endfacet
  facet normal -0.9978589232386029 0.06540312923015378 0
    outer loop
      vertex -48.31454373566452 37.778105473225914 0
      vertex -48.3 38 2
      vertex -48.3 38 0
    endloop
  endfacet
  facet normal -0.9978589232386029 -0.06540312923015378 0
    outer loop
      vertex -48.3 38 0
      vertex -48.31454373566452 38.221894526774086 2
      vertex -48.31454373566452 38.221894526774086 0
    endloop
  endfacet
  facet normal -0.9807852804032289 -0.19509032201613608 0
    outer loop
      vertex -48.357926095308585 38.43999237667428 0
      vertex -48.31454373566452 38.221894526774086 0
      vertex -48.357926095308585 38.43999237667428 2
    endloop
  endfacet
  facet normal -0.6593458151000616 -0.7518398074789837 0
    outer loop
      vertex -48.79791847198287 39.20208152801713 0
      vertex -48.965105570685175 39.3487006784951 2
      vertex -48.965105570685175 39.3487006784951 0
    endloop
  endfacet
  facet normal -0.7518398074789837 -0.6593458151000616 0
    outer loop
      vertex -48.79791847198287 39.20208152801713 0
      vertex -48.6512993215049 39.034894429314825 0
      vertex -48.79791847198287 39.20208152801713 2
    endloop
  endfacet
  facet normal -0.9469301294951059 -0.32143946530316087 0
    outer loop
      vertex -48.357926095308585 38.43999237667428 0
      vertex -48.429404794730814 38.65056183502065 2
      vertex -48.429404794730814 38.65056183502065 0
    endloop
  endfacet
  facet normal -0.8968727415326907 -0.44228869021899636 0
    outer loop
      vertex -48.429404794730814 38.65056183502065 0
      vertex -48.527756813566455 38.85 2
      vertex -48.527756813566455 38.85 0
    endloop
  endfacet
  facet normal -0.8314696123025439 -0.5555702330196043 0
    outer loop
      vertex -48.527756813566455 38.85 0
      vertex -48.6512993215049 39.034894429314825 2
      vertex -48.6512993215049 39.034894429314825 0
    endloop
  endfacet
  facet normal 0.19509032201613608 0.9807852804032289 0
    outer loop
      vertex -50.43999237667428 36.357926095308585 0
      vertex -50.43999237667428 36.357926095308585 2
      vertex -50.221894526774086 36.31454373566452 2
    endloop
  endfacet
  facet normal 0.06540312923015378 0.9978589232386029 0
    outer loop
      vertex -50.221894526774086 36.31454373566452 0
      vertex -50.221894526774086 36.31454373566452 2
      vertex -50 36.3 2
    endloop
  endfacet
  facet normal -0.06540312923015378 0.9978589232386029 0
    outer loop
      vertex -50 36.3 0
      vertex -50 36.3 2
      vertex -49.778105473225914 36.31454373566452 2
    endloop
  endfacet
  facet normal -0.19509032201613608 0.9807852804032289 0
    outer loop
      vertex -49.778105473225914 36.31454373566452 0
      vertex -49.778105473225914 36.31454373566452 2
      vertex -49.56000762332572 36.357926095308585 2
    endloop
  endfacet
  facet normal 0.8314696123025439 0.5555702330196043 0
    outer loop
      vertex -51.472243186433545 37.15 0
      vertex -51.472243186433545 37.15 2
      vertex -51.3487006784951 36.965105570685175 2
    endloop
  endfacet
  facet normal 0.8968727415326907 0.44228869021899636 0
    outer loop
      vertex -51.570595205269186 37.34943816497935 0
      vertex -51.570595205269186 37.34943816497935 2
      vertex -51.472243186433545 37.15 2
    endloop
  endfacet
  facet normal 0.9469301294951059 0.32143946530316087 0
    outer loop
      vertex -51.642073904691415 37.56000762332572 0
      vertex -51.642073904691415 37.56000762332572 2
      vertex -51.570595205269186 37.34943816497935 2
    endloop
  endfacet
  facet normal 0.9807852804032289 0.19509032201613608 0
    outer loop
      vertex -51.68545626433548 37.778105473225914 0
      vertex -51.68545626433548 37.778105473225914 2
      vertex -51.642073904691415 37.56000762332572 2
    endloop
  endfacet
  facet normal 0.7518398074789837 0.6593458151000616 0
    outer loop
      vertex -51.3487006784951 36.965105570685175 0
      vertex -51.3487006784951 36.965105570685175 2
      vertex -51.20208152801713 36.79791847198287 2
    endloop
  endfacet
  facet normal 0.6593458151000616 0.7518398074789837 0
    outer loop
      vertex -51.20208152801713 36.79791847198287 0
      vertex -51.20208152801713 36.79791847198287 2
      vertex -51.034894429314825 36.6512993215049 2
    endloop
  endfacet
  facet normal 0.5555702330196043 0.8314696123025439 0
    outer loop
      vertex -51.034894429314825 36.6512993215049 0
      vertex -51.034894429314825 36.6512993215049 2
      vertex -50.85 36.527756813566455 2
    endloop
  endfacet
  facet normal 0.44228869021899636 0.8968727415326907 0
    outer loop
      vertex -50.85 36.527756813566455 0
      vertex -50.85 36.527756813566455 2
      vertex -50.65056183502065 36.429404794730814 2
    endloop
  endfacet
  facet normal 0.9978589232386029 0.06540312923015378 0
    outer loop
      vertex -51.7 38 0
      vertex -51.7 38 2
      vertex -51.68545626433548 37.778105473225914 2
    endloop
  endfacet
  facet normal 0.9978589232386029 -0.06540312923015378 0
    outer loop
      vertex -51.68545626433548 38.221894526774086 0
      vertex -51.68545626433548 38.221894526774086 2
      vertex -51.7 38 2
    endloop
  endfacet
  facet normal 0.9807852804032289 -0.19509032201613608 0
    outer loop
      vertex -51.642073904691415 38.43999237667428 0
      vertex -51.642073904691415 38.43999237667428 2
      vertex -51.68545626433548 38.221894526774086 2
    endloop
  endfacet
  facet normal 0.9469301294951059 -0.32143946530316087 0
    outer loop
      vertex -51.570595205269186 38.65056183502065 0
      vertex -51.570595205269186 38.65056183502065 2
      vertex -51.642073904691415 38.43999237667428 2
    endloop
  endfacet
  facet normal 0.8968727415326907 -0.44228869021899636 0
    outer loop
      vertex -51.472243186433545 38.85 0
      vertex -51.472243186433545 38.85 2
      vertex -51.570595205269186 38.65056183502065 2
    endloop
  endfacet
  facet normal 0.8314696123025439 -0.5555702330196043 0
    outer loop
      vertex -51.3487006784951 39.034894429314825 0
      vertex -51.3487006784951 39.034894429314825 2
      vertex -51.472243186433545 38.85 2
    endloop
  endfacet
  facet normal 0.7518398074789837 -0.6593458151000616 0
    outer loop
      vertex -51.20208152801713 39.20208152801713 0
      vertex -51.20208152801713 39.20208152801713 2
      vertex -51.3487006784951 39.034894429314825 2
    endloop
  endfacet
  facet normal 0.6593458151000616 -0.7518398074789837 0
    outer loop
      vertex -51.034894429314825 39.3487006784951 0
      vertex -51.034894429314825 39.3487006784951 2
      vertex -51.20208152801713 39.20208152801713 2
    endloop
  endfacet
  facet normal 0.32143946530316087 0.9469301294951059 0
    outer loop
      vertex -50.65056183502065 36.429404794730814 0
      vertex -50.65056183502065 36.429404794730814 2
      vertex -50.43999237667428 36.357926095308585 2
    endloop
  endfacet
  facet normal -0.32143946530316087 0.9469301294951059 0
    outer loop
      vertex -49.56000762332572 36.357926095308585 0
      vertex -49.56000762332572 36.357926095308585 2
      vertex -49.34943816497935 36.429404794730814 2
    endloop
  endfacet
  facet normal -0.44228869021899636 0.8968727415326907 0
    outer loop
      vertex -49.34943816497935 36.429404794730814 0
      vertex -49.34943816497935 36.429404794730814 2
      vertex -49.15 36.527756813566455 2
    endloop
  endfacet
  facet normal -0.5555702330196043 0.8314696123025439 0
    outer loop
      vertex -49.15 36.527756813566455 0
      vertex -49.15 36.527756813566455 2
      vertex -48.965105570685175 36.6512993215049 2
    endloop
  endfacet
  facet normal 0.5555702330196043 -0.8314696123025439 0
    outer loop
      vertex -50.85 39.472243186433545 0
      vertex -50.85 39.472243186433545 2
      vertex -51.034894429314825 39.3487006784951 2
    endloop
  endfacet
  facet normal 0.44228869021899636 -0.8968727415326907 0
    outer loop
      vertex -50.65056183502065 39.570595205269186 0
      vertex -50.65056183502065 39.570595205269186 2
      vertex -50.85 39.472243186433545 2
    endloop
  endfacet
  facet normal 0.32143946530316087 -0.9469301294951059 0
    outer loop
      vertex -50.43999237667428 39.642073904691415 0
      vertex -50.43999237667428 39.642073904691415 2
      vertex -50.65056183502065 39.570595205269186 2
    endloop
  endfacet
  facet normal 0.19509032201613608 -0.9807852804032289 0
    outer loop
      vertex -50.221894526774086 39.68545626433548 0
      vertex -50.221894526774086 39.68545626433548 2
      vertex -50.43999237667428 39.642073904691415 2
    endloop
  endfacet
  facet normal 0.06540312923015378 -0.9978589232386029 0
    outer loop
      vertex -50 39.7 0
      vertex -50 39.7 2
      vertex -50.221894526774086 39.68545626433548 2
    endloop
  endfacet
  facet normal -0.19509032201613608 -0.9807852804032289 0
    outer loop
      vertex -49.56000762332572 39.642073904691415 0
      vertex -49.56000762332572 39.642073904691415 2
      vertex -49.778105473225914 39.68545626433548 2
    endloop
  endfacet
  facet normal -0.06540312923015378 -0.9978589232386029 0
    outer loop
      vertex -49.778105473225914 39.68545626433548 0
      vertex -49.778105473225914 39.68545626433548 2
      vertex -50 39.7 2
    endloop
  endfacet
  facet normal -0.32143946530316087 -0.9469301294951059 0
    outer loop
      vertex -49.34943816497935 39.570595205269186 0
      vertex -49.34943816497935 39.570595205269186 2
      vertex -49.56000762332572 39.642073904691415 2
    endloop
  endfacet
  facet normal -0.44228869021899636 -0.8968727415326907 0
    outer loop
      vertex -49.15 39.472243186433545 0
      vertex -49.15 39.472243186433545 2
      vertex -49.34943816497935 39.570595205269186 2
    endloop
  endfacet
  facet normal -0.6593458151000616 0.7518398074789837 0
    outer loop
      vertex -48.965105570685175 36.6512993215049 0
      vertex -48.965105570685175 36.6512993215049 2
      vertex -48.79791847198287 36.79791847198287 2
    endloop
  endfacet
  facet normal -0.7518398074789837 0.6593458151000616 0
    outer loop
      vertex -48.79791847198287 36.79791847198287 0
      vertex -48.79791847198287 36.79791847198287 2
      vertex -48.6512993215049 36.965105570685175 2
    endloop
  endfacet
  facet normal -0.8314696123025439 0.5555702330196043 0
    outer loop
      vertex -48.6512993215049 36.965105570685175 0
      vertex -48.6512993215049 36.965105570685175 2
      vertex -48.527756813566455 37.15 2
    endloop
  endfacet
  facet normal -0.8968727415326907 0.44228869021899636 0
    outer loop
      vertex -48.527756813566455 37.15 0
      vertex -48.527756813566455 37.15 2
      vertex -48.429404794730814 37.34943816497935 2
    endloop
  endfacet
  facet normal -0.9469301294951059 0.32143946530316087 0
    outer loop
      vertex -48.429404794730814 37.34943816497935 0
      vertex -48.429404794730814 37.34943816497935 2
      vertex -48.357926095308585 37.56000762332572 2
    endloop
  endfacet
  facet normal -0.9807852804032289 0.19509032201613608 0
    outer loop
      vertex -48.357926095308585 37.56000762332572 0
      vertex -48.357926095308585 37.56000762332572 2
      vertex -48.31454373566452 37.778105473225914 2
    endloop
  endfacet
  facet normal -0.9978589232386029 0.06540312923015378 0
    outer loop
      vertex -48.31454373566452 37.778105473225914 0
      vertex -48.31454373566452 37.778105473225914 2
      vertex -48.3 38 2
    endloop
  endfacet
  facet normal -0.9978589232386029 -0.06540312923015378 0
    outer loop
      vertex -48.3 38 0
      vertex -48.3 38 2
      vertex -48.31454373566452 38.221894526774086 2
    endloop
  endfacet
  facet normal -0.9807852804032289 -0.19509032201613608 0
    outer loop
      vertex -48.31454373566452 38.221894526774086 0
      vertex -48.31454373566452 38.221894526774086 2
      vertex -48.357926095308585 38.43999237667428 2
    endloop
  endfacet
  facet normal -0.9469301294951059 -0.32143946530316087 0
    outer loop
      vertex -48.357926095308585 38.43999237667428 0
      vertex -48.357926095308585 38.43999237667428 2
      vertex -48.429404794730814 38.65056183502065 2
    endloop
  endfacet
  facet normal -0.7518398074789837 -0.6593458151000616 0
    outer loop
      vertex -48.6512993215049 39.034894429314825 0
      vertex -48.6512993215049 39.034894429314825 2
      vertex -48.79791847198287 39.20208152801713 2
    endloop
  endfacet
  facet normal -0.6593458151000616 -0.7518398074789837 0
    outer loop
      vertex -48.79791847198287 39.20208152801713 0
      vertex -48.79791847198287 39.20208152801713 2
      vertex -48.965105570685175 39.3487006784951 2
    endloop
  endfacet
  facet normal -0.8314696123025439 -0.5555702330196043 0
    outer loop
      vertex -48.527756813566455 38.85 0
      vertex -48.527756813566455 38.85 2
      vertex -48.6512993215049 39.034894429314825 2
    endloop
  endfacet
  facet normal -0.8968727415326907 -0.44228869021899636 0
    outer loop
      vertex -48.429404794730814 38.65056183502065 0
      vertex -48.429404794730814 38.65056183502065 2
      vertex -48.527756813566455 38.85 2
    endloop
  endfacet
  facet normal -0.5555702330196043 -0.8314696123025439 0
    outer loop
      vertex -48.965105570685175 39.3487006784951 0
      vertex -48.965105570685175 39.3487006784951 2
      vertex -49.15 39.472243186433545 2
    endloop
  endfacet
  facet normal 0.7518398074789362 0.6593458151001158 0
    outer loop
      vertex -146.20208152801712 36.79791847198287 0
      vertex -146.3487006784951 36.965105570685175 0
      vertex -146.20208152801712 36.79791847198287 2
    endloop
  endfacet
  facet normal 0.8314696123025291 0.5555702330196263 0
    outer loop
      vertex -146.3487006784951 36.965105570685175 0
      vertex -146.47224318643356 37.15 0
      vertex -146.3487006784951 36.965105570685175 2
    endloop
  endfacet
  facet normal 0.980785280403235 0.19509032201610532 0
    outer loop
      vertex -146.64207390469142 37.56000762332572 0
      vertex -146.68545626433547 37.778105473225914 0
      vertex -146.64207390469142 37.56000762332572 2
    endloop
  endfacet
  facet normal 0.8968727415326907 0.44228869021899636 0
    outer loop
      vertex -146.47224318643356 37.15 0
      vertex -146.5705952052692 37.34943816497935 0
      vertex -146.47224318643356 37.15 2
    endloop
  endfacet
  facet normal 0.9469301294951253 0.3214394653031035 0
    outer loop
      vertex -146.5705952052692 37.34943816497935 0
      vertex -146.64207390469142 37.56000762332572 0
      vertex -146.5705952052692 37.34943816497935 2
    endloop
  endfacet
  facet normal 0.6593458151000775 0.7518398074789698 0
    outer loop
      vertex -146.20208152801712 36.79791847198287 0
      vertex -146.03489442931482 36.6512993215049 2
      vertex -146.03489442931482 36.6512993215049 0
    endloop
  endfacet
  facet normal 0.5555702330196043 0.8314696123025439 0
    outer loop
      vertex -145.85 36.527756813566455 0
      vertex -146.03489442931482 36.6512993215049 0
      vertex -145.85 36.527756813566455 2
    endloop
  endfacet
  facet normal 0.4422886902190091 0.8968727415326845 0
    outer loop
      vertex -145.85 36.527756813566455 0
      vertex -145.65056183502065 36.429404794730814 2
      vertex -145.65056183502065 36.429404794730814 0
    endloop
  endfacet
  facet normal 0.3214394653031803 0.9469301294950994 0
    outer loop
      vertex -145.65056183502065 36.429404794730814 0
      vertex -145.4399923766743 36.357926095308585 2
      vertex -145.4399923766743 36.357926095308585 0
    endloop
  endfacet
  facet normal 0.9978589232386048 0.06540312923012195 0
    outer loop
      vertex -146.68545626433547 37.778105473225914 0
      vertex -146.7 38 0
      vertex -146.68545626433547 37.778105473225914 2
    endloop
  endfacet
  facet normal 0.9978589232386048 -0.06540312923012195 0
    outer loop
      vertex -146.7 38 0
      vertex -146.68545626433547 38.221894526774086 0
      vertex -146.7 38 2
    endloop
  endfacet
  facet normal 0.980785280403235 -0.19509032201610532 0
    outer loop
      vertex -146.68545626433547 38.221894526774086 0
      vertex -146.64207390469142 38.43999237667428 0
      vertex -146.68545626433547 38.221894526774086 2
    endloop
  endfacet
  facet normal 0.9469301294951253 -0.3214394653031035 0
    outer loop
      vertex -146.64207390469142 38.43999237667428 0
      vertex -146.5705952052692 38.65056183502065 0
      vertex -146.64207390469142 38.43999237667428 2
    endloop
  endfacet
  facet normal 0.8968727415326907 -0.44228869021899636 0
    outer loop
      vertex -146.5705952052692 38.65056183502065 0
      vertex -146.47224318643356 38.85 0
      vertex -146.5705952052692 38.65056183502065 2
    endloop
  endfacet
  facet normal 0.8314696123025291 -0.5555702330196263 0
    outer loop
      vertex -146.47224318643356 38.85 0
      vertex -146.3487006784951 39.034894429314825 0
      vertex -146.47224318643356 38.85 2
    endloop
  endfacet
  facet normal 0.7518398074789362 -0.6593458151001158 0
    outer loop
      vertex -146.3487006784951 39.034894429314825 0
      vertex -146.20208152801712 39.20208152801713 0
      vertex -146.3487006784951 39.034894429314825 2
    endloop
  endfacet
  facet normal 0.6593458151000775 -0.7518398074789698 0
    outer loop
      vertex -146.20208152801712 39.20208152801713 0
      vertex -146.03489442931482 39.3487006784951 0
      vertex -146.20208152801712 39.20208152801713 2
    endloop
  endfacet
  facet normal 0.5555702330196043 -0.8314696123025439 0
    outer loop
      vertex -146.03489442931482 39.3487006784951 0
      vertex -145.85 39.472243186433545 0
      vertex -146.03489442931482 39.3487006784951 2
    endloop
  endfacet
  facet normal 0.4422886902190091 -0.8968727415326845 0
    outer loop
      vertex -145.85 39.472243186433545 0
      vertex -145.65056183502065 39.570595205269186 0
      vertex -145.85 39.472243186433545 2
    endloop
  endfacet
  facet normal 0.3214394653031803 -0.9469301294950994 0
    outer loop
      vertex -145.65056183502065 39.570595205269186 0
      vertex -145.4399923766743 39.642073904691415 0
      vertex -145.65056183502065 39.570595205269186 2
    endloop
  endfacet
  facet normal 0.19509032201612994 0.9807852804032301 0
    outer loop
      vertex -145.4399923766743 36.357926095308585 0
      vertex -145.2218945267741 36.31454373566452 2
      vertex -145.2218945267741 36.31454373566452 0
    endloop
  endfacet
  facet normal 0.06540312923015168 0.9978589232386029 0
    outer loop
      vertex -145.2218945267741 36.31454373566452 0
      vertex -145 36.3 2
      vertex -145 36.3 0
    endloop
  endfacet
  facet normal -0.06540312923015168 0.9978589232386029 0
    outer loop
      vertex -145 36.3 0
      vertex -144.7781054732259 36.31454373566452 2
      vertex -144.7781054732259 36.31454373566452 0
    endloop
  endfacet
  facet normal -0.19509032201612994 0.9807852804032301 0
    outer loop
      vertex -144.7781054732259 36.31454373566452 0
      vertex -144.5600076233257 36.357926095308585 2
      vertex -144.5600076233257 36.357926095308585 0
    endloop
  endfacet
  facet normal -0.3214394653031803 0.9469301294950994 0
    outer loop
      vertex -144.5600076233257 36.357926095308585 0
      vertex -144.34943816497935 36.429404794730814 2
      vertex -144.34943816497935 36.429404794730814 0
    endloop
  endfacet
  facet normal -0.4422886902190091 0.8968727415326845 0
    outer loop
      vertex -144.34943816497935 36.429404794730814 0
      vertex -144.15 36.527756813566455 2
      vertex -144.15 36.527756813566455 0
    endloop
  endfacet
  facet normal -0.5555702330196043 0.8314696123025439 0
    outer loop
      vertex -144.15 36.527756813566455 0
      vertex -143.96510557068518 36.6512993215049 2
      vertex -143.96510557068518 36.6512993215049 0
    endloop
  endfacet
  facet normal -0.6593458151000775 0.7518398074789698 0
    outer loop
      vertex -143.96510557068518 36.6512993215049 0
      vertex -143.79791847198288 36.79791847198287 2
      vertex -143.79791847198288 36.79791847198287 0
    endloop
  endfacet
  facet normal -0.7518398074789362 0.6593458151001158 0
    outer loop
      vertex -143.79791847198288 36.79791847198287 0
      vertex -143.6512993215049 36.965105570685175 2
      vertex -143.6512993215049 36.965105570685175 0
    endloop
  endfacet
  facet normal -0.8314696123025291 0.5555702330196263 0
    outer loop
      vertex -143.6512993215049 36.965105570685175 0
      vertex -143.52775681356644 37.15 2
      vertex -143.52775681356644 37.15 0
    endloop
  endfacet
  facet normal -0.8968727415326907 0.44228869021899636 0
    outer loop
      vertex -143.52775681356644 37.15 0
      vertex -143.4294047947308 37.34943816497935 2
      vertex -143.4294047947308 37.34943816497935 0
    endloop
  endfacet
  facet normal -0.9469301294951253 0.3214394653031035 0
    outer loop
      vertex -143.4294047947308 37.34943816497935 0
      vertex -143.35792609530858 37.56000762332572 2
      vertex -143.35792609530858 37.56000762332572 0
    endloop
  endfacet
  facet normal -0.980785280403235 0.19509032201610532 0
    outer loop
      vertex -143.35792609530858 37.56000762332572 0
      vertex -143.31454373566453 37.778105473225914 2
      vertex -143.31454373566453 37.778105473225914 0
    endloop
  endfacet
  facet normal -0.9978589232386048 0.06540312923012195 0
    outer loop
      vertex -143.31454373566453 37.778105473225914 0
      vertex -143.3 38 2
      vertex -143.3 38 0
    endloop
  endfacet
  facet normal -0.9978589232386048 -0.06540312923012195 0
    outer loop
      vertex -143.3 38 0
      vertex -143.31454373566453 38.221894526774086 2
      vertex -143.31454373566453 38.221894526774086 0
    endloop
  endfacet
  facet normal -0.980785280403235 -0.19509032201610532 0
    outer loop
      vertex -143.31454373566453 38.221894526774086 0
      vertex -143.35792609530858 38.43999237667428 2
      vertex -143.35792609530858 38.43999237667428 0
    endloop
  endfacet
  facet normal -0.6593458151000775 -0.7518398074789698 0
    outer loop
      vertex -143.96510557068518 39.3487006784951 0
      vertex -143.79791847198288 39.20208152801713 0
      vertex -143.96510557068518 39.3487006784951 2
    endloop
  endfacet
  facet normal -0.7518398074789362 -0.6593458151001158 0
    outer loop
      vertex -143.6512993215049 39.034894429314825 0
      vertex -143.79791847198288 39.20208152801713 2
      vertex -143.79791847198288 39.20208152801713 0
    endloop
  endfacet
  facet normal -0.8314696123025291 -0.5555702330196263 0
    outer loop
      vertex -143.6512993215049 39.034894429314825 0
      vertex -143.52775681356644 38.85 0
      vertex -143.6512993215049 39.034894429314825 2
    endloop
  endfacet
  facet normal -0.9469301294951253 -0.3214394653031035 0
    outer loop
      vertex -143.35792609530858 38.43999237667428 0
      vertex -143.4294047947308 38.65056183502065 2
      vertex -143.4294047947308 38.65056183502065 0
    endloop
  endfacet
  facet normal -0.8968727415326907 -0.44228869021899636 0
    outer loop
      vertex -143.4294047947308 38.65056183502065 0
      vertex -143.52775681356644 38.85 2
      vertex -143.52775681356644 38.85 0
    endloop
  endfacet
  facet normal 0.19509032201612994 -0.9807852804032301 0
    outer loop
      vertex -145.4399923766743 39.642073904691415 0
      vertex -145.2218945267741 39.68545626433548 0
      vertex -145.4399923766743 39.642073904691415 2
    endloop
  endfacet
  facet normal 0.06540312923015168 -0.9978589232386029 0
    outer loop
      vertex -145.2218945267741 39.68545626433548 0
      vertex -145 39.7 0
      vertex -145.2218945267741 39.68545626433548 2
    endloop
  endfacet
  facet normal -0.19509032201612994 -0.9807852804032301 0
    outer loop
      vertex -144.7781054732259 39.68545626433548 0
      vertex -144.5600076233257 39.642073904691415 0
      vertex -144.7781054732259 39.68545626433548 2
    endloop
  endfacet
  facet normal -0.06540312923015168 -0.9978589232386029 0
    outer loop
      vertex -145 39.7 0
      vertex -144.7781054732259 39.68545626433548 0
      vertex -145 39.7 2
    endloop
  endfacet
  facet normal -0.3214394653031803 -0.9469301294950994 0
    outer loop
      vertex -144.5600076233257 39.642073904691415 0
      vertex -144.34943816497935 39.570595205269186 0
      vertex -144.5600076233257 39.642073904691415 2
    endloop
  endfacet
  facet normal -0.4422886902190091 -0.8968727415326845 0
    outer loop
      vertex -144.34943816497935 39.570595205269186 0
      vertex -144.15 39.472243186433545 0
      vertex -144.34943816497935 39.570595205269186 2
    endloop
  endfacet
  facet normal -0.5555702330196043 -0.8314696123025439 0
    outer loop
      vertex -143.96510557068518 39.3487006784951 0
      vertex -144.15 39.472243186433545 2
      vertex -144.15 39.472243186433545 0
    endloop
  endfacet
  facet normal 0.7518398074789362 0.6593458151001158 0
    outer loop
      vertex -146.3487006784951 36.965105570685175 0
      vertex -146.3487006784951 36.965105570685175 2
      vertex -146.20208152801712 36.79791847198287 2
    endloop
  endfacet
  facet normal 0.8314696123025291 0.5555702330196263 0
    outer loop
      vertex -146.47224318643356 37.15 0
      vertex -146.47224318643356 37.15 2
      vertex -146.3487006784951 36.965105570685175 2
    endloop
  endfacet
  facet normal 0.980785280403235 0.19509032201610532 0
    outer loop
      vertex -146.68545626433547 37.778105473225914 0
      vertex -146.68545626433547 37.778105473225914 2
      vertex -146.64207390469142 37.56000762332572 2
    endloop
  endfacet
  facet normal 0.8968727415326907 0.44228869021899636 0
    outer loop
      vertex -146.5705952052692 37.34943816497935 0
      vertex -146.5705952052692 37.34943816497935 2
      vertex -146.47224318643356 37.15 2
    endloop
  endfacet
  facet normal 0.9469301294951253 0.3214394653031035 0
    outer loop
      vertex -146.64207390469142 37.56000762332572 0
      vertex -146.64207390469142 37.56000762332572 2
      vertex -146.5705952052692 37.34943816497935 2
    endloop
  endfacet
  facet normal 0.5555702330196043 0.8314696123025439 0
    outer loop
      vertex -146.03489442931482 36.6512993215049 0
      vertex -146.03489442931482 36.6512993215049 2
      vertex -145.85 36.527756813566455 2
    endloop
  endfacet
  facet normal 0.6593458151000775 0.7518398074789698 0
    outer loop
      vertex -146.20208152801712 36.79791847198287 0
      vertex -146.20208152801712 36.79791847198287 2
      vertex -146.03489442931482 36.6512993215049 2
    endloop
  endfacet
  facet normal 0.4422886902190091 0.8968727415326845 0
    outer loop
      vertex -145.85 36.527756813566455 0
      vertex -145.85 36.527756813566455 2
      vertex -145.65056183502065 36.429404794730814 2
    endloop
  endfacet
  facet normal 0.3214394653031803 0.9469301294950994 0
    outer loop
      vertex -145.65056183502065 36.429404794730814 0
      vertex -145.65056183502065 36.429404794730814 2
      vertex -145.4399923766743 36.357926095308585 2
    endloop
  endfacet
  facet normal 0.9978589232386048 0.06540312923012195 0
    outer loop
      vertex -146.7 38 0
      vertex -146.7 38 2
      vertex -146.68545626433547 37.778105473225914 2
    endloop
  endfacet
  facet normal 0.9978589232386048 -0.06540312923012195 0
    outer loop
      vertex -146.68545626433547 38.221894526774086 0
      vertex -146.68545626433547 38.221894526774086 2
      vertex -146.7 38 2
    endloop
  endfacet
  facet normal 0.980785280403235 -0.19509032201610532 0
    outer loop
      vertex -146.64207390469142 38.43999237667428 0
      vertex -146.64207390469142 38.43999237667428 2
      vertex -146.68545626433547 38.221894526774086 2
    endloop
  endfacet
  facet normal 0.9469301294951253 -0.3214394653031035 0
    outer loop
      vertex -146.5705952052692 38.65056183502065 0
      vertex -146.5705952052692 38.65056183502065 2
      vertex -146.64207390469142 38.43999237667428 2
    endloop
  endfacet
  facet normal 0.8968727415326907 -0.44228869021899636 0
    outer loop
      vertex -146.47224318643356 38.85 0
      vertex -146.47224318643356 38.85 2
      vertex -146.5705952052692 38.65056183502065 2
    endloop
  endfacet
  facet normal 0.8314696123025291 -0.5555702330196263 0
    outer loop
      vertex -146.3487006784951 39.034894429314825 0
      vertex -146.3487006784951 39.034894429314825 2
      vertex -146.47224318643356 38.85 2
    endloop
  endfacet
  facet normal 0.7518398074789362 -0.6593458151001158 0
    outer loop
      vertex -146.20208152801712 39.20208152801713 0
      vertex -146.20208152801712 39.20208152801713 2
      vertex -146.3487006784951 39.034894429314825 2
    endloop
  endfacet
  facet normal 0.6593458151000775 -0.7518398074789698 0
    outer loop
      vertex -146.03489442931482 39.3487006784951 0
      vertex -146.03489442931482 39.3487006784951 2
      vertex -146.20208152801712 39.20208152801713 2
    endloop
  endfacet
  facet normal 0.5555702330196043 -0.8314696123025439 0
    outer loop
      vertex -145.85 39.472243186433545 0
      vertex -145.85 39.472243186433545 2
      vertex -146.03489442931482 39.3487006784951 2
    endloop
  endfacet
  facet normal 0.4422886902190091 -0.8968727415326845 0
    outer loop
      vertex -145.65056183502065 39.570595205269186 0
      vertex -145.65056183502065 39.570595205269186 2
      vertex -145.85 39.472243186433545 2
    endloop
  endfacet
  facet normal 0.3214394653031803 -0.9469301294950994 0
    outer loop
      vertex -145.4399923766743 39.642073904691415 0
      vertex -145.4399923766743 39.642073904691415 2
      vertex -145.65056183502065 39.570595205269186 2
    endloop
  endfacet
  facet normal 0.19509032201612994 0.9807852804032301 0
    outer loop
      vertex -145.4399923766743 36.357926095308585 0
      vertex -145.4399923766743 36.357926095308585 2
      vertex -145.2218945267741 36.31454373566452 2
    endloop
  endfacet
  facet normal 0.06540312923015168 0.9978589232386029 0
    outer loop
      vertex -145.2218945267741 36.31454373566452 0
      vertex -145.2218945267741 36.31454373566452 2
      vertex -145 36.3 2
    endloop
  endfacet
  facet normal -0.06540312923015168 0.9978589232386029 0
    outer loop
      vertex -145 36.3 0
      vertex -145 36.3 2
      vertex -144.7781054732259 36.31454373566452 2
    endloop
  endfacet
  facet normal -0.19509032201612994 0.9807852804032301 0
    outer loop
      vertex -144.7781054732259 36.31454373566452 0
      vertex -144.7781054732259 36.31454373566452 2
      vertex -144.5600076233257 36.357926095308585 2
    endloop
  endfacet
  facet normal -0.3214394653031803 0.9469301294950994 0
    outer loop
      vertex -144.5600076233257 36.357926095308585 0
      vertex -144.5600076233257 36.357926095308585 2
      vertex -144.34943816497935 36.429404794730814 2
    endloop
  endfacet
  facet normal -0.4422886902190091 0.8968727415326845 0
    outer loop
      vertex -144.34943816497935 36.429404794730814 0
      vertex -144.34943816497935 36.429404794730814 2
      vertex -144.15 36.527756813566455 2
    endloop
  endfacet
  facet normal -0.5555702330196043 0.8314696123025439 0
    outer loop
      vertex -144.15 36.527756813566455 0
      vertex -144.15 36.527756813566455 2
      vertex -143.96510557068518 36.6512993215049 2
    endloop
  endfacet
  facet normal -0.6593458151000775 0.7518398074789698 0
    outer loop
      vertex -143.96510557068518 36.6512993215049 0
      vertex -143.96510557068518 36.6512993215049 2
      vertex -143.79791847198288 36.79791847198287 2
    endloop
  endfacet
  facet normal -0.7518398074789362 0.6593458151001158 0
    outer loop
      vertex -143.79791847198288 36.79791847198287 0
      vertex -143.79791847198288 36.79791847198287 2
      vertex -143.6512993215049 36.965105570685175 2
    endloop
  endfacet
  facet normal -0.8314696123025291 0.5555702330196263 0
    outer loop
      vertex -143.6512993215049 36.965105570685175 0
      vertex -143.6512993215049 36.965105570685175 2
      vertex -143.52775681356644 37.15 2
    endloop
  endfacet
  facet normal -0.8968727415326907 0.44228869021899636 0
    outer loop
      vertex -143.52775681356644 37.15 0
      vertex -143.52775681356644 37.15 2
      vertex -143.4294047947308 37.34943816497935 2
    endloop
  endfacet
  facet normal -0.9469301294951253 0.3214394653031035 0
    outer loop
      vertex -143.4294047947308 37.34943816497935 0
      vertex -143.4294047947308 37.34943816497935 2
      vertex -143.35792609530858 37.56000762332572 2
    endloop
  endfacet
  facet normal -0.980785280403235 0.19509032201610532 0
    outer loop
      vertex -143.35792609530858 37.56000762332572 0
      vertex -143.35792609530858 37.56000762332572 2
      vertex -143.31454373566453 37.778105473225914 2
    endloop
  endfacet
  facet normal -0.9978589232386048 0.06540312923012195 0
    outer loop
      vertex -143.31454373566453 37.778105473225914 0
      vertex -143.31454373566453 37.778105473225914 2
      vertex -143.3 38 2
    endloop
  endfacet
  facet normal -0.9978589232386048 -0.06540312923012195 0
    outer loop
      vertex -143.3 38 0
      vertex -143.3 38 2
      vertex -143.31454373566453 38.221894526774086 2
    endloop
  endfacet
  facet normal -0.9469301294951253 -0.3214394653031035 0
    outer loop
      vertex -143.35792609530858 38.43999237667428 0
      vertex -143.35792609530858 38.43999237667428 2
      vertex -143.4294047947308 38.65056183502065 2
    endloop
  endfacet
  facet normal -0.980785280403235 -0.19509032201610532 0
    outer loop
      vertex -143.31454373566453 38.221894526774086 0
      vertex -143.31454373566453 38.221894526774086 2
      vertex -143.35792609530858 38.43999237667428 2
    endloop
  endfacet
  facet normal -0.8314696123025291 -0.5555702330196263 0
    outer loop
      vertex -143.52775681356644 38.85 0
      vertex -143.52775681356644 38.85 2
      vertex -143.6512993215049 39.034894429314825 2
    endloop
  endfacet
  facet normal -0.6593458151000775 -0.7518398074789698 0
    outer loop
      vertex -143.79791847198288 39.20208152801713 0
      vertex -143.79791847198288 39.20208152801713 2
      vertex -143.96510557068518 39.3487006784951 2
    endloop
  endfacet
  facet normal -0.7518398074789362 -0.6593458151001158 0
    outer loop
      vertex -143.6512993215049 39.034894429314825 0
      vertex -143.6512993215049 39.034894429314825 2
      vertex -143.79791847198288 39.20208152801713 2
    endloop
  endfacet
  facet normal -0.8968727415326907 -0.44228869021899636 0
    outer loop
      vertex -143.4294047947308 38.65056183502065 0
      vertex -143.4294047947308 38.65056183502065 2
      vertex -143.52775681356644 38.85 2
    endloop
  endfacet
  facet normal 0.19509032201612994 -0.9807852804032301 0
    outer loop
      vertex -145.2218945267741 39.68545626433548 0
      vertex -145.2218945267741 39.68545626433548 2
      vertex -145.4399923766743 39.642073904691415 2
    endloop
  endfacet
  facet normal 0.06540312923015168 -0.9978589232386029 0
    outer loop
      vertex -145 39.7 0
      vertex -145 39.7 2
      vertex -145.2218945267741 39.68545626433548 2
    endloop
  endfacet
  facet normal -0.06540312923015168 -0.9978589232386029 0
    outer loop
      vertex -144.7781054732259 39.68545626433548 0
      vertex -144.7781054732259 39.68545626433548 2
      vertex -145 39.7 2
    endloop
  endfacet
  facet normal -0.19509032201612994 -0.9807852804032301 0
    outer loop
      vertex -144.5600076233257 39.642073904691415 0
      vertex -144.5600076233257 39.642073904691415 2
      vertex -144.7781054732259 39.68545626433548 2
    endloop
  endfacet
  facet normal -0.3214394653031803 -0.9469301294950994 0
    outer loop
      vertex -144.34943816497935 39.570595205269186 0
      vertex -144.34943816497935 39.570595205269186 2
      vertex -144.5600076233257 39.642073904691415 2
    endloop
  endfacet
  facet normal -0.4422886902190091 -0.8968727415326845 0
    outer loop
      vertex -144.15 39.472243186433545 0
      vertex -144.15 39.472243186433545 2
      vertex -144.34943816497935 39.570595205269186 2
    endloop
  endfacet
  facet normal -0.5555702330196043 -0.8314696123025439 0
    outer loop
      vertex -143.96510557068518 39.3487006784951 0
      vertex -143.96510557068518 39.3487006784951 2
      vertex -144.15 39.472243186433545 2
    endloop
  endfacet
  facet normal 0.5555702330195822 0.8314696123025587 0
    outer loop
      vertex -146.03489442931482 -119.3487006784951 0
      vertex -146.03489442931482 -119.3487006784951 2.4000000000000004
      vertex -145.85 -119.47224318643354 0
    endloop
  endfacet
  facet normal 0.44228869021900896 0.8968727415326844 0
    outer loop
      vertex -145.85 -119.47224318643354 0
      vertex -145.85 -119.47224318643354 2.4000000000000004
      vertex -145.65056183502065 -119.57059520526919 0
    endloop
  endfacet
  facet normal 0.32143946530318035 0.9469301294950992 0
    outer loop
      vertex -145.65056183502065 -119.57059520526919 0
      vertex -145.65056183502065 -119.57059520526919 2.4000000000000004
      vertex -145.4399923766743 -119.64207390469142 0
    endloop
  endfacet
  facet normal 0.7518398074789502 0.6593458151001 0
    outer loop
      vertex -146.20208152801712 -119.20208152801713 0
      vertex -146.3487006784951 -119.03489442931482 0
      vertex -146.3487006784951 -119.03489442931482 2.4000000000000004
    endloop
  endfacet
  facet normal 0.8968727415326844 0.44228869021900896 0
    outer loop
      vertex -146.47224318643356 -118.85 0
      vertex -146.5705952052692 -118.65056183502065 0
      vertex -146.5705952052692 -118.65056183502065 2.4000000000000004
    endloop
  endfacet
  facet normal 0.8314696123025291 0.5555702330196264 0
    outer loop
      vertex -146.3487006784951 -119.03489442931482 0
      vertex -146.47224318643356 -118.85 0
      vertex -146.47224318643356 -118.85 2.4000000000000004
    endloop
  endfacet
  facet normal 0.9807852804032337 0.19509032201611143 0
    outer loop
      vertex -146.64207390469142 -118.43999237667428 0
      vertex -146.68545626433547 -118.2218945267741 0
      vertex -146.68545626433547 -118.2218945267741 2.4000000000000004
    endloop
  endfacet
  facet normal 0.997858923238605 0.06540312923011987 0
    outer loop
      vertex -146.68545626433547 -118.2218945267741 0
      vertex -146.7 -118 0
      vertex -146.7 -118 2.4000000000000004
    endloop
  endfacet
  facet normal 0.997858923238605 -0.06540312923011987 0
    outer loop
      vertex -146.7 -118 0
      vertex -146.68545626433547 -117.7781054732259 0
      vertex -146.68545626433547 -117.7781054732259 2.4000000000000004
    endloop
  endfacet
  facet normal 0.9469301294951253 0.3214394653031035 0
    outer loop
      vertex -146.5705952052692 -118.65056183502065 0
      vertex -146.64207390469142 -118.43999237667428 0
      vertex -146.64207390469142 -118.43999237667428 2.4000000000000004
    endloop
  endfacet
  facet normal 0.6593458151000956 0.7518398074789541 0
    outer loop
      vertex -146.03489442931482 -119.3487006784951 0
      vertex -146.20208152801712 -119.20208152801713 0
      vertex -146.20208152801712 -119.20208152801713 2.4000000000000004
    endloop
  endfacet
  facet normal 0.9807852804032337 -0.19509032201611143 0
    outer loop
      vertex -146.68545626433547 -117.7781054732259 0
      vertex -146.64207390469142 -117.56000762332572 0
      vertex -146.64207390469142 -117.56000762332572 2.4000000000000004
    endloop
  endfacet
  facet normal 0.9469301294951253 -0.3214394653031035 0
    outer loop
      vertex -146.64207390469142 -117.56000762332572 0
      vertex -146.5705952052692 -117.34943816497935 0
      vertex -146.5705952052692 -117.34943816497935 2.4000000000000004
    endloop
  endfacet
  facet normal 0.8968727415326844 -0.44228869021900896 0
    outer loop
      vertex -146.5705952052692 -117.34943816497935 0
      vertex -146.47224318643356 -117.15 0
      vertex -146.47224318643356 -117.15 2.4000000000000004
    endloop
  endfacet
  facet normal 0.8314696123025291 -0.5555702330196264 0
    outer loop
      vertex -146.47224318643356 -117.15 0
      vertex -146.3487006784951 -116.96510557068518 0
      vertex -146.3487006784951 -116.96510557068518 2.4000000000000004
    endloop
  endfacet
  facet normal 0.7518398074789502 -0.6593458151001 0
    outer loop
      vertex -146.3487006784951 -116.96510557068518 0
      vertex -146.20208152801712 -116.79791847198287 0
      vertex -146.20208152801712 -116.79791847198287 2.4000000000000004
    endloop
  endfacet
  facet normal 0.6593458151000956 -0.7518398074789541 0
    outer loop
      vertex -146.20208152801712 -116.79791847198287 0
      vertex -146.03489442931482 -116.6512993215049 0
      vertex -146.03489442931482 -116.6512993215049 2.4000000000000004
    endloop
  endfacet
  facet normal 0.5555702330195822 -0.8314696123025587 0
    outer loop
      vertex -146.03489442931482 -116.6512993215049 0
      vertex -145.85 -116.52775681356646 0
      vertex -145.85 -116.52775681356646 2.4000000000000004
    endloop
  endfacet
  facet normal 0.44228869021900896 -0.8968727415326844 0
    outer loop
      vertex -145.85 -116.52775681356646 0
      vertex -145.65056183502065 -116.42940479473081 0
      vertex -145.65056183502065 -116.42940479473081 2.4000000000000004
    endloop
  endfacet
  facet normal 0.32143946530318035 -0.9469301294950992 0
    outer loop
      vertex -145.65056183502065 -116.42940479473081 0
      vertex -145.4399923766743 -116.35792609530858 0
      vertex -145.4399923766743 -116.35792609530858 2.4000000000000004
    endloop
  endfacet
  facet normal 0.0654031292301835 0.9978589232386009 0
    outer loop
      vertex -145.2218945267741 -119.68545626433547 0
      vertex -145.2218945267741 -119.68545626433547 2.4000000000000004
      vertex -145 -119.7 0
    endloop
  endfacet
  facet normal 0.19509032201609922 0.9807852804032361 0
    outer loop
      vertex -145.2218945267741 -119.68545626433547 0
      vertex -145.4399923766743 -119.64207390469142 0
      vertex -145.4399923766743 -119.64207390469142 2.4000000000000004
    endloop
  endfacet
  facet normal -0.0654031292301835 0.9978589232386009 0
    outer loop
      vertex -145 -119.7 0
      vertex -145 -119.7 2.4000000000000004
      vertex -144.7781054732259 -119.68545626433547 0
    endloop
  endfacet
  facet normal -0.19509032201609922 0.9807852804032361 0
    outer loop
      vertex -144.7781054732259 -119.68545626433547 0
      vertex -144.7781054732259 -119.68545626433547 2.4000000000000004
      vertex -144.5600076233257 -119.64207390469142 0
    endloop
  endfacet
  facet normal -0.32143946530318035 0.9469301294950992 0
    outer loop
      vertex -144.5600076233257 -119.64207390469142 0
      vertex -144.5600076233257 -119.64207390469142 2.4000000000000004
      vertex -144.34943816497935 -119.57059520526919 0
    endloop
  endfacet
  facet normal -0.44228869021900896 0.8968727415326844 0
    outer loop
      vertex -144.34943816497935 -119.57059520526919 0
      vertex -144.34943816497935 -119.57059520526919 2.4000000000000004
      vertex -144.15 -119.47224318643354 0
    endloop
  endfacet
  facet normal -0.5555702330195822 0.8314696123025587 0
    outer loop
      vertex -144.15 -119.47224318643354 0
      vertex -144.15 -119.47224318643354 2.4000000000000004
      vertex -143.96510557068518 -119.3487006784951 0
    endloop
  endfacet
  facet normal -0.32143946530318035 -0.9469301294950992 0
    outer loop
      vertex -144.34943816497935 -116.42940479473081 0
      vertex -144.34943816497935 -116.42940479473081 2.4000000000000004
      vertex -144.5600076233257 -116.35792609530858 0
    endloop
  endfacet
  facet normal -0.44228869021900896 -0.8968727415326844 0
    outer loop
      vertex -144.34943816497935 -116.42940479473081 0
      vertex -144.15 -116.52775681356646 0
      vertex -144.15 -116.52775681356646 2.4000000000000004
    endloop
  endfacet
  facet normal -0.5555702330195822 -0.8314696123025587 0
    outer loop
      vertex -143.96510557068518 -116.6512993215049 0
      vertex -143.96510557068518 -116.6512993215049 2.4000000000000004
      vertex -144.15 -116.52775681356646 0
    endloop
  endfacet
  facet normal -0.6593458151000956 0.7518398074789541 0
    outer loop
      vertex -143.96510557068518 -119.3487006784951 0
      vertex -143.96510557068518 -119.3487006784951 2.4000000000000004
      vertex -143.79791847198288 -119.20208152801713 0
    endloop
  endfacet
  facet normal -0.7518398074789502 0.6593458151001 0
    outer loop
      vertex -143.79791847198288 -119.20208152801713 0
      vertex -143.79791847198288 -119.20208152801713 2.4000000000000004
      vertex -143.6512993215049 -119.03489442931482 0
    endloop
  endfacet
  facet normal -0.8314696123025291 0.5555702330196264 0
    outer loop
      vertex -143.6512993215049 -119.03489442931482 0
      vertex -143.6512993215049 -119.03489442931482 2.4000000000000004
      vertex -143.52775681356644 -118.85 0
    endloop
  endfacet
  facet normal -0.8968727415326844 0.44228869021900896 0
    outer loop
      vertex -143.52775681356644 -118.85 0
      vertex -143.52775681356644 -118.85 2.4000000000000004
      vertex -143.4294047947308 -118.65056183502065 0
    endloop
  endfacet
  facet normal -0.9469301294951253 0.3214394653031035 0
    outer loop
      vertex -143.4294047947308 -118.65056183502065 0
      vertex -143.4294047947308 -118.65056183502065 2.4000000000000004
      vertex -143.35792609530858 -118.43999237667428 0
    endloop
  endfacet
  facet normal -0.9807852804032337 0.19509032201611143 0
    outer loop
      vertex -143.35792609530858 -118.43999237667428 0
      vertex -143.35792609530858 -118.43999237667428 2.4000000000000004
      vertex -143.31454373566453 -118.2218945267741 0
    endloop
  endfacet
  facet normal -0.997858923238605 0.06540312923011987 0
    outer loop
      vertex -143.31454373566453 -118.2218945267741 0
      vertex -143.31454373566453 -118.2218945267741 2.4000000000000004
      vertex -143.3 -118 0
    endloop
  endfacet
  facet normal -0.997858923238605 -0.06540312923011987 0
    outer loop
      vertex -143.3 -118 0
      vertex -143.3 -118 2.4000000000000004
      vertex -143.31454373566453 -117.7781054732259 0
    endloop
  endfacet
  facet normal -0.9469301294951253 -0.3214394653031035 0
    outer loop
      vertex -143.35792609530858 -117.56000762332572 0
      vertex -143.35792609530858 -117.56000762332572 2.4000000000000004
      vertex -143.4294047947308 -117.34943816497935 0
    endloop
  endfacet
  facet normal -0.9807852804032337 -0.19509032201611143 0
    outer loop
      vertex -143.31454373566453 -117.7781054732259 0
      vertex -143.31454373566453 -117.7781054732259 2.4000000000000004
      vertex -143.35792609530858 -117.56000762332572 0
    endloop
  endfacet
  facet normal -0.8968727415326844 -0.44228869021900896 0
    outer loop
      vertex -143.4294047947308 -117.34943816497935 0
      vertex -143.4294047947308 -117.34943816497935 2.4000000000000004
      vertex -143.52775681356644 -117.15 0
    endloop
  endfacet
  facet normal -0.6593458151000956 -0.7518398074789541 0
    outer loop
      vertex -143.96510557068518 -116.6512993215049 0
      vertex -143.79791847198288 -116.79791847198287 0
      vertex -143.79791847198288 -116.79791847198287 2.4000000000000004
    endloop
  endfacet
  facet normal -0.8314696123025291 -0.5555702330196264 0
    outer loop
      vertex -143.6512993215049 -116.96510557068518 0
      vertex -143.52775681356644 -117.15 0
      vertex -143.52775681356644 -117.15 2.4000000000000004
    endloop
  endfacet
  facet normal -0.7518398074789502 -0.6593458151001 0
    outer loop
      vertex -143.6512993215049 -116.96510557068518 0
      vertex -143.6512993215049 -116.96510557068518 2.4000000000000004
      vertex -143.79791847198288 -116.79791847198287 0
    endloop
  endfacet
  facet normal 0.19509032201609922 -0.9807852804032361 0
    outer loop
      vertex -145.4399923766743 -116.35792609530858 0
      vertex -145.2218945267741 -116.31454373566453 0
      vertex -145.2218945267741 -116.31454373566453 2.4000000000000004
    endloop
  endfacet
  facet normal 0.0654031292301835 -0.9978589232386009 0
    outer loop
      vertex -145.2218945267741 -116.31454373566453 0
      vertex -145 -116.3 0
      vertex -145 -116.3 2.4000000000000004
    endloop
  endfacet
  facet normal -0.0654031292301835 -0.9978589232386009 0
    outer loop
      vertex -145 -116.3 0
      vertex -144.7781054732259 -116.31454373566453 0
      vertex -144.7781054732259 -116.31454373566453 2.4000000000000004
    endloop
  endfacet
  facet normal -0.19509032201609922 -0.9807852804032361 0
    outer loop
      vertex -144.7781054732259 -116.31454373566453 0
      vertex -144.5600076233257 -116.35792609530858 0
      vertex -144.5600076233257 -116.35792609530858 2.4000000000000004
    endloop
  endfacet
  facet normal 0.5555702330195822 0.8314696123025587 0
    outer loop
      vertex -145.85 -119.47224318643354 0
      vertex -146.03489442931482 -119.3487006784951 2.4000000000000004
      vertex -145.85 -119.47224318643354 2.4000000000000004
    endloop
  endfacet
  facet normal 0.44228869021900896 0.8968727415326844 0
    outer loop
      vertex -145.65056183502065 -119.57059520526919 0
      vertex -145.85 -119.47224318643354 2.4000000000000004
      vertex -145.65056183502065 -119.57059520526919 2.4000000000000004
    endloop
  endfacet
  facet normal 0.32143946530318035 0.9469301294950992 0
    outer loop
      vertex -145.4399923766743 -119.64207390469142 0
      vertex -145.65056183502065 -119.57059520526919 2.4000000000000004
      vertex -145.4399923766743 -119.64207390469142 2.4000000000000004
    endloop
  endfacet
  facet normal 0.7518398074789502 0.6593458151001 0
    outer loop
      vertex -146.20208152801712 -119.20208152801713 0
      vertex -146.3487006784951 -119.03489442931482 2.4000000000000004
      vertex -146.20208152801712 -119.20208152801713 2.4000000000000004
    endloop
  endfacet
  facet normal 0.8314696123025291 0.5555702330196264 0
    outer loop
      vertex -146.3487006784951 -119.03489442931482 0
      vertex -146.47224318643356 -118.85 2.4000000000000004
      vertex -146.3487006784951 -119.03489442931482 2.4000000000000004
    endloop
  endfacet
  facet normal 0.8968727415326844 0.44228869021900896 0
    outer loop
      vertex -146.47224318643356 -118.85 0
      vertex -146.5705952052692 -118.65056183502065 2.4000000000000004
      vertex -146.47224318643356 -118.85 2.4000000000000004
    endloop
  endfacet
  facet normal 0.9469301294951253 0.3214394653031035 0
    outer loop
      vertex -146.5705952052692 -118.65056183502065 0
      vertex -146.64207390469142 -118.43999237667428 2.4000000000000004
      vertex -146.5705952052692 -118.65056183502065 2.4000000000000004
    endloop
  endfacet
  facet normal 0.9807852804032337 0.19509032201611143 0
    outer loop
      vertex -146.64207390469142 -118.43999237667428 0
      vertex -146.68545626433547 -118.2218945267741 2.4000000000000004
      vertex -146.64207390469142 -118.43999237667428 2.4000000000000004
    endloop
  endfacet
  facet normal 0.997858923238605 0.06540312923011987 0
    outer loop
      vertex -146.68545626433547 -118.2218945267741 0
      vertex -146.7 -118 2.4000000000000004
      vertex -146.68545626433547 -118.2218945267741 2.4000000000000004
    endloop
  endfacet
  facet normal 0.997858923238605 -0.06540312923011987 0
    outer loop
      vertex -146.7 -118 0
      vertex -146.68545626433547 -117.7781054732259 2.4000000000000004
      vertex -146.7 -118 2.4000000000000004
    endloop
  endfacet
  facet normal 0.6593458151000956 0.7518398074789541 0
    outer loop
      vertex -146.03489442931482 -119.3487006784951 0
      vertex -146.20208152801712 -119.20208152801713 2.4000000000000004
      vertex -146.03489442931482 -119.3487006784951 2.4000000000000004
    endloop
  endfacet
  facet normal 0.9807852804032337 -0.19509032201611143 0
    outer loop
      vertex -146.68545626433547 -117.7781054732259 0
      vertex -146.64207390469142 -117.56000762332572 2.4000000000000004
      vertex -146.68545626433547 -117.7781054732259 2.4000000000000004
    endloop
  endfacet
  facet normal 0.9469301294951253 -0.3214394653031035 0
    outer loop
      vertex -146.64207390469142 -117.56000762332572 0
      vertex -146.5705952052692 -117.34943816497935 2.4000000000000004
      vertex -146.64207390469142 -117.56000762332572 2.4000000000000004
    endloop
  endfacet
  facet normal 0.8968727415326844 -0.44228869021900896 0
    outer loop
      vertex -146.5705952052692 -117.34943816497935 0
      vertex -146.47224318643356 -117.15 2.4000000000000004
      vertex -146.5705952052692 -117.34943816497935 2.4000000000000004
    endloop
  endfacet
  facet normal 0.8314696123025291 -0.5555702330196264 0
    outer loop
      vertex -146.47224318643356 -117.15 0
      vertex -146.3487006784951 -116.96510557068518 2.4000000000000004
      vertex -146.47224318643356 -117.15 2.4000000000000004
    endloop
  endfacet
  facet normal 0.7518398074789502 -0.6593458151001 0
    outer loop
      vertex -146.3487006784951 -116.96510557068518 0
      vertex -146.20208152801712 -116.79791847198287 2.4000000000000004
      vertex -146.3487006784951 -116.96510557068518 2.4000000000000004
    endloop
  endfacet
  facet normal 0.6593458151000956 -0.7518398074789541 0
    outer loop
      vertex -146.20208152801712 -116.79791847198287 0
      vertex -146.03489442931482 -116.6512993215049 2.4000000000000004
      vertex -146.20208152801712 -116.79791847198287 2.4000000000000004
    endloop
  endfacet
  facet normal 0.5555702330195822 -0.8314696123025587 0
    outer loop
      vertex -146.03489442931482 -116.6512993215049 0
      vertex -145.85 -116.52775681356646 2.4000000000000004
      vertex -146.03489442931482 -116.6512993215049 2.4000000000000004
    endloop
  endfacet
  facet normal 0.44228869021900896 -0.8968727415326844 0
    outer loop
      vertex -145.85 -116.52775681356646 0
      vertex -145.65056183502065 -116.42940479473081 2.4000000000000004
      vertex -145.85 -116.52775681356646 2.4000000000000004
    endloop
  endfacet
  facet normal 0.32143946530318035 -0.9469301294950992 0
    outer loop
      vertex -145.65056183502065 -116.42940479473081 0
      vertex -145.4399923766743 -116.35792609530858 2.4000000000000004
      vertex -145.65056183502065 -116.42940479473081 2.4000000000000004
    endloop
  endfacet
  facet normal 0.19509032201609922 0.9807852804032361 0
    outer loop
      vertex -145.2218945267741 -119.68545626433547 0
      vertex -145.4399923766743 -119.64207390469142 2.4000000000000004
      vertex -145.2218945267741 -119.68545626433547 2.4000000000000004
    endloop
  endfacet
  facet normal 0.0654031292301835 0.9978589232386009 0
    outer loop
      vertex -145 -119.7 0
      vertex -145.2218945267741 -119.68545626433547 2.4000000000000004
      vertex -145 -119.7 2.4000000000000004
    endloop
  endfacet
  facet normal -0.0654031292301835 0.9978589232386009 0
    outer loop
      vertex -144.7781054732259 -119.68545626433547 0
      vertex -145 -119.7 2.4000000000000004
      vertex -144.7781054732259 -119.68545626433547 2.4000000000000004
    endloop
  endfacet
  facet normal -0.19509032201609922 0.9807852804032361 0
    outer loop
      vertex -144.5600076233257 -119.64207390469142 0
      vertex -144.7781054732259 -119.68545626433547 2.4000000000000004
      vertex -144.5600076233257 -119.64207390469142 2.4000000000000004
    endloop
  endfacet
  facet normal -0.32143946530318035 0.9469301294950992 0
    outer loop
      vertex -144.34943816497935 -119.57059520526919 0
      vertex -144.5600076233257 -119.64207390469142 2.4000000000000004
      vertex -144.34943816497935 -119.57059520526919 2.4000000000000004
    endloop
  endfacet
  facet normal -0.44228869021900896 0.8968727415326844 0
    outer loop
      vertex -144.15 -119.47224318643354 0
      vertex -144.34943816497935 -119.57059520526919 2.4000000000000004
      vertex -144.15 -119.47224318643354 2.4000000000000004
    endloop
  endfacet
  facet normal -0.5555702330195822 0.8314696123025587 0
    outer loop
      vertex -143.96510557068518 -119.3487006784951 0
      vertex -144.15 -119.47224318643354 2.4000000000000004
      vertex -143.96510557068518 -119.3487006784951 2.4000000000000004
    endloop
  endfacet
  facet normal -0.32143946530318035 -0.9469301294950992 0
    outer loop
      vertex -144.5600076233257 -116.35792609530858 0
      vertex -144.34943816497935 -116.42940479473081 2.4000000000000004
      vertex -144.5600076233257 -116.35792609530858 2.4000000000000004
    endloop
  endfacet
  facet normal -0.44228869021900896 -0.8968727415326844 0
    outer loop
      vertex -144.34943816497935 -116.42940479473081 0
      vertex -144.15 -116.52775681356646 2.4000000000000004
      vertex -144.34943816497935 -116.42940479473081 2.4000000000000004
    endloop
  endfacet
  facet normal -0.5555702330195822 -0.8314696123025587 0
    outer loop
      vertex -144.15 -116.52775681356646 0
      vertex -143.96510557068518 -116.6512993215049 2.4000000000000004
      vertex -144.15 -116.52775681356646 2.4000000000000004
    endloop
  endfacet
  facet normal -0.6593458151000956 0.7518398074789541 0
    outer loop
      vertex -143.79791847198288 -119.20208152801713 0
      vertex -143.96510557068518 -119.3487006784951 2.4000000000000004
      vertex -143.79791847198288 -119.20208152801713 2.4000000000000004
    endloop
  endfacet
  facet normal -0.7518398074789502 0.6593458151001 0
    outer loop
      vertex -143.6512993215049 -119.03489442931482 0
      vertex -143.79791847198288 -119.20208152801713 2.4000000000000004
      vertex -143.6512993215049 -119.03489442931482 2.4000000000000004
    endloop
  endfacet
  facet normal -0.8314696123025291 0.5555702330196264 0
    outer loop
      vertex -143.52775681356644 -118.85 0
      vertex -143.6512993215049 -119.03489442931482 2.4000000000000004
      vertex -143.52775681356644 -118.85 2.4000000000000004
    endloop
  endfacet
  facet normal -0.8968727415326844 0.44228869021900896 0
    outer loop
      vertex -143.4294047947308 -118.65056183502065 0
      vertex -143.52775681356644 -118.85 2.4000000000000004
      vertex -143.4294047947308 -118.65056183502065 2.4000000000000004
    endloop
  endfacet
  facet normal -0.9469301294951253 0.3214394653031035 0
    outer loop
      vertex -143.35792609530858 -118.43999237667428 0
      vertex -143.4294047947308 -118.65056183502065 2.4000000000000004
      vertex -143.35792609530858 -118.43999237667428 2.4000000000000004
    endloop
  endfacet
  facet normal -0.9807852804032337 0.19509032201611143 0
    outer loop
      vertex -143.31454373566453 -118.2218945267741 0
      vertex -143.35792609530858 -118.43999237667428 2.4000000000000004
      vertex -143.31454373566453 -118.2218945267741 2.4000000000000004
    endloop
  endfacet
  facet normal -0.997858923238605 0.06540312923011987 0
    outer loop
      vertex -143.3 -118 0
      vertex -143.31454373566453 -118.2218945267741 2.4000000000000004
      vertex -143.3 -118 2.4000000000000004
    endloop
  endfacet
  facet normal -0.997858923238605 -0.06540312923011987 0
    outer loop
      vertex -143.31454373566453 -117.7781054732259 0
      vertex -143.3 -118 2.4000000000000004
      vertex -143.31454373566453 -117.7781054732259 2.4000000000000004
    endloop
  endfacet
  facet normal -0.9807852804032337 -0.19509032201611143 0
    outer loop
      vertex -143.35792609530858 -117.56000762332572 0
      vertex -143.31454373566453 -117.7781054732259 2.4000000000000004
      vertex -143.35792609530858 -117.56000762332572 2.4000000000000004
    endloop
  endfacet
  facet normal -0.9469301294951253 -0.3214394653031035 0
    outer loop
      vertex -143.4294047947308 -117.34943816497935 0
      vertex -143.35792609530858 -117.56000762332572 2.4000000000000004
      vertex -143.4294047947308 -117.34943816497935 2.4000000000000004
    endloop
  endfacet
  facet normal -0.8968727415326844 -0.44228869021900896 0
    outer loop
      vertex -143.52775681356644 -117.15 0
      vertex -143.4294047947308 -117.34943816497935 2.4000000000000004
      vertex -143.52775681356644 -117.15 2.4000000000000004
    endloop
  endfacet
  facet normal -0.7518398074789502 -0.6593458151001 0
    outer loop
      vertex -143.79791847198288 -116.79791847198287 0
      vertex -143.6512993215049 -116.96510557068518 2.4000000000000004
      vertex -143.79791847198288 -116.79791847198287 2.4000000000000004
    endloop
  endfacet
  facet normal -0.8314696123025291 -0.5555702330196264 0
    outer loop
      vertex -143.6512993215049 -116.96510557068518 0
      vertex -143.52775681356644 -117.15 2.4000000000000004
      vertex -143.6512993215049 -116.96510557068518 2.4000000000000004
    endloop
  endfacet
  facet normal -0.6593458151000956 -0.7518398074789541 0
    outer loop
      vertex -143.96510557068518 -116.6512993215049 0
      vertex -143.79791847198288 -116.79791847198287 2.4000000000000004
      vertex -143.96510557068518 -116.6512993215049 2.4000000000000004
    endloop
  endfacet
  facet normal 0.19509032201609922 -0.9807852804032361 0
    outer loop
      vertex -145.4399923766743 -116.35792609530858 0
      vertex -145.2218945267741 -116.31454373566453 2.4000000000000004
      vertex -145.4399923766743 -116.35792609530858 2.4000000000000004
    endloop
  endfacet
  facet normal 0.0654031292301835 -0.9978589232386009 0
    outer loop
      vertex -145.2218945267741 -116.31454373566453 0
      vertex -145 -116.3 2.4000000000000004
      vertex -145.2218945267741 -116.31454373566453 2.4000000000000004
    endloop
  endfacet
  facet normal -0.0654031292301835 -0.9978589232386009 0
    outer loop
      vertex -145 -116.3 0
      vertex -144.7781054732259 -116.31454373566453 2.4000000000000004
      vertex -145 -116.3 2.4000000000000004
    endloop
  endfacet
  facet normal -0.19509032201609922 -0.9807852804032361 0
    outer loop
      vertex -144.7781054732259 -116.31454373566453 0
      vertex -144.5600076233257 -116.35792609530858 2.4000000000000004
      vertex -144.7781054732259 -116.31454373566453 2.4000000000000004
    endloop
  endfacet
  facet normal 0.5555702330195822 0.8314696123025587 0
    outer loop
      vertex -51.034894429314825 -119.3487006784951 0
      vertex -51.034894429314825 -119.3487006784951 2.4000000000000004
      vertex -50.85 -119.47224318643354 0
    endloop
  endfacet
  facet normal 0.44228869021899636 0.8968727415326907 0
    outer loop
      vertex -50.65056183502065 -119.57059520526919 0
      vertex -50.85 -119.47224318643354 0
      vertex -50.85 -119.47224318643354 2.4000000000000004
    endloop
  endfacet
  facet normal 0.3214394653031608 0.9469301294951058 0
    outer loop
      vertex -50.65056183502065 -119.57059520526919 0
      vertex -50.65056183502065 -119.57059520526919 2.4000000000000004
      vertex -50.43999237667428 -119.64207390469142 0
    endloop
  endfacet
  facet normal 0.19509032201610532 0.9807852804032349 0
    outer loop
      vertex -50.221894526774086 -119.68545626433547 0
      vertex -50.43999237667428 -119.64207390469142 0
      vertex -50.43999237667428 -119.64207390469142 2.4000000000000004
    endloop
  endfacet
  facet normal 0.06540312923018558 0.9978589232386006 0
    outer loop
      vertex -50.221894526774086 -119.68545626433547 0
      vertex -50.221894526774086 -119.68545626433547 2.4000000000000004
      vertex -50 -119.7 0
    endloop
  endfacet
  facet normal -0.06540312923018558 0.9978589232386006 0
    outer loop
      vertex -50 -119.7 0
      vertex -50 -119.7 2.4000000000000004
      vertex -49.778105473225914 -119.68545626433547 0
    endloop
  endfacet
  facet normal -0.19509032201610532 0.9807852804032349 0
    outer loop
      vertex -49.778105473225914 -119.68545626433547 0
      vertex -49.778105473225914 -119.68545626433547 2.4000000000000004
      vertex -49.56000762332572 -119.64207390469142 0
    endloop
  endfacet
  facet normal -0.3214394653031608 0.9469301294951058 0
    outer loop
      vertex -49.56000762332572 -119.64207390469142 0
      vertex -49.56000762332572 -119.64207390469142 2.4000000000000004
      vertex -49.34943816497935 -119.57059520526919 0
    endloop
  endfacet
  facet normal -0.44228869021899636 0.8968727415326907 0
    outer loop
      vertex -49.34943816497935 -119.57059520526919 0
      vertex -49.34943816497935 -119.57059520526919 2.4000000000000004
      vertex -49.15 -119.47224318643354 0
    endloop
  endfacet
  facet normal -0.5555702330195822 0.8314696123025587 0
    outer loop
      vertex -49.15 -119.47224318643354 0
      vertex -49.15 -119.47224318643354 2.4000000000000004
      vertex -48.965105570685175 -119.3487006784951 0
    endloop
  endfacet
  facet normal 0.831469612302544 0.5555702330196043 0
    outer loop
      vertex -51.3487006784951 -119.03489442931482 0
      vertex -51.472243186433545 -118.85 0
      vertex -51.472243186433545 -118.85 2.4000000000000004
    endloop
  endfacet
  facet normal 0.8968727415326844 0.44228869021900896 0
    outer loop
      vertex -51.472243186433545 -118.85 0
      vertex -51.570595205269186 -118.65056183502065 0
      vertex -51.570595205269186 -118.65056183502065 2.4000000000000004
    endloop
  endfacet
  facet normal 0.9469301294951058 0.3214394653031608 0
    outer loop
      vertex -51.570595205269186 -118.65056183502065 0
      vertex -51.642073904691415 -118.43999237667428 0
      vertex -51.642073904691415 -118.43999237667428 2.4000000000000004
    endloop
  endfacet
  facet normal 0.9807852804032275 0.19509032201614215 0
    outer loop
      vertex -51.68545626433548 -118.2218945267741 0
      vertex -51.68545626433548 -118.2218945267741 2.4000000000000004
      vertex -51.642073904691415 -118.43999237667428 0
    endloop
  endfacet
  facet normal 0.9978589232386028 0.06540312923015167 0
    outer loop
      vertex -51.68545626433548 -118.2218945267741 0
      vertex -51.7 -118 0
      vertex -51.7 -118 2.4000000000000004
    endloop
  endfacet
  facet normal 0.9978589232386028 -0.06540312923015167 0
    outer loop
      vertex -51.7 -118 0
      vertex -51.68545626433548 -117.7781054732259 0
      vertex -51.68545626433548 -117.7781054732259 2.4000000000000004
    endloop
  endfacet
  facet normal 0.7518398074789977 0.6593458151000458 0
    outer loop
      vertex -51.3487006784951 -119.03489442931482 0
      vertex -51.3487006784951 -119.03489442931482 2.4000000000000004
      vertex -51.20208152801713 -119.20208152801713 0
    endloop
  endfacet
  facet normal 0.6593458151000796 0.7518398074789678 0
    outer loop
      vertex -51.034894429314825 -119.3487006784951 0
      vertex -51.20208152801713 -119.20208152801713 0
      vertex -51.20208152801713 -119.20208152801713 2.4000000000000004
    endloop
  endfacet
  facet normal 0.9807852804032275 -0.19509032201614215 0
    outer loop
      vertex -51.68545626433548 -117.7781054732259 0
      vertex -51.642073904691415 -117.56000762332572 0
      vertex -51.642073904691415 -117.56000762332572 2.4000000000000004
    endloop
  endfacet
  facet normal 0.9469301294951058 -0.3214394653031608 0
    outer loop
      vertex -51.642073904691415 -117.56000762332572 0
      vertex -51.570595205269186 -117.34943816497935 0
      vertex -51.570595205269186 -117.34943816497935 2.4000000000000004
    endloop
  endfacet
  facet normal 0.8968727415326844 -0.44228869021900896 0
    outer loop
      vertex -51.570595205269186 -117.34943816497935 0
      vertex -51.472243186433545 -117.15 0
      vertex -51.472243186433545 -117.15 2.4000000000000004
    endloop
  endfacet
  facet normal 0.831469612302544 -0.5555702330196043 0
    outer loop
      vertex -51.472243186433545 -117.15 0
      vertex -51.3487006784951 -116.96510557068518 0
      vertex -51.3487006784951 -116.96510557068518 2.4000000000000004
    endloop
  endfacet
  facet normal 0.7518398074789977 -0.6593458151000458 0
    outer loop
      vertex -51.3487006784951 -116.96510557068518 0
      vertex -51.20208152801713 -116.79791847198287 0
      vertex -51.20208152801713 -116.79791847198287 2.4000000000000004
    endloop
  endfacet
  facet normal 0.6593458151000796 -0.7518398074789678 0
    outer loop
      vertex -51.20208152801713 -116.79791847198287 0
      vertex -51.034894429314825 -116.6512993215049 0
      vertex -51.034894429314825 -116.6512993215049 2.4000000000000004
    endloop
  endfacet
  facet normal 0.5555702330195822 -0.8314696123025587 0
    outer loop
      vertex -51.034894429314825 -116.6512993215049 0
      vertex -50.85 -116.52775681356646 0
      vertex -50.85 -116.52775681356646 2.4000000000000004
    endloop
  endfacet
  facet normal 0.44228869021899636 -0.8968727415326907 0
    outer loop
      vertex -50.85 -116.52775681356646 0
      vertex -50.65056183502065 -116.42940479473081 0
      vertex -50.65056183502065 -116.42940479473081 2.4000000000000004
    endloop
  endfacet
  facet normal 0.3214394653031608 -0.9469301294951058 0
    outer loop
      vertex -50.65056183502065 -116.42940479473081 0
      vertex -50.43999237667428 -116.35792609530858 0
      vertex -50.43999237667428 -116.35792609530858 2.4000000000000004
    endloop
  endfacet
  facet normal -0.3214394653031608 -0.9469301294951058 0
    outer loop
      vertex -49.56000762332572 -116.35792609530858 0
      vertex -49.34943816497935 -116.42940479473081 0
      vertex -49.34943816497935 -116.42940479473081 2.4000000000000004
    endloop
  endfacet
  facet normal -0.44228869021899636 -0.8968727415326907 0
    outer loop
      vertex -49.15 -116.52775681356646 0
      vertex -49.15 -116.52775681356646 2.4000000000000004
      vertex -49.34943816497935 -116.42940479473081 0
    endloop
  endfacet
  facet normal -0.6593458151000796 0.7518398074789678 0
    outer loop
      vertex -48.965105570685175 -119.3487006784951 0
      vertex -48.965105570685175 -119.3487006784951 2.4000000000000004
      vertex -48.79791847198287 -119.20208152801713 0
    endloop
  endfacet
  facet normal -0.7518398074789977 0.6593458151000458 0
    outer loop
      vertex -48.79791847198287 -119.20208152801713 0
      vertex -48.79791847198287 -119.20208152801713 2.4000000000000004
      vertex -48.6512993215049 -119.03489442931482 0
    endloop
  endfacet
  facet normal -0.831469612302544 0.5555702330196043 0
    outer loop
      vertex -48.6512993215049 -119.03489442931482 0
      vertex -48.6512993215049 -119.03489442931482 2.4000000000000004
      vertex -48.527756813566455 -118.85 0
    endloop
  endfacet
  facet normal -0.8968727415326844 0.44228869021900896 0
    outer loop
      vertex -48.527756813566455 -118.85 0
      vertex -48.527756813566455 -118.85 2.4000000000000004
      vertex -48.429404794730814 -118.65056183502065 0
    endloop
  endfacet
  facet normal -0.9469301294951058 0.3214394653031608 0
    outer loop
      vertex -48.429404794730814 -118.65056183502065 0
      vertex -48.429404794730814 -118.65056183502065 2.4000000000000004
      vertex -48.357926095308585 -118.43999237667428 0
    endloop
  endfacet
  facet normal -0.9807852804032275 0.19509032201614215 0
    outer loop
      vertex -48.357926095308585 -118.43999237667428 0
      vertex -48.357926095308585 -118.43999237667428 2.4000000000000004
      vertex -48.31454373566452 -118.2218945267741 0
    endloop
  endfacet
  facet normal -0.9978589232386028 0.06540312923015167 0
    outer loop
      vertex -48.31454373566452 -118.2218945267741 0
      vertex -48.31454373566452 -118.2218945267741 2.4000000000000004
      vertex -48.3 -118 0
    endloop
  endfacet
  facet normal -0.9978589232386028 -0.06540312923015167 0
    outer loop
      vertex -48.3 -118 0
      vertex -48.3 -118 2.4000000000000004
      vertex -48.31454373566452 -117.7781054732259 0
    endloop
  endfacet
  facet normal -0.9807852804032275 -0.19509032201614215 0
    outer loop
      vertex -48.31454373566452 -117.7781054732259 0
      vertex -48.31454373566452 -117.7781054732259 2.4000000000000004
      vertex -48.357926095308585 -117.56000762332572 0
    endloop
  endfacet
  facet normal -0.9469301294951058 -0.3214394653031608 0
    outer loop
      vertex -48.357926095308585 -117.56000762332572 0
      vertex -48.357926095308585 -117.56000762332572 2.4000000000000004
      vertex -48.429404794730814 -117.34943816497935 0
    endloop
  endfacet
  facet normal -0.8968727415326844 -0.44228869021900896 0
    outer loop
      vertex -48.429404794730814 -117.34943816497935 0
      vertex -48.429404794730814 -117.34943816497935 2.4000000000000004
      vertex -48.527756813566455 -117.15 0
    endloop
  endfacet
  facet normal -0.6593458151000796 -0.7518398074789678 0
    outer loop
      vertex -48.79791847198287 -116.79791847198287 0
      vertex -48.79791847198287 -116.79791847198287 2.4000000000000004
      vertex -48.965105570685175 -116.6512993215049 0
    endloop
  endfacet
  facet normal -0.7518398074789977 -0.6593458151000458 0
    outer loop
      vertex -48.79791847198287 -116.79791847198287 0
      vertex -48.6512993215049 -116.96510557068518 0
      vertex -48.6512993215049 -116.96510557068518 2.4000000000000004
    endloop
  endfacet
  facet normal -0.5555702330195822 -0.8314696123025587 0
    outer loop
      vertex -49.15 -116.52775681356646 0
      vertex -48.965105570685175 -116.6512993215049 0
      vertex -48.965105570685175 -116.6512993215049 2.4000000000000004
    endloop
  endfacet
  facet normal -0.831469612302544 -0.5555702330196043 0
    outer loop
      vertex -48.527756813566455 -117.15 0
      vertex -48.527756813566455 -117.15 2.4000000000000004
      vertex -48.6512993215049 -116.96510557068518 0
    endloop
  endfacet
  facet normal 0.19509032201610532 -0.9807852804032349 0
    outer loop
      vertex -50.43999237667428 -116.35792609530858 0
      vertex -50.221894526774086 -116.31454373566453 0
      vertex -50.221894526774086 -116.31454373566453 2.4000000000000004
    endloop
  endfacet
  facet normal 0.06540312923018558 -0.9978589232386006 0
    outer loop
      vertex -50.221894526774086 -116.31454373566453 0
      vertex -50 -116.3 0
      vertex -50 -116.3 2.4000000000000004
    endloop
  endfacet
  facet normal -0.06540312923018558 -0.9978589232386006 0
    outer loop
      vertex -50 -116.3 0
      vertex -49.778105473225914 -116.31454373566453 0
      vertex -49.778105473225914 -116.31454373566453 2.4000000000000004
    endloop
  endfacet
  facet normal -0.19509032201610532 -0.9807852804032349 0
    outer loop
      vertex -49.778105473225914 -116.31454373566453 0
      vertex -49.56000762332572 -116.35792609530858 0
      vertex -49.56000762332572 -116.35792609530858 2.4000000000000004
    endloop
  endfacet
  facet normal 0.5555702330195822 0.8314696123025587 0
    outer loop
      vertex -50.85 -119.47224318643354 0
      vertex -51.034894429314825 -119.3487006784951 2.4000000000000004
      vertex -50.85 -119.47224318643354 2.4000000000000004
    endloop
  endfacet
  facet normal 0.44228869021899636 0.8968727415326907 0
    outer loop
      vertex -50.65056183502065 -119.57059520526919 0
      vertex -50.85 -119.47224318643354 2.4000000000000004
      vertex -50.65056183502065 -119.57059520526919 2.4000000000000004
    endloop
  endfacet
  facet normal 0.3214394653031608 0.9469301294951058 0
    outer loop
      vertex -50.43999237667428 -119.64207390469142 0
      vertex -50.65056183502065 -119.57059520526919 2.4000000000000004
      vertex -50.43999237667428 -119.64207390469142 2.4000000000000004
    endloop
  endfacet
  facet normal 0.19509032201610532 0.9807852804032349 0
    outer loop
      vertex -50.221894526774086 -119.68545626433547 0
      vertex -50.43999237667428 -119.64207390469142 2.4000000000000004
      vertex -50.221894526774086 -119.68545626433547 2.4000000000000004
    endloop
  endfacet
  facet normal 0.06540312923018558 0.9978589232386006 0
    outer loop
      vertex -50 -119.7 0
      vertex -50.221894526774086 -119.68545626433547 2.4000000000000004
      vertex -50 -119.7 2.4000000000000004
    endloop
  endfacet
  facet normal -0.06540312923018558 0.9978589232386006 0
    outer loop
      vertex -49.778105473225914 -119.68545626433547 0
      vertex -50 -119.7 2.4000000000000004
      vertex -49.778105473225914 -119.68545626433547 2.4000000000000004
    endloop
  endfacet
  facet normal -0.19509032201610532 0.9807852804032349 0
    outer loop
      vertex -49.56000762332572 -119.64207390469142 0
      vertex -49.778105473225914 -119.68545626433547 2.4000000000000004
      vertex -49.56000762332572 -119.64207390469142 2.4000000000000004
    endloop
  endfacet
  facet normal -0.3214394653031608 0.9469301294951058 0
    outer loop
      vertex -49.34943816497935 -119.57059520526919 0
      vertex -49.56000762332572 -119.64207390469142 2.4000000000000004
      vertex -49.34943816497935 -119.57059520526919 2.4000000000000004
    endloop
  endfacet
  facet normal -0.44228869021899636 0.8968727415326907 0
    outer loop
      vertex -49.15 -119.47224318643354 0
      vertex -49.34943816497935 -119.57059520526919 2.4000000000000004
      vertex -49.15 -119.47224318643354 2.4000000000000004
    endloop
  endfacet
  facet normal 0.8968727415326844 0.44228869021900896 0
    outer loop
      vertex -51.472243186433545 -118.85 0
      vertex -51.570595205269186 -118.65056183502065 2.4000000000000004
      vertex -51.472243186433545 -118.85 2.4000000000000004
    endloop
  endfacet
  facet normal 0.9469301294951058 0.3214394653031608 0
    outer loop
      vertex -51.570595205269186 -118.65056183502065 0
      vertex -51.642073904691415 -118.43999237667428 2.4000000000000004
      vertex -51.570595205269186 -118.65056183502065 2.4000000000000004
    endloop
  endfacet
  facet normal 0.9807852804032275 0.19509032201614215 0
    outer loop
      vertex -51.642073904691415 -118.43999237667428 0
      vertex -51.68545626433548 -118.2218945267741 2.4000000000000004
      vertex -51.642073904691415 -118.43999237667428 2.4000000000000004
    endloop
  endfacet
  facet normal 0.9978589232386028 0.06540312923015167 0
    outer loop
      vertex -51.68545626433548 -118.2218945267741 0
      vertex -51.7 -118 2.4000000000000004
      vertex -51.68545626433548 -118.2218945267741 2.4000000000000004
    endloop
  endfacet
  facet normal 0.9978589232386028 -0.06540312923015167 0
    outer loop
      vertex -51.7 -118 0
      vertex -51.68545626433548 -117.7781054732259 2.4000000000000004
      vertex -51.7 -118 2.4000000000000004
    endloop
  endfacet
  facet normal 0.7518398074789977 0.6593458151000458 0
    outer loop
      vertex -51.20208152801713 -119.20208152801713 0
      vertex -51.3487006784951 -119.03489442931482 2.4000000000000004
      vertex -51.20208152801713 -119.20208152801713 2.4000000000000004
    endloop
  endfacet
  facet normal 0.831469612302544 0.5555702330196043 0
    outer loop
      vertex -51.3487006784951 -119.03489442931482 0
      vertex -51.472243186433545 -118.85 2.4000000000000004
      vertex -51.3487006784951 -119.03489442931482 2.4000000000000004
    endloop
  endfacet
  facet normal 0.6593458151000796 0.7518398074789678 0
    outer loop
      vertex -51.034894429314825 -119.3487006784951 0
      vertex -51.20208152801713 -119.20208152801713 2.4000000000000004
      vertex -51.034894429314825 -119.3487006784951 2.4000000000000004
    endloop
  endfacet
  facet normal 0.9807852804032275 -0.19509032201614215 0
    outer loop
      vertex -51.68545626433548 -117.7781054732259 0
      vertex -51.642073904691415 -117.56000762332572 2.4000000000000004
      vertex -51.68545626433548 -117.7781054732259 2.4000000000000004
    endloop
  endfacet
  facet normal 0.9469301294951058 -0.3214394653031608 0
    outer loop
      vertex -51.642073904691415 -117.56000762332572 0
      vertex -51.570595205269186 -117.34943816497935 2.4000000000000004
      vertex -51.642073904691415 -117.56000762332572 2.4000000000000004
    endloop
  endfacet
  facet normal 0.8968727415326844 -0.44228869021900896 0
    outer loop
      vertex -51.570595205269186 -117.34943816497935 0
      vertex -51.472243186433545 -117.15 2.4000000000000004
      vertex -51.570595205269186 -117.34943816497935 2.4000000000000004
    endloop
  endfacet
  facet normal 0.831469612302544 -0.5555702330196043 0
    outer loop
      vertex -51.472243186433545 -117.15 0
      vertex -51.3487006784951 -116.96510557068518 2.4000000000000004
      vertex -51.472243186433545 -117.15 2.4000000000000004
    endloop
  endfacet
  facet normal 0.7518398074789977 -0.6593458151000458 0
    outer loop
      vertex -51.3487006784951 -116.96510557068518 0
      vertex -51.20208152801713 -116.79791847198287 2.4000000000000004
      vertex -51.3487006784951 -116.96510557068518 2.4000000000000004
    endloop
  endfacet
  facet normal 0.6593458151000796 -0.7518398074789678 0
    outer loop
      vertex -51.20208152801713 -116.79791847198287 0
      vertex -51.034894429314825 -116.6512993215049 2.4000000000000004
      vertex -51.20208152801713 -116.79791847198287 2.4000000000000004
    endloop
  endfacet
  facet normal 0.5555702330195822 -0.8314696123025587 0
    outer loop
      vertex -51.034894429314825 -116.6512993215049 0
      vertex -50.85 -116.52775681356646 2.4000000000000004
      vertex -51.034894429314825 -116.6512993215049 2.4000000000000004
    endloop
  endfacet
  facet normal 0.44228869021899636 -0.8968727415326907 0
    outer loop
      vertex -50.85 -116.52775681356646 0
      vertex -50.65056183502065 -116.42940479473081 2.4000000000000004
      vertex -50.85 -116.52775681356646 2.4000000000000004
    endloop
  endfacet
  facet normal 0.3214394653031608 -0.9469301294951058 0
    outer loop
      vertex -50.65056183502065 -116.42940479473081 0
      vertex -50.43999237667428 -116.35792609530858 2.4000000000000004
      vertex -50.65056183502065 -116.42940479473081 2.4000000000000004
    endloop
  endfacet
  facet normal -0.3214394653031608 -0.9469301294951058 0
    outer loop
      vertex -49.56000762332572 -116.35792609530858 0
      vertex -49.34943816497935 -116.42940479473081 2.4000000000000004
      vertex -49.56000762332572 -116.35792609530858 2.4000000000000004
    endloop
  endfacet
  facet normal -0.44228869021899636 -0.8968727415326907 0
    outer loop
      vertex -49.34943816497935 -116.42940479473081 0
      vertex -49.15 -116.52775681356646 2.4000000000000004
      vertex -49.34943816497935 -116.42940479473081 2.4000000000000004
    endloop
  endfacet
  facet normal -0.5555702330195822 -0.8314696123025587 0
    outer loop
      vertex -49.15 -116.52775681356646 0
      vertex -48.965105570685175 -116.6512993215049 2.4000000000000004
      vertex -49.15 -116.52775681356646 2.4000000000000004
    endloop
  endfacet
  facet normal -0.5555702330195822 0.8314696123025587 0
    outer loop
      vertex -48.965105570685175 -119.3487006784951 0
      vertex -49.15 -119.47224318643354 2.4000000000000004
      vertex -48.965105570685175 -119.3487006784951 2.4000000000000004
    endloop
  endfacet
  facet normal -0.6593458151000796 0.7518398074789678 0
    outer loop
      vertex -48.79791847198287 -119.20208152801713 0
      vertex -48.965105570685175 -119.3487006784951 2.4000000000000004
      vertex -48.79791847198287 -119.20208152801713 2.4000000000000004
    endloop
  endfacet
  facet normal -0.7518398074789977 0.6593458151000458 0
    outer loop
      vertex -48.6512993215049 -119.03489442931482 0
      vertex -48.79791847198287 -119.20208152801713 2.4000000000000004
      vertex -48.6512993215049 -119.03489442931482 2.4000000000000004
    endloop
  endfacet
  facet normal -0.831469612302544 0.5555702330196043 0
    outer loop
      vertex -48.527756813566455 -118.85 0
      vertex -48.6512993215049 -119.03489442931482 2.4000000000000004
      vertex -48.527756813566455 -118.85 2.4000000000000004
    endloop
  endfacet
  facet normal -0.8968727415326844 0.44228869021900896 0
    outer loop
      vertex -48.429404794730814 -118.65056183502065 0
      vertex -48.527756813566455 -118.85 2.4000000000000004
      vertex -48.429404794730814 -118.65056183502065 2.4000000000000004
    endloop
  endfacet
  facet normal -0.9469301294951058 0.3214394653031608 0
    outer loop
      vertex -48.357926095308585 -118.43999237667428 0
      vertex -48.429404794730814 -118.65056183502065 2.4000000000000004
      vertex -48.357926095308585 -118.43999237667428 2.4000000000000004
    endloop
  endfacet
  facet normal -0.9807852804032275 0.19509032201614215 0
    outer loop
      vertex -48.31454373566452 -118.2218945267741 0
      vertex -48.357926095308585 -118.43999237667428 2.4000000000000004
      vertex -48.31454373566452 -118.2218945267741 2.4000000000000004
    endloop
  endfacet
  facet normal -0.9978589232386028 0.06540312923015167 0
    outer loop
      vertex -48.3 -118 0
      vertex -48.31454373566452 -118.2218945267741 2.4000000000000004
      vertex -48.3 -118 2.4000000000000004
    endloop
  endfacet
  facet normal -0.9978589232386028 -0.06540312923015167 0
    outer loop
      vertex -48.31454373566452 -117.7781054732259 0
      vertex -48.3 -118 2.4000000000000004
      vertex -48.31454373566452 -117.7781054732259 2.4000000000000004
    endloop
  endfacet
  facet normal -0.9807852804032275 -0.19509032201614215 0
    outer loop
      vertex -48.357926095308585 -117.56000762332572 0
      vertex -48.31454373566452 -117.7781054732259 2.4000000000000004
      vertex -48.357926095308585 -117.56000762332572 2.4000000000000004
    endloop
  endfacet
  facet normal -0.9469301294951058 -0.3214394653031608 0
    outer loop
      vertex -48.429404794730814 -117.34943816497935 0
      vertex -48.357926095308585 -117.56000762332572 2.4000000000000004
      vertex -48.429404794730814 -117.34943816497935 2.4000000000000004
    endloop
  endfacet
  facet normal -0.8968727415326844 -0.44228869021900896 0
    outer loop
      vertex -48.527756813566455 -117.15 0
      vertex -48.429404794730814 -117.34943816497935 2.4000000000000004
      vertex -48.527756813566455 -117.15 2.4000000000000004
    endloop
  endfacet
  facet normal -0.7518398074789977 -0.6593458151000458 0
    outer loop
      vertex -48.79791847198287 -116.79791847198287 0
      vertex -48.6512993215049 -116.96510557068518 2.4000000000000004
      vertex -48.79791847198287 -116.79791847198287 2.4000000000000004
    endloop
  endfacet
  facet normal -0.6593458151000796 -0.7518398074789678 0
    outer loop
      vertex -48.965105570685175 -116.6512993215049 0
      vertex -48.79791847198287 -116.79791847198287 2.4000000000000004
      vertex -48.965105570685175 -116.6512993215049 2.4000000000000004
    endloop
  endfacet
  facet normal -0.831469612302544 -0.5555702330196043 0
    outer loop
      vertex -48.6512993215049 -116.96510557068518 0
      vertex -48.527756813566455 -117.15 2.4000000000000004
      vertex -48.6512993215049 -116.96510557068518 2.4000000000000004
    endloop
  endfacet
  facet normal 0.19509032201610532 -0.9807852804032349 0
    outer loop
      vertex -50.43999237667428 -116.35792609530858 0
      vertex -50.221894526774086 -116.31454373566453 2.4000000000000004
      vertex -50.43999237667428 -116.35792609530858 2.4000000000000004
    endloop
  endfacet
  facet normal 0.06540312923018558 -0.9978589232386006 0
    outer loop
      vertex -50.221894526774086 -116.31454373566453 0
      vertex -50 -116.3 2.4000000000000004
      vertex -50.221894526774086 -116.31454373566453 2.4000000000000004
    endloop
  endfacet
  facet normal -0.06540312923018558 -0.9978589232386006 0
    outer loop
      vertex -50 -116.3 0
      vertex -49.778105473225914 -116.31454373566453 2.4000000000000004
      vertex -50 -116.3 2.4000000000000004
    endloop
  endfacet
  facet normal -0.19509032201610532 -0.9807852804032349 0
    outer loop
      vertex -49.778105473225914 -116.31454373566453 0
      vertex -49.56000762332572 -116.35792609530858 2.4000000000000004
      vertex -49.778105473225914 -116.31454373566453 2.4000000000000004
    endloop
  endfacet
  facet normal 0.5555702330196013 0.8314696123025459 0
    outer loop
      vertex -0.85 42.527756813566455 1.2000000000000002
      vertex -1.034894429314825 42.6512993215049 1.2000000000000002
      vertex -0.85 42.527756813566455 2
    endloop
  endfacet
  facet normal 0.6593458151000641 0.7518398074789816 0
    outer loop
      vertex -1.2020815280171309 42.79791847198287 1.2000000000000002
      vertex -1.034894429314825 42.6512993215049 2
      vertex -1.034894429314825 42.6512993215049 1.2000000000000002
    endloop
  endfacet
  facet normal 0.7518398074789803 0.6593458151000655 0
    outer loop
      vertex -1.2020815280171309 42.79791847198287 1.2000000000000002
      vertex -1.3487006784950997 42.965105570685175 1.2000000000000002
      vertex -1.2020815280171309 42.79791847198287 2
    endloop
  endfacet
  facet normal 0.8968727415326891 0.4422886902189995 0
    outer loop
      vertex -1.5705952052691874 43.34943816497935 1.2000000000000002
      vertex -1.4722431864335457 43.15 2
      vertex -1.4722431864335457 43.15 1.2000000000000002
    endloop
  endfacet
  facet normal 0.831469612302543 0.5555702330196056 0
    outer loop
      vertex -1.3487006784950997 42.965105570685175 1.2000000000000002
      vertex -1.4722431864335457 43.15 1.2000000000000002
      vertex -1.3487006784950997 42.965105570685175 2
    endloop
  endfacet
  facet normal 0.9469301294951069 0.32143946530315815 0
    outer loop
      vertex -1.5705952052691874 43.34943816497935 1.2000000000000002
      vertex -1.6420739046914161 43.56000762332572 1.2000000000000002
      vertex -1.5705952052691874 43.34943816497935 2
    endloop
  endfacet
  facet normal 0.9807852804032305 0.19509032201612844 0
    outer loop
      vertex -1.6420739046914161 43.56000762332572 1.2000000000000002
      vertex -1.6854562643354776 43.778105473225914 1.2000000000000002
      vertex -1.6420739046914161 43.56000762332572 2
    endloop
  endfacet
  facet normal 0.9978589232386035 0.06540312923014382 0
    outer loop
      vertex -1.6854562643354776 43.778105473225914 1.2000000000000002
      vertex -1.7 44 1.2000000000000002
      vertex -1.6854562643354776 43.778105473225914 2
    endloop
  endfacet
  facet normal 0.9978589232386035 -0.06540312923014382 0
    outer loop
      vertex -1.7 44 1.2000000000000002
      vertex -1.6854562643354776 44.221894526774086 1.2000000000000002
      vertex -1.7 44 2
    endloop
  endfacet
  facet normal 0.9807852804032305 -0.19509032201612844 0
    outer loop
      vertex -1.6854562643354776 44.221894526774086 1.2000000000000002
      vertex -1.6420739046914161 44.43999237667428 1.2000000000000002
      vertex -1.6854562643354776 44.221894526774086 2
    endloop
  endfacet
  facet normal 0.9469301294951069 -0.32143946530315815 0
    outer loop
      vertex -1.6420739046914161 44.43999237667428 1.2000000000000002
      vertex -1.5705952052691874 44.65056183502065 1.2000000000000002
      vertex -1.6420739046914161 44.43999237667428 2
    endloop
  endfacet
  facet normal 0.8968727415326891 -0.4422886902189995 0
    outer loop
      vertex -1.5705952052691874 44.65056183502065 1.2000000000000002
      vertex -1.4722431864335457 44.85 1.2000000000000002
      vertex -1.5705952052691874 44.65056183502065 2
    endloop
  endfacet
  facet normal 0.831469612302543 -0.5555702330196056 0
    outer loop
      vertex -1.4722431864335457 44.85 1.2000000000000002
      vertex -1.3487006784950997 45.034894429314825 1.2000000000000002
      vertex -1.4722431864335457 44.85 2
    endloop
  endfacet
  facet normal 0.7518398074789803 -0.6593458151000655 0
    outer loop
      vertex -1.3487006784950997 45.034894429314825 1.2000000000000002
      vertex -1.2020815280171309 45.20208152801713 1.2000000000000002
      vertex -1.3487006784950997 45.034894429314825 2
    endloop
  endfacet
  facet normal 0.4422886902189977 0.89687274153269 0
    outer loop
      vertex -0.85 42.527756813566455 1.2000000000000002
      vertex -0.6505618350206526 42.429404794730814 2
      vertex -0.6505618350206526 42.429404794730814 1.2000000000000002
    endloop
  endfacet
  facet normal 0.3214394653031648 0.9469301294951046 0
    outer loop
      vertex -0.43999237667428526 42.357926095308585 1.2000000000000002
      vertex -0.6505618350206526 42.429404794730814 1.2000000000000002
      vertex -0.43999237667428526 42.357926095308585 2
    endloop
  endfacet
  facet normal 0.19509032201613524 0.9807852804032291 0
    outer loop
      vertex -0.43999237667428526 42.357926095308585 1.2000000000000002
      vertex -0.22189452677408766 42.31454373566452 2
      vertex -0.22189452677408766 42.31454373566452 1.2000000000000002
    endloop
  endfacet
  facet normal 0.06540312923015339 0.9978589232386028 0
    outer loop
      vertex -0.22189452677408766 42.31454373566452 1.2000000000000002
      vertex 0 42.3 2
      vertex 0 42.3 1.2000000000000002
    endloop
  endfacet
  facet normal -0.06540312923015339 0.9978589232386028 0
    outer loop
      vertex 0 42.3 1.2000000000000002
      vertex 0.22189452677408766 42.31454373566452 2
      vertex 0.22189452677408766 42.31454373566452 1.2000000000000002
    endloop
  endfacet
  facet normal -0.19509032201613524 0.9807852804032291 0
    outer loop
      vertex 0.22189452677408766 42.31454373566452 1.2000000000000002
      vertex 0.43999237667428526 42.357926095308585 2
      vertex 0.43999237667428526 42.357926095308585 1.2000000000000002
    endloop
  endfacet
  facet normal -0.3214394653031648 0.9469301294951046 0
    outer loop
      vertex 0.43999237667428526 42.357926095308585 1.2000000000000002
      vertex 0.6505618350206526 42.429404794730814 2
      vertex 0.6505618350206526 42.429404794730814 1.2000000000000002
    endloop
  endfacet
  facet normal 0.6593458151000641 -0.7518398074789816 0
    outer loop
      vertex -1.2020815280171309 45.20208152801713 1.2000000000000002
      vertex -1.034894429314825 45.3487006784951 1.2000000000000002
      vertex -1.2020815280171309 45.20208152801713 2
    endloop
  endfacet
  facet normal 0.5555702330196013 -0.8314696123025459 0
    outer loop
      vertex -1.034894429314825 45.3487006784951 1.2000000000000002
      vertex -0.85 45.472243186433545 1.2000000000000002
      vertex -1.034894429314825 45.3487006784951 2
    endloop
  endfacet
  facet normal 0.4422886902189977 -0.89687274153269 0
    outer loop
      vertex -0.85 45.472243186433545 1.2000000000000002
      vertex -0.6505618350206526 45.570595205269186 1.2000000000000002
      vertex -0.85 45.472243186433545 2
    endloop
  endfacet
  facet normal 0.3214394653031648 -0.9469301294951046 0
    outer loop
      vertex -0.6505618350206526 45.570595205269186 1.2000000000000002
      vertex -0.43999237667428526 45.642073904691415 1.2000000000000002
      vertex -0.6505618350206526 45.570595205269186 2
    endloop
  endfacet
  facet normal 0.19509032201613524 -0.9807852804032291 0
    outer loop
      vertex -0.43999237667428526 45.642073904691415 1.2000000000000002
      vertex -0.22189452677408766 45.68545626433548 1.2000000000000002
      vertex -0.43999237667428526 45.642073904691415 2
    endloop
  endfacet
  facet normal 0.06540312923015339 -0.9978589232386028 0
    outer loop
      vertex -0.22189452677408766 45.68545626433548 1.2000000000000002
      vertex 0 45.7 1.2000000000000002
      vertex -0.22189452677408766 45.68545626433548 2
    endloop
  endfacet
  facet normal -0.06540312923015339 -0.9978589232386028 0
    outer loop
      vertex 0.22189452677408766 45.68545626433548 1.2000000000000002
      vertex 0 45.7 2
      vertex 0 45.7 1.2000000000000002
    endloop
  endfacet
  facet normal -0.19509032201613524 -0.9807852804032291 0
    outer loop
      vertex 0.22189452677408766 45.68545626433548 1.2000000000000002
      vertex 0.43999237667428526 45.642073904691415 1.2000000000000002
      vertex 0.22189452677408766 45.68545626433548 2
    endloop
  endfacet
  facet normal -0.3214394653031648 -0.9469301294951046 0
    outer loop
      vertex 0.6505618350206526 45.570595205269186 1.2000000000000002
      vertex 0.43999237667428526 45.642073904691415 2
      vertex 0.43999237667428526 45.642073904691415 1.2000000000000002
    endloop
  endfacet
  facet normal -0.4422886902189977 0.89687274153269 0
    outer loop
      vertex 0.6505618350206526 42.429404794730814 1.2000000000000002
      vertex 0.85 42.527756813566455 2
      vertex 0.85 42.527756813566455 1.2000000000000002
    endloop
  endfacet
  facet normal -0.5555702330196013 0.8314696123025459 0
    outer loop
      vertex 0.85 42.527756813566455 1.2000000000000002
      vertex 1.034894429314825 42.6512993215049 2
      vertex 1.034894429314825 42.6512993215049 1.2000000000000002
    endloop
  endfacet
  facet normal -0.6593458151000641 0.7518398074789816 0
    outer loop
      vertex 1.034894429314825 42.6512993215049 1.2000000000000002
      vertex 1.2020815280171309 42.79791847198287 2
      vertex 1.2020815280171309 42.79791847198287 1.2000000000000002
    endloop
  endfacet
  facet normal -0.7518398074789803 0.6593458151000655 0
    outer loop
      vertex 1.2020815280171309 42.79791847198287 1.2000000000000002
      vertex 1.3487006784950997 42.965105570685175 2
      vertex 1.3487006784950997 42.965105570685175 1.2000000000000002
    endloop
  endfacet
  facet normal -0.831469612302543 0.5555702330196056 0
    outer loop
      vertex 1.3487006784950997 42.965105570685175 1.2000000000000002
      vertex 1.4722431864335457 43.15 2
      vertex 1.4722431864335457 43.15 1.2000000000000002
    endloop
  endfacet
  facet normal -0.8968727415326891 0.4422886902189995 0
    outer loop
      vertex 1.4722431864335457 43.15 1.2000000000000002
      vertex 1.5705952052691874 43.34943816497935 2
      vertex 1.5705952052691874 43.34943816497935 1.2000000000000002
    endloop
  endfacet
  facet normal -0.9469301294951069 0.32143946530315815 0
    outer loop
      vertex 1.5705952052691874 43.34943816497935 1.2000000000000002
      vertex 1.6420739046914161 43.56000762332572 2
      vertex 1.6420739046914161 43.56000762332572 1.2000000000000002
    endloop
  endfacet
  facet normal -0.9807852804032305 0.19509032201612844 0
    outer loop
      vertex 1.6420739046914161 43.56000762332572 1.2000000000000002
      vertex 1.6854562643354776 43.778105473225914 2
      vertex 1.6854562643354776 43.778105473225914 1.2000000000000002
    endloop
  endfacet
  facet normal -0.7518398074789803 -0.6593458151000655 0
    outer loop
      vertex 1.3487006784950997 45.034894429314825 1.2000000000000002
      vertex 1.2020815280171309 45.20208152801713 2
      vertex 1.2020815280171309 45.20208152801713 1.2000000000000002
    endloop
  endfacet
  facet normal -0.831469612302543 -0.5555702330196056 0
    outer loop
      vertex 1.4722431864335457 44.85 1.2000000000000002
      vertex 1.3487006784950997 45.034894429314825 2
      vertex 1.3487006784950997 45.034894429314825 1.2000000000000002
    endloop
  endfacet
  facet normal -0.9978589232386035 0.06540312923014382 0
    outer loop
      vertex 1.6854562643354776 43.778105473225914 1.2000000000000002
      vertex 1.7 44 2
      vertex 1.7 44 1.2000000000000002
    endloop
  endfacet
  facet normal -0.9978589232386035 -0.06540312923014382 0
    outer loop
      vertex 1.7 44 1.2000000000000002
      vertex 1.6854562643354776 44.221894526774086 2
      vertex 1.6854562643354776 44.221894526774086 1.2000000000000002
    endloop
  endfacet
  facet normal -0.9807852804032305 -0.19509032201612844 0
    outer loop
      vertex 1.6854562643354776 44.221894526774086 1.2000000000000002
      vertex 1.6420739046914161 44.43999237667428 2
      vertex 1.6420739046914161 44.43999237667428 1.2000000000000002
    endloop
  endfacet
  facet normal -0.9469301294951069 -0.32143946530315815 0
    outer loop
      vertex 1.6420739046914161 44.43999237667428 1.2000000000000002
      vertex 1.5705952052691874 44.65056183502065 2
      vertex 1.5705952052691874 44.65056183502065 1.2000000000000002
    endloop
  endfacet
  facet normal -0.8968727415326891 -0.4422886902189995 0
    outer loop
      vertex 1.4722431864335457 44.85 1.2000000000000002
      vertex 1.5705952052691874 44.65056183502065 1.2000000000000002
      vertex 1.4722431864335457 44.85 2
    endloop
  endfacet
  facet normal -0.4422886902189977 -0.89687274153269 0
    outer loop
      vertex 0.6505618350206526 45.570595205269186 1.2000000000000002
      vertex 0.85 45.472243186433545 1.2000000000000002
      vertex 0.6505618350206526 45.570595205269186 2
    endloop
  endfacet
  facet normal -0.5555702330196013 -0.8314696123025459 0
    outer loop
      vertex 1.034894429314825 45.3487006784951 1.2000000000000002
      vertex 0.85 45.472243186433545 2
      vertex 0.85 45.472243186433545 1.2000000000000002
    endloop
  endfacet
  facet normal -0.6593458151000641 -0.7518398074789816 0
    outer loop
      vertex 1.034894429314825 45.3487006784951 1.2000000000000002
      vertex 1.2020815280171309 45.20208152801713 1.2000000000000002
      vertex 1.034894429314825 45.3487006784951 2
    endloop
  endfacet
  facet normal 0.9807852804032305 0.19509032201612844 0
    outer loop
      vertex -1.6854562643354776 43.778105473225914 1.2000000000000002
      vertex -1.6854562643354776 43.778105473225914 2
      vertex -1.6420739046914161 43.56000762332572 2
    endloop
  endfacet
  facet normal 0.7518398074789803 0.6593458151000655 0
    outer loop
      vertex -1.3487006784950997 42.965105570685175 1.2000000000000002
      vertex -1.3487006784950997 42.965105570685175 2
      vertex -1.2020815280171309 42.79791847198287 2
    endloop
  endfacet
  facet normal 0.5555702330196013 0.8314696123025459 0
    outer loop
      vertex -1.034894429314825 42.6512993215049 1.2000000000000002
      vertex -1.034894429314825 42.6512993215049 2
      vertex -0.85 42.527756813566455 2
    endloop
  endfacet
  facet normal 0.6593458151000641 0.7518398074789816 0
    outer loop
      vertex -1.2020815280171309 42.79791847198287 1.2000000000000002
      vertex -1.2020815280171309 42.79791847198287 2
      vertex -1.034894429314825 42.6512993215049 2
    endloop
  endfacet
  facet normal 0.8968727415326891 0.4422886902189995 0
    outer loop
      vertex -1.5705952052691874 43.34943816497935 1.2000000000000002
      vertex -1.5705952052691874 43.34943816497935 2
      vertex -1.4722431864335457 43.15 2
    endloop
  endfacet
  facet normal 0.831469612302543 0.5555702330196056 0
    outer loop
      vertex -1.4722431864335457 43.15 1.2000000000000002
      vertex -1.4722431864335457 43.15 2
      vertex -1.3487006784950997 42.965105570685175 2
    endloop
  endfacet
  facet normal 0.9469301294951069 0.32143946530315815 0
    outer loop
      vertex -1.6420739046914161 43.56000762332572 1.2000000000000002
      vertex -1.6420739046914161 43.56000762332572 2
      vertex -1.5705952052691874 43.34943816497935 2
    endloop
  endfacet
  facet normal 0.9978589232386035 0.06540312923014382 0
    outer loop
      vertex -1.7 44 1.2000000000000002
      vertex -1.7 44 2
      vertex -1.6854562643354776 43.778105473225914 2
    endloop
  endfacet
  facet normal 0.9978589232386035 -0.06540312923014382 0
    outer loop
      vertex -1.6854562643354776 44.221894526774086 1.2000000000000002
      vertex -1.6854562643354776 44.221894526774086 2
      vertex -1.7 44 2
    endloop
  endfacet
  facet normal 0.9807852804032305 -0.19509032201612844 0
    outer loop
      vertex -1.6420739046914161 44.43999237667428 1.2000000000000002
      vertex -1.6420739046914161 44.43999237667428 2
      vertex -1.6854562643354776 44.221894526774086 2
    endloop
  endfacet
  facet normal 0.9469301294951069 -0.32143946530315815 0
    outer loop
      vertex -1.5705952052691874 44.65056183502065 1.2000000000000002
      vertex -1.5705952052691874 44.65056183502065 2
      vertex -1.6420739046914161 44.43999237667428 2
    endloop
  endfacet
  facet normal 0.8968727415326891 -0.4422886902189995 0
    outer loop
      vertex -1.4722431864335457 44.85 1.2000000000000002
      vertex -1.4722431864335457 44.85 2
      vertex -1.5705952052691874 44.65056183502065 2
    endloop
  endfacet
  facet normal 0.831469612302543 -0.5555702330196056 0
    outer loop
      vertex -1.3487006784950997 45.034894429314825 1.2000000000000002
      vertex -1.3487006784950997 45.034894429314825 2
      vertex -1.4722431864335457 44.85 2
    endloop
  endfacet
  facet normal 0.7518398074789803 -0.6593458151000655 0
    outer loop
      vertex -1.2020815280171309 45.20208152801713 1.2000000000000002
      vertex -1.2020815280171309 45.20208152801713 2
      vertex -1.3487006784950997 45.034894429314825 2
    endloop
  endfacet
  facet normal 0.4422886902189977 0.89687274153269 0
    outer loop
      vertex -0.85 42.527756813566455 1.2000000000000002
      vertex -0.85 42.527756813566455 2
      vertex -0.6505618350206526 42.429404794730814 2
    endloop
  endfacet
  facet normal 0.3214394653031648 0.9469301294951046 0
    outer loop
      vertex -0.6505618350206526 42.429404794730814 1.2000000000000002
      vertex -0.6505618350206526 42.429404794730814 2
      vertex -0.43999237667428526 42.357926095308585 2
    endloop
  endfacet
  facet normal 0.19509032201613524 0.9807852804032291 0
    outer loop
      vertex -0.43999237667428526 42.357926095308585 1.2000000000000002
      vertex -0.43999237667428526 42.357926095308585 2
      vertex -0.22189452677408766 42.31454373566452 2
    endloop
  endfacet
  facet normal 0.06540312923015339 0.9978589232386028 0
    outer loop
      vertex -0.22189452677408766 42.31454373566452 1.2000000000000002
      vertex -0.22189452677408766 42.31454373566452 2
      vertex 0 42.3 2
    endloop
  endfacet
  facet normal -0.06540312923015339 0.9978589232386028 0
    outer loop
      vertex 0 42.3 1.2000000000000002
      vertex 0 42.3 2
      vertex 0.22189452677408766 42.31454373566452 2
    endloop
  endfacet
  facet normal -0.19509032201613524 0.9807852804032291 0
    outer loop
      vertex 0.22189452677408766 42.31454373566452 1.2000000000000002
      vertex 0.22189452677408766 42.31454373566452 2
      vertex 0.43999237667428526 42.357926095308585 2
    endloop
  endfacet
  facet normal -0.3214394653031648 0.9469301294951046 0
    outer loop
      vertex 0.43999237667428526 42.357926095308585 1.2000000000000002
      vertex 0.43999237667428526 42.357926095308585 2
      vertex 0.6505618350206526 42.429404794730814 2
    endloop
  endfacet
  facet normal 0.6593458151000641 -0.7518398074789816 0
    outer loop
      vertex -1.034894429314825 45.3487006784951 1.2000000000000002
      vertex -1.034894429314825 45.3487006784951 2
      vertex -1.2020815280171309 45.20208152801713 2
    endloop
  endfacet
  facet normal 0.5555702330196013 -0.8314696123025459 0
    outer loop
      vertex -0.85 45.472243186433545 1.2000000000000002
      vertex -0.85 45.472243186433545 2
      vertex -1.034894429314825 45.3487006784951 2
    endloop
  endfacet
  facet normal 0.4422886902189977 -0.89687274153269 0
    outer loop
      vertex -0.6505618350206526 45.570595205269186 1.2000000000000002
      vertex -0.6505618350206526 45.570595205269186 2
      vertex -0.85 45.472243186433545 2
    endloop
  endfacet
  facet normal 0.3214394653031648 -0.9469301294951046 0
    outer loop
      vertex -0.43999237667428526 45.642073904691415 1.2000000000000002
      vertex -0.43999237667428526 45.642073904691415 2
      vertex -0.6505618350206526 45.570595205269186 2
    endloop
  endfacet
  facet normal 0.19509032201613524 -0.9807852804032291 0
    outer loop
      vertex -0.22189452677408766 45.68545626433548 1.2000000000000002
      vertex -0.22189452677408766 45.68545626433548 2
      vertex -0.43999237667428526 45.642073904691415 2
    endloop
  endfacet
  facet normal 0.06540312923015339 -0.9978589232386028 0
    outer loop
      vertex 0 45.7 1.2000000000000002
      vertex 0 45.7 2
      vertex -0.22189452677408766 45.68545626433548 2
    endloop
  endfacet
  facet normal -0.06540312923015339 -0.9978589232386028 0
    outer loop
      vertex 0.22189452677408766 45.68545626433548 1.2000000000000002
      vertex 0.22189452677408766 45.68545626433548 2
      vertex 0 45.7 2
    endloop
  endfacet
  facet normal -0.19509032201613524 -0.9807852804032291 0
    outer loop
      vertex 0.43999237667428526 45.642073904691415 1.2000000000000002
      vertex 0.43999237667428526 45.642073904691415 2
      vertex 0.22189452677408766 45.68545626433548 2
    endloop
  endfacet
  facet normal -0.3214394653031648 -0.9469301294951046 0
    outer loop
      vertex 0.6505618350206526 45.570595205269186 1.2000000000000002
      vertex 0.6505618350206526 45.570595205269186 2
      vertex 0.43999237667428526 45.642073904691415 2
    endloop
  endfacet
  facet normal -0.4422886902189977 0.89687274153269 0
    outer loop
      vertex 0.6505618350206526 42.429404794730814 1.2000000000000002
      vertex 0.6505618350206526 42.429404794730814 2
      vertex 0.85 42.527756813566455 2
    endloop
  endfacet
  facet normal -0.5555702330196013 0.8314696123025459 0
    outer loop
      vertex 0.85 42.527756813566455 1.2000000000000002
      vertex 0.85 42.527756813566455 2
      vertex 1.034894429314825 42.6512993215049 2
    endloop
  endfacet
  facet normal -0.6593458151000641 0.7518398074789816 0
    outer loop
      vertex 1.034894429314825 42.6512993215049 1.2000000000000002
      vertex 1.034894429314825 42.6512993215049 2
      vertex 1.2020815280171309 42.79791847198287 2
    endloop
  endfacet
  facet normal -0.7518398074789803 0.6593458151000655 0
    outer loop
      vertex 1.2020815280171309 42.79791847198287 1.2000000000000002
      vertex 1.2020815280171309 42.79791847198287 2
      vertex 1.3487006784950997 42.965105570685175 2
    endloop
  endfacet
  facet normal -0.831469612302543 0.5555702330196056 0
    outer loop
      vertex 1.3487006784950997 42.965105570685175 1.2000000000000002
      vertex 1.3487006784950997 42.965105570685175 2
      vertex 1.4722431864335457 43.15 2
    endloop
  endfacet
  facet normal -0.8968727415326891 0.4422886902189995 0
    outer loop
      vertex 1.4722431864335457 43.15 1.2000000000000002
      vertex 1.4722431864335457 43.15 2
      vertex 1.5705952052691874 43.34943816497935 2
    endloop
  endfacet
  facet normal -0.9469301294951069 0.32143946530315815 0
    outer loop
      vertex 1.5705952052691874 43.34943816497935 1.2000000000000002
      vertex 1.5705952052691874 43.34943816497935 2
      vertex 1.6420739046914161 43.56000762332572 2
    endloop
  endfacet
  facet normal -0.9807852804032305 0.19509032201612844 0
    outer loop
      vertex 1.6420739046914161 43.56000762332572 1.2000000000000002
      vertex 1.6420739046914161 43.56000762332572 2
      vertex 1.6854562643354776 43.778105473225914 2
    endloop
  endfacet
  facet normal -0.831469612302543 -0.5555702330196056 0
    outer loop
      vertex 1.4722431864335457 44.85 1.2000000000000002
      vertex 1.4722431864335457 44.85 2
      vertex 1.3487006784950997 45.034894429314825 2
    endloop
  endfacet
  facet normal -0.7518398074789803 -0.6593458151000655 0
    outer loop
      vertex 1.3487006784950997 45.034894429314825 1.2000000000000002
      vertex 1.3487006784950997 45.034894429314825 2
      vertex 1.2020815280171309 45.20208152801713 2
    endloop
  endfacet
  facet normal -0.9978589232386035 0.06540312923014382 0
    outer loop
      vertex 1.6854562643354776 43.778105473225914 1.2000000000000002
      vertex 1.6854562643354776 43.778105473225914 2
      vertex 1.7 44 2
    endloop
  endfacet
  facet normal -0.9978589232386035 -0.06540312923014382 0
    outer loop
      vertex 1.7 44 1.2000000000000002
      vertex 1.7 44 2
      vertex 1.6854562643354776 44.221894526774086 2
    endloop
  endfacet
  facet normal -0.9807852804032305 -0.19509032201612844 0
    outer loop
      vertex 1.6854562643354776 44.221894526774086 1.2000000000000002
      vertex 1.6854562643354776 44.221894526774086 2
      vertex 1.6420739046914161 44.43999237667428 2
    endloop
  endfacet
  facet normal -0.9469301294951069 -0.32143946530315815 0
    outer loop
      vertex 1.6420739046914161 44.43999237667428 1.2000000000000002
      vertex 1.6420739046914161 44.43999237667428 2
      vertex 1.5705952052691874 44.65056183502065 2
    endloop
  endfacet
  facet normal -0.8968727415326891 -0.4422886902189995 0
    outer loop
      vertex 1.5705952052691874 44.65056183502065 1.2000000000000002
      vertex 1.5705952052691874 44.65056183502065 2
      vertex 1.4722431864335457 44.85 2
    endloop
  endfacet
  facet normal -0.4422886902189977 -0.89687274153269 0
    outer loop
      vertex 0.85 45.472243186433545 1.2000000000000002
      vertex 0.85 45.472243186433545 2
      vertex 0.6505618350206526 45.570595205269186 2
    endloop
  endfacet
  facet normal -0.5555702330196013 -0.8314696123025459 0
    outer loop
      vertex 1.034894429314825 45.3487006784951 1.2000000000000002
      vertex 1.034894429314825 45.3487006784951 2
      vertex 0.85 45.472243186433545 2
    endloop
  endfacet
  facet normal -0.6593458151000641 -0.7518398074789816 0
    outer loop
      vertex 1.2020815280171309 45.20208152801713 1.2000000000000002
      vertex 1.2020815280171309 45.20208152801713 2
      vertex 1.034894429314825 45.3487006784951 2
    endloop
  endfacet
  facet normal 0.8968727415326907 0.4422886902189963 0
    outer loop
      vertex -60.80557651976687 43.15 1.2000000000000002
      vertex -60.903928538602514 43.34943816497935 1.2000000000000002
      vertex -60.80557651976687 43.15 2
    endloop
  endfacet
  facet normal 0.9807852804032288 0.19509032201613605 0
    outer loop
      vertex -60.975407238024744 43.56000762332572 1.2000000000000002
      vertex -61.01878959766881 43.778105473225914 1.2000000000000002
      vertex -60.975407238024744 43.56000762332572 2
    endloop
  endfacet
  facet normal 0.9469301294951059 0.3214394653031608 0
    outer loop
      vertex -60.903928538602514 43.34943816497935 1.2000000000000002
      vertex -60.975407238024744 43.56000762332572 1.2000000000000002
      vertex -60.903928538602514 43.34943816497935 2
    endloop
  endfacet
  facet normal 0.7518398074789838 0.6593458151000616 0
    outer loop
      vertex -60.68203401182843 42.965105570685175 1.2000000000000002
      vertex -60.53541486135046 42.79791847198287 2
      vertex -60.53541486135046 42.79791847198287 1.2000000000000002
    endloop
  endfacet
  facet normal 0.6593458151000616 0.7518398074789838 0
    outer loop
      vertex -60.368227762648154 42.6512993215049 1.2000000000000002
      vertex -60.53541486135046 42.79791847198287 1.2000000000000002
      vertex -60.368227762648154 42.6512993215049 2
    endloop
  endfacet
  facet normal 0.5555702330196042 0.8314696123025439 0
    outer loop
      vertex -60.18333333333333 42.527756813566455 1.2000000000000002
      vertex -60.368227762648154 42.6512993215049 1.2000000000000002
      vertex -60.18333333333333 42.527756813566455 2
    endloop
  endfacet
  facet normal 0.4422886902189963 0.8968727415326907 0
    outer loop
      vertex -60.18333333333333 42.527756813566455 1.2000000000000002
      vertex -59.98389516835398 42.429404794730814 2
      vertex -59.98389516835398 42.429404794730814 1.2000000000000002
    endloop
  endfacet
  facet normal 0.8314696123025439 0.5555702330196042 0
    outer loop
      vertex -60.68203401182843 42.965105570685175 1.2000000000000002
      vertex -60.80557651976687 43.15 1.2000000000000002
      vertex -60.68203401182843 42.965105570685175 2
    endloop
  endfacet
  facet normal 0.9978589232386028 0.06540312923015376 0
    outer loop
      vertex -61.01878959766881 43.778105473225914 1.2000000000000002
      vertex -61.03333333333333 44 1.2000000000000002
      vertex -61.01878959766881 43.778105473225914 2
    endloop
  endfacet
  facet normal 0.9978589232386028 -0.06540312923015376 0
    outer loop
      vertex -61.03333333333333 44 1.2000000000000002
      vertex -61.01878959766881 44.221894526774086 1.2000000000000002
      vertex -61.03333333333333 44 2
    endloop
  endfacet
  facet normal 0.9807852804032288 -0.19509032201613605 0
    outer loop
      vertex -61.01878959766881 44.221894526774086 1.2000000000000002
      vertex -60.975407238024744 44.43999237667428 1.2000000000000002
      vertex -61.01878959766881 44.221894526774086 2
    endloop
  endfacet
  facet normal 0.9469301294951059 -0.3214394653031608 0
    outer loop
      vertex -60.975407238024744 44.43999237667428 1.2000000000000002
      vertex -60.903928538602514 44.65056183502065 1.2000000000000002
      vertex -60.975407238024744 44.43999237667428 2
    endloop
  endfacet
  facet normal 0.8968727415326907 -0.4422886902189963 0
    outer loop
      vertex -60.903928538602514 44.65056183502065 1.2000000000000002
      vertex -60.80557651976687 44.85 1.2000000000000002
      vertex -60.903928538602514 44.65056183502065 2
    endloop
  endfacet
  facet normal 0.8314696123025439 -0.5555702330196042 0
    outer loop
      vertex -60.80557651976687 44.85 1.2000000000000002
      vertex -60.68203401182843 45.034894429314825 1.2000000000000002
      vertex -60.80557651976687 44.85 2
    endloop
  endfacet
  facet normal 0.7518398074789838 -0.6593458151000616 0
    outer loop
      vertex -60.68203401182843 45.034894429314825 1.2000000000000002
      vertex -60.53541486135046 45.20208152801713 1.2000000000000002
      vertex -60.68203401182843 45.034894429314825 2
    endloop
  endfacet
  facet normal 0.3214394653031608 0.9469301294951059 0
    outer loop
      vertex -59.98389516835398 42.429404794730814 1.2000000000000002
      vertex -59.77332571000761 42.357926095308585 2
      vertex -59.77332571000761 42.357926095308585 1.2000000000000002
    endloop
  endfacet
  facet normal 0.19509032201613605 0.9807852804032288 0
    outer loop
      vertex -59.77332571000761 42.357926095308585 1.2000000000000002
      vertex -59.555227860107415 42.31454373566452 2
      vertex -59.555227860107415 42.31454373566452 1.2000000000000002
    endloop
  endfacet
  facet normal 0.06540312923015376 0.9978589232386028 0
    outer loop
      vertex -59.555227860107415 42.31454373566452 1.2000000000000002
      vertex -59.33333333333333 42.3 2
      vertex -59.33333333333333 42.3 1.2000000000000002
    endloop
  endfacet
  facet normal -0.06540312923015376 0.9978589232386028 0
    outer loop
      vertex -59.33333333333333 42.3 1.2000000000000002
      vertex -59.11143880655924 42.31454373566452 2
      vertex -59.11143880655924 42.31454373566452 1.2000000000000002
    endloop
  endfacet
  facet normal -0.19509032201613605 0.9807852804032288 0
    outer loop
      vertex -59.11143880655924 42.31454373566452 1.2000000000000002
      vertex -58.893340956659046 42.357926095308585 2
      vertex -58.893340956659046 42.357926095308585 1.2000000000000002
    endloop
  endfacet
  facet normal -0.3214394653031608 0.9469301294951059 0
    outer loop
      vertex -58.893340956659046 42.357926095308585 1.2000000000000002
      vertex -58.682771498312675 42.429404794730814 2
      vertex -58.682771498312675 42.429404794730814 1.2000000000000002
    endloop
  endfacet
  facet normal -0.4422886902189963 0.8968727415326907 0
    outer loop
      vertex -58.682771498312675 42.429404794730814 1.2000000000000002
      vertex -58.48333333333333 42.527756813566455 2
      vertex -58.48333333333333 42.527756813566455 1.2000000000000002
    endloop
  endfacet
  facet normal 0.6593458151000616 -0.7518398074789838 0
    outer loop
      vertex -60.53541486135046 45.20208152801713 1.2000000000000002
      vertex -60.368227762648154 45.3487006784951 1.2000000000000002
      vertex -60.53541486135046 45.20208152801713 2
    endloop
  endfacet
  facet normal 0.5555702330196042 -0.8314696123025439 0
    outer loop
      vertex -60.368227762648154 45.3487006784951 1.2000000000000002
      vertex -60.18333333333333 45.472243186433545 1.2000000000000002
      vertex -60.368227762648154 45.3487006784951 2
    endloop
  endfacet
  facet normal 0.4422886902189963 -0.8968727415326907 0
    outer loop
      vertex -60.18333333333333 45.472243186433545 1.2000000000000002
      vertex -59.98389516835398 45.570595205269186 1.2000000000000002
      vertex -60.18333333333333 45.472243186433545 2
    endloop
  endfacet
  facet normal 0.3214394653031608 -0.9469301294951059 0
    outer loop
      vertex -59.98389516835398 45.570595205269186 1.2000000000000002
      vertex -59.77332571000761 45.642073904691415 1.2000000000000002
      vertex -59.98389516835398 45.570595205269186 2
    endloop
  endfacet
  facet normal 0.19509032201613605 -0.9807852804032288 0
    outer loop
      vertex -59.77332571000761 45.642073904691415 1.2000000000000002
      vertex -59.555227860107415 45.68545626433548 1.2000000000000002
      vertex -59.77332571000761 45.642073904691415 2
    endloop
  endfacet
  facet normal 0.06540312923015376 -0.9978589232386028 0
    outer loop
      vertex -59.555227860107415 45.68545626433548 1.2000000000000002
      vertex -59.33333333333333 45.7 1.2000000000000002
      vertex -59.555227860107415 45.68545626433548 2
    endloop
  endfacet
  facet normal -0.06540312923015376 -0.9978589232386028 0
    outer loop
      vertex -59.33333333333333 45.7 1.2000000000000002
      vertex -59.11143880655924 45.68545626433548 1.2000000000000002
      vertex -59.33333333333333 45.7 2
    endloop
  endfacet
  facet normal -0.19509032201613605 -0.9807852804032288 0
    outer loop
      vertex -59.11143880655924 45.68545626433548 1.2000000000000002
      vertex -58.893340956659046 45.642073904691415 1.2000000000000002
      vertex -59.11143880655924 45.68545626433548 2
    endloop
  endfacet
  facet normal -0.3214394653031608 -0.9469301294951059 0
    outer loop
      vertex -58.893340956659046 45.642073904691415 1.2000000000000002
      vertex -58.682771498312675 45.570595205269186 1.2000000000000002
      vertex -58.893340956659046 45.642073904691415 2
    endloop
  endfacet
  facet normal -0.4422886902189963 -0.8968727415326907 0
    outer loop
      vertex -58.48333333333333 45.472243186433545 1.2000000000000002
      vertex -58.682771498312675 45.570595205269186 2
      vertex -58.682771498312675 45.570595205269186 1.2000000000000002
    endloop
  endfacet
  facet normal -0.5555702330196042 -0.8314696123025439 0
    outer loop
      vertex -58.48333333333333 45.472243186433545 1.2000000000000002
      vertex -58.298438904018504 45.3487006784951 1.2000000000000002
      vertex -58.48333333333333 45.472243186433545 2
    endloop
  endfacet
  facet normal -0.5555702330196042 0.8314696123025439 0
    outer loop
      vertex -58.48333333333333 42.527756813566455 1.2000000000000002
      vertex -58.298438904018504 42.6512993215049 2
      vertex -58.298438904018504 42.6512993215049 1.2000000000000002
    endloop
  endfacet
  facet normal -0.6593458151000616 0.7518398074789838 0
    outer loop
      vertex -58.298438904018504 42.6512993215049 1.2000000000000002
      vertex -58.1312518053162 42.79791847198287 2
      vertex -58.1312518053162 42.79791847198287 1.2000000000000002
    endloop
  endfacet
  facet normal -0.7518398074789838 0.6593458151000616 0
    outer loop
      vertex -58.1312518053162 42.79791847198287 1.2000000000000002
      vertex -57.98463265483823 42.965105570685175 2
      vertex -57.98463265483823 42.965105570685175 1.2000000000000002
    endloop
  endfacet
  facet normal -0.8314696123025439 0.5555702330196042 0
    outer loop
      vertex -57.98463265483823 42.965105570685175 1.2000000000000002
      vertex -57.861090146899784 43.15 2
      vertex -57.861090146899784 43.15 1.2000000000000002
    endloop
  endfacet
  facet normal -0.8968727415326907 0.4422886902189963 0
    outer loop
      vertex -57.861090146899784 43.15 1.2000000000000002
      vertex -57.76273812806414 43.34943816497935 2
      vertex -57.76273812806414 43.34943816497935 1.2000000000000002
    endloop
  endfacet
  facet normal -0.9469301294951059 0.3214394653031608 0
    outer loop
      vertex -57.76273812806414 43.34943816497935 1.2000000000000002
      vertex -57.691259428641914 43.56000762332572 2
      vertex -57.691259428641914 43.56000762332572 1.2000000000000002
    endloop
  endfacet
  facet normal -0.9807852804032288 0.19509032201613605 0
    outer loop
      vertex -57.691259428641914 43.56000762332572 1.2000000000000002
      vertex -57.64787706899785 43.778105473225914 2
      vertex -57.64787706899785 43.778105473225914 1.2000000000000002
    endloop
  endfacet
  facet normal -0.9978589232386028 0.06540312923015376 0
    outer loop
      vertex -57.64787706899785 43.778105473225914 1.2000000000000002
      vertex -57.633333333333326 44 2
      vertex -57.633333333333326 44 1.2000000000000002
    endloop
  endfacet
  facet normal -0.9978589232386028 -0.06540312923015376 0
    outer loop
      vertex -57.633333333333326 44 1.2000000000000002
      vertex -57.64787706899785 44.221894526774086 2
      vertex -57.64787706899785 44.221894526774086 1.2000000000000002
    endloop
  endfacet
  facet normal -0.9807852804032288 -0.19509032201613605 0
    outer loop
      vertex -57.64787706899785 44.221894526774086 1.2000000000000002
      vertex -57.691259428641914 44.43999237667428 2
      vertex -57.691259428641914 44.43999237667428 1.2000000000000002
    endloop
  endfacet
  facet normal -0.7518398074789838 -0.6593458151000616 0
    outer loop
      vertex -57.98463265483823 45.034894429314825 1.2000000000000002
      vertex -58.1312518053162 45.20208152801713 2
      vertex -58.1312518053162 45.20208152801713 1.2000000000000002
    endloop
  endfacet
  facet normal -0.8968727415326907 -0.4422886902189963 0
    outer loop
      vertex -57.76273812806414 44.65056183502065 1.2000000000000002
      vertex -57.861090146899784 44.85 2
      vertex -57.861090146899784 44.85 1.2000000000000002
    endloop
  endfacet
  facet normal -0.9469301294951059 -0.3214394653031608 0
    outer loop
      vertex -57.691259428641914 44.43999237667428 1.2000000000000002
      vertex -57.76273812806414 44.65056183502065 2
      vertex -57.76273812806414 44.65056183502065 1.2000000000000002
    endloop
  endfacet
  facet normal -0.8314696123025439 -0.5555702330196042 0
    outer loop
      vertex -57.861090146899784 44.85 1.2000000000000002
      vertex -57.98463265483823 45.034894429314825 2
      vertex -57.98463265483823 45.034894429314825 1.2000000000000002
    endloop
  endfacet
  facet normal -0.6593458151000616 -0.7518398074789838 0
    outer loop
      vertex -58.1312518053162 45.20208152801713 1.2000000000000002
      vertex -58.298438904018504 45.3487006784951 2
      vertex -58.298438904018504 45.3487006784951 1.2000000000000002
    endloop
  endfacet
  facet normal 0.8314696123025439 0.5555702330196042 0
    outer loop
      vertex -60.80557651976687 43.15 1.2000000000000002
      vertex -60.80557651976687 43.15 2
      vertex -60.68203401182843 42.965105570685175 2
    endloop
  endfacet
  facet normal 0.8968727415326907 0.4422886902189963 0
    outer loop
      vertex -60.903928538602514 43.34943816497935 1.2000000000000002
      vertex -60.903928538602514 43.34943816497935 2
      vertex -60.80557651976687 43.15 2
    endloop
  endfacet
  facet normal 0.9469301294951059 0.3214394653031608 0
    outer loop
      vertex -60.975407238024744 43.56000762332572 1.2000000000000002
      vertex -60.975407238024744 43.56000762332572 2
      vertex -60.903928538602514 43.34943816497935 2
    endloop
  endfacet
  facet normal 0.9807852804032288 0.19509032201613605 0
    outer loop
      vertex -61.01878959766881 43.778105473225914 1.2000000000000002
      vertex -61.01878959766881 43.778105473225914 2
      vertex -60.975407238024744 43.56000762332572 2
    endloop
  endfacet
  facet normal 0.7518398074789838 0.6593458151000616 0
    outer loop
      vertex -60.68203401182843 42.965105570685175 1.2000000000000002
      vertex -60.68203401182843 42.965105570685175 2
      vertex -60.53541486135046 42.79791847198287 2
    endloop
  endfacet
  facet normal 0.6593458151000616 0.7518398074789838 0
    outer loop
      vertex -60.53541486135046 42.79791847198287 1.2000000000000002
      vertex -60.53541486135046 42.79791847198287 2
      vertex -60.368227762648154 42.6512993215049 2
    endloop
  endfacet
  facet normal 0.5555702330196042 0.8314696123025439 0
    outer loop
      vertex -60.368227762648154 42.6512993215049 1.2000000000000002
      vertex -60.368227762648154 42.6512993215049 2
      vertex -60.18333333333333 42.527756813566455 2
    endloop
  endfacet
  facet normal 0.4422886902189963 0.8968727415326907 0
    outer loop
      vertex -60.18333333333333 42.527756813566455 1.2000000000000002
      vertex -60.18333333333333 42.527756813566455 2
      vertex -59.98389516835398 42.429404794730814 2
    endloop
  endfacet
  facet normal 0.9978589232386028 0.06540312923015376 0
    outer loop
      vertex -61.03333333333333 44 1.2000000000000002
      vertex -61.03333333333333 44 2
      vertex -61.01878959766881 43.778105473225914 2
    endloop
  endfacet
  facet normal 0.9978589232386028 -0.06540312923015376 0
    outer loop
      vertex -61.01878959766881 44.221894526774086 1.2000000000000002
      vertex -61.01878959766881 44.221894526774086 2
      vertex -61.03333333333333 44 2
    endloop
  endfacet
  facet normal 0.9807852804032288 -0.19509032201613605 0
    outer loop
      vertex -60.975407238024744 44.43999237667428 1.2000000000000002
      vertex -60.975407238024744 44.43999237667428 2
      vertex -61.01878959766881 44.221894526774086 2
    endloop
  endfacet
  facet normal 0.9469301294951059 -0.3214394653031608 0
    outer loop
      vertex -60.903928538602514 44.65056183502065 1.2000000000000002
      vertex -60.903928538602514 44.65056183502065 2
      vertex -60.975407238024744 44.43999237667428 2
    endloop
  endfacet
  facet normal 0.8968727415326907 -0.4422886902189963 0
    outer loop
      vertex -60.80557651976687 44.85 1.2000000000000002
      vertex -60.80557651976687 44.85 2
      vertex -60.903928538602514 44.65056183502065 2
    endloop
  endfacet
  facet normal 0.8314696123025439 -0.5555702330196042 0
    outer loop
      vertex -60.68203401182843 45.034894429314825 1.2000000000000002
      vertex -60.68203401182843 45.034894429314825 2
      vertex -60.80557651976687 44.85 2
    endloop
  endfacet
  facet normal 0.7518398074789838 -0.6593458151000616 0
    outer loop
      vertex -60.53541486135046 45.20208152801713 1.2000000000000002
      vertex -60.53541486135046 45.20208152801713 2
      vertex -60.68203401182843 45.034894429314825 2
    endloop
  endfacet
  facet normal 0.3214394653031608 0.9469301294951059 0
    outer loop
      vertex -59.98389516835398 42.429404794730814 1.2000000000000002
      vertex -59.98389516835398 42.429404794730814 2
      vertex -59.77332571000761 42.357926095308585 2
    endloop
  endfacet
  facet normal 0.19509032201613605 0.9807852804032288 0
    outer loop
      vertex -59.77332571000761 42.357926095308585 1.2000000000000002
      vertex -59.77332571000761 42.357926095308585 2
      vertex -59.555227860107415 42.31454373566452 2
    endloop
  endfacet
  facet normal 0.06540312923015376 0.9978589232386028 0
    outer loop
      vertex -59.555227860107415 42.31454373566452 1.2000000000000002
      vertex -59.555227860107415 42.31454373566452 2
      vertex -59.33333333333333 42.3 2
    endloop
  endfacet
  facet normal -0.06540312923015376 0.9978589232386028 0
    outer loop
      vertex -59.33333333333333 42.3 1.2000000000000002
      vertex -59.33333333333333 42.3 2
      vertex -59.11143880655924 42.31454373566452 2
    endloop
  endfacet
  facet normal -0.19509032201613605 0.9807852804032288 0
    outer loop
      vertex -59.11143880655924 42.31454373566452 1.2000000000000002
      vertex -59.11143880655924 42.31454373566452 2
      vertex -58.893340956659046 42.357926095308585 2
    endloop
  endfacet
  facet normal -0.3214394653031608 0.9469301294951059 0
    outer loop
      vertex -58.893340956659046 42.357926095308585 1.2000000000000002
      vertex -58.893340956659046 42.357926095308585 2
      vertex -58.682771498312675 42.429404794730814 2
    endloop
  endfacet
  facet normal -0.4422886902189963 0.8968727415326907 0
    outer loop
      vertex -58.682771498312675 42.429404794730814 1.2000000000000002
      vertex -58.682771498312675 42.429404794730814 2
      vertex -58.48333333333333 42.527756813566455 2
    endloop
  endfacet
  facet normal -0.5555702330196042 0.8314696123025439 0
    outer loop
      vertex -58.48333333333333 42.527756813566455 1.2000000000000002
      vertex -58.48333333333333 42.527756813566455 2
      vertex -58.298438904018504 42.6512993215049 2
    endloop
  endfacet
  facet normal 0.6593458151000616 -0.7518398074789838 0
    outer loop
      vertex -60.368227762648154 45.3487006784951 1.2000000000000002
      vertex -60.368227762648154 45.3487006784951 2
      vertex -60.53541486135046 45.20208152801713 2
    endloop
  endfacet
  facet normal 0.5555702330196042 -0.8314696123025439 0
    outer loop
      vertex -60.18333333333333 45.472243186433545 1.2000000000000002
      vertex -60.18333333333333 45.472243186433545 2
      vertex -60.368227762648154 45.3487006784951 2
    endloop
  endfacet
  facet normal 0.4422886902189963 -0.8968727415326907 0
    outer loop
      vertex -59.98389516835398 45.570595205269186 1.2000000000000002
      vertex -59.98389516835398 45.570595205269186 2
      vertex -60.18333333333333 45.472243186433545 2
    endloop
  endfacet
  facet normal 0.3214394653031608 -0.9469301294951059 0
    outer loop
      vertex -59.77332571000761 45.642073904691415 1.2000000000000002
      vertex -59.77332571000761 45.642073904691415 2
      vertex -59.98389516835398 45.570595205269186 2
    endloop
  endfacet
  facet normal 0.19509032201613605 -0.9807852804032288 0
    outer loop
      vertex -59.555227860107415 45.68545626433548 1.2000000000000002
      vertex -59.555227860107415 45.68545626433548 2
      vertex -59.77332571000761 45.642073904691415 2
    endloop
  endfacet
  facet normal 0.06540312923015376 -0.9978589232386028 0
    outer loop
      vertex -59.33333333333333 45.7 1.2000000000000002
      vertex -59.33333333333333 45.7 2
      vertex -59.555227860107415 45.68545626433548 2
    endloop
  endfacet
  facet normal -0.06540312923015376 -0.9978589232386028 0
    outer loop
      vertex -59.11143880655924 45.68545626433548 1.2000000000000002
      vertex -59.11143880655924 45.68545626433548 2
      vertex -59.33333333333333 45.7 2
    endloop
  endfacet
  facet normal -0.19509032201613605 -0.9807852804032288 0
    outer loop
      vertex -58.893340956659046 45.642073904691415 1.2000000000000002
      vertex -58.893340956659046 45.642073904691415 2
      vertex -59.11143880655924 45.68545626433548 2
    endloop
  endfacet
  facet normal -0.4422886902189963 -0.8968727415326907 0
    outer loop
      vertex -58.48333333333333 45.472243186433545 1.2000000000000002
      vertex -58.48333333333333 45.472243186433545 2
      vertex -58.682771498312675 45.570595205269186 2
    endloop
  endfacet
  facet normal -0.3214394653031608 -0.9469301294951059 0
    outer loop
      vertex -58.682771498312675 45.570595205269186 1.2000000000000002
      vertex -58.682771498312675 45.570595205269186 2
      vertex -58.893340956659046 45.642073904691415 2
    endloop
  endfacet
  facet normal -0.6593458151000616 0.7518398074789838 0
    outer loop
      vertex -58.298438904018504 42.6512993215049 1.2000000000000002
      vertex -58.298438904018504 42.6512993215049 2
      vertex -58.1312518053162 42.79791847198287 2
    endloop
  endfacet
  facet normal -0.7518398074789838 0.6593458151000616 0
    outer loop
      vertex -58.1312518053162 42.79791847198287 1.2000000000000002
      vertex -58.1312518053162 42.79791847198287 2
      vertex -57.98463265483823 42.965105570685175 2
    endloop
  endfacet
  facet normal -0.8314696123025439 0.5555702330196042 0
    outer loop
      vertex -57.98463265483823 42.965105570685175 1.2000000000000002
      vertex -57.98463265483823 42.965105570685175 2
      vertex -57.861090146899784 43.15 2
    endloop
  endfacet
  facet normal -0.8968727415326907 0.4422886902189963 0
    outer loop
      vertex -57.861090146899784 43.15 1.2000000000000002
      vertex -57.861090146899784 43.15 2
      vertex -57.76273812806414 43.34943816497935 2
    endloop
  endfacet
  facet normal -0.9469301294951059 0.3214394653031608 0
    outer loop
      vertex -57.76273812806414 43.34943816497935 1.2000000000000002
      vertex -57.76273812806414 43.34943816497935 2
      vertex -57.691259428641914 43.56000762332572 2
    endloop
  endfacet
  facet normal -0.9807852804032288 0.19509032201613605 0
    outer loop
      vertex -57.691259428641914 43.56000762332572 1.2000000000000002
      vertex -57.691259428641914 43.56000762332572 2
      vertex -57.64787706899785 43.778105473225914 2
    endloop
  endfacet
  facet normal -0.9978589232386028 0.06540312923015376 0
    outer loop
      vertex -57.64787706899785 43.778105473225914 1.2000000000000002
      vertex -57.64787706899785 43.778105473225914 2
      vertex -57.633333333333326 44 2
    endloop
  endfacet
  facet normal -0.9978589232386028 -0.06540312923015376 0
    outer loop
      vertex -57.633333333333326 44 1.2000000000000002
      vertex -57.633333333333326 44 2
      vertex -57.64787706899785 44.221894526774086 2
    endloop
  endfacet
  facet normal -0.9807852804032288 -0.19509032201613605 0
    outer loop
      vertex -57.64787706899785 44.221894526774086 1.2000000000000002
      vertex -57.64787706899785 44.221894526774086 2
      vertex -57.691259428641914 44.43999237667428 2
    endloop
  endfacet
  facet normal -0.7518398074789838 -0.6593458151000616 0
    outer loop
      vertex -57.98463265483823 45.034894429314825 1.2000000000000002
      vertex -57.98463265483823 45.034894429314825 2
      vertex -58.1312518053162 45.20208152801713 2
    endloop
  endfacet
  facet normal -0.9469301294951059 -0.3214394653031608 0
    outer loop
      vertex -57.691259428641914 44.43999237667428 1.2000000000000002
      vertex -57.691259428641914 44.43999237667428 2
      vertex -57.76273812806414 44.65056183502065 2
    endloop
  endfacet
  facet normal -0.8968727415326907 -0.4422886902189963 0
    outer loop
      vertex -57.76273812806414 44.65056183502065 1.2000000000000002
      vertex -57.76273812806414 44.65056183502065 2
      vertex -57.861090146899784 44.85 2
    endloop
  endfacet
  facet normal -0.8314696123025439 -0.5555702330196042 0
    outer loop
      vertex -57.861090146899784 44.85 1.2000000000000002
      vertex -57.861090146899784 44.85 2
      vertex -57.98463265483823 45.034894429314825 2
    endloop
  endfacet
  facet normal -0.5555702330196042 -0.8314696123025439 0
    outer loop
      vertex -58.298438904018504 45.3487006784951 1.2000000000000002
      vertex -58.298438904018504 45.3487006784951 2
      vertex -58.48333333333333 45.472243186433545 2
    endloop
  endfacet
  facet normal -0.6593458151000616 -0.7518398074789838 0
    outer loop
      vertex -58.1312518053162 45.20208152801713 1.2000000000000002
      vertex -58.1312518053162 45.20208152801713 2
      vertex -58.298438904018504 45.3487006784951 2
    endloop
  endfacet
  facet normal 0.751839807478968 0.6593458151000796 0
    outer loop
      vertex -119.86874819468379 42.79791847198287 1.2000000000000002
      vertex -120.01536734516176 42.965105570685175 1.2000000000000002
      vertex -119.86874819468379 42.79791847198287 2
    endloop
  endfacet
  facet normal 0.9469301294951059 0.3214394653031608 0
    outer loop
      vertex -120.23726187193584 43.34943816497935 1.2000000000000002
      vertex -120.30874057135807 43.56000762332572 1.2000000000000002
      vertex -120.23726187193584 43.34943816497935 2
    endloop
  endfacet
  facet normal 0.980785280403235 0.19509032201610532 0
    outer loop
      vertex -120.35212293100213 43.778105473225914 1.2000000000000002
      vertex -120.30874057135807 43.56000762332572 2
      vertex -120.30874057135807 43.56000762332572 1.2000000000000002
    endloop
  endfacet
  facet normal 0.8314696123025587 0.5555702330195822 0
    outer loop
      vertex -120.01536734516176 42.965105570685175 1.2000000000000002
      vertex -120.1389098531002 43.15 1.2000000000000002
      vertex -120.01536734516176 42.965105570685175 2
    endloop
  endfacet
  facet normal 0.8968727415326907 0.4422886902189963 0
    outer loop
      vertex -120.1389098531002 43.15 1.2000000000000002
      vertex -120.23726187193584 43.34943816497935 1.2000000000000002
      vertex -120.1389098531002 43.15 2
    endloop
  endfacet
  facet normal 0.5555702330196042 0.8314696123025439 0
    outer loop
      vertex -119.70156109598148 42.6512993215049 1.2000000000000002
      vertex -119.51666666666665 42.527756813566455 2
      vertex -119.51666666666665 42.527756813566455 1.2000000000000002
    endloop
  endfacet
  facet normal 0.6593458151000458 0.7518398074789976 0
    outer loop
      vertex -119.70156109598148 42.6512993215049 1.2000000000000002
      vertex -119.86874819468379 42.79791847198287 1.2000000000000002
      vertex -119.70156109598148 42.6512993215049 2
    endloop
  endfacet
  facet normal 0.442288690219009 0.8968727415326845 0
    outer loop
      vertex -119.51666666666665 42.527756813566455 1.2000000000000002
      vertex -119.31722850168731 42.429404794730814 2
      vertex -119.31722850168731 42.429404794730814 1.2000000000000002
    endloop
  endfacet
  facet normal 0.3214394653031608 0.9469301294951059 0
    outer loop
      vertex -119.10665904334094 42.357926095308585 1.2000000000000002
      vertex -119.31722850168731 42.429404794730814 1.2000000000000002
      vertex -119.10665904334094 42.357926095308585 2
    endloop
  endfacet
  facet normal 0.9978589232386006 0.06540312923018558 0
    outer loop
      vertex -120.35212293100213 43.778105473225914 1.2000000000000002
      vertex -120.36666666666666 44 1.2000000000000002
      vertex -120.35212293100213 43.778105473225914 2
    endloop
  endfacet
  facet normal 0.9978589232386006 -0.06540312923018558 0
    outer loop
      vertex -120.36666666666666 44 1.2000000000000002
      vertex -120.35212293100213 44.221894526774086 1.2000000000000002
      vertex -120.36666666666666 44 2
    endloop
  endfacet
  facet normal 0.980785280403235 -0.19509032201610532 0
    outer loop
      vertex -120.35212293100213 44.221894526774086 1.2000000000000002
      vertex -120.30874057135807 44.43999237667428 1.2000000000000002
      vertex -120.35212293100213 44.221894526774086 2
    endloop
  endfacet
  facet normal 0.9469301294951059 -0.3214394653031608 0
    outer loop
      vertex -120.30874057135807 44.43999237667428 1.2000000000000002
      vertex -120.23726187193584 44.65056183502065 1.2000000000000002
      vertex -120.30874057135807 44.43999237667428 2
    endloop
  endfacet
  facet normal 0.8968727415326907 -0.4422886902189963 0
    outer loop
      vertex -120.23726187193584 44.65056183502065 1.2000000000000002
      vertex -120.1389098531002 44.85 1.2000000000000002
      vertex -120.23726187193584 44.65056183502065 2
    endloop
  endfacet
  facet normal 0.8314696123025587 -0.5555702330195822 0
    outer loop
      vertex -120.1389098531002 44.85 1.2000000000000002
      vertex -120.01536734516176 45.034894429314825 1.2000000000000002
      vertex -120.1389098531002 44.85 2
    endloop
  endfacet
  facet normal 0.751839807478968 -0.6593458151000796 0
    outer loop
      vertex -120.01536734516176 45.034894429314825 1.2000000000000002
      vertex -119.86874819468379 45.20208152801713 1.2000000000000002
      vertex -120.01536734516176 45.034894429314825 2
    endloop
  endfacet
  facet normal 0.19509032201614213 0.9807852804032275 0
    outer loop
      vertex -119.10665904334094 42.357926095308585 1.2000000000000002
      vertex -118.88856119344075 42.31454373566452 2
      vertex -118.88856119344075 42.31454373566452 1.2000000000000002
    endloop
  endfacet
  facet normal 0.06540312923015168 0.9978589232386029 0
    outer loop
      vertex -118.88856119344075 42.31454373566452 1.2000000000000002
      vertex -118.66666666666666 42.3 2
      vertex -118.66666666666666 42.3 1.2000000000000002
    endloop
  endfacet
  facet normal -0.06540312923015168 0.9978589232386029 0
    outer loop
      vertex -118.66666666666666 42.3 1.2000000000000002
      vertex -118.44477213989256 42.31454373566452 2
      vertex -118.44477213989256 42.31454373566452 1.2000000000000002
    endloop
  endfacet
  facet normal -0.19509032201614213 0.9807852804032275 0
    outer loop
      vertex -118.44477213989256 42.31454373566452 1.2000000000000002
      vertex -118.22667428999237 42.357926095308585 2
      vertex -118.22667428999237 42.357926095308585 1.2000000000000002
    endloop
  endfacet
  facet normal -0.3214394653031608 0.9469301294951059 0
    outer loop
      vertex -118.22667428999237 42.357926095308585 1.2000000000000002
      vertex -118.016104831646 42.429404794730814 2
      vertex -118.016104831646 42.429404794730814 1.2000000000000002
    endloop
  endfacet
  facet normal -0.442288690219009 0.8968727415326845 0
    outer loop
      vertex -118.016104831646 42.429404794730814 1.2000000000000002
      vertex -117.81666666666666 42.527756813566455 2
      vertex -117.81666666666666 42.527756813566455 1.2000000000000002
    endloop
  endfacet
  facet normal -0.5555702330196042 0.8314696123025439 0
    outer loop
      vertex -117.81666666666666 42.527756813566455 1.2000000000000002
      vertex -117.63177223735184 42.6512993215049 2
      vertex -117.63177223735184 42.6512993215049 1.2000000000000002
    endloop
  endfacet
  facet normal -0.6593458151000458 0.7518398074789976 0
    outer loop
      vertex -117.63177223735184 42.6512993215049 1.2000000000000002
      vertex -117.46458513864953 42.79791847198287 2
      vertex -117.46458513864953 42.79791847198287 1.2000000000000002
    endloop
  endfacet
  facet normal 0.6593458151000458 -0.7518398074789976 0
    outer loop
      vertex -119.86874819468379 45.20208152801713 1.2000000000000002
      vertex -119.70156109598148 45.3487006784951 1.2000000000000002
      vertex -119.86874819468379 45.20208152801713 2
    endloop
  endfacet
  facet normal 0.5555702330196042 -0.8314696123025439 0
    outer loop
      vertex -119.70156109598148 45.3487006784951 1.2000000000000002
      vertex -119.51666666666665 45.472243186433545 1.2000000000000002
      vertex -119.70156109598148 45.3487006784951 2
    endloop
  endfacet
  facet normal 0.442288690219009 -0.8968727415326845 0
    outer loop
      vertex -119.51666666666665 45.472243186433545 1.2000000000000002
      vertex -119.31722850168731 45.570595205269186 1.2000000000000002
      vertex -119.51666666666665 45.472243186433545 2
    endloop
  endfacet
  facet normal 0.3214394653031608 -0.9469301294951059 0
    outer loop
      vertex -119.31722850168731 45.570595205269186 1.2000000000000002
      vertex -119.10665904334094 45.642073904691415 1.2000000000000002
      vertex -119.31722850168731 45.570595205269186 2
    endloop
  endfacet
  facet normal 0.19509032201614213 -0.9807852804032275 0
    outer loop
      vertex -119.10665904334094 45.642073904691415 1.2000000000000002
      vertex -118.88856119344075 45.68545626433548 1.2000000000000002
      vertex -119.10665904334094 45.642073904691415 2
    endloop
  endfacet
  facet normal 0.06540312923015168 -0.9978589232386029 0
    outer loop
      vertex -118.88856119344075 45.68545626433548 1.2000000000000002
      vertex -118.66666666666666 45.7 1.2000000000000002
      vertex -118.88856119344075 45.68545626433548 2
    endloop
  endfacet
  facet normal -0.06540312923015168 -0.9978589232386029 0
    outer loop
      vertex -118.66666666666666 45.7 1.2000000000000002
      vertex -118.44477213989256 45.68545626433548 1.2000000000000002
      vertex -118.66666666666666 45.7 2
    endloop
  endfacet
  facet normal -0.19509032201614213 -0.9807852804032275 0
    outer loop
      vertex -118.22667428999237 45.642073904691415 1.2000000000000002
      vertex -118.44477213989256 45.68545626433548 2
      vertex -118.44477213989256 45.68545626433548 1.2000000000000002
    endloop
  endfacet
  facet normal -0.442288690219009 -0.8968727415326845 0
    outer loop
      vertex -117.81666666666666 45.472243186433545 1.2000000000000002
      vertex -118.016104831646 45.570595205269186 2
      vertex -118.016104831646 45.570595205269186 1.2000000000000002
    endloop
  endfacet
  facet normal -0.3214394653031608 -0.9469301294951059 0
    outer loop
      vertex -118.22667428999237 45.642073904691415 1.2000000000000002
      vertex -118.016104831646 45.570595205269186 1.2000000000000002
      vertex -118.22667428999237 45.642073904691415 2
    endloop
  endfacet
  facet normal -0.5555702330196042 -0.8314696123025439 0
    outer loop
      vertex -117.81666666666666 45.472243186433545 1.2000000000000002
      vertex -117.63177223735184 45.3487006784951 1.2000000000000002
      vertex -117.81666666666666 45.472243186433545 2
    endloop
  endfacet
  facet normal -0.6593458151000458 -0.7518398074789976 0
    outer loop
      vertex -117.46458513864953 45.20208152801713 1.2000000000000002
      vertex -117.63177223735184 45.3487006784951 2
      vertex -117.63177223735184 45.3487006784951 1.2000000000000002
    endloop
  endfacet
  facet normal -0.751839807478968 0.6593458151000796 0
    outer loop
      vertex -117.46458513864953 42.79791847198287 1.2000000000000002
      vertex -117.31796598817155 42.965105570685175 2
      vertex -117.31796598817155 42.965105570685175 1.2000000000000002
    endloop
  endfacet
  facet normal -0.8314696123025587 0.5555702330195822 0
    outer loop
      vertex -117.31796598817155 42.965105570685175 1.2000000000000002
      vertex -117.19442348023311 43.15 2
      vertex -117.19442348023311 43.15 1.2000000000000002
    endloop
  endfacet
  facet normal -0.8968727415326907 0.4422886902189963 0
    outer loop
      vertex -117.19442348023311 43.15 1.2000000000000002
      vertex -117.09607146139747 43.34943816497935 2
      vertex -117.09607146139747 43.34943816497935 1.2000000000000002
    endloop
  endfacet
  facet normal -0.9469301294951059 0.3214394653031608 0
    outer loop
      vertex -117.09607146139747 43.34943816497935 1.2000000000000002
      vertex -117.02459276197524 43.56000762332572 2
      vertex -117.02459276197524 43.56000762332572 1.2000000000000002
    endloop
  endfacet
  facet normal -0.980785280403235 0.19509032201610532 0
    outer loop
      vertex -117.02459276197524 43.56000762332572 1.2000000000000002
      vertex -116.98121040233119 43.778105473225914 2
      vertex -116.98121040233119 43.778105473225914 1.2000000000000002
    endloop
  endfacet
  facet normal -0.9978589232386006 0.06540312923018558 0
    outer loop
      vertex -116.98121040233119 43.778105473225914 1.2000000000000002
      vertex -116.96666666666665 44 2
      vertex -116.96666666666665 44 1.2000000000000002
    endloop
  endfacet
  facet normal -0.9978589232386006 -0.06540312923018558 0
    outer loop
      vertex -116.96666666666665 44 1.2000000000000002
      vertex -116.98121040233119 44.221894526774086 2
      vertex -116.98121040233119 44.221894526774086 1.2000000000000002
    endloop
  endfacet
  facet normal -0.980785280403235 -0.19509032201610532 0
    outer loop
      vertex -117.02459276197524 44.43999237667428 1.2000000000000002
      vertex -116.98121040233119 44.221894526774086 1.2000000000000002
      vertex -117.02459276197524 44.43999237667428 2
    endloop
  endfacet
  facet normal -0.8968727415326907 -0.4422886902189963 0
    outer loop
      vertex -117.09607146139747 44.65056183502065 1.2000000000000002
      vertex -117.19442348023311 44.85 2
      vertex -117.19442348023311 44.85 1.2000000000000002
    endloop
  endfacet
  facet normal -0.751839807478968 -0.6593458151000796 0
    outer loop
      vertex -117.46458513864953 45.20208152801713 1.2000000000000002
      vertex -117.31796598817155 45.034894429314825 1.2000000000000002
      vertex -117.46458513864953 45.20208152801713 2
    endloop
  endfacet
  facet normal -0.8314696123025587 -0.5555702330195822 0
    outer loop
      vertex -117.19442348023311 44.85 1.2000000000000002
      vertex -117.31796598817155 45.034894429314825 2
      vertex -117.31796598817155 45.034894429314825 1.2000000000000002
    endloop
  endfacet
  facet normal -0.9469301294951059 -0.3214394653031608 0
    outer loop
      vertex -117.02459276197524 44.43999237667428 1.2000000000000002
      vertex -117.09607146139747 44.65056183502065 2
      vertex -117.09607146139747 44.65056183502065 1.2000000000000002
    endloop
  endfacet
  facet normal 0.751839807478968 0.6593458151000796 0
    outer loop
      vertex -120.01536734516176 42.965105570685175 1.2000000000000002
      vertex -120.01536734516176 42.965105570685175 2
      vertex -119.86874819468379 42.79791847198287 2
    endloop
  endfacet
  facet normal 0.9469301294951059 0.3214394653031608 0
    outer loop
      vertex -120.30874057135807 43.56000762332572 1.2000000000000002
      vertex -120.30874057135807 43.56000762332572 2
      vertex -120.23726187193584 43.34943816497935 2
    endloop
  endfacet
  facet normal 0.980785280403235 0.19509032201610532 0
    outer loop
      vertex -120.35212293100213 43.778105473225914 1.2000000000000002
      vertex -120.35212293100213 43.778105473225914 2
      vertex -120.30874057135807 43.56000762332572 2
    endloop
  endfacet
  facet normal 0.8314696123025587 0.5555702330195822 0
    outer loop
      vertex -120.1389098531002 43.15 1.2000000000000002
      vertex -120.1389098531002 43.15 2
      vertex -120.01536734516176 42.965105570685175 2
    endloop
  endfacet
  facet normal 0.8968727415326907 0.4422886902189963 0
    outer loop
      vertex -120.23726187193584 43.34943816497935 1.2000000000000002
      vertex -120.23726187193584 43.34943816497935 2
      vertex -120.1389098531002 43.15 2
    endloop
  endfacet
  facet normal 0.5555702330196042 0.8314696123025439 0
    outer loop
      vertex -119.70156109598148 42.6512993215049 1.2000000000000002
      vertex -119.70156109598148 42.6512993215049 2
      vertex -119.51666666666665 42.527756813566455 2
    endloop
  endfacet
  facet normal 0.442288690219009 0.8968727415326845 0
    outer loop
      vertex -119.51666666666665 42.527756813566455 1.2000000000000002
      vertex -119.51666666666665 42.527756813566455 2
      vertex -119.31722850168731 42.429404794730814 2
    endloop
  endfacet
  facet normal 0.6593458151000458 0.7518398074789976 0
    outer loop
      vertex -119.86874819468379 42.79791847198287 1.2000000000000002
      vertex -119.86874819468379 42.79791847198287 2
      vertex -119.70156109598148 42.6512993215049 2
    endloop
  endfacet
  facet normal 0.3214394653031608 0.9469301294951059 0
    outer loop
      vertex -119.31722850168731 42.429404794730814 1.2000000000000002
      vertex -119.31722850168731 42.429404794730814 2
      vertex -119.10665904334094 42.357926095308585 2
    endloop
  endfacet
  facet normal 0.9978589232386006 0.06540312923018558 0
    outer loop
      vertex -120.36666666666666 44 1.2000000000000002
      vertex -120.36666666666666 44 2
      vertex -120.35212293100213 43.778105473225914 2
    endloop
  endfacet
  facet normal 0.9978589232386006 -0.06540312923018558 0
    outer loop
      vertex -120.35212293100213 44.221894526774086 1.2000000000000002
      vertex -120.35212293100213 44.221894526774086 2
      vertex -120.36666666666666 44 2
    endloop
  endfacet
  facet normal 0.980785280403235 -0.19509032201610532 0
    outer loop
      vertex -120.30874057135807 44.43999237667428 1.2000000000000002
      vertex -120.30874057135807 44.43999237667428 2
      vertex -120.35212293100213 44.221894526774086 2
    endloop
  endfacet
  facet normal 0.9469301294951059 -0.3214394653031608 0
    outer loop
      vertex -120.23726187193584 44.65056183502065 1.2000000000000002
      vertex -120.23726187193584 44.65056183502065 2
      vertex -120.30874057135807 44.43999237667428 2
    endloop
  endfacet
  facet normal 0.8968727415326907 -0.4422886902189963 0
    outer loop
      vertex -120.1389098531002 44.85 1.2000000000000002
      vertex -120.1389098531002 44.85 2
      vertex -120.23726187193584 44.65056183502065 2
    endloop
  endfacet
  facet normal 0.8314696123025587 -0.5555702330195822 0
    outer loop
      vertex -120.01536734516176 45.034894429314825 1.2000000000000002
      vertex -120.01536734516176 45.034894429314825 2
      vertex -120.1389098531002 44.85 2
    endloop
  endfacet
  facet normal 0.751839807478968 -0.6593458151000796 0
    outer loop
      vertex -119.86874819468379 45.20208152801713 1.2000000000000002
      vertex -119.86874819468379 45.20208152801713 2
      vertex -120.01536734516176 45.034894429314825 2
    endloop
  endfacet
  facet normal 0.19509032201614213 0.9807852804032275 0
    outer loop
      vertex -119.10665904334094 42.357926095308585 1.2000000000000002
      vertex -119.10665904334094 42.357926095308585 2
      vertex -118.88856119344075 42.31454373566452 2
    endloop
  endfacet
  facet normal 0.06540312923015168 0.9978589232386029 0
    outer loop
      vertex -118.88856119344075 42.31454373566452 1.2000000000000002
      vertex -118.88856119344075 42.31454373566452 2
      vertex -118.66666666666666 42.3 2
    endloop
  endfacet
  facet normal -0.06540312923015168 0.9978589232386029 0
    outer loop
      vertex -118.66666666666666 42.3 1.2000000000000002
      vertex -118.66666666666666 42.3 2
      vertex -118.44477213989256 42.31454373566452 2
    endloop
  endfacet
  facet normal -0.19509032201614213 0.9807852804032275 0
    outer loop
      vertex -118.44477213989256 42.31454373566452 1.2000000000000002
      vertex -118.44477213989256 42.31454373566452 2
      vertex -118.22667428999237 42.357926095308585 2
    endloop
  endfacet
  facet normal -0.3214394653031608 0.9469301294951059 0
    outer loop
      vertex -118.22667428999237 42.357926095308585 1.2000000000000002
      vertex -118.22667428999237 42.357926095308585 2
      vertex -118.016104831646 42.429404794730814 2
    endloop
  endfacet
  facet normal -0.442288690219009 0.8968727415326845 0
    outer loop
      vertex -118.016104831646 42.429404794730814 1.2000000000000002
      vertex -118.016104831646 42.429404794730814 2
      vertex -117.81666666666666 42.527756813566455 2
    endloop
  endfacet
  facet normal -0.5555702330196042 0.8314696123025439 0
    outer loop
      vertex -117.81666666666666 42.527756813566455 1.2000000000000002
      vertex -117.81666666666666 42.527756813566455 2
      vertex -117.63177223735184 42.6512993215049 2
    endloop
  endfacet
  facet normal -0.6593458151000458 0.7518398074789976 0
    outer loop
      vertex -117.63177223735184 42.6512993215049 1.2000000000000002
      vertex -117.63177223735184 42.6512993215049 2
      vertex -117.46458513864953 42.79791847198287 2
    endloop
  endfacet
  facet normal 0.6593458151000458 -0.7518398074789976 0
    outer loop
      vertex -119.70156109598148 45.3487006784951 1.2000000000000002
      vertex -119.70156109598148 45.3487006784951 2
      vertex -119.86874819468379 45.20208152801713 2
    endloop
  endfacet
  facet normal 0.5555702330196042 -0.8314696123025439 0
    outer loop
      vertex -119.51666666666665 45.472243186433545 1.2000000000000002
      vertex -119.51666666666665 45.472243186433545 2
      vertex -119.70156109598148 45.3487006784951 2
    endloop
  endfacet
  facet normal 0.442288690219009 -0.8968727415326845 0
    outer loop
      vertex -119.31722850168731 45.570595205269186 1.2000000000000002
      vertex -119.31722850168731 45.570595205269186 2
      vertex -119.51666666666665 45.472243186433545 2
    endloop
  endfacet
  facet normal 0.3214394653031608 -0.9469301294951059 0
    outer loop
      vertex -119.10665904334094 45.642073904691415 1.2000000000000002
      vertex -119.10665904334094 45.642073904691415 2
      vertex -119.31722850168731 45.570595205269186 2
    endloop
  endfacet
  facet normal 0.19509032201614213 -0.9807852804032275 0
    outer loop
      vertex -118.88856119344075 45.68545626433548 1.2000000000000002
      vertex -118.88856119344075 45.68545626433548 2
      vertex -119.10665904334094 45.642073904691415 2
    endloop
  endfacet
  facet normal 0.06540312923015168 -0.9978589232386029 0
    outer loop
      vertex -118.66666666666666 45.7 1.2000000000000002
      vertex -118.66666666666666 45.7 2
      vertex -118.88856119344075 45.68545626433548 2
    endloop
  endfacet
  facet normal -0.06540312923015168 -0.9978589232386029 0
    outer loop
      vertex -118.44477213989256 45.68545626433548 1.2000000000000002
      vertex -118.44477213989256 45.68545626433548 2
      vertex -118.66666666666666 45.7 2
    endloop
  endfacet
  facet normal -0.19509032201614213 -0.9807852804032275 0
    outer loop
      vertex -118.22667428999237 45.642073904691415 1.2000000000000002
      vertex -118.22667428999237 45.642073904691415 2
      vertex -118.44477213989256 45.68545626433548 2
    endloop
  endfacet
  facet normal -0.442288690219009 -0.8968727415326845 0
    outer loop
      vertex -117.81666666666666 45.472243186433545 1.2000000000000002
      vertex -117.81666666666666 45.472243186433545 2
      vertex -118.016104831646 45.570595205269186 2
    endloop
  endfacet
  facet normal -0.3214394653031608 -0.9469301294951059 0
    outer loop
      vertex -118.016104831646 45.570595205269186 1.2000000000000002
      vertex -118.016104831646 45.570595205269186 2
      vertex -118.22667428999237 45.642073904691415 2
    endloop
  endfacet
  facet normal -0.5555702330196042 -0.8314696123025439 0
    outer loop
      vertex -117.63177223735184 45.3487006784951 1.2000000000000002
      vertex -117.63177223735184 45.3487006784951 2
      vertex -117.81666666666666 45.472243186433545 2
    endloop
  endfacet
  facet normal -0.6593458151000458 -0.7518398074789976 0
    outer loop
      vertex -117.46458513864953 45.20208152801713 1.2000000000000002
      vertex -117.46458513864953 45.20208152801713 2
      vertex -117.63177223735184 45.3487006784951 2
    endloop
  endfacet
  facet normal -0.751839807478968 0.6593458151000796 0
    outer loop
      vertex -117.46458513864953 42.79791847198287 1.2000000000000002
      vertex -117.46458513864953 42.79791847198287 2
      vertex -117.31796598817155 42.965105570685175 2
    endloop
  endfacet
  facet normal -0.8314696123025587 0.5555702330195822 0
    outer loop
      vertex -117.31796598817155 42.965105570685175 1.2000000000000002
      vertex -117.31796598817155 42.965105570685175 2
      vertex -117.19442348023311 43.15 2
    endloop
  endfacet
  facet normal -0.8968727415326907 0.4422886902189963 0
    outer loop
      vertex -117.19442348023311 43.15 1.2000000000000002
      vertex -117.19442348023311 43.15 2
      vertex -117.09607146139747 43.34943816497935 2
    endloop
  endfacet
  facet normal -0.9469301294951059 0.3214394653031608 0
    outer loop
      vertex -117.09607146139747 43.34943816497935 1.2000000000000002
      vertex -117.09607146139747 43.34943816497935 2
      vertex -117.02459276197524 43.56000762332572 2
    endloop
  endfacet
  facet normal -0.980785280403235 0.19509032201610532 0
    outer loop
      vertex -117.02459276197524 43.56000762332572 1.2000000000000002
      vertex -117.02459276197524 43.56000762332572 2
      vertex -116.98121040233119 43.778105473225914 2
    endloop
  endfacet
  facet normal -0.9978589232386006 0.06540312923018558 0
    outer loop
      vertex -116.98121040233119 43.778105473225914 1.2000000000000002
      vertex -116.98121040233119 43.778105473225914 2
      vertex -116.96666666666665 44 2
    endloop
  endfacet
  facet normal -0.9978589232386006 -0.06540312923018558 0
    outer loop
      vertex -116.96666666666665 44 1.2000000000000002
      vertex -116.96666666666665 44 2
      vertex -116.98121040233119 44.221894526774086 2
    endloop
  endfacet
  facet normal -0.980785280403235 -0.19509032201610532 0
    outer loop
      vertex -116.98121040233119 44.221894526774086 1.2000000000000002
      vertex -116.98121040233119 44.221894526774086 2
      vertex -117.02459276197524 44.43999237667428 2
    endloop
  endfacet
  facet normal -0.8968727415326907 -0.4422886902189963 0
    outer loop
      vertex -117.09607146139747 44.65056183502065 1.2000000000000002
      vertex -117.09607146139747 44.65056183502065 2
      vertex -117.19442348023311 44.85 2
    endloop
  endfacet
  facet normal -0.751839807478968 -0.6593458151000796 0
    outer loop
      vertex -117.31796598817155 45.034894429314825 1.2000000000000002
      vertex -117.31796598817155 45.034894429314825 2
      vertex -117.46458513864953 45.20208152801713 2
    endloop
  endfacet
  facet normal -0.8314696123025587 -0.5555702330195822 0
    outer loop
      vertex -117.19442348023311 44.85 1.2000000000000002
      vertex -117.19442348023311 44.85 2
      vertex -117.31796598817155 45.034894429314825 2
    endloop
  endfacet
  facet normal -0.9469301294951059 -0.3214394653031608 0
    outer loop
      vertex -117.02459276197524 44.43999237667428 1.2000000000000002
      vertex -117.02459276197524 44.43999237667428 2
      vertex -117.09607146139747 44.65056183502065 2
    endloop
  endfacet
  facet normal 0.9978589232386048 0.06540312923012194 0
    outer loop
      vertex -179.68545626433547 43.778105473225914 1.2000000000000002
      vertex -179.7 44 1.2000000000000002
      vertex -179.68545626433547 43.778105473225914 2
    endloop
  endfacet
  facet normal 0.9978589232386048 -0.06540312923012194 0
    outer loop
      vertex -179.7 44 1.2000000000000002
      vertex -179.68545626433547 44.221894526774086 1.2000000000000002
      vertex -179.7 44 2
    endloop
  endfacet
  facet normal 0.5555702330196042 0.8314696123025439 0
    outer loop
      vertex -179.03489442931482 42.6512993215049 1.2000000000000002
      vertex -178.85 42.527756813566455 2
      vertex -178.85 42.527756813566455 1.2000000000000002
    endloop
  endfacet
  facet normal 0.6593458151000775 0.7518398074789698 0
    outer loop
      vertex -179.03489442931482 42.6512993215049 1.2000000000000002
      vertex -179.20208152801712 42.79791847198287 1.2000000000000002
      vertex -179.03489442931482 42.6512993215049 2
    endloop
  endfacet
  facet normal 0.7518398074789363 0.6593458151001158 0
    outer loop
      vertex -179.20208152801712 42.79791847198287 1.2000000000000002
      vertex -179.3487006784951 42.965105570685175 1.2000000000000002
      vertex -179.20208152801712 42.79791847198287 2
    endloop
  endfacet
  facet normal 0.8968727415326907 0.4422886902189963 0
    outer loop
      vertex -179.47224318643356 43.15 1.2000000000000002
      vertex -179.5705952052692 43.34943816497935 1.2000000000000002
      vertex -179.47224318643356 43.15 2
    endloop
  endfacet
  facet normal 0.8314696123025291 0.5555702330196263 0
    outer loop
      vertex -179.47224318643356 43.15 1.2000000000000002
      vertex -179.3487006784951 42.965105570685175 2
      vertex -179.3487006784951 42.965105570685175 1.2000000000000002
    endloop
  endfacet
  facet normal 0.9469301294951253 0.3214394653031035 0
    outer loop
      vertex -179.5705952052692 43.34943816497935 1.2000000000000002
      vertex -179.64207390469142 43.56000762332572 1.2000000000000002
      vertex -179.5705952052692 43.34943816497935 2
    endloop
  endfacet
  facet normal 0.980785280403235 0.19509032201610532 0
    outer loop
      vertex -179.64207390469142 43.56000762332572 1.2000000000000002
      vertex -179.68545626433547 43.778105473225914 1.2000000000000002
      vertex -179.64207390469142 43.56000762332572 2
    endloop
  endfacet
  facet normal 0.442288690219009 0.8968727415326845 0
    outer loop
      vertex -178.85 42.527756813566455 1.2000000000000002
      vertex -178.65056183502065 42.429404794730814 2
      vertex -178.65056183502065 42.429404794730814 1.2000000000000002
    endloop
  endfacet
  facet normal 0.3214394653031803 0.9469301294950994 0
    outer loop
      vertex -178.4399923766743 42.357926095308585 1.2000000000000002
      vertex -178.65056183502065 42.429404794730814 1.2000000000000002
      vertex -178.4399923766743 42.357926095308585 2
    endloop
  endfacet
  facet normal 0.19509032201612994 0.9807852804032301 0
    outer loop
      vertex -178.4399923766743 42.357926095308585 1.2000000000000002
      vertex -178.2218945267741 42.31454373566452 2
      vertex -178.2218945267741 42.31454373566452 1.2000000000000002
    endloop
  endfacet
  facet normal 0.980785280403235 -0.19509032201610532 0
    outer loop
      vertex -179.68545626433547 44.221894526774086 1.2000000000000002
      vertex -179.64207390469142 44.43999237667428 1.2000000000000002
      vertex -179.68545626433547 44.221894526774086 2
    endloop
  endfacet
  facet normal 0.9469301294951253 -0.3214394653031035 0
    outer loop
      vertex -179.64207390469142 44.43999237667428 1.2000000000000002
      vertex -179.5705952052692 44.65056183502065 1.2000000000000002
      vertex -179.64207390469142 44.43999237667428 2
    endloop
  endfacet
  facet normal 0.8968727415326907 -0.4422886902189963 0
    outer loop
      vertex -179.5705952052692 44.65056183502065 1.2000000000000002
      vertex -179.47224318643356 44.85 1.2000000000000002
      vertex -179.5705952052692 44.65056183502065 2
    endloop
  endfacet
  facet normal 0.8314696123025291 -0.5555702330196263 0
    outer loop
      vertex -179.47224318643356 44.85 1.2000000000000002
      vertex -179.3487006784951 45.034894429314825 1.2000000000000002
      vertex -179.47224318643356 44.85 2
    endloop
  endfacet
  facet normal 0.7518398074789363 -0.6593458151001158 0
    outer loop
      vertex -179.3487006784951 45.034894429314825 1.2000000000000002
      vertex -179.20208152801712 45.20208152801713 1.2000000000000002
      vertex -179.3487006784951 45.034894429314825 2
    endloop
  endfacet
  facet normal 0.06540312923015168 0.9978589232386029 0
    outer loop
      vertex -178 42.3 1.2000000000000002
      vertex -178.2218945267741 42.31454373566452 1.2000000000000002
      vertex -178 42.3 2
    endloop
  endfacet
  facet normal -0.06540312923015168 0.9978589232386029 0
    outer loop
      vertex -178 42.3 1.2000000000000002
      vertex -177.7781054732259 42.31454373566452 2
      vertex -177.7781054732259 42.31454373566452 1.2000000000000002
    endloop
  endfacet
  facet normal -0.19509032201612994 0.9807852804032301 0
    outer loop
      vertex -177.7781054732259 42.31454373566452 1.2000000000000002
      vertex -177.5600076233257 42.357926095308585 2
      vertex -177.5600076233257 42.357926095308585 1.2000000000000002
    endloop
  endfacet
  facet normal -0.3214394653031803 0.9469301294950994 0
    outer loop
      vertex -177.5600076233257 42.357926095308585 1.2000000000000002
      vertex -177.34943816497935 42.429404794730814 2
      vertex -177.34943816497935 42.429404794730814 1.2000000000000002
    endloop
  endfacet
  facet normal -0.442288690219009 0.8968727415326845 0
    outer loop
      vertex -177.34943816497935 42.429404794730814 1.2000000000000002
      vertex -177.15 42.527756813566455 2
      vertex -177.15 42.527756813566455 1.2000000000000002
    endloop
  endfacet
  facet normal -0.5555702330196042 0.8314696123025439 0
    outer loop
      vertex -177.15 42.527756813566455 1.2000000000000002
      vertex -176.96510557068518 42.6512993215049 2
      vertex -176.96510557068518 42.6512993215049 1.2000000000000002
    endloop
  endfacet
  facet normal -0.6593458151000775 0.7518398074789698 0
    outer loop
      vertex -176.96510557068518 42.6512993215049 1.2000000000000002
      vertex -176.79791847198288 42.79791847198287 2
      vertex -176.79791847198288 42.79791847198287 1.2000000000000002
    endloop
  endfacet
  facet normal -0.7518398074789363 0.6593458151001158 0
    outer loop
      vertex -176.79791847198288 42.79791847198287 1.2000000000000002
      vertex -176.6512993215049 42.965105570685175 2
      vertex -176.6512993215049 42.965105570685175 1.2000000000000002
    endloop
  endfacet
  facet normal -0.8314696123025291 0.5555702330196263 0
    outer loop
      vertex -176.6512993215049 42.965105570685175 1.2000000000000002
      vertex -176.52775681356644 43.15 2
      vertex -176.52775681356644 43.15 1.2000000000000002
    endloop
  endfacet
  facet normal -0.8314696123025291 -0.5555702330196263 0
    outer loop
      vertex -176.52775681356644 44.85 1.2000000000000002
      vertex -176.6512993215049 45.034894429314825 2
      vertex -176.6512993215049 45.034894429314825 1.2000000000000002
    endloop
  endfacet
  facet normal -0.7518398074789363 -0.6593458151001158 0
    outer loop
      vertex -176.6512993215049 45.034894429314825 1.2000000000000002
      vertex -176.79791847198288 45.20208152801713 2
      vertex -176.79791847198288 45.20208152801713 1.2000000000000002
    endloop
  endfacet
  facet normal 0.6593458151000775 -0.7518398074789698 0
    outer loop
      vertex -179.20208152801712 45.20208152801713 1.2000000000000002
      vertex -179.03489442931482 45.3487006784951 1.2000000000000002
      vertex -179.20208152801712 45.20208152801713 2
    endloop
  endfacet
  facet normal 0.5555702330196042 -0.8314696123025439 0
    outer loop
      vertex -179.03489442931482 45.3487006784951 1.2000000000000002
      vertex -178.85 45.472243186433545 1.2000000000000002
      vertex -179.03489442931482 45.3487006784951 2
    endloop
  endfacet
  facet normal 0.442288690219009 -0.8968727415326845 0
    outer loop
      vertex -178.85 45.472243186433545 1.2000000000000002
      vertex -178.65056183502065 45.570595205269186 1.2000000000000002
      vertex -178.85 45.472243186433545 2
    endloop
  endfacet
  facet normal 0.3214394653031803 -0.9469301294950994 0
    outer loop
      vertex -178.65056183502065 45.570595205269186 1.2000000000000002
      vertex -178.4399923766743 45.642073904691415 1.2000000000000002
      vertex -178.65056183502065 45.570595205269186 2
    endloop
  endfacet
  facet normal 0.19509032201612994 -0.9807852804032301 0
    outer loop
      vertex -178.4399923766743 45.642073904691415 1.2000000000000002
      vertex -178.2218945267741 45.68545626433548 1.2000000000000002
      vertex -178.4399923766743 45.642073904691415 2
    endloop
  endfacet
  facet normal 0.06540312923015168 -0.9978589232386029 0
    outer loop
      vertex -178.2218945267741 45.68545626433548 1.2000000000000002
      vertex -178 45.7 1.2000000000000002
      vertex -178.2218945267741 45.68545626433548 2
    endloop
  endfacet
  facet normal -0.06540312923015168 -0.9978589232386029 0
    outer loop
      vertex -178 45.7 1.2000000000000002
      vertex -177.7781054732259 45.68545626433548 1.2000000000000002
      vertex -178 45.7 2
    endloop
  endfacet
  facet normal -0.19509032201612994 -0.9807852804032301 0
    outer loop
      vertex -177.7781054732259 45.68545626433548 1.2000000000000002
      vertex -177.5600076233257 45.642073904691415 1.2000000000000002
      vertex -177.7781054732259 45.68545626433548 2
    endloop
  endfacet
  facet normal -0.3214394653031803 -0.9469301294950994 0
    outer loop
      vertex -177.5600076233257 45.642073904691415 1.2000000000000002
      vertex -177.34943816497935 45.570595205269186 1.2000000000000002
      vertex -177.5600076233257 45.642073904691415 2
    endloop
  endfacet
  facet normal -0.442288690219009 -0.8968727415326845 0
    outer loop
      vertex -177.34943816497935 45.570595205269186 1.2000000000000002
      vertex -177.15 45.472243186433545 1.2000000000000002
      vertex -177.34943816497935 45.570595205269186 2
    endloop
  endfacet
  facet normal -0.5555702330196042 -0.8314696123025439 0
    outer loop
      vertex -176.96510557068518 45.3487006784951 1.2000000000000002
      vertex -177.15 45.472243186433545 2
      vertex -177.15 45.472243186433545 1.2000000000000002
    endloop
  endfacet
  facet normal -0.6593458151000775 -0.7518398074789698 0
    outer loop
      vertex -176.96510557068518 45.3487006784951 1.2000000000000002
      vertex -176.79791847198288 45.20208152801713 1.2000000000000002
      vertex -176.96510557068518 45.3487006784951 2
    endloop
  endfacet
  facet normal -0.8968727415326907 0.4422886902189963 0
    outer loop
      vertex -176.52775681356644 43.15 1.2000000000000002
      vertex -176.4294047947308 43.34943816497935 2
      vertex -176.4294047947308 43.34943816497935 1.2000000000000002
    endloop
  endfacet
  facet normal -0.9469301294951253 0.3214394653031035 0
    outer loop
      vertex -176.4294047947308 43.34943816497935 1.2000000000000002
      vertex -176.35792609530858 43.56000762332572 2
      vertex -176.35792609530858 43.56000762332572 1.2000000000000002
    endloop
  endfacet
  facet normal -0.980785280403235 0.19509032201610532 0
    outer loop
      vertex -176.35792609530858 43.56000762332572 1.2000000000000002
      vertex -176.31454373566453 43.778105473225914 2
      vertex -176.31454373566453 43.778105473225914 1.2000000000000002
    endloop
  endfacet
  facet normal -0.9978589232386048 0.06540312923012194 0
    outer loop
      vertex -176.31454373566453 43.778105473225914 1.2000000000000002
      vertex -176.3 44 2
      vertex -176.3 44 1.2000000000000002
    endloop
  endfacet
  facet normal -0.9978589232386048 -0.06540312923012194 0
    outer loop
      vertex -176.3 44 1.2000000000000002
      vertex -176.31454373566453 44.221894526774086 2
      vertex -176.31454373566453 44.221894526774086 1.2000000000000002
    endloop
  endfacet
  facet normal -0.980785280403235 -0.19509032201610532 0
    outer loop
      vertex -176.31454373566453 44.221894526774086 1.2000000000000002
      vertex -176.35792609530858 44.43999237667428 2
      vertex -176.35792609530858 44.43999237667428 1.2000000000000002
    endloop
  endfacet
  facet normal -0.9469301294951253 -0.3214394653031035 0
    outer loop
      vertex -176.35792609530858 44.43999237667428 1.2000000000000002
      vertex -176.4294047947308 44.65056183502065 2
      vertex -176.4294047947308 44.65056183502065 1.2000000000000002
    endloop
  endfacet
  facet normal -0.8968727415326907 -0.4422886902189963 0
    outer loop
      vertex -176.52775681356644 44.85 1.2000000000000002
      vertex -176.4294047947308 44.65056183502065 1.2000000000000002
      vertex -176.52775681356644 44.85 2
    endloop
  endfacet
  facet normal 0.9978589232386048 0.06540312923012194 0
    outer loop
      vertex -179.7 44 1.2000000000000002
      vertex -179.7 44 2
      vertex -179.68545626433547 43.778105473225914 2
    endloop
  endfacet
  facet normal 0.9978589232386048 -0.06540312923012194 0
    outer loop
      vertex -179.68545626433547 44.221894526774086 1.2000000000000002
      vertex -179.68545626433547 44.221894526774086 2
      vertex -179.7 44 2
    endloop
  endfacet
  facet normal 0.7518398074789363 0.6593458151001158 0
    outer loop
      vertex -179.3487006784951 42.965105570685175 1.2000000000000002
      vertex -179.3487006784951 42.965105570685175 2
      vertex -179.20208152801712 42.79791847198287 2
    endloop
  endfacet
  facet normal 0.5555702330196042 0.8314696123025439 0
    outer loop
      vertex -179.03489442931482 42.6512993215049 1.2000000000000002
      vertex -179.03489442931482 42.6512993215049 2
      vertex -178.85 42.527756813566455 2
    endloop
  endfacet
  facet normal 0.6593458151000775 0.7518398074789698 0
    outer loop
      vertex -179.20208152801712 42.79791847198287 1.2000000000000002
      vertex -179.20208152801712 42.79791847198287 2
      vertex -179.03489442931482 42.6512993215049 2
    endloop
  endfacet
  facet normal 0.8968727415326907 0.4422886902189963 0
    outer loop
      vertex -179.5705952052692 43.34943816497935 1.2000000000000002
      vertex -179.5705952052692 43.34943816497935 2
      vertex -179.47224318643356 43.15 2
    endloop
  endfacet
  facet normal 0.8314696123025291 0.5555702330196263 0
    outer loop
      vertex -179.47224318643356 43.15 1.2000000000000002
      vertex -179.47224318643356 43.15 2
      vertex -179.3487006784951 42.965105570685175 2
    endloop
  endfacet
  facet normal 0.9469301294951253 0.3214394653031035 0
    outer loop
      vertex -179.64207390469142 43.56000762332572 1.2000000000000002
      vertex -179.64207390469142 43.56000762332572 2
      vertex -179.5705952052692 43.34943816497935 2
    endloop
  endfacet
  facet normal 0.980785280403235 0.19509032201610532 0
    outer loop
      vertex -179.68545626433547 43.778105473225914 1.2000000000000002
      vertex -179.68545626433547 43.778105473225914 2
      vertex -179.64207390469142 43.56000762332572 2
    endloop
  endfacet
  facet normal 0.442288690219009 0.8968727415326845 0
    outer loop
      vertex -178.85 42.527756813566455 1.2000000000000002
      vertex -178.85 42.527756813566455 2
      vertex -178.65056183502065 42.429404794730814 2
    endloop
  endfacet
  facet normal 0.3214394653031803 0.9469301294950994 0
    outer loop
      vertex -178.65056183502065 42.429404794730814 1.2000000000000002
      vertex -178.65056183502065 42.429404794730814 2
      vertex -178.4399923766743 42.357926095308585 2
    endloop
  endfacet
  facet normal 0.19509032201612994 0.9807852804032301 0
    outer loop
      vertex -178.4399923766743 42.357926095308585 1.2000000000000002
      vertex -178.4399923766743 42.357926095308585 2
      vertex -178.2218945267741 42.31454373566452 2
    endloop
  endfacet
  facet normal 0.06540312923015168 0.9978589232386029 0
    outer loop
      vertex -178.2218945267741 42.31454373566452 1.2000000000000002
      vertex -178.2218945267741 42.31454373566452 2
      vertex -178 42.3 2
    endloop
  endfacet
  facet normal 0.980785280403235 -0.19509032201610532 0
    outer loop
      vertex -179.64207390469142 44.43999237667428 1.2000000000000002
      vertex -179.64207390469142 44.43999237667428 2
      vertex -179.68545626433547 44.221894526774086 2
    endloop
  endfacet
  facet normal 0.9469301294951253 -0.3214394653031035 0
    outer loop
      vertex -179.5705952052692 44.65056183502065 1.2000000000000002
      vertex -179.5705952052692 44.65056183502065 2
      vertex -179.64207390469142 44.43999237667428 2
    endloop
  endfacet
  facet normal 0.8968727415326907 -0.4422886902189963 0
    outer loop
      vertex -179.47224318643356 44.85 1.2000000000000002
      vertex -179.47224318643356 44.85 2
      vertex -179.5705952052692 44.65056183502065 2
    endloop
  endfacet
  facet normal 0.8314696123025291 -0.5555702330196263 0
    outer loop
      vertex -179.3487006784951 45.034894429314825 1.2000000000000002
      vertex -179.3487006784951 45.034894429314825 2
      vertex -179.47224318643356 44.85 2
    endloop
  endfacet
  facet normal 0.7518398074789363 -0.6593458151001158 0
    outer loop
      vertex -179.20208152801712 45.20208152801713 1.2000000000000002
      vertex -179.20208152801712 45.20208152801713 2
      vertex -179.3487006784951 45.034894429314825 2
    endloop
  endfacet
  facet normal -0.06540312923015168 0.9978589232386029 0
    outer loop
      vertex -178 42.3 1.2000000000000002
      vertex -178 42.3 2
      vertex -177.7781054732259 42.31454373566452 2
    endloop
  endfacet
  facet normal -0.19509032201612994 0.9807852804032301 0
    outer loop
      vertex -177.7781054732259 42.31454373566452 1.2000000000000002
      vertex -177.7781054732259 42.31454373566452 2
      vertex -177.5600076233257 42.357926095308585 2
    endloop
  endfacet
  facet normal -0.3214394653031803 0.9469301294950994 0
    outer loop
      vertex -177.5600076233257 42.357926095308585 1.2000000000000002
      vertex -177.5600076233257 42.357926095308585 2
      vertex -177.34943816497935 42.429404794730814 2
    endloop
  endfacet
  facet normal -0.442288690219009 0.8968727415326845 0
    outer loop
      vertex -177.34943816497935 42.429404794730814 1.2000000000000002
      vertex -177.34943816497935 42.429404794730814 2
      vertex -177.15 42.527756813566455 2
    endloop
  endfacet
  facet normal -0.5555702330196042 0.8314696123025439 0
    outer loop
      vertex -177.15 42.527756813566455 1.2000000000000002
      vertex -177.15 42.527756813566455 2
      vertex -176.96510557068518 42.6512993215049 2
    endloop
  endfacet
  facet normal -0.6593458151000775 0.7518398074789698 0
    outer loop
      vertex -176.96510557068518 42.6512993215049 1.2000000000000002
      vertex -176.96510557068518 42.6512993215049 2
      vertex -176.79791847198288 42.79791847198287 2
    endloop
  endfacet
  facet normal -0.7518398074789363 0.6593458151001158 0
    outer loop
      vertex -176.79791847198288 42.79791847198287 1.2000000000000002
      vertex -176.79791847198288 42.79791847198287 2
      vertex -176.6512993215049 42.965105570685175 2
    endloop
  endfacet
  facet normal -0.8314696123025291 0.5555702330196263 0
    outer loop
      vertex -176.6512993215049 42.965105570685175 1.2000000000000002
      vertex -176.6512993215049 42.965105570685175 2
      vertex -176.52775681356644 43.15 2
    endloop
  endfacet
  facet normal -0.8314696123025291 -0.5555702330196263 0
    outer loop
      vertex -176.52775681356644 44.85 1.2000000000000002
      vertex -176.52775681356644 44.85 2
      vertex -176.6512993215049 45.034894429314825 2
    endloop
  endfacet
  facet normal -0.7518398074789363 -0.6593458151001158 0
    outer loop
      vertex -176.6512993215049 45.034894429314825 1.2000000000000002
      vertex -176.6512993215049 45.034894429314825 2
      vertex -176.79791847198288 45.20208152801713 2
    endloop
  endfacet
  facet normal 0.6593458151000775 -0.7518398074789698 0
    outer loop
      vertex -179.03489442931482 45.3487006784951 1.2000000000000002
      vertex -179.03489442931482 45.3487006784951 2
      vertex -179.20208152801712 45.20208152801713 2
    endloop
  endfacet
  facet normal 0.5555702330196042 -0.8314696123025439 0
    outer loop
      vertex -178.85 45.472243186433545 1.2000000000000002
      vertex -178.85 45.472243186433545 2
      vertex -179.03489442931482 45.3487006784951 2
    endloop
  endfacet
  facet normal 0.442288690219009 -0.8968727415326845 0
    outer loop
      vertex -178.65056183502065 45.570595205269186 1.2000000000000002
      vertex -178.65056183502065 45.570595205269186 2
      vertex -178.85 45.472243186433545 2
    endloop
  endfacet
  facet normal 0.3214394653031803 -0.9469301294950994 0
    outer loop
      vertex -178.4399923766743 45.642073904691415 1.2000000000000002
      vertex -178.4399923766743 45.642073904691415 2
      vertex -178.65056183502065 45.570595205269186 2
    endloop
  endfacet
  facet normal 0.19509032201612994 -0.9807852804032301 0
    outer loop
      vertex -178.2218945267741 45.68545626433548 1.2000000000000002
      vertex -178.2218945267741 45.68545626433548 2
      vertex -178.4399923766743 45.642073904691415 2
    endloop
  endfacet
  facet normal 0.06540312923015168 -0.9978589232386029 0
    outer loop
      vertex -178 45.7 1.2000000000000002
      vertex -178 45.7 2
      vertex -178.2218945267741 45.68545626433548 2
    endloop
  endfacet
  facet normal -0.06540312923015168 -0.9978589232386029 0
    outer loop
      vertex -177.7781054732259 45.68545626433548 1.2000000000000002
      vertex -177.7781054732259 45.68545626433548 2
      vertex -178 45.7 2
    endloop
  endfacet
  facet normal -0.19509032201612994 -0.9807852804032301 0
    outer loop
      vertex -177.5600076233257 45.642073904691415 1.2000000000000002
      vertex -177.5600076233257 45.642073904691415 2
      vertex -177.7781054732259 45.68545626433548 2
    endloop
  endfacet
  facet normal -0.3214394653031803 -0.9469301294950994 0
    outer loop
      vertex -177.34943816497935 45.570595205269186 1.2000000000000002
      vertex -177.34943816497935 45.570595205269186 2
      vertex -177.5600076233257 45.642073904691415 2
    endloop
  endfacet
  facet normal -0.442288690219009 -0.8968727415326845 0
    outer loop
      vertex -177.15 45.472243186433545 1.2000000000000002
      vertex -177.15 45.472243186433545 2
      vertex -177.34943816497935 45.570595205269186 2
    endloop
  endfacet
  facet normal -0.5555702330196042 -0.8314696123025439 0
    outer loop
      vertex -176.96510557068518 45.3487006784951 1.2000000000000002
      vertex -176.96510557068518 45.3487006784951 2
      vertex -177.15 45.472243186433545 2
    endloop
  endfacet
  facet normal -0.6593458151000775 -0.7518398074789698 0
    outer loop
      vertex -176.79791847198288 45.20208152801713 1.2000000000000002
      vertex -176.79791847198288 45.20208152801713 2
      vertex -176.96510557068518 45.3487006784951 2
    endloop
  endfacet
  facet normal -0.8968727415326907 0.4422886902189963 0
    outer loop
      vertex -176.52775681356644 43.15 1.2000000000000002
      vertex -176.52775681356644 43.15 2
      vertex -176.4294047947308 43.34943816497935 2
    endloop
  endfacet
  facet normal -0.9469301294951253 0.3214394653031035 0
    outer loop
      vertex -176.4294047947308 43.34943816497935 1.2000000000000002
      vertex -176.4294047947308 43.34943816497935 2
      vertex -176.35792609530858 43.56000762332572 2
    endloop
  endfacet
  facet normal -0.980785280403235 0.19509032201610532 0
    outer loop
      vertex -176.35792609530858 43.56000762332572 1.2000000000000002
      vertex -176.35792609530858 43.56000762332572 2
      vertex -176.31454373566453 43.778105473225914 2
    endloop
  endfacet
  facet normal -0.9978589232386048 0.06540312923012194 0
    outer loop
      vertex -176.31454373566453 43.778105473225914 1.2000000000000002
      vertex -176.31454373566453 43.778105473225914 2
      vertex -176.3 44 2
    endloop
  endfacet
  facet normal -0.9978589232386048 -0.06540312923012194 0
    outer loop
      vertex -176.3 44 1.2000000000000002
      vertex -176.3 44 2
      vertex -176.31454373566453 44.221894526774086 2
    endloop
  endfacet
  facet normal -0.980785280403235 -0.19509032201610532 0
    outer loop
      vertex -176.31454373566453 44.221894526774086 1.2000000000000002
      vertex -176.31454373566453 44.221894526774086 2
      vertex -176.35792609530858 44.43999237667428 2
    endloop
  endfacet
  facet normal -0.9469301294951253 -0.3214394653031035 0
    outer loop
      vertex -176.35792609530858 44.43999237667428 1.2000000000000002
      vertex -176.35792609530858 44.43999237667428 2
      vertex -176.4294047947308 44.65056183502065 2
    endloop
  endfacet
  facet normal -0.8968727415326907 -0.4422886902189963 0
    outer loop
      vertex -176.4294047947308 44.65056183502065 1.2000000000000002
      vertex -176.4294047947308 44.65056183502065 2
      vertex -176.52775681356644 44.85 2
    endloop
  endfacet
  facet normal 0.9469301294951188 0.321439465303123 0
    outer loop
      vertex -141.5705952052692 -128.65056183502065 0
      vertex -141.64207390469142 -128.4399923766743 0
      vertex -141.64207390469142 -128.4399923766743 2.4000000000000004
    endloop
  endfacet
  facet normal 0.9807852804032361 0.19509032201609922 0
    outer loop
      vertex -141.64207390469142 -128.4399923766743 0
      vertex -141.68545626433547 -128.2218945267741 0
      vertex -141.68545626433547 -128.2218945267741 2.4000000000000004
    endloop
  endfacet
  facet normal 0.8314696123025291 0.5555702330196264 0
    outer loop
      vertex -141.47224318643356 -128.85 0
      vertex -141.47224318643356 -128.85 2.4000000000000004
      vertex -141.3487006784951 -129.03489442931482 0
    endloop
  endfacet
  facet normal 0.7518398074789223 0.6593458151001317 0
    outer loop
      vertex -141.20208152801712 -129.20208152801712 0
      vertex -141.3487006784951 -129.03489442931482 0
      vertex -141.3487006784951 -129.03489442931482 2.4000000000000004
    endloop
  endfacet
  facet normal 0.6593458151001317 0.7518398074789223 0
    outer loop
      vertex -141.03489442931482 -129.3487006784951 0
      vertex -141.20208152801712 -129.20208152801712 0
      vertex -141.20208152801712 -129.20208152801712 2.4000000000000004
    endloop
  endfacet
  facet normal 0.5555702330196264 0.8314696123025291 0
    outer loop
      vertex -141.03489442931482 -129.3487006784951 0
      vertex -141.03489442931482 -129.3487006784951 2.4000000000000004
      vertex -140.85 -129.47224318643356 0
    endloop
  endfacet
  facet normal 0.8968727415326844 0.44228869021900896 0
    outer loop
      vertex -141.47224318643356 -128.85 0
      vertex -141.5705952052692 -128.65056183502065 0
      vertex -141.5705952052692 -128.65056183502065 2.4000000000000004
    endloop
  endfacet
  facet normal 0.321439465303123 0.9469301294951188 0
    outer loop
      vertex -140.65056183502065 -129.5705952052692 0
      vertex -140.65056183502065 -129.5705952052692 2.4000000000000004
      vertex -140.4399923766743 -129.64207390469142 0
    endloop
  endfacet
  facet normal 0.19509032201609922 0.9807852804032361 0
    outer loop
      vertex -140.4399923766743 -129.64207390469142 0
      vertex -140.4399923766743 -129.64207390469142 2.4000000000000004
      vertex -140.2218945267741 -129.68545626433547 0
    endloop
  endfacet
  facet normal 0.06540312923011987 0.997858923238605 0
    outer loop
      vertex -140.2218945267741 -129.68545626433547 0
      vertex -140.2218945267741 -129.68545626433547 2.4000000000000004
      vertex -140 -129.7 0
    endloop
  endfacet
  facet normal -0.06540312923011987 0.997858923238605 0
    outer loop
      vertex -140 -129.7 0
      vertex -140 -129.7 2.4000000000000004
      vertex -139.7781054732259 -129.68545626433547 0
    endloop
  endfacet
  facet normal -0.19509032201609922 0.9807852804032361 0
    outer loop
      vertex -139.7781054732259 -129.68545626433547 0
      vertex -139.7781054732259 -129.68545626433547 2.4000000000000004
      vertex -139.5600076233257 -129.64207390469142 0
    endloop
  endfacet
  facet normal -0.321439465303123 0.9469301294951188 0
    outer loop
      vertex -139.5600076233257 -129.64207390469142 0
      vertex -139.5600076233257 -129.64207390469142 2.4000000000000004
      vertex -139.34943816497935 -129.5705952052692 0
    endloop
  endfacet
  facet normal 0.44228869021900896 0.8968727415326844 0
    outer loop
      vertex -140.65056183502065 -129.5705952052692 0
      vertex -140.85 -129.47224318643356 0
      vertex -140.85 -129.47224318643356 2.4000000000000004
    endloop
  endfacet
  facet normal -0.44228869021900896 0.8968727415326844 0
    outer loop
      vertex -139.34943816497935 -129.5705952052692 0
      vertex -139.34943816497935 -129.5705952052692 2.4000000000000004
      vertex -139.15 -129.47224318643356 0
    endloop
  endfacet
  facet normal 0.997858923238605 0.06540312923011987 0
    outer loop
      vertex -141.68545626433547 -128.2218945267741 0
      vertex -141.7 -128 0
      vertex -141.7 -128 2.4000000000000004
    endloop
  endfacet
  facet normal 0.997858923238605 -0.06540312923011987 0
    outer loop
      vertex -141.7 -128 0
      vertex -141.68545626433547 -127.7781054732259 0
      vertex -141.68545626433547 -127.7781054732259 2.4000000000000004
    endloop
  endfacet
  facet normal 0.9807852804032337 -0.19509032201611143 0
    outer loop
      vertex -141.68545626433547 -127.7781054732259 0
      vertex -141.64207390469142 -127.56000762332572 0
      vertex -141.64207390469142 -127.56000762332572 2.4000000000000004
    endloop
  endfacet
  facet normal 0.9469301294951253 -0.3214394653031035 0
    outer loop
      vertex -141.64207390469142 -127.56000762332572 0
      vertex -141.5705952052692 -127.34943816497935 0
      vertex -141.5705952052692 -127.34943816497935 2.4000000000000004
    endloop
  endfacet
  facet normal 0.8968727415326844 -0.44228869021900896 0
    outer loop
      vertex -141.5705952052692 -127.34943816497935 0
      vertex -141.47224318643356 -127.15 0
      vertex -141.47224318643356 -127.15 2.4000000000000004
    endloop
  endfacet
  facet normal 0.8314696123025291 -0.5555702330196264 0
    outer loop
      vertex -141.47224318643356 -127.15 0
      vertex -141.3487006784951 -126.96510557068518 0
      vertex -141.3487006784951 -126.96510557068518 2.4000000000000004
    endloop
  endfacet
  facet normal 0.7518398074789502 -0.6593458151001 0
    outer loop
      vertex -141.3487006784951 -126.96510557068518 0
      vertex -141.20208152801712 -126.79791847198287 0
      vertex -141.20208152801712 -126.79791847198287 2.4000000000000004
    endloop
  endfacet
  facet normal 0.6593458151000956 -0.7518398074789541 0
    outer loop
      vertex -141.20208152801712 -126.79791847198287 0
      vertex -141.03489442931482 -126.6512993215049 0
      vertex -141.03489442931482 -126.6512993215049 2.4000000000000004
    endloop
  endfacet
  facet normal 0.5555702330195822 -0.8314696123025587 0
    outer loop
      vertex -141.03489442931482 -126.6512993215049 0
      vertex -140.85 -126.52775681356646 0
      vertex -140.85 -126.52775681356646 2.4000000000000004
    endloop
  endfacet
  facet normal 0.44228869021900896 -0.8968727415326844 0
    outer loop
      vertex -140.85 -126.52775681356646 0
      vertex -140.65056183502065 -126.42940479473081 0
      vertex -140.65056183502065 -126.42940479473081 2.4000000000000004
    endloop
  endfacet
  facet normal 0.32143946530318035 -0.9469301294950992 0
    outer loop
      vertex -140.65056183502065 -126.42940479473081 0
      vertex -140.4399923766743 -126.35792609530858 0
      vertex -140.4399923766743 -126.35792609530858 2.4000000000000004
    endloop
  endfacet
  facet normal 0.19509032201609922 -0.9807852804032361 0
    outer loop
      vertex -140.4399923766743 -126.35792609530858 0
      vertex -140.2218945267741 -126.31454373566453 0
      vertex -140.2218945267741 -126.31454373566453 2.4000000000000004
    endloop
  endfacet
  facet normal 0.0654031292301835 -0.9978589232386009 0
    outer loop
      vertex -140.2218945267741 -126.31454373566453 0
      vertex -140 -126.3 0
      vertex -140 -126.3 2.4000000000000004
    endloop
  endfacet
  facet normal -0.0654031292301835 -0.9978589232386009 0
    outer loop
      vertex -140 -126.3 0
      vertex -139.7781054732259 -126.31454373566453 0
      vertex -139.7781054732259 -126.31454373566453 2.4000000000000004
    endloop
  endfacet
  facet normal -0.19509032201609922 -0.9807852804032361 0
    outer loop
      vertex -139.5600076233257 -126.35792609530858 0
      vertex -139.5600076233257 -126.35792609530858 2.4000000000000004
      vertex -139.7781054732259 -126.31454373566453 0
    endloop
  endfacet
  facet normal -0.32143946530318035 -0.9469301294950992 0
    outer loop
      vertex -139.5600076233257 -126.35792609530858 0
      vertex -139.34943816497935 -126.42940479473081 0
      vertex -139.34943816497935 -126.42940479473081 2.4000000000000004
    endloop
  endfacet
  facet normal 0.9469301294951188 0.321439465303123 0
    outer loop
      vertex -141.5705952052692 -128.65056183502065 0
      vertex -141.64207390469142 -128.4399923766743 2.4000000000000004
      vertex -141.5705952052692 -128.65056183502065 2.4000000000000004
    endloop
  endfacet
  facet normal 0.9807852804032361 0.19509032201609922 0
    outer loop
      vertex -141.64207390469142 -128.4399923766743 0
      vertex -141.68545626433547 -128.2218945267741 2.4000000000000004
      vertex -141.64207390469142 -128.4399923766743 2.4000000000000004
    endloop
  endfacet
  facet normal 0.997858923238605 0.06540312923011987 0
    outer loop
      vertex -141.68545626433547 -128.2218945267741 0
      vertex -141.7 -128 2.4000000000000004
      vertex -141.68545626433547 -128.2218945267741 2.4000000000000004
    endloop
  endfacet
  facet normal 0.8314696123025291 0.5555702330196264 0
    outer loop
      vertex -141.3487006784951 -129.03489442931482 0
      vertex -141.47224318643356 -128.85 2.4000000000000004
      vertex -141.3487006784951 -129.03489442931482 2.4000000000000004
    endloop
  endfacet
  facet normal 0.7518398074789223 0.6593458151001317 0
    outer loop
      vertex -141.20208152801712 -129.20208152801712 0
      vertex -141.3487006784951 -129.03489442931482 2.4000000000000004
      vertex -141.20208152801712 -129.20208152801712 2.4000000000000004
    endloop
  endfacet
  facet normal 0.6593458151001317 0.7518398074789223 0
    outer loop
      vertex -141.03489442931482 -129.3487006784951 0
      vertex -141.20208152801712 -129.20208152801712 2.4000000000000004
      vertex -141.03489442931482 -129.3487006784951 2.4000000000000004
    endloop
  endfacet
  facet normal 0.5555702330196264 0.8314696123025291 0
    outer loop
      vertex -140.85 -129.47224318643356 0
      vertex -141.03489442931482 -129.3487006784951 2.4000000000000004
      vertex -140.85 -129.47224318643356 2.4000000000000004
    endloop
  endfacet
  facet normal 0.8968727415326844 0.44228869021900896 0
    outer loop
      vertex -141.47224318643356 -128.85 0
      vertex -141.5705952052692 -128.65056183502065 2.4000000000000004
      vertex -141.47224318643356 -128.85 2.4000000000000004
    endloop
  endfacet
  facet normal 0.321439465303123 0.9469301294951188 0
    outer loop
      vertex -140.4399923766743 -129.64207390469142 0
      vertex -140.65056183502065 -129.5705952052692 2.4000000000000004
      vertex -140.4399923766743 -129.64207390469142 2.4000000000000004
    endloop
  endfacet
  facet normal 0.19509032201609922 0.9807852804032361 0
    outer loop
      vertex -140.2218945267741 -129.68545626433547 0
      vertex -140.4399923766743 -129.64207390469142 2.4000000000000004
      vertex -140.2218945267741 -129.68545626433547 2.4000000000000004
    endloop
  endfacet
  facet normal 0.06540312923011987 0.997858923238605 0
    outer loop
      vertex -140 -129.7 0
      vertex -140.2218945267741 -129.68545626433547 2.4000000000000004
      vertex -140 -129.7 2.4000000000000004
    endloop
  endfacet
  facet normal -0.06540312923011987 0.997858923238605 0
    outer loop
      vertex -139.7781054732259 -129.68545626433547 0
      vertex -140 -129.7 2.4000000000000004
      vertex -139.7781054732259 -129.68545626433547 2.4000000000000004
    endloop
  endfacet
  facet normal -0.19509032201609922 0.9807852804032361 0
    outer loop
      vertex -139.5600076233257 -129.64207390469142 0
      vertex -139.7781054732259 -129.68545626433547 2.4000000000000004
      vertex -139.5600076233257 -129.64207390469142 2.4000000000000004
    endloop
  endfacet
  facet normal -0.321439465303123 0.9469301294951188 0
    outer loop
      vertex -139.34943816497935 -129.5705952052692 0
      vertex -139.5600076233257 -129.64207390469142 2.4000000000000004
      vertex -139.34943816497935 -129.5705952052692 2.4000000000000004
    endloop
  endfacet
  facet normal 0.44228869021900896 0.8968727415326844 0
    outer loop
      vertex -140.65056183502065 -129.5705952052692 0
      vertex -140.85 -129.47224318643356 2.4000000000000004
      vertex -140.65056183502065 -129.5705952052692 2.4000000000000004
    endloop
  endfacet
  facet normal 0.997858923238605 -0.06540312923011987 0
    outer loop
      vertex -141.7 -128 0
      vertex -141.68545626433547 -127.7781054732259 2.4000000000000004
      vertex -141.7 -128 2.4000000000000004
    endloop
  endfacet
  facet normal 0.9807852804032337 -0.19509032201611143 0
    outer loop
      vertex -141.68545626433547 -127.7781054732259 0
      vertex -141.64207390469142 -127.56000762332572 2.4000000000000004
      vertex -141.68545626433547 -127.7781054732259 2.4000000000000004
    endloop
  endfacet
  facet normal 0.9469301294951253 -0.3214394653031035 0
    outer loop
      vertex -141.64207390469142 -127.56000762332572 0
      vertex -141.5705952052692 -127.34943816497935 2.4000000000000004
      vertex -141.64207390469142 -127.56000762332572 2.4000000000000004
    endloop
  endfacet
  facet normal 0.8968727415326844 -0.44228869021900896 0
    outer loop
      vertex -141.5705952052692 -127.34943816497935 0
      vertex -141.47224318643356 -127.15 2.4000000000000004
      vertex -141.5705952052692 -127.34943816497935 2.4000000000000004
    endloop
  endfacet
  facet normal 0.8314696123025291 -0.5555702330196264 0
    outer loop
      vertex -141.47224318643356 -127.15 0
      vertex -141.3487006784951 -126.96510557068518 2.4000000000000004
      vertex -141.47224318643356 -127.15 2.4000000000000004
    endloop
  endfacet
  facet normal 0.7518398074789502 -0.6593458151001 0
    outer loop
      vertex -141.3487006784951 -126.96510557068518 0
      vertex -141.20208152801712 -126.79791847198287 2.4000000000000004
      vertex -141.3487006784951 -126.96510557068518 2.4000000000000004
    endloop
  endfacet
  facet normal 0.6593458151000956 -0.7518398074789541 0
    outer loop
      vertex -141.20208152801712 -126.79791847198287 0
      vertex -141.03489442931482 -126.6512993215049 2.4000000000000004
      vertex -141.20208152801712 -126.79791847198287 2.4000000000000004
    endloop
  endfacet
  facet normal 0.5555702330195822 -0.8314696123025587 0
    outer loop
      vertex -141.03489442931482 -126.6512993215049 0
      vertex -140.85 -126.52775681356646 2.4000000000000004
      vertex -141.03489442931482 -126.6512993215049 2.4000000000000004
    endloop
  endfacet
  facet normal 0.44228869021900896 -0.8968727415326844 0
    outer loop
      vertex -140.85 -126.52775681356646 0
      vertex -140.65056183502065 -126.42940479473081 2.4000000000000004
      vertex -140.85 -126.52775681356646 2.4000000000000004
    endloop
  endfacet
  facet normal 0.32143946530318035 -0.9469301294950992 0
    outer loop
      vertex -140.65056183502065 -126.42940479473081 0
      vertex -140.4399923766743 -126.35792609530858 2.4000000000000004
      vertex -140.65056183502065 -126.42940479473081 2.4000000000000004
    endloop
  endfacet
  facet normal 0.19509032201609922 -0.9807852804032361 0
    outer loop
      vertex -140.4399923766743 -126.35792609530858 0
      vertex -140.2218945267741 -126.31454373566453 2.4000000000000004
      vertex -140.4399923766743 -126.35792609530858 2.4000000000000004
    endloop
  endfacet
  facet normal 0.0654031292301835 -0.9978589232386009 0
    outer loop
      vertex -140.2218945267741 -126.31454373566453 0
      vertex -140 -126.3 2.4000000000000004
      vertex -140.2218945267741 -126.31454373566453 2.4000000000000004
    endloop
  endfacet
  facet normal -0.0654031292301835 -0.9978589232386009 0
    outer loop
      vertex -140 -126.3 0
      vertex -139.7781054732259 -126.31454373566453 2.4000000000000004
      vertex -140 -126.3 2.4000000000000004
    endloop
  endfacet
  facet normal -0.19509032201609922 -0.9807852804032361 0
    outer loop
      vertex -139.7781054732259 -126.31454373566453 0
      vertex -139.5600076233257 -126.35792609530858 2.4000000000000004
      vertex -139.7781054732259 -126.31454373566453 2.4000000000000004
    endloop
  endfacet
  facet normal -0.32143946530318035 -0.9469301294950992 0
    outer loop
      vertex -139.5600076233257 -126.35792609530858 0
      vertex -139.34943816497935 -126.42940479473081 2.4000000000000004
      vertex -139.5600076233257 -126.35792609530858 2.4000000000000004
    endloop
  endfacet
  facet normal -0.44228869021900896 -0.8968727415326844 0
    outer loop
      vertex -139.34943816497935 -126.42940479473081 0
      vertex -139.15 -126.52775681356646 2.4000000000000004
      vertex -139.34943816497935 -126.42940479473081 2.4000000000000004
    endloop
  endfacet
  facet normal -0.5555702330196264 0.8314696123025291 0
    outer loop
      vertex -139.15 -129.47224318643356 0
      vertex -139.15 -129.47224318643356 2.4000000000000004
      vertex -138.96510557068518 -129.3487006784951 0
    endloop
  endfacet
  facet normal -0.6593458151001317 0.7518398074789223 0
    outer loop
      vertex -138.96510557068518 -129.3487006784951 0
      vertex -138.96510557068518 -129.3487006784951 2.4000000000000004
      vertex -138.79791847198288 -129.20208152801712 0
    endloop
  endfacet
  facet normal -0.7518398074789223 0.6593458151001317 0
    outer loop
      vertex -138.79791847198288 -129.20208152801712 0
      vertex -138.79791847198288 -129.20208152801712 2.4000000000000004
      vertex -138.6512993215049 -129.03489442931482 0
    endloop
  endfacet
  facet normal -0.8314696123025291 0.5555702330196264 0
    outer loop
      vertex -138.6512993215049 -129.03489442931482 0
      vertex -138.6512993215049 -129.03489442931482 2.4000000000000004
      vertex -138.52775681356644 -128.85 0
    endloop
  endfacet
  facet normal -0.8968727415326844 0.44228869021900896 0
    outer loop
      vertex -138.52775681356644 -128.85 0
      vertex -138.52775681356644 -128.85 2.4000000000000004
      vertex -138.4294047947308 -128.65056183502065 0
    endloop
  endfacet
  facet normal -0.9469301294951188 0.321439465303123 0
    outer loop
      vertex -138.4294047947308 -128.65056183502065 0
      vertex -138.4294047947308 -128.65056183502065 2.4000000000000004
      vertex -138.35792609530858 -128.4399923766743 0
    endloop
  endfacet
  facet normal -0.9807852804032361 0.19509032201609922 0
    outer loop
      vertex -138.35792609530858 -128.4399923766743 0
      vertex -138.35792609530858 -128.4399923766743 2.4000000000000004
      vertex -138.31454373566453 -128.2218945267741 0
    endloop
  endfacet
  facet normal -0.997858923238605 0.06540312923011987 0
    outer loop
      vertex -138.31454373566453 -128.2218945267741 0
      vertex -138.31454373566453 -128.2218945267741 2.4000000000000004
      vertex -138.3 -128 0
    endloop
  endfacet
  facet normal -0.8314696123025291 -0.5555702330196264 0
    outer loop
      vertex -138.52775681356644 -127.15 0
      vertex -138.52775681356644 -127.15 2.4000000000000004
      vertex -138.6512993215049 -126.96510557068518 0
    endloop
  endfacet
  facet normal -0.7518398074789502 -0.6593458151001 0
    outer loop
      vertex -138.79791847198288 -126.79791847198287 0
      vertex -138.6512993215049 -126.96510557068518 0
      vertex -138.6512993215049 -126.96510557068518 2.4000000000000004
    endloop
  endfacet
  facet normal -0.6593458151000956 -0.7518398074789541 0
    outer loop
      vertex -138.79791847198288 -126.79791847198287 0
      vertex -138.79791847198288 -126.79791847198287 2.4000000000000004
      vertex -138.96510557068518 -126.6512993215049 0
    endloop
  endfacet
  facet normal -0.997858923238605 -0.06540312923011987 0
    outer loop
      vertex -138.3 -128 0
      vertex -138.3 -128 2.4000000000000004
      vertex -138.31454373566453 -127.7781054732259 0
    endloop
  endfacet
  facet normal -0.9807852804032337 -0.19509032201611143 0
    outer loop
      vertex -138.31454373566453 -127.7781054732259 0
      vertex -138.31454373566453 -127.7781054732259 2.4000000000000004
      vertex -138.35792609530858 -127.56000762332572 0
    endloop
  endfacet
  facet normal -0.9469301294951253 -0.3214394653031035 0
    outer loop
      vertex -138.4294047947308 -127.34943816497935 0
      vertex -138.35792609530858 -127.56000762332572 0
      vertex -138.35792609530858 -127.56000762332572 2.4000000000000004
    endloop
  endfacet
  facet normal -0.8968727415326844 -0.44228869021900896 0
    outer loop
      vertex -138.4294047947308 -127.34943816497935 0
      vertex -138.4294047947308 -127.34943816497935 2.4000000000000004
      vertex -138.52775681356644 -127.15 0
    endloop
  endfacet
  facet normal -0.44228869021900896 -0.8968727415326844 0
    outer loop
      vertex -139.34943816497935 -126.42940479473081 0
      vertex -139.15 -126.52775681356646 0
      vertex -139.15 -126.52775681356646 2.4000000000000004
    endloop
  endfacet
  facet normal -0.5555702330195822 -0.8314696123025587 0
    outer loop
      vertex -139.15 -126.52775681356646 0
      vertex -138.96510557068518 -126.6512993215049 0
      vertex -138.96510557068518 -126.6512993215049 2.4000000000000004
    endloop
  endfacet
  facet normal -0.44228869021900896 0.8968727415326844 0
    outer loop
      vertex -139.15 -129.47224318643356 0
      vertex -139.34943816497935 -129.5705952052692 2.4000000000000004
      vertex -139.15 -129.47224318643356 2.4000000000000004
    endloop
  endfacet
  facet normal -0.5555702330196264 0.8314696123025291 0
    outer loop
      vertex -138.96510557068518 -129.3487006784951 0
      vertex -139.15 -129.47224318643356 2.4000000000000004
      vertex -138.96510557068518 -129.3487006784951 2.4000000000000004
    endloop
  endfacet
  facet normal -0.6593458151001317 0.7518398074789223 0
    outer loop
      vertex -138.79791847198288 -129.20208152801712 0
      vertex -138.96510557068518 -129.3487006784951 2.4000000000000004
      vertex -138.79791847198288 -129.20208152801712 2.4000000000000004
    endloop
  endfacet
  facet normal -0.7518398074789223 0.6593458151001317 0
    outer loop
      vertex -138.6512993215049 -129.03489442931482 0
      vertex -138.79791847198288 -129.20208152801712 2.4000000000000004
      vertex -138.6512993215049 -129.03489442931482 2.4000000000000004
    endloop
  endfacet
  facet normal -0.8314696123025291 0.5555702330196264 0
    outer loop
      vertex -138.52775681356644 -128.85 0
      vertex -138.6512993215049 -129.03489442931482 2.4000000000000004
      vertex -138.52775681356644 -128.85 2.4000000000000004
    endloop
  endfacet
  facet normal -0.8968727415326844 0.44228869021900896 0
    outer loop
      vertex -138.4294047947308 -128.65056183502065 0
      vertex -138.52775681356644 -128.85 2.4000000000000004
      vertex -138.4294047947308 -128.65056183502065 2.4000000000000004
    endloop
  endfacet
  facet normal -0.9469301294951188 0.321439465303123 0
    outer loop
      vertex -138.35792609530858 -128.4399923766743 0
      vertex -138.4294047947308 -128.65056183502065 2.4000000000000004
      vertex -138.35792609530858 -128.4399923766743 2.4000000000000004
    endloop
  endfacet
  facet normal -0.9807852804032361 0.19509032201609922 0
    outer loop
      vertex -138.31454373566453 -128.2218945267741 0
      vertex -138.35792609530858 -128.4399923766743 2.4000000000000004
      vertex -138.31454373566453 -128.2218945267741 2.4000000000000004
    endloop
  endfacet
  facet normal -0.6593458151000956 -0.7518398074789541 0
    outer loop
      vertex -138.96510557068518 -126.6512993215049 0
      vertex -138.79791847198288 -126.79791847198287 2.4000000000000004
      vertex -138.96510557068518 -126.6512993215049 2.4000000000000004
    endloop
  endfacet
  facet normal -0.8968727415326844 -0.44228869021900896 0
    outer loop
      vertex -138.52775681356644 -127.15 0
      vertex -138.4294047947308 -127.34943816497935 2.4000000000000004
      vertex -138.52775681356644 -127.15 2.4000000000000004
    endloop
  endfacet
  facet normal -0.8314696123025291 -0.5555702330196264 0
    outer loop
      vertex -138.6512993215049 -126.96510557068518 0
      vertex -138.52775681356644 -127.15 2.4000000000000004
      vertex -138.6512993215049 -126.96510557068518 2.4000000000000004
    endloop
  endfacet
  facet normal -0.7518398074789502 -0.6593458151001 0
    outer loop
      vertex -138.79791847198288 -126.79791847198287 0
      vertex -138.6512993215049 -126.96510557068518 2.4000000000000004
      vertex -138.79791847198288 -126.79791847198287 2.4000000000000004
    endloop
  endfacet
  facet normal -0.997858923238605 0.06540312923011987 0
    outer loop
      vertex -138.3 -128 0
      vertex -138.31454373566453 -128.2218945267741 2.4000000000000004
      vertex -138.3 -128 2.4000000000000004
    endloop
  endfacet
  facet normal -0.997858923238605 -0.06540312923011987 0
    outer loop
      vertex -138.31454373566453 -127.7781054732259 0
      vertex -138.3 -128 2.4000000000000004
      vertex -138.31454373566453 -127.7781054732259 2.4000000000000004
    endloop
  endfacet
  facet normal -0.9807852804032337 -0.19509032201611143 0
    outer loop
      vertex -138.35792609530858 -127.56000762332572 0
      vertex -138.31454373566453 -127.7781054732259 2.4000000000000004
      vertex -138.35792609530858 -127.56000762332572 2.4000000000000004
    endloop
  endfacet
  facet normal -0.9469301294951253 -0.3214394653031035 0
    outer loop
      vertex -138.4294047947308 -127.34943816497935 0
      vertex -138.35792609530858 -127.56000762332572 2.4000000000000004
      vertex -138.4294047947308 -127.34943816497935 2.4000000000000004
    endloop
  endfacet
  facet normal -0.5555702330195822 -0.8314696123025587 0
    outer loop
      vertex -139.15 -126.52775681356646 0
      vertex -138.96510557068518 -126.6512993215049 2.4000000000000004
      vertex -139.15 -126.52775681356646 2.4000000000000004
    endloop
  endfacet
  facet normal 0.9807852804032361 0.19509032201609922 0
    outer loop
      vertex -71.64207390469142 -128.4399923766743 0
      vertex -71.68545626433547 -128.2218945267741 0
      vertex -71.68545626433547 -128.2218945267741 2.4000000000000004
    endloop
  endfacet
  facet normal 0.8314696123025587 0.5555702330195822 0
    outer loop
      vertex -71.3487006784951 -129.03489442931482 0
      vertex -71.47224318643354 -128.85 0
      vertex -71.47224318643354 -128.85 2.4000000000000004
    endloop
  endfacet
  facet normal 0.7518398074789541 0.6593458151000956 0
    outer loop
      vertex -71.3487006784951 -129.03489442931482 0
      vertex -71.3487006784951 -129.03489442931482 2.4000000000000004
      vertex -71.20208152801713 -129.20208152801712 0
    endloop
  endfacet
  facet normal 0.6593458151001 0.7518398074789502 0
    outer loop
      vertex -71.03489442931482 -129.3487006784951 0
      vertex -71.20208152801713 -129.20208152801712 0
      vertex -71.20208152801713 -129.20208152801712 2.4000000000000004
    endloop
  endfacet
  facet normal 0.5555702330196264 0.8314696123025291 0
    outer loop
      vertex -71.03489442931482 -129.3487006784951 0
      vertex -71.03489442931482 -129.3487006784951 2.4000000000000004
      vertex -70.85 -129.47224318643356 0
    endloop
  endfacet
  facet normal 0.8968727415326844 0.44228869021900896 0
    outer loop
      vertex -71.47224318643354 -128.85 0
      vertex -71.57059520526919 -128.65056183502065 0
      vertex -71.57059520526919 -128.65056183502065 2.4000000000000004
    endloop
  endfacet
  facet normal 0.9469301294950992 0.32143946530318035 0
    outer loop
      vertex -71.64207390469142 -128.4399923766743 0
      vertex -71.64207390469142 -128.4399923766743 2.4000000000000004
      vertex -71.57059520526919 -128.65056183502065 0
    endloop
  endfacet
  facet normal 0.9978589232386009 0.0654031292301835 0
    outer loop
      vertex -71.68545626433547 -128.2218945267741 0
      vertex -71.7 -128 0
      vertex -71.7 -128 2.4000000000000004
    endloop
  endfacet
  facet normal 0.9978589232386009 -0.0654031292301835 0
    outer loop
      vertex -71.7 -128 0
      vertex -71.68545626433547 -127.7781054732259 0
      vertex -71.68545626433547 -127.7781054732259 2.4000000000000004
    endloop
  endfacet
  facet normal 0.9807852804032337 -0.19509032201611143 0
    outer loop
      vertex -71.68545626433547 -127.7781054732259 0
      vertex -71.64207390469142 -127.56000762332572 0
      vertex -71.64207390469142 -127.56000762332572 2.4000000000000004
    endloop
  endfacet
  facet normal 0.9469301294951058 -0.3214394653031608 0
    outer loop
      vertex -71.64207390469142 -127.56000762332572 0
      vertex -71.57059520526919 -127.34943816497935 0
      vertex -71.57059520526919 -127.34943816497935 2.4000000000000004
    endloop
  endfacet
  facet normal 0.8968727415326844 -0.44228869021900896 0
    outer loop
      vertex -71.57059520526919 -127.34943816497935 0
      vertex -71.47224318643354 -127.15 0
      vertex -71.47224318643354 -127.15 2.4000000000000004
    endloop
  endfacet
  facet normal 0.8314696123025587 -0.5555702330195822 0
    outer loop
      vertex -71.47224318643354 -127.15 0
      vertex -71.3487006784951 -126.96510557068518 0
      vertex -71.3487006784951 -126.96510557068518 2.4000000000000004
    endloop
  endfacet
  facet normal 0.7518398074789819 -0.6593458151000638 0
    outer loop
      vertex -71.3487006784951 -126.96510557068518 0
      vertex -71.20208152801713 -126.79791847198287 0
      vertex -71.20208152801713 -126.79791847198287 2.4000000000000004
    endloop
  endfacet
  facet normal 0.6593458151000638 -0.7518398074789819 0
    outer loop
      vertex -71.20208152801713 -126.79791847198287 0
      vertex -71.03489442931482 -126.6512993215049 0
      vertex -71.03489442931482 -126.6512993215049 2.4000000000000004
    endloop
  endfacet
  facet normal 0.5555702330195822 -0.8314696123025587 0
    outer loop
      vertex -71.03489442931482 -126.6512993215049 0
      vertex -70.85 -126.52775681356646 0
      vertex -70.85 -126.52775681356646 2.4000000000000004
    endloop
  endfacet
  facet normal 0.3214394653031035 0.9469301294951253 0
    outer loop
      vertex -70.65056183502065 -129.5705952052692 0
      vertex -70.65056183502065 -129.5705952052692 2.4000000000000004
      vertex -70.43999237667428 -129.64207390469142 0
    endloop
  endfacet
  facet normal 0.19509032201611143 0.9807852804032337 0
    outer loop
      vertex -70.2218945267741 -129.68545626433547 0
      vertex -70.43999237667428 -129.64207390469142 0
      vertex -70.43999237667428 -129.64207390469142 2.4000000000000004
    endloop
  endfacet
  facet normal 0.06540312923011987 0.997858923238605 0
    outer loop
      vertex -70.2218945267741 -129.68545626433547 0
      vertex -70.2218945267741 -129.68545626433547 2.4000000000000004
      vertex -70 -129.7 0
    endloop
  endfacet
  facet normal -0.06540312923011987 0.997858923238605 0
    outer loop
      vertex -70 -129.7 0
      vertex -70 -129.7 2.4000000000000004
      vertex -69.7781054732259 -129.68545626433547 0
    endloop
  endfacet
  facet normal -0.19509032201611143 0.9807852804032337 0
    outer loop
      vertex -69.7781054732259 -129.68545626433547 0
      vertex -69.7781054732259 -129.68545626433547 2.4000000000000004
      vertex -69.56000762332572 -129.64207390469142 0
    endloop
  endfacet
  facet normal -0.3214394653031035 0.9469301294951253 0
    outer loop
      vertex -69.56000762332572 -129.64207390469142 0
      vertex -69.56000762332572 -129.64207390469142 2.4000000000000004
      vertex -69.34943816497935 -129.5705952052692 0
    endloop
  endfacet
  facet normal 0.44228869021900896 0.8968727415326844 0
    outer loop
      vertex -70.65056183502065 -129.5705952052692 0
      vertex -70.85 -129.47224318643356 0
      vertex -70.85 -129.47224318643356 2.4000000000000004
    endloop
  endfacet
  facet normal -0.44228869021900896 0.8968727415326844 0
    outer loop
      vertex -69.34943816497935 -129.5705952052692 0
      vertex -69.34943816497935 -129.5705952052692 2.4000000000000004
      vertex -69.15 -129.47224318643356 0
    endloop
  endfacet
  facet normal -0.5555702330196264 0.8314696123025291 0
    outer loop
      vertex -69.15 -129.47224318643356 0
      vertex -69.15 -129.47224318643356 2.4000000000000004
      vertex -68.96510557068518 -129.3487006784951 0
    endloop
  endfacet
  facet normal -0.6593458151001 0.7518398074789502 0
    outer loop
      vertex -68.96510557068518 -129.3487006784951 0
      vertex -68.96510557068518 -129.3487006784951 2.4000000000000004
      vertex -68.79791847198287 -129.20208152801712 0
    endloop
  endfacet
  facet normal -0.7518398074789541 0.6593458151000956 0
    outer loop
      vertex -68.79791847198287 -129.20208152801712 0
      vertex -68.79791847198287 -129.20208152801712 2.4000000000000004
      vertex -68.6512993215049 -129.03489442931482 0
    endloop
  endfacet
  facet normal -0.8314696123025587 0.5555702330195822 0
    outer loop
      vertex -68.6512993215049 -129.03489442931482 0
      vertex -68.6512993215049 -129.03489442931482 2.4000000000000004
      vertex -68.52775681356646 -128.85 0
    endloop
  endfacet
  facet normal -0.8968727415326844 0.44228869021900896 0
    outer loop
      vertex -68.52775681356646 -128.85 0
      vertex -68.52775681356646 -128.85 2.4000000000000004
      vertex -68.42940479473081 -128.65056183502065 0
    endloop
  endfacet
  facet normal -0.9469301294950992 0.32143946530318035 0
    outer loop
      vertex -68.42940479473081 -128.65056183502065 0
      vertex -68.42940479473081 -128.65056183502065 2.4000000000000004
      vertex -68.35792609530858 -128.4399923766743 0
    endloop
  endfacet
  facet normal -0.9807852804032361 0.19509032201609922 0
    outer loop
      vertex -68.35792609530858 -128.4399923766743 0
      vertex -68.35792609530858 -128.4399923766743 2.4000000000000004
      vertex -68.31454373566453 -128.2218945267741 0
    endloop
  endfacet
  facet normal -0.9978589232386009 0.0654031292301835 0
    outer loop
      vertex -68.31454373566453 -128.2218945267741 0
      vertex -68.31454373566453 -128.2218945267741 2.4000000000000004
      vertex -68.3 -128 0
    endloop
  endfacet
  facet normal 0.44228869021900896 -0.8968727415326844 0
    outer loop
      vertex -70.85 -126.52775681356646 0
      vertex -70.65056183502065 -126.42940479473081 0
      vertex -70.65056183502065 -126.42940479473081 2.4000000000000004
    endloop
  endfacet
  facet normal 0.3214394653031608 -0.9469301294951058 0
    outer loop
      vertex -70.65056183502065 -126.42940479473081 0
      vertex -70.43999237667428 -126.35792609530858 0
      vertex -70.43999237667428 -126.35792609530858 2.4000000000000004
    endloop
  endfacet
  facet normal 0.19509032201611143 -0.9807852804032337 0
    outer loop
      vertex -70.43999237667428 -126.35792609530858 0
      vertex -70.2218945267741 -126.31454373566453 0
      vertex -70.2218945267741 -126.31454373566453 2.4000000000000004
    endloop
  endfacet
  facet normal 0.0654031292301835 -0.9978589232386009 0
    outer loop
      vertex -70.2218945267741 -126.31454373566453 0
      vertex -70 -126.3 0
      vertex -70 -126.3 2.4000000000000004
    endloop
  endfacet
  facet normal -0.0654031292301835 -0.9978589232386009 0
    outer loop
      vertex -70 -126.3 0
      vertex -69.7781054732259 -126.31454373566453 0
      vertex -69.7781054732259 -126.31454373566453 2.4000000000000004
    endloop
  endfacet
  facet normal -0.19509032201611143 -0.9807852804032337 0
    outer loop
      vertex -69.7781054732259 -126.31454373566453 0
      vertex -69.56000762332572 -126.35792609530858 0
      vertex -69.56000762332572 -126.35792609530858 2.4000000000000004
    endloop
  endfacet
  facet normal -0.3214394653031608 -0.9469301294951058 0
    outer loop
      vertex -69.56000762332572 -126.35792609530858 0
      vertex -69.34943816497935 -126.42940479473081 0
      vertex -69.34943816497935 -126.42940479473081 2.4000000000000004
    endloop
  endfacet
  facet normal -0.8314696123025587 -0.5555702330195822 0
    outer loop
      vertex -68.52775681356646 -127.15 0
      vertex -68.52775681356646 -127.15 2.4000000000000004
      vertex -68.6512993215049 -126.96510557068518 0
    endloop
  endfacet
  facet normal -0.6593458151000638 -0.7518398074789819 0
    outer loop
      vertex -68.79791847198287 -126.79791847198287 0
      vertex -68.79791847198287 -126.79791847198287 2.4000000000000004
      vertex -68.96510557068518 -126.6512993215049 0
    endloop
  endfacet
  facet normal -0.7518398074789819 -0.6593458151000638 0
    outer loop
      vertex -68.79791847198287 -126.79791847198287 0
      vertex -68.6512993215049 -126.96510557068518 0
      vertex -68.6512993215049 -126.96510557068518 2.4000000000000004
    endloop
  endfacet
  facet normal -0.9978589232386009 -0.0654031292301835 0
    outer loop
      vertex -68.3 -128 0
      vertex -68.3 -128 2.4000000000000004
      vertex -68.31454373566453 -127.7781054732259 0
    endloop
  endfacet
  facet normal -0.9807852804032337 -0.19509032201611143 0
    outer loop
      vertex -68.31454373566453 -127.7781054732259 0
      vertex -68.31454373566453 -127.7781054732259 2.4000000000000004
      vertex -68.35792609530858 -127.56000762332572 0
    endloop
  endfacet
  facet normal -0.9469301294951058 -0.3214394653031608 0
    outer loop
      vertex -68.35792609530858 -127.56000762332572 0
      vertex -68.35792609530858 -127.56000762332572 2.4000000000000004
      vertex -68.42940479473081 -127.34943816497935 0
    endloop
  endfacet
  facet normal -0.8968727415326844 -0.44228869021900896 0
    outer loop
      vertex -68.42940479473081 -127.34943816497935 0
      vertex -68.42940479473081 -127.34943816497935 2.4000000000000004
      vertex -68.52775681356646 -127.15 0
    endloop
  endfacet
  facet normal -0.44228869021900896 -0.8968727415326844 0
    outer loop
      vertex -69.34943816497935 -126.42940479473081 0
      vertex -69.15 -126.52775681356646 0
      vertex -69.15 -126.52775681356646 2.4000000000000004
    endloop
  endfacet
  facet normal -0.5555702330195822 -0.8314696123025587 0
    outer loop
      vertex -69.15 -126.52775681356646 0
      vertex -68.96510557068518 -126.6512993215049 0
      vertex -68.96510557068518 -126.6512993215049 2.4000000000000004
    endloop
  endfacet
  facet normal 0.9807852804032361 0.19509032201609922 0
    outer loop
      vertex -71.64207390469142 -128.4399923766743 0
      vertex -71.68545626433547 -128.2218945267741 2.4000000000000004
      vertex -71.64207390469142 -128.4399923766743 2.4000000000000004
    endloop
  endfacet
  facet normal 0.9978589232386009 0.0654031292301835 0
    outer loop
      vertex -71.68545626433547 -128.2218945267741 0
      vertex -71.7 -128 2.4000000000000004
      vertex -71.68545626433547 -128.2218945267741 2.4000000000000004
    endloop
  endfacet
  facet normal 0.7518398074789541 0.6593458151000956 0
    outer loop
      vertex -71.20208152801713 -129.20208152801712 0
      vertex -71.3487006784951 -129.03489442931482 2.4000000000000004
      vertex -71.20208152801713 -129.20208152801712 2.4000000000000004
    endloop
  endfacet
  facet normal 0.8314696123025587 0.5555702330195822 0
    outer loop
      vertex -71.3487006784951 -129.03489442931482 0
      vertex -71.47224318643354 -128.85 2.4000000000000004
      vertex -71.3487006784951 -129.03489442931482 2.4000000000000004
    endloop
  endfacet
  facet normal 0.6593458151001 0.7518398074789502 0
    outer loop
      vertex -71.03489442931482 -129.3487006784951 0
      vertex -71.20208152801713 -129.20208152801712 2.4000000000000004
      vertex -71.03489442931482 -129.3487006784951 2.4000000000000004
    endloop
  endfacet
  facet normal 0.5555702330196264 0.8314696123025291 0
    outer loop
      vertex -70.85 -129.47224318643356 0
      vertex -71.03489442931482 -129.3487006784951 2.4000000000000004
      vertex -70.85 -129.47224318643356 2.4000000000000004
    endloop
  endfacet
  facet normal 0.8968727415326844 0.44228869021900896 0
    outer loop
      vertex -71.47224318643354 -128.85 0
      vertex -71.57059520526919 -128.65056183502065 2.4000000000000004
      vertex -71.47224318643354 -128.85 2.4000000000000004
    endloop
  endfacet
  facet normal 0.9469301294950992 0.32143946530318035 0
    outer loop
      vertex -71.57059520526919 -128.65056183502065 0
      vertex -71.64207390469142 -128.4399923766743 2.4000000000000004
      vertex -71.57059520526919 -128.65056183502065 2.4000000000000004
    endloop
  endfacet
  facet normal 0.9978589232386009 -0.0654031292301835 0
    outer loop
      vertex -71.7 -128 0
      vertex -71.68545626433547 -127.7781054732259 2.4000000000000004
      vertex -71.7 -128 2.4000000000000004
    endloop
  endfacet
  facet normal 0.9807852804032337 -0.19509032201611143 0
    outer loop
      vertex -71.68545626433547 -127.7781054732259 0
      vertex -71.64207390469142 -127.56000762332572 2.4000000000000004
      vertex -71.68545626433547 -127.7781054732259 2.4000000000000004
    endloop
  endfacet
  facet normal 0.9469301294951058 -0.3214394653031608 0
    outer loop
      vertex -71.64207390469142 -127.56000762332572 0
      vertex -71.57059520526919 -127.34943816497935 2.4000000000000004
      vertex -71.64207390469142 -127.56000762332572 2.4000000000000004
    endloop
  endfacet
  facet normal 0.8968727415326844 -0.44228869021900896 0
    outer loop
      vertex -71.57059520526919 -127.34943816497935 0
      vertex -71.47224318643354 -127.15 2.4000000000000004
      vertex -71.57059520526919 -127.34943816497935 2.4000000000000004
    endloop
  endfacet
  facet normal 0.8314696123025587 -0.5555702330195822 0
    outer loop
      vertex -71.47224318643354 -127.15 0
      vertex -71.3487006784951 -126.96510557068518 2.4000000000000004
      vertex -71.47224318643354 -127.15 2.4000000000000004
    endloop
  endfacet
  facet normal 0.7518398074789819 -0.6593458151000638 0
    outer loop
      vertex -71.3487006784951 -126.96510557068518 0
      vertex -71.20208152801713 -126.79791847198287 2.4000000000000004
      vertex -71.3487006784951 -126.96510557068518 2.4000000000000004
    endloop
  endfacet
  facet normal 0.6593458151000638 -0.7518398074789819 0
    outer loop
      vertex -71.20208152801713 -126.79791847198287 0
      vertex -71.03489442931482 -126.6512993215049 2.4000000000000004
      vertex -71.20208152801713 -126.79791847198287 2.4000000000000004
    endloop
  endfacet
  facet normal 0.5555702330195822 -0.8314696123025587 0
    outer loop
      vertex -71.03489442931482 -126.6512993215049 0
      vertex -70.85 -126.52775681356646 2.4000000000000004
      vertex -71.03489442931482 -126.6512993215049 2.4000000000000004
    endloop
  endfacet
  facet normal 0.3214394653031035 0.9469301294951253 0
    outer loop
      vertex -70.43999237667428 -129.64207390469142 0
      vertex -70.65056183502065 -129.5705952052692 2.4000000000000004
      vertex -70.43999237667428 -129.64207390469142 2.4000000000000004
    endloop
  endfacet
  facet normal 0.19509032201611143 0.9807852804032337 0
    outer loop
      vertex -70.2218945267741 -129.68545626433547 0
      vertex -70.43999237667428 -129.64207390469142 2.4000000000000004
      vertex -70.2218945267741 -129.68545626433547 2.4000000000000004
    endloop
  endfacet
  facet normal 0.06540312923011987 0.997858923238605 0
    outer loop
      vertex -70 -129.7 0
      vertex -70.2218945267741 -129.68545626433547 2.4000000000000004
      vertex -70 -129.7 2.4000000000000004
    endloop
  endfacet
  facet normal -0.06540312923011987 0.997858923238605 0
    outer loop
      vertex -69.7781054732259 -129.68545626433547 0
      vertex -70 -129.7 2.4000000000000004
      vertex -69.7781054732259 -129.68545626433547 2.4000000000000004
    endloop
  endfacet
  facet normal -0.19509032201611143 0.9807852804032337 0
    outer loop
      vertex -69.56000762332572 -129.64207390469142 0
      vertex -69.7781054732259 -129.68545626433547 2.4000000000000004
      vertex -69.56000762332572 -129.64207390469142 2.4000000000000004
    endloop
  endfacet
  facet normal -0.3214394653031035 0.9469301294951253 0
    outer loop
      vertex -69.34943816497935 -129.5705952052692 0
      vertex -69.56000762332572 -129.64207390469142 2.4000000000000004
      vertex -69.34943816497935 -129.5705952052692 2.4000000000000004
    endloop
  endfacet
  facet normal 0.44228869021900896 0.8968727415326844 0
    outer loop
      vertex -70.65056183502065 -129.5705952052692 0
      vertex -70.85 -129.47224318643356 2.4000000000000004
      vertex -70.65056183502065 -129.5705952052692 2.4000000000000004
    endloop
  endfacet
  facet normal -0.44228869021900896 0.8968727415326844 0
    outer loop
      vertex -69.15 -129.47224318643356 0
      vertex -69.34943816497935 -129.5705952052692 2.4000000000000004
      vertex -69.15 -129.47224318643356 2.4000000000000004
    endloop
  endfacet
  facet normal -0.5555702330196264 0.8314696123025291 0
    outer loop
      vertex -68.96510557068518 -129.3487006784951 0
      vertex -69.15 -129.47224318643356 2.4000000000000004
      vertex -68.96510557068518 -129.3487006784951 2.4000000000000004
    endloop
  endfacet
  facet normal -0.6593458151001 0.7518398074789502 0
    outer loop
      vertex -68.79791847198287 -129.20208152801712 0
      vertex -68.96510557068518 -129.3487006784951 2.4000000000000004
      vertex -68.79791847198287 -129.20208152801712 2.4000000000000004
    endloop
  endfacet
  facet normal -0.7518398074789541 0.6593458151000956 0
    outer loop
      vertex -68.6512993215049 -129.03489442931482 0
      vertex -68.79791847198287 -129.20208152801712 2.4000000000000004
      vertex -68.6512993215049 -129.03489442931482 2.4000000000000004
    endloop
  endfacet
  facet normal -0.8314696123025587 0.5555702330195822 0
    outer loop
      vertex -68.52775681356646 -128.85 0
      vertex -68.6512993215049 -129.03489442931482 2.4000000000000004
      vertex -68.52775681356646 -128.85 2.4000000000000004
    endloop
  endfacet
  facet normal -0.8968727415326844 0.44228869021900896 0
    outer loop
      vertex -68.42940479473081 -128.65056183502065 0
      vertex -68.52775681356646 -128.85 2.4000000000000004
      vertex -68.42940479473081 -128.65056183502065 2.4000000000000004
    endloop
  endfacet
  facet normal -0.9469301294950992 0.32143946530318035 0
    outer loop
      vertex -68.35792609530858 -128.4399923766743 0
      vertex -68.42940479473081 -128.65056183502065 2.4000000000000004
      vertex -68.35792609530858 -128.4399923766743 2.4000000000000004
    endloop
  endfacet
  facet normal -0.9807852804032361 0.19509032201609922 0
    outer loop
      vertex -68.31454373566453 -128.2218945267741 0
      vertex -68.35792609530858 -128.4399923766743 2.4000000000000004
      vertex -68.31454373566453 -128.2218945267741 2.4000000000000004
    endloop
  endfacet
  facet normal 0.44228869021900896 -0.8968727415326844 0
    outer loop
      vertex -70.85 -126.52775681356646 0
      vertex -70.65056183502065 -126.42940479473081 2.4000000000000004
      vertex -70.85 -126.52775681356646 2.4000000000000004
    endloop
  endfacet
  facet normal 0.3214394653031608 -0.9469301294951058 0
    outer loop
      vertex -70.65056183502065 -126.42940479473081 0
      vertex -70.43999237667428 -126.35792609530858 2.4000000000000004
      vertex -70.65056183502065 -126.42940479473081 2.4000000000000004
    endloop
  endfacet
  facet normal 0.19509032201611143 -0.9807852804032337 0
    outer loop
      vertex -70.43999237667428 -126.35792609530858 0
      vertex -70.2218945267741 -126.31454373566453 2.4000000000000004
      vertex -70.43999237667428 -126.35792609530858 2.4000000000000004
    endloop
  endfacet
  facet normal 0.0654031292301835 -0.9978589232386009 0
    outer loop
      vertex -70.2218945267741 -126.31454373566453 0
      vertex -70 -126.3 2.4000000000000004
      vertex -70.2218945267741 -126.31454373566453 2.4000000000000004
    endloop
  endfacet
  facet normal -0.0654031292301835 -0.9978589232386009 0
    outer loop
      vertex -70 -126.3 0
      vertex -69.7781054732259 -126.31454373566453 2.4000000000000004
      vertex -70 -126.3 2.4000000000000004
    endloop
  endfacet
  facet normal -0.19509032201611143 -0.9807852804032337 0
    outer loop
      vertex -69.7781054732259 -126.31454373566453 0
      vertex -69.56000762332572 -126.35792609530858 2.4000000000000004
      vertex -69.7781054732259 -126.31454373566453 2.4000000000000004
    endloop
  endfacet
  facet normal -0.3214394653031608 -0.9469301294951058 0
    outer loop
      vertex -69.56000762332572 -126.35792609530858 0
      vertex -69.34943816497935 -126.42940479473081 2.4000000000000004
      vertex -69.56000762332572 -126.35792609530858 2.4000000000000004
    endloop
  endfacet
  facet normal -0.6593458151000638 -0.7518398074789819 0
    outer loop
      vertex -68.96510557068518 -126.6512993215049 0
      vertex -68.79791847198287 -126.79791847198287 2.4000000000000004
      vertex -68.96510557068518 -126.6512993215049 2.4000000000000004
    endloop
  endfacet
  facet normal -0.8314696123025587 -0.5555702330195822 0
    outer loop
      vertex -68.6512993215049 -126.96510557068518 0
      vertex -68.52775681356646 -127.15 2.4000000000000004
      vertex -68.6512993215049 -126.96510557068518 2.4000000000000004
    endloop
  endfacet
  facet normal -0.7518398074789819 -0.6593458151000638 0
    outer loop
      vertex -68.79791847198287 -126.79791847198287 0
      vertex -68.6512993215049 -126.96510557068518 2.4000000000000004
      vertex -68.79791847198287 -126.79791847198287 2.4000000000000004
    endloop
  endfacet
  facet normal -0.9978589232386009 0.0654031292301835 0
    outer loop
      vertex -68.3 -128 0
      vertex -68.31454373566453 -128.2218945267741 2.4000000000000004
      vertex -68.3 -128 2.4000000000000004
    endloop
  endfacet
  facet normal -0.9978589232386009 -0.0654031292301835 0
    outer loop
      vertex -68.31454373566453 -127.7781054732259 0
      vertex -68.3 -128 2.4000000000000004
      vertex -68.31454373566453 -127.7781054732259 2.4000000000000004
    endloop
  endfacet
  facet normal -0.9807852804032337 -0.19509032201611143 0
    outer loop
      vertex -68.35792609530858 -127.56000762332572 0
      vertex -68.31454373566453 -127.7781054732259 2.4000000000000004
      vertex -68.35792609530858 -127.56000762332572 2.4000000000000004
    endloop
  endfacet
  facet normal -0.9469301294951058 -0.3214394653031608 0
    outer loop
      vertex -68.42940479473081 -127.34943816497935 0
      vertex -68.35792609530858 -127.56000762332572 2.4000000000000004
      vertex -68.42940479473081 -127.34943816497935 2.4000000000000004
    endloop
  endfacet
  facet normal -0.8968727415326844 -0.44228869021900896 0
    outer loop
      vertex -68.52775681356646 -127.15 0
      vertex -68.42940479473081 -127.34943816497935 2.4000000000000004
      vertex -68.52775681356646 -127.15 2.4000000000000004
    endloop
  endfacet
  facet normal -0.44228869021900896 -0.8968727415326844 0
    outer loop
      vertex -69.34943816497935 -126.42940479473081 0
      vertex -69.15 -126.52775681356646 2.4000000000000004
      vertex -69.34943816497935 -126.42940479473081 2.4000000000000004
    endloop
  endfacet
  facet normal -0.5555702330195822 -0.8314696123025587 0
    outer loop
      vertex -69.15 -126.52775681356646 0
      vertex -68.96510557068518 -126.6512993215049 2.4000000000000004
      vertex -69.15 -126.52775681356646 2.4000000000000004
    endloop
  endfacet
  facet normal 0.9978589232386036 0.06540312923014174 0
    outer loop
      vertex -1.6854562643354776 -128.2218945267741 0
      vertex -1.7 -128 0
      vertex -1.6854562643354776 -128.2218945267741 2
    endloop
  endfacet
  facet normal 0.831469612302543 0.5555702330196056 0
    outer loop
      vertex -1.3487006784950997 -129.03489442931482 0
      vertex -1.4722431864335457 -128.85 0
      vertex -1.3487006784950997 -129.03489442931482 2
    endloop
  endfacet
  facet normal 0.6593458151001182 0.7518398074789341 0
    outer loop
      vertex -1.034894429314825 -129.3487006784951 0
      vertex -1.2020815280171309 -129.20208152801712 0
      vertex -1.034894429314825 -129.3487006784951 2
    endloop
  endfacet
  facet normal 0.5555702330196234 0.8314696123025311 0
    outer loop
      vertex -1.034894429314825 -129.3487006784951 0
      vertex -0.85 -129.47224318643356 2
      vertex -0.85 -129.47224318643356 0
    endloop
  endfacet
  facet normal 0.7518398074789664 0.6593458151000814 0
    outer loop
      vertex -1.2020815280171309 -129.20208152801712 0
      vertex -1.3487006784950997 -129.03489442931482 0
      vertex -1.2020815280171309 -129.20208152801712 2
    endloop
  endfacet
  facet normal 0.8968727415326828 0.44228869021901224 0
    outer loop
      vertex -1.5705952052691874 -128.65056183502065 0
      vertex -1.4722431864335457 -128.85 2
      vertex -1.4722431864335457 -128.85 0
    endloop
  endfacet
  facet normal 0.9469301294951001 0.3214394653031776 0
    outer loop
      vertex -1.5705952052691874 -128.65056183502065 0
      vertex -1.6420739046914161 -128.4399923766743 0
      vertex -1.5705952052691874 -128.65056183502065 2
    endloop
  endfacet
  facet normal 0.9807852804032315 0.19509032201612225 0
    outer loop
      vertex -1.6420739046914161 -128.4399923766743 0
      vertex -1.6854562643354776 -128.2218945267741 0
      vertex -1.6420739046914161 -128.4399923766743 2
    endloop
  endfacet
  facet normal 0.32143946530310746 0.946930129495124 0
    outer loop
      vertex -0.6505618350206526 -129.5705952052692 0
      vertex -0.43999237667428526 -129.64207390469142 2
      vertex -0.43999237667428526 -129.64207390469142 0
    endloop
  endfacet
  facet normal 0.19509032201610452 0.9807852804032352 0
    outer loop
      vertex -0.43999237667428526 -129.64207390469142 0
      vertex -0.22189452677408766 -129.68545626433547 2
      vertex -0.22189452677408766 -129.68545626433547 0
    endloop
  endfacet
  facet normal 0.06540312923012158 0.9978589232386049 0
    outer loop
      vertex -0.22189452677408766 -129.68545626433547 0
      vertex 0 -129.7 2
      vertex 0 -129.7 0
    endloop
  endfacet
  facet normal -0.06540312923012158 0.9978589232386049 0
    outer loop
      vertex 0 -129.7 0
      vertex 0.22189452677408766 -129.68545626433547 2
      vertex 0.22189452677408766 -129.68545626433547 0
    endloop
  endfacet
  facet normal -0.19509032201610452 0.9807852804032352 0
    outer loop
      vertex 0.22189452677408766 -129.68545626433547 0
      vertex 0.43999237667428526 -129.64207390469142 2
      vertex 0.43999237667428526 -129.64207390469142 0
    endloop
  endfacet
  facet normal -0.32143946530310746 0.946930129495124 0
    outer loop
      vertex 0.43999237667428526 -129.64207390469142 0
      vertex 0.6505618350206526 -129.5705952052692 2
      vertex 0.6505618350206526 -129.5705952052692 0
    endloop
  endfacet
  facet normal 0.44228869021899775 0.89687274153269 0
    outer loop
      vertex -0.85 -129.47224318643356 0
      vertex -0.6505618350206526 -129.5705952052692 2
      vertex -0.6505618350206526 -129.5705952052692 0
    endloop
  endfacet
  facet normal -0.44228869021899775 0.89687274153269 0
    outer loop
      vertex 0.6505618350206526 -129.5705952052692 0
      vertex 0.85 -129.47224318643356 2
      vertex 0.85 -129.47224318643356 0
    endloop
  endfacet
  facet normal -0.5555702330196234 0.8314696123025311 0
    outer loop
      vertex 0.85 -129.47224318643356 0
      vertex 1.034894429314825 -129.3487006784951 2
      vertex 1.034894429314825 -129.3487006784951 0
    endloop
  endfacet
  facet normal -0.6593458151001182 0.7518398074789341 0
    outer loop
      vertex 1.034894429314825 -129.3487006784951 0
      vertex 1.2020815280171309 -129.20208152801712 2
      vertex 1.2020815280171309 -129.20208152801712 0
    endloop
  endfacet
  facet normal -0.7518398074789664 0.6593458151000814 0
    outer loop
      vertex 1.2020815280171309 -129.20208152801712 0
      vertex 1.3487006784950997 -129.03489442931482 2
      vertex 1.3487006784950997 -129.03489442931482 0
    endloop
  endfacet
  facet normal -0.831469612302543 0.5555702330196056 0
    outer loop
      vertex 1.3487006784950997 -129.03489442931482 0
      vertex 1.4722431864335457 -128.85 2
      vertex 1.4722431864335457 -128.85 0
    endloop
  endfacet
  facet normal -0.8968727415326828 0.44228869021901224 0
    outer loop
      vertex 1.4722431864335457 -128.85 0
      vertex 1.5705952052691874 -128.65056183502065 2
      vertex 1.5705952052691874 -128.65056183502065 0
    endloop
  endfacet
  facet normal -0.9469301294951001 0.3214394653031776 0
    outer loop
      vertex 1.5705952052691874 -128.65056183502065 0
      vertex 1.6420739046914161 -128.4399923766743 2
      vertex 1.6420739046914161 -128.4399923766743 0
    endloop
  endfacet
  facet normal -0.9807852804032315 0.19509032201612225 0
    outer loop
      vertex 1.6420739046914161 -128.4399923766743 0
      vertex 1.6854562643354776 -128.2218945267741 2
      vertex 1.6854562643354776 -128.2218945267741 0
    endloop
  endfacet
  facet normal 0.9978589232386036 -0.06540312923014174 0
    outer loop
      vertex -1.7 -128 0
      vertex -1.6854562643354776 -127.7781054732259 0
      vertex -1.7 -128 2
    endloop
  endfacet
  facet normal 0.9807852804032292 -0.1950903220161345 0
    outer loop
      vertex -1.6854562643354776 -127.7781054732259 0
      vertex -1.6420739046914161 -127.56000762332572 0
      vertex -1.6854562643354776 -127.7781054732259 2
    endloop
  endfacet
  facet normal 0.9469301294951068 -0.32143946530315815 0
    outer loop
      vertex -1.6420739046914161 -127.56000762332572 0
      vertex -1.5705952052691874 -127.34943816497935 0
      vertex -1.6420739046914161 -127.56000762332572 2
    endloop
  endfacet
  facet normal 0.8968727415326828 -0.44228869021901224 0
    outer loop
      vertex -1.5705952052691874 -127.34943816497935 0
      vertex -1.4722431864335457 -127.15 0
      vertex -1.5705952052691874 -127.34943816497935 2
    endloop
  endfacet
  facet normal 0.831469612302543 -0.5555702330196056 0
    outer loop
      vertex -1.4722431864335457 -127.15 0
      vertex -1.3487006784950997 -126.96510557068518 0
      vertex -1.4722431864335457 -127.15 2
    endloop
  endfacet
  facet normal 0.7518398074789941 -0.6593458151000497 0
    outer loop
      vertex -1.3487006784950997 -126.96510557068518 0
      vertex -1.2020815280171309 -126.79791847198287 0
      vertex -1.3487006784950997 -126.96510557068518 2
    endloop
  endfacet
  facet normal 0.6593458151000822 -0.7518398074789657 0
    outer loop
      vertex -1.2020815280171309 -126.79791847198287 0
      vertex -1.034894429314825 -126.6512993215049 0
      vertex -1.2020815280171309 -126.79791847198287 2
    endloop
  endfacet
  facet normal 0.5555702330195792 -0.8314696123025607 0
    outer loop
      vertex -1.034894429314825 -126.6512993215049 0
      vertex -0.85 -126.52775681356646 0
      vertex -1.034894429314825 -126.6512993215049 2
    endloop
  endfacet
  facet normal 0.44228869021899775 -0.89687274153269 0
    outer loop
      vertex -0.85 -126.52775681356646 0
      vertex -0.6505618350206526 -126.42940479473081 0
      vertex -0.85 -126.52775681356646 2
    endloop
  endfacet
  facet normal 0.32143946530316475 -0.9469301294951045 0
    outer loop
      vertex -0.6505618350206526 -126.42940479473081 0
      vertex -0.43999237667428526 -126.35792609530858 0
      vertex -0.6505618350206526 -126.42940479473081 2
    endloop
  endfacet
  facet normal 0.19509032201610452 -0.9807852804032352 0
    outer loop
      vertex -0.43999237667428526 -126.35792609530858 0
      vertex -0.22189452677408766 -126.31454373566453 0
      vertex -0.43999237667428526 -126.35792609530858 2
    endloop
  endfacet
  facet normal 0.06540312923018521 -0.9978589232386008 0
    outer loop
      vertex -0.22189452677408766 -126.31454373566453 0
      vertex 0 -126.3 0
      vertex -0.22189452677408766 -126.31454373566453 2
    endloop
  endfacet
  facet normal -0.06540312923018521 -0.9978589232386008 0
    outer loop
      vertex 0 -126.3 0
      vertex 0.22189452677408766 -126.31454373566453 0
      vertex 0 -126.3 2
    endloop
  endfacet
  facet normal -0.19509032201610452 -0.9807852804032352 0
    outer loop
      vertex 0.22189452677408766 -126.31454373566453 0
      vertex 0.43999237667428526 -126.35792609530858 0
      vertex 0.22189452677408766 -126.31454373566453 2
    endloop
  endfacet
  facet normal -0.32143946530316475 -0.9469301294951045 0
    outer loop
      vertex 0.6505618350206526 -126.42940479473081 0
      vertex 0.43999237667428526 -126.35792609530858 2
      vertex 0.43999237667428526 -126.35792609530858 0
    endloop
  endfacet
  facet normal -0.831469612302543 -0.5555702330196056 0
    outer loop
      vertex 1.4722431864335457 -127.15 0
      vertex 1.3487006784950997 -126.96510557068518 2
      vertex 1.3487006784950997 -126.96510557068518 0
    endloop
  endfacet
  facet normal -0.7518398074789941 -0.6593458151000497 0
    outer loop
      vertex 1.3487006784950997 -126.96510557068518 0
      vertex 1.2020815280171309 -126.79791847198287 2
      vertex 1.2020815280171309 -126.79791847198287 0
    endloop
  endfacet
  facet normal -0.6593458151000822 -0.7518398074789657 0
    outer loop
      vertex 1.2020815280171309 -126.79791847198287 0
      vertex 1.034894429314825 -126.6512993215049 2
      vertex 1.034894429314825 -126.6512993215049 0
    endloop
  endfacet
  facet normal -0.9978589232386036 0.06540312923014174 0
    outer loop
      vertex 1.6854562643354776 -128.2218945267741 0
      vertex 1.7 -128 2
      vertex 1.7 -128 0
    endloop
  endfacet
  facet normal -0.9978589232386036 -0.06540312923014174 0
    outer loop
      vertex 1.7 -128 0
      vertex 1.6854562643354776 -127.7781054732259 2
      vertex 1.6854562643354776 -127.7781054732259 0
    endloop
  endfacet
  facet normal -0.9469301294951068 -0.32143946530315815 0
    outer loop
      vertex 1.6420739046914161 -127.56000762332572 0
      vertex 1.5705952052691874 -127.34943816497935 2
      vertex 1.5705952052691874 -127.34943816497935 0
    endloop
  endfacet
  facet normal -0.9807852804032292 -0.1950903220161345 0
    outer loop
      vertex 1.6854562643354776 -127.7781054732259 0
      vertex 1.6420739046914161 -127.56000762332572 2
      vertex 1.6420739046914161 -127.56000762332572 0
    endloop
  endfacet
  facet normal -0.8968727415326828 -0.44228869021901224 0
    outer loop
      vertex 1.4722431864335457 -127.15 0
      vertex 1.5705952052691874 -127.34943816497935 0
      vertex 1.4722431864335457 -127.15 2
    endloop
  endfacet
  facet normal -0.44228869021899775 -0.89687274153269 0
    outer loop
      vertex 0.6505618350206526 -126.42940479473081 0
      vertex 0.85 -126.52775681356646 0
      vertex 0.6505618350206526 -126.42940479473081 2
    endloop
  endfacet
  facet normal -0.5555702330195792 -0.8314696123025607 0
    outer loop
      vertex 1.034894429314825 -126.6512993215049 0
      vertex 0.85 -126.52775681356646 2
      vertex 0.85 -126.52775681356646 0
    endloop
  endfacet
  facet normal 0.9807852804032315 0.19509032201612225 0
    outer loop
      vertex -1.6854562643354776 -128.2218945267741 0
      vertex -1.6854562643354776 -128.2218945267741 2
      vertex -1.6420739046914161 -128.4399923766743 2
    endloop
  endfacet
  facet normal 0.7518398074789664 0.6593458151000814 0
    outer loop
      vertex -1.3487006784950997 -129.03489442931482 0
      vertex -1.3487006784950997 -129.03489442931482 2
      vertex -1.2020815280171309 -129.20208152801712 2
    endloop
  endfacet
  facet normal 0.831469612302543 0.5555702330196056 0
    outer loop
      vertex -1.4722431864335457 -128.85 0
      vertex -1.4722431864335457 -128.85 2
      vertex -1.3487006784950997 -129.03489442931482 2
    endloop
  endfacet
  facet normal 0.6593458151001182 0.7518398074789341 0
    outer loop
      vertex -1.2020815280171309 -129.20208152801712 0
      vertex -1.2020815280171309 -129.20208152801712 2
      vertex -1.034894429314825 -129.3487006784951 2
    endloop
  endfacet
  facet normal 0.5555702330196234 0.8314696123025311 0
    outer loop
      vertex -1.034894429314825 -129.3487006784951 0
      vertex -1.034894429314825 -129.3487006784951 2
      vertex -0.85 -129.47224318643356 2
    endloop
  endfacet
  facet normal 0.8968727415326828 0.44228869021901224 0
    outer loop
      vertex -1.5705952052691874 -128.65056183502065 0
      vertex -1.5705952052691874 -128.65056183502065 2
      vertex -1.4722431864335457 -128.85 2
    endloop
  endfacet
  facet normal 0.9469301294951001 0.3214394653031776 0
    outer loop
      vertex -1.6420739046914161 -128.4399923766743 0
      vertex -1.6420739046914161 -128.4399923766743 2
      vertex -1.5705952052691874 -128.65056183502065 2
    endloop
  endfacet
  facet normal 0.32143946530310746 0.946930129495124 0
    outer loop
      vertex -0.6505618350206526 -129.5705952052692 0
      vertex -0.6505618350206526 -129.5705952052692 2
      vertex -0.43999237667428526 -129.64207390469142 2
    endloop
  endfacet
  facet normal 0.19509032201610452 0.9807852804032352 0
    outer loop
      vertex -0.43999237667428526 -129.64207390469142 0
      vertex -0.43999237667428526 -129.64207390469142 2
      vertex -0.22189452677408766 -129.68545626433547 2
    endloop
  endfacet
  facet normal 0.06540312923012158 0.9978589232386049 0
    outer loop
      vertex -0.22189452677408766 -129.68545626433547 0
      vertex -0.22189452677408766 -129.68545626433547 2
      vertex 0 -129.7 2
    endloop
  endfacet
  facet normal -0.06540312923012158 0.9978589232386049 0
    outer loop
      vertex 0 -129.7 0
      vertex 0 -129.7 2
      vertex 0.22189452677408766 -129.68545626433547 2
    endloop
  endfacet
  facet normal -0.19509032201610452 0.9807852804032352 0
    outer loop
      vertex 0.22189452677408766 -129.68545626433547 0
      vertex 0.22189452677408766 -129.68545626433547 2
      vertex 0.43999237667428526 -129.64207390469142 2
    endloop
  endfacet
  facet normal -0.32143946530310746 0.946930129495124 0
    outer loop
      vertex 0.43999237667428526 -129.64207390469142 0
      vertex 0.43999237667428526 -129.64207390469142 2
      vertex 0.6505618350206526 -129.5705952052692 2
    endloop
  endfacet
  facet normal 0.44228869021899775 0.89687274153269 0
    outer loop
      vertex -0.85 -129.47224318643356 0
      vertex -0.85 -129.47224318643356 2
      vertex -0.6505618350206526 -129.5705952052692 2
    endloop
  endfacet
  facet normal -0.44228869021899775 0.89687274153269 0
    outer loop
      vertex 0.6505618350206526 -129.5705952052692 0
      vertex 0.6505618350206526 -129.5705952052692 2
      vertex 0.85 -129.47224318643356 2
    endloop
  endfacet
  facet normal -0.5555702330196234 0.8314696123025311 0
    outer loop
      vertex 0.85 -129.47224318643356 0
      vertex 0.85 -129.47224318643356 2
      vertex 1.034894429314825 -129.3487006784951 2
    endloop
  endfacet
  facet normal -0.6593458151001182 0.7518398074789341 0
    outer loop
      vertex 1.034894429314825 -129.3487006784951 0
      vertex 1.034894429314825 -129.3487006784951 2
      vertex 1.2020815280171309 -129.20208152801712 2
    endloop
  endfacet
  facet normal -0.7518398074789664 0.6593458151000814 0
    outer loop
      vertex 1.2020815280171309 -129.20208152801712 0
      vertex 1.2020815280171309 -129.20208152801712 2
      vertex 1.3487006784950997 -129.03489442931482 2
    endloop
  endfacet
  facet normal -0.831469612302543 0.5555702330196056 0
    outer loop
      vertex 1.3487006784950997 -129.03489442931482 0
      vertex 1.3487006784950997 -129.03489442931482 2
      vertex 1.4722431864335457 -128.85 2
    endloop
  endfacet
  facet normal -0.8968727415326828 0.44228869021901224 0
    outer loop
      vertex 1.4722431864335457 -128.85 0
      vertex 1.4722431864335457 -128.85 2
      vertex 1.5705952052691874 -128.65056183502065 2
    endloop
  endfacet
  facet normal -0.9469301294951001 0.3214394653031776 0
    outer loop
      vertex 1.5705952052691874 -128.65056183502065 0
      vertex 1.5705952052691874 -128.65056183502065 2
      vertex 1.6420739046914161 -128.4399923766743 2
    endloop
  endfacet
  facet normal -0.9807852804032315 0.19509032201612225 0
    outer loop
      vertex 1.6420739046914161 -128.4399923766743 0
      vertex 1.6420739046914161 -128.4399923766743 2
      vertex 1.6854562643354776 -128.2218945267741 2
    endloop
  endfacet
  facet normal -0.9978589232386036 0.06540312923014174 0
    outer loop
      vertex 1.6854562643354776 -128.2218945267741 0
      vertex 1.6854562643354776 -128.2218945267741 2
      vertex 1.7 -128 2
    endloop
  endfacet
  facet normal 0.9978589232386036 0.06540312923014174 0
    outer loop
      vertex -1.7 -128 0
      vertex -1.7 -128 2
      vertex -1.6854562643354776 -128.2218945267741 2
    endloop
  endfacet
  facet normal 0.9978589232386036 -0.06540312923014174 0
    outer loop
      vertex -1.6854562643354776 -127.7781054732259 0
      vertex -1.6854562643354776 -127.7781054732259 2
      vertex -1.7 -128 2
    endloop
  endfacet
  facet normal 0.9807852804032292 -0.1950903220161345 0
    outer loop
      vertex -1.6420739046914161 -127.56000762332572 0
      vertex -1.6420739046914161 -127.56000762332572 2
      vertex -1.6854562643354776 -127.7781054732259 2
    endloop
  endfacet
  facet normal 0.9469301294951068 -0.32143946530315815 0
    outer loop
      vertex -1.5705952052691874 -127.34943816497935 0
      vertex -1.5705952052691874 -127.34943816497935 2
      vertex -1.6420739046914161 -127.56000762332572 2
    endloop
  endfacet
  facet normal 0.8968727415326828 -0.44228869021901224 0
    outer loop
      vertex -1.4722431864335457 -127.15 0
      vertex -1.4722431864335457 -127.15 2
      vertex -1.5705952052691874 -127.34943816497935 2
    endloop
  endfacet
  facet normal 0.831469612302543 -0.5555702330196056 0
    outer loop
      vertex -1.3487006784950997 -126.96510557068518 0
      vertex -1.3487006784950997 -126.96510557068518 2
      vertex -1.4722431864335457 -127.15 2
    endloop
  endfacet
  facet normal 0.7518398074789941 -0.6593458151000497 0
    outer loop
      vertex -1.2020815280171309 -126.79791847198287 0
      vertex -1.2020815280171309 -126.79791847198287 2
      vertex -1.3487006784950997 -126.96510557068518 2
    endloop
  endfacet
  facet normal 0.6593458151000822 -0.7518398074789657 0
    outer loop
      vertex -1.034894429314825 -126.6512993215049 0
      vertex -1.034894429314825 -126.6512993215049 2
      vertex -1.2020815280171309 -126.79791847198287 2
    endloop
  endfacet
  facet normal 0.5555702330195792 -0.8314696123025607 0
    outer loop
      vertex -0.85 -126.52775681356646 0
      vertex -0.85 -126.52775681356646 2
      vertex -1.034894429314825 -126.6512993215049 2
    endloop
  endfacet
  facet normal 0.44228869021899775 -0.89687274153269 0
    outer loop
      vertex -0.6505618350206526 -126.42940479473081 0
      vertex -0.6505618350206526 -126.42940479473081 2
      vertex -0.85 -126.52775681356646 2
    endloop
  endfacet
  facet normal 0.32143946530316475 -0.9469301294951045 0
    outer loop
      vertex -0.43999237667428526 -126.35792609530858 0
      vertex -0.43999237667428526 -126.35792609530858 2
      vertex -0.6505618350206526 -126.42940479473081 2
    endloop
  endfacet
  facet normal 0.19509032201610452 -0.9807852804032352 0
    outer loop
      vertex -0.22189452677408766 -126.31454373566453 0
      vertex -0.22189452677408766 -126.31454373566453 2
      vertex -0.43999237667428526 -126.35792609530858 2
    endloop
  endfacet
  facet normal 0.06540312923018521 -0.9978589232386008 0
    outer loop
      vertex 0 -126.3 0
      vertex 0 -126.3 2
      vertex -0.22189452677408766 -126.31454373566453 2
    endloop
  endfacet
  facet normal -0.06540312923018521 -0.9978589232386008 0
    outer loop
      vertex 0.22189452677408766 -126.31454373566453 0
      vertex 0.22189452677408766 -126.31454373566453 2
      vertex 0 -126.3 2
    endloop
  endfacet
  facet normal -0.19509032201610452 -0.9807852804032352 0
    outer loop
      vertex 0.43999237667428526 -126.35792609530858 0
      vertex 0.43999237667428526 -126.35792609530858 2
      vertex 0.22189452677408766 -126.31454373566453 2
    endloop
  endfacet
  facet normal -0.32143946530316475 -0.9469301294951045 0
    outer loop
      vertex 0.6505618350206526 -126.42940479473081 0
      vertex 0.6505618350206526 -126.42940479473081 2
      vertex 0.43999237667428526 -126.35792609530858 2
    endloop
  endfacet
  facet normal -0.831469612302543 -0.5555702330196056 0
    outer loop
      vertex 1.4722431864335457 -127.15 0
      vertex 1.4722431864335457 -127.15 2
      vertex 1.3487006784950997 -126.96510557068518 2
    endloop
  endfacet
  facet normal -0.6593458151000822 -0.7518398074789657 0
    outer loop
      vertex 1.2020815280171309 -126.79791847198287 0
      vertex 1.2020815280171309 -126.79791847198287 2
      vertex 1.034894429314825 -126.6512993215049 2
    endloop
  endfacet
  facet normal -0.7518398074789941 -0.6593458151000497 0
    outer loop
      vertex 1.3487006784950997 -126.96510557068518 0
      vertex 1.3487006784950997 -126.96510557068518 2
      vertex 1.2020815280171309 -126.79791847198287 2
    endloop
  endfacet
  facet normal -0.9978589232386036 -0.06540312923014174 0
    outer loop
      vertex 1.7 -128 0
      vertex 1.7 -128 2
      vertex 1.6854562643354776 -127.7781054732259 2
    endloop
  endfacet
  facet normal -0.9469301294951068 -0.32143946530315815 0
    outer loop
      vertex 1.6420739046914161 -127.56000762332572 0
      vertex 1.6420739046914161 -127.56000762332572 2
      vertex 1.5705952052691874 -127.34943816497935 2
    endloop
  endfacet
  facet normal -0.9807852804032292 -0.1950903220161345 0
    outer loop
      vertex 1.6854562643354776 -127.7781054732259 0
      vertex 1.6854562643354776 -127.7781054732259 2
      vertex 1.6420739046914161 -127.56000762332572 2
    endloop
  endfacet
  facet normal -0.8968727415326828 -0.44228869021901224 0
    outer loop
      vertex 1.5705952052691874 -127.34943816497935 0
      vertex 1.5705952052691874 -127.34943816497935 2
      vertex 1.4722431864335457 -127.15 2
    endloop
  endfacet
  facet normal -0.44228869021899775 -0.89687274153269 0
    outer loop
      vertex 0.85 -126.52775681356646 0
      vertex 0.85 -126.52775681356646 2
      vertex 0.6505618350206526 -126.42940479473081 2
    endloop
  endfacet
  facet normal -0.5555702330195792 -0.8314696123025607 0
    outer loop
      vertex 1.034894429314825 -126.6512993215049 0
      vertex 1.034894429314825 -126.6512993215049 2
      vertex 0.85 -126.52775681356646 2
    endloop
  endfacet
  facet normal 0.5338522522610517 0.4681758599486533 0.7041399980949393
    outer loop
      vertex -146.20208152801712 -119.20208152801713 2.4000000000000004
      vertex -146.3487006784951 -119.03489442931482 2.4000000000000004
      vertex -147.61018176616315 -120.00286291270757 4
    endloop
  endfacet
  facet normal 0.3944888488695847 0.5903942845255264 0.7041399980949395
    outer loop
      vertex -146.03489442931482 -119.3487006784951 2.4000000000000004
      vertex -147.00286291270757 -120.61018176616315 4
      vertex -145.85 -119.47224318643354 2.4000000000000004
    endloop
  endfacet
  facet normal 0.46817585994864697 0.533852252261051 0.7041399980949442
    outer loop
      vertex -146.03489442931482 -119.3487006784951 2.4000000000000004
      vertex -146.20208152801712 -119.20208152801713 2.4000000000000004
      vertex -147.3264252297796 -120.32642522977959 4
    endloop
  endfacet
  facet normal 0.2282416823513231 0.672378314284669 0.7041399980949419
    outer loop
      vertex -145.65056183502065 -119.57059520526919 2.4000000000000004
      vertex -146.25905226163843 -121.03962104578403 4
      vertex -145.4399923766743 -119.64207390469142 2.4000000000000004
    endloop
  endfacet
  facet normal 0.1385260620235837 0.6964175422999448 0.7041399980949407
    outer loop
      vertex -145.2218945267741 -119.68545626433547 2.4000000000000004
      vertex -145.4399923766743 -119.64207390469142 2.4000000000000004
      vertex -145.8515307341044 -121.17795596388397 4
    endloop
  endfacet
  facet normal 0.31405202421344086 0.6368345068935071 0.7041399980949413
    outer loop
      vertex -145.85 -119.47224318643354 2.4000000000000004
      vertex -146.64503105590063 -120.84927736884855 4
      vertex -145.65056183502065 -119.57059520526919 2.4000000000000004
    endloop
  endfacet
  facet normal 0.63683450689351 0.3140520242134423 0.7041399980949381
    outer loop
      vertex -146.47224318643356 -118.85 2.4000000000000004
      vertex -146.5705952052692 -118.65056183502065 2.4000000000000004
      vertex -148.03962104578403 -119.25905226163843 4
    endloop
  endfacet
  facet normal 0.6723783142846889 0.22824168235126904 0.7041399980949405
    outer loop
      vertex -146.5705952052692 -118.65056183502065 2.4000000000000004
      vertex -146.64207390469142 -118.43999237667428 2.4000000000000004
      vertex -148.17795596388396 -118.85153073410439 4
    endloop
  endfacet
  facet normal 0.6964175422999428 0.1385260620235923 0.7041399980949407
    outer loop
      vertex -146.64207390469142 -118.43999237667428 2.4000000000000004
      vertex -146.68545626433547 -118.2218945267741 2.4000000000000004
      vertex -148.261915174346 -118.42943927962088 4
    endloop
  endfacet
  facet normal 0.7085408730830338 0.046440222367977714 0.7041399980949419
    outer loop
      vertex -146.68545626433547 -118.2218945267741 2.4000000000000004
      vertex -146.7 -118 2.4000000000000004
      vertex -148.29006211180123 -118 4
    endloop
  endfacet
  facet normal 0.7085408730830359 -0.046440222367977846 0.70413999809494
    outer loop
      vertex -146.7 -118 2.4000000000000004
      vertex -146.68545626433547 -117.7781054732259 2.4000000000000004
      vertex -148.261915174346 -117.57056072037912 4
    endloop
  endfacet
  facet normal 0.6964175422999451 -0.13852606202359277 0.7041399980949383
    outer loop
      vertex -146.68545626433547 -117.7781054732259 2.4000000000000004
      vertex -146.64207390469142 -117.56000762332572 2.4000000000000004
      vertex -148.17795596388396 -117.14846926589561 4
    endloop
  endfacet
  facet normal 0.6723783142846921 -0.22824168235127015 0.7041399980949369
    outer loop
      vertex -146.64207390469142 -117.56000762332572 2.4000000000000004
      vertex -146.5705952052692 -117.34943816497935 2.4000000000000004
      vertex -148.03962104578403 -116.74094773836157 4
    endloop
  endfacet
  facet normal 0.5903942845255059 0.3944888488696163 0.7041399980949392
    outer loop
      vertex -146.3487006784951 -119.03489442931482 2.4000000000000004
      vertex -146.47224318643356 -118.85 2.4000000000000004
      vertex -147.84927736884856 -119.64503105590062 4
    endloop
  endfacet
  facet normal 0.6368345068935083 -0.31405202421344147 0.7041399980949399
    outer loop
      vertex -146.5705952052692 -117.34943816497935 2.4000000000000004
      vertex -146.47224318643356 -117.15 2.4000000000000004
      vertex -147.84927736884856 -116.35496894409938 4
    endloop
  endfacet
  facet normal 0.5903942845255045 -0.3944888488696154 0.7041399980949409
    outer loop
      vertex -146.47224318643356 -117.15 2.4000000000000004
      vertex -146.3487006784951 -116.96510557068518 2.4000000000000004
      vertex -147.61018176616315 -115.99713708729243 4
    endloop
  endfacet
  facet normal 0.5338522522610477 -0.46817585994864974 0.704139998094945
    outer loop
      vertex -146.3487006784951 -116.96510557068518 2.4000000000000004
      vertex -146.20208152801712 -116.79791847198287 2.4000000000000004
      vertex -147.3264252297796 -115.67357477022041 4
    endloop
  endfacet
  facet normal 0.4681758599486501 -0.5338522522610546 0.7041399980949395
    outer loop
      vertex -146.20208152801712 -116.79791847198287 2.4000000000000004
      vertex -146.03489442931482 -116.6512993215049 2.4000000000000004
      vertex -147.00286291270757 -115.38981823383685 4
    endloop
  endfacet
  facet normal 0.3944888488695833 -0.5903942845255244 0.7041399980949422
    outer loop
      vertex -146.03489442931482 -116.6512993215049 2.4000000000000004
      vertex -145.85 -116.52775681356646 2.4000000000000004
      vertex -146.64503105590063 -115.15072263115145 4
    endloop
  endfacet
  facet normal 0.31405202421344103 -0.6368345068935074 0.704139998094941
    outer loop
      vertex -145.85 -116.52775681356646 2.4000000000000004
      vertex -145.65056183502065 -116.42940479473081 2.4000000000000004
      vertex -146.25905226163843 -114.96037895421597 4
    endloop
  endfacet
  facet normal 0.22824168235132347 -0.6723783142846701 0.7041399980949407
    outer loop
      vertex -145.65056183502065 -116.42940479473081 2.4000000000000004
      vertex -145.4399923766743 -116.35792609530858 2.4000000000000004
      vertex -145.8515307341044 -114.82204403611603 4
    endloop
  endfacet
  facet normal 0.046440222368022734 0.7085408730830284 0.7041399980949445
    outer loop
      vertex -145.2218945267741 -119.68545626433547 2.4000000000000004
      vertex -145.42943927962088 -121.26191517434602 4
      vertex -145 -119.7 2.4000000000000004
    endloop
  endfacet
  facet normal -0.04644022236802299 0.7085408730830323 0.7041399980949403
    outer loop
      vertex -145 -119.7 2.4000000000000004
      vertex -145 -121.29006211180125 4
      vertex -144.7781054732259 -119.68545626433547 2.4000000000000004
    endloop
  endfacet
  facet normal -0.13852606202358297 0.6964175422999412 0.7041399980949441
    outer loop
      vertex -144.7781054732259 -119.68545626433547 2.4000000000000004
      vertex -144.57056072037912 -121.26191517434602 4
      vertex -144.5600076233257 -119.64207390469142 2.4000000000000004
    endloop
  endfacet
  facet normal -0.22824168235132347 0.6723783142846701 0.7041399980949405
    outer loop
      vertex -144.5600076233257 -119.64207390469142 2.4000000000000004
      vertex -144.1484692658956 -121.17795596388397 4
      vertex -144.34943816497935 -119.57059520526919 2.4000000000000004
    endloop
  endfacet
  facet normal -0.31405202421344103 0.6368345068935074 0.7041399980949409
    outer loop
      vertex -144.34943816497935 -119.57059520526919 2.4000000000000004
      vertex -143.74094773836157 -121.03962104578403 4
      vertex -144.15 -119.47224318643354 2.4000000000000004
    endloop
  endfacet
  facet normal -0.3944888488695833 0.5903942845255244 0.7041399980949422
    outer loop
      vertex -144.15 -119.47224318643354 2.4000000000000004
      vertex -143.35496894409937 -120.84927736884855 4
      vertex -143.96510557068518 -119.3487006784951 2.4000000000000004
    endloop
  endfacet
  facet normal -0.4681758599486501 0.5338522522610546 0.7041399980949395
    outer loop
      vertex -143.96510557068518 -119.3487006784951 2.4000000000000004
      vertex -142.99713708729243 -120.61018176616315 4
      vertex -143.79791847198288 -119.20208152801713 2.4000000000000004
    endloop
  endfacet
  facet normal -0.5338522522610477 0.46817585994864974 0.704139998094945
    outer loop
      vertex -143.79791847198288 -119.20208152801713 2.4000000000000004
      vertex -142.6735747702204 -120.32642522977959 4
      vertex -143.6512993215049 -119.03489442931482 2.4000000000000004
    endloop
  endfacet
  facet normal -0.5903942845255045 0.3944888488696154 0.7041399980949409
    outer loop
      vertex -143.6512993215049 -119.03489442931482 2.4000000000000004
      vertex -142.38981823383685 -120.00286291270757 4
      vertex -143.52775681356644 -118.85 2.4000000000000004
    endloop
  endfacet
  facet normal -0.6368345068935083 0.31405202421344147 0.7041399980949399
    outer loop
      vertex -143.52775681356644 -118.85 2.4000000000000004
      vertex -142.15072263115144 -119.64503105590062 4
      vertex -143.4294047947308 -118.65056183502065 2.4000000000000004
    endloop
  endfacet
  facet normal -0.6723783142846921 0.22824168235127015 0.7041399980949369
    outer loop
      vertex -143.4294047947308 -118.65056183502065 2.4000000000000004
      vertex -141.96037895421597 -119.25905226163843 4
      vertex -143.35792609530858 -118.43999237667428 2.4000000000000004
    endloop
  endfacet
  facet normal -0.6964175422999452 0.1385260620235928 0.7041399980949384
    outer loop
      vertex -143.35792609530858 -118.43999237667428 2.4000000000000004
      vertex -141.82204403611604 -118.85153073410439 4
      vertex -143.31454373566453 -118.2218945267741 2.4000000000000004
    endloop
  endfacet
  facet normal -0.7085408730830359 0.046440222367977846 0.7041399980949399
    outer loop
      vertex -143.31454373566453 -118.2218945267741 2.4000000000000004
      vertex -141.738084825654 -118.42943927962088 4
      vertex -143.3 -118 2.4000000000000004
    endloop
  endfacet
  facet normal -0.7085408730830338 -0.046440222367977714 0.704139998094942
    outer loop
      vertex -143.3 -118 2.4000000000000004
      vertex -141.70993788819877 -118 4
      vertex -143.31454373566453 -117.7781054732259 2.4000000000000004
    endloop
  endfacet
  facet normal -0.5338522522610517 -0.4681758599486533 0.7041399980949393
    outer loop
      vertex -143.6512993215049 -116.96510557068518 2.4000000000000004
      vertex -142.38981823383685 -115.99713708729243 4
      vertex -143.79791847198288 -116.79791847198287 2.4000000000000004
    endloop
  endfacet
  facet normal -0.6964175422999428 -0.1385260620235923 0.7041399980949407
    outer loop
      vertex -143.31454373566453 -117.7781054732259 2.4000000000000004
      vertex -141.738084825654 -117.57056072037912 4
      vertex -143.35792609530858 -117.56000762332572 2.4000000000000004
    endloop
  endfacet
  facet normal -0.6723783142846886 -0.228241682351269 0.7041399980949405
    outer loop
      vertex -143.35792609530858 -117.56000762332572 2.4000000000000004
      vertex -141.82204403611604 -117.14846926589561 4
      vertex -143.4294047947308 -117.34943816497935 2.4000000000000004
    endloop
  endfacet
  facet normal -0.63683450689351 -0.3140520242134423 0.704139998094938
    outer loop
      vertex -143.4294047947308 -117.34943816497935 2.4000000000000004
      vertex -141.96037895421597 -116.74094773836157 4
      vertex -143.52775681356644 -117.15 2.4000000000000004
    endloop
  endfacet
  facet normal -0.5903942845255059 -0.3944888488696163 0.7041399980949392
    outer loop
      vertex -143.6512993215049 -116.96510557068518 2.4000000000000004
      vertex -143.52775681356644 -117.15 2.4000000000000004
      vertex -142.15072263115144 -116.35496894409938 4
    endloop
  endfacet
  facet normal 0.13852606202358297 -0.6964175422999412 0.7041399980949442
    outer loop
      vertex -145.4399923766743 -116.35792609530858 2.4000000000000004
      vertex -145.2218945267741 -116.31454373566453 2.4000000000000004
      vertex -145.42943927962088 -114.73808482565398 4
    endloop
  endfacet
  facet normal 0.04644022236802299 -0.7085408730830323 0.7041399980949403
    outer loop
      vertex -145.2218945267741 -116.31454373566453 2.4000000000000004
      vertex -145 -116.3 2.4000000000000004
      vertex -145 -114.70993788819875 4
    endloop
  endfacet
  facet normal -0.046440222368022734 -0.7085408730830284 0.7041399980949447
    outer loop
      vertex -145 -116.3 2.4000000000000004
      vertex -144.7781054732259 -116.31454373566453 2.4000000000000004
      vertex -144.57056072037912 -114.73808482565398 4
    endloop
  endfacet
  facet normal -0.1385260620235837 -0.6964175422999448 0.7041399980949407
    outer loop
      vertex -144.7781054732259 -116.31454373566453 2.4000000000000004
      vertex -144.5600076233257 -116.35792609530858 2.4000000000000004
      vertex -144.1484692658956 -114.82204403611603 4
    endloop
  endfacet
  facet normal -0.31405202421344086 -0.6368345068935071 0.7041399980949413
    outer loop
      vertex -144.34943816497935 -116.42940479473081 2.4000000000000004
      vertex -144.15 -116.52775681356646 2.4000000000000004
      vertex -143.35496894409937 -115.15072263115145 4
    endloop
  endfacet
  facet normal -0.2282416823513231 -0.672378314284669 0.7041399980949419
    outer loop
      vertex -144.34943816497935 -116.42940479473081 2.4000000000000004
      vertex -143.74094773836157 -114.96037895421597 4
      vertex -144.5600076233257 -116.35792609530858 2.4000000000000004
    endloop
  endfacet
  facet normal -0.3944888488695847 -0.5903942845255264 0.7041399980949395
    outer loop
      vertex -144.15 -116.52775681356646 2.4000000000000004
      vertex -143.96510557068518 -116.6512993215049 2.4000000000000004
      vertex -142.99713708729243 -115.38981823383685 4
    endloop
  endfacet
  facet normal -0.46817585994864697 -0.533852252261051 0.7041399980949442
    outer loop
      vertex -143.96510557068518 -116.6512993215049 2.4000000000000004
      vertex -143.79791847198288 -116.79791847198287 2.4000000000000004
      vertex -142.6735747702204 -115.67357477022041 4
    endloop
  endfacet
  facet normal 0.5338522522610756 0.4681758599486198 0.7041399980949437
    outer loop
      vertex -146.20208152801712 -119.20208152801713 2.4000000000000004
      vertex -147.61018176616315 -120.00286291270757 4
      vertex -147.3264252297796 -120.32642522977959 4
    endloop
  endfacet
  facet normal 0.5903942845255118 0.3944888488696052 0.7041399980949405
    outer loop
      vertex -146.3487006784951 -119.03489442931482 2.4000000000000004
      vertex -147.84927736884856 -119.64503105590062 4
      vertex -147.61018176616315 -120.00286291270757 4
    endloop
  endfacet
  facet normal 0.4681758599486235 0.5338522522610765 0.7041399980949407
    outer loop
      vertex -146.03489442931482 -119.3487006784951 2.4000000000000004
      vertex -147.3264252297796 -120.32642522977959 4
      vertex -147.00286291270757 -120.61018176616315 4
    endloop
  endfacet
  facet normal 0.39448884886959956 0.5903942845255143 0.7041399980949417
    outer loop
      vertex -145.85 -119.47224318643354 2.4000000000000004
      vertex -147.00286291270757 -120.61018176616315 4
      vertex -146.64503105590063 -120.84927736884855 4
    endloop
  endfacet
  facet normal 0.314052024213438 0.6368345068935088 0.7041399980949411
    outer loop
      vertex -145.65056183502065 -119.57059520526919 2.4000000000000004
      vertex -146.64503105590063 -120.84927736884855 4
      vertex -146.25905226163843 -121.03962104578403 4
    endloop
  endfacet
  facet normal 0.22824168235131537 0.6723783142846725 0.7041399980949409
    outer loop
      vertex -145.4399923766743 -119.64207390469142 2.4000000000000004
      vertex -146.25905226163843 -121.03962104578403 4
      vertex -145.8515307341044 -121.17795596388397 4
    endloop
  endfacet
  facet normal 0.13852606202360887 0.696417542299937 0.7041399980949433
    outer loop
      vertex -145.2218945267741 -119.68545626433547 2.4000000000000004
      vertex -145.8515307341044 -121.17795596388397 4
      vertex -145.42943927962088 -121.26191517434602 4
    endloop
  endfacet
  facet normal 0.6368345068935147 0.31405202421342915 0.7041399980949397
    outer loop
      vertex -146.47224318643356 -118.85 2.4000000000000004
      vertex -148.03962104578403 -119.25905226163843 4
      vertex -147.84927736884856 -119.64503105590062 4
    endloop
  endfacet
  facet normal 0.6723783142846828 0.22824168235129502 0.7041399980949379
    outer loop
      vertex -146.5705952052692 -118.65056183502065 2.4000000000000004
      vertex -148.17795596388396 -118.85153073410439 4
      vertex -148.03962104578403 -119.25905226163843 4
    endloop
  endfacet
  facet normal 0.6964175422999411 0.1385260620236097 0.7041399980949389
    outer loop
      vertex -146.64207390469142 -118.43999237667428 2.4000000000000004
      vertex -148.261915174346 -118.42943927962088 4
      vertex -148.17795596388396 -118.85153073410439 4
    endloop
  endfacet
  facet normal 0.7085408730830344 0.04644022236799277 0.7041399980949404
    outer loop
      vertex -146.68545626433547 -118.2218945267741 2.4000000000000004
      vertex -148.29006211180123 -118 4
      vertex -148.261915174346 -118.42943927962088 4
    endloop
  endfacet
  facet normal 0.7085408730830334 -0.0464402223679927 0.7041399980949414
    outer loop
      vertex -146.7 -118 2.4000000000000004
      vertex -148.261915174346 -117.57056072037912 4
      vertex -148.29006211180123 -118 4
    endloop
  endfacet
  facet normal 0.69641754229994 -0.13852606202360992 0.7041399980949401
    outer loop
      vertex -146.68545626433547 -117.7781054732259 2.4000000000000004
      vertex -148.17795596388396 -117.14846926589561 4
      vertex -148.261915174346 -117.57056072037912 4
    endloop
  endfacet
  facet normal 0.6723783142846809 -0.22824168235129488 0.7041399980949397
    outer loop
      vertex -146.64207390469142 -117.56000762332572 2.4000000000000004
      vertex -148.03962104578403 -116.74094773836157 4
      vertex -148.17795596388396 -117.14846926589561 4
    endloop
  endfacet
  facet normal 0.6368345068935158 -0.3140520242134296 0.7041399980949385
    outer loop
      vertex -146.5705952052692 -117.34943816497935 2.4000000000000004
      vertex -147.84927736884856 -116.35496894409938 4
      vertex -148.03962104578403 -116.74094773836157 4
    endloop
  endfacet
  facet normal 0.5903942845255125 -0.3944888488696059 0.7041399980949397
    outer loop
      vertex -146.47224318643356 -117.15 2.4000000000000004
      vertex -147.61018176616315 -115.99713708729243 4
      vertex -147.84927736884856 -116.35496894409938 4
    endloop
  endfacet
  facet normal 0.5338522522610778 -0.46817585994862176 0.7041399980949408
    outer loop
      vertex -146.3487006784951 -116.96510557068518 2.4000000000000004
      vertex -147.3264252297796 -115.67357477022041 4
      vertex -147.61018176616315 -115.99713708729243 4
    endloop
  endfacet
  facet normal 0.4681758599486218 -0.5338522522610746 0.7041399980949431
    outer loop
      vertex -146.20208152801712 -116.79791847198287 2.4000000000000004
      vertex -147.00286291270757 -115.38981823383685 4
      vertex -147.3264252297796 -115.67357477022041 4
    endloop
  endfacet
  facet normal 0.39448884886960006 -0.5903942845255155 0.7041399980949403
    outer loop
      vertex -146.03489442931482 -116.6512993215049 2.4000000000000004
      vertex -146.64503105590063 -115.15072263115145 4
      vertex -147.00286291270757 -115.38981823383685 4
    endloop
  endfacet
  facet normal 0.31405202421343825 -0.6368345068935085 0.7041399980949412
    outer loop
      vertex -145.85 -116.52775681356646 2.4000000000000004
      vertex -146.25905226163843 -114.96037895421597 4
      vertex -146.64503105590063 -115.15072263115145 4
    endloop
  endfacet
  facet normal 0.2282416823513152 -0.672378314284672 0.7041399980949415
    outer loop
      vertex -145.65056183502065 -116.42940479473081 2.4000000000000004
      vertex -145.8515307341044 -114.82204403611603 4
      vertex -146.25905226163843 -114.96037895421597 4
    endloop
  endfacet
  facet normal 0.1385260620236092 -0.6964175422999387 0.7041399980949414
    outer loop
      vertex -145.4399923766743 -116.35792609530858 2.4000000000000004
      vertex -145.42943927962088 -114.73808482565398 4
      vertex -145.8515307341044 -114.82204403611603 4
    endloop
  endfacet
  facet normal 0.0464402223679927 0.7085408730830334 0.7041399980949414
    outer loop
      vertex -145 -119.7 2.4000000000000004
      vertex -145.42943927962088 -121.26191517434602 4
      vertex -145 -121.29006211180125 4
    endloop
  endfacet
  facet normal -0.04644022236799256 0.7085408730830313 0.7041399980949437
    outer loop
      vertex -144.7781054732259 -119.68545626433547 2.4000000000000004
      vertex -145 -121.29006211180125 4
      vertex -144.57056072037912 -121.26191517434602 4
    endloop
  endfacet
  facet normal -0.1385260620236092 0.6964175422999387 0.7041399980949414
    outer loop
      vertex -144.5600076233257 -119.64207390469142 2.4000000000000004
      vertex -144.57056072037912 -121.26191517434602 4
      vertex -144.1484692658956 -121.17795596388397 4
    endloop
  endfacet
  facet normal -0.2282416823513152 0.672378314284672 0.7041399980949415
    outer loop
      vertex -144.34943816497935 -119.57059520526919 2.4000000000000004
      vertex -144.1484692658956 -121.17795596388397 4
      vertex -143.74094773836157 -121.03962104578403 4
    endloop
  endfacet
  facet normal -0.31405202421343825 0.6368345068935085 0.7041399980949412
    outer loop
      vertex -144.15 -119.47224318643354 2.4000000000000004
      vertex -143.74094773836157 -121.03962104578403 4
      vertex -143.35496894409937 -120.84927736884855 4
    endloop
  endfacet
  facet normal -0.39448884886960006 0.5903942845255155 0.7041399980949403
    outer loop
      vertex -143.96510557068518 -119.3487006784951 2.4000000000000004
      vertex -143.35496894409937 -120.84927736884855 4
      vertex -142.99713708729243 -120.61018176616315 4
    endloop
  endfacet
  facet normal -0.4681758599486218 0.5338522522610746 0.7041399980949431
    outer loop
      vertex -143.79791847198288 -119.20208152801713 2.4000000000000004
      vertex -142.99713708729243 -120.61018176616315 4
      vertex -142.6735747702204 -120.32642522977959 4
    endloop
  endfacet
  facet normal -0.5338522522610778 0.46817585994862176 0.7041399980949408
    outer loop
      vertex -143.6512993215049 -119.03489442931482 2.4000000000000004
      vertex -142.6735747702204 -120.32642522977959 4
      vertex -142.38981823383685 -120.00286291270757 4
    endloop
  endfacet
  facet normal -0.5903942845255125 0.3944888488696059 0.7041399980949397
    outer loop
      vertex -143.52775681356644 -118.85 2.4000000000000004
      vertex -142.38981823383685 -120.00286291270757 4
      vertex -142.15072263115144 -119.64503105590062 4
    endloop
  endfacet
  facet normal -0.6368345068935158 0.3140520242134296 0.7041399980949385
    outer loop
      vertex -143.4294047947308 -118.65056183502065 2.4000000000000004
      vertex -142.15072263115144 -119.64503105590062 4
      vertex -141.96037895421597 -119.25905226163843 4
    endloop
  endfacet
  facet normal -0.6723783142846809 0.22824168235129488 0.7041399980949397
    outer loop
      vertex -143.35792609530858 -118.43999237667428 2.4000000000000004
      vertex -141.96037895421597 -119.25905226163843 4
      vertex -141.82204403611604 -118.85153073410439 4
    endloop
  endfacet
  facet normal -0.6723783142846828 -0.22824168235129502 0.7041399980949379
    outer loop
      vertex -143.4294047947308 -117.34943816497935 2.4000000000000004
      vertex -141.82204403611604 -117.14846926589561 4
      vertex -141.96037895421597 -116.74094773836157 4
    endloop
  endfacet
  facet normal -0.6368345068935147 -0.31405202421342915 0.7041399980949397
    outer loop
      vertex -143.52775681356644 -117.15 2.4000000000000004
      vertex -141.96037895421597 -116.74094773836157 4
      vertex -142.15072263115144 -116.35496894409938 4
    endloop
  endfacet
  facet normal -0.5903942845255118 -0.3944888488696052 0.7041399980949405
    outer loop
      vertex -143.6512993215049 -116.96510557068518 2.4000000000000004
      vertex -142.15072263115144 -116.35496894409938 4
      vertex -142.38981823383685 -115.99713708729243 4
    endloop
  endfacet
  facet normal -0.69641754229994 0.13852606202360992 0.7041399980949401
    outer loop
      vertex -143.31454373566453 -118.2218945267741 2.4000000000000004
      vertex -141.82204403611604 -118.85153073410439 4
      vertex -141.738084825654 -118.42943927962088 4
    endloop
  endfacet
  facet normal -0.7085408730830334 0.0464402223679927 0.7041399980949414
    outer loop
      vertex -143.3 -118 2.4000000000000004
      vertex -141.738084825654 -118.42943927962088 4
      vertex -141.70993788819877 -118 4
    endloop
  endfacet
  facet normal -0.7085408730830344 -0.04644022236799277 0.7041399980949404
    outer loop
      vertex -143.31454373566453 -117.7781054732259 2.4000000000000004
      vertex -141.70993788819877 -118 4
      vertex -141.738084825654 -117.57056072037912 4
    endloop
  endfacet
  facet normal -0.6964175422999411 -0.1385260620236097 0.7041399980949389
    outer loop
      vertex -143.35792609530858 -117.56000762332572 2.4000000000000004
      vertex -141.738084825654 -117.57056072037912 4
      vertex -141.82204403611604 -117.14846926589561 4
    endloop
  endfacet
  facet normal 0.04644022236799256 -0.7085408730830313 0.7041399980949437
    outer loop
      vertex -145.2218945267741 -116.31454373566453 2.4000000000000004
      vertex -145 -114.70993788819875 4
      vertex -145.42943927962088 -114.73808482565398 4
    endloop
  endfacet
  facet normal -0.0464402223679927 -0.7085408730830334 0.7041399980949414
    outer loop
      vertex -145 -116.3 2.4000000000000004
      vertex -144.57056072037912 -114.73808482565398 4
      vertex -145 -114.70993788819875 4
    endloop
  endfacet
  facet normal -0.13852606202360887 -0.696417542299937 0.7041399980949433
    outer loop
      vertex -144.7781054732259 -116.31454373566453 2.4000000000000004
      vertex -144.1484692658956 -114.82204403611603 4
      vertex -144.57056072037912 -114.73808482565398 4
    endloop
  endfacet
  facet normal -0.22824168235131537 -0.6723783142846725 0.7041399980949409
    outer loop
      vertex -144.5600076233257 -116.35792609530858 2.4000000000000004
      vertex -143.74094773836157 -114.96037895421597 4
      vertex -144.1484692658956 -114.82204403611603 4
    endloop
  endfacet
  facet normal -0.39448884886959956 -0.5903942845255143 0.7041399980949417
    outer loop
      vertex -144.15 -116.52775681356646 2.4000000000000004
      vertex -142.99713708729243 -115.38981823383685 4
      vertex -143.35496894409937 -115.15072263115145 4
    endloop
  endfacet
  facet normal -0.4681758599486235 -0.5338522522610765 0.7041399980949407
    outer loop
      vertex -143.96510557068518 -116.6512993215049 2.4000000000000004
      vertex -142.6735747702204 -115.67357477022041 4
      vertex -142.99713708729243 -115.38981823383685 4
    endloop
  endfacet
  facet normal -0.314052024213438 -0.6368345068935088 0.7041399980949411
    outer loop
      vertex -144.34943816497935 -116.42940479473081 2.4000000000000004
      vertex -143.35496894409937 -115.15072263115145 4
      vertex -143.74094773836157 -114.96037895421597 4
    endloop
  endfacet
  facet normal -0.5338522522610756 -0.4681758599486198 0.7041399980949437
    outer loop
      vertex -143.79791847198288 -116.79791847198287 2.4000000000000004
      vertex -142.38981823383685 -115.99713708729243 4
      vertex -142.6735747702204 -115.67357477022041 4
    endloop
  endfacet
  facet normal 0.6964175422999392 0.13852606202361428 0.70413999809494
    outer loop
      vertex -51.68545626433548 -118.2218945267741 2.4000000000000004
      vertex -53.26191517434601 -118.42943927962088 4
      vertex -51.642073904691415 -118.43999237667428 2.4000000000000004
    endloop
  endfacet
  facet normal 0.7085408730830347 0.04644022236800045 0.7041399980949395
    outer loop
      vertex -51.68545626433548 -118.2218945267741 2.4000000000000004
      vertex -51.7 -118 2.4000000000000004
      vertex -53.29006211180124 -118 4
    endloop
  endfacet
  facet normal 0.7085408730830337 -0.04644022236800039 0.7041399980949407
    outer loop
      vertex -51.7 -118 2.4000000000000004
      vertex -51.68545626433548 -117.7781054732259 2.4000000000000004
      vertex -53.26191517434601 -117.57056072037912 4
    endloop
  endfacet
  facet normal 0.5338522522610833 0.4681758599486129 0.7041399980949422
    outer loop
      vertex -51.3487006784951 -119.03489442931482 2.4000000000000004
      vertex -52.61018176616315 -120.00286291270757 4
      vertex -51.20208152801713 -119.20208152801713 2.4000000000000004
    endloop
  endfacet
  facet normal 0.46817585994863875 0.5338522522610644 0.7041399980949397
    outer loop
      vertex -51.034894429314825 -119.3487006784951 2.4000000000000004
      vertex -51.20208152801713 -119.20208152801713 2.4000000000000004
      vertex -52.32642522977959 -120.32642522977959 4
    endloop
  endfacet
  facet normal 0.22824168235130926 0.6723783142846737 0.7041399980949418
    outer loop
      vertex -50.65056183502065 -119.57059520526919 2.4000000000000004
      vertex -51.25905226163844 -121.03962104578403 4
      vertex -50.43999237667428 -119.64207390469142 2.4000000000000004
    endloop
  endfacet
  facet normal 0.39448884886958524 0.5903942845255273 0.7041399980949388
    outer loop
      vertex -51.034894429314825 -119.3487006784951 2.4000000000000004
      vertex -52.00286291270757 -120.61018176616315 4
      vertex -50.85 -119.47224318643354 2.4000000000000004
    endloop
  endfacet
  facet normal 0.31405202421343265 0.6368345068935131 0.7041399980949398
    outer loop
      vertex -50.65056183502065 -119.57059520526919 2.4000000000000004
      vertex -50.85 -119.47224318643354 2.4000000000000004
      vertex -51.645031055900624 -120.84927736884855 4
    endloop
  endfacet
  facet normal 0.13852606202358794 0.6964175422999435 0.7041399980949411
    outer loop
      vertex -50.43999237667428 -119.64207390469142 2.4000000000000004
      vertex -50.85153073410438 -121.17795596388397 4
      vertex -50.221894526774086 -119.68545626433547 2.4000000000000004
    endloop
  endfacet
  facet normal 0.046440222368024205 0.7085408730830282 0.7041399980949448
    outer loop
      vertex -50.221894526774086 -119.68545626433547 2.4000000000000004
      vertex -50.42943927962088 -121.26191517434602 4
      vertex -50 -119.7 2.4000000000000004
    endloop
  endfacet
  facet normal -0.04644022236802448 0.7085408730830324 0.7041399980949404
    outer loop
      vertex -50 -119.7 2.4000000000000004
      vertex -50 -121.29006211180125 4
      vertex -49.778105473225914 -119.68545626433547 2.4000000000000004
    endloop
  endfacet
  facet normal -0.1385260620235873 0.6964175422999402 0.7041399980949443
    outer loop
      vertex -49.778105473225914 -119.68545626433547 2.4000000000000004
      vertex -49.57056072037912 -121.26191517434602 4
      vertex -49.56000762332572 -119.64207390469142 2.4000000000000004
    endloop
  endfacet
  facet normal -0.22824168235130934 0.6723783142846739 0.7041399980949417
    outer loop
      vertex -49.56000762332572 -119.64207390469142 2.4000000000000004
      vertex -49.14846926589562 -121.17795596388397 4
      vertex -49.34943816497935 -119.57059520526919 2.4000000000000004
    endloop
  endfacet
  facet normal -0.3140520242134316 0.636834506893511 0.7041399980949419
    outer loop
      vertex -49.34943816497935 -119.57059520526919 2.4000000000000004
      vertex -48.74094773836156 -121.03962104578403 4
      vertex -49.15 -119.47224318643354 2.4000000000000004
    endloop
  endfacet
  facet normal 0.5903942845255149 0.39448884886959956 0.7041399980949412
    outer loop
      vertex -51.3487006784951 -119.03489442931482 2.4000000000000004
      vertex -51.472243186433545 -118.85 2.4000000000000004
      vertex -52.849277368848554 -119.64503105590062 4
    endloop
  endfacet
  facet normal 0.6368345068935074 0.31405202421344103 0.704139998094941
    outer loop
      vertex -51.472243186433545 -118.85 2.4000000000000004
      vertex -51.570595205269186 -118.65056183502065 2.4000000000000004
      vertex -53.03962104578403 -119.25905226163843 4
    endloop
  endfacet
  facet normal 0.6723783142846733 0.22824168235130915 0.7041399980949421
    outer loop
      vertex -51.570595205269186 -118.65056183502065 2.4000000000000004
      vertex -51.642073904691415 -118.43999237667428 2.4000000000000004
      vertex -53.177955963883974 -118.85153073410439 4
    endloop
  endfacet
  facet normal 0.6964175422999371 -0.13852606202361387 0.7041399980949422
    outer loop
      vertex -51.68545626433548 -117.7781054732259 2.4000000000000004
      vertex -51.642073904691415 -117.56000762332572 2.4000000000000004
      vertex -53.177955963883974 -117.14846926589561 4
    endloop
  endfacet
  facet normal 0.6723783142846742 -0.22824168235130946 0.7041399980949413
    outer loop
      vertex -51.642073904691415 -117.56000762332572 2.4000000000000004
      vertex -51.570595205269186 -117.34943816497935 2.4000000000000004
      vertex -53.03962104578403 -116.74094773836157 4
    endloop
  endfacet
  facet normal 0.6368345068935071 -0.31405202421344086 0.7041399980949413
    outer loop
      vertex -51.570595205269186 -117.34943816497935 2.4000000000000004
      vertex -51.472243186433545 -117.15 2.4000000000000004
      vertex -52.849277368848554 -116.35496894409938 4
    endloop
  endfacet
  facet normal 0.5903942845255145 -0.39448884886959934 0.7041399980949415
    outer loop
      vertex -51.472243186433545 -117.15 2.4000000000000004
      vertex -51.3487006784951 -116.96510557068518 2.4000000000000004
      vertex -52.61018176616315 -115.99713708729243 4
    endloop
  endfacet
  facet normal 0.5338522522610861 -0.4681758599486154 0.7041399980949385
    outer loop
      vertex -51.3487006784951 -116.96510557068518 2.4000000000000004
      vertex -51.20208152801713 -116.79791847198287 2.4000000000000004
      vertex -52.32642522977959 -115.67357477022041 4
    endloop
  endfacet
  facet normal -0.39448884886958424 0.5903942845255259 0.7041399980949404
    outer loop
      vertex -49.15 -119.47224318643354 2.4000000000000004
      vertex -48.354968944099376 -120.84927736884855 4
      vertex -48.965105570685175 -119.3487006784951 2.4000000000000004
    endloop
  endfacet
  facet normal -0.4681758599486391 0.5338522522610647 0.7041399980949389
    outer loop
      vertex -48.965105570685175 -119.3487006784951 2.4000000000000004
      vertex -47.99713708729243 -120.61018176616315 4
      vertex -48.79791847198287 -119.20208152801713 2.4000000000000004
    endloop
  endfacet
  facet normal -0.5338522522610861 0.4681758599486154 0.7041399980949384
    outer loop
      vertex -48.79791847198287 -119.20208152801713 2.4000000000000004
      vertex -47.67357477022041 -120.32642522977959 4
      vertex -48.6512993215049 -119.03489442931482 2.4000000000000004
    endloop
  endfacet
  facet normal -0.5903942845255145 0.39448884886959934 0.7041399980949415
    outer loop
      vertex -48.6512993215049 -119.03489442931482 2.4000000000000004
      vertex -47.38981823383685 -120.00286291270757 4
      vertex -48.527756813566455 -118.85 2.4000000000000004
    endloop
  endfacet
  facet normal -0.6368345068935071 0.31405202421344086 0.7041399980949414
    outer loop
      vertex -48.527756813566455 -118.85 2.4000000000000004
      vertex -47.150722631151446 -119.64503105590062 4
      vertex -48.429404794730814 -118.65056183502065 2.4000000000000004
    endloop
  endfacet
  facet normal -0.6723783142846741 0.2282416823513094 0.7041399980949413
    outer loop
      vertex -48.429404794730814 -118.65056183502065 2.4000000000000004
      vertex -46.96037895421597 -119.25905226163843 4
      vertex -48.357926095308585 -118.43999237667428 2.4000000000000004
    endloop
  endfacet
  facet normal -0.6964175422999371 0.13852606202361387 0.7041399980949422
    outer loop
      vertex -48.357926095308585 -118.43999237667428 2.4000000000000004
      vertex -46.822044036116026 -118.85153073410439 4
      vertex -48.31454373566452 -118.2218945267741 2.4000000000000004
    endloop
  endfacet
  facet normal -0.7085408730830337 0.04644022236800039 0.7041399980949407
    outer loop
      vertex -48.31454373566452 -118.2218945267741 2.4000000000000004
      vertex -46.73808482565399 -118.42943927962088 4
      vertex -48.3 -118 2.4000000000000004
    endloop
  endfacet
  facet normal -0.7085408730830347 -0.04644022236800045 0.7041399980949397
    outer loop
      vertex -48.3 -118 2.4000000000000004
      vertex -46.70993788819876 -118 4
      vertex -48.31454373566452 -117.7781054732259 2.4000000000000004
    endloop
  endfacet
  facet normal -0.6964175422999392 -0.13852606202361428 0.70413999809494
    outer loop
      vertex -48.31454373566452 -117.7781054732259 2.4000000000000004
      vertex -46.73808482565399 -117.57056072037912 4
      vertex -48.357926095308585 -117.56000762332572 2.4000000000000004
    endloop
  endfacet
  facet normal -0.6723783142846733 -0.22824168235130915 0.7041399980949421
    outer loop
      vertex -48.357926095308585 -117.56000762332572 2.4000000000000004
      vertex -46.822044036116026 -117.14846926589561 4
      vertex -48.429404794730814 -117.34943816497935 2.4000000000000004
    endloop
  endfacet
  facet normal -0.5903942845255149 -0.39448884886959956 0.7041399980949412
    outer loop
      vertex -48.527756813566455 -117.15 2.4000000000000004
      vertex -47.150722631151446 -116.35496894409938 4
      vertex -48.6512993215049 -116.96510557068518 2.4000000000000004
    endloop
  endfacet
  facet normal -0.6368345068935074 -0.31405202421344103 0.7041399980949409
    outer loop
      vertex -48.429404794730814 -117.34943816497935 2.4000000000000004
      vertex -46.96037895421597 -116.74094773836157 4
      vertex -48.527756813566455 -117.15 2.4000000000000004
    endloop
  endfacet
  facet normal -0.5338522522610833 -0.4681758599486129 0.7041399980949422
    outer loop
      vertex -48.79791847198287 -116.79791847198287 2.4000000000000004
      vertex -48.6512993215049 -116.96510557068518 2.4000000000000004
      vertex -47.38981823383685 -115.99713708729243 4
    endloop
  endfacet
  facet normal 0.4681758599486391 -0.5338522522610647 0.7041399980949389
    outer loop
      vertex -51.20208152801713 -116.79791847198287 2.4000000000000004
      vertex -51.034894429314825 -116.6512993215049 2.4000000000000004
      vertex -52.00286291270757 -115.38981823383685 4
    endloop
  endfacet
  facet normal 0.39448884886958424 -0.5903942845255259 0.7041399980949404
    outer loop
      vertex -51.034894429314825 -116.6512993215049 2.4000000000000004
      vertex -50.85 -116.52775681356646 2.4000000000000004
      vertex -51.645031055900624 -115.15072263115145 4
    endloop
  endfacet
  facet normal 0.3140520242134316 -0.636834506893511 0.7041399980949419
    outer loop
      vertex -50.85 -116.52775681356646 2.4000000000000004
      vertex -50.65056183502065 -116.42940479473081 2.4000000000000004
      vertex -51.25905226163844 -114.96037895421597 4
    endloop
  endfacet
  facet normal 0.22824168235130934 -0.6723783142846739 0.7041399980949415
    outer loop
      vertex -50.65056183502065 -116.42940479473081 2.4000000000000004
      vertex -50.43999237667428 -116.35792609530858 2.4000000000000004
      vertex -50.85153073410438 -114.82204403611603 4
    endloop
  endfacet
  facet normal 0.1385260620235873 -0.6964175422999402 0.7041399980949443
    outer loop
      vertex -50.43999237667428 -116.35792609530858 2.4000000000000004
      vertex -50.221894526774086 -116.31454373566453 2.4000000000000004
      vertex -50.42943927962088 -114.73808482565398 4
    endloop
  endfacet
  facet normal 0.04644022236802448 -0.7085408730830324 0.7041399980949405
    outer loop
      vertex -50.221894526774086 -116.31454373566453 2.4000000000000004
      vertex -50 -116.3 2.4000000000000004
      vertex -50 -114.70993788819875 4
    endloop
  endfacet
  facet normal -0.046440222368024205 -0.7085408730830282 0.7041399980949449
    outer loop
      vertex -50 -116.3 2.4000000000000004
      vertex -49.778105473225914 -116.31454373566453 2.4000000000000004
      vertex -49.57056072037912 -114.73808482565398 4
    endloop
  endfacet
  facet normal -0.13852606202358794 -0.6964175422999435 0.7041399980949411
    outer loop
      vertex -49.778105473225914 -116.31454373566453 2.4000000000000004
      vertex -49.56000762332572 -116.35792609530858 2.4000000000000004
      vertex -49.14846926589562 -114.82204403611603 4
    endloop
  endfacet
  facet normal -0.22824168235130926 -0.6723783142846737 0.7041399980949417
    outer loop
      vertex -49.56000762332572 -116.35792609530858 2.4000000000000004
      vertex -49.34943816497935 -116.42940479473081 2.4000000000000004
      vertex -48.74094773836156 -114.96037895421597 4
    endloop
  endfacet
  facet normal -0.31405202421343265 -0.6368345068935131 0.7041399980949397
    outer loop
      vertex -49.15 -116.52775681356646 2.4000000000000004
      vertex -48.354968944099376 -115.15072263115145 4
      vertex -49.34943816497935 -116.42940479473081 2.4000000000000004
    endloop
  endfacet
  facet normal -0.39448884886958524 -0.5903942845255273 0.7041399980949388
    outer loop
      vertex -49.15 -116.52775681356646 2.4000000000000004
      vertex -48.965105570685175 -116.6512993215049 2.4000000000000004
      vertex -47.99713708729243 -115.38981823383685 4
    endloop
  endfacet
  facet normal -0.46817585994863875 -0.5338522522610644 0.7041399980949395
    outer loop
      vertex -48.79791847198287 -116.79791847198287 2.4000000000000004
      vertex -47.67357477022041 -115.67357477022041 4
      vertex -48.965105570685175 -116.6512993215049 2.4000000000000004
    endloop
  endfacet
  facet normal 0.5903942845255162 0.39448884886959684 0.7041399980949414
    outer loop
      vertex -51.3487006784951 -119.03489442931482 2.4000000000000004
      vertex -52.849277368848554 -119.64503105590062 4
      vertex -52.61018176616315 -120.00286291270757 4
    endloop
  endfacet
  facet normal 0.672378314284672 0.2282416823513152 0.7041399980949415
    outer loop
      vertex -51.570595205269186 -118.65056183502065 2.4000000000000004
      vertex -53.177955963883974 -118.85153073410439 4
      vertex -53.03962104578403 -119.25905226163843 4
    endloop
  endfacet
  facet normal 0.6368345068935084 0.31405202421343836 0.7041399980949413
    outer loop
      vertex -51.472243186433545 -118.85 2.4000000000000004
      vertex -53.03962104578403 -119.25905226163843 4
      vertex -52.849277368848554 -119.64503105590062 4
    endloop
  endfacet
  facet normal 0.6964175422999408 0.13852606202359818 0.7041399980949418
    outer loop
      vertex -51.642073904691415 -118.43999237667428 2.4000000000000004
      vertex -53.26191517434601 -118.42943927962088 4
      vertex -53.177955963883974 -118.85153073410439 4
    endloop
  endfacet
  facet normal 0.7085408730830344 0.04644022236799277 0.7041399980949404
    outer loop
      vertex -51.68545626433548 -118.2218945267741 2.4000000000000004
      vertex -53.29006211180124 -118 4
      vertex -53.26191517434601 -118.42943927962088 4
    endloop
  endfacet
  facet normal 0.7085408730830349 -0.046440222367993264 0.7041399980949399
    outer loop
      vertex -51.7 -118 2.4000000000000004
      vertex -53.26191517434601 -117.57056072037912 4
      vertex -53.29006211180124 -118 4
    endloop
  endfacet
  facet normal 0.6964175422999418 -0.13852606202359838 0.7041399980949407
    outer loop
      vertex -51.68545626433548 -117.7781054732259 2.4000000000000004
      vertex -53.177955963883974 -117.14846926589561 4
      vertex -53.26191517434601 -117.57056072037912 4
    endloop
  endfacet
  facet normal 0.6723783142846717 -0.2282416823513151 0.7041399980949419
    outer loop
      vertex -51.642073904691415 -117.56000762332572 2.4000000000000004
      vertex -53.03962104578403 -116.74094773836157 4
      vertex -53.177955963883974 -117.14846926589561 4
    endloop
  endfacet
  facet normal 0.6368345068935088 -0.31405202421343803 0.704139998094941
    outer loop
      vertex -51.570595205269186 -117.34943816497935 2.4000000000000004
      vertex -52.849277368848554 -116.35496894409938 4
      vertex -53.03962104578403 -116.74094773836157 4
    endloop
  endfacet
  facet normal 0.5903942845255166 -0.3944888488695967 0.7041399980949413
    outer loop
      vertex -51.472243186433545 -117.15 2.4000000000000004
      vertex -52.61018176616315 -115.99713708729243 4
      vertex -52.849277368848554 -116.35496894409938 4
    endloop
  endfacet
  facet normal 0.46817585994863614 0.5338522522610673 0.7041399980949392
    outer loop
      vertex -51.034894429314825 -119.3487006784951 2.4000000000000004
      vertex -52.32642522977959 -120.32642522977959 4
      vertex -52.00286291270757 -120.61018176616315 4
    endloop
  endfacet
  facet normal 0.39448884886959495 0.5903942845255191 0.7041399980949401
    outer loop
      vertex -50.85 -119.47224318643354 2.4000000000000004
      vertex -52.00286291270757 -120.61018176616315 4
      vertex -51.645031055900624 -120.84927736884855 4
    endloop
  endfacet
  facet normal 0.5338522522610671 0.468175859948636 0.7041399980949394
    outer loop
      vertex -51.20208152801713 -119.20208152801713 2.4000000000000004
      vertex -52.61018176616315 -120.00286291270757 4
      vertex -52.32642522977959 -120.32642522977959 4
    endloop
  endfacet
  facet normal 0.31405202421344713 0.636834506893504 0.7041399980949414
    outer loop
      vertex -50.65056183502065 -119.57059520526919 2.4000000000000004
      vertex -51.645031055900624 -120.84927736884855 4
      vertex -51.25905226163844 -121.03962104578403 4
    endloop
  endfacet
  facet normal 0.228241682351308 0.6723783142846742 0.7041399980949417
    outer loop
      vertex -50.43999237667428 -119.64207390469142 2.4000000000000004
      vertex -51.25905226163844 -121.03962104578403 4
      vertex -50.85153073410438 -121.17795596388397 4
    endloop
  endfacet
  facet normal 0.1385260620236111 0.6964175422999364 0.7041399980949435
    outer loop
      vertex -50.221894526774086 -119.68545626433547 2.4000000000000004
      vertex -50.85153073410438 -121.17795596388397 4
      vertex -50.42943927962088 -121.26191517434602 4
    endloop
  endfacet
  facet normal 0.0464402223679927 0.7085408730830334 0.7041399980949414
    outer loop
      vertex -50 -119.7 2.4000000000000004
      vertex -50.42943927962088 -121.26191517434602 4
      vertex -50 -121.29006211180125 4
    endloop
  endfacet
  facet normal -0.04644022236799256 0.7085408730830313 0.7041399980949438
    outer loop
      vertex -49.778105473225914 -119.68545626433547 2.4000000000000004
      vertex -50 -121.29006211180125 4
      vertex -49.57056072037912 -121.26191517434602 4
    endloop
  endfacet
  facet normal -0.13852606202361142 0.696417542299938 0.7041399980949419
    outer loop
      vertex -49.56000762332572 -119.64207390469142 2.4000000000000004
      vertex -49.57056072037912 -121.26191517434602 4
      vertex -49.14846926589562 -121.17795596388397 4
    endloop
  endfacet
  facet normal -0.22824168235130796 0.6723783142846742 0.7041399980949418
    outer loop
      vertex -49.34943816497935 -119.57059520526919 2.4000000000000004
      vertex -49.14846926589562 -121.17795596388397 4
      vertex -48.74094773836156 -121.03962104578403 4
    endloop
  endfacet
  facet normal -0.314052024213448 0.6368345068935047 0.7041399980949402
    outer loop
      vertex -49.15 -119.47224318643354 2.4000000000000004
      vertex -48.74094773836156 -121.03962104578403 4
      vertex -48.354968944099376 -120.84927736884855 4
    endloop
  endfacet
  facet normal -0.39448884886959523 0.5903942845255201 0.7041399980949392
    outer loop
      vertex -48.965105570685175 -119.3487006784951 2.4000000000000004
      vertex -48.354968944099376 -120.84927736884855 4
      vertex -47.99713708729243 -120.61018176616315 4
    endloop
  endfacet
  facet normal -0.468175859948636 0.5338522522610671 0.7041399980949394
    outer loop
      vertex -48.79791847198287 -119.20208152801713 2.4000000000000004
      vertex -47.99713708729243 -120.61018176616315 4
      vertex -47.67357477022041 -120.32642522977959 4
    endloop
  endfacet
  facet normal -0.5338522522610658 0.4681758599486344 0.7041399980949414
    outer loop
      vertex -48.6512993215049 -119.03489442931482 2.4000000000000004
      vertex -47.67357477022041 -120.32642522977959 4
      vertex -47.38981823383685 -120.00286291270757 4
    endloop
  endfacet
  facet normal -0.5903942845255166 0.3944888488695967 0.7041399980949413
    outer loop
      vertex -48.527756813566455 -118.85 2.4000000000000004
      vertex -47.38981823383685 -120.00286291270757 4
      vertex -47.150722631151446 -119.64503105590062 4
    endloop
  endfacet
  facet normal -0.6368345068935084 -0.31405202421343836 0.7041399980949413
    outer loop
      vertex -48.527756813566455 -117.15 2.4000000000000004
      vertex -46.96037895421597 -116.74094773836157 4
      vertex -47.150722631151446 -116.35496894409938 4
    endloop
  endfacet
  facet normal -0.5903942845255162 -0.39448884886959684 0.7041399980949414
    outer loop
      vertex -48.6512993215049 -116.96510557068518 2.4000000000000004
      vertex -47.150722631151446 -116.35496894409938 4
      vertex -47.38981823383685 -115.99713708729243 4
    endloop
  endfacet
  facet normal -0.6368345068935088 0.31405202421343803 0.704139998094941
    outer loop
      vertex -48.429404794730814 -118.65056183502065 2.4000000000000004
      vertex -47.150722631151446 -119.64503105590062 4
      vertex -46.96037895421597 -119.25905226163843 4
    endloop
  endfacet
  facet normal -0.6723783142846717 0.2282416823513151 0.7041399980949419
    outer loop
      vertex -48.357926095308585 -118.43999237667428 2.4000000000000004
      vertex -46.96037895421597 -119.25905226163843 4
      vertex -46.822044036116026 -118.85153073410439 4
    endloop
  endfacet
  facet normal -0.6964175422999418 0.13852606202359838 0.7041399980949407
    outer loop
      vertex -48.31454373566452 -118.2218945267741 2.4000000000000004
      vertex -46.822044036116026 -118.85153073410439 4
      vertex -46.73808482565399 -118.42943927962088 4
    endloop
  endfacet
  facet normal -0.7085408730830349 0.046440222367993264 0.7041399980949399
    outer loop
      vertex -48.3 -118 2.4000000000000004
      vertex -46.73808482565399 -118.42943927962088 4
      vertex -46.70993788819876 -118 4
    endloop
  endfacet
  facet normal -0.7085408730830344 -0.04644022236799277 0.7041399980949404
    outer loop
      vertex -48.31454373566452 -117.7781054732259 2.4000000000000004
      vertex -46.70993788819876 -118 4
      vertex -46.73808482565399 -117.57056072037912 4
    endloop
  endfacet
  facet normal -0.6964175422999408 -0.13852606202359818 0.7041399980949418
    outer loop
      vertex -48.357926095308585 -117.56000762332572 2.4000000000000004
      vertex -46.73808482565399 -117.57056072037912 4
      vertex -46.822044036116026 -117.14846926589561 4
    endloop
  endfacet
  facet normal -0.672378314284672 -0.2282416823513152 0.7041399980949415
    outer loop
      vertex -48.429404794730814 -117.34943816497935 2.4000000000000004
      vertex -46.822044036116026 -117.14846926589561 4
      vertex -46.96037895421597 -116.74094773836157 4
    endloop
  endfacet
  facet normal 0.5338522522610658 -0.4681758599486344 0.7041399980949414
    outer loop
      vertex -51.3487006784951 -116.96510557068518 2.4000000000000004
      vertex -52.32642522977959 -115.67357477022041 4
      vertex -52.61018176616315 -115.99713708729243 4
    endloop
  endfacet
  facet normal 0.468175859948636 -0.5338522522610671 0.7041399980949394
    outer loop
      vertex -51.20208152801713 -116.79791847198287 2.4000000000000004
      vertex -52.00286291270757 -115.38981823383685 4
      vertex -52.32642522977959 -115.67357477022041 4
    endloop
  endfacet
  facet normal 0.39448884886959523 -0.5903942845255201 0.7041399980949392
    outer loop
      vertex -51.034894429314825 -116.6512993215049 2.4000000000000004
      vertex -51.645031055900624 -115.15072263115145 4
      vertex -52.00286291270757 -115.38981823383685 4
    endloop
  endfacet
  facet normal 0.314052024213448 -0.6368345068935047 0.7041399980949402
    outer loop
      vertex -50.85 -116.52775681356646 2.4000000000000004
      vertex -51.25905226163844 -114.96037895421597 4
      vertex -51.645031055900624 -115.15072263115145 4
    endloop
  endfacet
  facet normal 0.22824168235130796 -0.6723783142846742 0.7041399980949418
    outer loop
      vertex -50.65056183502065 -116.42940479473081 2.4000000000000004
      vertex -50.85153073410438 -114.82204403611603 4
      vertex -51.25905226163844 -114.96037895421597 4
    endloop
  endfacet
  facet normal 0.13852606202361142 -0.696417542299938 0.7041399980949419
    outer loop
      vertex -50.43999237667428 -116.35792609530858 2.4000000000000004
      vertex -50.42943927962088 -114.73808482565398 4
      vertex -50.85153073410438 -114.82204403611603 4
    endloop
  endfacet
  facet normal 0.04644022236799256 -0.7085408730830313 0.7041399980949438
    outer loop
      vertex -50.221894526774086 -116.31454373566453 2.4000000000000004
      vertex -50 -114.70993788819875 4
      vertex -50.42943927962088 -114.73808482565398 4
    endloop
  endfacet
  facet normal -0.0464402223679927 -0.7085408730830334 0.7041399980949414
    outer loop
      vertex -50 -116.3 2.4000000000000004
      vertex -49.57056072037912 -114.73808482565398 4
      vertex -50 -114.70993788819875 4
    endloop
  endfacet
  facet normal -0.1385260620236111 -0.6964175422999364 0.7041399980949435
    outer loop
      vertex -49.778105473225914 -116.31454373566453 2.4000000000000004
      vertex -49.14846926589562 -114.82204403611603 4
      vertex -49.57056072037912 -114.73808482565398 4
    endloop
  endfacet
  facet normal -0.228241682351308 -0.6723783142846742 0.7041399980949417
    outer loop
      vertex -49.56000762332572 -116.35792609530858 2.4000000000000004
      vertex -48.74094773836156 -114.96037895421597 4
      vertex -49.14846926589562 -114.82204403611603 4
    endloop
  endfacet
  facet normal -0.39448884886959495 -0.5903942845255191 0.7041399980949401
    outer loop
      vertex -49.15 -116.52775681356646 2.4000000000000004
      vertex -47.99713708729243 -115.38981823383685 4
      vertex -48.354968944099376 -115.15072263115145 4
    endloop
  endfacet
  facet normal -0.31405202421344713 -0.636834506893504 0.7041399980949414
    outer loop
      vertex -49.34943816497935 -116.42940479473081 2.4000000000000004
      vertex -48.354968944099376 -115.15072263115145 4
      vertex -48.74094773836156 -114.96037895421597 4
    endloop
  endfacet
  facet normal -0.5338522522610671 -0.468175859948636 0.7041399980949394
    outer loop
      vertex -48.79791847198287 -116.79791847198287 2.4000000000000004
      vertex -47.38981823383685 -115.99713708729243 4
      vertex -47.67357477022041 -115.67357477022041 4
    endloop
  endfacet
  facet normal -0.46817585994863614 -0.5338522522610673 0.7041399980949392
    outer loop
      vertex -48.965105570685175 -116.6512993215049 2.4000000000000004
      vertex -47.67357477022041 -115.67357477022041 4
      vertex -47.99713708729243 -115.38981823383685 4
    endloop
  endfacet
  facet normal 0.4681758599486687 0.5338522522610241 0.7041399980949501
    outer loop
      vertex -141.03489442931482 -129.3487006784951 2.4000000000000004
      vertex -141.20208152801712 -129.20208152801712 2.4000000000000004
      vertex -142.3264252297796 -130.3264252297796 4
    endloop
  endfacet
  facet normal 0.3944888488696154 0.5903942845255045 0.7041399980949409
    outer loop
      vertex -141.03489442931482 -129.3487006784951 2.4000000000000004
      vertex -142.00286291270757 -130.61018176616315 4
      vertex -140.85 -129.47224318643356 2.4000000000000004
    endloop
  endfacet
  facet normal 0.31405202421344086 0.6368345068935071 0.7041399980949413
    outer loop
      vertex -140.65056183502065 -129.5705952052692 2.4000000000000004
      vertex -140.85 -129.47224318643356 2.4000000000000004
      vertex -141.64503105590063 -130.84927736884856 4
    endloop
  endfacet
  facet normal 0.63683450689351 0.3140520242134423 0.7041399980949381
    outer loop
      vertex -141.47224318643356 -128.85 2.4000000000000004
      vertex -141.5705952052692 -128.65056183502065 2.4000000000000004
      vertex -143.03962104578403 -129.25905226163843 4
    endloop
  endfacet
  facet normal 0.533852252261033 0.4681758599486765 0.7041399980949385
    outer loop
      vertex -141.3487006784951 -129.03489442931482 2.4000000000000004
      vertex -142.61018176616315 -130.00286291270757 4
      vertex -141.20208152801712 -129.20208152801712 2.4000000000000004
    endloop
  endfacet
  facet normal 0.5903942845255044 0.3944888488696153 0.7041399980949409
    outer loop
      vertex -141.47224318643356 -128.85 2.4000000000000004
      vertex -142.84927736884856 -129.64503105590063 4
      vertex -141.3487006784951 -129.03489442931482 2.4000000000000004
    endloop
  endfacet
  facet normal 0.6723783142846854 0.2282416823512833 0.704139998094939
    outer loop
      vertex -141.5705952052692 -128.65056183502065 2.4000000000000004
      vertex -141.64207390469142 -128.4399923766743 2.4000000000000004
      vertex -143.17795596388396 -128.8515307341044 4
    endloop
  endfacet
  facet normal 0.6964175422999442 0.13852606202358358 0.7041399980949411
    outer loop
      vertex -141.64207390469142 -128.4399923766743 2.4000000000000004
      vertex -141.68545626433547 -128.2218945267741 2.4000000000000004
      vertex -143.261915174346 -128.42943927962088 4
    endloop
  endfacet
  facet normal 0.2282416823512838 0.6723783142846869 0.7041399980949373
    outer loop
      vertex -140.65056183502065 -129.5705952052692 2.4000000000000004
      vertex -141.25905226163843 -131.03962104578403 4
      vertex -140.4399923766743 -129.64207390469142 2.4000000000000004
    endloop
  endfacet
  facet normal 0.1385260620235843 0.6964175422999478 0.7041399980949375
    outer loop
      vertex -140.4399923766743 -129.64207390469142 2.4000000000000004
      vertex -140.8515307341044 -131.17795596388396 4
      vertex -140.2218945267741 -129.68545626433547 2.4000000000000004
    endloop
  endfacet
  facet normal 0.046440222367977846 0.7085408730830359 0.7041399980949399
    outer loop
      vertex -140.2218945267741 -129.68545626433547 2.4000000000000004
      vertex -140.42943927962088 -131.261915174346 4
      vertex -140 -129.7 2.4000000000000004
    endloop
  endfacet
  facet normal -0.046440222367977714 0.7085408730830338 0.704139998094942
    outer loop
      vertex -140 -129.7 2.4000000000000004
      vertex -140 -131.29006211180123 4
      vertex -139.7781054732259 -129.68545626433547 2.4000000000000004
    endloop
  endfacet
  facet normal -0.13852606202358358 0.6964175422999442 0.7041399980949411
    outer loop
      vertex -139.7781054732259 -129.68545626433547 2.4000000000000004
      vertex -139.57056072037912 -131.261915174346 4
      vertex -139.5600076233257 -129.64207390469142 2.4000000000000004
    endloop
  endfacet
  facet normal -0.22824168235128325 0.6723783142846852 0.704139998094939
    outer loop
      vertex -139.5600076233257 -129.64207390469142 2.4000000000000004
      vertex -139.1484692658956 -131.17795596388396 4
      vertex -139.34943816497935 -129.5705952052692 2.4000000000000004
    endloop
  endfacet
  facet normal 0.7085408730830338 0.046440222367977714 0.7041399980949419
    outer loop
      vertex -141.68545626433547 -128.2218945267741 2.4000000000000004
      vertex -141.7 -128 2.4000000000000004
      vertex -143.29006211180123 -128 4
    endloop
  endfacet
  facet normal 0.7085408730830359 -0.046440222367977846 0.70413999809494
    outer loop
      vertex -141.7 -128 2.4000000000000004
      vertex -141.68545626433547 -127.7781054732259 2.4000000000000004
      vertex -143.261915174346 -127.57056072037912 4
    endloop
  endfacet
  facet normal 0.6964175422999451 -0.13852606202359277 0.7041399980949383
    outer loop
      vertex -141.68545626433547 -127.7781054732259 2.4000000000000004
      vertex -141.64207390469142 -127.56000762332572 2.4000000000000004
      vertex -143.17795596388396 -127.14846926589561 4
    endloop
  endfacet
  facet normal 0.6723783142846921 -0.22824168235127015 0.7041399980949369
    outer loop
      vertex -141.64207390469142 -127.56000762332572 2.4000000000000004
      vertex -141.5705952052692 -127.34943816497935 2.4000000000000004
      vertex -143.03962104578403 -126.74094773836157 4
    endloop
  endfacet
  facet normal 0.6368345068935083 -0.31405202421344147 0.7041399980949399
    outer loop
      vertex -141.5705952052692 -127.34943816497935 2.4000000000000004
      vertex -141.47224318643356 -127.15 2.4000000000000004
      vertex -142.84927736884856 -126.35496894409938 4
    endloop
  endfacet
  facet normal 0.5903942845255045 -0.3944888488696154 0.7041399980949409
    outer loop
      vertex -141.47224318643356 -127.15 2.4000000000000004
      vertex -141.3487006784951 -126.96510557068518 2.4000000000000004
      vertex -142.61018176616315 -125.99713708729243 4
    endloop
  endfacet
  facet normal 0.5338522522610477 -0.46817585994864974 0.704139998094945
    outer loop
      vertex -141.3487006784951 -126.96510557068518 2.4000000000000004
      vertex -141.20208152801712 -126.79791847198287 2.4000000000000004
      vertex -142.3264252297796 -125.67357477022041 4
    endloop
  endfacet
  facet normal 0.4681758599486501 -0.5338522522610546 0.7041399980949395
    outer loop
      vertex -141.20208152801712 -126.79791847198287 2.4000000000000004
      vertex -141.03489442931482 -126.6512993215049 2.4000000000000004
      vertex -142.00286291270757 -125.38981823383685 4
    endloop
  endfacet
  facet normal 0.3944888488695833 -0.5903942845255244 0.7041399980949422
    outer loop
      vertex -141.03489442931482 -126.6512993215049 2.4000000000000004
      vertex -140.85 -126.52775681356646 2.4000000000000004
      vertex -141.64503105590063 -125.15072263115145 4
    endloop
  endfacet
  facet normal 0.31405202421344103 -0.6368345068935074 0.704139998094941
    outer loop
      vertex -140.85 -126.52775681356646 2.4000000000000004
      vertex -140.65056183502065 -126.42940479473081 2.4000000000000004
      vertex -141.25905226163843 -124.96037895421597 4
    endloop
  endfacet
  facet normal 0.22824168235132347 -0.6723783142846701 0.7041399980949407
    outer loop
      vertex -140.65056183502065 -126.42940479473081 2.4000000000000004
      vertex -140.4399923766743 -126.35792609530858 2.4000000000000004
      vertex -140.8515307341044 -124.82204403611603 4
    endloop
  endfacet
  facet normal 0.13852606202358297 -0.6964175422999412 0.7041399980949442
    outer loop
      vertex -140.4399923766743 -126.35792609530858 2.4000000000000004
      vertex -140.2218945267741 -126.31454373566453 2.4000000000000004
      vertex -140.42943927962088 -124.73808482565398 4
    endloop
  endfacet
  facet normal 0.04644022236802299 -0.7085408730830323 0.7041399980949403
    outer loop
      vertex -140.2218945267741 -126.31454373566453 2.4000000000000004
      vertex -140 -126.3 2.4000000000000004
      vertex -140 -124.70993788819875 4
    endloop
  endfacet
  facet normal -0.046440222368022734 -0.7085408730830284 0.7041399980949447
    outer loop
      vertex -140 -126.3 2.4000000000000004
      vertex -139.7781054732259 -126.31454373566453 2.4000000000000004
      vertex -139.57056072037912 -124.73808482565398 4
    endloop
  endfacet
  facet normal -0.1385260620235837 -0.6964175422999448 0.7041399980949407
    outer loop
      vertex -139.7781054732259 -126.31454373566453 2.4000000000000004
      vertex -139.5600076233257 -126.35792609530858 2.4000000000000004
      vertex -139.1484692658956 -124.82204403611603 4
    endloop
  endfacet
  facet normal 0.6368345068935185 0.3140520242134194 0.7041399980949405
    outer loop
      vertex -141.47224318643356 -128.85 2.4000000000000004
      vertex -143.03962104578403 -129.25905226163843 4
      vertex -142.84927736884856 -129.64503105590063 4
    endloop
  endfacet
  facet normal 0.6723783142846828 0.22824168235129502 0.7041399980949379
    outer loop
      vertex -141.5705952052692 -128.65056183502065 2.4000000000000004
      vertex -143.17795596388396 -128.8515307341044 4
      vertex -143.03962104578403 -129.25905226163843 4
    endloop
  endfacet
  facet normal 0.6964175422999418 0.13852606202360984 0.7041399980949383
    outer loop
      vertex -141.64207390469142 -128.4399923766743 2.4000000000000004
      vertex -143.261915174346 -128.42943927962088 4
      vertex -143.17795596388396 -128.8515307341044 4
    endloop
  endfacet
  facet normal 0.7085408730830344 0.04644022236799277 0.7041399980949404
    outer loop
      vertex -141.68545626433547 -128.2218945267741 2.4000000000000004
      vertex -143.29006211180123 -128 4
      vertex -143.261915174346 -128.42943927962088 4
    endloop
  endfacet
  facet normal 0.533852252261083 0.46817585994860567 0.7041399980949473
    outer loop
      vertex -141.20208152801712 -129.20208152801712 2.4000000000000004
      vertex -142.61018176616315 -130.00286291270757 4
      vertex -142.3264252297796 -130.3264252297796 4
    endloop
  endfacet
  facet normal 0.4681758599486099 0.5338522522610876 0.7041399980949412
    outer loop
      vertex -141.03489442931482 -129.3487006784951 2.4000000000000004
      vertex -142.3264252297796 -130.3264252297796 4
      vertex -142.00286291270757 -130.61018176616315 4
    endloop
  endfacet
  facet normal 0.31405202421342016 0.6368345068935201 0.7041399980949389
    outer loop
      vertex -140.65056183502065 -129.5705952052692 2.4000000000000004
      vertex -141.64503105590063 -130.84927736884856 4
      vertex -141.25905226163843 -131.03962104578403 4
    endloop
  endfacet
  facet normal 0.22824168235129516 0.6723783142846818 0.7041399980949385
    outer loop
      vertex -140.4399923766743 -129.64207390469142 2.4000000000000004
      vertex -141.25905226163843 -131.03962104578403 4
      vertex -140.8515307341044 -131.17795596388396 4
    endloop
  endfacet
  facet normal 0.394488848869616 0.590394284525504 0.704139998094941
    outer loop
      vertex -140.85 -129.47224318643356 2.4000000000000004
      vertex -142.00286291270757 -130.61018176616315 4
      vertex -141.64503105590063 -130.84927736884856 4
    endloop
  endfacet
  facet normal 0.5903942845255041 0.3944888488696159 0.704139998094941
    outer loop
      vertex -141.3487006784951 -129.03489442931482 2.4000000000000004
      vertex -142.84927736884856 -129.64503105590063 4
      vertex -142.61018176616315 -130.00286291270757 4
    endloop
  endfacet
  facet normal 0.13852606202360992 0.69641754229994 0.7041399980949401
    outer loop
      vertex -140.2218945267741 -129.68545626433547 2.4000000000000004
      vertex -140.8515307341044 -131.17795596388396 4
      vertex -140.42943927962088 -131.261915174346 4
    endloop
  endfacet
  facet normal 0.0464402223679927 0.7085408730830334 0.7041399980949414
    outer loop
      vertex -140 -129.7 2.4000000000000004
      vertex -140.42943927962088 -131.261915174346 4
      vertex -140 -131.29006211180123 4
    endloop
  endfacet
  facet normal -0.04644022236799277 0.7085408730830344 0.7041399980949404
    outer loop
      vertex -139.7781054732259 -129.68545626433547 2.4000000000000004
      vertex -140 -131.29006211180123 4
      vertex -139.57056072037912 -131.261915174346 4
    endloop
  endfacet
  facet normal -0.13852606202360984 0.6964175422999418 0.7041399980949383
    outer loop
      vertex -139.5600076233257 -129.64207390469142 2.4000000000000004
      vertex -139.57056072037912 -131.261915174346 4
      vertex -139.1484692658956 -131.17795596388396 4
    endloop
  endfacet
  facet normal 0.7085408730830334 -0.0464402223679927 0.7041399980949414
    outer loop
      vertex -141.7 -128 2.4000000000000004
      vertex -143.261915174346 -127.57056072037912 4
      vertex -143.29006211180123 -128 4
    endloop
  endfacet
  facet normal 0.69641754229994 -0.13852606202360992 0.7041399980949401
    outer loop
      vertex -141.68545626433547 -127.7781054732259 2.4000000000000004
      vertex -143.17795596388396 -127.14846926589561 4
      vertex -143.261915174346 -127.57056072037912 4
    endloop
  endfacet
  facet normal 0.6723783142846809 -0.22824168235129488 0.7041399980949397
    outer loop
      vertex -141.64207390469142 -127.56000762332572 2.4000000000000004
      vertex -143.03962104578403 -126.74094773836157 4
      vertex -143.17795596388396 -127.14846926589561 4
    endloop
  endfacet
  facet normal 0.6368345068935158 -0.3140520242134296 0.7041399980949385
    outer loop
      vertex -141.5705952052692 -127.34943816497935 2.4000000000000004
      vertex -142.84927736884856 -126.35496894409938 4
      vertex -143.03962104578403 -126.74094773836157 4
    endloop
  endfacet
  facet normal 0.5903942845255125 -0.3944888488696059 0.7041399980949397
    outer loop
      vertex -141.47224318643356 -127.15 2.4000000000000004
      vertex -142.61018176616315 -125.99713708729243 4
      vertex -142.84927736884856 -126.35496894409938 4
    endloop
  endfacet
  facet normal 0.5338522522610778 -0.46817585994862176 0.7041399980949408
    outer loop
      vertex -141.3487006784951 -126.96510557068518 2.4000000000000004
      vertex -142.3264252297796 -125.67357477022041 4
      vertex -142.61018176616315 -125.99713708729243 4
    endloop
  endfacet
  facet normal 0.4681758599486218 -0.5338522522610746 0.7041399980949431
    outer loop
      vertex -141.20208152801712 -126.79791847198287 2.4000000000000004
      vertex -142.00286291270757 -125.38981823383685 4
      vertex -142.3264252297796 -125.67357477022041 4
    endloop
  endfacet
  facet normal 0.39448884886960006 -0.5903942845255155 0.7041399980949403
    outer loop
      vertex -141.03489442931482 -126.6512993215049 2.4000000000000004
      vertex -141.64503105590063 -125.15072263115145 4
      vertex -142.00286291270757 -125.38981823383685 4
    endloop
  endfacet
  facet normal 0.31405202421343825 -0.6368345068935085 0.7041399980949412
    outer loop
      vertex -140.85 -126.52775681356646 2.4000000000000004
      vertex -141.25905226163843 -124.96037895421597 4
      vertex -141.64503105590063 -125.15072263115145 4
    endloop
  endfacet
  facet normal 0.2282416823513152 -0.672378314284672 0.7041399980949415
    outer loop
      vertex -140.65056183502065 -126.42940479473081 2.4000000000000004
      vertex -140.8515307341044 -124.82204403611603 4
      vertex -141.25905226163843 -124.96037895421597 4
    endloop
  endfacet
  facet normal 0.1385260620236092 -0.6964175422999387 0.7041399980949414
    outer loop
      vertex -140.4399923766743 -126.35792609530858 2.4000000000000004
      vertex -140.42943927962088 -124.73808482565398 4
      vertex -140.8515307341044 -124.82204403611603 4
    endloop
  endfacet
  facet normal 0.04644022236799256 -0.7085408730830313 0.7041399980949437
    outer loop
      vertex -140.2218945267741 -126.31454373566453 2.4000000000000004
      vertex -140 -124.70993788819875 4
      vertex -140.42943927962088 -124.73808482565398 4
    endloop
  endfacet
  facet normal -0.0464402223679927 -0.7085408730830334 0.7041399980949414
    outer loop
      vertex -140 -126.3 2.4000000000000004
      vertex -139.57056072037912 -124.73808482565398 4
      vertex -140 -124.70993788819875 4
    endloop
  endfacet
  facet normal -0.13852606202360887 -0.696417542299937 0.7041399980949433
    outer loop
      vertex -139.7781054732259 -126.31454373566453 2.4000000000000004
      vertex -139.1484692658956 -124.82204403611603 4
      vertex -139.57056072037912 -124.73808482565398 4
    endloop
  endfacet
  facet normal -0.3140520242134423 0.63683450689351 0.704139998094938
    outer loop
      vertex -139.34943816497935 -129.5705952052692 2.4000000000000004
      vertex -138.74094773836157 -131.03962104578403 4
      vertex -139.15 -129.47224318643356 2.4000000000000004
    endloop
  endfacet
  facet normal -0.3944888488696153 0.5903942845255044 0.7041399980949409
    outer loop
      vertex -139.15 -129.47224318643356 2.4000000000000004
      vertex -138.35496894409937 -130.84927736884856 4
      vertex -138.96510557068518 -129.3487006784951 2.4000000000000004
    endloop
  endfacet
  facet normal -0.4681758599486765 0.533852252261033 0.7041399980949385
    outer loop
      vertex -138.96510557068518 -129.3487006784951 2.4000000000000004
      vertex -137.99713708729243 -130.61018176616315 4
      vertex -138.79791847198288 -129.20208152801712 2.4000000000000004
    endloop
  endfacet
  facet normal -0.5338522522610241 0.4681758599486687 0.7041399980949501
    outer loop
      vertex -138.79791847198288 -129.20208152801712 2.4000000000000004
      vertex -137.6735747702204 -130.3264252297796 4
      vertex -138.6512993215049 -129.03489442931482 2.4000000000000004
    endloop
  endfacet
  facet normal -0.5903942845255045 0.3944888488696154 0.7041399980949409
    outer loop
      vertex -138.6512993215049 -129.03489442931482 2.4000000000000004
      vertex -137.38981823383685 -130.00286291270757 4
      vertex -138.52775681356644 -128.85 2.4000000000000004
    endloop
  endfacet
  facet normal -0.6368345068935071 0.31405202421344086 0.7041399980949413
    outer loop
      vertex -138.52775681356644 -128.85 2.4000000000000004
      vertex -137.15072263115144 -129.64503105590063 4
      vertex -138.4294047947308 -128.65056183502065 2.4000000000000004
    endloop
  endfacet
  facet normal -0.6723783142846869 0.2282416823512838 0.7041399980949373
    outer loop
      vertex -138.4294047947308 -128.65056183502065 2.4000000000000004
      vertex -136.96037895421597 -129.25905226163843 4
      vertex -138.35792609530858 -128.4399923766743 2.4000000000000004
    endloop
  endfacet
  facet normal -0.6964175422999478 0.1385260620235843 0.7041399980949375
    outer loop
      vertex -138.35792609530858 -128.4399923766743 2.4000000000000004
      vertex -136.82204403611604 -128.8515307341044 4
      vertex -138.31454373566453 -128.2218945267741 2.4000000000000004
    endloop
  endfacet
  facet normal -0.7085408730830359 0.046440222367977846 0.7041399980949399
    outer loop
      vertex -138.31454373566453 -128.2218945267741 2.4000000000000004
      vertex -136.738084825654 -128.42943927962088 4
      vertex -138.3 -128 2.4000000000000004
    endloop
  endfacet
  facet normal -0.7085408730830338 -0.046440222367977714 0.704139998094942
    outer loop
      vertex -138.3 -128 2.4000000000000004
      vertex -136.70993788819877 -128 4
      vertex -138.31454373566453 -127.7781054732259 2.4000000000000004
    endloop
  endfacet
  facet normal -0.6964175422999428 -0.1385260620235923 0.7041399980949407
    outer loop
      vertex -138.31454373566453 -127.7781054732259 2.4000000000000004
      vertex -136.738084825654 -127.57056072037912 4
      vertex -138.35792609530858 -127.56000762332572 2.4000000000000004
    endloop
  endfacet
  facet normal -0.5903942845255059 -0.3944888488696163 0.7041399980949392
    outer loop
      vertex -138.6512993215049 -126.96510557068518 2.4000000000000004
      vertex -138.52775681356644 -127.15 2.4000000000000004
      vertex -137.15072263115144 -126.35496894409938 4
    endloop
  endfacet
  facet normal -0.63683450689351 -0.3140520242134423 0.704139998094938
    outer loop
      vertex -138.4294047947308 -127.34943816497935 2.4000000000000004
      vertex -136.96037895421597 -126.74094773836157 4
      vertex -138.52775681356644 -127.15 2.4000000000000004
    endloop
  endfacet
  facet normal -0.6723783142846889 -0.22824168235126904 0.7041399980949405
    outer loop
      vertex -138.4294047947308 -127.34943816497935 2.4000000000000004
      vertex -138.35792609530858 -127.56000762332572 2.4000000000000004
      vertex -136.82204403611604 -127.14846926589561 4
    endloop
  endfacet
  facet normal -0.31405202421344086 -0.6368345068935071 0.7041399980949413
    outer loop
      vertex -139.34943816497935 -126.42940479473081 2.4000000000000004
      vertex -139.15 -126.52775681356646 2.4000000000000004
      vertex -138.35496894409937 -125.15072263115145 4
    endloop
  endfacet
  facet normal -0.46817585994864697 -0.533852252261051 0.7041399980949442
    outer loop
      vertex -138.79791847198288 -126.79791847198287 2.4000000000000004
      vertex -137.6735747702204 -125.67357477022041 4
      vertex -138.96510557068518 -126.6512993215049 2.4000000000000004
    endloop
  endfacet
  facet normal -0.3944888488695847 -0.5903942845255264 0.7041399980949395
    outer loop
      vertex -139.15 -126.52775681356646 2.4000000000000004
      vertex -138.96510557068518 -126.6512993215049 2.4000000000000004
      vertex -137.99713708729243 -125.38981823383685 4
    endloop
  endfacet
  facet normal -0.2282416823513231 -0.672378314284669 0.7041399980949419
    outer loop
      vertex -139.5600076233257 -126.35792609530858 2.4000000000000004
      vertex -139.34943816497935 -126.42940479473081 2.4000000000000004
      vertex -138.74094773836157 -124.96037895421597 4
    endloop
  endfacet
  facet normal -0.5338522522610517 -0.4681758599486533 0.7041399980949393
    outer loop
      vertex -138.79791847198288 -126.79791847198287 2.4000000000000004
      vertex -138.6512993215049 -126.96510557068518 2.4000000000000004
      vertex -137.38981823383685 -125.99713708729243 4
    endloop
  endfacet
  facet normal -0.22824168235129502 0.6723783142846828 0.7041399980949379
    outer loop
      vertex -139.34943816497935 -129.5705952052692 2.4000000000000004
      vertex -139.1484692658956 -131.17795596388396 4
      vertex -138.74094773836157 -131.03962104578403 4
    endloop
  endfacet
  facet normal -0.3140520242134194 0.6368345068935185 0.7041399980949405
    outer loop
      vertex -139.15 -129.47224318643356 2.4000000000000004
      vertex -138.74094773836157 -131.03962104578403 4
      vertex -138.35496894409937 -130.84927736884856 4
    endloop
  endfacet
  facet normal -0.3944888488696159 0.5903942845255041 0.704139998094941
    outer loop
      vertex -138.96510557068518 -129.3487006784951 2.4000000000000004
      vertex -138.35496894409937 -130.84927736884856 4
      vertex -137.99713708729243 -130.61018176616315 4
    endloop
  endfacet
  facet normal -0.46817585994860567 0.533852252261083 0.7041399980949473
    outer loop
      vertex -138.79791847198288 -129.20208152801712 2.4000000000000004
      vertex -137.99713708729243 -130.61018176616315 4
      vertex -137.6735747702204 -130.3264252297796 4
    endloop
  endfacet
  facet normal -0.5338522522610876 0.4681758599486099 0.7041399980949412
    outer loop
      vertex -138.6512993215049 -129.03489442931482 2.4000000000000004
      vertex -137.6735747702204 -130.3264252297796 4
      vertex -137.38981823383685 -130.00286291270757 4
    endloop
  endfacet
  facet normal -0.590394284525504 0.394488848869616 0.704139998094941
    outer loop
      vertex -138.52775681356644 -128.85 2.4000000000000004
      vertex -137.38981823383685 -130.00286291270757 4
      vertex -137.15072263115144 -129.64503105590063 4
    endloop
  endfacet
  facet normal -0.6368345068935201 0.31405202421342016 0.7041399980949389
    outer loop
      vertex -138.4294047947308 -128.65056183502065 2.4000000000000004
      vertex -137.15072263115144 -129.64503105590063 4
      vertex -136.96037895421597 -129.25905226163843 4
    endloop
  endfacet
  facet normal -0.6723783142846818 0.22824168235129516 0.7041399980949385
    outer loop
      vertex -138.35792609530858 -128.4399923766743 2.4000000000000004
      vertex -136.96037895421597 -129.25905226163843 4
      vertex -136.82204403611604 -128.8515307341044 4
    endloop
  endfacet
  facet normal -0.69641754229994 0.13852606202360992 0.7041399980949401
    outer loop
      vertex -138.31454373566453 -128.2218945267741 2.4000000000000004
      vertex -136.82204403611604 -128.8515307341044 4
      vertex -136.738084825654 -128.42943927962088 4
    endloop
  endfacet
  facet normal -0.7085408730830334 0.0464402223679927 0.7041399980949414
    outer loop
      vertex -138.3 -128 2.4000000000000004
      vertex -136.738084825654 -128.42943927962088 4
      vertex -136.70993788819877 -128 4
    endloop
  endfacet
  facet normal -0.22824168235131537 -0.6723783142846725 0.7041399980949409
    outer loop
      vertex -139.5600076233257 -126.35792609530858 2.4000000000000004
      vertex -138.74094773836157 -124.96037895421597 4
      vertex -139.1484692658956 -124.82204403611603 4
    endloop
  endfacet
  facet normal -0.39448884886959956 -0.5903942845255143 0.7041399980949417
    outer loop
      vertex -139.15 -126.52775681356646 2.4000000000000004
      vertex -137.99713708729243 -125.38981823383685 4
      vertex -138.35496894409937 -125.15072263115145 4
    endloop
  endfacet
  facet normal -0.314052024213438 -0.6368345068935088 0.7041399980949411
    outer loop
      vertex -139.34943816497935 -126.42940479473081 2.4000000000000004
      vertex -138.35496894409937 -125.15072263115145 4
      vertex -138.74094773836157 -124.96037895421597 4
    endloop
  endfacet
  facet normal -0.5903942845255118 -0.3944888488696052 0.7041399980949405
    outer loop
      vertex -138.6512993215049 -126.96510557068518 2.4000000000000004
      vertex -137.15072263115144 -126.35496894409938 4
      vertex -137.38981823383685 -125.99713708729243 4
    endloop
  endfacet
  facet normal -0.5338522522610756 -0.4681758599486198 0.7041399980949437
    outer loop
      vertex -138.79791847198288 -126.79791847198287 2.4000000000000004
      vertex -137.38981823383685 -125.99713708729243 4
      vertex -137.6735747702204 -125.67357477022041 4
    endloop
  endfacet
  facet normal -0.4681758599486235 -0.5338522522610765 0.7041399980949407
    outer loop
      vertex -138.96510557068518 -126.6512993215049 2.4000000000000004
      vertex -137.6735747702204 -125.67357477022041 4
      vertex -137.99713708729243 -125.38981823383685 4
    endloop
  endfacet
  facet normal -0.7085408730830344 -0.04644022236799277 0.7041399980949404
    outer loop
      vertex -138.31454373566453 -127.7781054732259 2.4000000000000004
      vertex -136.70993788819877 -128 4
      vertex -136.738084825654 -127.57056072037912 4
    endloop
  endfacet
  facet normal -0.6964175422999411 -0.1385260620236097 0.7041399980949389
    outer loop
      vertex -138.35792609530858 -127.56000762332572 2.4000000000000004
      vertex -136.738084825654 -127.57056072037912 4
      vertex -136.82204403611604 -127.14846926589561 4
    endloop
  endfacet
  facet normal -0.6723783142846828 -0.22824168235129502 0.7041399980949379
    outer loop
      vertex -138.4294047947308 -127.34943816497935 2.4000000000000004
      vertex -136.82204403611604 -127.14846926589561 4
      vertex -136.96037895421597 -126.74094773836157 4
    endloop
  endfacet
  facet normal -0.6368345068935147 -0.31405202421342915 0.7041399980949397
    outer loop
      vertex -138.52775681356644 -127.15 2.4000000000000004
      vertex -136.96037895421597 -126.74094773836157 4
      vertex -137.15072263115144 -126.35496894409938 4
    endloop
  endfacet
  facet normal 0.46817585994864974 0.5338522522610477 0.704139998094945
    outer loop
      vertex -71.03489442931482 -129.3487006784951 2.4000000000000004
      vertex -71.20208152801713 -129.20208152801712 2.4000000000000004
      vertex -72.32642522977959 -130.3264252297796 4
    endloop
  endfacet
  facet normal 0.3944888488696154 0.5903942845255045 0.7041399980949409
    outer loop
      vertex -71.03489442931482 -129.3487006784951 2.4000000000000004
      vertex -72.00286291270757 -130.61018176616315 4
      vertex -70.85 -129.47224318643356 2.4000000000000004
    endloop
  endfacet
  facet normal 0.31405202421344147 0.6368345068935083 0.7041399980949399
    outer loop
      vertex -70.65056183502065 -129.5705952052692 2.4000000000000004
      vertex -70.85 -129.47224318643356 2.4000000000000004
      vertex -71.64503105590062 -130.84927736884856 4
    endloop
  endfacet
  facet normal 0.6368345068935074 0.31405202421344103 0.704139998094941
    outer loop
      vertex -71.47224318643354 -128.85 2.4000000000000004
      vertex -71.57059520526919 -128.65056183502065 2.4000000000000004
      vertex -73.03962104578403 -129.25905226163843 4
    endloop
  endfacet
  facet normal 0.5338522522610546 0.4681758599486501 0.7041399980949395
    outer loop
      vertex -71.3487006784951 -129.03489442931482 2.4000000000000004
      vertex -72.61018176616315 -130.00286291270757 4
      vertex -71.20208152801713 -129.20208152801712 2.4000000000000004
    endloop
  endfacet
  facet normal 0.5903942845255244 0.3944888488695833 0.7041399980949422
    outer loop
      vertex -71.3487006784951 -129.03489442931482 2.4000000000000004
      vertex -71.47224318643354 -128.85 2.4000000000000004
      vertex -72.84927736884855 -129.64503105590063 4
    endloop
  endfacet
  facet normal 0.6723783142846701 0.22824168235132347 0.7041399980949405
    outer loop
      vertex -71.64207390469142 -128.4399923766743 2.4000000000000004
      vertex -73.17795596388397 -128.8515307341044 4
      vertex -71.57059520526919 -128.65056183502065 2.4000000000000004
    endloop
  endfacet
  facet normal 0.6964175422999412 0.13852606202358297 0.7041399980949442
    outer loop
      vertex -71.64207390469142 -128.4399923766743 2.4000000000000004
      vertex -71.68545626433547 -128.2218945267741 2.4000000000000004
      vertex -73.26191517434602 -128.42943927962088 4
    endloop
  endfacet
  facet normal 0.7085408730830323 0.04644022236802299 0.7041399980949403
    outer loop
      vertex -71.68545626433547 -128.2218945267741 2.4000000000000004
      vertex -71.7 -128 2.4000000000000004
      vertex -73.29006211180125 -128 4
    endloop
  endfacet
  facet normal 0.7085408730830284 -0.046440222368022734 0.7041399980949447
    outer loop
      vertex -71.7 -128 2.4000000000000004
      vertex -71.68545626433547 -127.7781054732259 2.4000000000000004
      vertex -73.26191517434602 -127.57056072037912 4
    endloop
  endfacet
  facet normal 0.696417542299942 -0.13852606202359216 0.7041399980949414
    outer loop
      vertex -71.68545626433547 -127.7781054732259 2.4000000000000004
      vertex -71.64207390469142 -127.56000762332572 2.4000000000000004
      vertex -73.17795596388397 -127.14846926589561 4
    endloop
  endfacet
  facet normal 0.6723783142846742 -0.22824168235130946 0.7041399980949413
    outer loop
      vertex -71.64207390469142 -127.56000762332572 2.4000000000000004
      vertex -71.57059520526919 -127.34943816497935 2.4000000000000004
      vertex -73.03962104578403 -126.74094773836157 4
    endloop
  endfacet
  facet normal 0.6368345068935083 -0.31405202421344147 0.7041399980949399
    outer loop
      vertex -71.57059520526919 -127.34943816497935 2.4000000000000004
      vertex -71.47224318643354 -127.15 2.4000000000000004
      vertex -72.84927736884855 -126.35496894409938 4
    endloop
  endfacet
  facet normal 0.5903942845255264 -0.3944888488695847 0.7041399980949395
    outer loop
      vertex -71.47224318643354 -127.15 2.4000000000000004
      vertex -71.3487006784951 -126.96510557068518 2.4000000000000004
      vertex -72.61018176616315 -125.99713708729243 4
    endloop
  endfacet
  facet normal 0.5338522522610746 -0.46817585994862787 0.7041399980949391
    outer loop
      vertex -71.3487006784951 -126.96510557068518 2.4000000000000004
      vertex -71.20208152801713 -126.79791847198287 2.4000000000000004
      vertex -72.32642522977959 -125.67357477022041 4
    endloop
  endfacet
  facet normal 0.4681758599486269 -0.5338522522610735 0.7041399980949405
    outer loop
      vertex -71.20208152801713 -126.79791847198287 2.4000000000000004
      vertex -71.03489442931482 -126.6512993215049 2.4000000000000004
      vertex -72.00286291270757 -125.38981823383685 4
    endloop
  endfacet
  facet normal 0.39448884886958424 -0.5903942845255259 0.7041399980949404
    outer loop
      vertex -71.03489442931482 -126.6512993215049 2.4000000000000004
      vertex -70.85 -126.52775681356646 2.4000000000000004
      vertex -71.64503105590062 -125.15072263115145 4
    endloop
  endfacet
  facet normal 0.31405202421344103 -0.6368345068935074 0.704139998094941
    outer loop
      vertex -70.85 -126.52775681356646 2.4000000000000004
      vertex -70.65056183502065 -126.42940479473081 2.4000000000000004
      vertex -71.25905226163843 -124.96037895421597 4
    endloop
  endfacet
  facet normal 0.22824168235127015 0.6723783142846921 0.7041399980949369
    outer loop
      vertex -70.65056183502065 -129.5705952052692 2.4000000000000004
      vertex -71.25905226163843 -131.03962104578403 4
      vertex -70.43999237667428 -129.64207390469142 2.4000000000000004
    endloop
  endfacet
  facet normal 0.1385260620235928 0.6964175422999452 0.7041399980949384
    outer loop
      vertex -70.43999237667428 -129.64207390469142 2.4000000000000004
      vertex -70.85153073410439 -131.17795596388396 4
      vertex -70.2218945267741 -129.68545626433547 2.4000000000000004
    endloop
  endfacet
  facet normal 0.046440222367977846 0.7085408730830359 0.7041399980949399
    outer loop
      vertex -70.2218945267741 -129.68545626433547 2.4000000000000004
      vertex -70.42943927962088 -131.261915174346 4
      vertex -70 -129.7 2.4000000000000004
    endloop
  endfacet
  facet normal -0.046440222367977714 0.7085408730830338 0.704139998094942
    outer loop
      vertex -70 -129.7 2.4000000000000004
      vertex -70 -131.29006211180123 4
      vertex -69.7781054732259 -129.68545626433547 2.4000000000000004
    endloop
  endfacet
  facet normal -0.1385260620235923 0.6964175422999428 0.7041399980949407
    outer loop
      vertex -69.7781054732259 -129.68545626433547 2.4000000000000004
      vertex -69.57056072037912 -131.261915174346 4
      vertex -69.56000762332572 -129.64207390469142 2.4000000000000004
    endloop
  endfacet
  facet normal -0.228241682351269 0.6723783142846886 0.7041399980949405
    outer loop
      vertex -69.56000762332572 -129.64207390469142 2.4000000000000004
      vertex -69.14846926589561 -131.17795596388396 4
      vertex -69.34943816497935 -129.5705952052692 2.4000000000000004
    endloop
  endfacet
  facet normal -0.3140520242134423 0.63683450689351 0.704139998094938
    outer loop
      vertex -69.34943816497935 -129.5705952052692 2.4000000000000004
      vertex -68.74094773836157 -131.03962104578403 4
      vertex -69.15 -129.47224318643356 2.4000000000000004
    endloop
  endfacet
  facet normal -0.3944888488696163 0.5903942845255059 0.7041399980949392
    outer loop
      vertex -69.15 -129.47224318643356 2.4000000000000004
      vertex -68.35496894409938 -130.84927736884856 4
      vertex -68.96510557068518 -129.3487006784951 2.4000000000000004
    endloop
  endfacet
  facet normal -0.4681758599486533 0.5338522522610517 0.7041399980949393
    outer loop
      vertex -68.96510557068518 -129.3487006784951 2.4000000000000004
      vertex -67.99713708729243 -130.61018176616315 4
      vertex -68.79791847198287 -129.20208152801712 2.4000000000000004
    endloop
  endfacet
  facet normal -0.533852252261051 0.46817585994864697 0.7041399980949442
    outer loop
      vertex -68.79791847198287 -129.20208152801712 2.4000000000000004
      vertex -67.67357477022041 -130.3264252297796 4
      vertex -68.6512993215049 -129.03489442931482 2.4000000000000004
    endloop
  endfacet
  facet normal -0.5903942845255264 0.3944888488695847 0.7041399980949395
    outer loop
      vertex -68.6512993215049 -129.03489442931482 2.4000000000000004
      vertex -67.38981823383685 -130.00286291270757 4
      vertex -68.52775681356646 -128.85 2.4000000000000004
    endloop
  endfacet
  facet normal -0.6368345068935071 0.31405202421344086 0.7041399980949413
    outer loop
      vertex -68.52775681356646 -128.85 2.4000000000000004
      vertex -67.15072263115145 -129.64503105590063 4
      vertex -68.42940479473081 -128.65056183502065 2.4000000000000004
    endloop
  endfacet
  facet normal -0.672378314284669 0.2282416823513231 0.7041399980949419
    outer loop
      vertex -68.42940479473081 -128.65056183502065 2.4000000000000004
      vertex -66.96037895421597 -129.25905226163843 4
      vertex -68.35792609530858 -128.4399923766743 2.4000000000000004
    endloop
  endfacet
  facet normal -0.6964175422999448 0.1385260620235837 0.7041399980949405
    outer loop
      vertex -68.35792609530858 -128.4399923766743 2.4000000000000004
      vertex -66.82204403611603 -128.8515307341044 4
      vertex -68.31454373566453 -128.2218945267741 2.4000000000000004
    endloop
  endfacet
  facet normal -0.7085408730830284 0.046440222368022734 0.7041399980949445
    outer loop
      vertex -68.31454373566453 -128.2218945267741 2.4000000000000004
      vertex -66.73808482565398 -128.42943927962088 4
      vertex -68.3 -128 2.4000000000000004
    endloop
  endfacet
  facet normal 0.22824168235130915 -0.6723783142846733 0.7041399980949421
    outer loop
      vertex -70.65056183502065 -126.42940479473081 2.4000000000000004
      vertex -70.43999237667428 -126.35792609530858 2.4000000000000004
      vertex -70.85153073410439 -124.82204403611603 4
    endloop
  endfacet
  facet normal 0.13852606202359172 -0.6964175422999399 0.7041399980949439
    outer loop
      vertex -70.43999237667428 -126.35792609530858 2.4000000000000004
      vertex -70.2218945267741 -126.31454373566453 2.4000000000000004
      vertex -70.42943927962088 -124.73808482565398 4
    endloop
  endfacet
  facet normal 0.04644022236802299 -0.7085408730830323 0.7041399980949403
    outer loop
      vertex -70.2218945267741 -126.31454373566453 2.4000000000000004
      vertex -70 -126.3 2.4000000000000004
      vertex -70 -124.70993788819875 4
    endloop
  endfacet
  facet normal -0.046440222368022734 -0.7085408730830284 0.7041399980949447
    outer loop
      vertex -70 -126.3 2.4000000000000004
      vertex -69.7781054732259 -126.31454373566453 2.4000000000000004
      vertex -69.57056072037912 -124.73808482565398 4
    endloop
  endfacet
  facet normal -0.13852606202359216 -0.696417542299942 0.7041399980949414
    outer loop
      vertex -69.7781054732259 -126.31454373566453 2.4000000000000004
      vertex -69.56000762332572 -126.35792609530858 2.4000000000000004
      vertex -69.14846926589561 -124.82204403611603 4
    endloop
  endfacet
  facet normal -0.7085408730830323 -0.04644022236802299 0.7041399980949403
    outer loop
      vertex -68.3 -128 2.4000000000000004
      vertex -66.70993788819875 -128 4
      vertex -68.31454373566453 -127.7781054732259 2.4000000000000004
    endloop
  endfacet
  facet normal -0.6964175422999399 -0.13852606202359172 0.7041399980949439
    outer loop
      vertex -68.31454373566453 -127.7781054732259 2.4000000000000004
      vertex -66.73808482565398 -127.57056072037912 4
      vertex -68.35792609530858 -127.56000762332572 2.4000000000000004
    endloop
  endfacet
  facet normal -0.6368345068935074 -0.31405202421344103 0.7041399980949409
    outer loop
      vertex -68.42940479473081 -127.34943816497935 2.4000000000000004
      vertex -66.96037895421597 -126.74094773836157 4
      vertex -68.52775681356646 -127.15 2.4000000000000004
    endloop
  endfacet
  facet normal -0.6723783142846733 -0.22824168235130915 0.7041399980949421
    outer loop
      vertex -68.35792609530858 -127.56000762332572 2.4000000000000004
      vertex -66.82204403611603 -127.14846926589561 4
      vertex -68.42940479473081 -127.34943816497935 2.4000000000000004
    endloop
  endfacet
  facet normal -0.5903942845255259 -0.39448884886958424 0.7041399980949404
    outer loop
      vertex -68.6512993215049 -126.96510557068518 2.4000000000000004
      vertex -68.52775681356646 -127.15 2.4000000000000004
      vertex -67.15072263115145 -126.35496894409938 4
    endloop
  endfacet
  facet normal -0.31405202421344147 -0.6368345068935083 0.7041399980949399
    outer loop
      vertex -69.34943816497935 -126.42940479473081 2.4000000000000004
      vertex -69.15 -126.52775681356646 2.4000000000000004
      vertex -68.35496894409938 -125.15072263115145 4
    endloop
  endfacet
  facet normal -0.3944888488695847 -0.5903942845255264 0.7041399980949395
    outer loop
      vertex -69.15 -126.52775681356646 2.4000000000000004
      vertex -68.96510557068518 -126.6512993215049 2.4000000000000004
      vertex -67.99713708729243 -125.38981823383685 4
    endloop
  endfacet
  facet normal -0.22824168235130946 -0.6723783142846742 0.7041399980949413
    outer loop
      vertex -69.56000762332572 -126.35792609530858 2.4000000000000004
      vertex -69.34943816497935 -126.42940479473081 2.4000000000000004
      vertex -68.74094773836157 -124.96037895421597 4
    endloop
  endfacet
  facet normal -0.46817585994862787 -0.5338522522610746 0.7041399980949391
    outer loop
      vertex -68.79791847198287 -126.79791847198287 2.4000000000000004
      vertex -67.67357477022041 -125.67357477022041 4
      vertex -68.96510557068518 -126.6512993215049 2.4000000000000004
    endloop
  endfacet
  facet normal -0.5338522522610735 -0.4681758599486269 0.7041399980949405
    outer loop
      vertex -68.79791847198287 -126.79791847198287 2.4000000000000004
      vertex -68.6512993215049 -126.96510557068518 2.4000000000000004
      vertex -67.38981823383685 -125.99713708729243 4
    endloop
  endfacet
  facet normal 0.6368345068935085 0.31405202421343825 0.7041399980949412
    outer loop
      vertex -71.47224318643354 -128.85 2.4000000000000004
      vertex -73.03962104578403 -129.25905226163843 4
      vertex -72.84927736884855 -129.64503105590063 4
    endloop
  endfacet
  facet normal 0.672378314284672 0.2282416823513152 0.7041399980949415
    outer loop
      vertex -71.57059520526919 -128.65056183502065 2.4000000000000004
      vertex -73.17795596388397 -128.8515307341044 4
      vertex -73.03962104578403 -129.25905226163843 4
    endloop
  endfacet
  facet normal 0.6964175422999387 0.1385260620236092 0.7041399980949414
    outer loop
      vertex -71.64207390469142 -128.4399923766743 2.4000000000000004
      vertex -73.26191517434602 -128.42943927962088 4
      vertex -73.17795596388397 -128.8515307341044 4
    endloop
  endfacet
  facet normal 0.7085408730830313 0.04644022236799256 0.7041399980949437
    outer loop
      vertex -71.68545626433547 -128.2218945267741 2.4000000000000004
      vertex -73.29006211180125 -128 4
      vertex -73.26191517434602 -128.42943927962088 4
    endloop
  endfacet
  facet normal 0.5338522522610746 0.4681758599486218 0.7041399980949431
    outer loop
      vertex -71.20208152801713 -129.20208152801712 2.4000000000000004
      vertex -72.61018176616315 -130.00286291270757 4
      vertex -72.32642522977959 -130.3264252297796 4
    endloop
  endfacet
  facet normal 0.46817585994862176 0.5338522522610778 0.7041399980949408
    outer loop
      vertex -71.03489442931482 -129.3487006784951 2.4000000000000004
      vertex -72.32642522977959 -130.3264252297796 4
      vertex -72.00286291270757 -130.61018176616315 4
    endloop
  endfacet
  facet normal 0.3140520242134296 0.6368345068935158 0.7041399980949385
    outer loop
      vertex -70.65056183502065 -129.5705952052692 2.4000000000000004
      vertex -71.64503105590062 -130.84927736884856 4
      vertex -71.25905226163843 -131.03962104578403 4
    endloop
  endfacet
  facet normal 0.22824168235129488 0.6723783142846809 0.7041399980949397
    outer loop
      vertex -70.43999237667428 -129.64207390469142 2.4000000000000004
      vertex -71.25905226163843 -131.03962104578403 4
      vertex -70.85153073410439 -131.17795596388396 4
    endloop
  endfacet
  facet normal 0.3944888488696059 0.5903942845255125 0.7041399980949397
    outer loop
      vertex -70.85 -129.47224318643356 2.4000000000000004
      vertex -72.00286291270757 -130.61018176616315 4
      vertex -71.64503105590062 -130.84927736884856 4
    endloop
  endfacet
  facet normal 0.5903942845255155 0.39448884886960006 0.7041399980949403
    outer loop
      vertex -71.3487006784951 -129.03489442931482 2.4000000000000004
      vertex -72.84927736884855 -129.64503105590063 4
      vertex -72.61018176616315 -130.00286291270757 4
    endloop
  endfacet
  facet normal 0.7085408730830334 -0.0464402223679927 0.7041399980949414
    outer loop
      vertex -71.7 -128 2.4000000000000004
      vertex -73.26191517434602 -127.57056072037912 4
      vertex -73.29006211180125 -128 4
    endloop
  endfacet
  facet normal 0.696417542299937 -0.13852606202360887 0.7041399980949433
    outer loop
      vertex -71.68545626433547 -127.7781054732259 2.4000000000000004
      vertex -73.17795596388397 -127.14846926589561 4
      vertex -73.26191517434602 -127.57056072037912 4
    endloop
  endfacet
  facet normal 0.6723783142846717 -0.2282416823513151 0.7041399980949419
    outer loop
      vertex -71.64207390469142 -127.56000762332572 2.4000000000000004
      vertex -73.03962104578403 -126.74094773836157 4
      vertex -73.17795596388397 -127.14846926589561 4
    endloop
  endfacet
  facet normal 0.6368345068935046 -0.31405202421344736 0.7041399980949407
    outer loop
      vertex -71.57059520526919 -127.34943816497935 2.4000000000000004
      vertex -72.84927736884855 -126.35496894409938 4
      vertex -73.03962104578403 -126.74094773836157 4
    endloop
  endfacet
  facet normal 0.5903942845255228 -0.3944888488695894 0.7041399980949402
    outer loop
      vertex -71.47224318643354 -127.15 2.4000000000000004
      vertex -72.61018176616315 -125.99713708729243 4
      vertex -72.84927736884855 -126.35496894409938 4
    endloop
  endfacet
  facet normal 0.5338522522610666 -0.4681758599486353 0.7041399980949402
    outer loop
      vertex -71.3487006784951 -126.96510557068518 2.4000000000000004
      vertex -72.32642522977959 -125.67357477022041 4
      vertex -72.61018176616315 -125.99713708729243 4
    endloop
  endfacet
  facet normal 0.468175859948636 -0.5338522522610671 0.7041399980949394
    outer loop
      vertex -71.20208152801713 -126.79791847198287 2.4000000000000004
      vertex -72.00286291270757 -125.38981823383685 4
      vertex -72.32642522977959 -125.67357477022041 4
    endloop
  endfacet
  facet normal 0.39448884886958946 -0.5903942845255231 0.7041399980949399
    outer loop
      vertex -71.03489442931482 -126.6512993215049 2.4000000000000004
      vertex -71.64503105590062 -125.15072263115145 4
      vertex -72.00286291270757 -125.38981823383685 4
    endloop
  endfacet
  facet normal 0.314052024213448 -0.6368345068935047 0.7041399980949402
    outer loop
      vertex -70.85 -126.52775681356646 2.4000000000000004
      vertex -71.25905226163843 -124.96037895421597 4
      vertex -71.64503105590062 -125.15072263115145 4
    endloop
  endfacet
  facet normal 0.2282416823513152 -0.672378314284672 0.7041399980949415
    outer loop
      vertex -70.65056183502065 -126.42940479473081 2.4000000000000004
      vertex -70.85153073410439 -124.82204403611603 4
      vertex -71.25905226163843 -124.96037895421597 4
    endloop
  endfacet
  facet normal 0.13852606202360992 0.69641754229994 0.7041399980949401
    outer loop
      vertex -70.2218945267741 -129.68545626433547 2.4000000000000004
      vertex -70.85153073410439 -131.17795596388396 4
      vertex -70.42943927962088 -131.261915174346 4
    endloop
  endfacet
  facet normal 0.0464402223679927 0.7085408730830334 0.7041399980949414
    outer loop
      vertex -70 -129.7 2.4000000000000004
      vertex -70.42943927962088 -131.261915174346 4
      vertex -70 -131.29006211180123 4
    endloop
  endfacet
  facet normal -0.04644022236799277 0.7085408730830344 0.7041399980949404
    outer loop
      vertex -69.7781054732259 -129.68545626433547 2.4000000000000004
      vertex -70 -131.29006211180123 4
      vertex -69.57056072037912 -131.261915174346 4
    endloop
  endfacet
  facet normal -0.1385260620236097 0.6964175422999411 0.7041399980949389
    outer loop
      vertex -69.56000762332572 -129.64207390469142 2.4000000000000004
      vertex -69.57056072037912 -131.261915174346 4
      vertex -69.14846926589561 -131.17795596388396 4
    endloop
  endfacet
  facet normal -0.22824168235129502 0.6723783142846828 0.7041399980949379
    outer loop
      vertex -69.34943816497935 -129.5705952052692 2.4000000000000004
      vertex -69.14846926589561 -131.17795596388396 4
      vertex -68.74094773836157 -131.03962104578403 4
    endloop
  endfacet
  facet normal -0.31405202421342915 0.6368345068935147 0.7041399980949397
    outer loop
      vertex -69.15 -129.47224318643356 2.4000000000000004
      vertex -68.74094773836157 -131.03962104578403 4
      vertex -68.35496894409938 -130.84927736884856 4
    endloop
  endfacet
  facet normal -0.3944888488696052 0.5903942845255118 0.7041399980949405
    outer loop
      vertex -68.96510557068518 -129.3487006784951 2.4000000000000004
      vertex -68.35496894409938 -130.84927736884856 4
      vertex -67.99713708729243 -130.61018176616315 4
    endloop
  endfacet
  facet normal -0.4681758599486198 0.5338522522610756 0.7041399980949437
    outer loop
      vertex -68.79791847198287 -129.20208152801712 2.4000000000000004
      vertex -67.99713708729243 -130.61018176616315 4
      vertex -67.67357477022041 -130.3264252297796 4
    endloop
  endfacet
  facet normal -0.5338522522610765 0.4681758599486235 0.7041399980949407
    outer loop
      vertex -68.6512993215049 -129.03489442931482 2.4000000000000004
      vertex -67.67357477022041 -130.3264252297796 4
      vertex -67.38981823383685 -130.00286291270757 4
    endloop
  endfacet
  facet normal -0.5903942845255143 0.39448884886959956 0.7041399980949417
    outer loop
      vertex -68.52775681356646 -128.85 2.4000000000000004
      vertex -67.38981823383685 -130.00286291270757 4
      vertex -67.15072263115145 -129.64503105590063 4
    endloop
  endfacet
  facet normal -0.6368345068935088 0.314052024213438 0.7041399980949411
    outer loop
      vertex -68.42940479473081 -128.65056183502065 2.4000000000000004
      vertex -67.15072263115145 -129.64503105590063 4
      vertex -66.96037895421597 -129.25905226163843 4
    endloop
  endfacet
  facet normal -0.6723783142846725 0.22824168235131537 0.7041399980949409
    outer loop
      vertex -68.35792609530858 -128.4399923766743 2.4000000000000004
      vertex -66.96037895421597 -129.25905226163843 4
      vertex -66.82204403611603 -128.8515307341044 4
    endloop
  endfacet
  facet normal -0.696417542299937 0.13852606202360887 0.7041399980949433
    outer loop
      vertex -68.31454373566453 -128.2218945267741 2.4000000000000004
      vertex -66.82204403611603 -128.8515307341044 4
      vertex -66.73808482565398 -128.42943927962088 4
    endloop
  endfacet
  facet normal -0.7085408730830334 0.0464402223679927 0.7041399980949414
    outer loop
      vertex -68.3 -128 2.4000000000000004
      vertex -66.73808482565398 -128.42943927962088 4
      vertex -66.70993788819875 -128 4
    endloop
  endfacet
  facet normal 0.1385260620236091 -0.6964175422999381 0.7041399980949421
    outer loop
      vertex -70.43999237667428 -126.35792609530858 2.4000000000000004
      vertex -70.42943927962088 -124.73808482565398 4
      vertex -70.85153073410439 -124.82204403611603 4
    endloop
  endfacet
  facet normal 0.04644022236799256 -0.7085408730830313 0.7041399980949437
    outer loop
      vertex -70.2218945267741 -126.31454373566453 2.4000000000000004
      vertex -70 -124.70993788819875 4
      vertex -70.42943927962088 -124.73808482565398 4
    endloop
  endfacet
  facet normal -0.0464402223679927 -0.7085408730830334 0.7041399980949414
    outer loop
      vertex -70 -126.3 2.4000000000000004
      vertex -69.57056072037912 -124.73808482565398 4
      vertex -70 -124.70993788819875 4
    endloop
  endfacet
  facet normal -0.13852606202360887 -0.696417542299937 0.7041399980949433
    outer loop
      vertex -69.7781054732259 -126.31454373566453 2.4000000000000004
      vertex -69.14846926589561 -124.82204403611603 4
      vertex -69.57056072037912 -124.73808482565398 4
    endloop
  endfacet
  facet normal -0.2282416823513151 -0.6723783142846717 0.7041399980949419
    outer loop
      vertex -69.56000762332572 -126.35792609530858 2.4000000000000004
      vertex -68.74094773836157 -124.96037895421597 4
      vertex -69.14846926589561 -124.82204403611603 4
    endloop
  endfacet
  facet normal -0.31405202421344736 -0.6368345068935046 0.7041399980949407
    outer loop
      vertex -69.34943816497935 -126.42940479473081 2.4000000000000004
      vertex -68.35496894409938 -125.15072263115145 4
      vertex -68.74094773836157 -124.96037895421597 4
    endloop
  endfacet
  facet normal -0.5338522522610671 -0.468175859948636 0.7041399980949394
    outer loop
      vertex -68.79791847198287 -126.79791847198287 2.4000000000000004
      vertex -67.38981823383685 -125.99713708729243 4
      vertex -67.67357477022041 -125.67357477022041 4
    endloop
  endfacet
  facet normal -0.3944888488695894 -0.5903942845255228 0.7041399980949402
    outer loop
      vertex -69.15 -126.52775681356646 2.4000000000000004
      vertex -67.99713708729243 -125.38981823383685 4
      vertex -68.35496894409938 -125.15072263115145 4
    endloop
  endfacet
  facet normal -0.4681758599486353 -0.5338522522610666 0.7041399980949402
    outer loop
      vertex -68.96510557068518 -126.6512993215049 2.4000000000000004
      vertex -67.67357477022041 -125.67357477022041 4
      vertex -67.99713708729243 -125.38981823383685 4
    endloop
  endfacet
  facet normal -0.7085408730830313 -0.04644022236799256 0.7041399980949437
    outer loop
      vertex -68.31454373566453 -127.7781054732259 2.4000000000000004
      vertex -66.70993788819875 -128 4
      vertex -66.73808482565398 -127.57056072037912 4
    endloop
  endfacet
  facet normal -0.6964175422999381 -0.1385260620236091 0.7041399980949421
    outer loop
      vertex -68.35792609530858 -127.56000762332572 2.4000000000000004
      vertex -66.73808482565398 -127.57056072037912 4
      vertex -66.82204403611603 -127.14846926589561 4
    endloop
  endfacet
  facet normal -0.672378314284672 -0.2282416823513152 0.7041399980949415
    outer loop
      vertex -68.42940479473081 -127.34943816497935 2.4000000000000004
      vertex -66.82204403611603 -127.14846926589561 4
      vertex -66.96037895421597 -126.74094773836157 4
    endloop
  endfacet
  facet normal -0.6368345068935047 -0.314052024213448 0.7041399980949402
    outer loop
      vertex -68.52775681356646 -127.15 2.4000000000000004
      vertex -66.96037895421597 -126.74094773836157 4
      vertex -67.15072263115145 -126.35496894409938 4
    endloop
  endfacet
  facet normal -0.5903942845255231 -0.39448884886958946 0.7041399980949399
    outer loop
      vertex -68.6512993215049 -126.96510557068518 2.4000000000000004
      vertex -67.15072263115145 -126.35496894409938 4
      vertex -67.38981823383685 -125.99713708729243 4
    endloop
  endfacet
  facet normal 1 0 0
    outer loop
      vertex -2.75 42.41228675972853 0
      vertex -2.75 45.58771324027147 0
      vertex -2.75 45.58771324027147 1.2000000000000002
    endloop
  endfacet
  facet normal 0.49999999999999967 0.8660254037844389 0
    outer loop
      vertex -2.75 42.41228675972853 0
      vertex -2.75 42.41228675972853 1.2000000000000002
      vertex 0 40.82457351945706 0
    endloop
  endfacet
  facet normal -0.49999999999999967 0.8660254037844389 0
    outer loop
      vertex 0 40.82457351945706 0
      vertex 0 40.82457351945706 1.2000000000000002
      vertex 2.75 42.41228675972853 0
    endloop
  endfacet
  facet normal 0.49999999999999967 -0.8660254037844389 0
    outer loop
      vertex -2.75 45.58771324027147 0
      vertex 0 47.17542648054294 0
      vertex 0 47.17542648054294 1.2000000000000002
    endloop
  endfacet
  facet normal -1 0 0
    outer loop
      vertex 2.75 42.41228675972853 0
      vertex 2.75 42.41228675972853 1.2000000000000002
      vertex 2.75 45.58771324027147 0
    endloop
  endfacet
  facet normal -0.49999999999999967 -0.8660254037844389 0
    outer loop
      vertex 2.75 45.58771324027147 0
      vertex 2.75 45.58771324027147 1.2000000000000002
      vertex 0 47.17542648054294 0
    endloop
  endfacet
  facet normal 1 0 0
    outer loop
      vertex -2.75 42.41228675972853 0
      vertex -2.75 45.58771324027147 1.2000000000000002
      vertex -2.75 42.41228675972853 1.2000000000000002
    endloop
  endfacet
  facet normal 0.49999999999999967 0.8660254037844389 0
    outer loop
      vertex -2.75 42.41228675972853 1.2000000000000002
      vertex 0 40.82457351945706 1.2000000000000002
      vertex 0 40.82457351945706 0
    endloop
  endfacet
  facet normal -0.49999999999999967 0.8660254037844389 0
    outer loop
      vertex 2.75 42.41228675972853 0
      vertex 0 40.82457351945706 1.2000000000000002
      vertex 2.75 42.41228675972853 1.2000000000000002
    endloop
  endfacet
  facet normal 0.49999999999999967 -0.8660254037844389 0
    outer loop
      vertex -2.75 45.58771324027147 0
      vertex 0 47.17542648054294 1.2000000000000002
      vertex -2.75 45.58771324027147 1.2000000000000002
    endloop
  endfacet
  facet normal -1 0 0
    outer loop
      vertex 2.75 45.58771324027147 0
      vertex 2.75 42.41228675972853 1.2000000000000002
      vertex 2.75 45.58771324027147 1.2000000000000002
    endloop
  endfacet
  facet normal -0.49999999999999967 -0.8660254037844389 0
    outer loop
      vertex 0 47.17542648054294 0
      vertex 2.75 45.58771324027147 1.2000000000000002
      vertex 0 47.17542648054294 1.2000000000000002
    endloop
  endfacet
  facet normal 0 0 -1
    outer loop
      vertex -2.75 42.41228675972853 1.2000000000000002
      vertex -1.034894429314825 42.6512993215049 1.2000000000000002
      vertex 0 40.82457351945706 1.2000000000000002
    endloop
  endfacet
  facet normal 0 0 -1
    outer loop
      vertex -0.85 42.527756813566455 1.2000000000000002
      vertex -0.6505618350206526 42.429404794730814 1.2000000000000002
      vertex 0 40.82457351945706 1.2000000000000002
    endloop
  endfacet
  facet normal 0 0 -1
    outer loop
      vertex -0.85 42.527756813566455 1.2000000000000002
      vertex 0 40.82457351945706 1.2000000000000002
      vertex -1.034894429314825 42.6512993215049 1.2000000000000002
    endloop
  endfacet
  facet normal 0 0 -1
    outer loop
      vertex -0.43999237667428526 42.357926095308585 1.2000000000000002
      vertex 0 40.82457351945706 1.2000000000000002
      vertex -0.6505618350206526 42.429404794730814 1.2000000000000002
    endloop
  endfacet
  facet normal 0 0 -1
    outer loop
      vertex -0.43999237667428526 42.357926095308585 1.2000000000000002
      vertex -0.22189452677408766 42.31454373566452 1.2000000000000002
      vertex 0 40.82457351945706 1.2000000000000002
    endloop
  endfacet
  facet normal 0 0 -1
    outer loop
      vertex -0.22189452677408766 42.31454373566452 1.2000000000000002
      vertex 0 42.3 1.2000000000000002
      vertex 0 40.82457351945706 1.2000000000000002
    endloop
  endfacet
  facet normal 0 0 -1
    outer loop
      vertex 0 40.82457351945706 1.2000000000000002
      vertex 0 42.3 1.2000000000000002
      vertex 0.22189452677408766 42.31454373566452 1.2000000000000002
    endloop
  endfacet
  facet normal 0 0 -1
    outer loop
      vertex 0 40.82457351945706 1.2000000000000002
      vertex 0.22189452677408766 42.31454373566452 1.2000000000000002
      vertex 0.43999237667428526 42.357926095308585 1.2000000000000002
    endloop
  endfacet
  facet normal 0 0 -1
    outer loop
      vertex 0 40.82457351945706 1.2000000000000002
      vertex 0.43999237667428526 42.357926095308585 1.2000000000000002
      vertex 0.6505618350206526 42.429404794730814 1.2000000000000002
    endloop
  endfacet
  facet normal 0 0 -1
    outer loop
      vertex 0 40.82457351945706 1.2000000000000002
      vertex 0.6505618350206526 42.429404794730814 1.2000000000000002
      vertex 2.75 42.41228675972853 1.2000000000000002
    endloop
  endfacet
  facet normal 0 0 -1
    outer loop
      vertex -2.75 42.41228675972853 1.2000000000000002
      vertex -1.4722431864335457 43.15 1.2000000000000002
      vertex -1.3487006784950997 42.965105570685175 1.2000000000000002
    endloop
  endfacet
  facet normal 0 0 -1
    outer loop
      vertex -2.75 42.41228675972853 1.2000000000000002
      vertex -1.5705952052691874 43.34943816497935 1.2000000000000002
      vertex -1.4722431864335457 43.15 1.2000000000000002
    endloop
  endfacet
  facet normal 0 0 -1
    outer loop
      vertex -2.75 42.41228675972853 1.2000000000000002
      vertex -1.2020815280171309 42.79791847198287 1.2000000000000002
      vertex -1.034894429314825 42.6512993215049 1.2000000000000002
    endloop
  endfacet
  facet normal 0 0 -1
    outer loop
      vertex -2.75 42.41228675972853 1.2000000000000002
      vertex -1.3487006784950997 42.965105570685175 1.2000000000000002
      vertex -1.2020815280171309 42.79791847198287 1.2000000000000002
    endloop
  endfacet
  facet normal 0 0 -1
    outer loop
      vertex -2.75 42.41228675972853 1.2000000000000002
      vertex -1.6420739046914161 43.56000762332572 1.2000000000000002
      vertex -1.5705952052691874 43.34943816497935 1.2000000000000002
    endloop
  endfacet
  facet normal 0 0 -1
    outer loop
      vertex -2.75 42.41228675972853 1.2000000000000002
      vertex -2.75 45.58771324027147 1.2000000000000002
      vertex -1.6420739046914161 43.56000762332572 1.2000000000000002
    endloop
  endfacet
  facet normal 0 0 -1
    outer loop
      vertex -1.6420739046914161 43.56000762332572 1.2000000000000002
      vertex -2.75 45.58771324027147 1.2000000000000002
      vertex -1.6854562643354776 43.778105473225914 1.2000000000000002
    endloop
  endfacet
  facet normal 0 0 -1
    outer loop
      vertex -1.6854562643354776 43.778105473225914 1.2000000000000002
      vertex -2.75 45.58771324027147 1.2000000000000002
      vertex -1.7 44 1.2000000000000002
    endloop
  endfacet
  facet normal 0 0 -1
    outer loop
      vertex -1.7 44 1.2000000000000002
      vertex -2.75 45.58771324027147 1.2000000000000002
      vertex -1.6854562643354776 44.221894526774086 1.2000000000000002
    endloop
  endfacet
  facet normal 0 0 -1
    outer loop
      vertex -1.6854562643354776 44.221894526774086 1.2000000000000002
      vertex -2.75 45.58771324027147 1.2000000000000002
      vertex -1.6420739046914161 44.43999237667428 1.2000000000000002
    endloop
  endfacet
  facet normal 0 0 -1
    outer loop
      vertex -1.6420739046914161 44.43999237667428 1.2000000000000002
      vertex -2.75 45.58771324027147 1.2000000000000002
      vertex -1.5705952052691874 44.65056183502065 1.2000000000000002
    endloop
  endfacet
  facet normal 0 0 -1
    outer loop
      vertex -1.5705952052691874 44.65056183502065 1.2000000000000002
      vertex -2.75 45.58771324027147 1.2000000000000002
      vertex -1.4722431864335457 44.85 1.2000000000000002
    endloop
  endfacet
  facet normal 0 0 -1
    outer loop
      vertex -2.75 45.58771324027147 1.2000000000000002
      vertex -1.3487006784950997 45.034894429314825 1.2000000000000002
      vertex -1.4722431864335457 44.85 1.2000000000000002
    endloop
  endfacet
  facet normal 0 0 -1
    outer loop
      vertex -2.75 45.58771324027147 1.2000000000000002
      vertex -1.2020815280171309 45.20208152801713 1.2000000000000002
      vertex -1.3487006784950997 45.034894429314825 1.2000000000000002
    endloop
  endfacet
  facet normal 0 0 -1
    outer loop
      vertex -2.75 45.58771324027147 1.2000000000000002
      vertex -1.034894429314825 45.3487006784951 1.2000000000000002
      vertex -1.2020815280171309 45.20208152801713 1.2000000000000002
    endloop
  endfacet
  facet normal 0 0 -1
    outer loop
      vertex -2.75 45.58771324027147 1.2000000000000002
      vertex -0.85 45.472243186433545 1.2000000000000002
      vertex -1.034894429314825 45.3487006784951 1.2000000000000002
    endloop
  endfacet
  facet normal 0 0 -1
    outer loop
      vertex -2.75 45.58771324027147 1.2000000000000002
      vertex -0.6505618350206526 45.570595205269186 1.2000000000000002
      vertex -0.85 45.472243186433545 1.2000000000000002
    endloop
  endfacet
  facet normal 0 0 -1
    outer loop
      vertex -2.75 45.58771324027147 1.2000000000000002
      vertex 0 47.17542648054294 1.2000000000000002
      vertex -0.6505618350206526 45.570595205269186 1.2000000000000002
    endloop
  endfacet
  facet normal 0 0 -1
    outer loop
      vertex -0.6505618350206526 45.570595205269186 1.2000000000000002
      vertex 0 47.17542648054294 1.2000000000000002
      vertex -0.43999237667428526 45.642073904691415 1.2000000000000002
    endloop
  endfacet
  facet normal 0 0 -1
    outer loop
      vertex -0.43999237667428526 45.642073904691415 1.2000000000000002
      vertex 0 47.17542648054294 1.2000000000000002
      vertex -0.22189452677408766 45.68545626433548 1.2000000000000002
    endloop
  endfacet
  facet normal 0 0 -1
    outer loop
      vertex -0.22189452677408766 45.68545626433548 1.2000000000000002
      vertex 0 47.17542648054294 1.2000000000000002
      vertex 0 45.7 1.2000000000000002
    endloop
  endfacet
  facet normal 0 0 -1
    outer loop
      vertex 0.22189452677408766 45.68545626433548 1.2000000000000002
      vertex 0 45.7 1.2000000000000002
      vertex 0 47.17542648054294 1.2000000000000002
    endloop
  endfacet
  facet normal 0 0 -1
    outer loop
      vertex 0.22189452677408766 45.68545626433548 1.2000000000000002
      vertex 0 47.17542648054294 1.2000000000000002
      vertex 0.43999237667428526 45.642073904691415 1.2000000000000002
    endloop
  endfacet
  facet normal 0 0 -1
    outer loop
      vertex 0.6505618350206526 45.570595205269186 1.2000000000000002
      vertex 0.43999237667428526 45.642073904691415 1.2000000000000002
      vertex 0 47.17542648054294 1.2000000000000002
    endloop
  endfacet
  facet normal 0 0 -1
    outer loop
      vertex 1.034894429314825 45.3487006784951 1.2000000000000002
      vertex 0.85 45.472243186433545 1.2000000000000002
      vertex 0 47.17542648054294 1.2000000000000002
    endloop
  endfacet
  facet normal 0 0 -1
    outer loop
      vertex 0.6505618350206526 45.570595205269186 1.2000000000000002
      vertex 0 47.17542648054294 1.2000000000000002
      vertex 0.85 45.472243186433545 1.2000000000000002
    endloop
  endfacet
  facet normal 0 0 -1
    outer loop
      vertex 0.6505618350206526 42.429404794730814 1.2000000000000002
      vertex 0.85 42.527756813566455 1.2000000000000002
      vertex 2.75 42.41228675972853 1.2000000000000002
    endloop
  endfacet
  facet normal 0 0 -1
    outer loop
      vertex 0.85 42.527756813566455 1.2000000000000002
      vertex 1.034894429314825 42.6512993215049 1.2000000000000002
      vertex 2.75 42.41228675972853 1.2000000000000002
    endloop
  endfacet
  facet normal 0 0 -1
    outer loop
      vertex 1.034894429314825 42.6512993215049 1.2000000000000002
      vertex 1.2020815280171309 42.79791847198287 1.2000000000000002
      vertex 2.75 42.41228675972853 1.2000000000000002
    endloop
  endfacet
  facet normal 0 0 -1
    outer loop
      vertex 1.2020815280171309 42.79791847198287 1.2000000000000002
      vertex 1.3487006784950997 42.965105570685175 1.2000000000000002
      vertex 2.75 42.41228675972853 1.2000000000000002
    endloop
  endfacet
  facet normal 0 0 -1
    outer loop
      vertex 1.3487006784950997 42.965105570685175 1.2000000000000002
      vertex 1.4722431864335457 43.15 1.2000000000000002
      vertex 2.75 42.41228675972853 1.2000000000000002
    endloop
  endfacet
  facet normal 0 0 -1
    outer loop
      vertex 1.4722431864335457 43.15 1.2000000000000002
      vertex 1.5705952052691874 43.34943816497935 1.2000000000000002
      vertex 2.75 42.41228675972853 1.2000000000000002
    endloop
  endfacet
  facet normal 0 0 -1
    outer loop
      vertex 2.75 42.41228675972853 1.2000000000000002
      vertex 1.5705952052691874 43.34943816497935 1.2000000000000002
      vertex 1.6420739046914161 43.56000762332572 1.2000000000000002
    endloop
  endfacet
  facet normal 0 0 -1
    outer loop
      vertex 2.75 42.41228675972853 1.2000000000000002
      vertex 1.6420739046914161 43.56000762332572 1.2000000000000002
      vertex 1.6854562643354776 43.778105473225914 1.2000000000000002
    endloop
  endfacet
  facet normal 0 0 -1
    outer loop
      vertex 2.75 42.41228675972853 1.2000000000000002
      vertex 1.6854562643354776 44.221894526774086 1.2000000000000002
      vertex 1.6420739046914161 44.43999237667428 1.2000000000000002
    endloop
  endfacet
  facet normal 0 0 -1
    outer loop
      vertex 2.75 42.41228675972853 1.2000000000000002
      vertex 1.6854562643354776 43.778105473225914 1.2000000000000002
      vertex 1.7 44 1.2000000000000002
    endloop
  endfacet
  facet normal 0 0 -1
    outer loop
      vertex 2.75 42.41228675972853 1.2000000000000002
      vertex 1.7 44 1.2000000000000002
      vertex 1.6854562643354776 44.221894526774086 1.2000000000000002
    endloop
  endfacet
  facet normal 0 0 -1
    outer loop
      vertex 1.6420739046914161 44.43999237667428 1.2000000000000002
      vertex 1.5705952052691874 44.65056183502065 1.2000000000000002
      vertex 2.75 45.58771324027147 1.2000000000000002
    endloop
  endfacet
  facet normal 0 0 -1
    outer loop
      vertex 1.4722431864335457 44.85 1.2000000000000002
      vertex 2.75 45.58771324027147 1.2000000000000002
      vertex 1.5705952052691874 44.65056183502065 1.2000000000000002
    endloop
  endfacet
  facet normal 0 0 -1
    outer loop
      vertex 1.4722431864335457 44.85 1.2000000000000002
      vertex 1.3487006784950997 45.034894429314825 1.2000000000000002
      vertex 2.75 45.58771324027147 1.2000000000000002
    endloop
  endfacet
  facet normal 0 0 -1
    outer loop
      vertex 2.75 42.41228675972853 1.2000000000000002
      vertex 1.6420739046914161 44.43999237667428 1.2000000000000002
      vertex 2.75 45.58771324027147 1.2000000000000002
    endloop
  endfacet
  facet normal 0 0 -1
    outer loop
      vertex 1.034894429314825 45.3487006784951 1.2000000000000002
      vertex 0 47.17542648054294 1.2000000000000002
      vertex 2.75 45.58771324027147 1.2000000000000002
    endloop
  endfacet
  facet normal 0 0 -1
    outer loop
      vertex 1.3487006784950997 45.034894429314825 1.2000000000000002
      vertex 1.2020815280171309 45.20208152801713 1.2000000000000002
      vertex 2.75 45.58771324027147 1.2000000000000002
    endloop
  endfacet
  facet normal 0 0 -1
    outer loop
      vertex 1.034894429314825 45.3487006784951 1.2000000000000002
      vertex 2.75 45.58771324027147 1.2000000000000002
      vertex 1.2020815280171309 45.20208152801713 1.2000000000000002
    endloop
  endfacet
  facet normal 0.49999999999999967 0.8660254037844389 0
    outer loop
      vertex -59.33333333333333 40.82457351945706 0
      vertex -62.08333333333333 42.41228675972853 0
      vertex -62.08333333333333 42.41228675972853 1.2000000000000002
    endloop
  endfacet
  facet normal -0.49999999999999967 0.8660254037844389 0
    outer loop
      vertex -59.33333333333333 40.82457351945706 0
      vertex -59.33333333333333 40.82457351945706 1.2000000000000002
      vertex -56.58333333333333 42.41228675972853 0
    endloop
  endfacet
  facet normal 1 0 0
    outer loop
      vertex -62.08333333333333 42.41228675972853 0
      vertex -62.08333333333333 45.58771324027147 0
      vertex -62.08333333333333 45.58771324027147 1.2000000000000002
    endloop
  endfacet
  facet normal 0.49999999999999967 -0.8660254037844389 0
    outer loop
      vertex -62.08333333333333 45.58771324027147 0
      vertex -59.33333333333333 47.17542648054294 0
      vertex -59.33333333333333 47.17542648054294 1.2000000000000002
    endloop
  endfacet
  facet normal -1 0 0
    outer loop
      vertex -56.58333333333333 42.41228675972853 0
      vertex -56.58333333333333 42.41228675972853 1.2000000000000002
      vertex -56.58333333333333 45.58771324027147 0
    endloop
  endfacet
  facet normal -0.49999999999999967 -0.8660254037844389 0
    outer loop
      vertex -59.33333333333333 47.17542648054294 0
      vertex -56.58333333333333 45.58771324027147 0
      vertex -56.58333333333333 45.58771324027147 1.2000000000000002
    endloop
  endfacet
  facet normal 0.49999999999999967 0.8660254037844389 0
    outer loop
      vertex -59.33333333333333 40.82457351945706 0
      vertex -62.08333333333333 42.41228675972853 1.2000000000000002
      vertex -59.33333333333333 40.82457351945706 1.2000000000000002
    endloop
  endfacet
  facet normal -0.49999999999999967 0.8660254037844389 0
    outer loop
      vertex -56.58333333333333 42.41228675972853 0
      vertex -59.33333333333333 40.82457351945706 1.2000000000000002
      vertex -56.58333333333333 42.41228675972853 1.2000000000000002
    endloop
  endfacet
  facet normal 1 0 0
    outer loop
      vertex -62.08333333333333 42.41228675972853 0
      vertex -62.08333333333333 45.58771324027147 1.2000000000000002
      vertex -62.08333333333333 42.41228675972853 1.2000000000000002
    endloop
  endfacet
  facet normal 0.49999999999999967 -0.8660254037844389 0
    outer loop
      vertex -62.08333333333333 45.58771324027147 0
      vertex -59.33333333333333 47.17542648054294 1.2000000000000002
      vertex -62.08333333333333 45.58771324027147 1.2000000000000002
    endloop
  endfacet
  facet normal -0.49999999999999967 -0.8660254037844389 0
    outer loop
      vertex -59.33333333333333 47.17542648054294 0
      vertex -56.58333333333333 45.58771324027147 1.2000000000000002
      vertex -59.33333333333333 47.17542648054294 1.2000000000000002
    endloop
  endfacet
  facet normal -1 0 0
    outer loop
      vertex -56.58333333333333 45.58771324027147 0
      vertex -56.58333333333333 42.41228675972853 1.2000000000000002
      vertex -56.58333333333333 45.58771324027147 1.2000000000000002
    endloop
  endfacet
  facet normal 0 0 -1
    outer loop
      vertex -59.33333333333333 40.82457351945706 1.2000000000000002
      vertex -62.08333333333333 42.41228675972853 1.2000000000000002
      vertex -60.368227762648154 42.6512993215049 1.2000000000000002
    endloop
  endfacet
  facet normal 0 0 -1
    outer loop
      vertex -59.33333333333333 40.82457351945706 1.2000000000000002
      vertex -60.368227762648154 42.6512993215049 1.2000000000000002
      vertex -60.18333333333333 42.527756813566455 1.2000000000000002
    endloop
  endfacet
  facet normal 0 0 -1
    outer loop
      vertex -59.33333333333333 40.82457351945706 1.2000000000000002
      vertex -59.98389516835398 42.429404794730814 1.2000000000000002
      vertex -59.77332571000761 42.357926095308585 1.2000000000000002
    endloop
  endfacet
  facet normal 0 0 -1
    outer loop
      vertex -59.33333333333333 40.82457351945706 1.2000000000000002
      vertex -60.18333333333333 42.527756813566455 1.2000000000000002
      vertex -59.98389516835398 42.429404794730814 1.2000000000000002
    endloop
  endfacet
  facet normal 0 0 -1
    outer loop
      vertex -59.33333333333333 40.82457351945706 1.2000000000000002
      vertex -59.77332571000761 42.357926095308585 1.2000000000000002
      vertex -59.555227860107415 42.31454373566452 1.2000000000000002
    endloop
  endfacet
  facet normal 0 0 -1
    outer loop
      vertex -59.33333333333333 40.82457351945706 1.2000000000000002
      vertex -59.555227860107415 42.31454373566452 1.2000000000000002
      vertex -59.33333333333333 42.3 1.2000000000000002
    endloop
  endfacet
  facet normal 0 0 -1
    outer loop
      vertex -59.33333333333333 40.82457351945706 1.2000000000000002
      vertex -59.33333333333333 42.3 1.2000000000000002
      vertex -59.11143880655924 42.31454373566452 1.2000000000000002
    endloop
  endfacet
  facet normal 0 0 -1
    outer loop
      vertex -59.33333333333333 40.82457351945706 1.2000000000000002
      vertex -59.11143880655924 42.31454373566452 1.2000000000000002
      vertex -58.893340956659046 42.357926095308585 1.2000000000000002
    endloop
  endfacet
  facet normal 0 0 -1
    outer loop
      vertex -59.33333333333333 40.82457351945706 1.2000000000000002
      vertex -58.893340956659046 42.357926095308585 1.2000000000000002
      vertex -58.682771498312675 42.429404794730814 1.2000000000000002
    endloop
  endfacet
  facet normal 0 0 -1
    outer loop
      vertex -59.33333333333333 40.82457351945706 1.2000000000000002
      vertex -58.682771498312675 42.429404794730814 1.2000000000000002
      vertex -56.58333333333333 42.41228675972853 1.2000000000000002
    endloop
  endfacet
  facet normal 0 0 -1
    outer loop
      vertex -62.08333333333333 42.41228675972853 1.2000000000000002
      vertex -62.08333333333333 45.58771324027147 1.2000000000000002
      vertex -60.975407238024744 43.56000762332572 1.2000000000000002
    endloop
  endfacet
  facet normal 0 0 -1
    outer loop
      vertex -62.08333333333333 42.41228675972853 1.2000000000000002
      vertex -60.80557651976687 43.15 1.2000000000000002
      vertex -60.68203401182843 42.965105570685175 1.2000000000000002
    endloop
  endfacet
  facet normal 0 0 -1
    outer loop
      vertex -62.08333333333333 42.41228675972853 1.2000000000000002
      vertex -60.903928538602514 43.34943816497935 1.2000000000000002
      vertex -60.80557651976687 43.15 1.2000000000000002
    endloop
  endfacet
  facet normal 0 0 -1
    outer loop
      vertex -62.08333333333333 42.41228675972853 1.2000000000000002
      vertex -60.53541486135046 42.79791847198287 1.2000000000000002
      vertex -60.368227762648154 42.6512993215049 1.2000000000000002
    endloop
  endfacet
  facet normal 0 0 -1
    outer loop
      vertex -62.08333333333333 42.41228675972853 1.2000000000000002
      vertex -60.68203401182843 42.965105570685175 1.2000000000000002
      vertex -60.53541486135046 42.79791847198287 1.2000000000000002
    endloop
  endfacet
  facet normal 0 0 -1
    outer loop
      vertex -62.08333333333333 42.41228675972853 1.2000000000000002
      vertex -60.975407238024744 43.56000762332572 1.2000000000000002
      vertex -60.903928538602514 43.34943816497935 1.2000000000000002
    endloop
  endfacet
  facet normal 0 0 -1
    outer loop
      vertex -62.08333333333333 45.58771324027147 1.2000000000000002
      vertex -61.01878959766881 43.778105473225914 1.2000000000000002
      vertex -60.975407238024744 43.56000762332572 1.2000000000000002
    endloop
  endfacet
  facet normal 0 0 -1
    outer loop
      vertex -62.08333333333333 45.58771324027147 1.2000000000000002
      vertex -61.03333333333333 44 1.2000000000000002
      vertex -61.01878959766881 43.778105473225914 1.2000000000000002
    endloop
  endfacet
  facet normal 0 0 -1
    outer loop
      vertex -62.08333333333333 45.58771324027147 1.2000000000000002
      vertex -61.01878959766881 44.221894526774086 1.2000000000000002
      vertex -61.03333333333333 44 1.2000000000000002
    endloop
  endfacet
  facet normal 0 0 -1
    outer loop
      vertex -62.08333333333333 45.58771324027147 1.2000000000000002
      vertex -60.975407238024744 44.43999237667428 1.2000000000000002
      vertex -61.01878959766881 44.221894526774086 1.2000000000000002
    endloop
  endfacet
  facet normal 0 0 -1
    outer loop
      vertex -62.08333333333333 45.58771324027147 1.2000000000000002
      vertex -60.903928538602514 44.65056183502065 1.2000000000000002
      vertex -60.975407238024744 44.43999237667428 1.2000000000000002
    endloop
  endfacet
  facet normal 0 0 -1
    outer loop
      vertex -62.08333333333333 45.58771324027147 1.2000000000000002
      vertex -60.80557651976687 44.85 1.2000000000000002
      vertex -60.903928538602514 44.65056183502065 1.2000000000000002
    endloop
  endfacet
  facet normal 0 0 -1
    outer loop
      vertex -62.08333333333333 45.58771324027147 1.2000000000000002
      vertex -60.68203401182843 45.034894429314825 1.2000000000000002
      vertex -60.80557651976687 44.85 1.2000000000000002
    endloop
  endfacet
  facet normal 0 0 -1
    outer loop
      vertex -62.08333333333333 45.58771324027147 1.2000000000000002
      vertex -60.53541486135046 45.20208152801713 1.2000000000000002
      vertex -60.68203401182843 45.034894429314825 1.2000000000000002
    endloop
  endfacet
  facet normal 0 0 -1
    outer loop
      vertex -62.08333333333333 45.58771324027147 1.2000000000000002
      vertex -60.368227762648154 45.3487006784951 1.2000000000000002
      vertex -60.53541486135046 45.20208152801713 1.2000000000000002
    endloop
  endfacet
  facet normal 0 0 -1
    outer loop
      vertex -62.08333333333333 45.58771324027147 1.2000000000000002
      vertex -60.18333333333333 45.472243186433545 1.2000000000000002
      vertex -60.368227762648154 45.3487006784951 1.2000000000000002
    endloop
  endfacet
  facet normal 0 0 -1
    outer loop
      vertex -62.08333333333333 45.58771324027147 1.2000000000000002
      vertex -59.98389516835398 45.570595205269186 1.2000000000000002
      vertex -60.18333333333333 45.472243186433545 1.2000000000000002
    endloop
  endfacet
  facet normal 0 0 -1
    outer loop
      vertex -62.08333333333333 45.58771324027147 1.2000000000000002
      vertex -59.33333333333333 47.17542648054294 1.2000000000000002
      vertex -59.98389516835398 45.570595205269186 1.2000000000000002
    endloop
  endfacet
  facet normal 0 0 -1
    outer loop
      vertex -59.98389516835398 45.570595205269186 1.2000000000000002
      vertex -59.33333333333333 47.17542648054294 1.2000000000000002
      vertex -59.77332571000761 45.642073904691415 1.2000000000000002
    endloop
  endfacet
  facet normal 0 0 -1
    outer loop
      vertex -59.77332571000761 45.642073904691415 1.2000000000000002
      vertex -59.33333333333333 47.17542648054294 1.2000000000000002
      vertex -59.555227860107415 45.68545626433548 1.2000000000000002
    endloop
  endfacet
  facet normal 0 0 -1
    outer loop
      vertex -59.555227860107415 45.68545626433548 1.2000000000000002
      vertex -59.33333333333333 47.17542648054294 1.2000000000000002
      vertex -59.33333333333333 45.7 1.2000000000000002
    endloop
  endfacet
  facet normal 0 0 -1
    outer loop
      vertex -59.33333333333333 45.7 1.2000000000000002
      vertex -59.33333333333333 47.17542648054294 1.2000000000000002
      vertex -59.11143880655924 45.68545626433548 1.2000000000000002
    endloop
  endfacet
  facet normal 0 0 -1
    outer loop
      vertex -59.11143880655924 45.68545626433548 1.2000000000000002
      vertex -59.33333333333333 47.17542648054294 1.2000000000000002
      vertex -58.893340956659046 45.642073904691415 1.2000000000000002
    endloop
  endfacet
  facet normal 0 0 -1
    outer loop
      vertex -59.33333333333333 47.17542648054294 1.2000000000000002
      vertex -58.48333333333333 45.472243186433545 1.2000000000000002
      vertex -58.682771498312675 45.570595205269186 1.2000000000000002
    endloop
  endfacet
  facet normal 0 0 -1
    outer loop
      vertex -59.33333333333333 47.17542648054294 1.2000000000000002
      vertex -58.682771498312675 45.570595205269186 1.2000000000000002
      vertex -58.893340956659046 45.642073904691415 1.2000000000000002
    endloop
  endfacet
  facet normal 0 0 -1
    outer loop
      vertex -59.33333333333333 47.17542648054294 1.2000000000000002
      vertex -58.298438904018504 45.3487006784951 1.2000000000000002
      vertex -58.48333333333333 45.472243186433545 1.2000000000000002
    endloop
  endfacet
  facet normal 0 0 -1
    outer loop
      vertex -58.682771498312675 42.429404794730814 1.2000000000000002
      vertex -58.48333333333333 42.527756813566455 1.2000000000000002
      vertex -56.58333333333333 42.41228675972853 1.2000000000000002
    endloop
  endfacet
  facet normal 0 0 -1
    outer loop
      vertex -58.48333333333333 42.527756813566455 1.2000000000000002
      vertex -58.298438904018504 42.6512993215049 1.2000000000000002
      vertex -56.58333333333333 42.41228675972853 1.2000000000000002
    endloop
  endfacet
  facet normal 0 0 -1
    outer loop
      vertex -58.298438904018504 42.6512993215049 1.2000000000000002
      vertex -58.1312518053162 42.79791847198287 1.2000000000000002
      vertex -56.58333333333333 42.41228675972853 1.2000000000000002
    endloop
  endfacet
  facet normal 0 0 -1
    outer loop
      vertex -58.1312518053162 42.79791847198287 1.2000000000000002
      vertex -57.98463265483823 42.965105570685175 1.2000000000000002
      vertex -56.58333333333333 42.41228675972853 1.2000000000000002
    endloop
  endfacet
  facet normal 0 0 -1
    outer loop
      vertex -57.98463265483823 42.965105570685175 1.2000000000000002
      vertex -57.861090146899784 43.15 1.2000000000000002
      vertex -56.58333333333333 42.41228675972853 1.2000000000000002
    endloop
  endfacet
  facet normal 0 0 -1
    outer loop
      vertex -57.861090146899784 43.15 1.2000000000000002
      vertex -57.76273812806414 43.34943816497935 1.2000000000000002
      vertex -56.58333333333333 42.41228675972853 1.2000000000000002
    endloop
  endfacet
  facet normal 0 0 -1
    outer loop
      vertex -57.76273812806414 43.34943816497935 1.2000000000000002
      vertex -57.691259428641914 43.56000762332572 1.2000000000000002
      vertex -56.58333333333333 42.41228675972853 1.2000000000000002
    endloop
  endfacet
  facet normal 0 0 -1
    outer loop
      vertex -57.691259428641914 43.56000762332572 1.2000000000000002
      vertex -57.64787706899785 43.778105473225914 1.2000000000000002
      vertex -56.58333333333333 42.41228675972853 1.2000000000000002
    endloop
  endfacet
  facet normal 0 0 -1
    outer loop
      vertex -57.64787706899785 43.778105473225914 1.2000000000000002
      vertex -57.633333333333326 44 1.2000000000000002
      vertex -56.58333333333333 42.41228675972853 1.2000000000000002
    endloop
  endfacet
  facet normal 0 0 -1
    outer loop
      vertex -56.58333333333333 42.41228675972853 1.2000000000000002
      vertex -57.633333333333326 44 1.2000000000000002
      vertex -57.64787706899785 44.221894526774086 1.2000000000000002
    endloop
  endfacet
  facet normal 0 0 -1
    outer loop
      vertex -56.58333333333333 42.41228675972853 1.2000000000000002
      vertex -57.64787706899785 44.221894526774086 1.2000000000000002
      vertex -57.691259428641914 44.43999237667428 1.2000000000000002
    endloop
  endfacet
  facet normal 0 0 -1
    outer loop
      vertex -56.58333333333333 42.41228675972853 1.2000000000000002
      vertex -57.691259428641914 44.43999237667428 1.2000000000000002
      vertex -56.58333333333333 45.58771324027147 1.2000000000000002
    endloop
  endfacet
  facet normal 0 0 -1
    outer loop
      vertex -57.861090146899784 44.85 1.2000000000000002
      vertex -57.98463265483823 45.034894429314825 1.2000000000000002
      vertex -56.58333333333333 45.58771324027147 1.2000000000000002
    endloop
  endfacet
  facet normal 0 0 -1
    outer loop
      vertex -57.691259428641914 44.43999237667428 1.2000000000000002
      vertex -57.76273812806414 44.65056183502065 1.2000000000000002
      vertex -56.58333333333333 45.58771324027147 1.2000000000000002
    endloop
  endfacet
  facet normal 0 0 -1
    outer loop
      vertex -57.76273812806414 44.65056183502065 1.2000000000000002
      vertex -57.861090146899784 44.85 1.2000000000000002
      vertex -56.58333333333333 45.58771324027147 1.2000000000000002
    endloop
  endfacet
  facet normal 0 0 -1
    outer loop
      vertex -58.1312518053162 45.20208152801713 1.2000000000000002
      vertex -58.298438904018504 45.3487006784951 1.2000000000000002
      vertex -56.58333333333333 45.58771324027147 1.2000000000000002
    endloop
  endfacet
  facet normal 0 0 -1
    outer loop
      vertex -59.33333333333333 47.17542648054294 1.2000000000000002
      vertex -56.58333333333333 45.58771324027147 1.2000000000000002
      vertex -58.298438904018504 45.3487006784951 1.2000000000000002
    endloop
  endfacet
  facet normal 0 0 -1
    outer loop
      vertex -57.98463265483823 45.034894429314825 1.2000000000000002
      vertex -58.1312518053162 45.20208152801713 1.2000000000000002
      vertex -56.58333333333333 45.58771324027147 1.2000000000000002
    endloop
  endfacet
  facet normal 0.49999999999999967 0.8660254037844389 0
    outer loop
      vertex -118.66666666666666 40.82457351945706 0
      vertex -121.41666666666666 42.41228675972853 0
      vertex -121.41666666666666 42.41228675972853 1.2000000000000002
    endloop
  endfacet
  facet normal -0.49999999999999967 0.8660254037844389 0
    outer loop
      vertex -118.66666666666666 40.82457351945706 0
      vertex -118.66666666666666 40.82457351945706 1.2000000000000002
      vertex -115.91666666666666 42.41228675972853 0
    endloop
  endfacet
  facet normal 1 0 0
    outer loop
      vertex -121.41666666666666 42.41228675972853 0
      vertex -121.41666666666666 45.58771324027147 0
      vertex -121.41666666666666 45.58771324027147 1.2000000000000002
    endloop
  endfacet
  facet normal 0.49999999999999967 -0.8660254037844389 0
    outer loop
      vertex -121.41666666666666 45.58771324027147 0
      vertex -118.66666666666666 47.17542648054294 0
      vertex -118.66666666666666 47.17542648054294 1.2000000000000002
    endloop
  endfacet
  facet normal -1 0 0
    outer loop
      vertex -115.91666666666666 42.41228675972853 0
      vertex -115.91666666666666 42.41228675972853 1.2000000000000002
      vertex -115.91666666666666 45.58771324027147 0
    endloop
  endfacet
  facet normal -0.49999999999999967 -0.8660254037844389 0
    outer loop
      vertex -118.66666666666666 47.17542648054294 0
      vertex -115.91666666666666 45.58771324027147 0
      vertex -115.91666666666666 45.58771324027147 1.2000000000000002
    endloop
  endfacet
  facet normal 0.49999999999999967 0.8660254037844389 0
    outer loop
      vertex -118.66666666666666 40.82457351945706 0
      vertex -121.41666666666666 42.41228675972853 1.2000000000000002
      vertex -118.66666666666666 40.82457351945706 1.2000000000000002
    endloop
  endfacet
  facet normal -0.49999999999999967 0.8660254037844389 0
    outer loop
      vertex -115.91666666666666 42.41228675972853 0
      vertex -118.66666666666666 40.82457351945706 1.2000000000000002
      vertex -115.91666666666666 42.41228675972853 1.2000000000000002
    endloop
  endfacet
  facet normal 1 0 0
    outer loop
      vertex -121.41666666666666 42.41228675972853 0
      vertex -121.41666666666666 45.58771324027147 1.2000000000000002
      vertex -121.41666666666666 42.41228675972853 1.2000000000000002
    endloop
  endfacet
  facet normal 0.49999999999999967 -0.8660254037844389 0
    outer loop
      vertex -121.41666666666666 45.58771324027147 0
      vertex -118.66666666666666 47.17542648054294 1.2000000000000002
      vertex -121.41666666666666 45.58771324027147 1.2000000000000002
    endloop
  endfacet
  facet normal -0.49999999999999967 -0.8660254037844389 0
    outer loop
      vertex -118.66666666666666 47.17542648054294 0
      vertex -115.91666666666666 45.58771324027147 1.2000000000000002
      vertex -118.66666666666666 47.17542648054294 1.2000000000000002
    endloop
  endfacet
  facet normal -1 0 0
    outer loop
      vertex -115.91666666666666 45.58771324027147 0
      vertex -115.91666666666666 42.41228675972853 1.2000000000000002
      vertex -115.91666666666666 45.58771324027147 1.2000000000000002
    endloop
  endfacet
  facet normal 0 0 -1
    outer loop
      vertex -118.66666666666666 40.82457351945706 1.2000000000000002
      vertex -121.41666666666666 42.41228675972853 1.2000000000000002
      vertex -119.70156109598148 42.6512993215049 1.2000000000000002
    endloop
  endfacet
  facet normal 0 0 -1
    outer loop
      vertex -118.66666666666666 40.82457351945706 1.2000000000000002
      vertex -119.70156109598148 42.6512993215049 1.2000000000000002
      vertex -119.51666666666665 42.527756813566455 1.2000000000000002
    endloop
  endfacet
  facet normal 0 0 -1
    outer loop
      vertex -118.66666666666666 40.82457351945706 1.2000000000000002
      vertex -119.51666666666665 42.527756813566455 1.2000000000000002
      vertex -119.31722850168731 42.429404794730814 1.2000000000000002
    endloop
  endfacet
  facet normal 0 0 -1
    outer loop
      vertex -118.66666666666666 40.82457351945706 1.2000000000000002
      vertex -119.31722850168731 42.429404794730814 1.2000000000000002
      vertex -119.10665904334094 42.357926095308585 1.2000000000000002
    endloop
  endfacet
  facet normal 0 0 -1
    outer loop
      vertex -118.66666666666666 40.82457351945706 1.2000000000000002
      vertex -119.10665904334094 42.357926095308585 1.2000000000000002
      vertex -118.88856119344075 42.31454373566452 1.2000000000000002
    endloop
  endfacet
  facet normal 0 0 -1
    outer loop
      vertex -118.66666666666666 40.82457351945706 1.2000000000000002
      vertex -118.88856119344075 42.31454373566452 1.2000000000000002
      vertex -118.66666666666666 42.3 1.2000000000000002
    endloop
  endfacet
  facet normal 0 0 -1
    outer loop
      vertex -118.66666666666666 40.82457351945706 1.2000000000000002
      vertex -118.66666666666666 42.3 1.2000000000000002
      vertex -118.44477213989256 42.31454373566452 1.2000000000000002
    endloop
  endfacet
  facet normal 0 0 -1
    outer loop
      vertex -118.66666666666666 40.82457351945706 1.2000000000000002
      vertex -118.44477213989256 42.31454373566452 1.2000000000000002
      vertex -118.22667428999237 42.357926095308585 1.2000000000000002
    endloop
  endfacet
  facet normal 0 0 -1
    outer loop
      vertex -118.66666666666666 40.82457351945706 1.2000000000000002
      vertex -118.22667428999237 42.357926095308585 1.2000000000000002
      vertex -118.016104831646 42.429404794730814 1.2000000000000002
    endloop
  endfacet
  facet normal 0 0 -1
    outer loop
      vertex -118.66666666666666 40.82457351945706 1.2000000000000002
      vertex -118.016104831646 42.429404794730814 1.2000000000000002
      vertex -115.91666666666666 42.41228675972853 1.2000000000000002
    endloop
  endfacet
  facet normal 0 0 -1
    outer loop
      vertex -121.41666666666666 42.41228675972853 1.2000000000000002
      vertex -120.23726187193584 43.34943816497935 1.2000000000000002
      vertex -120.1389098531002 43.15 1.2000000000000002
    endloop
  endfacet
  facet normal 0 0 -1
    outer loop
      vertex -121.41666666666666 42.41228675972853 1.2000000000000002
      vertex -120.30874057135807 43.56000762332572 1.2000000000000002
      vertex -120.23726187193584 43.34943816497935 1.2000000000000002
    endloop
  endfacet
  facet normal 0 0 -1
    outer loop
      vertex -121.41666666666666 42.41228675972853 1.2000000000000002
      vertex -121.41666666666666 45.58771324027147 1.2000000000000002
      vertex -120.30874057135807 43.56000762332572 1.2000000000000002
    endloop
  endfacet
  facet normal 0 0 -1
    outer loop
      vertex -121.41666666666666 45.58771324027147 1.2000000000000002
      vertex -120.35212293100213 43.778105473225914 1.2000000000000002
      vertex -120.30874057135807 43.56000762332572 1.2000000000000002
    endloop
  endfacet
  facet normal 0 0 -1
    outer loop
      vertex -121.41666666666666 45.58771324027147 1.2000000000000002
      vertex -120.36666666666666 44 1.2000000000000002
      vertex -120.35212293100213 43.778105473225914 1.2000000000000002
    endloop
  endfacet
  facet normal 0 0 -1
    outer loop
      vertex -121.41666666666666 45.58771324027147 1.2000000000000002
      vertex -120.35212293100213 44.221894526774086 1.2000000000000002
      vertex -120.36666666666666 44 1.2000000000000002
    endloop
  endfacet
  facet normal 0 0 -1
    outer loop
      vertex -121.41666666666666 45.58771324027147 1.2000000000000002
      vertex -120.30874057135807 44.43999237667428 1.2000000000000002
      vertex -120.35212293100213 44.221894526774086 1.2000000000000002
    endloop
  endfacet
  facet normal 0 0 -1
    outer loop
      vertex -121.41666666666666 45.58771324027147 1.2000000000000002
      vertex -120.23726187193584 44.65056183502065 1.2000000000000002
      vertex -120.30874057135807 44.43999237667428 1.2000000000000002
    endloop
  endfacet
  facet normal 0 0 -1
    outer loop
      vertex -121.41666666666666 45.58771324027147 1.2000000000000002
      vertex -120.1389098531002 44.85 1.2000000000000002
      vertex -120.23726187193584 44.65056183502065 1.2000000000000002
    endloop
  endfacet
  facet normal 0 0 -1
    outer loop
      vertex -121.41666666666666 42.41228675972853 1.2000000000000002
      vertex -120.01536734516176 42.965105570685175 1.2000000000000002
      vertex -119.86874819468379 42.79791847198287 1.2000000000000002
    endloop
  endfacet
  facet normal 0 0 -1
    outer loop
      vertex -121.41666666666666 42.41228675972853 1.2000000000000002
      vertex -120.1389098531002 43.15 1.2000000000000002
      vertex -120.01536734516176 42.965105570685175 1.2000000000000002
    endloop
  endfacet
  facet normal 0 0 -1
    outer loop
      vertex -121.41666666666666 42.41228675972853 1.2000000000000002
      vertex -119.86874819468379 42.79791847198287 1.2000000000000002
      vertex -119.70156109598148 42.6512993215049 1.2000000000000002
    endloop
  endfacet
  facet normal 0 0 -1
    outer loop
      vertex -121.41666666666666 45.58771324027147 1.2000000000000002
      vertex -120.01536734516176 45.034894429314825 1.2000000000000002
      vertex -120.1389098531002 44.85 1.2000000000000002
    endloop
  endfacet
  facet normal 0 0 -1
    outer loop
      vertex -121.41666666666666 45.58771324027147 1.2000000000000002
      vertex -119.86874819468379 45.20208152801713 1.2000000000000002
      vertex -120.01536734516176 45.034894429314825 1.2000000000000002
    endloop
  endfacet
  facet normal 0 0 -1
    outer loop
      vertex -121.41666666666666 45.58771324027147 1.2000000000000002
      vertex -119.70156109598148 45.3487006784951 1.2000000000000002
      vertex -119.86874819468379 45.20208152801713 1.2000000000000002
    endloop
  endfacet
  facet normal 0 0 -1
    outer loop
      vertex -121.41666666666666 45.58771324027147 1.2000000000000002
      vertex -119.51666666666665 45.472243186433545 1.2000000000000002
      vertex -119.70156109598148 45.3487006784951 1.2000000000000002
    endloop
  endfacet
  facet normal 0 0 -1
    outer loop
      vertex -121.41666666666666 45.58771324027147 1.2000000000000002
      vertex -119.31722850168731 45.570595205269186 1.2000000000000002
      vertex -119.51666666666665 45.472243186433545 1.2000000000000002
    endloop
  endfacet
  facet normal 0 0 -1
    outer loop
      vertex -121.41666666666666 45.58771324027147 1.2000000000000002
      vertex -118.66666666666666 47.17542648054294 1.2000000000000002
      vertex -119.31722850168731 45.570595205269186 1.2000000000000002
    endloop
  endfacet
  facet normal 0 0 -1
    outer loop
      vertex -119.31722850168731 45.570595205269186 1.2000000000000002
      vertex -118.66666666666666 47.17542648054294 1.2000000000000002
      vertex -119.10665904334094 45.642073904691415 1.2000000000000002
    endloop
  endfacet
  facet normal 0 0 -1
    outer loop
      vertex -119.10665904334094 45.642073904691415 1.2000000000000002
      vertex -118.66666666666666 47.17542648054294 1.2000000000000002
      vertex -118.88856119344075 45.68545626433548 1.2000000000000002
    endloop
  endfacet
  facet normal 0 0 -1
    outer loop
      vertex -118.88856119344075 45.68545626433548 1.2000000000000002
      vertex -118.66666666666666 47.17542648054294 1.2000000000000002
      vertex -118.66666666666666 45.7 1.2000000000000002
    endloop
  endfacet
  facet normal 0 0 -1
    outer loop
      vertex -118.66666666666666 45.7 1.2000000000000002
      vertex -118.66666666666666 47.17542648054294 1.2000000000000002
      vertex -118.44477213989256 45.68545626433548 1.2000000000000002
    endloop
  endfacet
  facet normal 0 0 -1
    outer loop
      vertex -118.22667428999237 45.642073904691415 1.2000000000000002
      vertex -118.66666666666666 47.17542648054294 1.2000000000000002
      vertex -118.016104831646 45.570595205269186 1.2000000000000002
    endloop
  endfacet
  facet normal 0 0 -1
    outer loop
      vertex -118.22667428999237 45.642073904691415 1.2000000000000002
      vertex -118.44477213989256 45.68545626433548 1.2000000000000002
      vertex -118.66666666666666 47.17542648054294 1.2000000000000002
    endloop
  endfacet
  facet normal 0 0 -1
    outer loop
      vertex -118.66666666666666 47.17542648054294 1.2000000000000002
      vertex -117.81666666666666 45.472243186433545 1.2000000000000002
      vertex -118.016104831646 45.570595205269186 1.2000000000000002
    endloop
  endfacet
  facet normal 0 0 -1
    outer loop
      vertex -118.66666666666666 47.17542648054294 1.2000000000000002
      vertex -117.63177223735184 45.3487006784951 1.2000000000000002
      vertex -117.81666666666666 45.472243186433545 1.2000000000000002
    endloop
  endfacet
  facet normal 0 0 -1
    outer loop
      vertex -118.016104831646 42.429404794730814 1.2000000000000002
      vertex -117.81666666666666 42.527756813566455 1.2000000000000002
      vertex -115.91666666666666 42.41228675972853 1.2000000000000002
    endloop
  endfacet
  facet normal 0 0 -1
    outer loop
      vertex -117.81666666666666 42.527756813566455 1.2000000000000002
      vertex -117.63177223735184 42.6512993215049 1.2000000000000002
      vertex -115.91666666666666 42.41228675972853 1.2000000000000002
    endloop
  endfacet
  facet normal 0 0 -1
    outer loop
      vertex -117.63177223735184 42.6512993215049 1.2000000000000002
      vertex -117.46458513864953 42.79791847198287 1.2000000000000002
      vertex -115.91666666666666 42.41228675972853 1.2000000000000002
    endloop
  endfacet
  facet normal 0 0 -1
    outer loop
      vertex -117.46458513864953 42.79791847198287 1.2000000000000002
      vertex -117.31796598817155 42.965105570685175 1.2000000000000002
      vertex -115.91666666666666 42.41228675972853 1.2000000000000002
    endloop
  endfacet
  facet normal 0 0 -1
    outer loop
      vertex -117.31796598817155 42.965105570685175 1.2000000000000002
      vertex -117.19442348023311 43.15 1.2000000000000002
      vertex -115.91666666666666 42.41228675972853 1.2000000000000002
    endloop
  endfacet
  facet normal 0 0 -1
    outer loop
      vertex -117.19442348023311 43.15 1.2000000000000002
      vertex -117.09607146139747 43.34943816497935 1.2000000000000002
      vertex -115.91666666666666 42.41228675972853 1.2000000000000002
    endloop
  endfacet
  facet normal 0 0 -1
    outer loop
      vertex -117.09607146139747 43.34943816497935 1.2000000000000002
      vertex -117.02459276197524 43.56000762332572 1.2000000000000002
      vertex -115.91666666666666 42.41228675972853 1.2000000000000002
    endloop
  endfacet
  facet normal 0 0 -1
    outer loop
      vertex -117.02459276197524 43.56000762332572 1.2000000000000002
      vertex -116.98121040233119 43.778105473225914 1.2000000000000002
      vertex -115.91666666666666 42.41228675972853 1.2000000000000002
    endloop
  endfacet
  facet normal 0 0 -1
    outer loop
      vertex -116.98121040233119 43.778105473225914 1.2000000000000002
      vertex -116.96666666666665 44 1.2000000000000002
      vertex -115.91666666666666 42.41228675972853 1.2000000000000002
    endloop
  endfacet
  facet normal 0 0 -1
    outer loop
      vertex -115.91666666666666 42.41228675972853 1.2000000000000002
      vertex -116.96666666666665 44 1.2000000000000002
      vertex -116.98121040233119 44.221894526774086 1.2000000000000002
    endloop
  endfacet
  facet normal 0 0 -1
    outer loop
      vertex -115.91666666666666 42.41228675972853 1.2000000000000002
      vertex -116.98121040233119 44.221894526774086 1.2000000000000002
      vertex -117.02459276197524 44.43999237667428 1.2000000000000002
    endloop
  endfacet
  facet normal 0 0 -1
    outer loop
      vertex -117.09607146139747 44.65056183502065 1.2000000000000002
      vertex -117.19442348023311 44.85 1.2000000000000002
      vertex -115.91666666666666 45.58771324027147 1.2000000000000002
    endloop
  endfacet
  facet normal 0 0 -1
    outer loop
      vertex -117.19442348023311 44.85 1.2000000000000002
      vertex -117.31796598817155 45.034894429314825 1.2000000000000002
      vertex -115.91666666666666 45.58771324027147 1.2000000000000002
    endloop
  endfacet
  facet normal 0 0 -1
    outer loop
      vertex -115.91666666666666 42.41228675972853 1.2000000000000002
      vertex -117.02459276197524 44.43999237667428 1.2000000000000002
      vertex -115.91666666666666 45.58771324027147 1.2000000000000002
    endloop
  endfacet
  facet normal 0 0 -1
    outer loop
      vertex -117.02459276197524 44.43999237667428 1.2000000000000002
      vertex -117.09607146139747 44.65056183502065 1.2000000000000002
      vertex -115.91666666666666 45.58771324027147 1.2000000000000002
    endloop
  endfacet
  facet normal 0 0 -1
    outer loop
      vertex -117.46458513864953 45.20208152801713 1.2000000000000002
      vertex -117.63177223735184 45.3487006784951 1.2000000000000002
      vertex -115.91666666666666 45.58771324027147 1.2000000000000002
    endloop
  endfacet
  facet normal 0 0 -1
    outer loop
      vertex -117.46458513864953 45.20208152801713 1.2000000000000002
      vertex -115.91666666666666 45.58771324027147 1.2000000000000002
      vertex -117.31796598817155 45.034894429314825 1.2000000000000002
    endloop
  endfacet
  facet normal 0 0 -1
    outer loop
      vertex -118.66666666666666 47.17542648054294 1.2000000000000002
      vertex -115.91666666666666 45.58771324027147 1.2000000000000002
      vertex -117.63177223735184 45.3487006784951 1.2000000000000002
    endloop
  endfacet
  facet normal 0.49999999999999967 0.8660254037844389 0
    outer loop
      vertex -178 40.82457351945706 0
      vertex -180.75 42.41228675972853 0
      vertex -178 40.82457351945706 1.2000000000000002
    endloop
  endfacet
  facet normal -0.49999999999999967 0.8660254037844389 0
    outer loop
      vertex -178 40.82457351945706 0
      vertex -178 40.82457351945706 1.2000000000000002
      vertex -175.25 42.41228675972853 0
    endloop
  endfacet
  facet normal 1 0 0
    outer loop
      vertex -180.75 42.41228675972853 0
      vertex -180.75 45.58771324027147 0
      vertex -180.75 45.58771324027147 1.2000000000000002
    endloop
  endfacet
  facet normal 0.49999999999999967 -0.8660254037844389 0
    outer loop
      vertex -180.75 45.58771324027147 0
      vertex -178 47.17542648054294 0
      vertex -178 47.17542648054294 1.2000000000000002
    endloop
  endfacet
  facet normal -1 0 0
    outer loop
      vertex -175.25 42.41228675972853 0
      vertex -175.25 42.41228675972853 1.2000000000000002
      vertex -175.25 45.58771324027147 0
    endloop
  endfacet
  facet normal -0.49999999999999967 -0.8660254037844389 0
    outer loop
      vertex -178 47.17542648054294 0
      vertex -175.25 45.58771324027147 0
      vertex -175.25 45.58771324027147 1.2000000000000002
    endloop
  endfacet
  facet normal 0.49999999999999967 0.8660254037844389 0
    outer loop
      vertex -180.75 42.41228675972853 0
      vertex -180.75 42.41228675972853 1.2000000000000002
      vertex -178 40.82457351945706 1.2000000000000002
    endloop
  endfacet
  facet normal 1 0 0
    outer loop
      vertex -180.75 42.41228675972853 0
      vertex -180.75 45.58771324027147 1.2000000000000002
      vertex -180.75 42.41228675972853 1.2000000000000002
    endloop
  endfacet
  facet normal 0.49999999999999967 -0.8660254037844389 0
    outer loop
      vertex -180.75 45.58771324027147 0
      vertex -178 47.17542648054294 1.2000000000000002
      vertex -180.75 45.58771324027147 1.2000000000000002
    endloop
  endfacet
  facet normal -0.49999999999999967 -0.8660254037844389 0
    outer loop
      vertex -178 47.17542648054294 0
      vertex -175.25 45.58771324027147 1.2000000000000002
      vertex -178 47.17542648054294 1.2000000000000002
    endloop
  endfacet
  facet normal -0.49999999999999967 0.8660254037844389 0
    outer loop
      vertex -175.25 42.41228675972853 0
      vertex -178 40.82457351945706 1.2000000000000002
      vertex -175.25 42.41228675972853 1.2000000000000002
    endloop
  endfacet
  facet normal -1 0 0
    outer loop
      vertex -175.25 45.58771324027147 0
      vertex -175.25 42.41228675972853 1.2000000000000002
      vertex -175.25 45.58771324027147 1.2000000000000002
    endloop
  endfacet
  facet normal 0 0 -1
    outer loop
      vertex -178 40.82457351945706 1.2000000000000002
      vertex -180.75 42.41228675972853 1.2000000000000002
      vertex -179.03489442931482 42.6512993215049 1.2000000000000002
    endloop
  endfacet
  facet normal 0 0 -1
    outer loop
      vertex -178 40.82457351945706 1.2000000000000002
      vertex -179.03489442931482 42.6512993215049 1.2000000000000002
      vertex -178.85 42.527756813566455 1.2000000000000002
    endloop
  endfacet
  facet normal 0 0 -1
    outer loop
      vertex -178 40.82457351945706 1.2000000000000002
      vertex -178.65056183502065 42.429404794730814 1.2000000000000002
      vertex -178.4399923766743 42.357926095308585 1.2000000000000002
    endloop
  endfacet
  facet normal 0 0 -1
    outer loop
      vertex -178 40.82457351945706 1.2000000000000002
      vertex -178.4399923766743 42.357926095308585 1.2000000000000002
      vertex -178.2218945267741 42.31454373566452 1.2000000000000002
    endloop
  endfacet
  facet normal 0 0 -1
    outer loop
      vertex -178 40.82457351945706 1.2000000000000002
      vertex -178.85 42.527756813566455 1.2000000000000002
      vertex -178.65056183502065 42.429404794730814 1.2000000000000002
    endloop
  endfacet
  facet normal 0 0 -1
    outer loop
      vertex -178 40.82457351945706 1.2000000000000002
      vertex -178.2218945267741 42.31454373566452 1.2000000000000002
      vertex -178 42.3 1.2000000000000002
    endloop
  endfacet
  facet normal 0 0 -1
    outer loop
      vertex -178 40.82457351945706 1.2000000000000002
      vertex -178 42.3 1.2000000000000002
      vertex -177.7781054732259 42.31454373566452 1.2000000000000002
    endloop
  endfacet
  facet normal 0 0 -1
    outer loop
      vertex -178 40.82457351945706 1.2000000000000002
      vertex -177.7781054732259 42.31454373566452 1.2000000000000002
      vertex -177.5600076233257 42.357926095308585 1.2000000000000002
    endloop
  endfacet
  facet normal 0 0 -1
    outer loop
      vertex -178 40.82457351945706 1.2000000000000002
      vertex -177.5600076233257 42.357926095308585 1.2000000000000002
      vertex -177.34943816497935 42.429404794730814 1.2000000000000002
    endloop
  endfacet
  facet normal 0 0 -1
    outer loop
      vertex -178 40.82457351945706 1.2000000000000002
      vertex -177.34943816497935 42.429404794730814 1.2000000000000002
      vertex -175.25 42.41228675972853 1.2000000000000002
    endloop
  endfacet
  facet normal 0 0 -1
    outer loop
      vertex -180.75 42.41228675972853 1.2000000000000002
      vertex -179.5705952052692 43.34943816497935 1.2000000000000002
      vertex -179.47224318643356 43.15 1.2000000000000002
    endloop
  endfacet
  facet normal 0 0 -1
    outer loop
      vertex -180.75 42.41228675972853 1.2000000000000002
      vertex -179.3487006784951 42.965105570685175 1.2000000000000002
      vertex -179.20208152801712 42.79791847198287 1.2000000000000002
    endloop
  endfacet
  facet normal 0 0 -1
    outer loop
      vertex -180.75 42.41228675972853 1.2000000000000002
      vertex -179.47224318643356 43.15 1.2000000000000002
      vertex -179.3487006784951 42.965105570685175 1.2000000000000002
    endloop
  endfacet
  facet normal 0 0 -1
    outer loop
      vertex -180.75 42.41228675972853 1.2000000000000002
      vertex -179.64207390469142 43.56000762332572 1.2000000000000002
      vertex -179.5705952052692 43.34943816497935 1.2000000000000002
    endloop
  endfacet
  facet normal 0 0 -1
    outer loop
      vertex -180.75 42.41228675972853 1.2000000000000002
      vertex -180.75 45.58771324027147 1.2000000000000002
      vertex -179.64207390469142 43.56000762332572 1.2000000000000002
    endloop
  endfacet
  facet normal 0 0 -1
    outer loop
      vertex -180.75 45.58771324027147 1.2000000000000002
      vertex -179.68545626433547 43.778105473225914 1.2000000000000002
      vertex -179.64207390469142 43.56000762332572 1.2000000000000002
    endloop
  endfacet
  facet normal 0 0 -1
    outer loop
      vertex -180.75 45.58771324027147 1.2000000000000002
      vertex -179.7 44 1.2000000000000002
      vertex -179.68545626433547 43.778105473225914 1.2000000000000002
    endloop
  endfacet
  facet normal 0 0 -1
    outer loop
      vertex -180.75 45.58771324027147 1.2000000000000002
      vertex -179.68545626433547 44.221894526774086 1.2000000000000002
      vertex -179.7 44 1.2000000000000002
    endloop
  endfacet
  facet normal 0 0 -1
    outer loop
      vertex -180.75 45.58771324027147 1.2000000000000002
      vertex -179.64207390469142 44.43999237667428 1.2000000000000002
      vertex -179.68545626433547 44.221894526774086 1.2000000000000002
    endloop
  endfacet
  facet normal 0 0 -1
    outer loop
      vertex -180.75 45.58771324027147 1.2000000000000002
      vertex -179.5705952052692 44.65056183502065 1.2000000000000002
      vertex -179.64207390469142 44.43999237667428 1.2000000000000002
    endloop
  endfacet
  facet normal 0 0 -1
    outer loop
      vertex -180.75 45.58771324027147 1.2000000000000002
      vertex -179.47224318643356 44.85 1.2000000000000002
      vertex -179.5705952052692 44.65056183502065 1.2000000000000002
    endloop
  endfacet
  facet normal 0 0 -1
    outer loop
      vertex -180.75 45.58771324027147 1.2000000000000002
      vertex -179.3487006784951 45.034894429314825 1.2000000000000002
      vertex -179.47224318643356 44.85 1.2000000000000002
    endloop
  endfacet
  facet normal 0 0 -1
    outer loop
      vertex -180.75 45.58771324027147 1.2000000000000002
      vertex -179.20208152801712 45.20208152801713 1.2000000000000002
      vertex -179.3487006784951 45.034894429314825 1.2000000000000002
    endloop
  endfacet
  facet normal 0 0 -1
    outer loop
      vertex -180.75 42.41228675972853 1.2000000000000002
      vertex -179.20208152801712 42.79791847198287 1.2000000000000002
      vertex -179.03489442931482 42.6512993215049 1.2000000000000002
    endloop
  endfacet
  facet normal 0 0 -1
    outer loop
      vertex -177.34943816497935 42.429404794730814 1.2000000000000002
      vertex -177.15 42.527756813566455 1.2000000000000002
      vertex -175.25 42.41228675972853 1.2000000000000002
    endloop
  endfacet
  facet normal 0 0 -1
    outer loop
      vertex -180.75 45.58771324027147 1.2000000000000002
      vertex -179.03489442931482 45.3487006784951 1.2000000000000002
      vertex -179.20208152801712 45.20208152801713 1.2000000000000002
    endloop
  endfacet
  facet normal 0 0 -1
    outer loop
      vertex -180.75 45.58771324027147 1.2000000000000002
      vertex -178.85 45.472243186433545 1.2000000000000002
      vertex -179.03489442931482 45.3487006784951 1.2000000000000002
    endloop
  endfacet
  facet normal 0 0 -1
    outer loop
      vertex -180.75 45.58771324027147 1.2000000000000002
      vertex -178.65056183502065 45.570595205269186 1.2000000000000002
      vertex -178.85 45.472243186433545 1.2000000000000002
    endloop
  endfacet
  facet normal 0 0 -1
    outer loop
      vertex -180.75 45.58771324027147 1.2000000000000002
      vertex -178 47.17542648054294 1.2000000000000002
      vertex -178.65056183502065 45.570595205269186 1.2000000000000002
    endloop
  endfacet
  facet normal 0 0 -1
    outer loop
      vertex -178.65056183502065 45.570595205269186 1.2000000000000002
      vertex -178 47.17542648054294 1.2000000000000002
      vertex -178.4399923766743 45.642073904691415 1.2000000000000002
    endloop
  endfacet
  facet normal 0 0 -1
    outer loop
      vertex -178.4399923766743 45.642073904691415 1.2000000000000002
      vertex -178 47.17542648054294 1.2000000000000002
      vertex -178.2218945267741 45.68545626433548 1.2000000000000002
    endloop
  endfacet
  facet normal 0 0 -1
    outer loop
      vertex -178.2218945267741 45.68545626433548 1.2000000000000002
      vertex -178 47.17542648054294 1.2000000000000002
      vertex -178 45.7 1.2000000000000002
    endloop
  endfacet
  facet normal 0 0 -1
    outer loop
      vertex -178 45.7 1.2000000000000002
      vertex -178 47.17542648054294 1.2000000000000002
      vertex -177.7781054732259 45.68545626433548 1.2000000000000002
    endloop
  endfacet
  facet normal 0 0 -1
    outer loop
      vertex -177.7781054732259 45.68545626433548 1.2000000000000002
      vertex -178 47.17542648054294 1.2000000000000002
      vertex -177.5600076233257 45.642073904691415 1.2000000000000002
    endloop
  endfacet
  facet normal 0 0 -1
    outer loop
      vertex -177.5600076233257 45.642073904691415 1.2000000000000002
      vertex -178 47.17542648054294 1.2000000000000002
      vertex -177.34943816497935 45.570595205269186 1.2000000000000002
    endloop
  endfacet
  facet normal 0 0 -1
    outer loop
      vertex -178 47.17542648054294 1.2000000000000002
      vertex -176.96510557068518 45.3487006784951 1.2000000000000002
      vertex -177.15 45.472243186433545 1.2000000000000002
    endloop
  endfacet
  facet normal 0 0 -1
    outer loop
      vertex -177.34943816497935 45.570595205269186 1.2000000000000002
      vertex -178 47.17542648054294 1.2000000000000002
      vertex -177.15 45.472243186433545 1.2000000000000002
    endloop
  endfacet
  facet normal 0 0 -1
    outer loop
      vertex -178 47.17542648054294 1.2000000000000002
      vertex -175.25 45.58771324027147 1.2000000000000002
      vertex -176.96510557068518 45.3487006784951 1.2000000000000002
    endloop
  endfacet
  facet normal 0 0 -1
    outer loop
      vertex -177.15 42.527756813566455 1.2000000000000002
      vertex -176.96510557068518 42.6512993215049 1.2000000000000002
      vertex -175.25 42.41228675972853 1.2000000000000002
    endloop
  endfacet
  facet normal 0 0 -1
    outer loop
      vertex -176.96510557068518 42.6512993215049 1.2000000000000002
      vertex -176.79791847198288 42.79791847198287 1.2000000000000002
      vertex -175.25 42.41228675972853 1.2000000000000002
    endloop
  endfacet
  facet normal 0 0 -1
    outer loop
      vertex -176.79791847198288 42.79791847198287 1.2000000000000002
      vertex -176.6512993215049 42.965105570685175 1.2000000000000002
      vertex -175.25 42.41228675972853 1.2000000000000002
    endloop
  endfacet
  facet normal 0 0 -1
    outer loop
      vertex -176.6512993215049 42.965105570685175 1.2000000000000002
      vertex -176.52775681356644 43.15 1.2000000000000002
      vertex -175.25 42.41228675972853 1.2000000000000002
    endloop
  endfacet
  facet normal 0 0 -1
    outer loop
      vertex -176.52775681356644 43.15 1.2000000000000002
      vertex -176.4294047947308 43.34943816497935 1.2000000000000002
      vertex -175.25 42.41228675972853 1.2000000000000002
    endloop
  endfacet
  facet normal 0 0 -1
    outer loop
      vertex -176.4294047947308 43.34943816497935 1.2000000000000002
      vertex -176.35792609530858 43.56000762332572 1.2000000000000002
      vertex -175.25 42.41228675972853 1.2000000000000002
    endloop
  endfacet
  facet normal 0 0 -1
    outer loop
      vertex -176.35792609530858 43.56000762332572 1.2000000000000002
      vertex -176.31454373566453 43.778105473225914 1.2000000000000002
      vertex -175.25 42.41228675972853 1.2000000000000002
    endloop
  endfacet
  facet normal 0 0 -1
    outer loop
      vertex -176.31454373566453 43.778105473225914 1.2000000000000002
      vertex -176.3 44 1.2000000000000002
      vertex -175.25 42.41228675972853 1.2000000000000002
    endloop
  endfacet
  facet normal 0 0 -1
    outer loop
      vertex -175.25 42.41228675972853 1.2000000000000002
      vertex -176.3 44 1.2000000000000002
      vertex -176.31454373566453 44.221894526774086 1.2000000000000002
    endloop
  endfacet
  facet normal 0 0 -1
    outer loop
      vertex -175.25 42.41228675972853 1.2000000000000002
      vertex -176.31454373566453 44.221894526774086 1.2000000000000002
      vertex -176.35792609530858 44.43999237667428 1.2000000000000002
    endloop
  endfacet
  facet normal 0 0 -1
    outer loop
      vertex -176.35792609530858 44.43999237667428 1.2000000000000002
      vertex -176.4294047947308 44.65056183502065 1.2000000000000002
      vertex -175.25 45.58771324027147 1.2000000000000002
    endloop
  endfacet
  facet normal 0 0 -1
    outer loop
      vertex -176.52775681356644 44.85 1.2000000000000002
      vertex -176.6512993215049 45.034894429314825 1.2000000000000002
      vertex -175.25 45.58771324027147 1.2000000000000002
    endloop
  endfacet
  facet normal 0 0 -1
    outer loop
      vertex -176.52775681356644 44.85 1.2000000000000002
      vertex -175.25 45.58771324027147 1.2000000000000002
      vertex -176.4294047947308 44.65056183502065 1.2000000000000002
    endloop
  endfacet
  facet normal 0 0 -1
    outer loop
      vertex -175.25 42.41228675972853 1.2000000000000002
      vertex -176.35792609530858 44.43999237667428 1.2000000000000002
      vertex -175.25 45.58771324027147 1.2000000000000002
    endloop
  endfacet
  facet normal 0 0 -1
    outer loop
      vertex -176.6512993215049 45.034894429314825 1.2000000000000002
      vertex -176.79791847198288 45.20208152801713 1.2000000000000002
      vertex -175.25 45.58771324027147 1.2000000000000002
    endloop
  endfacet
  facet normal 0 0 -1
    outer loop
      vertex -176.96510557068518 45.3487006784951 1.2000000000000002
      vertex -175.25 45.58771324027147 1.2000000000000002
      vertex -176.79791847198288 45.20208152801713 1.2000000000000002
    endloop
  endfacet
  facet normal 0 0 -1
    outer loop
      vertex -188.45481321960688 -122.1411047205329 0
      vertex -188.8631177842617 -120.08841907233 0
      vertex -174.5 -111 0
    endloop
  endfacet
  facet normal 0 0 -1
    outer loop
      vertex -188.8631177842617 -120.08841907233 0
      vertex -189 -118 0
      vertex -175.53527618199587 -110.86370330303907 0
    endloop
  endfacet
  facet normal 0 0 -1
    outer loop
      vertex -188.8631177842617 -120.08841907233 0
      vertex -175.53527618199587 -110.86370330303907 0
      vertex -175.02210476994514 -110.96577944606543 0
    endloop
  endfacet
  facet normal 0 0 -1
    outer loop
      vertex -189 -118 0
      vertex -177.67341335862875 -109.43504571914673 0
      vertex -177.3284271210432 -109.8284271210432 0
    endloop
  endfacet
  facet normal 0 0 -1
    outer loop
      vertex -189 -118 0
      vertex -177.9641016125679 -109 0
      vertex -177.67341335862875 -109.43504571914673 0
    endloop
  endfacet
  facet normal 0 0 -1
    outer loop
      vertex -189 -118 0
      vertex -178.1955181285739 -108.5307337269187 0
      vertex -177.9641016125679 -109 0
    endloop
  endfacet
  facet normal 0 0 -1
    outer loop
      vertex -189 -118 0
      vertex -178.36370330303907 -108.03527618199587 0
      vertex -178.1955181285739 -108.5307337269187 0
    endloop
  endfacet
  facet normal 0 0 -1
    outer loop
      vertex -189 -118 0
      vertex -178.46577944606543 -107.52210476994514 0
      vertex -178.36370330303907 -108.03527618199587 0
    endloop
  endfacet
  facet normal 0 0 -1
    outer loop
      vertex -189 -118 0
      vertex -178.5 -107 0
      vertex -178.46577944606543 -107.52210476994514 0
    endloop
  endfacet
  facet normal 0 0 -1
    outer loop
      vertex -189 -118 0
      vertex -176.93504571914673 -110.17341335862875 0
      vertex -176.5 -110.4641016125679 0
    endloop
  endfacet
  facet normal 0 0 -1
    outer loop
      vertex -189 -118 0
      vertex -176.5 -110.4641016125679 0
      vertex -176.0307337269187 -110.6955181285739 0
    endloop
  endfacet
  facet normal 0 0 -1
    outer loop
      vertex -189 -118 0
      vertex -177.3284271210432 -109.8284271210432 0
      vertex -176.93504571914673 -110.17341335862875 0
    endloop
  endfacet
  facet normal 0 0 -1
    outer loop
      vertex -189 -118 0
      vertex -176.0307337269187 -110.6955181285739 0
      vertex -175.53527618199587 -110.86370330303907 0
    endloop
  endfacet
  facet normal 0 0 -1
    outer loop
      vertex -188.8631177842617 -120.08841907233 0
      vertex -175.02210476994514 -110.96577944606543 0
      vertex -174.5 -111 0
    endloop
  endfacet
  facet normal 0 0 -1
    outer loop
      vertex -185.69365344196558 -127.74018286168575 0
      vertex -141.5705952052692 -127.34943816497935 0
      vertex -184.31370849907398 -129.31370849907398 0
    endloop
  endfacet
  facet normal 0 0 -1
    outer loop
      vertex -186.8564064577222 -126 0
      vertex -141.47224318643356 -127.15 0
      vertex -185.69365344196558 -127.74018286168575 0
    endloop
  endfacet
  facet normal 0 0 -1
    outer loop
      vertex -184.31370849907398 -129.31370849907398 0
      vertex -141.3487006784951 -129.03489442931482 0
      vertex -182.74018286168575 -130.69365344196558 0
    endloop
  endfacet
  facet normal 0 0 -1
    outer loop
      vertex -188.45481321960688 -122.1411047205329 0
      vertex -174.5 -111 0
      vertex -146.7 -118 0
    endloop
  endfacet
  facet normal 0 0 -1
    outer loop
      vertex -182.74018286168575 -130.69365344196558 0
      vertex -141.3487006784951 -129.03489442931482 0
      vertex -141.20208152801712 -129.20208152801712 0
    endloop
  endfacet
  facet normal 0 0 -1
    outer loop
      vertex -182.74018286168575 -130.69365344196558 0
      vertex -141.20208152801712 -129.20208152801712 0
      vertex -141.03489442931482 -129.3487006784951 0
    endloop
  endfacet
  facet normal 0 0 -1
    outer loop
      vertex -182.74018286168575 -130.69365344196558 0
      vertex -141.03489442931482 -129.3487006784951 0
      vertex -140.85 -129.47224318643356 0
    endloop
  endfacet
  facet normal 0 0 -1
    outer loop
      vertex -184.31370849907398 -129.31370849907398 0
      vertex -141.5705952052692 -128.65056183502065 0
      vertex -141.47224318643356 -128.85 0
    endloop
  endfacet
  facet normal 0 0 -1
    outer loop
      vertex -184.31370849907398 -129.31370849907398 0
      vertex -141.47224318643356 -128.85 0
      vertex -141.3487006784951 -129.03489442931482 0
    endloop
  endfacet
  facet normal 0 0 -1
    outer loop
      vertex -184.31370849907398 -129.31370849907398 0
      vertex -141.64207390469142 -128.4399923766743 0
      vertex -141.5705952052692 -128.65056183502065 0
    endloop
  endfacet
  facet normal 0 0 -1
    outer loop
      vertex -184.31370849907398 -129.31370849907398 0
      vertex -141.68545626433547 -128.2218945267741 0
      vertex -141.64207390469142 -128.4399923766743 0
    endloop
  endfacet
  facet normal 0 0 -1
    outer loop
      vertex -184.31370849907398 -129.31370849907398 0
      vertex -141.7 -128 0
      vertex -141.68545626433547 -128.2218945267741 0
    endloop
  endfacet
  facet normal 0 0 -1
    outer loop
      vertex -184.31370849907398 -129.31370849907398 0
      vertex -141.68545626433547 -127.7781054732259 0
      vertex -141.7 -128 0
    endloop
  endfacet
  facet normal 0 0 -1
    outer loop
      vertex -184.31370849907398 -129.31370849907398 0
      vertex -141.64207390469142 -127.56000762332572 0
      vertex -141.68545626433547 -127.7781054732259 0
    endloop
  endfacet
  facet normal 0 0 -1
    outer loop
      vertex -182.74018286168575 -130.69365344196558 0
      vertex -140.65056183502065 -129.5705952052692 0
      vertex -140.4399923766743 -129.64207390469142 0
    endloop
  endfacet
  facet normal 0 0 -1
    outer loop
      vertex -182.74018286168575 -130.69365344196558 0
      vertex -140.4399923766743 -129.64207390469142 0
      vertex -140.2218945267741 -129.68545626433547 0
    endloop
  endfacet
  facet normal 0 0 -1
    outer loop
      vertex -182.74018286168575 -130.69365344196558 0
      vertex -140.85 -129.47224318643356 0
      vertex -140.65056183502065 -129.5705952052692 0
    endloop
  endfacet
  facet normal 0 0 -1
    outer loop
      vertex -182.74018286168575 -130.69365344196558 0
      vertex -140.2218945267741 -129.68545626433547 0
      vertex -140 -129.7 0
    endloop
  endfacet
  facet normal 0 0 -1
    outer loop
      vertex -186.8564064577222 -126 0
      vertex -141.3487006784951 -126.96510557068518 0
      vertex -141.47224318643356 -127.15 0
    endloop
  endfacet
  facet normal 0 0 -1
    outer loop
      vertex -186.8564064577222 -126 0
      vertex -141.20208152801712 -126.79791847198287 0
      vertex -141.3487006784951 -126.96510557068518 0
    endloop
  endfacet
  facet normal 0 0 -1
    outer loop
      vertex -186.8564064577222 -126 0
      vertex -141.03489442931482 -126.6512993215049 0
      vertex -141.20208152801712 -126.79791847198287 0
    endloop
  endfacet
  facet normal 0 0 -1
    outer loop
      vertex -185.69365344196558 -127.74018286168575 0
      vertex -141.47224318643356 -127.15 0
      vertex -141.5705952052692 -127.34943816497935 0
    endloop
  endfacet
  facet normal 0 0 -1
    outer loop
      vertex -184.31370849907398 -129.31370849907398 0
      vertex -141.5705952052692 -127.34943816497935 0
      vertex -141.64207390469142 -127.56000762332572 0
    endloop
  endfacet
  facet normal 0 0 -1
    outer loop
      vertex -186.8564064577222 -126 0
      vertex -140.85 -126.52775681356646 0
      vertex -141.03489442931482 -126.6512993215049 0
    endloop
  endfacet
  facet normal 0 0 -1
    outer loop
      vertex -186.8564064577222 -126 0
      vertex -140.65056183502065 -126.42940479473081 0
      vertex -140.85 -126.52775681356646 0
    endloop
  endfacet
  facet normal 0 0 -1
    outer loop
      vertex -186.8564064577222 -126 0
      vertex -140.4399923766743 -126.35792609530858 0
      vertex -140.65056183502065 -126.42940479473081 0
    endloop
  endfacet
  facet normal 0 0 -1
    outer loop
      vertex -186.8564064577222 -126 0
      vertex -140.2218945267741 -126.31454373566453 0
      vertex -140.4399923766743 -126.35792609530858 0
    endloop
  endfacet
  facet normal 0 0 -1
    outer loop
      vertex -186.8564064577222 -126 0
      vertex -140 -126.3 0
      vertex -140.2218945267741 -126.31454373566453 0
    endloop
  endfacet
  facet normal 0 0 -1
    outer loop
      vertex -188.45481321960688 -122.1411047205329 0
      vertex -146.3487006784951 -119.03489442931482 0
      vertex -146.20208152801712 -119.20208152801713 0
    endloop
  endfacet
  facet normal 0 0 -1
    outer loop
      vertex -188.45481321960688 -122.1411047205329 0
      vertex -146.5705952052692 -118.65056183502065 0
      vertex -146.47224318643356 -118.85 0
    endloop
  endfacet
  facet normal 0 0 -1
    outer loop
      vertex -188.45481321960688 -122.1411047205329 0
      vertex -146.64207390469142 -118.43999237667428 0
      vertex -146.5705952052692 -118.65056183502065 0
    endloop
  endfacet
  facet normal 0 0 -1
    outer loop
      vertex -188.45481321960688 -122.1411047205329 0
      vertex -146.47224318643356 -118.85 0
      vertex -146.3487006784951 -119.03489442931482 0
    endloop
  endfacet
  facet normal 0 0 -1
    outer loop
      vertex -188.45481321960688 -122.1411047205329 0
      vertex -146.68545626433547 -118.2218945267741 0
      vertex -146.64207390469142 -118.43999237667428 0
    endloop
  endfacet
  facet normal 0 0 -1
    outer loop
      vertex -188.45481321960688 -122.1411047205329 0
      vertex -146.7 -118 0
      vertex -146.68545626433547 -118.2218945267741 0
    endloop
  endfacet
  facet normal 0 0 -1
    outer loop
      vertex -188.45481321960688 -122.1411047205329 0
      vertex -146.20208152801712 -119.20208152801713 0
      vertex -146.03489442931482 -119.3487006784951 0
    endloop
  endfacet
  facet normal 0 0 -1
    outer loop
      vertex -188.45481321960688 -122.1411047205329 0
      vertex -146.03489442931482 -119.3487006784951 0
      vertex -145.85 -119.47224318643354 0
    endloop
  endfacet
  facet normal 0 0 -1
    outer loop
      vertex -188.45481321960688 -122.1411047205329 0
      vertex -145.85 -119.47224318643354 0
      vertex -145.65056183502065 -119.57059520526919 0
    endloop
  endfacet
  facet normal 0 0 -1
    outer loop
      vertex -188.45481321960688 -122.1411047205329 0
      vertex -145.65056183502065 -119.57059520526919 0
      vertex -145.4399923766743 -119.64207390469142 0
    endloop
  endfacet
  facet normal 0 0 -1
    outer loop
      vertex -188.45481321960688 -122.1411047205329 0
      vertex -145.4399923766743 -119.64207390469142 0
      vertex -145.2218945267741 -119.68545626433547 0
    endloop
  endfacet
  facet normal 0 0 -1
    outer loop
      vertex -188.45481321960688 -122.1411047205329 0
      vertex -145.2218945267741 -119.68545626433547 0
      vertex -145 -119.7 0
    endloop
  endfacet
  facet normal 0 0 -1
    outer loop
      vertex -174.5 -111 0
      vertex -146.68545626433547 -117.7781054732259 0
      vertex -146.7 -118 0
    endloop
  endfacet
  facet normal 0 0 -1
    outer loop
      vertex -174.5 -111 0
      vertex -146.64207390469142 -117.56000762332572 0
      vertex -146.68545626433547 -117.7781054732259 0
    endloop
  endfacet
  facet normal 0 0 -1
    outer loop
      vertex -174.5 -111 0
      vertex -146.5705952052692 -117.34943816497935 0
      vertex -146.64207390469142 -117.56000762332572 0
    endloop
  endfacet
  facet normal 0 0 -1
    outer loop
      vertex -174.5 -111 0
      vertex -146.47224318643356 -117.15 0
      vertex -146.5705952052692 -117.34943816497935 0
    endloop
  endfacet
  facet normal 0 0 -1
    outer loop
      vertex -174.5 -111 0
      vertex -146.3487006784951 -116.96510557068518 0
      vertex -146.47224318643356 -117.15 0
    endloop
  endfacet
  facet normal 0 0 -1
    outer loop
      vertex -174.5 -111 0
      vertex -146.20208152801712 -116.79791847198287 0
      vertex -146.3487006784951 -116.96510557068518 0
    endloop
  endfacet
  facet normal 0 0 -1
    outer loop
      vertex -174.5 -111 0
      vertex -146.03489442931482 -116.6512993215049 0
      vertex -146.20208152801712 -116.79791847198287 0
    endloop
  endfacet
  facet normal 0 0 -1
    outer loop
      vertex -174.5 -111 0
      vertex -145.85 -116.52775681356646 0
      vertex -146.03489442931482 -116.6512993215049 0
    endloop
  endfacet
  facet normal 0 0 -1
    outer loop
      vertex -174.5 -111 0
      vertex -145.65056183502065 -116.42940479473081 0
      vertex -145.85 -116.52775681356646 0
    endloop
  endfacet
  facet normal 0 0 -1
    outer loop
      vertex -174.5 -111 0
      vertex -145.4399923766743 -116.35792609530858 0
      vertex -145.65056183502065 -116.42940479473081 0
    endloop
  endfacet
  facet normal 0 0 -1
    outer loop
      vertex -174.5 -111 0
      vertex -145.2218945267741 -116.31454373566453 0
      vertex -145.4399923766743 -116.35792609530858 0
    endloop
  endfacet
  facet normal 0 0 -1
    outer loop
      vertex -174.5 -111 0
      vertex -145 -116.3 0
      vertex -145.2218945267741 -116.31454373566453 0
    endloop
  endfacet
  facet normal -0.7518398086664835 -0.6593458137459777 0
    outer loop
      vertex -185.69365344196558 -127.74018286168575 0
      vertex -184.31370849907398 -129.31370849907398 0
      vertex -185.69365344196558 -127.74018286168575 4
    endloop
  endfacet
  facet normal -0.6593458137459777 -0.7518398086664835 0
    outer loop
      vertex -184.31370849907398 -129.31370849907398 0
      vertex -182.74018286168575 -130.69365344196558 0
      vertex -184.31370849907398 -129.31370849907398 4
    endloop
  endfacet
  facet normal -0.8314696119703846 -0.5555702335167159 0
    outer loop
      vertex -186.8564064577222 -126 0
      vertex -185.69365344196558 -127.74018286168575 0
      vertex -186.8564064577222 -126 4
    endloop
  endfacet
  facet normal -0.8968727409536632 -0.442288691393148 0
    outer loop
      vertex -186.8564064577222 -126 0
      vertex -187.78207252174616 -124.12293491512537 4
      vertex -187.78207252174616 -124.12293491512537 0
    endloop
  endfacet
  facet normal -0.946930129791463 -0.32143946443012145 0
    outer loop
      vertex -187.78207252174616 -124.12293491512537 0
      vertex -188.45481321960688 -122.1411047205329 4
      vertex -188.45481321960688 -122.1411047205329 0
    endloop
  endfacet
  facet normal -0.5555702335167159 -0.8314696119703846 0
    outer loop
      vertex -182.74018286168575 -130.69365344196558 0
      vertex -181 -131.8564064577222 0
      vertex -182.74018286168575 -130.69365344196558 4
    endloop
  endfacet
  facet normal -0.442288691393148 -0.8968727409536632 0
    outer loop
      vertex -181 -131.8564064577222 0
      vertex -179.12293491512537 -132.78207252174616 0
      vertex -181 -131.8564064577222 4
    endloop
  endfacet
  facet normal -0.32143946443012145 -0.946930129791463 0
    outer loop
      vertex -179.12293491512537 -132.78207252174616 0
      vertex -177.1411047205329 -133.45481321960688 0
      vertex -179.12293491512537 -132.78207252174616 4
    endloop
  endfacet
  facet normal -0.9807852801395136 -0.1950903233419225 0
    outer loop
      vertex -188.45481321960688 -122.1411047205329 0
      vertex -188.8631177842617 -120.08841907233 4
      vertex -188.8631177842617 -120.08841907233 0
    endloop
  endfacet
  facet normal -0.9978589233032022 -0.06540312824455488 0
    outer loop
      vertex -188.8631177842617 -120.08841907233 0
      vertex -189 -118 4
      vertex -189 -118 0
    endloop
  endfacet
  facet normal -0.1950903233419225 -0.9807852801395136 0
    outer loop
      vertex -177.1411047205329 -133.45481321960688 0
      vertex -175.08841907233 -133.8631177842617 0
      vertex -177.1411047205329 -133.45481321960688 4
    endloop
  endfacet
  facet normal -0.06540312824455488 -0.9978589233032022 0
    outer loop
      vertex -175.08841907233 -133.8631177842617 0
      vertex -173 -134 0
      vertex -175.08841907233 -133.8631177842617 4
    endloop
  endfacet
  facet normal 0 0 -1
    outer loop
      vertex -189 -118 0
      vertex -180.75 42.41228675972853 0
      vertex -178.5 -107 0
    endloop
  endfacet
  facet normal 0 0 -1
    outer loop
      vertex -182.74018286168575 -130.69365344196558 0
      vertex -140 -129.7 0
      vertex -71.03489442931482 -129.3487006784951 0
    endloop
  endfacet
  facet normal 0 0 -1
    outer loop
      vertex -188.45481321960688 -122.1411047205329 0
      vertex -145 -119.7 0
      vertex -50 -119.7 0
    endloop
  endfacet
  facet normal 0 0 -1
    outer loop
      vertex -182.74018286168575 -130.69365344196558 0
      vertex -1.034894429314825 -129.3487006784951 0
      vertex -181 -131.8564064577222 0
    endloop
  endfacet
  facet normal 0 0 -1
    outer loop
      vertex -186.8564064577222 -126 0
      vertex -187.78207252174616 -124.12293491512537 0
      vertex 10 -125.17994227227675 0
    endloop
  endfacet
  facet normal 0 0 -1
    outer loop
      vertex -187.78207252174616 -124.12293491512537 0
      vertex -188.45481321960688 -122.1411047205329 0
      vertex 10 -125.17994227227675 0
    endloop
  endfacet
  facet normal 0 0 -1
    outer loop
      vertex -181 -131.8564064577222 0
      vertex 10 -134 0
      vertex -179.12293491512537 -132.78207252174616 0
    endloop
  endfacet
  facet normal 0 0 -1
    outer loop
      vertex -179.12293491512537 -132.78207252174616 0
      vertex 10 -134 0
      vertex -177.1411047205329 -133.45481321960688 0
    endloop
  endfacet
  facet normal 0 0 -1
    outer loop
      vertex -140 -129.7 0
      vertex -139.7781054732259 -129.68545626433547 0
      vertex -71.03489442931482 -129.3487006784951 0
    endloop
  endfacet
  facet normal 0 0 -1
    outer loop
      vertex -139.7781054732259 -129.68545626433547 0
      vertex -139.5600076233257 -129.64207390469142 0
      vertex -71.03489442931482 -129.3487006784951 0
    endloop
  endfacet
  facet normal 0 0 -1
    outer loop
      vertex -139.5600076233257 -129.64207390469142 0
      vertex -139.34943816497935 -129.5705952052692 0
      vertex -71.03489442931482 -129.3487006784951 0
    endloop
  endfacet
  facet normal 0 0 -1
    outer loop
      vertex -139.34943816497935 -129.5705952052692 0
      vertex -139.15 -129.47224318643356 0
      vertex -71.03489442931482 -129.3487006784951 0
    endloop
  endfacet
  facet normal 0 0 -1
    outer loop
      vertex -139.15 -129.47224318643356 0
      vertex -138.96510557068518 -129.3487006784951 0
      vertex -71.03489442931482 -129.3487006784951 0
    endloop
  endfacet
  facet normal 0 0 -1
    outer loop
      vertex -138.96510557068518 -129.3487006784951 0
      vertex -138.79791847198288 -129.20208152801712 0
      vertex -71.03489442931482 -129.3487006784951 0
    endloop
  endfacet
  facet normal 0 0 -1
    outer loop
      vertex -138.79791847198288 -129.20208152801712 0
      vertex -138.6512993215049 -129.03489442931482 0
      vertex -71.20208152801713 -129.20208152801712 0
    endloop
  endfacet
  facet normal 0 0 -1
    outer loop
      vertex -138.6512993215049 -129.03489442931482 0
      vertex -138.52775681356644 -128.85 0
      vertex -71.3487006784951 -129.03489442931482 0
    endloop
  endfacet
  facet normal 0 0 -1
    outer loop
      vertex -138.52775681356644 -128.85 0
      vertex -138.4294047947308 -128.65056183502065 0
      vertex -71.64207390469142 -128.4399923766743 0
    endloop
  endfacet
  facet normal 0 0 -1
    outer loop
      vertex -138.4294047947308 -128.65056183502065 0
      vertex -138.35792609530858 -128.4399923766743 0
      vertex -71.68545626433547 -127.7781054732259 0
    endloop
  endfacet
  facet normal 0 0 -1
    outer loop
      vertex -138.35792609530858 -128.4399923766743 0
      vertex -138.31454373566453 -128.2218945267741 0
      vertex -71.68545626433547 -127.7781054732259 0
    endloop
  endfacet
  facet normal 0 0 -1
    outer loop
      vertex -138.31454373566453 -128.2218945267741 0
      vertex -138.3 -128 0
      vertex -71.68545626433547 -127.7781054732259 0
    endloop
  endfacet
  facet normal 0 0 -1
    outer loop
      vertex -138.3 -128 0
      vertex -138.31454373566453 -127.7781054732259 0
      vertex -71.68545626433547 -127.7781054732259 0
    endloop
  endfacet
  facet normal 0 0 -1
    outer loop
      vertex -138.4294047947308 -127.34943816497935 0
      vertex -71.64207390469142 -127.56000762332572 0
      vertex -138.35792609530858 -127.56000762332572 0
    endloop
  endfacet
  facet normal 0 0 -1
    outer loop
      vertex -138.31454373566453 -127.7781054732259 0
      vertex -138.35792609530858 -127.56000762332572 0
      vertex -71.68545626433547 -127.7781054732259 0
    endloop
  endfacet
  facet normal 0 0 -1
    outer loop
      vertex -138.4294047947308 -127.34943816497935 0
      vertex -138.52775681356644 -127.15 0
      vertex -71.57059520526919 -127.34943816497935 0
    endloop
  endfacet
  facet normal 0 0 -1
    outer loop
      vertex -138.52775681356644 -127.15 0
      vertex -138.6512993215049 -126.96510557068518 0
      vertex -71.03489442931482 -126.6512993215049 0
    endloop
  endfacet
  facet normal 0 0 -1
    outer loop
      vertex -177.1411047205329 -133.45481321960688 0
      vertex 10 -134 0
      vertex -175.08841907233 -133.8631177842617 0
    endloop
  endfacet
  facet normal 0 0 -1
    outer loop
      vertex -175.08841907233 -133.8631177842617 0
      vertex 10 -134 0
      vertex -173 -134 0
    endloop
  endfacet
  facet normal 0 0 -1
    outer loop
      vertex -182.74018286168575 -130.69365344196558 0
      vertex -71.03489442931482 -129.3487006784951 0
      vertex -70.85 -129.47224318643356 0
    endloop
  endfacet
  facet normal 0 0 -1
    outer loop
      vertex -182.74018286168575 -130.69365344196558 0
      vertex -70.65056183502065 -129.5705952052692 0
      vertex -70.43999237667428 -129.64207390469142 0
    endloop
  endfacet
  facet normal 0 0 -1
    outer loop
      vertex -182.74018286168575 -130.69365344196558 0
      vertex -70.43999237667428 -129.64207390469142 0
      vertex -70.2218945267741 -129.68545626433547 0
    endloop
  endfacet
  facet normal 0 0 -1
    outer loop
      vertex -182.74018286168575 -130.69365344196558 0
      vertex -70.85 -129.47224318643356 0
      vertex -70.65056183502065 -129.5705952052692 0
    endloop
  endfacet
  facet normal 0 0 -1
    outer loop
      vertex -182.74018286168575 -130.69365344196558 0
      vertex -70.2218945267741 -129.68545626433547 0
      vertex -70 -129.7 0
    endloop
  endfacet
  facet normal 0 0 -1
    outer loop
      vertex -186.8564064577222 -126 0
      vertex 10 -125.17994227227675 0
      vertex -140 -126.3 0
    endloop
  endfacet
  facet normal 0 0 -1
    outer loop
      vertex -145 -119.7 0
      vertex -144.7781054732259 -119.68545626433547 0
      vertex -50 -119.7 0
    endloop
  endfacet
  facet normal 0 0 -1
    outer loop
      vertex -144.5600076233257 -119.64207390469142 0
      vertex -144.34943816497935 -119.57059520526919 0
      vertex -50.43999237667428 -119.64207390469142 0
    endloop
  endfacet
  facet normal 0 0 -1
    outer loop
      vertex -144.7781054732259 -119.68545626433547 0
      vertex -144.5600076233257 -119.64207390469142 0
      vertex -50.221894526774086 -119.68545626433547 0
    endloop
  endfacet
  facet normal 0 0 -1
    outer loop
      vertex -144.34943816497935 -119.57059520526919 0
      vertex -144.15 -119.47224318643354 0
      vertex -50.65056183502065 -119.57059520526919 0
    endloop
  endfacet
  facet normal 0 0 -1
    outer loop
      vertex -144.15 -119.47224318643354 0
      vertex -143.96510557068518 -119.3487006784951 0
      vertex -50.85 -119.47224318643354 0
    endloop
  endfacet
  facet normal 0 0 -1
    outer loop
      vertex -143.79791847198288 -119.20208152801713 0
      vertex -143.6512993215049 -119.03489442931482 0
      vertex -51.20208152801713 -119.20208152801713 0
    endloop
  endfacet
  facet normal 0 0 -1
    outer loop
      vertex -143.96510557068518 -119.3487006784951 0
      vertex -143.79791847198288 -119.20208152801713 0
      vertex -51.034894429314825 -119.3487006784951 0
    endloop
  endfacet
  facet normal 0 0 -1
    outer loop
      vertex -143.6512993215049 -119.03489442931482 0
      vertex -143.52775681356644 -118.85 0
      vertex -51.3487006784951 -119.03489442931482 0
    endloop
  endfacet
  facet normal 0 0 -1
    outer loop
      vertex -143.4294047947308 -117.34943816497935 0
      vertex -143.52775681356644 -117.15 0
      vertex -51.570595205269186 -117.34943816497935 0
    endloop
  endfacet
  facet normal 0 0 -1
    outer loop
      vertex -143.6512993215049 -116.96510557068518 0
      vertex -51.472243186433545 -117.15 0
      vertex -143.52775681356644 -117.15 0
    endloop
  endfacet
  facet normal 0 0 -1
    outer loop
      vertex -143.96510557068518 -116.6512993215049 0
      vertex -51.20208152801713 -116.79791847198287 0
      vertex -143.79791847198288 -116.79791847198287 0
    endloop
  endfacet
  facet normal 0 0 -1
    outer loop
      vertex -143.6512993215049 -116.96510557068518 0
      vertex -143.79791847198288 -116.79791847198287 0
      vertex -51.3487006784951 -116.96510557068518 0
    endloop
  endfacet
  facet normal 0 0 -1
    outer loop
      vertex -143.96510557068518 -116.6512993215049 0
      vertex -144.15 -116.52775681356646 0
      vertex -51.034894429314825 -116.6512993215049 0
    endloop
  endfacet
  facet normal 0 0 -1
    outer loop
      vertex -144.34943816497935 -116.42940479473081 0
      vertex -50.85 -116.52775681356646 0
      vertex -144.15 -116.52775681356646 0
    endloop
  endfacet
  facet normal 0 0 -1
    outer loop
      vertex -144.34943816497935 -116.42940479473081 0
      vertex -144.5600076233257 -116.35792609530858 0
      vertex -50.65056183502065 -116.42940479473081 0
    endloop
  endfacet
  facet normal 0 0 -1
    outer loop
      vertex -143.52775681356644 -118.85 0
      vertex -143.4294047947308 -118.65056183502065 0
      vertex -51.472243186433545 -118.85 0
    endloop
  endfacet
  facet normal 0 0 -1
    outer loop
      vertex -143.4294047947308 -118.65056183502065 0
      vertex -143.35792609530858 -118.43999237667428 0
      vertex -51.570595205269186 -118.65056183502065 0
    endloop
  endfacet
  facet normal 0 0 -1
    outer loop
      vertex -143.35792609530858 -118.43999237667428 0
      vertex -143.31454373566453 -118.2218945267741 0
      vertex -51.642073904691415 -118.43999237667428 0
    endloop
  endfacet
  facet normal 0 0 -1
    outer loop
      vertex -143.31454373566453 -118.2218945267741 0
      vertex -143.3 -118 0
      vertex -51.68545626433548 -118.2218945267741 0
    endloop
  endfacet
  facet normal 0 0 -1
    outer loop
      vertex -143.3 -118 0
      vertex -143.31454373566453 -117.7781054732259 0
      vertex -51.7 -118 0
    endloop
  endfacet
  facet normal 0 0 -1
    outer loop
      vertex -143.31454373566453 -117.7781054732259 0
      vertex -143.35792609530858 -117.56000762332572 0
      vertex -51.68545626433548 -117.7781054732259 0
    endloop
  endfacet
  facet normal 0 0 -1
    outer loop
      vertex -143.35792609530858 -117.56000762332572 0
      vertex -143.4294047947308 -117.34943816497935 0
      vertex -51.642073904691415 -117.56000762332572 0
    endloop
  endfacet
  facet normal 0 0 -1
    outer loop
      vertex -174.5 -111 0
      vertex 10 -111 0
      vertex -145 -116.3 0
    endloop
  endfacet
  facet normal 0 0 -1
    outer loop
      vertex -138.52775681356644 -128.85 0
      vertex -71.47224318643354 -128.85 0
      vertex -71.3487006784951 -129.03489442931482 0
    endloop
  endfacet
  facet normal 0 0 -1
    outer loop
      vertex -138.79791847198288 -129.20208152801712 0
      vertex -71.20208152801713 -129.20208152801712 0
      vertex -71.03489442931482 -129.3487006784951 0
    endloop
  endfacet
  facet normal 0 0 -1
    outer loop
      vertex -138.6512993215049 -129.03489442931482 0
      vertex -71.3487006784951 -129.03489442931482 0
      vertex -71.20208152801713 -129.20208152801712 0
    endloop
  endfacet
  facet normal 0 0 -1
    outer loop
      vertex -138.52775681356644 -128.85 0
      vertex -71.57059520526919 -128.65056183502065 0
      vertex -71.47224318643354 -128.85 0
    endloop
  endfacet
  facet normal 0 0 -1
    outer loop
      vertex -138.52775681356644 -128.85 0
      vertex -71.64207390469142 -128.4399923766743 0
      vertex -71.57059520526919 -128.65056183502065 0
    endloop
  endfacet
  facet normal 0 0 -1
    outer loop
      vertex -138.4294047947308 -128.65056183502065 0
      vertex -71.68545626433547 -128.2218945267741 0
      vertex -71.64207390469142 -128.4399923766743 0
    endloop
  endfacet
  facet normal 0 0 -1
    outer loop
      vertex -138.4294047947308 -128.65056183502065 0
      vertex -71.7 -128 0
      vertex -71.68545626433547 -128.2218945267741 0
    endloop
  endfacet
  facet normal 0 0 -1
    outer loop
      vertex -138.4294047947308 -128.65056183502065 0
      vertex -71.68545626433547 -127.7781054732259 0
      vertex -71.7 -128 0
    endloop
  endfacet
  facet normal 0 0 -1
    outer loop
      vertex -138.35792609530858 -127.56000762332572 0
      vertex -71.64207390469142 -127.56000762332572 0
      vertex -71.68545626433547 -127.7781054732259 0
    endloop
  endfacet
  facet normal 0 0 -1
    outer loop
      vertex -138.4294047947308 -127.34943816497935 0
      vertex -71.57059520526919 -127.34943816497935 0
      vertex -71.64207390469142 -127.56000762332572 0
    endloop
  endfacet
  facet normal 0 0 -1
    outer loop
      vertex -138.52775681356644 -127.15 0
      vertex -71.47224318643354 -127.15 0
      vertex -71.57059520526919 -127.34943816497935 0
    endloop
  endfacet
  facet normal 0 0 -1
    outer loop
      vertex -138.52775681356644 -127.15 0
      vertex -71.3487006784951 -126.96510557068518 0
      vertex -71.47224318643354 -127.15 0
    endloop
  endfacet
  facet normal 0 0 -1
    outer loop
      vertex -138.52775681356644 -127.15 0
      vertex -71.20208152801713 -126.79791847198287 0
      vertex -71.3487006784951 -126.96510557068518 0
    endloop
  endfacet
  facet normal 0 0 -1
    outer loop
      vertex -138.52775681356644 -127.15 0
      vertex -71.03489442931482 -126.6512993215049 0
      vertex -71.20208152801713 -126.79791847198287 0
    endloop
  endfacet
  facet normal 0 0 -1
    outer loop
      vertex -138.6512993215049 -126.96510557068518 0
      vertex -70.85 -126.52775681356646 0
      vertex -71.03489442931482 -126.6512993215049 0
    endloop
  endfacet
  facet normal 0 0 -1
    outer loop
      vertex -138.6512993215049 -126.96510557068518 0
      vertex -70.65056183502065 -126.42940479473081 0
      vertex -70.85 -126.52775681356646 0
    endloop
  endfacet
  facet normal 0 0 -1
    outer loop
      vertex -138.6512993215049 -126.96510557068518 0
      vertex -70.43999237667428 -126.35792609530858 0
      vertex -70.65056183502065 -126.42940479473081 0
    endloop
  endfacet
  facet normal 0 0 -1
    outer loop
      vertex -138.6512993215049 -126.96510557068518 0
      vertex -70.2218945267741 -126.31454373566453 0
      vertex -70.43999237667428 -126.35792609530858 0
    endloop
  endfacet
  facet normal 0 0 -1
    outer loop
      vertex -138.6512993215049 -126.96510557068518 0
      vertex -70 -126.3 0
      vertex -70.2218945267741 -126.31454373566453 0
    endloop
  endfacet
  facet normal 0 0 -1
    outer loop
      vertex -140 -126.3 0
      vertex 10 -125.17994227227675 0
      vertex -139.7781054732259 -126.31454373566453 0
    endloop
  endfacet
  facet normal 0 0 -1
    outer loop
      vertex -139.5600076233257 -126.35792609530858 0
      vertex -139.7781054732259 -126.31454373566453 0
      vertex 10 -125.17994227227675 0
    endloop
  endfacet
  facet normal 0 0 -1
    outer loop
      vertex -139.5600076233257 -126.35792609530858 0
      vertex 10 -125.17994227227675 0
      vertex -139.34943816497935 -126.42940479473081 0
    endloop
  endfacet
  facet normal 0 0 -1
    outer loop
      vertex -144.7781054732259 -116.31454373566453 0
      vertex 10 -111 0
      vertex -144.5600076233257 -116.35792609530858 0
    endloop
  endfacet
  facet normal 0 0 -1
    outer loop
      vertex -145 -116.3 0
      vertex 10 -111 0
      vertex -144.7781054732259 -116.31454373566453 0
    endloop
  endfacet
  facet normal -0.7518398086664835 -0.6593458137459777 0
    outer loop
      vertex -184.31370849907398 -129.31370849907398 0
      vertex -184.31370849907398 -129.31370849907398 4
      vertex -185.69365344196558 -127.74018286168575 4
    endloop
  endfacet
  facet normal -0.6593458137459777 -0.7518398086664835 0
    outer loop
      vertex -182.74018286168575 -130.69365344196558 0
      vertex -182.74018286168575 -130.69365344196558 4
      vertex -184.31370849907398 -129.31370849907398 4
    endloop
  endfacet
  facet normal -0.8314696119703846 -0.5555702335167159 0
    outer loop
      vertex -185.69365344196558 -127.74018286168575 0
      vertex -185.69365344196558 -127.74018286168575 4
      vertex -186.8564064577222 -126 4
    endloop
  endfacet
  facet normal -0.8968727409536632 -0.442288691393148 0
    outer loop
      vertex -186.8564064577222 -126 0
      vertex -186.8564064577222 -126 4
      vertex -187.78207252174616 -124.12293491512537 4
    endloop
  endfacet
  facet normal -0.946930129791463 -0.32143946443012145 0
    outer loop
      vertex -187.78207252174616 -124.12293491512537 0
      vertex -187.78207252174616 -124.12293491512537 4
      vertex -188.45481321960688 -122.1411047205329 4
    endloop
  endfacet
  facet normal -0.5555702335167159 -0.8314696119703846 0
    outer loop
      vertex -181 -131.8564064577222 0
      vertex -181 -131.8564064577222 4
      vertex -182.74018286168575 -130.69365344196558 4
    endloop
  endfacet
  facet normal -0.442288691393148 -0.8968727409536632 0
    outer loop
      vertex -179.12293491512537 -132.78207252174616 0
      vertex -179.12293491512537 -132.78207252174616 4
      vertex -181 -131.8564064577222 4
    endloop
  endfacet
  facet normal -0.32143946443012145 -0.946930129791463 0
    outer loop
      vertex -177.1411047205329 -133.45481321960688 0
      vertex -177.1411047205329 -133.45481321960688 4
      vertex -179.12293491512537 -132.78207252174616 4
    endloop
  endfacet
  facet normal -0.9807852801395136 -0.1950903233419225 0
    outer loop
      vertex -188.45481321960688 -122.1411047205329 0
      vertex -188.45481321960688 -122.1411047205329 4
      vertex -188.8631177842617 -120.08841907233 4
    endloop
  endfacet
  facet normal -0.9978589233032022 -0.06540312824455488 0
    outer loop
      vertex -188.8631177842617 -120.08841907233 0
      vertex -188.8631177842617 -120.08841907233 4
      vertex -189 -118 4
    endloop
  endfacet
  facet normal -0.1950903233419225 -0.9807852801395136 0
    outer loop
      vertex -175.08841907233 -133.8631177842617 0
      vertex -175.08841907233 -133.8631177842617 4
      vertex -177.1411047205329 -133.45481321960688 4
    endloop
  endfacet
  facet normal -0.06540312824455488 -0.9978589233032022 0
    outer loop
      vertex -173 -134 0
      vertex -173 -134 4
      vertex -175.08841907233 -133.8631177842617 4
    endloop
  endfacet
  facet normal 0 0 1
    outer loop
      vertex -188.45481321960688 -122.1411047205329 4
      vertex -174.5 -111 4
      vertex -188.8631177842617 -120.08841907233 4
    endloop
  endfacet
  facet normal 0 0 1
    outer loop
      vertex -188.8631177842617 -120.08841907233 4
      vertex -175.53527618199587 -110.86370330303907 4
      vertex -189 -118 4
    endloop
  endfacet
  facet normal 0 0 1
    outer loop
      vertex -188.8631177842617 -120.08841907233 4
      vertex -175.02210476994514 -110.96577944606543 4
      vertex -175.53527618199587 -110.86370330303907 4
    endloop
  endfacet
  facet normal 0 0 1
    outer loop
      vertex -189 -118 4
      vertex -177.3284271210432 -109.8284271210432 4
      vertex -177.67341335862875 -109.43504571914673 4
    endloop
  endfacet
  facet normal 0 0 1
    outer loop
      vertex -189 -118 4
      vertex -177.67341335862875 -109.43504571914673 4
      vertex -177.9641016125679 -109 4
    endloop
  endfacet
  facet normal 0 0 1
    outer loop
      vertex -189 -118 4
      vertex -177.9641016125679 -109 4
      vertex -178.1955181285739 -108.5307337269187 4
    endloop
  endfacet
  facet normal 0 0 1
    outer loop
      vertex -189 -118 4
      vertex -178.1955181285739 -108.5307337269187 4
      vertex -178.36370330303907 -108.03527618199587 4
    endloop
  endfacet
  facet normal 0 0 1
    outer loop
      vertex -189 -118 4
      vertex -178.36370330303907 -108.03527618199587 4
      vertex -178.46577944606543 -107.52210476994514 4
    endloop
  endfacet
  facet normal 0 0 1
    outer loop
      vertex -189 -118 4
      vertex -178.46577944606543 -107.52210476994514 4
      vertex -178.5 -107 4
    endloop
  endfacet
  facet normal 0 0 1
    outer loop
      vertex -189 -118 4
      vertex -176.5 -110.4641016125679 4
      vertex -176.93504571914673 -110.17341335862875 4
    endloop
  endfacet
  facet normal 0 0 1
    outer loop
      vertex -189 -118 4
      vertex -176.0307337269187 -110.6955181285739 4
      vertex -176.5 -110.4641016125679 4
    endloop
  endfacet
  facet normal 0 0 1
    outer loop
      vertex -189 -118 4
      vertex -176.93504571914673 -110.17341335862875 4
      vertex -177.3284271210432 -109.8284271210432 4
    endloop
  endfacet
  facet normal 0 0 1
    outer loop
      vertex -189 -118 4
      vertex -175.53527618199587 -110.86370330303907 4
      vertex -176.0307337269187 -110.6955181285739 4
    endloop
  endfacet
  facet normal 0 0 1
    outer loop
      vertex -188.8631177842617 -120.08841907233 4
      vertex -174.5 -111 4
      vertex -175.02210476994514 -110.96577944606543 4
    endloop
  endfacet
  facet normal 0 0 1
    outer loop
      vertex -185.69365344196558 -127.74018286168575 4
      vertex -184.31370849907398 -129.31370849907398 4
      vertex -143.261915174346 -127.57056072037912 4
    endloop
  endfacet
  facet normal 0 0 1
    outer loop
      vertex -186.8564064577222 -126 4
      vertex -185.69365344196558 -127.74018286168575 4
      vertex -142.3264252297796 -125.67357477022041 4
    endloop
  endfacet
  facet normal 0 0 1
    outer loop
      vertex -186.8564064577222 -126 4
      vertex -142.00286291270757 -125.38981823383685 4
      vertex -187.78207252174616 -124.12293491512537 4
    endloop
  endfacet
  facet normal 0 0 1
    outer loop
      vertex -184.31370849907398 -129.31370849907398 4
      vertex -182.74018286168575 -130.69365344196558 4
      vertex -143.17795596388396 -128.8515307341044 4
    endloop
  endfacet
  facet normal 0 0 1
    outer loop
      vertex -182.74018286168575 -130.69365344196558 4
      vertex -181 -131.8564064577222 4
      vertex -142.00286291270757 -130.61018176616315 4
    endloop
  endfacet
  facet normal 0 0 1
    outer loop
      vertex -188.45481321960688 -122.1411047205329 4
      vertex -148.03962104578403 -119.25905226163843 4
      vertex -174.5 -111 4
    endloop
  endfacet
  facet normal 0 0 1
    outer loop
      vertex -181 -131.8564064577222 4
      vertex -141.64503105590063 -130.84927736884856 4
      vertex -142.00286291270757 -130.61018176616315 4
    endloop
  endfacet
  facet normal 0 0 1
    outer loop
      vertex -184.31370849907398 -129.31370849907398 4
      vertex -143.17795596388396 -128.8515307341044 4
      vertex -143.261915174346 -128.42943927962088 4
    endloop
  endfacet
  facet normal 0 0 1
    outer loop
      vertex -184.31370849907398 -129.31370849907398 4
      vertex -143.261915174346 -128.42943927962088 4
      vertex -143.29006211180123 -128 4
    endloop
  endfacet
  facet normal 0 0 1
    outer loop
      vertex -184.31370849907398 -129.31370849907398 4
      vertex -143.29006211180123 -128 4
      vertex -143.261915174346 -127.57056072037912 4
    endloop
  endfacet
  facet normal 0 0 1
    outer loop
      vertex -182.74018286168575 -130.69365344196558 4
      vertex -142.3264252297796 -130.3264252297796 4
      vertex -142.61018176616315 -130.00286291270757 4
    endloop
  endfacet
  facet normal 0 0 1
    outer loop
      vertex -182.74018286168575 -130.69365344196558 4
      vertex -142.00286291270757 -130.61018176616315 4
      vertex -142.3264252297796 -130.3264252297796 4
    endloop
  endfacet
  facet normal 0 0 1
    outer loop
      vertex -182.74018286168575 -130.69365344196558 4
      vertex -142.61018176616315 -130.00286291270757 4
      vertex -142.84927736884856 -129.64503105590063 4
    endloop
  endfacet
  facet normal 0 0 1
    outer loop
      vertex -182.74018286168575 -130.69365344196558 4
      vertex -142.84927736884856 -129.64503105590063 4
      vertex -143.03962104578403 -129.25905226163843 4
    endloop
  endfacet
  facet normal 0 0 1
    outer loop
      vertex -182.74018286168575 -130.69365344196558 4
      vertex -143.03962104578403 -129.25905226163843 4
      vertex -143.17795596388396 -128.8515307341044 4
    endloop
  endfacet
  facet normal 0 0 1
    outer loop
      vertex -181 -131.8564064577222 4
      vertex -141.25905226163843 -131.03962104578403 4
      vertex -141.64503105590063 -130.84927736884856 4
    endloop
  endfacet
  facet normal 0 0 1
    outer loop
      vertex -181 -131.8564064577222 4
      vertex -140.42943927962088 -131.261915174346 4
      vertex -140.8515307341044 -131.17795596388396 4
    endloop
  endfacet
  facet normal 0 0 1
    outer loop
      vertex -181 -131.8564064577222 4
      vertex -140.8515307341044 -131.17795596388396 4
      vertex -141.25905226163843 -131.03962104578403 4
    endloop
  endfacet
  facet normal 0 0 1
    outer loop
      vertex -181 -131.8564064577222 4
      vertex -140 -131.29006211180123 4
      vertex -140.42943927962088 -131.261915174346 4
    endloop
  endfacet
  facet normal 0 0 1
    outer loop
      vertex -185.69365344196558 -127.74018286168575 4
      vertex -143.261915174346 -127.57056072037912 4
      vertex -143.17795596388396 -127.14846926589561 4
    endloop
  endfacet
  facet normal 0 0 1
    outer loop
      vertex -185.69365344196558 -127.74018286168575 4
      vertex -143.17795596388396 -127.14846926589561 4
      vertex -143.03962104578403 -126.74094773836157 4
    endloop
  endfacet
  facet normal 0 0 1
    outer loop
      vertex -185.69365344196558 -127.74018286168575 4
      vertex -143.03962104578403 -126.74094773836157 4
      vertex -142.84927736884856 -126.35496894409938 4
    endloop
  endfacet
  facet normal 0 0 1
    outer loop
      vertex -185.69365344196558 -127.74018286168575 4
      vertex -142.84927736884856 -126.35496894409938 4
      vertex -142.61018176616315 -125.99713708729243 4
    endloop
  endfacet
  facet normal 0 0 1
    outer loop
      vertex -185.69365344196558 -127.74018286168575 4
      vertex -142.61018176616315 -125.99713708729243 4
      vertex -142.3264252297796 -125.67357477022041 4
    endloop
  endfacet
  facet normal 0 0 1
    outer loop
      vertex -186.8564064577222 -126 4
      vertex -142.3264252297796 -125.67357477022041 4
      vertex -142.00286291270757 -125.38981823383685 4
    endloop
  endfacet
  facet normal 0 0 1
    outer loop
      vertex -187.78207252174616 -124.12293491512537 4
      vertex -142.00286291270757 -125.38981823383685 4
      vertex -141.64503105590063 -125.15072263115145 4
    endloop
  endfacet
  facet normal 0 0 1
    outer loop
      vertex -187.78207252174616 -124.12293491512537 4
      vertex -141.64503105590063 -125.15072263115145 4
      vertex -141.25905226163843 -124.96037895421597 4
    endloop
  endfacet
  facet normal 0 0 1
    outer loop
      vertex -187.78207252174616 -124.12293491512537 4
      vertex -141.25905226163843 -124.96037895421597 4
      vertex -140.8515307341044 -124.82204403611603 4
    endloop
  endfacet
  facet normal 0 0 1
    outer loop
      vertex -187.78207252174616 -124.12293491512537 4
      vertex -140.8515307341044 -124.82204403611603 4
      vertex -140.42943927962088 -124.73808482565398 4
    endloop
  endfacet
  facet normal 0 0 1
    outer loop
      vertex -187.78207252174616 -124.12293491512537 4
      vertex -140.42943927962088 -124.73808482565398 4
      vertex -140 -124.70993788819875 4
    endloop
  endfacet
  facet normal 0 0 1
    outer loop
      vertex -188.45481321960688 -122.1411047205329 4
      vertex -147.3264252297796 -120.32642522977959 4
      vertex -147.61018176616315 -120.00286291270757 4
    endloop
  endfacet
  facet normal 0 0 1
    outer loop
      vertex -188.45481321960688 -122.1411047205329 4
      vertex -147.84927736884856 -119.64503105590062 4
      vertex -148.03962104578403 -119.25905226163843 4
    endloop
  endfacet
  facet normal 0 0 1
    outer loop
      vertex -188.45481321960688 -122.1411047205329 4
      vertex -147.61018176616315 -120.00286291270757 4
      vertex -147.84927736884856 -119.64503105590062 4
    endloop
  endfacet
  facet normal 0 0 1
    outer loop
      vertex -188.45481321960688 -122.1411047205329 4
      vertex -146.64503105590063 -120.84927736884855 4
      vertex -147.00286291270757 -120.61018176616315 4
    endloop
  endfacet
  facet normal 0 0 1
    outer loop
      vertex -188.45481321960688 -122.1411047205329 4
      vertex -147.00286291270757 -120.61018176616315 4
      vertex -147.3264252297796 -120.32642522977959 4
    endloop
  endfacet
  facet normal 0 0 1
    outer loop
      vertex -188.45481321960688 -122.1411047205329 4
      vertex -146.25905226163843 -121.03962104578403 4
      vertex -146.64503105590063 -120.84927736884855 4
    endloop
  endfacet
  facet normal 0 0 1
    outer loop
      vertex -188.45481321960688 -122.1411047205329 4
      vertex -145.42943927962088 -121.26191517434602 4
      vertex -145.8515307341044 -121.17795596388397 4
    endloop
  endfacet
  facet normal 0 0 1
    outer loop
      vertex -188.45481321960688 -122.1411047205329 4
      vertex -145 -121.29006211180125 4
      vertex -145.42943927962088 -121.26191517434602 4
    endloop
  endfacet
  facet normal 0 0 1
    outer loop
      vertex -188.45481321960688 -122.1411047205329 4
      vertex -145.8515307341044 -121.17795596388397 4
      vertex -146.25905226163843 -121.03962104578403 4
    endloop
  endfacet
  facet normal 0 0 1
    outer loop
      vertex -174.5 -111 4
      vertex -148.17795596388396 -118.85153073410439 4
      vertex -148.261915174346 -118.42943927962088 4
    endloop
  endfacet
  facet normal 0 0 1
    outer loop
      vertex -174.5 -111 4
      vertex -148.03962104578403 -119.25905226163843 4
      vertex -148.17795596388396 -118.85153073410439 4
    endloop
  endfacet
  facet normal 0 0 1
    outer loop
      vertex -174.5 -111 4
      vertex -148.261915174346 -118.42943927962088 4
      vertex -148.29006211180123 -118 4
    endloop
  endfacet
  facet normal 0 0 1
    outer loop
      vertex -174.5 -111 4
      vertex -148.29006211180123 -118 4
      vertex -148.261915174346 -117.57056072037912 4
    endloop
  endfacet
  facet normal 0 0 1
    outer loop
      vertex -174.5 -111 4
      vertex -148.261915174346 -117.57056072037912 4
      vertex -148.17795596388396 -117.14846926589561 4
    endloop
  endfacet
  facet normal 0 0 1
    outer loop
      vertex -174.5 -111 4
      vertex -148.17795596388396 -117.14846926589561 4
      vertex -148.03962104578403 -116.74094773836157 4
    endloop
  endfacet
  facet normal 0 0 1
    outer loop
      vertex -174.5 -111 4
      vertex -148.03962104578403 -116.74094773836157 4
      vertex -147.84927736884856 -116.35496894409938 4
    endloop
  endfacet
  facet normal 0 0 1
    outer loop
      vertex -174.5 -111 4
      vertex -147.84927736884856 -116.35496894409938 4
      vertex -147.61018176616315 -115.99713708729243 4
    endloop
  endfacet
  facet normal 0 0 1
    outer loop
      vertex -174.5 -111 4
      vertex -147.61018176616315 -115.99713708729243 4
      vertex -147.3264252297796 -115.67357477022041 4
    endloop
  endfacet
  facet normal 0 0 1
    outer loop
      vertex -174.5 -111 4
      vertex -147.3264252297796 -115.67357477022041 4
      vertex -147.00286291270757 -115.38981823383685 4
    endloop
  endfacet
  facet normal 0 0 1
    outer loop
      vertex -174.5 -111 4
      vertex -147.00286291270757 -115.38981823383685 4
      vertex -146.64503105590063 -115.15072263115145 4
    endloop
  endfacet
  facet normal 0 0 1
    outer loop
      vertex -174.5 -111 4
      vertex -146.64503105590063 -115.15072263115145 4
      vertex -146.25905226163843 -114.96037895421597 4
    endloop
  endfacet
  facet normal 0 0 1
    outer loop
      vertex -174.5 -111 4
      vertex -146.25905226163843 -114.96037895421597 4
      vertex -145.8515307341044 -114.82204403611603 4
    endloop
  endfacet
  facet normal 0 0 1
    outer loop
      vertex -174.5 -111 4
      vertex -145.8515307341044 -114.82204403611603 4
      vertex -145.42943927962088 -114.73808482565398 4
    endloop
  endfacet
  facet normal 0 0 1
    outer loop
      vertex -174.5 -111 4
      vertex -145.42943927962088 -114.73808482565398 4
      vertex -145 -114.70993788819875 4
    endloop
  endfacet
  facet normal 0 0 1
    outer loop
      vertex -181 -131.8564064577222 4
      vertex -179.12293491512537 -132.78207252174616 4
      vertex -70.85153073410439 -131.17795596388396 4
    endloop
  endfacet
  facet normal 0 0 1
    outer loop
      vertex -187.78207252174616 -124.12293491512537 4
      vertex -51.645031055900624 -120.84927736884855 4
      vertex -188.45481321960688 -122.1411047205329 4
    endloop
  endfacet
  facet normal -1 0 0
    outer loop
      vertex -189 -118 0
      vertex -189 -118 4
      vertex -189 34 2
    endloop
  endfacet
  facet normal 0 0 1
    outer loop
      vertex -189 -118 4
      vertex -178.5 -107 4
      vertex -178.5 27 4
    endloop
  endfacet
  facet normal 0 -1 0
    outer loop
      vertex -173 -134 0
      vertex -10 -134 4
      vertex -173 -134 4
    endloop
  endfacet
  facet normal 0 0 1
    outer loop
      vertex -181 -131.8564064577222 4
      vertex -72.00286291270757 -130.61018176616315 4
      vertex -140 -131.29006211180123 4
    endloop
  endfacet
  facet normal 0 0 1
    outer loop
      vertex -188.45481321960688 -122.1411047205329 4
      vertex -51.645031055900624 -120.84927736884855 4
      vertex -145 -121.29006211180125 4
    endloop
  endfacet
  facet normal 0 0 1
    outer loop
      vertex -179.12293491512537 -132.78207252174616 4
      vertex -177.1411047205329 -133.45481321960688 4
      vertex -10 -134 4
    endloop
  endfacet
  facet normal 0 0 1
    outer loop
      vertex -177.1411047205329 -133.45481321960688 4
      vertex -175.08841907233 -133.8631177842617 4
      vertex -10 -134 4
    endloop
  endfacet
  facet normal 0 0 1
    outer loop
      vertex -175.08841907233 -133.8631177842617 4
      vertex -173 -134 4
      vertex -10 -134 4
    endloop
  endfacet
  facet normal 0 0 1
    outer loop
      vertex -140 -131.29006211180123 4
      vertex -72.00286291270757 -130.61018176616315 4
      vertex -139.57056072037912 -131.261915174346 4
    endloop
  endfacet
  facet normal 0 0 1
    outer loop
      vertex -139.57056072037912 -131.261915174346 4
      vertex -72.00286291270757 -130.61018176616315 4
      vertex -139.1484692658956 -131.17795596388396 4
    endloop
  endfacet
  facet normal 0 0 1
    outer loop
      vertex -139.1484692658956 -131.17795596388396 4
      vertex -72.00286291270757 -130.61018176616315 4
      vertex -138.74094773836157 -131.03962104578403 4
    endloop
  endfacet
  facet normal 0 0 1
    outer loop
      vertex -138.74094773836157 -131.03962104578403 4
      vertex -72.00286291270757 -130.61018176616315 4
      vertex -138.35496894409937 -130.84927736884856 4
    endloop
  endfacet
  facet normal 0 0 1
    outer loop
      vertex -138.35496894409937 -130.84927736884856 4
      vertex -72.00286291270757 -130.61018176616315 4
      vertex -137.99713708729243 -130.61018176616315 4
    endloop
  endfacet
  facet normal 0 0 1
    outer loop
      vertex -137.6735747702204 -130.3264252297796 4
      vertex -73.29006211180125 -128 4
      vertex -137.38981823383685 -130.00286291270757 4
    endloop
  endfacet
  facet normal 0 0 1
    outer loop
      vertex -137.38981823383685 -130.00286291270757 4
      vertex -73.29006211180125 -128 4
      vertex -137.15072263115144 -129.64503105590063 4
    endloop
  endfacet
  facet normal 0 0 1
    outer loop
      vertex -137.99713708729243 -130.61018176616315 4
      vertex -72.00286291270757 -130.61018176616315 4
      vertex -137.6735747702204 -130.3264252297796 4
    endloop
  endfacet
  facet normal 0 0 1
    outer loop
      vertex -137.15072263115144 -129.64503105590063 4
      vertex -73.29006211180125 -128 4
      vertex -136.96037895421597 -129.25905226163843 4
    endloop
  endfacet
  facet normal 0 0 1
    outer loop
      vertex -136.96037895421597 -129.25905226163843 4
      vertex -73.29006211180125 -128 4
      vertex -136.82204403611604 -128.8515307341044 4
    endloop
  endfacet
  facet normal 0 0 1
    outer loop
      vertex -136.82204403611604 -128.8515307341044 4
      vertex -73.29006211180125 -128 4
      vertex -136.738084825654 -128.42943927962088 4
    endloop
  endfacet
  facet normal 0 0 1
    outer loop
      vertex -136.738084825654 -128.42943927962088 4
      vertex -73.26191517434602 -127.57056072037912 4
      vertex -136.70993788819877 -128 4
    endloop
  endfacet
  facet normal 0 0 1
    outer loop
      vertex -136.70993788819877 -128 4
      vertex -73.26191517434602 -127.57056072037912 4
      vertex -136.738084825654 -127.57056072037912 4
    endloop
  endfacet
  facet normal 0 0 1
    outer loop
      vertex -136.738084825654 -127.57056072037912 4
      vertex -73.17795596388397 -127.14846926589561 4
      vertex -136.82204403611604 -127.14846926589561 4
    endloop
  endfacet
  facet normal 0 0 1
    outer loop
      vertex -136.96037895421597 -126.74094773836157 4
      vertex -72.61018176616315 -125.99713708729243 4
      vertex -137.15072263115144 -126.35496894409938 4
    endloop
  endfacet
  facet normal 0 0 1
    outer loop
      vertex -137.38981823383685 -125.99713708729243 4
      vertex -137.15072263115144 -126.35496894409938 4
      vertex -72.32642522977959 -125.67357477022041 4
    endloop
  endfacet
  facet normal 0 0 1
    outer loop
      vertex -136.96037895421597 -126.74094773836157 4
      vertex -136.82204403611604 -127.14846926589561 4
      vertex -72.61018176616315 -125.99713708729243 4
    endloop
  endfacet
  facet normal 0 0 1
    outer loop
      vertex -137.38981823383685 -125.99713708729243 4
      vertex -72.00286291270757 -125.38981823383685 4
      vertex -137.6735747702204 -125.67357477022041 4
    endloop
  endfacet
  facet normal 0 0 1
    outer loop
      vertex -174.5 -111 4
      vertex -145 -114.70993788819875 4
      vertex -50 -114.70993788819875 4
    endloop
  endfacet
  facet normal 0 0 1
    outer loop
      vertex -181 -131.8564064577222 4
      vertex -71.64503105590062 -130.84927736884856 4
      vertex -72.00286291270757 -130.61018176616315 4
    endloop
  endfacet
  facet normal 0 0 1
    outer loop
      vertex -187.78207252174616 -124.12293491512537 4
      vertex -140 -124.70993788819875 4
      vertex -10 -120.62180483216463 4
    endloop
  endfacet
  facet normal 0 0 1
    outer loop
      vertex -181 -131.8564064577222 4
      vertex -71.25905226163843 -131.03962104578403 4
      vertex -71.64503105590062 -130.84927736884856 4
    endloop
  endfacet
  facet normal 0 0 1
    outer loop
      vertex -181 -131.8564064577222 4
      vertex -70.85153073410439 -131.17795596388396 4
      vertex -71.25905226163843 -131.03962104578403 4
    endloop
  endfacet
  facet normal 0 0 1
    outer loop
      vertex -179.12293491512537 -132.78207252174616 4
      vertex -70.42943927962088 -131.261915174346 4
      vertex -70.85153073410439 -131.17795596388396 4
    endloop
  endfacet
  facet normal 0 0 1
    outer loop
      vertex -179.12293491512537 -132.78207252174616 4
      vertex -70 -131.29006211180123 4
      vertex -70.42943927962088 -131.261915174346 4
    endloop
  endfacet
  facet normal 0 0 1
    outer loop
      vertex -145 -121.29006211180125 4
      vertex -51.645031055900624 -120.84927736884855 4
      vertex -144.57056072037912 -121.26191517434602 4
    endloop
  endfacet
  facet normal 0 0 1
    outer loop
      vertex -144.57056072037912 -121.26191517434602 4
      vertex -51.645031055900624 -120.84927736884855 4
      vertex -144.1484692658956 -121.17795596388397 4
    endloop
  endfacet
  facet normal 0 0 1
    outer loop
      vertex -144.1484692658956 -121.17795596388397 4
      vertex -51.645031055900624 -120.84927736884855 4
      vertex -143.74094773836157 -121.03962104578403 4
    endloop
  endfacet
  facet normal 0 0 1
    outer loop
      vertex -143.74094773836157 -121.03962104578403 4
      vertex -51.645031055900624 -120.84927736884855 4
      vertex -143.35496894409937 -120.84927736884855 4
    endloop
  endfacet
  facet normal 0 0 1
    outer loop
      vertex -143.35496894409937 -120.84927736884855 4
      vertex -51.645031055900624 -120.84927736884855 4
      vertex -142.99713708729243 -120.61018176616315 4
    endloop
  endfacet
  facet normal 0 0 1
    outer loop
      vertex -142.99713708729243 -120.61018176616315 4
      vertex -51.645031055900624 -120.84927736884855 4
      vertex -142.6735747702204 -120.32642522977959 4
    endloop
  endfacet
  facet normal 0 0 1
    outer loop
      vertex -142.6735747702204 -120.32642522977959 4
      vertex -51.645031055900624 -120.84927736884855 4
      vertex -142.38981823383685 -120.00286291270757 4
    endloop
  endfacet
  facet normal 0 0 1
    outer loop
      vertex -142.38981823383685 -120.00286291270757 4
      vertex -51.645031055900624 -120.84927736884855 4
      vertex -142.15072263115144 -119.64503105590062 4
    endloop
  endfacet
  facet normal 0 0 1
    outer loop
      vertex -142.15072263115144 -119.64503105590062 4
      vertex -51.645031055900624 -120.84927736884855 4
      vertex -141.96037895421597 -119.25905226163843 4
    endloop
  endfacet
  facet normal 0 0 1
    outer loop
      vertex -141.96037895421597 -119.25905226163843 4
      vertex -51.645031055900624 -120.84927736884855 4
      vertex -141.82204403611604 -118.85153073410439 4
    endloop
  endfacet
  facet normal 0 0 1
    outer loop
      vertex -141.82204403611604 -118.85153073410439 4
      vertex -52.00286291270757 -120.61018176616315 4
      vertex -141.738084825654 -118.42943927962088 4
    endloop
  endfacet
  facet normal 0 0 1
    outer loop
      vertex -141.738084825654 -118.42943927962088 4
      vertex -52.00286291270757 -120.61018176616315 4
      vertex -141.70993788819877 -118 4
    endloop
  endfacet
  facet normal 0 0 1
    outer loop
      vertex -141.70993788819877 -118 4
      vertex -52.00286291270757 -115.38981823383685 4
      vertex -141.738084825654 -117.57056072037912 4
    endloop
  endfacet
  facet normal 0 0 1
    outer loop
      vertex -141.82204403611604 -117.14846926589561 4
      vertex -141.738084825654 -117.57056072037912 4
      vertex -52.00286291270757 -115.38981823383685 4
    endloop
  endfacet
  facet normal 0 0 1
    outer loop
      vertex -141.82204403611604 -117.14846926589561 4
      vertex -52.00286291270757 -115.38981823383685 4
      vertex -141.96037895421597 -116.74094773836157 4
    endloop
  endfacet
  facet normal 0 0 1
    outer loop
      vertex -144.1484692658956 -114.82204403611603 4
      vertex -143.74094773836157 -114.96037895421597 4
      vertex -51.25905226163844 -114.96037895421597 4
    endloop
  endfacet
  facet normal 0 0 1
    outer loop
      vertex -145 -114.70993788819875 4
      vertex -144.57056072037912 -114.73808482565398 4
      vertex -50.42943927962088 -114.73808482565398 4
    endloop
  endfacet
  facet normal 0 0 1
    outer loop
      vertex -144.57056072037912 -114.73808482565398 4
      vertex -144.1484692658956 -114.82204403611603 4
      vertex -50.42943927962088 -114.73808482565398 4
    endloop
  endfacet
  facet normal 0 0 1
    outer loop
      vertex -142.6735747702204 -115.67357477022041 4
      vertex -142.38981823383685 -115.99713708729243 4
      vertex -52.00286291270757 -115.38981823383685 4
    endloop
  endfacet
  facet normal 0 0 1
    outer loop
      vertex -142.15072263115144 -116.35496894409938 4
      vertex -52.00286291270757 -115.38981823383685 4
      vertex -142.38981823383685 -115.99713708729243 4
    endloop
  endfacet
  facet normal 0 0 1
    outer loop
      vertex -142.99713708729243 -115.38981823383685 4
      vertex -52.00286291270757 -115.38981823383685 4
      vertex -143.35496894409937 -115.15072263115145 4
    endloop
  endfacet
  facet normal 0 0 1
    outer loop
      vertex -142.99713708729243 -115.38981823383685 4
      vertex -142.6735747702204 -115.67357477022041 4
      vertex -52.00286291270757 -115.38981823383685 4
    endloop
  endfacet
  facet normal 0 0 1
    outer loop
      vertex -143.74094773836157 -114.96037895421597 4
      vertex -143.35496894409937 -115.15072263115145 4
      vertex -51.25905226163844 -114.96037895421597 4
    endloop
  endfacet
  facet normal 0 0 1
    outer loop
      vertex -141.96037895421597 -116.74094773836157 4
      vertex -52.00286291270757 -115.38981823383685 4
      vertex -142.15072263115144 -116.35496894409938 4
    endloop
  endfacet
  facet normal 0 0 1
    outer loop
      vertex -140 -124.70993788819875 4
      vertex -139.57056072037912 -124.73808482565398 4
      vertex -10 -120.62180483216463 4
    endloop
  endfacet
  facet normal 0 0 1
    outer loop
      vertex -139.57056072037912 -124.73808482565398 4
      vertex -139.1484692658956 -124.82204403611603 4
      vertex -10 -120.62180483216463 4
    endloop
  endfacet
  facet normal 0 0 1
    outer loop
      vertex -139.1484692658956 -124.82204403611603 4
      vertex -138.74094773836157 -124.96037895421597 4
      vertex -10 -120.62180483216463 4
    endloop
  endfacet
  facet normal 0 0 1
    outer loop
      vertex -137.6735747702204 -130.3264252297796 4
      vertex -72.61018176616315 -130.00286291270757 4
      vertex -72.84927736884855 -129.64503105590063 4
    endloop
  endfacet
  facet normal 0 0 1
    outer loop
      vertex -137.6735747702204 -130.3264252297796 4
      vertex -72.32642522977959 -130.3264252297796 4
      vertex -72.61018176616315 -130.00286291270757 4
    endloop
  endfacet
  facet normal 0 0 1
    outer loop
      vertex -137.6735747702204 -130.3264252297796 4
      vertex -72.84927736884855 -129.64503105590063 4
      vertex -73.03962104578403 -129.25905226163843 4
    endloop
  endfacet
  facet normal 0 0 1
    outer loop
      vertex -137.6735747702204 -130.3264252297796 4
      vertex -73.03962104578403 -129.25905226163843 4
      vertex -73.17795596388397 -128.8515307341044 4
    endloop
  endfacet
  facet normal 0 0 1
    outer loop
      vertex -137.6735747702204 -130.3264252297796 4
      vertex -73.17795596388397 -128.8515307341044 4
      vertex -73.26191517434602 -128.42943927962088 4
    endloop
  endfacet
  facet normal 0 0 1
    outer loop
      vertex -137.6735747702204 -130.3264252297796 4
      vertex -73.26191517434602 -128.42943927962088 4
      vertex -73.29006211180125 -128 4
    endloop
  endfacet
  facet normal 0 0 1
    outer loop
      vertex -137.6735747702204 -130.3264252297796 4
      vertex -72.00286291270757 -130.61018176616315 4
      vertex -72.32642522977959 -130.3264252297796 4
    endloop
  endfacet
  facet normal 0 0 1
    outer loop
      vertex -136.738084825654 -128.42943927962088 4
      vertex -73.29006211180125 -128 4
      vertex -73.26191517434602 -127.57056072037912 4
    endloop
  endfacet
  facet normal 0 0 1
    outer loop
      vertex -136.738084825654 -127.57056072037912 4
      vertex -73.26191517434602 -127.57056072037912 4
      vertex -73.17795596388397 -127.14846926589561 4
    endloop
  endfacet
  facet normal 0 0 1
    outer loop
      vertex -136.82204403611604 -127.14846926589561 4
      vertex -73.17795596388397 -127.14846926589561 4
      vertex -73.03962104578403 -126.74094773836157 4
    endloop
  endfacet
  facet normal 0 0 1
    outer loop
      vertex -136.82204403611604 -127.14846926589561 4
      vertex -73.03962104578403 -126.74094773836157 4
      vertex -72.84927736884855 -126.35496894409938 4
    endloop
  endfacet
  facet normal 0 0 1
    outer loop
      vertex -136.82204403611604 -127.14846926589561 4
      vertex -72.84927736884855 -126.35496894409938 4
      vertex -72.61018176616315 -125.99713708729243 4
    endloop
  endfacet
  facet normal 0 0 1
    outer loop
      vertex -137.15072263115144 -126.35496894409938 4
      vertex -72.61018176616315 -125.99713708729243 4
      vertex -72.32642522977959 -125.67357477022041 4
    endloop
  endfacet
  facet normal 0 0 1
    outer loop
      vertex -137.38981823383685 -125.99713708729243 4
      vertex -72.32642522977959 -125.67357477022041 4
      vertex -72.00286291270757 -125.38981823383685 4
    endloop
  endfacet
  facet normal 0 0 1
    outer loop
      vertex -137.6735747702204 -125.67357477022041 4
      vertex -72.00286291270757 -125.38981823383685 4
      vertex -71.64503105590062 -125.15072263115145 4
    endloop
  endfacet
  facet normal 0 0 1
    outer loop
      vertex -137.6735747702204 -125.67357477022041 4
      vertex -71.64503105590062 -125.15072263115145 4
      vertex -71.25905226163843 -124.96037895421597 4
    endloop
  endfacet
  facet normal 0 0 1
    outer loop
      vertex -138.35496894409937 -125.15072263115145 4
      vertex -137.99713708729243 -125.38981823383685 4
      vertex -10 -120.62180483216463 4
    endloop
  endfacet
  facet normal 0 0 1
    outer loop
      vertex -137.6735747702204 -125.67357477022041 4
      vertex -10 -120.62180483216463 4
      vertex -137.99713708729243 -125.38981823383685 4
    endloop
  endfacet
  facet normal 0 0 1
    outer loop
      vertex -138.35496894409937 -125.15072263115145 4
      vertex -10 -120.62180483216463 4
      vertex -138.74094773836157 -124.96037895421597 4
    endloop
  endfacet
  facet normal 0 0 1
    outer loop
      vertex -137.6735747702204 -125.67357477022041 4
      vertex -71.25905226163843 -124.96037895421597 4
      vertex -70.85153073410439 -124.82204403611603 4
    endloop
  endfacet
  facet normal 0 0 1
    outer loop
      vertex -137.6735747702204 -125.67357477022041 4
      vertex -70.85153073410439 -124.82204403611603 4
      vertex -70.42943927962088 -124.73808482565398 4
    endloop
  endfacet
  facet normal 0 0 1
    outer loop
      vertex -137.6735747702204 -125.67357477022041 4
      vertex -70.42943927962088 -124.73808482565398 4
      vertex -70 -124.70993788819875 4
    endloop
  endfacet
  facet normal 0 0 1
    outer loop
      vertex -187.78207252174616 -124.12293491512537 4
      vertex -51.25905226163844 -121.03962104578403 4
      vertex -51.645031055900624 -120.84927736884855 4
    endloop
  endfacet
  facet normal 0 0 1
    outer loop
      vertex -187.78207252174616 -124.12293491512537 4
      vertex -50.85153073410438 -121.17795596388397 4
      vertex -51.25905226163844 -121.03962104578403 4
    endloop
  endfacet
  facet normal 0 0 1
    outer loop
      vertex -187.78207252174616 -124.12293491512537 4
      vertex -50.42943927962088 -121.26191517434602 4
      vertex -50.85153073410438 -121.17795596388397 4
    endloop
  endfacet
  facet normal 0 0 1
    outer loop
      vertex -187.78207252174616 -124.12293491512537 4
      vertex -50 -121.29006211180125 4
      vertex -50.42943927962088 -121.26191517434602 4
    endloop
  endfacet
  facet normal 0 0 -1
    outer loop
      vertex -189 -118 0
      vertex -189 54 0
      vertex -180.75 42.41228675972853 0
    endloop
  endfacet
  facet normal 0 0 -1
    outer loop
      vertex -178.5 -107 0
      vertex -180.75 42.41228675972853 0
      vertex -178.5 27 0
    endloop
  endfacet
  facet normal -1 0 0
    outer loop
      vertex -189 -118 0
      vertex -189 34 2
      vertex -189 54 0
    endloop
  endfacet
  facet normal 0 0 -1
    outer loop
      vertex -178.5 27 0
      vertex -180.75 42.41228675972853 0
      vertex -178.46577944606543 27.522104769945145 0
    endloop
  endfacet
  facet normal 0 0 -1
    outer loop
      vertex -178.46577944606543 27.522104769945145 0
      vertex -180.75 42.41228675972853 0
      vertex -178.36370330303907 28.03527618199587 0
    endloop
  endfacet
  facet normal 0 0 -1
    outer loop
      vertex -178.36370330303907 28.03527618199587 0
      vertex -180.75 42.41228675972853 0
      vertex -178.1955181285739 28.530733726918697 0
    endloop
  endfacet
  facet normal 0 0 -1
    outer loop
      vertex -178.1955181285739 28.530733726918697 0
      vertex -180.75 42.41228675972853 0
      vertex -177.9641016125679 29 0
    endloop
  endfacet
  facet normal 0 0 -1
    outer loop
      vertex -177.67341335862875 29.43504571914673 0
      vertex -178 40.82457351945706 0
      vertex -177.3284271210432 29.828427121043205 0
    endloop
  endfacet
  facet normal 0 0 -1
    outer loop
      vertex -177.9641016125679 29 0
      vertex -180.75 42.41228675972853 0
      vertex -177.67341335862875 29.43504571914673 0
    endloop
  endfacet
  facet normal 0 0 -1
    outer loop
      vertex -177.3284271210432 29.828427121043205 0
      vertex -178 40.82457351945706 0
      vertex -176.93504571914673 30.17341335862875 0
    endloop
  endfacet
  facet normal 0 0 -1
    outer loop
      vertex -176.93504571914673 30.17341335862875 0
      vertex -178 40.82457351945706 0
      vertex -176.5 30.4641016125679 0
    endloop
  endfacet
  facet normal 0 0 -1
    outer loop
      vertex -176.5 30.4641016125679 0
      vertex -178 40.82457351945706 0
      vertex -176.0307337269187 30.695518128573895 0
    endloop
  endfacet
  facet normal 0 0 -1
    outer loop
      vertex -177.67341335862875 29.43504571914673 0
      vertex -180.75 42.41228675972853 0
      vertex -178 40.82457351945706 0
    endloop
  endfacet
  facet normal 0 0 -1
    outer loop
      vertex -180.75 42.41228675972853 0
      vertex -189 54 0
      vertex -180.75 45.58771324027147 0
    endloop
  endfacet
  facet normal 0 0 -1
    outer loop
      vertex -180.75 45.58771324027147 0
      vertex -189 54 0
      vertex -178 47.17542648054294 0
    endloop
  endfacet
  facet normal 0 0 -1
    outer loop
      vertex -176.0307337269187 30.695518128573895 0
      vertex -178 40.82457351945706 0
      vertex -175.53527618199587 30.863703303039074 0
    endloop
  endfacet
  facet normal 0 0 -1
    outer loop
      vertex -175.53527618199587 30.863703303039074 0
      vertex -178 40.82457351945706 0
      vertex -175.02210476994514 30.965779446065426 0
    endloop
  endfacet
  facet normal 0 0 -1
    outer loop
      vertex -175.02210476994514 30.965779446065426 0
      vertex -146.3487006784951 36.965105570685175 0
      vertex -174.5 31 0
    endloop
  endfacet
  facet normal 0 0 -1
    outer loop
      vertex -175.02210476994514 30.965779446065426 0
      vertex -178 40.82457351945706 0
      vertex -146.3487006784951 36.965105570685175 0
    endloop
  endfacet
  facet normal 0 0 -1
    outer loop
      vertex -178 40.82457351945706 0
      vertex -175.25 42.41228675972853 0
      vertex -146.7 38 0
    endloop
  endfacet
  facet normal 0 0 -1
    outer loop
      vertex -175.25 42.41228675972853 0
      vertex -175.25 45.58771324027147 0
      vertex -146.64207390469142 38.43999237667428 0
    endloop
  endfacet
  facet normal 0 0 -1
    outer loop
      vertex -174.5 31 0
      vertex -146.20208152801712 36.79791847198287 0
      vertex -146.03489442931482 36.6512993215049 0
    endloop
  endfacet
  facet normal 0 0 -1
    outer loop
      vertex -174.5 31 0
      vertex -146.03489442931482 36.6512993215049 0
      vertex -145.85 36.527756813566455 0
    endloop
  endfacet
  facet normal 0 0 -1
    outer loop
      vertex -174.5 31 0
      vertex -145.85 36.527756813566455 0
      vertex -145.65056183502065 36.429404794730814 0
    endloop
  endfacet
  facet normal 0 0 -1
    outer loop
      vertex -174.5 31 0
      vertex -145.65056183502065 36.429404794730814 0
      vertex -145.4399923766743 36.357926095308585 0
    endloop
  endfacet
  facet normal 0 0 -1
    outer loop
      vertex -174.5 31 0
      vertex -145.4399923766743 36.357926095308585 0
      vertex -145.2218945267741 36.31454373566452 0
    endloop
  endfacet
  facet normal 0 0 -1
    outer loop
      vertex -174.5 31 0
      vertex -146.3487006784951 36.965105570685175 0
      vertex -146.20208152801712 36.79791847198287 0
    endloop
  endfacet
  facet normal 0 0 -1
    outer loop
      vertex -178 40.82457351945706 0
      vertex -146.47224318643356 37.15 0
      vertex -146.3487006784951 36.965105570685175 0
    endloop
  endfacet
  facet normal 0 0 -1
    outer loop
      vertex -178 40.82457351945706 0
      vertex -146.5705952052692 37.34943816497935 0
      vertex -146.47224318643356 37.15 0
    endloop
  endfacet
  facet normal 0 0 -1
    outer loop
      vertex -178 40.82457351945706 0
      vertex -146.64207390469142 37.56000762332572 0
      vertex -146.5705952052692 37.34943816497935 0
    endloop
  endfacet
  facet normal 0 0 -1
    outer loop
      vertex -178 40.82457351945706 0
      vertex -146.68545626433547 37.778105473225914 0
      vertex -146.64207390469142 37.56000762332572 0
    endloop
  endfacet
  facet normal 0 0 -1
    outer loop
      vertex -178 40.82457351945706 0
      vertex -146.7 38 0
      vertex -146.68545626433547 37.778105473225914 0
    endloop
  endfacet
  facet normal 0 0 -1
    outer loop
      vertex -175.25 42.41228675972853 0
      vertex -146.68545626433547 38.221894526774086 0
      vertex -146.7 38 0
    endloop
  endfacet
  facet normal 0 0 -1
    outer loop
      vertex -175.25 42.41228675972853 0
      vertex -146.64207390469142 38.43999237667428 0
      vertex -146.68545626433547 38.221894526774086 0
    endloop
  endfacet
  facet normal 0 0 -1
    outer loop
      vertex -175.25 45.58771324027147 0
      vertex -146.5705952052692 38.65056183502065 0
      vertex -146.64207390469142 38.43999237667428 0
    endloop
  endfacet
  facet normal 0 0 -1
    outer loop
      vertex -175.25 45.58771324027147 0
      vertex -146.47224318643356 38.85 0
      vertex -146.5705952052692 38.65056183502065 0
    endloop
  endfacet
  facet normal 0 0 -1
    outer loop
      vertex -175.25 45.58771324027147 0
      vertex -146.3487006784951 39.034894429314825 0
      vertex -146.47224318643356 38.85 0
    endloop
  endfacet
  facet normal 0 0 -1
    outer loop
      vertex -175.25 45.58771324027147 0
      vertex -146.20208152801712 39.20208152801713 0
      vertex -146.3487006784951 39.034894429314825 0
    endloop
  endfacet
  facet normal 0 0 -1
    outer loop
      vertex -175.25 45.58771324027147 0
      vertex -146.03489442931482 39.3487006784951 0
      vertex -146.20208152801712 39.20208152801713 0
    endloop
  endfacet
  facet normal 0 0 -1
    outer loop
      vertex -175.25 45.58771324027147 0
      vertex -145.85 39.472243186433545 0
      vertex -146.03489442931482 39.3487006784951 0
    endloop
  endfacet
  facet normal 0 0 -1
    outer loop
      vertex -175.25 45.58771324027147 0
      vertex -145.65056183502065 39.570595205269186 0
      vertex -145.85 39.472243186433545 0
    endloop
  endfacet
  facet normal 0 0 -1
    outer loop
      vertex -175.25 45.58771324027147 0
      vertex -145.4399923766743 39.642073904691415 0
      vertex -145.65056183502065 39.570595205269186 0
    endloop
  endfacet
  facet normal 0 0 -1
    outer loop
      vertex -174.5 31 0
      vertex -145.2218945267741 36.31454373566452 0
      vertex -116.33333333333333 31 0
    endloop
  endfacet
  facet normal 0 0 -1
    outer loop
      vertex -175.25 45.58771324027147 0
      vertex -121.41666666666666 45.58771324027147 0
      vertex -145.4399923766743 39.642073904691415 0
    endloop
  endfacet
  facet normal -1 0 0
    outer loop
      vertex -189 54 0
      vertex -189 34 2
      vertex -189 54 2
    endloop
  endfacet
  facet normal 0 0 -1
    outer loop
      vertex -145.2218945267741 36.31454373566452 0
      vertex -145 36.3 0
      vertex -116.33333333333333 31 0
    endloop
  endfacet
  facet normal 0 0 -1
    outer loop
      vertex -145 36.3 0
      vertex -144.7781054732259 36.31454373566452 0
      vertex -116.33333333333333 31 0
    endloop
  endfacet
  facet normal 0 0 -1
    outer loop
      vertex -144.7781054732259 36.31454373566452 0
      vertex -144.5600076233257 36.357926095308585 0
      vertex -116.33333333333333 31 0
    endloop
  endfacet
  facet normal 0 0 -1
    outer loop
      vertex -144.5600076233257 36.357926095308585 0
      vertex -144.34943816497935 36.429404794730814 0
      vertex -116.33333333333333 31 0
    endloop
  endfacet
  facet normal 0 0 -1
    outer loop
      vertex -144.5600076233257 39.642073904691415 0
      vertex -121.41666666666666 42.41228675972853 0
      vertex -144.34943816497935 39.570595205269186 0
    endloop
  endfacet
  facet normal 0 0 -1
    outer loop
      vertex -144.34943816497935 39.570595205269186 0
      vertex -121.41666666666666 42.41228675972853 0
      vertex -144.15 39.472243186433545 0
    endloop
  endfacet
  facet normal 0 0 -1
    outer loop
      vertex -145.4399923766743 39.642073904691415 0
      vertex -121.41666666666666 45.58771324027147 0
      vertex -145.2218945267741 39.68545626433548 0
    endloop
  endfacet
  facet normal 0 0 -1
    outer loop
      vertex -145.2218945267741 39.68545626433548 0
      vertex -121.41666666666666 45.58771324027147 0
      vertex -145 39.7 0
    endloop
  endfacet
  facet normal 0 0 -1
    outer loop
      vertex -145 39.7 0
      vertex -121.41666666666666 45.58771324027147 0
      vertex -144.7781054732259 39.68545626433548 0
    endloop
  endfacet
  facet normal 0 0 -1
    outer loop
      vertex -144.7781054732259 39.68545626433548 0
      vertex -121.41666666666666 45.58771324027147 0
      vertex -144.5600076233257 39.642073904691415 0
    endloop
  endfacet
  facet normal 0 0 -1
    outer loop
      vertex -144.15 39.472243186433545 0
      vertex -121.41666666666666 42.41228675972853 0
      vertex -118.66666666666666 40.82457351945706 0
    endloop
  endfacet
  facet normal 0 0 -1
    outer loop
      vertex -175.25 45.58771324027147 0
      vertex -118.66666666666666 47.17542648054294 0
      vertex -121.41666666666666 45.58771324027147 0
    endloop
  endfacet
  facet normal 0 0 -1
    outer loop
      vertex -144.5600076233257 39.642073904691415 0
      vertex -121.41666666666666 45.58771324027147 0
      vertex -121.41666666666666 42.41228675972853 0
    endloop
  endfacet
  facet normal 0 0 -1
    outer loop
      vertex -178 47.17542648054294 0
      vertex -189 54 0
      vertex 10 54 0
    endloop
  endfacet
  facet normal 0 0 -1
    outer loop
      vertex -178 47.17542648054294 0
      vertex 10 54 0
      vertex -175.25 45.58771324027147 0
    endloop
  endfacet
  facet normal 0 0 -1
    outer loop
      vertex -144.34943816497935 36.429404794730814 0
      vertex -144.15 36.527756813566455 0
      vertex -50.65056183502065 36.429404794730814 0
    endloop
  endfacet
  facet normal 0 0 -1
    outer loop
      vertex -144.15 36.527756813566455 0
      vertex -143.96510557068518 36.6512993215049 0
      vertex -50.85 36.527756813566455 0
    endloop
  endfacet
  facet normal 0 0 -1
    outer loop
      vertex -143.96510557068518 36.6512993215049 0
      vertex -143.79791847198288 36.79791847198287 0
      vertex -51.034894429314825 36.6512993215049 0
    endloop
  endfacet
  facet normal 0 0 -1
    outer loop
      vertex -143.79791847198288 36.79791847198287 0
      vertex -143.6512993215049 36.965105570685175 0
      vertex -51.034894429314825 36.6512993215049 0
    endloop
  endfacet
  facet normal 0 0 -1
    outer loop
      vertex -143.6512993215049 36.965105570685175 0
      vertex -143.52775681356644 37.15 0
      vertex -51.034894429314825 36.6512993215049 0
    endloop
  endfacet
  facet normal 0 0 -1
    outer loop
      vertex -143.52775681356644 37.15 0
      vertex -143.4294047947308 37.34943816497935 0
      vertex -51.034894429314825 36.6512993215049 0
    endloop
  endfacet
  facet normal 0 0 -1
    outer loop
      vertex -143.4294047947308 37.34943816497935 0
      vertex -143.35792609530858 37.56000762332572 0
      vertex -51.034894429314825 36.6512993215049 0
    endloop
  endfacet
  facet normal 0 0 -1
    outer loop
      vertex -143.35792609530858 37.56000762332572 0
      vertex -143.31454373566453 37.778105473225914 0
      vertex -51.034894429314825 36.6512993215049 0
    endloop
  endfacet
  facet normal 0 0 -1
    outer loop
      vertex -143.31454373566453 37.778105473225914 0
      vertex -143.3 38 0
      vertex -51.034894429314825 36.6512993215049 0
    endloop
  endfacet
  facet normal 0 0 -1
    outer loop
      vertex -143.3 38 0
      vertex -143.31454373566453 38.221894526774086 0
      vertex -51.7 38 0
    endloop
  endfacet
  facet normal 0 0 -1
    outer loop
      vertex -143.31454373566453 38.221894526774086 0
      vertex -143.35792609530858 38.43999237667428 0
      vertex -51.034894429314825 39.3487006784951 0
    endloop
  endfacet
  facet normal 0 0 -1
    outer loop
      vertex -143.35792609530858 38.43999237667428 0
      vertex -143.4294047947308 38.65056183502065 0
      vertex -51.034894429314825 39.3487006784951 0
    endloop
  endfacet
  facet normal 0 0 -1
    outer loop
      vertex -143.4294047947308 38.65056183502065 0
      vertex -143.52775681356644 38.85 0
      vertex -51.034894429314825 39.3487006784951 0
    endloop
  endfacet
  facet normal 0 0 -1
    outer loop
      vertex -143.6512993215049 39.034894429314825 0
      vertex -51.034894429314825 39.3487006784951 0
      vertex -143.52775681356644 38.85 0
    endloop
  endfacet
  facet normal 0 0 -1
    outer loop
      vertex -143.6512993215049 39.034894429314825 0
      vertex -143.79791847198288 39.20208152801713 0
      vertex -50.85 39.472243186433545 0
    endloop
  endfacet
  facet normal 0 0 -1
    outer loop
      vertex -143.96510557068518 39.3487006784951 0
      vertex -144.15 39.472243186433545 0
      vertex -50.85 39.472243186433545 0
    endloop
  endfacet
  facet normal 0 0 -1
    outer loop
      vertex -143.96510557068518 39.3487006784951 0
      vertex -50.85 39.472243186433545 0
      vertex -143.79791847198288 39.20208152801713 0
    endloop
  endfacet
  facet normal 0 0 -1
    outer loop
      vertex -144.34943816497935 36.429404794730814 0
      vertex -50.65056183502065 36.429404794730814 0
      vertex -116.33333333333333 31 0
    endloop
  endfacet
  facet normal 0 0 -1
    outer loop
      vertex -144.15 39.472243186433545 0
      vertex -118.66666666666666 40.82457351945706 0
      vertex -50.85 39.472243186433545 0
    endloop
  endfacet
  facet normal 0 0 -1
    outer loop
      vertex -118.66666666666666 40.82457351945706 0
      vertex -115.91666666666666 42.41228675972853 0
      vertex -50.85 39.472243186433545 0
    endloop
  endfacet
  facet normal 0 0 -1
    outer loop
      vertex -118.66666666666666 47.17542648054294 0
      vertex -62.08333333333333 45.58771324027147 0
      vertex -115.91666666666666 45.58771324027147 0
    endloop
  endfacet
  facet normal 0 0 -1
    outer loop
      vertex -115.91666666666666 42.41228675972853 0
      vertex -115.91666666666666 45.58771324027147 0
      vertex -62.08333333333333 42.41228675972853 0
    endloop
  endfacet
  facet normal 0 0 -1
    outer loop
      vertex -175.25 45.58771324027147 0
      vertex 10 54 0
      vertex -118.66666666666666 47.17542648054294 0
    endloop
  endfacet
  facet normal -1 0 0
    outer loop
      vertex -189 -118 4
      vertex -189 34 4
      vertex -189 34 2
    endloop
  endfacet
  facet normal 0 0 1
    outer loop
      vertex -189 -118 4
      vertex -178.46577944606543 27.522104769945145 4
      vertex -189 34 4
    endloop
  endfacet
  facet normal 0 0 1
    outer loop
      vertex -189 -118 4
      vertex -178.5 27 4
      vertex -178.46577944606543 27.522104769945145 4
    endloop
  endfacet
  facet normal 0 0 1
    outer loop
      vertex -178.46577944606543 27.522104769945145 4
      vertex -178.36370330303907 28.03527618199587 4
      vertex -189 34 4
    endloop
  endfacet
  facet normal 0 0 1
    outer loop
      vertex -178.36370330303907 28.03527618199587 4
      vertex -178.1955181285739 28.530733726918697 4
      vertex -189 34 4
    endloop
  endfacet
  facet normal 0 0 1
    outer loop
      vertex -178.1955181285739 28.530733726918697 4
      vertex -177.9641016125679 29 4
      vertex -189 34 4
    endloop
  endfacet
  facet normal 0 0 1
    outer loop
      vertex -177.9641016125679 29 4
      vertex -177.67341335862875 29.43504571914673 4
      vertex -189 34 4
    endloop
  endfacet
  facet normal 0 0 1
    outer loop
      vertex -177.67341335862875 29.43504571914673 4
      vertex -177.3284271210432 29.828427121043205 4
      vertex -189 34 4
    endloop
  endfacet
  facet normal 0 0 1
    outer loop
      vertex -177.3284271210432 29.828427121043205 4
      vertex -176.93504571914673 30.17341335862875 4
      vertex -189 34 4
    endloop
  endfacet
  facet normal 0 0 1
    outer loop
      vertex -176.93504571914673 30.17341335862875 4
      vertex -176.5 30.4641016125679 4
      vertex -189 34 4
    endloop
  endfacet
  facet normal 0 0 1
    outer loop
      vertex -176.5 30.4641016125679 4
      vertex -176.0307337269187 30.695518128573895 4
      vertex -189 34 4
    endloop
  endfacet
  facet normal 0 0 1
    outer loop
      vertex -176.0307337269187 30.695518128573895 4
      vertex -175.53527618199587 30.863703303039074 4
      vertex -189 34 4
    endloop
  endfacet
  facet normal 0 0 1
    outer loop
      vertex -175.53527618199587 30.863703303039074 4
      vertex -175.02210476994514 30.965779446065426 4
      vertex -189 34 4
    endloop
  endfacet
  facet normal 0 0 1
    outer loop
      vertex -175.02210476994514 30.965779446065426 4
      vertex -174.5 31 4
      vertex -189 34 4
    endloop
  endfacet
  facet normal 0 0 1
    outer loop
      vertex -174.5 31 4
      vertex -10 31 4
      vertex -189 34 4
    endloop
  endfacet
  facet normal 0 0 -1
    outer loop
      vertex -182.74018286168575 -130.69365344196558 0
      vertex -70 -129.7 0
      vertex -1.034894429314825 -129.3487006784951 0
    endloop
  endfacet
  facet normal 0 0 -1
    outer loop
      vertex -138.79791847198288 -126.79791847198287 0
      vertex 10 -125.17994227227675 0
      vertex -138.6512993215049 -126.96510557068518 0
    endloop
  endfacet
  facet normal 0 0 -1
    outer loop
      vertex -139.15 -126.52775681356646 0
      vertex 10 -125.17994227227675 0
      vertex -138.96510557068518 -126.6512993215049 0
    endloop
  endfacet
  facet normal 0 0 -1
    outer loop
      vertex -139.34943816497935 -126.42940479473081 0
      vertex 10 -125.17994227227675 0
      vertex -139.15 -126.52775681356646 0
    endloop
  endfacet
  facet normal 0 0 -1
    outer loop
      vertex -138.79791847198288 -126.79791847198287 0
      vertex -138.96510557068518 -126.6512993215049 0
      vertex 10 -125.17994227227675 0
    endloop
  endfacet
  facet normal 0 0 -1
    outer loop
      vertex -143.96510557068518 -119.3487006784951 0
      vertex -51.034894429314825 -119.3487006784951 0
      vertex -50.85 -119.47224318643354 0
    endloop
  endfacet
  facet normal 0 0 -1
    outer loop
      vertex -144.5600076233257 -119.64207390469142 0
      vertex -50.43999237667428 -119.64207390469142 0
      vertex -50.221894526774086 -119.68545626433547 0
    endloop
  endfacet
  facet normal 0 0 -1
    outer loop
      vertex -144.15 -119.47224318643354 0
      vertex -50.85 -119.47224318643354 0
      vertex -50.65056183502065 -119.57059520526919 0
    endloop
  endfacet
  facet normal 0 0 -1
    outer loop
      vertex -144.34943816497935 -119.57059520526919 0
      vertex -50.65056183502065 -119.57059520526919 0
      vertex -50.43999237667428 -119.64207390469142 0
    endloop
  endfacet
  facet normal 0 0 -1
    outer loop
      vertex -144.7781054732259 -119.68545626433547 0
      vertex -50.221894526774086 -119.68545626433547 0
      vertex -50 -119.7 0
    endloop
  endfacet
  facet normal 0 0 -1
    outer loop
      vertex -143.52775681356644 -118.85 0
      vertex -51.472243186433545 -118.85 0
      vertex -51.3487006784951 -119.03489442931482 0
    endloop
  endfacet
  facet normal 0 0 -1
    outer loop
      vertex -143.4294047947308 -118.65056183502065 0
      vertex -51.570595205269186 -118.65056183502065 0
      vertex -51.472243186433545 -118.85 0
    endloop
  endfacet
  facet normal 0 0 -1
    outer loop
      vertex -143.79791847198288 -119.20208152801713 0
      vertex -51.20208152801713 -119.20208152801713 0
      vertex -51.034894429314825 -119.3487006784951 0
    endloop
  endfacet
  facet normal 0 0 -1
    outer loop
      vertex -143.6512993215049 -119.03489442931482 0
      vertex -51.3487006784951 -119.03489442931482 0
      vertex -51.20208152801713 -119.20208152801713 0
    endloop
  endfacet
  facet normal 0 0 -1
    outer loop
      vertex -143.35792609530858 -118.43999237667428 0
      vertex -51.642073904691415 -118.43999237667428 0
      vertex -51.570595205269186 -118.65056183502065 0
    endloop
  endfacet
  facet normal 0 0 -1
    outer loop
      vertex -143.31454373566453 -118.2218945267741 0
      vertex -51.68545626433548 -118.2218945267741 0
      vertex -51.642073904691415 -118.43999237667428 0
    endloop
  endfacet
  facet normal 0 0 -1
    outer loop
      vertex -143.3 -118 0
      vertex -51.7 -118 0
      vertex -51.68545626433548 -118.2218945267741 0
    endloop
  endfacet
  facet normal 0 0 -1
    outer loop
      vertex -143.31454373566453 -117.7781054732259 0
      vertex -51.68545626433548 -117.7781054732259 0
      vertex -51.7 -118 0
    endloop
  endfacet
  facet normal 0 0 -1
    outer loop
      vertex -143.35792609530858 -117.56000762332572 0
      vertex -51.642073904691415 -117.56000762332572 0
      vertex -51.68545626433548 -117.7781054732259 0
    endloop
  endfacet
  facet normal 0 0 -1
    outer loop
      vertex -143.4294047947308 -117.34943816497935 0
      vertex -51.570595205269186 -117.34943816497935 0
      vertex -51.642073904691415 -117.56000762332572 0
    endloop
  endfacet
  facet normal 0 0 -1
    outer loop
      vertex -143.52775681356644 -117.15 0
      vertex -51.472243186433545 -117.15 0
      vertex -51.570595205269186 -117.34943816497935 0
    endloop
  endfacet
  facet normal 0 0 -1
    outer loop
      vertex -143.6512993215049 -116.96510557068518 0
      vertex -51.3487006784951 -116.96510557068518 0
      vertex -51.472243186433545 -117.15 0
    endloop
  endfacet
  facet normal 0 0 -1
    outer loop
      vertex -143.79791847198288 -116.79791847198287 0
      vertex -51.20208152801713 -116.79791847198287 0
      vertex -51.3487006784951 -116.96510557068518 0
    endloop
  endfacet
  facet normal 0 0 -1
    outer loop
      vertex -143.96510557068518 -116.6512993215049 0
      vertex -51.034894429314825 -116.6512993215049 0
      vertex -51.20208152801713 -116.79791847198287 0
    endloop
  endfacet
  facet normal 0 0 -1
    outer loop
      vertex -144.15 -116.52775681356646 0
      vertex -50.85 -116.52775681356646 0
      vertex -51.034894429314825 -116.6512993215049 0
    endloop
  endfacet
  facet normal 0 0 -1
    outer loop
      vertex -144.34943816497935 -116.42940479473081 0
      vertex -50.65056183502065 -116.42940479473081 0
      vertex -50.85 -116.52775681356646 0
    endloop
  endfacet
  facet normal 0 0 -1
    outer loop
      vertex -144.5600076233257 -116.35792609530858 0
      vertex -50.43999237667428 -116.35792609530858 0
      vertex -50.65056183502065 -116.42940479473081 0
    endloop
  endfacet
  facet normal 0 0 -1
    outer loop
      vertex -144.5600076233257 -116.35792609530858 0
      vertex -50.221894526774086 -116.31454373566453 0
      vertex -50.43999237667428 -116.35792609530858 0
    endloop
  endfacet
  facet normal 0 0 -1
    outer loop
      vertex -144.5600076233257 -116.35792609530858 0
      vertex -50 -116.3 0
      vertex -50.221894526774086 -116.31454373566453 0
    endloop
  endfacet
  facet normal 0 0 -1
    outer loop
      vertex -188.45481321960688 -122.1411047205329 0
      vertex -50 -119.7 0
      vertex 10 -125.17994227227675 0
    endloop
  endfacet
  facet normal 0 0 -1
    outer loop
      vertex -138.6512993215049 -126.96510557068518 0
      vertex 10 -125.17994227227675 0
      vertex -70 -126.3 0
    endloop
  endfacet
  facet normal 0 0 -1
    outer loop
      vertex -181 -131.8564064577222 0
      vertex -1.034894429314825 -129.3487006784951 0
      vertex -0.85 -129.47224318643356 0
    endloop
  endfacet
  facet normal 0 0 -1
    outer loop
      vertex -181 -131.8564064577222 0
      vertex -0.85 -129.47224318643356 0
      vertex -0.6505618350206526 -129.5705952052692 0
    endloop
  endfacet
  facet normal 0 0 -1
    outer loop
      vertex -181 -131.8564064577222 0
      vertex -0.6505618350206526 -129.5705952052692 0
      vertex -0.43999237667428526 -129.64207390469142 0
    endloop
  endfacet
  facet normal 0 0 -1
    outer loop
      vertex -181 -131.8564064577222 0
      vertex -0.43999237667428526 -129.64207390469142 0
      vertex -0.22189452677408766 -129.68545626433547 0
    endloop
  endfacet
  facet normal 0 0 -1
    outer loop
      vertex -181 -131.8564064577222 0
      vertex -0.22189452677408766 -129.68545626433547 0
      vertex 0 -129.7 0
    endloop
  endfacet
  facet normal 0 0 -1
    outer loop
      vertex -181 -131.8564064577222 0
      vertex 0 -129.7 0
      vertex 10 -134 0
    endloop
  endfacet
  facet normal 0 0 -1
    outer loop
      vertex -144.5600076233257 -116.35792609530858 0
      vertex 10 -111 0
      vertex -50 -116.3 0
    endloop
  endfacet
  facet normal 0 0 -1
    outer loop
      vertex -70 -129.7 0
      vertex -69.7781054732259 -129.68545626433547 0
      vertex -1.034894429314825 -129.3487006784951 0
    endloop
  endfacet
  facet normal 0 0 -1
    outer loop
      vertex -69.7781054732259 -129.68545626433547 0
      vertex -69.56000762332572 -129.64207390469142 0
      vertex -1.034894429314825 -129.3487006784951 0
    endloop
  endfacet
  facet normal 0 0 -1
    outer loop
      vertex -69.56000762332572 -129.64207390469142 0
      vertex -69.34943816497935 -129.5705952052692 0
      vertex -1.034894429314825 -129.3487006784951 0
    endloop
  endfacet
  facet normal 0 0 -1
    outer loop
      vertex -69.34943816497935 -129.5705952052692 0
      vertex -69.15 -129.47224318643356 0
      vertex -1.034894429314825 -129.3487006784951 0
    endloop
  endfacet
  facet normal 0 0 -1
    outer loop
      vertex -69.15 -129.47224318643356 0
      vertex -68.96510557068518 -129.3487006784951 0
      vertex -1.034894429314825 -129.3487006784951 0
    endloop
  endfacet
  facet normal 0 0 -1
    outer loop
      vertex -68.79791847198287 -129.20208152801712 0
      vertex -68.6512993215049 -129.03489442931482 0
      vertex -1.6420739046914161 -128.4399923766743 0
    endloop
  endfacet
  facet normal 0 0 -1
    outer loop
      vertex -68.96510557068518 -129.3487006784951 0
      vertex -68.79791847198287 -129.20208152801712 0
      vertex -1.034894429314825 -129.3487006784951 0
    endloop
  endfacet
  facet normal 0 0 -1
    outer loop
      vertex -68.6512993215049 -129.03489442931482 0
      vertex -68.52775681356646 -128.85 0
      vertex -1.6420739046914161 -128.4399923766743 0
    endloop
  endfacet
  facet normal 0 0 -1
    outer loop
      vertex -68.52775681356646 -128.85 0
      vertex -68.42940479473081 -128.65056183502065 0
      vertex -1.6420739046914161 -128.4399923766743 0
    endloop
  endfacet
  facet normal 0 0 -1
    outer loop
      vertex -68.42940479473081 -128.65056183502065 0
      vertex -68.35792609530858 -128.4399923766743 0
      vertex -1.6420739046914161 -128.4399923766743 0
    endloop
  endfacet
  facet normal 0 0 -1
    outer loop
      vertex -68.35792609530858 -128.4399923766743 0
      vertex -68.31454373566453 -128.2218945267741 0
      vertex -1.6420739046914161 -128.4399923766743 0
    endloop
  endfacet
  facet normal 0 0 -1
    outer loop
      vertex -68.31454373566453 -128.2218945267741 0
      vertex -68.3 -128 0
      vertex -1.6854562643354776 -127.7781054732259 0
    endloop
  endfacet
  facet normal 0 0 -1
    outer loop
      vertex -68.3 -128 0
      vertex -68.31454373566453 -127.7781054732259 0
      vertex -1.6854562643354776 -127.7781054732259 0
    endloop
  endfacet
  facet normal 0 0 -1
    outer loop
      vertex -68.31454373566453 -127.7781054732259 0
      vertex -68.35792609530858 -127.56000762332572 0
      vertex -1.6420739046914161 -127.56000762332572 0
    endloop
  endfacet
  facet normal 0 0 -1
    outer loop
      vertex -68.35792609530858 -127.56000762332572 0
      vertex -68.42940479473081 -127.34943816497935 0
      vertex -1.2020815280171309 -126.79791847198287 0
    endloop
  endfacet
  facet normal 0 0 -1
    outer loop
      vertex -68.42940479473081 -127.34943816497935 0
      vertex -68.52775681356646 -127.15 0
      vertex -1.2020815280171309 -126.79791847198287 0
    endloop
  endfacet
  facet normal 0 0 -1
    outer loop
      vertex -68.79791847198287 -126.79791847198287 0
      vertex -1.2020815280171309 -126.79791847198287 0
      vertex -68.6512993215049 -126.96510557068518 0
    endloop
  endfacet
  facet normal 0 0 -1
    outer loop
      vertex -68.79791847198287 -126.79791847198287 0
      vertex -68.96510557068518 -126.6512993215049 0
      vertex -1.2020815280171309 -126.79791847198287 0
    endloop
  endfacet
  facet normal 0 0 -1
    outer loop
      vertex -68.52775681356646 -127.15 0
      vertex -68.6512993215049 -126.96510557068518 0
      vertex -1.2020815280171309 -126.79791847198287 0
    endloop
  endfacet
  facet normal 0 0 -1
    outer loop
      vertex -70 -126.3 0
      vertex 10 -125.17994227227675 0
      vertex -69.7781054732259 -126.31454373566453 0
    endloop
  endfacet
  facet normal 0 0 -1
    outer loop
      vertex -69.7781054732259 -126.31454373566453 0
      vertex 10 -125.17994227227675 0
      vertex -69.56000762332572 -126.35792609530858 0
    endloop
  endfacet
  facet normal 0 0 -1
    outer loop
      vertex -69.56000762332572 -126.35792609530858 0
      vertex 10 -125.17994227227675 0
      vertex -69.34943816497935 -126.42940479473081 0
    endloop
  endfacet
  facet normal 0 0 -1
    outer loop
      vertex -69.15 -126.52775681356646 0
      vertex 10 -125.17994227227675 0
      vertex -68.96510557068518 -126.6512993215049 0
    endloop
  endfacet
  facet normal 0 0 -1
    outer loop
      vertex -69.34943816497935 -126.42940479473081 0
      vertex 10 -125.17994227227675 0
      vertex -69.15 -126.52775681356646 0
    endloop
  endfacet
  facet normal 0 -1 0
    outer loop
      vertex -173 -134 0
      vertex 10 -134 0
      vertex 10 -134 2
    endloop
  endfacet
  facet normal 0 -1 0
    outer loop
      vertex -173 -134 0
      vertex 10 -134 2
      vertex -10 -134 2
    endloop
  endfacet
  facet normal 0 0 -1
    outer loop
      vertex -50 -119.7 0
      vertex -49.778105473225914 -119.68545626433547 0
      vertex 10 -125.17994227227675 0
    endloop
  endfacet
  facet normal 0 0 -1
    outer loop
      vertex -49.778105473225914 -119.68545626433547 0
      vertex -49.56000762332572 -119.64207390469142 0
      vertex 10 -125.17994227227675 0
    endloop
  endfacet
  facet normal 0 0 -1
    outer loop
      vertex -49.34943816497935 -119.57059520526919 0
      vertex -49.15 -119.47224318643354 0
      vertex 10 -125.17994227227675 0
    endloop
  endfacet
  facet normal 0 0 -1
    outer loop
      vertex -49.56000762332572 -119.64207390469142 0
      vertex -49.34943816497935 -119.57059520526919 0
      vertex 10 -125.17994227227675 0
    endloop
  endfacet
  facet normal 0 0 -1
    outer loop
      vertex -49.15 -119.47224318643354 0
      vertex -48.965105570685175 -119.3487006784951 0
      vertex 10 -125.17994227227675 0
    endloop
  endfacet
  facet normal 0 0 -1
    outer loop
      vertex -48.965105570685175 -119.3487006784951 0
      vertex -48.79791847198287 -119.20208152801713 0
      vertex 10 -125.17994227227675 0
    endloop
  endfacet
  facet normal 0 0 -1
    outer loop
      vertex -48.79791847198287 -119.20208152801713 0
      vertex -48.6512993215049 -119.03489442931482 0
      vertex 10 -125.17994227227675 0
    endloop
  endfacet
  facet normal 0 0 -1
    outer loop
      vertex -48.6512993215049 -119.03489442931482 0
      vertex -48.527756813566455 -118.85 0
      vertex 10 -125.17994227227675 0
    endloop
  endfacet
  facet normal 0 0 -1
    outer loop
      vertex -48.527756813566455 -118.85 0
      vertex -48.429404794730814 -118.65056183502065 0
      vertex 10 -125.17994227227675 0
    endloop
  endfacet
  facet normal 0 0 -1
    outer loop
      vertex -48.429404794730814 -118.65056183502065 0
      vertex -48.357926095308585 -118.43999237667428 0
      vertex 10 -125.17994227227675 0
    endloop
  endfacet
  facet normal 0 0 -1
    outer loop
      vertex -48.357926095308585 -118.43999237667428 0
      vertex -48.31454373566452 -118.2218945267741 0
      vertex 10 -125.17994227227675 0
    endloop
  endfacet
  facet normal 0 0 -1
    outer loop
      vertex -48.31454373566452 -118.2218945267741 0
      vertex -48.3 -118 0
      vertex 10 -125.17994227227675 0
    endloop
  endfacet
  facet normal 0 0 -1
    outer loop
      vertex -48.3 -118 0
      vertex -48.31454373566452 -117.7781054732259 0
      vertex 10 -125.17994227227675 0
    endloop
  endfacet
  facet normal 0 0 -1
    outer loop
      vertex -48.31454373566452 -117.7781054732259 0
      vertex -48.357926095308585 -117.56000762332572 0
      vertex 10 -125.17994227227675 0
    endloop
  endfacet
  facet normal 0 0 -1
    outer loop
      vertex -49.15 -116.52775681356646 0
      vertex -49.34943816497935 -116.42940479473081 0
      vertex 10 -125.17994227227675 0
    endloop
  endfacet
  facet normal 0 0 -1
    outer loop
      vertex -49.15 -116.52775681356646 0
      vertex 10 -125.17994227227675 0
      vertex -48.965105570685175 -116.6512993215049 0
    endloop
  endfacet
  facet normal 0 0 -1
    outer loop
      vertex -48.429404794730814 -117.34943816497935 0
      vertex -48.527756813566455 -117.15 0
      vertex 10 -125.17994227227675 0
    endloop
  endfacet
  facet normal 0 0 -1
    outer loop
      vertex -48.357926095308585 -117.56000762332572 0
      vertex -48.429404794730814 -117.34943816497935 0
      vertex 10 -125.17994227227675 0
    endloop
  endfacet
  facet normal 0 0 -1
    outer loop
      vertex -48.527756813566455 -117.15 0
      vertex -48.6512993215049 -116.96510557068518 0
      vertex 10 -125.17994227227675 0
    endloop
  endfacet
  facet normal 0 0 -1
    outer loop
      vertex -48.79791847198287 -116.79791847198287 0
      vertex -48.965105570685175 -116.6512993215049 0
      vertex 10 -125.17994227227675 0
    endloop
  endfacet
  facet normal 0 0 -1
    outer loop
      vertex -48.79791847198287 -116.79791847198287 0
      vertex 10 -125.17994227227675 0
      vertex -48.6512993215049 -116.96510557068518 0
    endloop
  endfacet
  facet normal 0 0 -1
    outer loop
      vertex -49.778105473225914 -116.31454373566453 0
      vertex 10 -111 0
      vertex -49.56000762332572 -116.35792609530858 0
    endloop
  endfacet
  facet normal 0 0 -1
    outer loop
      vertex -50 -116.3 0
      vertex 10 -111 0
      vertex -49.778105473225914 -116.31454373566453 0
    endloop
  endfacet
  facet normal 0 0 -1
    outer loop
      vertex -49.56000762332572 -116.35792609530858 0
      vertex 10 -111 0
      vertex -49.34943816497935 -116.42940479473081 0
    endloop
  endfacet
  facet normal 0 0 -1
    outer loop
      vertex -68.79791847198287 -129.20208152801712 0
      vertex -1.4722431864335457 -128.85 0
      vertex -1.3487006784950997 -129.03489442931482 0
    endloop
  endfacet
  facet normal 0 0 -1
    outer loop
      vertex -68.79791847198287 -129.20208152801712 0
      vertex -1.5705952052691874 -128.65056183502065 0
      vertex -1.4722431864335457 -128.85 0
    endloop
  endfacet
  facet normal 0 0 -1
    outer loop
      vertex -68.79791847198287 -129.20208152801712 0
      vertex -1.2020815280171309 -129.20208152801712 0
      vertex -1.034894429314825 -129.3487006784951 0
    endloop
  endfacet
  facet normal 0 0 -1
    outer loop
      vertex -68.79791847198287 -129.20208152801712 0
      vertex -1.3487006784950997 -129.03489442931482 0
      vertex -1.2020815280171309 -129.20208152801712 0
    endloop
  endfacet
  facet normal 0 0 -1
    outer loop
      vertex -68.79791847198287 -129.20208152801712 0
      vertex -1.6420739046914161 -128.4399923766743 0
      vertex -1.5705952052691874 -128.65056183502065 0
    endloop
  endfacet
  facet normal 0 0 -1
    outer loop
      vertex -68.31454373566453 -128.2218945267741 0
      vertex -1.6854562643354776 -128.2218945267741 0
      vertex -1.6420739046914161 -128.4399923766743 0
    endloop
  endfacet
  facet normal 0 0 -1
    outer loop
      vertex -68.31454373566453 -128.2218945267741 0
      vertex -1.7 -128 0
      vertex -1.6854562643354776 -128.2218945267741 0
    endloop
  endfacet
  facet normal 0 0 -1
    outer loop
      vertex -68.31454373566453 -128.2218945267741 0
      vertex -1.6854562643354776 -127.7781054732259 0
      vertex -1.7 -128 0
    endloop
  endfacet
  facet normal 0 0 -1
    outer loop
      vertex -68.31454373566453 -127.7781054732259 0
      vertex -1.6420739046914161 -127.56000762332572 0
      vertex -1.6854562643354776 -127.7781054732259 0
    endloop
  endfacet
  facet normal 0 0 -1
    outer loop
      vertex -68.35792609530858 -127.56000762332572 0
      vertex -1.5705952052691874 -127.34943816497935 0
      vertex -1.6420739046914161 -127.56000762332572 0
    endloop
  endfacet
  facet normal 0 0 -1
    outer loop
      vertex -68.35792609530858 -127.56000762332572 0
      vertex -1.3487006784950997 -126.96510557068518 0
      vertex -1.4722431864335457 -127.15 0
    endloop
  endfacet
  facet normal 0 0 -1
    outer loop
      vertex -68.35792609530858 -127.56000762332572 0
      vertex -1.4722431864335457 -127.15 0
      vertex -1.5705952052691874 -127.34943816497935 0
    endloop
  endfacet
  facet normal 0 0 -1
    outer loop
      vertex -68.35792609530858 -127.56000762332572 0
      vertex -1.2020815280171309 -126.79791847198287 0
      vertex -1.3487006784950997 -126.96510557068518 0
    endloop
  endfacet
  facet normal 0 0 -1
    outer loop
      vertex -68.96510557068518 -126.6512993215049 0
      vertex -1.034894429314825 -126.6512993215049 0
      vertex -1.2020815280171309 -126.79791847198287 0
    endloop
  endfacet
  facet normal 0 0 -1
    outer loop
      vertex -68.96510557068518 -126.6512993215049 0
      vertex -0.85 -126.52775681356646 0
      vertex -1.034894429314825 -126.6512993215049 0
    endloop
  endfacet
  facet normal 0 0 -1
    outer loop
      vertex -68.96510557068518 -126.6512993215049 0
      vertex -0.6505618350206526 -126.42940479473081 0
      vertex -0.85 -126.52775681356646 0
    endloop
  endfacet
  facet normal 0 0 -1
    outer loop
      vertex -68.96510557068518 -126.6512993215049 0
      vertex -0.43999237667428526 -126.35792609530858 0
      vertex -0.6505618350206526 -126.42940479473081 0
    endloop
  endfacet
  facet normal 0 0 -1
    outer loop
      vertex -68.96510557068518 -126.6512993215049 0
      vertex -0.22189452677408766 -126.31454373566453 0
      vertex -0.43999237667428526 -126.35792609530858 0
    endloop
  endfacet
  facet normal 0 0 -1
    outer loop
      vertex -68.96510557068518 -126.6512993215049 0
      vertex 0 -126.3 0
      vertex -0.22189452677408766 -126.31454373566453 0
    endloop
  endfacet
  facet normal 0 0 -1
    outer loop
      vertex -68.96510557068518 -126.6512993215049 0
      vertex 10 -125.17994227227675 0
      vertex 0 -126.3 0
    endloop
  endfacet
  facet normal 0 0 -1
    outer loop
      vertex -49.34943816497935 -116.42940479473081 0
      vertex 10 -111 0
      vertex 10 -125.17994227227675 0
    endloop
  endfacet
  facet normal 0 0 -1
    outer loop
      vertex 0.22189452677408766 -129.68545626433547 0
      vertex 0.43999237667428526 -129.64207390469142 0
      vertex 10 -134 0
    endloop
  endfacet
  facet normal 0 0 -1
    outer loop
      vertex 0 -129.7 0
      vertex 0.22189452677408766 -129.68545626433547 0
      vertex 10 -134 0
    endloop
  endfacet
  facet normal 0 0 -1
    outer loop
      vertex 0.43999237667428526 -129.64207390469142 0
      vertex 0.6505618350206526 -129.5705952052692 0
      vertex 10 -134 0
    endloop
  endfacet
  facet normal 0 0 -1
    outer loop
      vertex 0 -126.3 0
      vertex 10 -125.17994227227675 0
      vertex 0.22189452677408766 -126.31454373566453 0
    endloop
  endfacet
  facet normal 0 0 -1
    outer loop
      vertex 0.22189452677408766 -126.31454373566453 0
      vertex 10 -125.17994227227675 0
      vertex 0.43999237667428526 -126.35792609530858 0
    endloop
  endfacet
  facet normal 0 0 -1
    outer loop
      vertex 0.6505618350206526 -126.42940479473081 0
      vertex 0.43999237667428526 -126.35792609530858 0
      vertex 10 -125.17994227227675 0
    endloop
  endfacet
  facet normal 0 0 -1
    outer loop
      vertex 0.85 -129.47224318643356 0
      vertex 1.034894429314825 -129.3487006784951 0
      vertex 10 -134 0
    endloop
  endfacet
  facet normal 0 0 -1
    outer loop
      vertex 0.6505618350206526 -129.5705952052692 0
      vertex 0.85 -129.47224318643356 0
      vertex 10 -134 0
    endloop
  endfacet
  facet normal 0 0 -1
    outer loop
      vertex 1.034894429314825 -129.3487006784951 0
      vertex 1.2020815280171309 -129.20208152801712 0
      vertex 10 -134 0
    endloop
  endfacet
  facet normal 0 0 -1
    outer loop
      vertex 1.2020815280171309 -129.20208152801712 0
      vertex 1.3487006784950997 -129.03489442931482 0
      vertex 10 -134 0
    endloop
  endfacet
  facet normal 0 0 -1
    outer loop
      vertex 1.3487006784950997 -129.03489442931482 0
      vertex 1.4722431864335457 -128.85 0
      vertex 10 -134 0
    endloop
  endfacet
  facet normal 0 0 -1
    outer loop
      vertex 1.4722431864335457 -128.85 0
      vertex 1.5705952052691874 -128.65056183502065 0
      vertex 10 -134 0
    endloop
  endfacet
  facet normal 0 0 -1
    outer loop
      vertex 1.5705952052691874 -128.65056183502065 0
      vertex 1.6420739046914161 -128.4399923766743 0
      vertex 10 -134 0
    endloop
  endfacet
  facet normal 0 0 -1
    outer loop
      vertex 1.6420739046914161 -128.4399923766743 0
      vertex 1.6854562643354776 -128.2218945267741 0
      vertex 10 -134 0
    endloop
  endfacet
  facet normal 0 0 -1
    outer loop
      vertex 1.6854562643354776 -128.2218945267741 0
      vertex 1.7 -128 0
      vertex 10 -134 0
    endloop
  endfacet
  facet normal 0 0 -1
    outer loop
      vertex 1.7 -128 0
      vertex 1.6854562643354776 -127.7781054732259 0
      vertex 10 -134 0
    endloop
  endfacet
  facet normal 0 0 -1
    outer loop
      vertex 1.6854562643354776 -127.7781054732259 0
      vertex 1.6420739046914161 -127.56000762332572 0
      vertex 10 -134 0
    endloop
  endfacet
  facet normal 0 0 -1
    outer loop
      vertex 1.6420739046914161 -127.56000762332572 0
      vertex 1.5705952052691874 -127.34943816497935 0
      vertex 10 -134 0
    endloop
  endfacet
  facet normal 0 0 -1
    outer loop
      vertex 1.2020815280171309 -126.79791847198287 0
      vertex 1.034894429314825 -126.6512993215049 0
      vertex 10 -134 0
    endloop
  endfacet
  facet normal 0 0 -1
    outer loop
      vertex 1.4722431864335457 -127.15 0
      vertex 10 -134 0
      vertex 1.5705952052691874 -127.34943816497935 0
    endloop
  endfacet
  facet normal 0 0 -1
    outer loop
      vertex 1.4722431864335457 -127.15 0
      vertex 1.3487006784950997 -126.96510557068518 0
      vertex 10 -134 0
    endloop
  endfacet
  facet normal 0 0 -1
    outer loop
      vertex 1.3487006784950997 -126.96510557068518 0
      vertex 1.2020815280171309 -126.79791847198287 0
      vertex 10 -134 0
    endloop
  endfacet
  facet normal 0 0 -1
    outer loop
      vertex 1.034894429314825 -126.6512993215049 0
      vertex 10 -125.17994227227675 0
      vertex 10 -134 0
    endloop
  endfacet
  facet normal 0 0 -1
    outer loop
      vertex 1.034894429314825 -126.6512993215049 0
      vertex 0.85 -126.52775681356646 0
      vertex 10 -125.17994227227675 0
    endloop
  endfacet
  facet normal 0 0 -1
    outer loop
      vertex 0.6505618350206526 -126.42940479473081 0
      vertex 10 -125.17994227227675 0
      vertex 0.85 -126.52775681356646 0
    endloop
  endfacet
  facet normal 0 -1 0
    outer loop
      vertex -173 -134 0
      vertex -10 -134 2
      vertex -10 -134 4
    endloop
  endfacet
  facet normal 0 0 1
    outer loop
      vertex -179.12293491512537 -132.78207252174616 4
      vertex -10 -134 4
      vertex -70 -131.29006211180123 4
    endloop
  endfacet
  facet normal 0 0 1
    outer loop
      vertex -187.78207252174616 -124.12293491512537 4
      vertex -10 -120.62180483216463 4
      vertex -50 -121.29006211180125 4
    endloop
  endfacet
  facet normal 0 0 1
    outer loop
      vertex -141.82204403611604 -118.85153073410439 4
      vertex -51.645031055900624 -120.84927736884855 4
      vertex -52.00286291270757 -120.61018176616315 4
    endloop
  endfacet
  facet normal 0 0 1
    outer loop
      vertex -141.70993788819877 -118 4
      vertex -52.32642522977959 -120.32642522977959 4
      vertex -52.61018176616315 -120.00286291270757 4
    endloop
  endfacet
  facet normal 0 0 1
    outer loop
      vertex -141.70993788819877 -118 4
      vertex -52.00286291270757 -120.61018176616315 4
      vertex -52.32642522977959 -120.32642522977959 4
    endloop
  endfacet
  facet normal 0 0 1
    outer loop
      vertex -141.70993788819877 -118 4
      vertex -52.849277368848554 -119.64503105590062 4
      vertex -53.03962104578403 -119.25905226163843 4
    endloop
  endfacet
  facet normal 0 0 1
    outer loop
      vertex -141.70993788819877 -118 4
      vertex -53.03962104578403 -119.25905226163843 4
      vertex -53.177955963883974 -118.85153073410439 4
    endloop
  endfacet
  facet normal 0 0 1
    outer loop
      vertex -141.70993788819877 -118 4
      vertex -53.177955963883974 -118.85153073410439 4
      vertex -53.26191517434601 -118.42943927962088 4
    endloop
  endfacet
  facet normal 0 0 1
    outer loop
      vertex -141.70993788819877 -118 4
      vertex -53.26191517434601 -118.42943927962088 4
      vertex -53.29006211180124 -118 4
    endloop
  endfacet
  facet normal 0 0 1
    outer loop
      vertex -141.70993788819877 -118 4
      vertex -53.29006211180124 -118 4
      vertex -53.26191517434601 -117.57056072037912 4
    endloop
  endfacet
  facet normal 0 0 1
    outer loop
      vertex -141.70993788819877 -118 4
      vertex -52.61018176616315 -120.00286291270757 4
      vertex -52.849277368848554 -119.64503105590062 4
    endloop
  endfacet
  facet normal 0 0 1
    outer loop
      vertex -141.70993788819877 -118 4
      vertex -53.26191517434601 -117.57056072037912 4
      vertex -53.177955963883974 -117.14846926589561 4
    endloop
  endfacet
  facet normal 0 0 1
    outer loop
      vertex -141.70993788819877 -118 4
      vertex -53.177955963883974 -117.14846926589561 4
      vertex -53.03962104578403 -116.74094773836157 4
    endloop
  endfacet
  facet normal 0 0 1
    outer loop
      vertex -141.70993788819877 -118 4
      vertex -53.03962104578403 -116.74094773836157 4
      vertex -52.849277368848554 -116.35496894409938 4
    endloop
  endfacet
  facet normal 0 0 1
    outer loop
      vertex -141.70993788819877 -118 4
      vertex -52.849277368848554 -116.35496894409938 4
      vertex -52.61018176616315 -115.99713708729243 4
    endloop
  endfacet
  facet normal 0 0 1
    outer loop
      vertex -141.70993788819877 -118 4
      vertex -52.61018176616315 -115.99713708729243 4
      vertex -52.32642522977959 -115.67357477022041 4
    endloop
  endfacet
  facet normal 0 0 1
    outer loop
      vertex -141.70993788819877 -118 4
      vertex -52.32642522977959 -115.67357477022041 4
      vertex -52.00286291270757 -115.38981823383685 4
    endloop
  endfacet
  facet normal 0 0 1
    outer loop
      vertex -143.35496894409937 -115.15072263115145 4
      vertex -52.00286291270757 -115.38981823383685 4
      vertex -51.645031055900624 -115.15072263115145 4
    endloop
  endfacet
  facet normal 0 0 1
    outer loop
      vertex -143.35496894409937 -115.15072263115145 4
      vertex -51.645031055900624 -115.15072263115145 4
      vertex -51.25905226163844 -114.96037895421597 4
    endloop
  endfacet
  facet normal 0 0 1
    outer loop
      vertex -144.1484692658956 -114.82204403611603 4
      vertex -51.25905226163844 -114.96037895421597 4
      vertex -50.85153073410438 -114.82204403611603 4
    endloop
  endfacet
  facet normal 0 0 1
    outer loop
      vertex -144.1484692658956 -114.82204403611603 4
      vertex -50.85153073410438 -114.82204403611603 4
      vertex -50.42943927962088 -114.73808482565398 4
    endloop
  endfacet
  facet normal 0 0 1
    outer loop
      vertex -145 -114.70993788819875 4
      vertex -50.42943927962088 -114.73808482565398 4
      vertex -50 -114.70993788819875 4
    endloop
  endfacet
  facet normal 0 0 1
    outer loop
      vertex -174.5 -111 4
      vertex -50 -114.70993788819875 4
      vertex -10 -111 4
    endloop
  endfacet
  facet normal 0 0 1
    outer loop
      vertex -137.6735747702204 -125.67357477022041 4
      vertex -70 -124.70993788819875 4
      vertex -10 -120.62180483216463 4
    endloop
  endfacet
  facet normal 0 0 1
    outer loop
      vertex -70 -131.29006211180123 4
      vertex -10 -134 4
      vertex -69.57056072037912 -131.261915174346 4
    endloop
  endfacet
  facet normal 0 0 1
    outer loop
      vertex -69.57056072037912 -131.261915174346 4
      vertex -10 -134 4
      vertex -69.14846926589561 -131.17795596388396 4
    endloop
  endfacet
  facet normal 0 0 1
    outer loop
      vertex -69.14846926589561 -131.17795596388396 4
      vertex -10 -120.62180483216463 4
      vertex -68.74094773836157 -131.03962104578403 4
    endloop
  endfacet
  facet normal 0 0 1
    outer loop
      vertex -70 -124.70993788819875 4
      vertex -69.57056072037912 -124.73808482565398 4
      vertex -10 -120.62180483216463 4
    endloop
  endfacet
  facet normal 0 0 1
    outer loop
      vertex -69.57056072037912 -124.73808482565398 4
      vertex -69.14846926589561 -124.82204403611603 4
      vertex -10 -120.62180483216463 4
    endloop
  endfacet
  facet normal 0 0 1
    outer loop
      vertex -69.14846926589561 -124.82204403611603 4
      vertex -68.74094773836157 -124.96037895421597 4
      vertex -10 -120.62180483216463 4
    endloop
  endfacet
  facet normal 0 0 1
    outer loop
      vertex -68.74094773836157 -131.03962104578403 4
      vertex -10 -120.62180483216463 4
      vertex -68.35496894409938 -130.84927736884856 4
    endloop
  endfacet
  facet normal 0 0 1
    outer loop
      vertex -68.35496894409938 -130.84927736884856 4
      vertex -10 -120.62180483216463 4
      vertex -67.99713708729243 -130.61018176616315 4
    endloop
  endfacet
  facet normal 0 0 1
    outer loop
      vertex -67.99713708729243 -130.61018176616315 4
      vertex -10 -120.62180483216463 4
      vertex -67.67357477022041 -130.3264252297796 4
    endloop
  endfacet
  facet normal 0 0 1
    outer loop
      vertex -67.67357477022041 -130.3264252297796 4
      vertex -10 -120.62180483216463 4
      vertex -67.38981823383685 -130.00286291270757 4
    endloop
  endfacet
  facet normal 0 0 1
    outer loop
      vertex -67.38981823383685 -130.00286291270757 4
      vertex -10 -120.62180483216463 4
      vertex -67.15072263115145 -129.64503105590063 4
    endloop
  endfacet
  facet normal 0 0 1
    outer loop
      vertex -67.15072263115145 -129.64503105590063 4
      vertex -10 -120.62180483216463 4
      vertex -66.96037895421597 -129.25905226163843 4
    endloop
  endfacet
  facet normal 0 0 1
    outer loop
      vertex -66.96037895421597 -129.25905226163843 4
      vertex -10 -120.62180483216463 4
      vertex -66.82204403611603 -128.8515307341044 4
    endloop
  endfacet
  facet normal 0 0 1
    outer loop
      vertex -66.82204403611603 -128.8515307341044 4
      vertex -10 -120.62180483216463 4
      vertex -66.73808482565398 -128.42943927962088 4
    endloop
  endfacet
  facet normal 0 0 1
    outer loop
      vertex -66.73808482565398 -128.42943927962088 4
      vertex -10 -120.62180483216463 4
      vertex -66.70993788819875 -128 4
    endloop
  endfacet
  facet normal 0 0 1
    outer loop
      vertex -66.70993788819875 -128 4
      vertex -10 -120.62180483216463 4
      vertex -66.73808482565398 -127.57056072037912 4
    endloop
  endfacet
  facet normal 0 0 1
    outer loop
      vertex -68.35496894409938 -125.15072263115145 4
      vertex -67.99713708729243 -125.38981823383685 4
      vertex -10 -120.62180483216463 4
    endloop
  endfacet
  facet normal 0 0 1
    outer loop
      vertex -67.67357477022041 -125.67357477022041 4
      vertex -67.38981823383685 -125.99713708729243 4
      vertex -10 -120.62180483216463 4
    endloop
  endfacet
  facet normal 0 0 1
    outer loop
      vertex -67.67357477022041 -125.67357477022041 4
      vertex -10 -120.62180483216463 4
      vertex -67.99713708729243 -125.38981823383685 4
    endloop
  endfacet
  facet normal 0 0 1
    outer loop
      vertex -66.82204403611603 -127.14846926589561 4
      vertex -10 -120.62180483216463 4
      vertex -66.96037895421597 -126.74094773836157 4
    endloop
  endfacet
  facet normal 0 0 1
    outer loop
      vertex -66.96037895421597 -126.74094773836157 4
      vertex -10 -120.62180483216463 4
      vertex -67.15072263115145 -126.35496894409938 4
    endloop
  endfacet
  facet normal 0 0 1
    outer loop
      vertex -66.73808482565398 -127.57056072037912 4
      vertex -10 -120.62180483216463 4
      vertex -66.82204403611603 -127.14846926589561 4
    endloop
  endfacet
  facet normal 0 0 1
    outer loop
      vertex -67.38981823383685 -125.99713708729243 4
      vertex -67.15072263115145 -126.35496894409938 4
      vertex -10 -120.62180483216463 4
    endloop
  endfacet
  facet normal 0 0 1
    outer loop
      vertex -68.74094773836157 -124.96037895421597 4
      vertex -68.35496894409938 -125.15072263115145 4
      vertex -10 -120.62180483216463 4
    endloop
  endfacet
  facet normal 0 0 1
    outer loop
      vertex -69.14846926589561 -131.17795596388396 4
      vertex -10 -134 4
      vertex -10 -120.62180483216463 4
    endloop
  endfacet
  facet normal 0 0 1
    outer loop
      vertex -50 -121.29006211180125 4
      vertex -10 -120.62180483216463 4
      vertex -49.57056072037912 -121.26191517434602 4
    endloop
  endfacet
  facet normal 0 0 1
    outer loop
      vertex -49.57056072037912 -121.26191517434602 4
      vertex -10 -120.62180483216463 4
      vertex -49.14846926589562 -121.17795596388397 4
    endloop
  endfacet
  facet normal 0 0 1
    outer loop
      vertex -49.14846926589562 -121.17795596388397 4
      vertex -10 -120.62180483216463 4
      vertex -48.74094773836156 -121.03962104578403 4
    endloop
  endfacet
  facet normal 0 0 1
    outer loop
      vertex -48.74094773836156 -121.03962104578403 4
      vertex -10 -120.62180483216463 4
      vertex -48.354968944099376 -120.84927736884855 4
    endloop
  endfacet
  facet normal 0 0 1
    outer loop
      vertex -48.354968944099376 -120.84927736884855 4
      vertex -10 -111 4
      vertex -47.99713708729243 -120.61018176616315 4
    endloop
  endfacet
  facet normal 0 0 1
    outer loop
      vertex -47.99713708729243 -120.61018176616315 4
      vertex -10 -111 4
      vertex -47.67357477022041 -120.32642522977959 4
    endloop
  endfacet
  facet normal 0 0 1
    outer loop
      vertex -47.67357477022041 -120.32642522977959 4
      vertex -10 -111 4
      vertex -47.38981823383685 -120.00286291270757 4
    endloop
  endfacet
  facet normal 0 0 1
    outer loop
      vertex -47.38981823383685 -120.00286291270757 4
      vertex -10 -111 4
      vertex -47.150722631151446 -119.64503105590062 4
    endloop
  endfacet
  facet normal 0 0 1
    outer loop
      vertex -47.150722631151446 -119.64503105590062 4
      vertex -10 -111 4
      vertex -46.96037895421597 -119.25905226163843 4
    endloop
  endfacet
  facet normal 0 0 1
    outer loop
      vertex -50 -114.70993788819875 4
      vertex -49.57056072037912 -114.73808482565398 4
      vertex -10 -111 4
    endloop
  endfacet
  facet normal 0 0 1
    outer loop
      vertex -49.57056072037912 -114.73808482565398 4
      vertex -49.14846926589562 -114.82204403611603 4
      vertex -10 -111 4
    endloop
  endfacet
  facet normal 0 0 1
    outer loop
      vertex -49.14846926589562 -114.82204403611603 4
      vertex -48.74094773836156 -114.96037895421597 4
      vertex -10 -111 4
    endloop
  endfacet
  facet normal 0 0 1
    outer loop
      vertex -48.74094773836156 -114.96037895421597 4
      vertex -48.354968944099376 -115.15072263115145 4
      vertex -10 -111 4
    endloop
  endfacet
  facet normal 0 0 1
    outer loop
      vertex -47.99713708729243 -115.38981823383685 4
      vertex -10 -111 4
      vertex -48.354968944099376 -115.15072263115145 4
    endloop
  endfacet
  facet normal 0 0 1
    outer loop
      vertex -47.99713708729243 -115.38981823383685 4
      vertex -47.67357477022041 -115.67357477022041 4
      vertex -10 -111 4
    endloop
  endfacet
  facet normal 0 0 1
    outer loop
      vertex -46.96037895421597 -119.25905226163843 4
      vertex -10 -111 4
      vertex -46.822044036116026 -118.85153073410439 4
    endloop
  endfacet
  facet normal 0 0 1
    outer loop
      vertex -46.822044036116026 -118.85153073410439 4
      vertex -10 -111 4
      vertex -46.73808482565399 -118.42943927962088 4
    endloop
  endfacet
  facet normal 0 0 1
    outer loop
      vertex -46.73808482565399 -118.42943927962088 4
      vertex -10 -111 4
      vertex -46.70993788819876 -118 4
    endloop
  endfacet
  facet normal 0 0 1
    outer loop
      vertex -46.70993788819876 -118 4
      vertex -10 -111 4
      vertex -46.73808482565399 -117.57056072037912 4
    endloop
  endfacet
  facet normal 0 0 1
    outer loop
      vertex -46.73808482565399 -117.57056072037912 4
      vertex -10 -111 4
      vertex -46.822044036116026 -117.14846926589561 4
    endloop
  endfacet
  facet normal 0 0 1
    outer loop
      vertex -46.96037895421597 -116.74094773836157 4
      vertex -46.822044036116026 -117.14846926589561 4
      vertex -10 -111 4
    endloop
  endfacet
  facet normal 0 0 1
    outer loop
      vertex -46.96037895421597 -116.74094773836157 4
      vertex -10 -111 4
      vertex -47.150722631151446 -116.35496894409938 4
    endloop
  endfacet
  facet normal 0 0 1
    outer loop
      vertex -47.38981823383685 -115.99713708729243 4
      vertex -10 -111 4
      vertex -47.67357477022041 -115.67357477022041 4
    endloop
  endfacet
  facet normal 0 0 1
    outer loop
      vertex -47.38981823383685 -115.99713708729243 4
      vertex -47.150722631151446 -116.35496894409938 4
      vertex -10 -111 4
    endloop
  endfacet
  facet normal 0 0 1
    outer loop
      vertex -48.354968944099376 -120.84927736884855 4
      vertex -10 -120.62180483216463 4
      vertex -10 -111 4
    endloop
  endfacet
  facet normal 0 0 -1
    outer loop
      vertex -143.96510557068518 36.6512993215049 0
      vertex -51.034894429314825 36.6512993215049 0
      vertex -50.85 36.527756813566455 0
    endloop
  endfacet
  facet normal 0 0 -1
    outer loop
      vertex -144.15 36.527756813566455 0
      vertex -50.85 36.527756813566455 0
      vertex -50.65056183502065 36.429404794730814 0
    endloop
  endfacet
  facet normal 0 0 -1
    outer loop
      vertex -143.3 38 0
      vertex -51.642073904691415 37.56000762332572 0
      vertex -51.570595205269186 37.34943816497935 0
    endloop
  endfacet
  facet normal 0 0 -1
    outer loop
      vertex -143.3 38 0
      vertex -51.68545626433548 37.778105473225914 0
      vertex -51.642073904691415 37.56000762332572 0
    endloop
  endfacet
  facet normal 0 0 -1
    outer loop
      vertex -143.3 38 0
      vertex -51.3487006784951 36.965105570685175 0
      vertex -51.20208152801713 36.79791847198287 0
    endloop
  endfacet
  facet normal 0 0 -1
    outer loop
      vertex -143.3 38 0
      vertex -51.472243186433545 37.15 0
      vertex -51.3487006784951 36.965105570685175 0
    endloop
  endfacet
  facet normal 0 0 -1
    outer loop
      vertex -143.3 38 0
      vertex -51.20208152801713 36.79791847198287 0
      vertex -51.034894429314825 36.6512993215049 0
    endloop
  endfacet
  facet normal 0 0 -1
    outer loop
      vertex -143.3 38 0
      vertex -51.570595205269186 37.34943816497935 0
      vertex -51.472243186433545 37.15 0
    endloop
  endfacet
  facet normal 0 0 -1
    outer loop
      vertex -143.3 38 0
      vertex -51.7 38 0
      vertex -51.68545626433548 37.778105473225914 0
    endloop
  endfacet
  facet normal 0 0 -1
    outer loop
      vertex -143.31454373566453 38.221894526774086 0
      vertex -51.68545626433548 38.221894526774086 0
      vertex -51.7 38 0
    endloop
  endfacet
  facet normal 0 0 -1
    outer loop
      vertex -143.31454373566453 38.221894526774086 0
      vertex -51.642073904691415 38.43999237667428 0
      vertex -51.68545626433548 38.221894526774086 0
    endloop
  endfacet
  facet normal 0 0 -1
    outer loop
      vertex -143.31454373566453 38.221894526774086 0
      vertex -51.570595205269186 38.65056183502065 0
      vertex -51.642073904691415 38.43999237667428 0
    endloop
  endfacet
  facet normal 0 0 -1
    outer loop
      vertex -143.31454373566453 38.221894526774086 0
      vertex -51.472243186433545 38.85 0
      vertex -51.570595205269186 38.65056183502065 0
    endloop
  endfacet
  facet normal 0 0 -1
    outer loop
      vertex -143.31454373566453 38.221894526774086 0
      vertex -51.3487006784951 39.034894429314825 0
      vertex -51.472243186433545 38.85 0
    endloop
  endfacet
  facet normal 0 0 -1
    outer loop
      vertex -143.31454373566453 38.221894526774086 0
      vertex -51.20208152801713 39.20208152801713 0
      vertex -51.3487006784951 39.034894429314825 0
    endloop
  endfacet
  facet normal 0 0 -1
    outer loop
      vertex -143.31454373566453 38.221894526774086 0
      vertex -51.034894429314825 39.3487006784951 0
      vertex -51.20208152801713 39.20208152801713 0
    endloop
  endfacet
  facet normal 0 0 -1
    outer loop
      vertex -143.6512993215049 39.034894429314825 0
      vertex -50.85 39.472243186433545 0
      vertex -51.034894429314825 39.3487006784951 0
    endloop
  endfacet
  facet normal 0 0 -1
    outer loop
      vertex -115.91666666666666 42.41228675972853 0
      vertex -62.08333333333333 42.41228675972853 0
      vertex -59.33333333333333 40.82457351945706 0
    endloop
  endfacet
  facet normal 0 0 -1
    outer loop
      vertex -115.91666666666666 45.58771324027147 0
      vertex -62.08333333333333 45.58771324027147 0
      vertex -62.08333333333333 42.41228675972853 0
    endloop
  endfacet
  facet normal 0 0 -1
    outer loop
      vertex -118.66666666666666 47.17542648054294 0
      vertex -59.33333333333333 47.17542648054294 0
      vertex -62.08333333333333 45.58771324027147 0
    endloop
  endfacet
  facet normal 0 0 -1
    outer loop
      vertex -116.33333333333333 31 0
      vertex -50.65056183502065 36.429404794730814 0
      vertex -50.43999237667428 36.357926095308585 0
    endloop
  endfacet
  facet normal 0 0 -1
    outer loop
      vertex -116.33333333333333 31 0
      vertex -50.221894526774086 36.31454373566452 0
      vertex -50 36.3 0
    endloop
  endfacet
  facet normal 0 0 -1
    outer loop
      vertex -116.33333333333333 31 0
      vertex -50.43999237667428 36.357926095308585 0
      vertex -50.221894526774086 36.31454373566452 0
    endloop
  endfacet
  facet normal 0 0 -1
    outer loop
      vertex -115.91666666666666 42.41228675972853 0
      vertex -59.33333333333333 40.82457351945706 0
      vertex -50.85 39.472243186433545 0
    endloop
  endfacet
  facet normal 0 0 -1
    outer loop
      vertex -59.33333333333333 40.82457351945706 0
      vertex -50.65056183502065 39.570595205269186 0
      vertex -50.85 39.472243186433545 0
    endloop
  endfacet
  facet normal 0 0 -1
    outer loop
      vertex -59.33333333333333 40.82457351945706 0
      vertex -50.43999237667428 39.642073904691415 0
      vertex -50.65056183502065 39.570595205269186 0
    endloop
  endfacet
  facet normal 0 0 -1
    outer loop
      vertex -59.33333333333333 40.82457351945706 0
      vertex -50.221894526774086 39.68545626433548 0
      vertex -50.43999237667428 39.642073904691415 0
    endloop
  endfacet
  facet normal 0 0 -1
    outer loop
      vertex -59.33333333333333 40.82457351945706 0
      vertex -50 39.7 0
      vertex -50.221894526774086 39.68545626433548 0
    endloop
  endfacet
  facet normal 0 0 -1
    outer loop
      vertex -118.66666666666666 47.17542648054294 0
      vertex 10 54 0
      vertex -59.33333333333333 47.17542648054294 0
    endloop
  endfacet
  facet normal 0 0 -1
    outer loop
      vertex -116.33333333333333 31 0
      vertex -50 36.3 0
      vertex 10 31 0
    endloop
  endfacet
  facet normal 0 0 -1
    outer loop
      vertex -59.33333333333333 40.82457351945706 0
      vertex -56.58333333333333 42.41228675972853 0
      vertex 0 40.82457351945706 0
    endloop
  endfacet
  facet normal 0 0 -1
    outer loop
      vertex -59.33333333333333 40.82457351945706 0
      vertex 0 40.82457351945706 0
      vertex -50 39.7 0
    endloop
  endfacet
  facet normal 0 0 -1
    outer loop
      vertex -50 36.3 0
      vertex -49.778105473225914 36.31454373566452 0
      vertex 10 31 0
    endloop
  endfacet
  facet normal 0 0 -1
    outer loop
      vertex -49.778105473225914 36.31454373566452 0
      vertex -49.56000762332572 36.357926095308585 0
      vertex 10 31 0
    endloop
  endfacet
  facet normal 0 0 -1
    outer loop
      vertex -49.56000762332572 36.357926095308585 0
      vertex -49.34943816497935 36.429404794730814 0
      vertex 10 31 0
    endloop
  endfacet
  facet normal 0 0 -1
    outer loop
      vertex -49.34943816497935 36.429404794730814 0
      vertex -49.15 36.527756813566455 0
      vertex 10 31 0
    endloop
  endfacet
  facet normal 0 0 -1
    outer loop
      vertex -49.15 36.527756813566455 0
      vertex -48.965105570685175 36.6512993215049 0
      vertex 10 31 0
    endloop
  endfacet
  facet normal 0 0 -1
    outer loop
      vertex -48.965105570685175 36.6512993215049 0
      vertex -48.79791847198287 36.79791847198287 0
      vertex 10 31 0
    endloop
  endfacet
  facet normal 0 0 -1
    outer loop
      vertex -48.79791847198287 36.79791847198287 0
      vertex -48.6512993215049 36.965105570685175 0
      vertex 10 31 0
    endloop
  endfacet
  facet normal 0 0 -1
    outer loop
      vertex -48.6512993215049 36.965105570685175 0
      vertex -48.527756813566455 37.15 0
      vertex 10 31 0
    endloop
  endfacet
  facet normal 0 0 -1
    outer loop
      vertex -48.527756813566455 37.15 0
      vertex -48.429404794730814 37.34943816497935 0
      vertex 10 31 0
    endloop
  endfacet
  facet normal 0 0 -1
    outer loop
      vertex -48.429404794730814 37.34943816497935 0
      vertex -48.357926095308585 37.56000762332572 0
      vertex 10 31 0
    endloop
  endfacet
  facet normal 0 0 -1
    outer loop
      vertex -48.357926095308585 37.56000762332572 0
      vertex -48.31454373566452 37.778105473225914 0
      vertex 10 31 0
    endloop
  endfacet
  facet normal 0 0 -1
    outer loop
      vertex -48.31454373566452 37.778105473225914 0
      vertex -48.3 38 0
      vertex 10 31 0
    endloop
  endfacet
  facet normal 0 0 -1
    outer loop
      vertex -48.3 38 0
      vertex -48.31454373566452 38.221894526774086 0
      vertex 0 40.82457351945706 0
    endloop
  endfacet
  facet normal 0 0 -1
    outer loop
      vertex -48.357926095308585 38.43999237667428 0
      vertex 0 40.82457351945706 0
      vertex -48.31454373566452 38.221894526774086 0
    endloop
  endfacet
  facet normal 0 0 -1
    outer loop
      vertex -48.357926095308585 38.43999237667428 0
      vertex -48.429404794730814 38.65056183502065 0
      vertex 0 40.82457351945706 0
    endloop
  endfacet
  facet normal 0 0 -1
    outer loop
      vertex -49.56000762332572 39.642073904691415 0
      vertex 0 40.82457351945706 0
      vertex -49.34943816497935 39.570595205269186 0
    endloop
  endfacet
  facet normal 0 0 -1
    outer loop
      vertex -49.15 39.472243186433545 0
      vertex -49.34943816497935 39.570595205269186 0
      vertex 0 40.82457351945706 0
    endloop
  endfacet
  facet normal 0 0 -1
    outer loop
      vertex -50 39.7 0
      vertex 0 40.82457351945706 0
      vertex -49.778105473225914 39.68545626433548 0
    endloop
  endfacet
  facet normal 0 0 -1
    outer loop
      vertex -49.778105473225914 39.68545626433548 0
      vertex 0 40.82457351945706 0
      vertex -49.56000762332572 39.642073904691415 0
    endloop
  endfacet
  facet normal 0 0 -1
    outer loop
      vertex -48.527756813566455 38.85 0
      vertex -48.6512993215049 39.034894429314825 0
      vertex 0 40.82457351945706 0
    endloop
  endfacet
  facet normal 0 0 -1
    outer loop
      vertex -48.79791847198287 39.20208152801713 0
      vertex -48.965105570685175 39.3487006784951 0
      vertex 0 40.82457351945706 0
    endloop
  endfacet
  facet normal 0 0 -1
    outer loop
      vertex -49.15 39.472243186433545 0
      vertex 0 40.82457351945706 0
      vertex -48.965105570685175 39.3487006784951 0
    endloop
  endfacet
  facet normal 0 0 -1
    outer loop
      vertex -48.79791847198287 39.20208152801713 0
      vertex 0 40.82457351945706 0
      vertex -48.6512993215049 39.034894429314825 0
    endloop
  endfacet
  facet normal 0 0 -1
    outer loop
      vertex -48.429404794730814 38.65056183502065 0
      vertex -48.527756813566455 38.85 0
      vertex 0 40.82457351945706 0
    endloop
  endfacet
  facet normal 0 0 -1
    outer loop
      vertex -56.58333333333333 42.41228675972853 0
      vertex -56.58333333333333 45.58771324027147 0
      vertex -2.75 42.41228675972853 0
    endloop
  endfacet
  facet normal 0 0 -1
    outer loop
      vertex -59.33333333333333 47.17542648054294 0
      vertex -2.75 45.58771324027147 0
      vertex -56.58333333333333 45.58771324027147 0
    endloop
  endfacet
  facet normal 0 0 -1
    outer loop
      vertex -56.58333333333333 42.41228675972853 0
      vertex -2.75 42.41228675972853 0
      vertex 0 40.82457351945706 0
    endloop
  endfacet
  facet normal 0 0 -1
    outer loop
      vertex -56.58333333333333 45.58771324027147 0
      vertex -2.75 45.58771324027147 0
      vertex -2.75 42.41228675972853 0
    endloop
  endfacet
  facet normal 0 0 -1
    outer loop
      vertex -59.33333333333333 47.17542648054294 0
      vertex 0 47.17542648054294 0
      vertex -2.75 45.58771324027147 0
    endloop
  endfacet
  facet normal 0 0 -1
    outer loop
      vertex -59.33333333333333 47.17542648054294 0
      vertex 10 54 0
      vertex 0 47.17542648054294 0
    endloop
  endfacet
  facet normal 0 0 -1
    outer loop
      vertex -48.3 38 0
      vertex 0 40.82457351945706 0
      vertex 10 31 0
    endloop
  endfacet
  facet normal 0 0 -1
    outer loop
      vertex 0 40.82457351945706 0
      vertex 2.75 42.41228675972853 0
      vertex 10 31 0
    endloop
  endfacet
  facet normal 0 0 -1
    outer loop
      vertex 2.75 42.41228675972853 0
      vertex 2.75 45.58771324027147 0
      vertex 10 31 0
    endloop
  endfacet
  facet normal 0 0 -1
    outer loop
      vertex 2.75 45.58771324027147 0
      vertex 10 54 0
      vertex 10 31 0
    endloop
  endfacet
  facet normal 0 0 -1
    outer loop
      vertex 2.75 45.58771324027147 0
      vertex 0 47.17542648054294 0
      vertex 10 54 0
    endloop
  endfacet
  facet normal 0 0 1
    outer loop
      vertex -10 31 4
      vertex -10 34 4
      vertex -189 34 4
    endloop
  endfacet
  facet normal 0.44228868998100634 0.8968727416500544 0
    outer loop
      vertex -176.5 -110.4641016125679 0
      vertex -176.5 -110.4641016125679 4
      vertex -176.0307337269187 -110.6955181285739 0
    endloop
  endfacet
  facet normal 0.32143946659727024 0.9469301290558149 0
    outer loop
      vertex -176.0307337269187 -110.6955181285739 0
      vertex -176.0307337269187 -110.6955181285739 4
      vertex -175.53527618199587 -110.86370330303907 0
    endloop
  endfacet
  facet normal 0.1950903267663619 0.9807852794583501 0
    outer loop
      vertex -175.53527618199587 -110.86370330303907 0
      vertex -175.53527618199587 -110.86370330303907 4
      vertex -175.02210476994514 -110.96577944606543 0
    endloop
  endfacet
  facet normal 0.06540312801222277 0.9978589233184303 0
    outer loop
      vertex -174.5 -111 0
      vertex -175.02210476994514 -110.96577944606543 0
      vertex -175.02210476994514 -110.96577944606543 4
    endloop
  endfacet
  facet normal 0.8968727416500544 0.44228868998100634 0
    outer loop
      vertex -177.9641016125679 -109 0
      vertex -178.1955181285739 -108.5307337269187 0
      vertex -178.1955181285739 -108.5307337269187 4
    endloop
  endfacet
  facet normal 0.9469301290558149 0.32143946659727024 0
    outer loop
      vertex -178.1955181285739 -108.5307337269187 0
      vertex -178.36370330303907 -108.03527618199587 0
      vertex -178.36370330303907 -108.03527618199587 4
    endloop
  endfacet
  facet normal 0.9807852794583501 0.1950903267663619 0
    outer loop
      vertex -178.36370330303907 -108.03527618199587 0
      vertex -178.46577944606543 -107.52210476994514 0
      vertex -178.46577944606543 -107.52210476994514 4
    endloop
  endfacet
  facet normal 0.831469614167989 0.5555702302277682 0
    outer loop
      vertex -177.9641016125679 -109 0
      vertex -177.9641016125679 -109 4
      vertex -177.67341335862875 -109.43504571914673 0
    endloop
  endfacet
  facet normal 0.7518398007112116 0.6593458228172265 0
    outer loop
      vertex -177.67341335862875 -109.43504571914673 0
      vertex -177.67341335862875 -109.43504571914673 4
      vertex -177.3284271210432 -109.8284271210432 0
    endloop
  endfacet
  facet normal 0.6593458228172265 0.7518398007112116 0
    outer loop
      vertex -177.3284271210432 -109.8284271210432 0
      vertex -177.3284271210432 -109.8284271210432 4
      vertex -176.93504571914673 -110.17341335862875 0
    endloop
  endfacet
  facet normal 0.5555702302277682 0.831469614167989 0
    outer loop
      vertex -176.5 -110.4641016125679 0
      vertex -176.93504571914673 -110.17341335862875 0
      vertex -176.93504571914673 -110.17341335862875 4
    endloop
  endfacet
  facet normal 0.9978589233184303 0.06540312801222277 0
    outer loop
      vertex -178.46577944606543 -107.52210476994514 0
      vertex -178.5 -107 0
      vertex -178.5 -107 4
    endloop
  endfacet
  facet normal 0.44228868998100634 0.8968727416500544 0
    outer loop
      vertex -176.0307337269187 -110.6955181285739 0
      vertex -176.5 -110.4641016125679 4
      vertex -176.0307337269187 -110.6955181285739 4
    endloop
  endfacet
  facet normal 0.32143946659727024 0.9469301290558149 0
    outer loop
      vertex -175.53527618199587 -110.86370330303907 0
      vertex -176.0307337269187 -110.6955181285739 4
      vertex -175.53527618199587 -110.86370330303907 4
    endloop
  endfacet
  facet normal 0.1950903267663619 0.9807852794583501 0
    outer loop
      vertex -175.02210476994514 -110.96577944606543 0
      vertex -175.53527618199587 -110.86370330303907 4
      vertex -175.02210476994514 -110.96577944606543 4
    endloop
  endfacet
  facet normal 0.06540312801222277 0.9978589233184303 0
    outer loop
      vertex -174.5 -111 0
      vertex -175.02210476994514 -110.96577944606543 4
      vertex -174.5 -111 4
    endloop
  endfacet
  facet normal 0.9469301290558149 0.32143946659727024 0
    outer loop
      vertex -178.1955181285739 -108.5307337269187 0
      vertex -178.36370330303907 -108.03527618199587 4
      vertex -178.1955181285739 -108.5307337269187 4
    endloop
  endfacet
  facet normal 0.9807852794583501 0.1950903267663619 0
    outer loop
      vertex -178.36370330303907 -108.03527618199587 0
      vertex -178.46577944606543 -107.52210476994514 4
      vertex -178.36370330303907 -108.03527618199587 4
    endloop
  endfacet
  facet normal 0.831469614167989 0.5555702302277682 0
    outer loop
      vertex -177.67341335862875 -109.43504571914673 0
      vertex -177.9641016125679 -109 4
      vertex -177.67341335862875 -109.43504571914673 4
    endloop
  endfacet
  facet normal 0.7518398007112116 0.6593458228172265 0
    outer loop
      vertex -177.3284271210432 -109.8284271210432 0
      vertex -177.67341335862875 -109.43504571914673 4
      vertex -177.3284271210432 -109.8284271210432 4
    endloop
  endfacet
  facet normal 0.6593458228172265 0.7518398007112116 0
    outer loop
      vertex -176.93504571914673 -110.17341335862875 0
      vertex -177.3284271210432 -109.8284271210432 4
      vertex -176.93504571914673 -110.17341335862875 4
    endloop
  endfacet
  facet normal 0.5555702302277682 0.831469614167989 0
    outer loop
      vertex -176.5 -110.4641016125679 0
      vertex -176.93504571914673 -110.17341335862875 4
      vertex -176.5 -110.4641016125679 4
    endloop
  endfacet
  facet normal 0.8968727416500544 0.44228868998100634 0
    outer loop
      vertex -177.9641016125679 -109 0
      vertex -178.1955181285739 -108.5307337269187 4
      vertex -177.9641016125679 -109 4
    endloop
  endfacet
  facet normal 0.9978589233184303 0.06540312801222277 0
    outer loop
      vertex -178.46577944606543 -107.52210476994514 0
      vertex -178.5 -107 4
      vertex -178.46577944606543 -107.52210476994514 4
    endloop
  endfacet
  facet normal 1 0 0
    outer loop
      vertex -178.5 -107 0
      vertex -178.5 27 4
      vertex -178.5 -107 4
    endloop
  endfacet
  facet normal 0 1 0
    outer loop
      vertex -174.5 -111 0
      vertex -174.5 -111 4
      vertex -10 -111 2
    endloop
  endfacet
  facet normal 1 0 0
    outer loop
      vertex -178.5 -107 0
      vertex -178.5 27 0
      vertex -178.5 27 4
    endloop
  endfacet
  facet normal 0.9978589233184303 -0.06540312801222277 0
    outer loop
      vertex -178.5 27 0
      vertex -178.46577944606543 27.522104769945145 0
      vertex -178.46577944606543 27.522104769945145 4
    endloop
  endfacet
  facet normal 0.9807852794583501 -0.1950903267663619 0
    outer loop
      vertex -178.46577944606543 27.522104769945145 0
      vertex -178.36370330303907 28.03527618199587 0
      vertex -178.36370330303907 28.03527618199587 4
    endloop
  endfacet
  facet normal 0.9469301290558149 -0.32143946659727024 0
    outer loop
      vertex -178.36370330303907 28.03527618199587 0
      vertex -178.1955181285739 28.530733726918697 0
      vertex -178.1955181285739 28.530733726918697 4
    endloop
  endfacet
  facet normal 0.8968727416500544 -0.44228868998100634 0
    outer loop
      vertex -178.1955181285739 28.530733726918697 0
      vertex -177.9641016125679 29 0
      vertex -177.9641016125679 29 4
    endloop
  endfacet
  facet normal 0.831469614167989 -0.5555702302277682 0
    outer loop
      vertex -177.9641016125679 29 0
      vertex -177.67341335862875 29.43504571914673 0
      vertex -177.67341335862875 29.43504571914673 4
    endloop
  endfacet
  facet normal 0.7518398007112116 -0.6593458228172265 0
    outer loop
      vertex -177.67341335862875 29.43504571914673 0
      vertex -177.3284271210432 29.828427121043205 0
      vertex -177.3284271210432 29.828427121043205 4
    endloop
  endfacet
  facet normal 0.6593458228172265 -0.7518398007112116 0
    outer loop
      vertex -177.3284271210432 29.828427121043205 0
      vertex -176.93504571914673 30.17341335862875 0
      vertex -176.93504571914673 30.17341335862875 4
    endloop
  endfacet
  facet normal 0.5555702302277682 -0.831469614167989 0
    outer loop
      vertex -176.93504571914673 30.17341335862875 0
      vertex -176.5 30.4641016125679 0
      vertex -176.5 30.4641016125679 4
    endloop
  endfacet
  facet normal 0.44228868998100634 -0.8968727416500544 0
    outer loop
      vertex -176.5 30.4641016125679 0
      vertex -176.0307337269187 30.695518128573895 0
      vertex -176.0307337269187 30.695518128573895 4
    endloop
  endfacet
  facet normal 0.32143946659727024 -0.9469301290558149 0
    outer loop
      vertex -176.0307337269187 30.695518128573895 0
      vertex -175.53527618199587 30.863703303039074 0
      vertex -175.53527618199587 30.863703303039074 4
    endloop
  endfacet
  facet normal 0.1950903267663619 -0.9807852794583501 0
    outer loop
      vertex -175.53527618199587 30.863703303039074 0
      vertex -175.02210476994514 30.965779446065426 0
      vertex -175.02210476994514 30.965779446065426 4
    endloop
  endfacet
  facet normal 0.06540312801222277 -0.9978589233184303 0
    outer loop
      vertex -175.02210476994514 30.965779446065426 0
      vertex -174.5 31 0
      vertex -174.5 31 4
    endloop
  endfacet
  facet normal 0 -1 0
    outer loop
      vertex -174.5 31 0
      vertex -116.33333333333333 31 0
      vertex -174.5 31 4
    endloop
  endfacet
  facet normal 0.9978589233184303 -0.06540312801222277 0
    outer loop
      vertex -178.5 27 0
      vertex -178.46577944606543 27.522104769945145 4
      vertex -178.5 27 4
    endloop
  endfacet
  facet normal 0.9807852794583501 -0.1950903267663619 0
    outer loop
      vertex -178.46577944606543 27.522104769945145 0
      vertex -178.36370330303907 28.03527618199587 4
      vertex -178.46577944606543 27.522104769945145 4
    endloop
  endfacet
  facet normal 0.9469301290558149 -0.32143946659727024 0
    outer loop
      vertex -178.36370330303907 28.03527618199587 0
      vertex -178.1955181285739 28.530733726918697 4
      vertex -178.36370330303907 28.03527618199587 4
    endloop
  endfacet
  facet normal 0.8968727416500544 -0.44228868998100634 0
    outer loop
      vertex -178.1955181285739 28.530733726918697 0
      vertex -177.9641016125679 29 4
      vertex -178.1955181285739 28.530733726918697 4
    endloop
  endfacet
  facet normal 0.831469614167989 -0.5555702302277682 0
    outer loop
      vertex -177.9641016125679 29 0
      vertex -177.67341335862875 29.43504571914673 4
      vertex -177.9641016125679 29 4
    endloop
  endfacet
  facet normal 0.7518398007112116 -0.6593458228172265 0
    outer loop
      vertex -177.67341335862875 29.43504571914673 0
      vertex -177.3284271210432 29.828427121043205 4
      vertex -177.67341335862875 29.43504571914673 4
    endloop
  endfacet
  facet normal 0.6593458228172265 -0.7518398007112116 0
    outer loop
      vertex -177.3284271210432 29.828427121043205 0
      vertex -176.93504571914673 30.17341335862875 4
      vertex -177.3284271210432 29.828427121043205 4
    endloop
  endfacet
  facet normal 0.5555702302277682 -0.831469614167989 0
    outer loop
      vertex -176.93504571914673 30.17341335862875 0
      vertex -176.5 30.4641016125679 4
      vertex -176.93504571914673 30.17341335862875 4
    endloop
  endfacet
  facet normal 0.44228868998100634 -0.8968727416500544 0
    outer loop
      vertex -176.5 30.4641016125679 0
      vertex -176.0307337269187 30.695518128573895 4
      vertex -176.5 30.4641016125679 4
    endloop
  endfacet
  facet normal 0.32143946659727024 -0.9469301290558149 0
    outer loop
      vertex -176.0307337269187 30.695518128573895 0
      vertex -175.53527618199587 30.863703303039074 4
      vertex -176.0307337269187 30.695518128573895 4
    endloop
  endfacet
  facet normal 0.1950903267663619 -0.9807852794583501 0
    outer loop
      vertex -175.53527618199587 30.863703303039074 0
      vertex -175.02210476994514 30.965779446065426 4
      vertex -175.53527618199587 30.863703303039074 4
    endloop
  endfacet
  facet normal 0.06540312801222277 -0.9978589233184303 0
    outer loop
      vertex -175.02210476994514 30.965779446065426 0
      vertex -174.5 31 4
      vertex -175.02210476994514 30.965779446065426 4
    endloop
  endfacet
  facet normal 0 -1 0
    outer loop
      vertex -116.33333333333333 31 0
      vertex -10 31 4
      vertex -174.5 31 4
    endloop
  endfacet
  facet normal 0 1 0
    outer loop
      vertex -174.5 -111 0
      vertex 10 -111 2
      vertex 10 -111 0
    endloop
  endfacet
  facet normal 0 1 0
    outer loop
      vertex -174.5 -111 0
      vertex -10 -111 2
      vertex 10 -111 2
    endloop
  endfacet
  facet normal 0 1 0
    outer loop
      vertex -174.5 -111 4
      vertex -10 -111 4
      vertex -10 -111 2
    endloop
  endfacet
  facet normal 0 -1 0
    outer loop
      vertex -116.33333333333333 31 0
      vertex 10 31 0
      vertex -10 31 2
    endloop
  endfacet
  facet normal 0 -1 0
    outer loop
      vertex 10 31 0
      vertex 10 31 2
      vertex -10 31 2
    endloop
  endfacet
  facet normal 0 -1 0
    outer loop
      vertex -116.33333333333333 31 0
      vertex -10 31 2
      vertex -10 31 4
    endloop
  endfacet
  facet normal 0 1 0
    outer loop
      vertex 10 54 0
      vertex -189 54 0
      vertex -189 54 2
    endloop
  endfacet
  facet normal 0 0 1
    outer loop
      vertex -179.47224318643356 43.15 2
      vertex -189 34 2
      vertex -179.3487006784951 42.965105570685175 2
    endloop
  endfacet
  facet normal 0 0 1
    outer loop
      vertex -179.20208152801712 42.79791847198287 2
      vertex -189 34 2
      vertex -179.03489442931482 42.6512993215049 2
    endloop
  endfacet
  facet normal 0 0 1
    outer loop
      vertex -179.3487006784951 42.965105570685175 2
      vertex -189 34 2
      vertex -179.20208152801712 42.79791847198287 2
    endloop
  endfacet
  facet normal 0 0 1
    outer loop
      vertex -178.65056183502065 42.429404794730814 2
      vertex -189 34 2
      vertex -178.4399923766743 42.357926095308585 2
    endloop
  endfacet
  facet normal 0 0 1
    outer loop
      vertex -178.85 42.527756813566455 2
      vertex -189 34 2
      vertex -178.65056183502065 42.429404794730814 2
    endloop
  endfacet
  facet normal 0 0 1
    outer loop
      vertex -179.03489442931482 42.6512993215049 2
      vertex -189 34 2
      vertex -178.85 42.527756813566455 2
    endloop
  endfacet
  facet normal 0 0 1
    outer loop
      vertex -179.5705952052692 43.34943816497935 2
      vertex -189 34 2
      vertex -179.47224318643356 43.15 2
    endloop
  endfacet
  facet normal 0 0 1
    outer loop
      vertex -178.4399923766743 42.357926095308585 2
      vertex -189 34 2
      vertex -178.2218945267741 42.31454373566452 2
    endloop
  endfacet
  facet normal 0 0 1
    outer loop
      vertex -179.5705952052692 43.34943816497935 2
      vertex -189 54 2
      vertex -189 34 2
    endloop
  endfacet
  facet normal 0 0 1
    outer loop
      vertex -179.7 44 2
      vertex -189 54 2
      vertex -179.68545626433547 43.778105473225914 2
    endloop
  endfacet
  facet normal 0 0 1
    outer loop
      vertex -179.68545626433547 44.221894526774086 2
      vertex -189 54 2
      vertex -179.7 44 2
    endloop
  endfacet
  facet normal 0 0 1
    outer loop
      vertex -179.64207390469142 43.56000762332572 2
      vertex -189 54 2
      vertex -179.5705952052692 43.34943816497935 2
    endloop
  endfacet
  facet normal 0 0 1
    outer loop
      vertex -179.68545626433547 43.778105473225914 2
      vertex -189 54 2
      vertex -179.64207390469142 43.56000762332572 2
    endloop
  endfacet
  facet normal 0 0 1
    outer loop
      vertex -179.64207390469142 44.43999237667428 2
      vertex -189 54 2
      vertex -179.68545626433547 44.221894526774086 2
    endloop
  endfacet
  facet normal 0 0 1
    outer loop
      vertex -179.5705952052692 44.65056183502065 2
      vertex -189 54 2
      vertex -179.64207390469142 44.43999237667428 2
    endloop
  endfacet
  facet normal 0 0 1
    outer loop
      vertex -179.47224318643356 44.85 2
      vertex -189 54 2
      vertex -179.5705952052692 44.65056183502065 2
    endloop
  endfacet
  facet normal 0 0 1
    outer loop
      vertex -179.3487006784951 45.034894429314825 2
      vertex -189 54 2
      vertex -179.47224318643356 44.85 2
    endloop
  endfacet
  facet normal 0 0 1
    outer loop
      vertex -179.20208152801712 45.20208152801713 2
      vertex -189 54 2
      vertex -179.3487006784951 45.034894429314825 2
    endloop
  endfacet
  facet normal 0 0 1
    outer loop
      vertex -179.03489442931482 45.3487006784951 2
      vertex -189 54 2
      vertex -179.20208152801712 45.20208152801713 2
    endloop
  endfacet
  facet normal 0 0 1
    outer loop
      vertex -178.85 45.472243186433545 2
      vertex -189 54 2
      vertex -179.03489442931482 45.3487006784951 2
    endloop
  endfacet
  facet normal 0 0 1
    outer loop
      vertex -178.65056183502065 45.570595205269186 2
      vertex -189 54 2
      vertex -178.85 45.472243186433545 2
    endloop
  endfacet
  facet normal 0 0 1
    outer loop
      vertex -178.4399923766743 45.642073904691415 2
      vertex -189 54 2
      vertex -178.65056183502065 45.570595205269186 2
    endloop
  endfacet
  facet normal 0 0 1
    outer loop
      vertex -178.2218945267741 45.68545626433548 2
      vertex -189 54 2
      vertex -178.4399923766743 45.642073904691415 2
    endloop
  endfacet
  facet normal 0 0 1
    outer loop
      vertex -178 45.7 2
      vertex -189 54 2
      vertex -178.2218945267741 45.68545626433548 2
    endloop
  endfacet
  facet normal 0 0 1
    outer loop
      vertex -145.4399923766743 36.357926095308585 2
      vertex -178.2218945267741 42.31454373566452 2
      vertex -189 34 2
    endloop
  endfacet
  facet normal 0 0 1
    outer loop
      vertex -145.85 36.527756813566455 2
      vertex -177.5600076233257 42.357926095308585 2
      vertex -177.7781054732259 42.31454373566452 2
    endloop
  endfacet
  facet normal 0 0 1
    outer loop
      vertex -145.65056183502065 36.429404794730814 2
      vertex -177.7781054732259 42.31454373566452 2
      vertex -178 42.3 2
    endloop
  endfacet
  facet normal 0 0 1
    outer loop
      vertex -145.4399923766743 36.357926095308585 2
      vertex -178 42.3 2
      vertex -178.2218945267741 42.31454373566452 2
    endloop
  endfacet
  facet normal 0 0 1
    outer loop
      vertex -145.4399923766743 36.357926095308585 2
      vertex -189 34 2
      vertex -145.2218945267741 36.31454373566452 2
    endloop
  endfacet
  facet normal 0 0 1
    outer loop
      vertex -145.2218945267741 36.31454373566452 2
      vertex -189 34 2
      vertex -145 36.3 2
    endloop
  endfacet
  facet normal 0 0 1
    outer loop
      vertex -145.65056183502065 36.429404794730814 2
      vertex -178 42.3 2
      vertex -145.4399923766743 36.357926095308585 2
    endloop
  endfacet
  facet normal 0 0 1
    outer loop
      vertex -146.03489442931482 36.6512993215049 2
      vertex -177.5600076233257 42.357926095308585 2
      vertex -145.85 36.527756813566455 2
    endloop
  endfacet
  facet normal 0 0 1
    outer loop
      vertex -145.85 36.527756813566455 2
      vertex -177.7781054732259 42.31454373566452 2
      vertex -145.65056183502065 36.429404794730814 2
    endloop
  endfacet
  facet normal 0 0 1
    outer loop
      vertex -146.47224318643356 37.15 2
      vertex -177.5600076233257 42.357926095308585 2
      vertex -146.3487006784951 36.965105570685175 2
    endloop
  endfacet
  facet normal 0 0 1
    outer loop
      vertex -146.68545626433547 37.778105473225914 2
      vertex -177.5600076233257 42.357926095308585 2
      vertex -146.64207390469142 37.56000762332572 2
    endloop
  endfacet
  facet normal 0 0 1
    outer loop
      vertex -146.64207390469142 37.56000762332572 2
      vertex -177.5600076233257 42.357926095308585 2
      vertex -146.5705952052692 37.34943816497935 2
    endloop
  endfacet
  facet normal 0 0 1
    outer loop
      vertex -146.5705952052692 37.34943816497935 2
      vertex -177.5600076233257 42.357926095308585 2
      vertex -146.47224318643356 37.15 2
    endloop
  endfacet
  facet normal 0 0 1
    outer loop
      vertex -146.3487006784951 36.965105570685175 2
      vertex -177.5600076233257 42.357926095308585 2
      vertex -146.20208152801712 36.79791847198287 2
    endloop
  endfacet
  facet normal 0 0 1
    outer loop
      vertex -146.20208152801712 36.79791847198287 2
      vertex -177.5600076233257 42.357926095308585 2
      vertex -146.03489442931482 36.6512993215049 2
    endloop
  endfacet
  facet normal 0 0 1
    outer loop
      vertex -146.7 38 2
      vertex -177.5600076233257 42.357926095308585 2
      vertex -146.68545626433547 37.778105473225914 2
    endloop
  endfacet
  facet normal 0 0 1
    outer loop
      vertex -146.64207390469142 38.43999237667428 2
      vertex -177.5600076233257 42.357926095308585 2
      vertex -146.68545626433547 38.221894526774086 2
    endloop
  endfacet
  facet normal 0 0 1
    outer loop
      vertex -146.68545626433547 38.221894526774086 2
      vertex -177.5600076233257 42.357926095308585 2
      vertex -146.7 38 2
    endloop
  endfacet
  facet normal 0 0 1
    outer loop
      vertex -146.5705952052692 38.65056183502065 2
      vertex -177.5600076233257 42.357926095308585 2
      vertex -146.64207390469142 38.43999237667428 2
    endloop
  endfacet
  facet normal 0 0 1
    outer loop
      vertex -146.47224318643356 38.85 2
      vertex -177.5600076233257 42.357926095308585 2
      vertex -146.5705952052692 38.65056183502065 2
    endloop
  endfacet
  facet normal 0 0 1
    outer loop
      vertex -146.3487006784951 39.034894429314825 2
      vertex -177.5600076233257 42.357926095308585 2
      vertex -146.47224318643356 38.85 2
    endloop
  endfacet
  facet normal 0 0 1
    outer loop
      vertex -146.20208152801712 39.20208152801713 2
      vertex -177.5600076233257 42.357926095308585 2
      vertex -146.3487006784951 39.034894429314825 2
    endloop
  endfacet
  facet normal 0 0 1
    outer loop
      vertex -146.03489442931482 39.3487006784951 2
      vertex -177.5600076233257 42.357926095308585 2
      vertex -146.20208152801712 39.20208152801713 2
    endloop
  endfacet
  facet normal 0 0 1
    outer loop
      vertex -145.85 39.472243186433545 2
      vertex -177.5600076233257 42.357926095308585 2
      vertex -146.03489442931482 39.3487006784951 2
    endloop
  endfacet
  facet normal 0 0 1
    outer loop
      vertex -145.65056183502065 39.570595205269186 2
      vertex -177.5600076233257 42.357926095308585 2
      vertex -145.85 39.472243186433545 2
    endloop
  endfacet
  facet normal 0 0 1
    outer loop
      vertex -145.4399923766743 39.642073904691415 2
      vertex -177.5600076233257 42.357926095308585 2
      vertex -145.65056183502065 39.570595205269186 2
    endloop
  endfacet
  facet normal 0 0 1
    outer loop
      vertex -145.2218945267741 39.68545626433548 2
      vertex -177.5600076233257 42.357926095308585 2
      vertex -145.4399923766743 39.642073904691415 2
    endloop
  endfacet
  facet normal 0 0 1
    outer loop
      vertex -144.7781054732259 39.68545626433548 2
      vertex -177.5600076233257 42.357926095308585 2
      vertex -145 39.7 2
    endloop
  endfacet
  facet normal 0 0 1
    outer loop
      vertex -145 39.7 2
      vertex -177.5600076233257 42.357926095308585 2
      vertex -145.2218945267741 39.68545626433548 2
    endloop
  endfacet
  facet normal 0 0 1
    outer loop
      vertex -177.5600076233257 42.357926095308585 2
      vertex -120.35212293100213 43.778105473225914 2
      vertex -177.34943816497935 42.429404794730814 2
    endloop
  endfacet
  facet normal 0 0 1
    outer loop
      vertex -177.34943816497935 42.429404794730814 2
      vertex -120.35212293100213 43.778105473225914 2
      vertex -177.15 42.527756813566455 2
    endloop
  endfacet
  facet normal 0 0 1
    outer loop
      vertex -177.15 42.527756813566455 2
      vertex -120.35212293100213 43.778105473225914 2
      vertex -176.96510557068518 42.6512993215049 2
    endloop
  endfacet
  facet normal 0 0 1
    outer loop
      vertex -176.96510557068518 42.6512993215049 2
      vertex -120.35212293100213 43.778105473225914 2
      vertex -176.79791847198288 42.79791847198287 2
    endloop
  endfacet
  facet normal 0 0 1
    outer loop
      vertex -176.79791847198288 42.79791847198287 2
      vertex -120.35212293100213 43.778105473225914 2
      vertex -176.6512993215049 42.965105570685175 2
    endloop
  endfacet
  facet normal 0 0 1
    outer loop
      vertex -176.6512993215049 45.034894429314825 2
      vertex -120.35212293100213 44.221894526774086 2
      vertex -176.79791847198288 45.20208152801713 2
    endloop
  endfacet
  facet normal 0 0 1
    outer loop
      vertex -176.96510557068518 45.3487006784951 2
      vertex -120.30874057135807 44.43999237667428 2
      vertex -177.15 45.472243186433545 2
    endloop
  endfacet
  facet normal 0 0 1
    outer loop
      vertex -176.79791847198288 45.20208152801713 2
      vertex -120.35212293100213 44.221894526774086 2
      vertex -176.96510557068518 45.3487006784951 2
    endloop
  endfacet
  facet normal 0 0 1
    outer loop
      vertex -177.15 45.472243186433545 2
      vertex -120.23726187193584 44.65056183502065 2
      vertex -177.34943816497935 45.570595205269186 2
    endloop
  endfacet
  facet normal 0 0 1
    outer loop
      vertex -177.34943816497935 45.570595205269186 2
      vertex -119.70156109598148 45.3487006784951 2
      vertex -177.5600076233257 45.642073904691415 2
    endloop
  endfacet
  facet normal 0 0 1
    outer loop
      vertex -177.5600076233257 45.642073904691415 2
      vertex -119.10665904334094 45.642073904691415 2
      vertex -177.7781054732259 45.68545626433548 2
    endloop
  endfacet
  facet normal 0 0 1
    outer loop
      vertex -177.7781054732259 45.68545626433548 2
      vertex -118.88856119344075 45.68545626433548 2
      vertex -178 45.7 2
    endloop
  endfacet
  facet normal 0 0 1
    outer loop
      vertex -178 45.7 2
      vertex -118.66666666666666 45.7 2
      vertex -189 54 2
    endloop
  endfacet
  facet normal 0 0 1
    outer loop
      vertex -176.6512993215049 42.965105570685175 2
      vertex -120.35212293100213 43.778105473225914 2
      vertex -176.52775681356644 43.15 2
    endloop
  endfacet
  facet normal 0 0 1
    outer loop
      vertex -176.52775681356644 43.15 2
      vertex -120.35212293100213 43.778105473225914 2
      vertex -176.4294047947308 43.34943816497935 2
    endloop
  endfacet
  facet normal 0 0 1
    outer loop
      vertex -176.4294047947308 43.34943816497935 2
      vertex -120.35212293100213 43.778105473225914 2
      vertex -176.35792609530858 43.56000762332572 2
    endloop
  endfacet
  facet normal 0 0 1
    outer loop
      vertex -176.35792609530858 43.56000762332572 2
      vertex -120.35212293100213 43.778105473225914 2
      vertex -176.31454373566453 43.778105473225914 2
    endloop
  endfacet
  facet normal 0 0 1
    outer loop
      vertex -176.31454373566453 43.778105473225914 2
      vertex -120.35212293100213 43.778105473225914 2
      vertex -176.3 44 2
    endloop
  endfacet
  facet normal 0 0 1
    outer loop
      vertex -176.3 44 2
      vertex -120.36666666666666 44 2
      vertex -176.31454373566453 44.221894526774086 2
    endloop
  endfacet
  facet normal 0 0 1
    outer loop
      vertex -176.35792609530858 44.43999237667428 2
      vertex -120.36666666666666 44 2
      vertex -176.4294047947308 44.65056183502065 2
    endloop
  endfacet
  facet normal 0 0 1
    outer loop
      vertex -176.31454373566453 44.221894526774086 2
      vertex -120.36666666666666 44 2
      vertex -176.35792609530858 44.43999237667428 2
    endloop
  endfacet
  facet normal 0 0 1
    outer loop
      vertex -176.4294047947308 44.65056183502065 2
      vertex -120.36666666666666 44 2
      vertex -176.52775681356644 44.85 2
    endloop
  endfacet
  facet normal 0 0 1
    outer loop
      vertex -176.52775681356644 44.85 2
      vertex -120.36666666666666 44 2
      vertex -176.6512993215049 45.034894429314825 2
    endloop
  endfacet
  facet normal 0 0 1
    outer loop
      vertex -144.7781054732259 39.68545626433548 2
      vertex -119.51666666666665 42.527756813566455 2
      vertex -177.5600076233257 42.357926095308585 2
    endloop
  endfacet
  facet normal 0 0 1
    outer loop
      vertex -177.5600076233257 42.357926095308585 2
      vertex -120.1389098531002 43.15 2
      vertex -120.23726187193584 43.34943816497935 2
    endloop
  endfacet
  facet normal 0 0 1
    outer loop
      vertex -177.5600076233257 42.357926095308585 2
      vertex -120.23726187193584 43.34943816497935 2
      vertex -120.30874057135807 43.56000762332572 2
    endloop
  endfacet
  facet normal 0 0 1
    outer loop
      vertex -177.5600076233257 42.357926095308585 2
      vertex -120.30874057135807 43.56000762332572 2
      vertex -120.35212293100213 43.778105473225914 2
    endloop
  endfacet
  facet normal 0 0 1
    outer loop
      vertex -145 36.3 2
      vertex -189 34 2
      vertex -50.221894526774086 36.31454373566452 2
    endloop
  endfacet
  facet normal 0 0 1
    outer loop
      vertex -144.7781054732259 39.68545626433548 2
      vertex -118.88856119344075 42.31454373566452 2
      vertex -119.10665904334094 42.357926095308585 2
    endloop
  endfacet
  facet normal 0 0 1
    outer loop
      vertex -144.7781054732259 39.68545626433548 2
      vertex -119.10665904334094 42.357926095308585 2
      vertex -119.31722850168731 42.429404794730814 2
    endloop
  endfacet
  facet normal 0 0 1
    outer loop
      vertex -144.7781054732259 39.68545626433548 2
      vertex -119.31722850168731 42.429404794730814 2
      vertex -119.51666666666665 42.527756813566455 2
    endloop
  endfacet
  facet normal 0 0 1
    outer loop
      vertex -144.7781054732259 39.68545626433548 2
      vertex -118.66666666666666 42.3 2
      vertex -118.88856119344075 42.31454373566452 2
    endloop
  endfacet
  facet normal 0 0 1
    outer loop
      vertex -144.7781054732259 39.68545626433548 2
      vertex -118.44477213989256 42.31454373566452 2
      vertex -118.66666666666666 42.3 2
    endloop
  endfacet
  facet normal 0 0 1
    outer loop
      vertex -177.5600076233257 42.357926095308585 2
      vertex -119.70156109598148 42.6512993215049 2
      vertex -119.86874819468379 42.79791847198287 2
    endloop
  endfacet
  facet normal 0 0 1
    outer loop
      vertex -177.5600076233257 42.357926095308585 2
      vertex -119.51666666666665 42.527756813566455 2
      vertex -119.70156109598148 42.6512993215049 2
    endloop
  endfacet
  facet normal 0 0 1
    outer loop
      vertex -177.5600076233257 42.357926095308585 2
      vertex -119.86874819468379 42.79791847198287 2
      vertex -120.01536734516176 42.965105570685175 2
    endloop
  endfacet
  facet normal 0 0 1
    outer loop
      vertex -177.5600076233257 42.357926095308585 2
      vertex -120.01536734516176 42.965105570685175 2
      vertex -120.1389098531002 43.15 2
    endloop
  endfacet
  facet normal 0 0 1
    outer loop
      vertex -176.3 44 2
      vertex -120.35212293100213 43.778105473225914 2
      vertex -120.36666666666666 44 2
    endloop
  endfacet
  facet normal 0 0 1
    outer loop
      vertex -176.6512993215049 45.034894429314825 2
      vertex -120.36666666666666 44 2
      vertex -120.35212293100213 44.221894526774086 2
    endloop
  endfacet
  facet normal 0 0 1
    outer loop
      vertex -176.96510557068518 45.3487006784951 2
      vertex -120.35212293100213 44.221894526774086 2
      vertex -120.30874057135807 44.43999237667428 2
    endloop
  endfacet
  facet normal 0 0 1
    outer loop
      vertex -177.15 45.472243186433545 2
      vertex -120.30874057135807 44.43999237667428 2
      vertex -120.23726187193584 44.65056183502065 2
    endloop
  endfacet
  facet normal 0 0 1
    outer loop
      vertex -177.34943816497935 45.570595205269186 2
      vertex -120.23726187193584 44.65056183502065 2
      vertex -120.1389098531002 44.85 2
    endloop
  endfacet
  facet normal 0 0 1
    outer loop
      vertex -177.34943816497935 45.570595205269186 2
      vertex -120.1389098531002 44.85 2
      vertex -120.01536734516176 45.034894429314825 2
    endloop
  endfacet
  facet normal 0 0 1
    outer loop
      vertex -177.34943816497935 45.570595205269186 2
      vertex -120.01536734516176 45.034894429314825 2
      vertex -119.86874819468379 45.20208152801713 2
    endloop
  endfacet
  facet normal 0 0 1
    outer loop
      vertex -177.34943816497935 45.570595205269186 2
      vertex -119.86874819468379 45.20208152801713 2
      vertex -119.70156109598148 45.3487006784951 2
    endloop
  endfacet
  facet normal 0 0 1
    outer loop
      vertex -177.5600076233257 45.642073904691415 2
      vertex -119.70156109598148 45.3487006784951 2
      vertex -119.51666666666665 45.472243186433545 2
    endloop
  endfacet
  facet normal 0 0 1
    outer loop
      vertex -177.5600076233257 45.642073904691415 2
      vertex -119.51666666666665 45.472243186433545 2
      vertex -119.31722850168731 45.570595205269186 2
    endloop
  endfacet
  facet normal 0 0 1
    outer loop
      vertex -177.5600076233257 45.642073904691415 2
      vertex -119.31722850168731 45.570595205269186 2
      vertex -119.10665904334094 45.642073904691415 2
    endloop
  endfacet
  facet normal 0 0 1
    outer loop
      vertex -177.7781054732259 45.68545626433548 2
      vertex -119.10665904334094 45.642073904691415 2
      vertex -118.88856119344075 45.68545626433548 2
    endloop
  endfacet
  facet normal 0 0 1
    outer loop
      vertex -178 45.7 2
      vertex -118.88856119344075 45.68545626433548 2
      vertex -118.66666666666666 45.7 2
    endloop
  endfacet
  facet normal 0 0 1
    outer loop
      vertex -144.5600076233257 39.642073904691415 2
      vertex -59.98389516835398 42.429404794730814 2
      vertex -144.7781054732259 39.68545626433548 2
    endloop
  endfacet
  facet normal 0 0 1
    outer loop
      vertex -144.34943816497935 39.570595205269186 2
      vertex -59.98389516835398 42.429404794730814 2
      vertex -144.5600076233257 39.642073904691415 2
    endloop
  endfacet
  facet normal 0 0 1
    outer loop
      vertex -118.66666666666666 45.7 2
      vertex -59.33333333333333 45.7 2
      vertex -189 54 2
    endloop
  endfacet
  facet normal 0 0 1
    outer loop
      vertex -145 36.3 2
      vertex -50.221894526774086 36.31454373566452 2
      vertex -144.7781054732259 36.31454373566452 2
    endloop
  endfacet
  facet normal 0 0 1
    outer loop
      vertex -144.7781054732259 36.31454373566452 2
      vertex -50.221894526774086 36.31454373566452 2
      vertex -144.5600076233257 36.357926095308585 2
    endloop
  endfacet
  facet normal 0 0 1
    outer loop
      vertex -144.34943816497935 36.429404794730814 2
      vertex -50.65056183502065 36.429404794730814 2
      vertex -144.15 36.527756813566455 2
    endloop
  endfacet
  facet normal 0 0 1
    outer loop
      vertex -144.5600076233257 36.357926095308585 2
      vertex -50.43999237667428 36.357926095308585 2
      vertex -144.34943816497935 36.429404794730814 2
    endloop
  endfacet
  facet normal 0 0 1
    outer loop
      vertex -143.96510557068518 36.6512993215049 2
      vertex -51.034894429314825 36.6512993215049 2
      vertex -143.79791847198288 36.79791847198287 2
    endloop
  endfacet
  facet normal 0 0 1
    outer loop
      vertex -144.15 36.527756813566455 2
      vertex -50.85 36.527756813566455 2
      vertex -143.96510557068518 36.6512993215049 2
    endloop
  endfacet
  facet normal 0 0 1
    outer loop
      vertex -143.79791847198288 36.79791847198287 2
      vertex -51.034894429314825 36.6512993215049 2
      vertex -143.6512993215049 36.965105570685175 2
    endloop
  endfacet
  facet normal 0 0 1
    outer loop
      vertex -143.6512993215049 39.034894429314825 2
      vertex -51.034894429314825 39.3487006784951 2
      vertex -143.79791847198288 39.20208152801713 2
    endloop
  endfacet
  facet normal 0 0 1
    outer loop
      vertex -143.79791847198288 39.20208152801713 2
      vertex -51.034894429314825 39.3487006784951 2
      vertex -143.96510557068518 39.3487006784951 2
    endloop
  endfacet
  facet normal 0 0 1
    outer loop
      vertex -143.6512993215049 36.965105570685175 2
      vertex -51.034894429314825 36.6512993215049 2
      vertex -143.52775681356644 37.15 2
    endloop
  endfacet
  facet normal 0 0 1
    outer loop
      vertex -143.52775681356644 37.15 2
      vertex -51.034894429314825 36.6512993215049 2
      vertex -143.4294047947308 37.34943816497935 2
    endloop
  endfacet
  facet normal 0 0 1
    outer loop
      vertex -143.4294047947308 37.34943816497935 2
      vertex -51.034894429314825 36.6512993215049 2
      vertex -143.35792609530858 37.56000762332572 2
    endloop
  endfacet
  facet normal 0 0 1
    outer loop
      vertex -143.31454373566453 37.778105473225914 2
      vertex -51.034894429314825 36.6512993215049 2
      vertex -143.3 38 2
    endloop
  endfacet
  facet normal 0 0 1
    outer loop
      vertex -143.35792609530858 37.56000762332572 2
      vertex -51.034894429314825 36.6512993215049 2
      vertex -143.31454373566453 37.778105473225914 2
    endloop
  endfacet
  facet normal 0 0 1
    outer loop
      vertex -143.3 38 2
      vertex -51.7 38 2
      vertex -143.31454373566453 38.221894526774086 2
    endloop
  endfacet
  facet normal 0 0 1
    outer loop
      vertex -143.31454373566453 38.221894526774086 2
      vertex -51.034894429314825 39.3487006784951 2
      vertex -143.35792609530858 38.43999237667428 2
    endloop
  endfacet
  facet normal 0 0 1
    outer loop
      vertex -143.35792609530858 38.43999237667428 2
      vertex -51.034894429314825 39.3487006784951 2
      vertex -143.4294047947308 38.65056183502065 2
    endloop
  endfacet
  facet normal 0 0 1
    outer loop
      vertex -143.4294047947308 38.65056183502065 2
      vertex -51.034894429314825 39.3487006784951 2
      vertex -143.52775681356644 38.85 2
    endloop
  endfacet
  facet normal 0 0 1
    outer loop
      vertex -143.52775681356644 38.85 2
      vertex -51.034894429314825 39.3487006784951 2
      vertex -143.6512993215049 39.034894429314825 2
    endloop
  endfacet
  facet normal 0 0 1
    outer loop
      vertex -143.96510557068518 39.3487006784951 2
      vertex -51.034894429314825 39.3487006784951 2
      vertex -144.15 39.472243186433545 2
    endloop
  endfacet
  facet normal 0 0 1
    outer loop
      vertex -144.15 39.472243186433545 2
      vertex -50.85 39.472243186433545 2
      vertex -144.34943816497935 39.570595205269186 2
    endloop
  endfacet
  facet normal 0 0 1
    outer loop
      vertex -144.7781054732259 39.68545626433548 2
      vertex -59.98389516835398 42.429404794730814 2
      vertex -118.44477213989256 42.31454373566452 2
    endloop
  endfacet
  facet normal 0 0 1
    outer loop
      vertex -50.221894526774086 36.31454373566452 2
      vertex -189 34 2
      vertex -50 36.3 2
    endloop
  endfacet
  facet normal 0 0 1
    outer loop
      vertex -118.44477213989256 42.31454373566452 2
      vertex -59.98389516835398 42.429404794730814 2
      vertex -118.22667428999237 42.357926095308585 2
    endloop
  endfacet
  facet normal 0 0 1
    outer loop
      vertex -118.44477213989256 45.68545626433548 2
      vertex -59.555227860107415 45.68545626433548 2
      vertex -118.66666666666666 45.7 2
    endloop
  endfacet
  facet normal 0 0 1
    outer loop
      vertex -118.22667428999237 42.357926095308585 2
      vertex -59.98389516835398 42.429404794730814 2
      vertex -118.016104831646 42.429404794730814 2
    endloop
  endfacet
  facet normal 0 0 1
    outer loop
      vertex -117.81666666666666 42.527756813566455 2
      vertex -60.18333333333333 42.527756813566455 2
      vertex -117.63177223735184 42.6512993215049 2
    endloop
  endfacet
  facet normal 0 0 1
    outer loop
      vertex -118.016104831646 42.429404794730814 2
      vertex -59.98389516835398 42.429404794730814 2
      vertex -117.81666666666666 42.527756813566455 2
    endloop
  endfacet
  facet normal 0 0 1
    outer loop
      vertex -117.63177223735184 42.6512993215049 2
      vertex -60.368227762648154 42.6512993215049 2
      vertex -117.46458513864953 42.79791847198287 2
    endloop
  endfacet
  facet normal 0 0 1
    outer loop
      vertex -117.46458513864953 42.79791847198287 2
      vertex -60.53541486135046 42.79791847198287 2
      vertex -117.31796598817155 42.965105570685175 2
    endloop
  endfacet
  facet normal 0 0 1
    outer loop
      vertex -117.31796598817155 42.965105570685175 2
      vertex -60.68203401182843 42.965105570685175 2
      vertex -117.19442348023311 43.15 2
    endloop
  endfacet
  facet normal 0 0 1
    outer loop
      vertex -117.19442348023311 43.15 2
      vertex -60.80557651976687 43.15 2
      vertex -117.09607146139747 43.34943816497935 2
    endloop
  endfacet
  facet normal 0 0 1
    outer loop
      vertex -117.09607146139747 43.34943816497935 2
      vertex -60.903928538602514 43.34943816497935 2
      vertex -117.02459276197524 43.56000762332572 2
    endloop
  endfacet
  facet normal 0 0 1
    outer loop
      vertex -117.02459276197524 43.56000762332572 2
      vertex -60.975407238024744 43.56000762332572 2
      vertex -116.98121040233119 43.778105473225914 2
    endloop
  endfacet
  facet normal 0 0 1
    outer loop
      vertex -116.98121040233119 43.778105473225914 2
      vertex -61.01878959766881 43.778105473225914 2
      vertex -116.96666666666665 44 2
    endloop
  endfacet
  facet normal 0 0 1
    outer loop
      vertex -116.96666666666665 44 2
      vertex -61.03333333333333 44 2
      vertex -116.98121040233119 44.221894526774086 2
    endloop
  endfacet
  facet normal 0 0 1
    outer loop
      vertex -116.98121040233119 44.221894526774086 2
      vertex -61.01878959766881 44.221894526774086 2
      vertex -117.02459276197524 44.43999237667428 2
    endloop
  endfacet
  facet normal 0 0 1
    outer loop
      vertex -117.31796598817155 45.034894429314825 2
      vertex -60.68203401182843 45.034894429314825 2
      vertex -117.46458513864953 45.20208152801713 2
    endloop
  endfacet
  facet normal 0 0 1
    outer loop
      vertex -117.02459276197524 44.43999237667428 2
      vertex -60.975407238024744 44.43999237667428 2
      vertex -117.09607146139747 44.65056183502065 2
    endloop
  endfacet
  facet normal 0 0 1
    outer loop
      vertex -117.09607146139747 44.65056183502065 2
      vertex -60.903928538602514 44.65056183502065 2
      vertex -117.19442348023311 44.85 2
    endloop
  endfacet
  facet normal 0 0 1
    outer loop
      vertex -117.19442348023311 44.85 2
      vertex -60.80557651976687 44.85 2
      vertex -117.31796598817155 45.034894429314825 2
    endloop
  endfacet
  facet normal 0 0 1
    outer loop
      vertex -117.81666666666666 45.472243186433545 2
      vertex -60.18333333333333 45.472243186433545 2
      vertex -118.016104831646 45.570595205269186 2
    endloop
  endfacet
  facet normal 0 0 1
    outer loop
      vertex -117.46458513864953 45.20208152801713 2
      vertex -60.53541486135046 45.20208152801713 2
      vertex -117.63177223735184 45.3487006784951 2
    endloop
  endfacet
  facet normal 0 0 1
    outer loop
      vertex -117.63177223735184 45.3487006784951 2
      vertex -60.368227762648154 45.3487006784951 2
      vertex -117.81666666666666 45.472243186433545 2
    endloop
  endfacet
  facet normal 0 0 1
    outer loop
      vertex -118.016104831646 45.570595205269186 2
      vertex -59.98389516835398 45.570595205269186 2
      vertex -118.22667428999237 45.642073904691415 2
    endloop
  endfacet
  facet normal 0 0 1
    outer loop
      vertex -118.22667428999237 45.642073904691415 2
      vertex -59.77332571000761 45.642073904691415 2
      vertex -118.44477213989256 45.68545626433548 2
    endloop
  endfacet
  facet normal 1 0 0
    outer loop
      vertex 10 -134 0
      vertex 10 -125.17994227227675 0
      vertex 10 -134 2
    endloop
  endfacet
  facet normal 1 0 0
    outer loop
      vertex 10 -125.17994227227675 0
      vertex 10 -111 0
      vertex 10 -111 2
    endloop
  endfacet
  facet normal 1 0 0
    outer loop
      vertex 10 -125.17994227227675 0
      vertex 10 -111 2
      vertex 10 -134 2
    endloop
  endfacet
  facet normal 0 0 1
    outer loop
      vertex -0.6505618350206526 -129.5705952052692 2
      vertex -10 -134 2
      vertex -0.43999237667428526 -129.64207390469142 2
    endloop
  endfacet
  facet normal 0 0 1
    outer loop
      vertex -0.43999237667428526 -129.64207390469142 2
      vertex -10 -134 2
      vertex -0.22189452677408766 -129.68545626433547 2
    endloop
  endfacet
  facet normal 0 0 1
    outer loop
      vertex -1.2020815280171309 -129.20208152801712 2
      vertex -10 -134 2
      vertex -1.034894429314825 -129.3487006784951 2
    endloop
  endfacet
  facet normal 0 0 1
    outer loop
      vertex -1.3487006784950997 -129.03489442931482 2
      vertex -10 -134 2
      vertex -1.2020815280171309 -129.20208152801712 2
    endloop
  endfacet
  facet normal 0 0 1
    outer loop
      vertex -1.4722431864335457 -128.85 2
      vertex -10 -134 2
      vertex -1.3487006784950997 -129.03489442931482 2
    endloop
  endfacet
  facet normal 0 0 1
    outer loop
      vertex -1.5705952052691874 -128.65056183502065 2
      vertex -10 -134 2
      vertex -1.4722431864335457 -128.85 2
    endloop
  endfacet
  facet normal 0 0 1
    outer loop
      vertex -0.85 -129.47224318643356 2
      vertex -10 -134 2
      vertex -0.6505618350206526 -129.5705952052692 2
    endloop
  endfacet
  facet normal 0 0 1
    outer loop
      vertex -1.034894429314825 -129.3487006784951 2
      vertex -10 -134 2
      vertex -0.85 -129.47224318643356 2
    endloop
  endfacet
  facet normal 0 0 1
    outer loop
      vertex -1.5705952052691874 -128.65056183502065 2
      vertex -10 -111 2
      vertex -10 -134 2
    endloop
  endfacet
  facet normal 0 0 1
    outer loop
      vertex -1.6420739046914161 -128.4399923766743 2
      vertex -10 -111 2
      vertex -1.5705952052691874 -128.65056183502065 2
    endloop
  endfacet
  facet normal 0 0 1
    outer loop
      vertex -1.6854562643354776 -128.2218945267741 2
      vertex -10 -111 2
      vertex -1.6420739046914161 -128.4399923766743 2
    endloop
  endfacet
  facet normal 0 0 1
    outer loop
      vertex -1.7 -128 2
      vertex -10 -111 2
      vertex -1.6854562643354776 -128.2218945267741 2
    endloop
  endfacet
  facet normal 0 0 1
    outer loop
      vertex -1.6854562643354776 -127.7781054732259 2
      vertex -10 -111 2
      vertex -1.7 -128 2
    endloop
  endfacet
  facet normal 0 0 1
    outer loop
      vertex -1.6420739046914161 -127.56000762332572 2
      vertex -10 -111 2
      vertex -1.6854562643354776 -127.7781054732259 2
    endloop
  endfacet
  facet normal 0 0 1
    outer loop
      vertex -1.5705952052691874 -127.34943816497935 2
      vertex -10 -111 2
      vertex -1.6420739046914161 -127.56000762332572 2
    endloop
  endfacet
  facet normal 0 0 1
    outer loop
      vertex -1.4722431864335457 -127.15 2
      vertex -10 -111 2
      vertex -1.5705952052691874 -127.34943816497935 2
    endloop
  endfacet
  facet normal 0 0 1
    outer loop
      vertex -1.3487006784950997 -126.96510557068518 2
      vertex -10 -111 2
      vertex -1.4722431864335457 -127.15 2
    endloop
  endfacet
  facet normal 0 0 1
    outer loop
      vertex -1.2020815280171309 -126.79791847198287 2
      vertex -10 -111 2
      vertex -1.3487006784950997 -126.96510557068518 2
    endloop
  endfacet
  facet normal 0 0 1
    outer loop
      vertex -1.034894429314825 -126.6512993215049 2
      vertex -10 -111 2
      vertex -1.2020815280171309 -126.79791847198287 2
    endloop
  endfacet
  facet normal 0 0 1
    outer loop
      vertex -0.85 -126.52775681356646 2
      vertex -10 -111 2
      vertex -1.034894429314825 -126.6512993215049 2
    endloop
  endfacet
  facet normal 0 0 1
    outer loop
      vertex -0.6505618350206526 -126.42940479473081 2
      vertex -10 -111 2
      vertex -0.85 -126.52775681356646 2
    endloop
  endfacet
  facet normal 0 0 1
    outer loop
      vertex -0.43999237667428526 -126.35792609530858 2
      vertex -10 -111 2
      vertex -0.6505618350206526 -126.42940479473081 2
    endloop
  endfacet
  facet normal 0 0 1
    outer loop
      vertex -0.22189452677408766 -126.31454373566453 2
      vertex -10 -111 2
      vertex -0.43999237667428526 -126.35792609530858 2
    endloop
  endfacet
  facet normal 0 0 1
    outer loop
      vertex 0 -126.3 2
      vertex -10 -111 2
      vertex -0.22189452677408766 -126.31454373566453 2
    endloop
  endfacet
  facet normal 0 0 1
    outer loop
      vertex -0.22189452677408766 -129.68545626433547 2
      vertex -10 -134 2
      vertex 10 -134 2
    endloop
  endfacet
  facet normal 0 0 1
    outer loop
      vertex 0 -129.7 2
      vertex -0.22189452677408766 -129.68545626433547 2
      vertex 10 -134 2
    endloop
  endfacet
  facet normal 0 0 1
    outer loop
      vertex 0.22189452677408766 -129.68545626433547 2
      vertex 10 -134 2
      vertex 0.43999237667428526 -129.64207390469142 2
    endloop
  endfacet
  facet normal 0 0 1
    outer loop
      vertex 0 -129.7 2
      vertex 10 -134 2
      vertex 0.22189452677408766 -129.68545626433547 2
    endloop
  endfacet
  facet normal 0 0 1
    outer loop
      vertex 0.43999237667428526 -129.64207390469142 2
      vertex 10 -134 2
      vertex 0.6505618350206526 -129.5705952052692 2
    endloop
  endfacet
  facet normal 0 0 1
    outer loop
      vertex 0.85 -129.47224318643356 2
      vertex 10 -134 2
      vertex 1.034894429314825 -129.3487006784951 2
    endloop
  endfacet
  facet normal 0 0 1
    outer loop
      vertex 0.6505618350206526 -129.5705952052692 2
      vertex 10 -134 2
      vertex 0.85 -129.47224318643356 2
    endloop
  endfacet
  facet normal 0 0 1
    outer loop
      vertex 1.034894429314825 -129.3487006784951 2
      vertex 10 -134 2
      vertex 1.2020815280171309 -129.20208152801712 2
    endloop
  endfacet
  facet normal 0 0 1
    outer loop
      vertex 1.2020815280171309 -129.20208152801712 2
      vertex 10 -134 2
      vertex 1.3487006784950997 -129.03489442931482 2
    endloop
  endfacet
  facet normal 0 0 1
    outer loop
      vertex 1.3487006784950997 -129.03489442931482 2
      vertex 10 -134 2
      vertex 1.4722431864335457 -128.85 2
    endloop
  endfacet
  facet normal 0 0 1
    outer loop
      vertex 1.4722431864335457 -128.85 2
      vertex 10 -134 2
      vertex 1.5705952052691874 -128.65056183502065 2
    endloop
  endfacet
  facet normal 0 0 1
    outer loop
      vertex 1.5705952052691874 -128.65056183502065 2
      vertex 10 -134 2
      vertex 1.6420739046914161 -128.4399923766743 2
    endloop
  endfacet
  facet normal 0 0 1
    outer loop
      vertex 1.6420739046914161 -128.4399923766743 2
      vertex 10 -134 2
      vertex 1.6854562643354776 -128.2218945267741 2
    endloop
  endfacet
  facet normal 0 0 1
    outer loop
      vertex 1.6854562643354776 -128.2218945267741 2
      vertex 10 -134 2
      vertex 1.7 -128 2
    endloop
  endfacet
  facet normal 0 0 1
    outer loop
      vertex 1.7 -128 2
      vertex 10 -111 2
      vertex 1.6854562643354776 -127.7781054732259 2
    endloop
  endfacet
  facet normal 0 0 1
    outer loop
      vertex 1.7 -128 2
      vertex 10 -134 2
      vertex 10 -111 2
    endloop
  endfacet
  facet normal 0 0 1
    outer loop
      vertex 10 -111 2
      vertex 0.22189452677408766 -126.31454373566453 2
      vertex 0.43999237667428526 -126.35792609530858 2
    endloop
  endfacet
  facet normal 0 0 1
    outer loop
      vertex 10 -111 2
      vertex 0 -126.3 2
      vertex 0.22189452677408766 -126.31454373566453 2
    endloop
  endfacet
  facet normal 0 0 1
    outer loop
      vertex 10 -111 2
      vertex 0.43999237667428526 -126.35792609530858 2
      vertex 0.6505618350206526 -126.42940479473081 2
    endloop
  endfacet
  facet normal 0 0 1
    outer loop
      vertex 0 -126.3 2
      vertex 10 -111 2
      vertex -10 -111 2
    endloop
  endfacet
  facet normal 0 0 1
    outer loop
      vertex 1.6854562643354776 -127.7781054732259 2
      vertex 10 -111 2
      vertex 1.6420739046914161 -127.56000762332572 2
    endloop
  endfacet
  facet normal 0 0 1
    outer loop
      vertex 1.6420739046914161 -127.56000762332572 2
      vertex 10 -111 2
      vertex 1.5705952052691874 -127.34943816497935 2
    endloop
  endfacet
  facet normal 0 0 1
    outer loop
      vertex 1.5705952052691874 -127.34943816497935 2
      vertex 10 -111 2
      vertex 1.4722431864335457 -127.15 2
    endloop
  endfacet
  facet normal 0 0 1
    outer loop
      vertex 1.4722431864335457 -127.15 2
      vertex 10 -111 2
      vertex 1.3487006784950997 -126.96510557068518 2
    endloop
  endfacet
  facet normal 0 0 1
    outer loop
      vertex 1.3487006784950997 -126.96510557068518 2
      vertex 10 -111 2
      vertex 1.2020815280171309 -126.79791847198287 2
    endloop
  endfacet
  facet normal 0 0 1
    outer loop
      vertex 1.034894429314825 -126.6512993215049 2
      vertex 10 -111 2
      vertex 0.85 -126.52775681356646 2
    endloop
  endfacet
  facet normal 0 0 1
    outer loop
      vertex 0.85 -126.52775681356646 2
      vertex 10 -111 2
      vertex 0.6505618350206526 -126.42940479473081 2
    endloop
  endfacet
  facet normal 0 0 1
    outer loop
      vertex 1.2020815280171309 -126.79791847198287 2
      vertex 10 -111 2
      vertex 1.034894429314825 -126.6512993215049 2
    endloop
  endfacet
  facet normal 0 1 0
    outer loop
      vertex 10 54 2
      vertex 10 54 0
      vertex -189 54 2
    endloop
  endfacet
  facet normal 1 0 0
    outer loop
      vertex 10 31 0
      vertex 10 54 0
      vertex 10 31 2
    endloop
  endfacet
  facet normal 1 0 0
    outer loop
      vertex 10 54 2
      vertex 10 31 2
      vertex 10 54 0
    endloop
  endfacet
  facet normal 0 0 1
    outer loop
      vertex -144.34943816497935 39.570595205269186 2
      vertex -59.77332571000761 42.357926095308585 2
      vertex -59.98389516835398 42.429404794730814 2
    endloop
  endfacet
  facet normal 0 0 1
    outer loop
      vertex -144.34943816497935 39.570595205269186 2
      vertex -59.555227860107415 42.31454373566452 2
      vertex -59.77332571000761 42.357926095308585 2
    endloop
  endfacet
  facet normal 0 0 1
    outer loop
      vertex -144.34943816497935 39.570595205269186 2
      vertex -59.33333333333333 42.3 2
      vertex -59.555227860107415 42.31454373566452 2
    endloop
  endfacet
  facet normal 0 0 1
    outer loop
      vertex -144.34943816497935 39.570595205269186 2
      vertex -50.65056183502065 39.570595205269186 2
      vertex -59.33333333333333 42.3 2
    endloop
  endfacet
  facet normal 0 0 1
    outer loop
      vertex -10 34 2
      vertex -50 36.3 2
      vertex -189 34 2
    endloop
  endfacet
  facet normal 0 0 1
    outer loop
      vertex -144.5600076233257 36.357926095308585 2
      vertex -50.221894526774086 36.31454373566452 2
      vertex -50.43999237667428 36.357926095308585 2
    endloop
  endfacet
  facet normal 0 0 1
    outer loop
      vertex -143.96510557068518 36.6512993215049 2
      vertex -50.85 36.527756813566455 2
      vertex -51.034894429314825 36.6512993215049 2
    endloop
  endfacet
  facet normal 0 0 1
    outer loop
      vertex -144.15 36.527756813566455 2
      vertex -50.65056183502065 36.429404794730814 2
      vertex -50.85 36.527756813566455 2
    endloop
  endfacet
  facet normal 0 0 1
    outer loop
      vertex -144.34943816497935 36.429404794730814 2
      vertex -50.43999237667428 36.357926095308585 2
      vertex -50.65056183502065 36.429404794730814 2
    endloop
  endfacet
  facet normal 0 0 1
    outer loop
      vertex -143.3 38 2
      vertex -51.570595205269186 37.34943816497935 2
      vertex -51.642073904691415 37.56000762332572 2
    endloop
  endfacet
  facet normal 0 0 1
    outer loop
      vertex -143.3 38 2
      vertex -51.642073904691415 37.56000762332572 2
      vertex -51.68545626433548 37.778105473225914 2
    endloop
  endfacet
  facet normal 0 0 1
    outer loop
      vertex -143.3 38 2
      vertex -51.20208152801713 36.79791847198287 2
      vertex -51.3487006784951 36.965105570685175 2
    endloop
  endfacet
  facet normal 0 0 1
    outer loop
      vertex -143.3 38 2
      vertex -51.3487006784951 36.965105570685175 2
      vertex -51.472243186433545 37.15 2
    endloop
  endfacet
  facet normal 0 0 1
    outer loop
      vertex -143.3 38 2
      vertex -51.034894429314825 36.6512993215049 2
      vertex -51.20208152801713 36.79791847198287 2
    endloop
  endfacet
  facet normal 0 0 1
    outer loop
      vertex -143.3 38 2
      vertex -51.472243186433545 37.15 2
      vertex -51.570595205269186 37.34943816497935 2
    endloop
  endfacet
  facet normal 0 0 1
    outer loop
      vertex -143.3 38 2
      vertex -51.68545626433548 37.778105473225914 2
      vertex -51.7 38 2
    endloop
  endfacet
  facet normal 0 0 1
    outer loop
      vertex -143.31454373566453 38.221894526774086 2
      vertex -51.7 38 2
      vertex -51.68545626433548 38.221894526774086 2
    endloop
  endfacet
  facet normal 0 0 1
    outer loop
      vertex -143.31454373566453 38.221894526774086 2
      vertex -51.68545626433548 38.221894526774086 2
      vertex -51.642073904691415 38.43999237667428 2
    endloop
  endfacet
  facet normal 0 0 1
    outer loop
      vertex -143.31454373566453 38.221894526774086 2
      vertex -51.642073904691415 38.43999237667428 2
      vertex -51.570595205269186 38.65056183502065 2
    endloop
  endfacet
  facet normal 0 0 1
    outer loop
      vertex -143.31454373566453 38.221894526774086 2
      vertex -51.570595205269186 38.65056183502065 2
      vertex -51.472243186433545 38.85 2
    endloop
  endfacet
  facet normal 0 0 1
    outer loop
      vertex -143.31454373566453 38.221894526774086 2
      vertex -51.472243186433545 38.85 2
      vertex -51.3487006784951 39.034894429314825 2
    endloop
  endfacet
  facet normal 0 0 1
    outer loop
      vertex -143.31454373566453 38.221894526774086 2
      vertex -51.3487006784951 39.034894429314825 2
      vertex -51.20208152801713 39.20208152801713 2
    endloop
  endfacet
  facet normal 0 0 1
    outer loop
      vertex -143.31454373566453 38.221894526774086 2
      vertex -51.20208152801713 39.20208152801713 2
      vertex -51.034894429314825 39.3487006784951 2
    endloop
  endfacet
  facet normal 0 0 1
    outer loop
      vertex -144.15 39.472243186433545 2
      vertex -51.034894429314825 39.3487006784951 2
      vertex -50.85 39.472243186433545 2
    endloop
  endfacet
  facet normal 0 0 1
    outer loop
      vertex -144.34943816497935 39.570595205269186 2
      vertex -50.85 39.472243186433545 2
      vertex -50.65056183502065 39.570595205269186 2
    endloop
  endfacet
  facet normal 0 0 1
    outer loop
      vertex -117.46458513864953 42.79791847198287 2
      vertex -60.368227762648154 42.6512993215049 2
      vertex -60.53541486135046 42.79791847198287 2
    endloop
  endfacet
  facet normal 0 0 1
    outer loop
      vertex -117.31796598817155 42.965105570685175 2
      vertex -60.53541486135046 42.79791847198287 2
      vertex -60.68203401182843 42.965105570685175 2
    endloop
  endfacet
  facet normal 0 0 1
    outer loop
      vertex -117.09607146139747 43.34943816497935 2
      vertex -60.80557651976687 43.15 2
      vertex -60.903928538602514 43.34943816497935 2
    endloop
  endfacet
  facet normal 0 0 1
    outer loop
      vertex -60.80557651976687 43.15 2
      vertex -117.19442348023311 43.15 2
      vertex -60.68203401182843 42.965105570685175 2
    endloop
  endfacet
  facet normal 0 0 1
    outer loop
      vertex -117.02459276197524 43.56000762332572 2
      vertex -60.903928538602514 43.34943816497935 2
      vertex -60.975407238024744 43.56000762332572 2
    endloop
  endfacet
  facet normal 0 0 1
    outer loop
      vertex -116.98121040233119 43.778105473225914 2
      vertex -60.975407238024744 43.56000762332572 2
      vertex -61.01878959766881 43.778105473225914 2
    endloop
  endfacet
  facet normal 0 0 1
    outer loop
      vertex -117.63177223735184 42.6512993215049 2
      vertex -60.18333333333333 42.527756813566455 2
      vertex -60.368227762648154 42.6512993215049 2
    endloop
  endfacet
  facet normal 0 0 1
    outer loop
      vertex -117.81666666666666 42.527756813566455 2
      vertex -59.98389516835398 42.429404794730814 2
      vertex -60.18333333333333 42.527756813566455 2
    endloop
  endfacet
  facet normal 0 0 1
    outer loop
      vertex -116.96666666666665 44 2
      vertex -61.01878959766881 43.778105473225914 2
      vertex -61.03333333333333 44 2
    endloop
  endfacet
  facet normal 0 0 1
    outer loop
      vertex -116.98121040233119 44.221894526774086 2
      vertex -61.03333333333333 44 2
      vertex -61.01878959766881 44.221894526774086 2
    endloop
  endfacet
  facet normal 0 0 1
    outer loop
      vertex -117.02459276197524 44.43999237667428 2
      vertex -61.01878959766881 44.221894526774086 2
      vertex -60.975407238024744 44.43999237667428 2
    endloop
  endfacet
  facet normal 0 0 1
    outer loop
      vertex -117.09607146139747 44.65056183502065 2
      vertex -60.975407238024744 44.43999237667428 2
      vertex -60.903928538602514 44.65056183502065 2
    endloop
  endfacet
  facet normal 0 0 1
    outer loop
      vertex -117.19442348023311 44.85 2
      vertex -60.903928538602514 44.65056183502065 2
      vertex -60.80557651976687 44.85 2
    endloop
  endfacet
  facet normal 0 0 1
    outer loop
      vertex -117.31796598817155 45.034894429314825 2
      vertex -60.80557651976687 44.85 2
      vertex -60.68203401182843 45.034894429314825 2
    endloop
  endfacet
  facet normal 0 0 1
    outer loop
      vertex -117.46458513864953 45.20208152801713 2
      vertex -60.68203401182843 45.034894429314825 2
      vertex -60.53541486135046 45.20208152801713 2
    endloop
  endfacet
  facet normal 0 0 1
    outer loop
      vertex -117.63177223735184 45.3487006784951 2
      vertex -60.53541486135046 45.20208152801713 2
      vertex -60.368227762648154 45.3487006784951 2
    endloop
  endfacet
  facet normal 0 0 1
    outer loop
      vertex -117.81666666666666 45.472243186433545 2
      vertex -60.368227762648154 45.3487006784951 2
      vertex -60.18333333333333 45.472243186433545 2
    endloop
  endfacet
  facet normal 0 0 1
    outer loop
      vertex -118.016104831646 45.570595205269186 2
      vertex -60.18333333333333 45.472243186433545 2
      vertex -59.98389516835398 45.570595205269186 2
    endloop
  endfacet
  facet normal 0 0 1
    outer loop
      vertex -118.22667428999237 45.642073904691415 2
      vertex -59.98389516835398 45.570595205269186 2
      vertex -59.77332571000761 45.642073904691415 2
    endloop
  endfacet
  facet normal 0 0 1
    outer loop
      vertex -118.44477213989256 45.68545626433548 2
      vertex -59.77332571000761 45.642073904691415 2
      vertex -59.555227860107415 45.68545626433548 2
    endloop
  endfacet
  facet normal 0 0 1
    outer loop
      vertex -118.66666666666666 45.7 2
      vertex -59.555227860107415 45.68545626433548 2
      vertex -59.33333333333333 45.7 2
    endloop
  endfacet
  facet normal 0 0 1
    outer loop
      vertex -59.33333333333333 45.7 2
      vertex -0.6505618350206526 45.570595205269186 2
      vertex -189 54 2
    endloop
  endfacet
  facet normal 0 0 1
    outer loop
      vertex -50.65056183502065 39.570595205269186 2
      vertex -59.11143880655924 42.31454373566452 2
      vertex -59.33333333333333 42.3 2
    endloop
  endfacet
  facet normal 0 0 1
    outer loop
      vertex -50.65056183502065 39.570595205269186 2
      vertex -58.682771498312675 42.429404794730814 2
      vertex -58.893340956659046 42.357926095308585 2
    endloop
  endfacet
  facet normal 0 0 1
    outer loop
      vertex -50.65056183502065 39.570595205269186 2
      vertex -58.893340956659046 42.357926095308585 2
      vertex -59.11143880655924 42.31454373566452 2
    endloop
  endfacet
  facet normal 0 0 1
    outer loop
      vertex -50.43999237667428 39.642073904691415 2
      vertex -58.682771498312675 42.429404794730814 2
      vertex -50.65056183502065 39.570595205269186 2
    endloop
  endfacet
  facet normal 0 0 1
    outer loop
      vertex -50.221894526774086 39.68545626433548 2
      vertex -58.682771498312675 42.429404794730814 2
      vertex -50.43999237667428 39.642073904691415 2
    endloop
  endfacet
  facet normal 0 0 1
    outer loop
      vertex -50 39.7 2
      vertex -58.682771498312675 42.429404794730814 2
      vertex -50.221894526774086 39.68545626433548 2
    endloop
  endfacet
  facet normal 0 0 1
    outer loop
      vertex -49.778105473225914 39.68545626433548 2
      vertex -58.682771498312675 42.429404794730814 2
      vertex -50 39.7 2
    endloop
  endfacet
  facet normal 0 0 1
    outer loop
      vertex -49.56000762332572 39.642073904691415 2
      vertex -58.682771498312675 42.429404794730814 2
      vertex -49.778105473225914 39.68545626433548 2
    endloop
  endfacet
  facet normal 0 0 1
    outer loop
      vertex -0.43999237667428526 45.642073904691415 2
      vertex -189 54 2
      vertex -0.6505618350206526 45.570595205269186 2
    endloop
  endfacet
  facet normal 0 0 1
    outer loop
      vertex 10 54 2
      vertex -189 54 2
      vertex -0.43999237667428526 45.642073904691415 2
    endloop
  endfacet
  facet normal 0 0 1
    outer loop
      vertex -10 34 2
      vertex -49.778105473225914 36.31454373566452 2
      vertex -50 36.3 2
    endloop
  endfacet
  facet normal 0 0 1
    outer loop
      vertex -10 34 2
      vertex -49.34943816497935 36.429404794730814 2
      vertex -49.56000762332572 36.357926095308585 2
    endloop
  endfacet
  facet normal 0 0 1
    outer loop
      vertex -10 34 2
      vertex -49.56000762332572 36.357926095308585 2
      vertex -49.778105473225914 36.31454373566452 2
    endloop
  endfacet
  facet normal 0 0 1
    outer loop
      vertex -10 34 2
      vertex -49.15 36.527756813566455 2
      vertex -49.34943816497935 36.429404794730814 2
    endloop
  endfacet
  facet normal 0 0 1
    outer loop
      vertex -10 34 2
      vertex -48.79791847198287 36.79791847198287 2
      vertex -48.965105570685175 36.6512993215049 2
    endloop
  endfacet
  facet normal 0 0 1
    outer loop
      vertex -10 34 2
      vertex -48.965105570685175 36.6512993215049 2
      vertex -49.15 36.527756813566455 2
    endloop
  endfacet
  facet normal 0 0 1
    outer loop
      vertex -10 34 2
      vertex -48.6512993215049 36.965105570685175 2
      vertex -48.79791847198287 36.79791847198287 2
    endloop
  endfacet
  facet normal 0 0 1
    outer loop
      vertex -10 34 2
      vertex -48.527756813566455 37.15 2
      vertex -48.6512993215049 36.965105570685175 2
    endloop
  endfacet
  facet normal 0 0 1
    outer loop
      vertex -10 34 2
      vertex -48.429404794730814 37.34943816497935 2
      vertex -48.527756813566455 37.15 2
    endloop
  endfacet
  facet normal 0 0 1
    outer loop
      vertex -10 34 2
      vertex -48.357926095308585 37.56000762332572 2
      vertex -48.429404794730814 37.34943816497935 2
    endloop
  endfacet
  facet normal 0 0 1
    outer loop
      vertex -10 34 2
      vertex -48.31454373566452 37.778105473225914 2
      vertex -48.357926095308585 37.56000762332572 2
    endloop
  endfacet
  facet normal 0 0 1
    outer loop
      vertex -10 34 2
      vertex -48.3 38 2
      vertex -48.31454373566452 37.778105473225914 2
    endloop
  endfacet
  facet normal 0 0 1
    outer loop
      vertex -10 34 2
      vertex -48.31454373566452 38.221894526774086 2
      vertex -48.3 38 2
    endloop
  endfacet
  facet normal 0 0 1
    outer loop
      vertex -10 34 2
      vertex -48.357926095308585 38.43999237667428 2
      vertex -48.31454373566452 38.221894526774086 2
    endloop
  endfacet
  facet normal 0 0 1
    outer loop
      vertex -10 34 2
      vertex -48.429404794730814 38.65056183502065 2
      vertex -48.357926095308585 38.43999237667428 2
    endloop
  endfacet
  facet normal 0 0 1
    outer loop
      vertex -10 34 2
      vertex -48.527756813566455 38.85 2
      vertex -48.429404794730814 38.65056183502065 2
    endloop
  endfacet
  facet normal 0 0 1
    outer loop
      vertex -49.56000762332572 39.642073904691415 2
      vertex -1.6420739046914161 43.56000762332572 2
      vertex -58.682771498312675 42.429404794730814 2
    endloop
  endfacet
  facet normal 0 0 1
    outer loop
      vertex -48.6512993215049 39.034894429314825 2
      vertex -1.6420739046914161 43.56000762332572 2
      vertex -48.79791847198287 39.20208152801713 2
    endloop
  endfacet
  facet normal 0 0 1
    outer loop
      vertex -48.79791847198287 39.20208152801713 2
      vertex -1.6420739046914161 43.56000762332572 2
      vertex -48.965105570685175 39.3487006784951 2
    endloop
  endfacet
  facet normal 0 0 1
    outer loop
      vertex -48.527756813566455 38.85 2
      vertex -1.6420739046914161 43.56000762332572 2
      vertex -48.6512993215049 39.034894429314825 2
    endloop
  endfacet
  facet normal 0 0 1
    outer loop
      vertex -49.15 39.472243186433545 2
      vertex -1.6420739046914161 43.56000762332572 2
      vertex -49.34943816497935 39.570595205269186 2
    endloop
  endfacet
  facet normal 0 0 1
    outer loop
      vertex -49.34943816497935 39.570595205269186 2
      vertex -1.6420739046914161 43.56000762332572 2
      vertex -49.56000762332572 39.642073904691415 2
    endloop
  endfacet
  facet normal 0 0 1
    outer loop
      vertex -48.965105570685175 39.3487006784951 2
      vertex -1.6420739046914161 43.56000762332572 2
      vertex -49.15 39.472243186433545 2
    endloop
  endfacet
  facet normal 0 0 1
    outer loop
      vertex -58.682771498312675 42.429404794730814 2
      vertex -1.6420739046914161 43.56000762332572 2
      vertex -58.48333333333333 42.527756813566455 2
    endloop
  endfacet
  facet normal 0 0 1
    outer loop
      vertex -58.48333333333333 42.527756813566455 2
      vertex -1.6420739046914161 43.56000762332572 2
      vertex -58.298438904018504 42.6512993215049 2
    endloop
  endfacet
  facet normal 0 0 1
    outer loop
      vertex -58.1312518053162 42.79791847198287 2
      vertex -1.6420739046914161 43.56000762332572 2
      vertex -57.98463265483823 42.965105570685175 2
    endloop
  endfacet
  facet normal 0 0 1
    outer loop
      vertex -58.298438904018504 42.6512993215049 2
      vertex -1.6420739046914161 43.56000762332572 2
      vertex -58.1312518053162 42.79791847198287 2
    endloop
  endfacet
  facet normal 0 0 1
    outer loop
      vertex -57.98463265483823 42.965105570685175 2
      vertex -1.6420739046914161 43.56000762332572 2
      vertex -57.861090146899784 43.15 2
    endloop
  endfacet
  facet normal 0 0 1
    outer loop
      vertex -57.76273812806414 43.34943816497935 2
      vertex -1.6420739046914161 43.56000762332572 2
      vertex -57.691259428641914 43.56000762332572 2
    endloop
  endfacet
  facet normal 0 0 1
    outer loop
      vertex -57.861090146899784 43.15 2
      vertex -1.6420739046914161 43.56000762332572 2
      vertex -57.76273812806414 43.34943816497935 2
    endloop
  endfacet
  facet normal 0 0 1
    outer loop
      vertex -57.691259428641914 43.56000762332572 2
      vertex -1.6420739046914161 43.56000762332572 2
      vertex -57.64787706899785 43.778105473225914 2
    endloop
  endfacet
  facet normal 0 0 1
    outer loop
      vertex -57.64787706899785 43.778105473225914 2
      vertex -1.6420739046914161 43.56000762332572 2
      vertex -57.633333333333326 44 2
    endloop
  endfacet
  facet normal 0 0 1
    outer loop
      vertex -57.691259428641914 44.43999237667428 2
      vertex -1.4722431864335457 44.85 2
      vertex -57.76273812806414 44.65056183502065 2
    endloop
  endfacet
  facet normal 0 0 1
    outer loop
      vertex -57.76273812806414 44.65056183502065 2
      vertex -1.4722431864335457 44.85 2
      vertex -57.861090146899784 44.85 2
    endloop
  endfacet
  facet normal 0 0 1
    outer loop
      vertex -57.861090146899784 44.85 2
      vertex -1.4722431864335457 44.85 2
      vertex -57.98463265483823 45.034894429314825 2
    endloop
  endfacet
  facet normal 0 0 1
    outer loop
      vertex -57.98463265483823 45.034894429314825 2
      vertex -1.3487006784950997 45.034894429314825 2
      vertex -58.1312518053162 45.20208152801713 2
    endloop
  endfacet
  facet normal 0 0 1
    outer loop
      vertex -57.633333333333326 44 2
      vertex -1.4722431864335457 44.85 2
      vertex -57.64787706899785 44.221894526774086 2
    endloop
  endfacet
  facet normal 0 0 1
    outer loop
      vertex -57.64787706899785 44.221894526774086 2
      vertex -1.4722431864335457 44.85 2
      vertex -57.691259428641914 44.43999237667428 2
    endloop
  endfacet
  facet normal 0 0 1
    outer loop
      vertex -59.11143880655924 45.68545626433548 2
      vertex -0.6505618350206526 45.570595205269186 2
      vertex -59.33333333333333 45.7 2
    endloop
  endfacet
  facet normal 0 0 1
    outer loop
      vertex -58.682771498312675 45.570595205269186 2
      vertex -0.6505618350206526 45.570595205269186 2
      vertex -58.893340956659046 45.642073904691415 2
    endloop
  endfacet
  facet normal 0 0 1
    outer loop
      vertex -58.893340956659046 45.642073904691415 2
      vertex -0.6505618350206526 45.570595205269186 2
      vertex -59.11143880655924 45.68545626433548 2
    endloop
  endfacet
  facet normal 0 0 1
    outer loop
      vertex -58.1312518053162 45.20208152801713 2
      vertex -1.2020815280171309 45.20208152801713 2
      vertex -58.298438904018504 45.3487006784951 2
    endloop
  endfacet
  facet normal 0 0 1
    outer loop
      vertex -58.298438904018504 45.3487006784951 2
      vertex -1.034894429314825 45.3487006784951 2
      vertex -58.48333333333333 45.472243186433545 2
    endloop
  endfacet
  facet normal 0 0 1
    outer loop
      vertex -58.48333333333333 45.472243186433545 2
      vertex -0.85 45.472243186433545 2
      vertex -58.682771498312675 45.570595205269186 2
    endloop
  endfacet
  facet normal 0 0 1
    outer loop
      vertex -10 34 2
      vertex -1.6420739046914161 43.56000762332572 2
      vertex -48.527756813566455 38.85 2
    endloop
  endfacet
  facet normal 0 0 1
    outer loop
      vertex -57.633333333333326 44 2
      vertex -1.6420739046914161 43.56000762332572 2
      vertex -1.6854562643354776 43.778105473225914 2
    endloop
  endfacet
  facet normal 0 0 1
    outer loop
      vertex -57.633333333333326 44 2
      vertex -1.7 44 2
      vertex -1.6854562643354776 44.221894526774086 2
    endloop
  endfacet
  facet normal 0 0 1
    outer loop
      vertex -57.633333333333326 44 2
      vertex -1.6854562643354776 43.778105473225914 2
      vertex -1.7 44 2
    endloop
  endfacet
  facet normal 0 0 1
    outer loop
      vertex -57.633333333333326 44 2
      vertex -1.6854562643354776 44.221894526774086 2
      vertex -1.6420739046914161 44.43999237667428 2
    endloop
  endfacet
  facet normal 0 0 1
    outer loop
      vertex -57.633333333333326 44 2
      vertex -1.6420739046914161 44.43999237667428 2
      vertex -1.5705952052691874 44.65056183502065 2
    endloop
  endfacet
  facet normal 0 0 1
    outer loop
      vertex -57.633333333333326 44 2
      vertex -1.5705952052691874 44.65056183502065 2
      vertex -1.4722431864335457 44.85 2
    endloop
  endfacet
  facet normal 0 0 1
    outer loop
      vertex -57.98463265483823 45.034894429314825 2
      vertex -1.4722431864335457 44.85 2
      vertex -1.3487006784950997 45.034894429314825 2
    endloop
  endfacet
  facet normal 0 0 1
    outer loop
      vertex -58.1312518053162 45.20208152801713 2
      vertex -1.3487006784950997 45.034894429314825 2
      vertex -1.2020815280171309 45.20208152801713 2
    endloop
  endfacet
  facet normal 0 0 1
    outer loop
      vertex -58.298438904018504 45.3487006784951 2
      vertex -1.2020815280171309 45.20208152801713 2
      vertex -1.034894429314825 45.3487006784951 2
    endloop
  endfacet
  facet normal 0 0 1
    outer loop
      vertex -58.48333333333333 45.472243186433545 2
      vertex -1.034894429314825 45.3487006784951 2
      vertex -0.85 45.472243186433545 2
    endloop
  endfacet
  facet normal 0 0 1
    outer loop
      vertex -58.682771498312675 45.570595205269186 2
      vertex -0.85 45.472243186433545 2
      vertex -0.6505618350206526 45.570595205269186 2
    endloop
  endfacet
  facet normal 0 0 1
    outer loop
      vertex -10 34 2
      vertex -10 31 2
      vertex -1.034894429314825 42.6512993215049 2
    endloop
  endfacet
  facet normal 0 0 1
    outer loop
      vertex -0.43999237667428526 42.357926095308585 2
      vertex -10 31 2
      vertex -0.22189452677408766 42.31454373566452 2
    endloop
  endfacet
  facet normal 0 0 1
    outer loop
      vertex -0.22189452677408766 42.31454373566452 2
      vertex -10 31 2
      vertex 0 42.3 2
    endloop
  endfacet
  facet normal 0 0 1
    outer loop
      vertex 0 42.3 2
      vertex -10 31 2
      vertex 0.22189452677408766 42.31454373566452 2
    endloop
  endfacet
  facet normal 0 0 1
    outer loop
      vertex -1.034894429314825 42.6512993215049 2
      vertex -10 31 2
      vertex -0.85 42.527756813566455 2
    endloop
  endfacet
  facet normal 0 0 1
    outer loop
      vertex -0.85 42.527756813566455 2
      vertex -10 31 2
      vertex -0.6505618350206526 42.429404794730814 2
    endloop
  endfacet
  facet normal 0 0 1
    outer loop
      vertex -0.6505618350206526 42.429404794730814 2
      vertex -10 31 2
      vertex -0.43999237667428526 42.357926095308585 2
    endloop
  endfacet
  facet normal 0 0 1
    outer loop
      vertex -10 34 2
      vertex -1.3487006784950997 42.965105570685175 2
      vertex -1.4722431864335457 43.15 2
    endloop
  endfacet
  facet normal 0 0 1
    outer loop
      vertex -10 34 2
      vertex -1.034894429314825 42.6512993215049 2
      vertex -1.2020815280171309 42.79791847198287 2
    endloop
  endfacet
  facet normal 0 0 1
    outer loop
      vertex -10 34 2
      vertex -1.2020815280171309 42.79791847198287 2
      vertex -1.3487006784950997 42.965105570685175 2
    endloop
  endfacet
  facet normal 0 0 1
    outer loop
      vertex -10 34 2
      vertex -1.5705952052691874 43.34943816497935 2
      vertex -1.6420739046914161 43.56000762332572 2
    endloop
  endfacet
  facet normal 0 0 1
    outer loop
      vertex -10 34 2
      vertex -1.4722431864335457 43.15 2
      vertex -1.5705952052691874 43.34943816497935 2
    endloop
  endfacet
  facet normal 0 0 1
    outer loop
      vertex 0.22189452677408766 42.31454373566452 2
      vertex -10 31 2
      vertex 10 31 2
    endloop
  endfacet
  facet normal 0 0 1
    outer loop
      vertex 0.22189452677408766 42.31454373566452 2
      vertex 10 31 2
      vertex 0.43999237667428526 42.357926095308585 2
    endloop
  endfacet
  facet normal 0 0 1
    outer loop
      vertex 0.43999237667428526 42.357926095308585 2
      vertex 10 31 2
      vertex 0.6505618350206526 42.429404794730814 2
    endloop
  endfacet
  facet normal 0 0 1
    outer loop
      vertex 0.6505618350206526 42.429404794730814 2
      vertex 10 31 2
      vertex 0.85 42.527756813566455 2
    endloop
  endfacet
  facet normal 0 0 1
    outer loop
      vertex 0.85 42.527756813566455 2
      vertex 10 31 2
      vertex 1.034894429314825 42.6512993215049 2
    endloop
  endfacet
  facet normal 0 0 1
    outer loop
      vertex 1.034894429314825 42.6512993215049 2
      vertex 10 31 2
      vertex 1.2020815280171309 42.79791847198287 2
    endloop
  endfacet
  facet normal 0 0 1
    outer loop
      vertex 1.2020815280171309 42.79791847198287 2
      vertex 10 31 2
      vertex 1.3487006784950997 42.965105570685175 2
    endloop
  endfacet
  facet normal 0 0 1
    outer loop
      vertex 1.3487006784950997 42.965105570685175 2
      vertex 10 31 2
      vertex 1.4722431864335457 43.15 2
    endloop
  endfacet
  facet normal 0 0 1
    outer loop
      vertex 1.4722431864335457 43.15 2
      vertex 10 31 2
      vertex 1.5705952052691874 43.34943816497935 2
    endloop
  endfacet
  facet normal 0 0 1
    outer loop
      vertex 1.5705952052691874 43.34943816497935 2
      vertex 10 31 2
      vertex 1.6420739046914161 43.56000762332572 2
    endloop
  endfacet
  facet normal 0 0 1
    outer loop
      vertex 1.6420739046914161 43.56000762332572 2
      vertex 10 31 2
      vertex 1.6854562643354776 43.778105473225914 2
    endloop
  endfacet
  facet normal 0 0 1
    outer loop
      vertex 1.6854562643354776 43.778105473225914 2
      vertex 10 31 2
      vertex 1.7 44 2
    endloop
  endfacet
  facet normal 0 0 1
    outer loop
      vertex 1.7 44 2
      vertex 10 31 2
      vertex 1.6854562643354776 44.221894526774086 2
    endloop
  endfacet
  facet normal 0 0 1
    outer loop
      vertex 1.6420739046914161 44.43999237667428 2
      vertex 10 31 2
      vertex 1.5705952052691874 44.65056183502065 2
    endloop
  endfacet
  facet normal 0 0 1
    outer loop
      vertex 1.6854562643354776 44.221894526774086 2
      vertex 10 31 2
      vertex 1.6420739046914161 44.43999237667428 2
    endloop
  endfacet
  facet normal 0 0 1
    outer loop
      vertex 1.5705952052691874 44.65056183502065 2
      vertex 10 31 2
      vertex 1.4722431864335457 44.85 2
    endloop
  endfacet
  facet normal 0 0 1
    outer loop
      vertex 10 54 2
      vertex -0.43999237667428526 45.642073904691415 2
      vertex -0.22189452677408766 45.68545626433548 2
    endloop
  endfacet
  facet normal 0 0 1
    outer loop
      vertex 10 54 2
      vertex -0.22189452677408766 45.68545626433548 2
      vertex 0 45.7 2
    endloop
  endfacet
  facet normal 0 0 1
    outer loop
      vertex 10 54 2
      vertex 0.22189452677408766 45.68545626433548 2
      vertex 0.43999237667428526 45.642073904691415 2
    endloop
  endfacet
  facet normal 0 0 1
    outer loop
      vertex 10 54 2
      vertex 0 45.7 2
      vertex 0.22189452677408766 45.68545626433548 2
    endloop
  endfacet
  facet normal 0 0 1
    outer loop
      vertex 10 54 2
      vertex 0.43999237667428526 45.642073904691415 2
      vertex 0.6505618350206526 45.570595205269186 2
    endloop
  endfacet
  facet normal 0 0 1
    outer loop
      vertex 10 54 2
      vertex 1.2020815280171309 45.20208152801713 2
      vertex 1.3487006784950997 45.034894429314825 2
    endloop
  endfacet
  facet normal 0 0 1
    outer loop
      vertex 10 54 2
      vertex 1.3487006784950997 45.034894429314825 2
      vertex 1.4722431864335457 44.85 2
    endloop
  endfacet
  facet normal 0 0 1
    outer loop
      vertex 10 54 2
      vertex 1.4722431864335457 44.85 2
      vertex 10 31 2
    endloop
  endfacet
  facet normal 0 0 1
    outer loop
      vertex 10 54 2
      vertex 0.85 45.472243186433545 2
      vertex 1.034894429314825 45.3487006784951 2
    endloop
  endfacet
  facet normal 0 0 1
    outer loop
      vertex 10 54 2
      vertex 0.6505618350206526 45.570595205269186 2
      vertex 0.85 45.472243186433545 2
    endloop
  endfacet
  facet normal 0 0 1
    outer loop
      vertex 10 54 2
      vertex 1.034894429314825 45.3487006784951 2
      vertex 1.2020815280171309 45.20208152801713 2
    endloop
  endfacet
  facet normal 0 1 0
    outer loop
      vertex -10 34 2
      vertex -189 34 2
      vertex -189 34 4
    endloop
  endfacet
  facet normal 1 0 0
    outer loop
      vertex -10 -120.62180483216463 4
      vertex -10 -134 2
      vertex -10 -111 2
    endloop
  endfacet
  facet normal 1 0 0
    outer loop
      vertex -10 -134 4
      vertex -10 -134 2
      vertex -10 -120.62180483216463 4
    endloop
  endfacet
  facet normal 1 0 0
    outer loop
      vertex -10 -111 4
      vertex -10 -120.62180483216463 4
      vertex -10 -111 2
    endloop
  endfacet
  facet normal 0 1 0
    outer loop
      vertex -10 34 2
      vertex -189 34 4
      vertex -10 34 4
    endloop
  endfacet
  facet normal 1 0 0
    outer loop
      vertex -10 34 2
      vertex -10 31 4
      vertex -10 31 2
    endloop
  endfacet
  facet normal 1 0 0
    outer loop
      vertex -10 34 2
      vertex -10 34 4
      vertex -10 31 4
    endloop
  endfacet
endsolid OpenSCAD_Model
