solid OpenSCAD_Model
  facet normal 0 0 -1
    outer loop
      vertex 42.801586638835055 -119.33504571603488 -8.1
      vertex 42.51089838486224 -118.9 -8.1
      vertex 42.801586638835055 -114.46495428396513 -8.1
    endloop
  endfacet
  facet normal 0 0 -1
    outer loop
      vertex 43.1465728752538 -119.72842712474619 -8.1
      vertex 42.801586638835055 -119.33504571603488 -8.1
      vertex 43.1465728752538 -114.07157287525382 -8.1
    endloop
  endfacet
  facet normal 0 0 -1
    outer loop
      vertex 42.11129669484372 -117.93527618041009 -8.1
      vertex 42.00922055450475 -117.42210476888022 -8.1
      vertex 42.11129669484372 -115.86472381958993 -8.1
    endloop
  endfacet
  facet normal 0 0 -1
    outer loop
      vertex 42.51089838486224 -118.9 -8.1
      vertex 42.27948186995485 -118.43073372946037 -8.1
      vertex 42.51089838486224 -114.9 -8.1
    endloop
  endfacet
  facet normal 0 0 -1
    outer loop
      vertex 42.27948186995485 -118.43073372946037 -8.1
      vertex 42.11129669484372 -117.93527618041009 -8.1
      vertex 42.27948186995485 -115.36926627053964 -8.1
    endloop
  endfacet
  facet normal 0 0 -1
    outer loop
      vertex 42.00922055450475 -117.42210476888022 -8.1
      vertex 41.974999999999994 -116.9 -8.1
      vertex 42.00922055450475 -116.3778952311198 -8.1
    endloop
  endfacet
  facet normal 0 0 -1
    outer loop
      vertex 42.00922055450475 -117.42210476888022 -8.1
      vertex 42.00922055450475 -116.3778952311198 -8.1
      vertex 42.11129669484372 -115.86472381958993 -8.1
    endloop
  endfacet
  facet normal 0 0 -1
    outer loop
      vertex 44.444266270539636 -120.59551813004515 -8.1
      vertex 44.974999999999994 -118.63205080756889 -8.1
      vertex 44.939723819589915 -120.76370330515628 -8.1
    endloop
  endfacet
  facet normal 0 0 -1
    outer loop
      vertex 43.53995428396511 -120.07341336116495 -8.1
      vertex 43.974999999999994 -116.9 -8.1
      vertex 43.974999999999994 -120.36410161513776 -8.1
    endloop
  endfacet
  facet normal 0 0 -1
    outer loop
      vertex 43.974999999999994 -120.36410161513776 -8.1
      vertex 44.5607864376269 -118.3142135623731 -8.1
      vertex 44.444266270539636 -120.59551813004515 -8.1
    endloop
  endfacet
  facet normal 0 0 -1
    outer loop
      vertex 43.974999999999994 -120.36410161513776 -8.1
      vertex 44.24294919243112 -117.9 -8.1
      vertex 44.38829331941752 -118.11752285801745 -8.1
    endloop
  endfacet
  facet normal 0 0 -1
    outer loop
      vertex 43.974999999999994 -120.36410161513776 -8.1
      vertex 44.38829331941752 -118.11752285801745 -8.1
      vertex 44.5607864376269 -118.3142135623731 -8.1
    endloop
  endfacet
  facet normal 0 0 -1
    outer loop
      vertex 44.444266270539636 -120.59551813004515 -8.1
      vertex 44.5607864376269 -118.3142135623731 -8.1
      vertex 44.757477141982555 -118.48670668058247 -8.1
    endloop
  endfacet
  facet normal 0 0 -1
    outer loop
      vertex 44.444266270539636 -120.59551813004515 -8.1
      vertex 44.757477141982555 -118.48670668058247 -8.1
      vertex 44.974999999999994 -118.63205080756889 -8.1
    endloop
  endfacet
  facet normal 0 0 -1
    outer loop
      vertex 45.45289523111979 -120.86577944549525 -8.1
      vertex 44.939723819589915 -120.76370330515628 -8.1
      vertex 45.457361909794955 -118.83185165257814 -8.1
    endloop
  endfacet
  facet normal 0 0 -1
    outer loop
      vertex 45.45289523111979 -120.86577944549525 -8.1
      vertex 45.71394761555989 -118.88288972274762 -8.1
      vertex 45.974999999999994 -120.9 -8.1
    endloop
  endfacet
  facet normal 0 0 -1
    outer loop
      vertex 45.974999999999994 -120.9 -8.1
      vertex 46.2360523844401 -118.88288972274762 -8.1
      vertex 46.4971047688802 -120.86577944549525 -8.1
    endloop
  endfacet
  facet normal 0 0 -1
    outer loop
      vertex 44.939723819589915 -120.76370330515628 -8.1
      vertex 45.20963313526981 -118.74775906502258 -8.1
      vertex 45.457361909794955 -118.83185165257814 -8.1
    endloop
  endfacet
  facet normal 0 0 -1
    outer loop
      vertex 44.939723819589915 -120.76370330515628 -8.1
      vertex 44.974999999999994 -118.63205080756889 -8.1
      vertex 45.20963313526981 -118.74775906502258 -8.1
    endloop
  endfacet
  facet normal 0 0 -1
    outer loop
      vertex 45.45289523111979 -120.86577944549525 -8.1
      vertex 45.457361909794955 -118.83185165257814 -8.1
      vertex 45.71394761555989 -118.88288972274762 -8.1
    endloop
  endfacet
  facet normal 0 0 -1
    outer loop
      vertex 45.974999999999994 -120.9 -8.1
      vertex 45.71394761555989 -118.88288972274762 -8.1
      vertex 45.974999999999994 -118.9 -8.1
    endloop
  endfacet
  facet normal 0 0 -1
    outer loop
      vertex 45.974999999999994 -120.9 -8.1
      vertex 45.974999999999994 -118.9 -8.1
      vertex 46.2360523844401 -118.88288972274762 -8.1
    endloop
  endfacet
  facet normal 0 0 -1
    outer loop
      vertex 43.974999999999994 -120.36410161513776 -8.1
      vertex 43.99211027725237 -117.16105238444011 -8.1
      vertex 44.043148347421855 -117.41763809020505 -8.1
    endloop
  endfacet
  facet normal 0 0 -1
    outer loop
      vertex 43.974999999999994 -120.36410161513776 -8.1
      vertex 43.974999999999994 -116.9 -8.1
      vertex 43.99211027725237 -117.16105238444011 -8.1
    endloop
  endfacet
  facet normal 0 0 -1
    outer loop
      vertex 43.53995428396511 -120.07341336116495 -8.1
      vertex 43.1465728752538 -119.72842712474619 -8.1
      vertex 43.53995428396511 -113.72658663883506 -8.1
    endloop
  endfacet
  facet normal 0 0 -1
    outer loop
      vertex 43.974999999999994 -120.36410161513776 -8.1
      vertex 44.12724093497742 -117.66536686473019 -8.1
      vertex 44.24294919243112 -117.9 -8.1
    endloop
  endfacet
  facet normal 0 0 -1
    outer loop
      vertex 43.974999999999994 -120.36410161513776 -8.1
      vertex 44.043148347421855 -117.41763809020505 -8.1
      vertex 44.12724093497742 -117.66536686473019 -8.1
    endloop
  endfacet
  facet normal 0 0 -1
    outer loop
      vertex 43.53995428396511 -120.07341336116495 -8.1
      vertex 43.974999999999994 -113.43589838486226 -8.1
      vertex 43.974999999999994 -116.9 -8.1
    endloop
  endfacet
  facet normal 0 0 -1
    outer loop
      vertex 46.4971047688802 -120.86577944549525 -8.1
      vertex 46.74036686473018 -118.74775906502258 -8.1
      vertex 47.010276180410074 -120.76370330515628 -8.1
    endloop
  endfacet
  facet normal 0 0 -1
    outer loop
      vertex 47.010276180410074 -120.76370330515628 -8.1
      vertex 47.19252285801743 -118.48670668058247 -8.1
      vertex 47.50573372946035 -120.59551813004515 -8.1
    endloop
  endfacet
  facet normal 0 0 -1
    outer loop
      vertex 46.4971047688802 -120.86577944549525 -8.1
      vertex 46.2360523844401 -118.88288972274762 -8.1
      vertex 46.492638090205034 -118.83185165257814 -8.1
    endloop
  endfacet
  facet normal 0 0 -1
    outer loop
      vertex 46.4971047688802 -120.86577944549525 -8.1
      vertex 46.492638090205034 -118.83185165257814 -8.1
      vertex 46.74036686473018 -118.74775906502258 -8.1
    endloop
  endfacet
  facet normal 0 0 -1
    outer loop
      vertex 47.010276180410074 -120.76370330515628 -8.1
      vertex 46.74036686473018 -118.74775906502258 -8.1
      vertex 46.974999999999994 -118.63205080756889 -8.1
    endloop
  endfacet
  facet normal 0 0 -1
    outer loop
      vertex 47.010276180410074 -120.76370330515628 -8.1
      vertex 46.974999999999994 -118.63205080756889 -8.1
      vertex 47.19252285801743 -118.48670668058247 -8.1
    endloop
  endfacet
  facet normal 0 0 -1
    outer loop
      vertex 47.50573372946035 -120.59551813004515 -8.1
      vertex 47.70705080756887 -117.9 -8.1
      vertex 47.974999999999994 -120.36410161513776 -8.1
    endloop
  endfacet
  facet normal 0 0 -1
    outer loop
      vertex 47.50573372946035 -120.59551813004515 -8.1
      vertex 47.19252285801743 -118.48670668058247 -8.1
      vertex 47.38921356237309 -118.3142135623731 -8.1
    endloop
  endfacet
  facet normal 0 0 -1
    outer loop
      vertex 47.50573372946035 -120.59551813004515 -8.1
      vertex 47.38921356237309 -118.3142135623731 -8.1
      vertex 47.56170668058247 -118.11752285801745 -8.1
    endloop
  endfacet
  facet normal 0 0 -1
    outer loop
      vertex 47.50573372946035 -120.59551813004515 -8.1
      vertex 47.56170668058247 -118.11752285801745 -8.1
      vertex 47.70705080756887 -117.9 -8.1
    endloop
  endfacet
  facet normal 0 0 -1
    outer loop
      vertex 47.974999999999994 -120.36410161513776 -8.1
      vertex 47.70705080756887 -117.9 -8.1
      vertex 47.82275906502257 -117.66536686473019 -8.1
    endloop
  endfacet
  facet normal 0 0 -1
    outer loop
      vertex 47.974999999999994 -120.36410161513776 -8.1
      vertex 47.82275906502257 -117.66536686473019 -8.1
      vertex 47.90685165257813 -117.41763809020505 -8.1
    endloop
  endfacet
  facet normal 0 0 -1
    outer loop
      vertex 47.974999999999994 -120.36410161513776 -8.1
      vertex 47.90685165257813 -117.41763809020505 -8.1
      vertex 47.957889722747616 -117.16105238444011 -8.1
    endloop
  endfacet
  facet normal 0 0 -1
    outer loop
      vertex 47.974999999999994 -120.36410161513776 -8.1
      vertex 47.957889722747616 -117.16105238444011 -8.1
      vertex 47.974999999999994 -116.9 -8.1
    endloop
  endfacet
  facet normal 0 0 -1
    outer loop
      vertex 47.974999999999994 -120.36410161513776 -8.1
      vertex 48.41004571603488 -113.72658663883506 -8.1
      vertex 48.41004571603488 -120.07341336116495 -8.1
    endloop
  endfacet
  facet normal 0 0 -1
    outer loop
      vertex 48.41004571603488 -120.07341336116495 -8.1
      vertex 48.803427124746186 -114.07157287525382 -8.1
      vertex 48.803427124746186 -119.72842712474619 -8.1
    endloop
  endfacet
  facet normal 0 0 -1
    outer loop
      vertex 48.803427124746186 -119.72842712474619 -8.1
      vertex 49.148413361164934 -114.46495428396513 -8.1
      vertex 49.148413361164934 -119.33504571603488 -8.1
    endloop
  endfacet
  facet normal 0 0 -1
    outer loop
      vertex 49.148413361164934 -119.33504571603488 -8.1
      vertex 49.43910161513775 -114.9 -8.1
      vertex 49.43910161513775 -118.9 -8.1
    endloop
  endfacet
  facet normal 0 0 -1
    outer loop
      vertex 47.974999999999994 -120.36410161513776 -8.1
      vertex 47.974999999999994 -116.9 -8.1
      vertex 48.41004571603488 -113.72658663883506 -8.1
    endloop
  endfacet
  facet normal 0 0 -1
    outer loop
      vertex 49.43910161513775 -118.9 -8.1
      vertex 49.67051813004514 -115.36926627053964 -8.1
      vertex 49.67051813004514 -118.43073372946037 -8.1
    endloop
  endfacet
  facet normal 0 0 -1
    outer loop
      vertex 49.67051813004514 -118.43073372946037 -8.1
      vertex 49.838703305156265 -115.86472381958993 -8.1
      vertex 49.838703305156265 -117.93527618041009 -8.1
    endloop
  endfacet
  facet normal 0 0 -1
    outer loop
      vertex 49.838703305156265 -117.93527618041009 -8.1
      vertex 49.94077944549524 -116.3778952311198 -8.1
      vertex 49.94077944549524 -117.42210476888022 -8.1
    endloop
  endfacet
  facet normal 0 0 -1
    outer loop
      vertex 49.838703305156265 -117.93527618041009 -8.1
      vertex 49.838703305156265 -115.86472381958993 -8.1
      vertex 49.94077944549524 -116.3778952311198 -8.1
    endloop
  endfacet
  facet normal 0 0 -1
    outer loop
      vertex 49.67051813004514 -118.43073372946037 -8.1
      vertex 49.67051813004514 -115.36926627053964 -8.1
      vertex 49.838703305156265 -115.86472381958993 -8.1
    endloop
  endfacet
  facet normal 0 0 -1
    outer loop
      vertex 49.94077944549524 -117.42210476888022 -8.1
      vertex 49.94077944549524 -116.3778952311198 -8.1
      vertex 49.974999999999994 -116.9 -8.1
    endloop
  endfacet
  facet normal -0.8968727415326898 -0.44228869021899814 0
    outer loop
      vertex 42.51089838486224 -118.9 -8.1
      vertex 42.51089838486224 -118.9 0
      vertex 42.27948186995485 -118.43073372946037 -8.1
    endloop
  endfacet
  facet normal -0.7518398074789787 -0.6593458151000674 0
    outer loop
      vertex 43.1465728752538 -119.72842712474619 -8.1
      vertex 43.1465728752538 -119.72842712474619 0
      vertex 42.801586638835055 -119.33504571603488 -8.1
    endloop
  endfacet
  facet normal -0.8314696123025398 -0.5555702330196106 0
    outer loop
      vertex 42.801586638835055 -119.33504571603488 -8.1
      vertex 42.801586638835055 -119.33504571603488 0
      vertex 42.51089838486224 -118.9 -8.1
    endloop
  endfacet
  facet normal -0.9469301294951072 -0.32143946530315676 0
    outer loop
      vertex 42.27948186995485 -118.43073372946037 -8.1
      vertex 42.27948186995485 -118.43073372946037 0
      vertex 42.11129669484372 -117.93527618041009 -8.1
    endloop
  endfacet
  facet normal -0.9807852804032282 -0.1950903220161393 0
    outer loop
      vertex 42.11129669484372 -117.93527618041009 -8.1
      vertex 42.11129669484372 -117.93527618041009 0
      vertex 42.00922055450475 -117.42210476888022 -8.1
    endloop
  endfacet
  facet normal -0.9978589232386039 -0.06540312923013841 0
    outer loop
      vertex 42.00922055450475 -117.42210476888022 -8.1
      vertex 42.00922055450475 -117.42210476888022 0
      vertex 41.974999999999994 -116.9 -8.1
    endloop
  endfacet
  facet normal -0.9978589232386039 0.06540312923013841 0
    outer loop
      vertex 41.974999999999994 -116.9 -8.1
      vertex 41.974999999999994 -116.9 0
      vertex 42.00922055450475 -116.3778952311198 -8.1
    endloop
  endfacet
  facet normal -0.6593458151000826 -0.7518398074789652 0
    outer loop
      vertex 43.53995428396511 -120.07341336116495 -8.1
      vertex 43.53995428396511 -120.07341336116495 0
      vertex 43.1465728752538 -119.72842712474619 -8.1
    endloop
  endfacet
  facet normal -0.5555702330195855 -0.8314696123025564 0
    outer loop
      vertex 43.53995428396511 -120.07341336116495 -8.1
      vertex 43.974999999999994 -120.36410161513776 -8.1
      vertex 43.974999999999994 -120.36410161513776 0
    endloop
  endfacet
  facet normal -0.4422886902190038 -0.8968727415326871 0
    outer loop
      vertex 43.974999999999994 -120.36410161513776 -8.1
      vertex 44.444266270539636 -120.59551813004515 -8.1
      vertex 44.444266270539636 -120.59551813004515 0
    endloop
  endfacet
  facet normal -0.3214394653031731 -0.9469301294951018 0
    outer loop
      vertex 44.444266270539636 -120.59551813004515 -8.1
      vertex 44.939723819589915 -120.76370330515628 -8.1
      vertex 44.939723819589915 -120.76370330515628 0
    endloop
  endfacet
  facet normal -0.1950903220161236 -0.9807852804032314 0
    outer loop
      vertex 45.45289523111979 -120.86577944549525 -8.1
      vertex 45.45289523111979 -120.86577944549525 0
      vertex 44.939723819589915 -120.76370330515628 -8.1
    endloop
  endfacet
  facet normal -0.0654031292301393 -0.9978589232386038 0
    outer loop
      vertex 45.45289523111979 -120.86577944549525 -8.1
      vertex 45.974999999999994 -120.9 -8.1
      vertex 45.974999999999994 -120.9 0
    endloop
  endfacet
  facet normal 0.0654031292301393 -0.9978589232386038 0
    outer loop
      vertex 45.974999999999994 -120.9 -8.1
      vertex 46.4971047688802 -120.86577944549525 -8.1
      vertex 46.4971047688802 -120.86577944549525 0
    endloop
  endfacet
  facet normal 0.1950903220161236 -0.9807852804032314 0
    outer loop
      vertex 46.4971047688802 -120.86577944549525 -8.1
      vertex 47.010276180410074 -120.76370330515628 -8.1
      vertex 47.010276180410074 -120.76370330515628 0
    endloop
  endfacet
  facet normal 0.3214394653031731 -0.9469301294951018 0
    outer loop
      vertex 47.010276180410074 -120.76370330515628 -8.1
      vertex 47.50573372946035 -120.59551813004515 -8.1
      vertex 47.50573372946035 -120.59551813004515 0
    endloop
  endfacet
  facet normal 0.4422886902190038 -0.8968727415326871 0
    outer loop
      vertex 47.50573372946035 -120.59551813004515 -8.1
      vertex 47.974999999999994 -120.36410161513776 -8.1
      vertex 47.974999999999994 -120.36410161513776 0
    endloop
  endfacet
  facet normal 0.5555702330195855 -0.8314696123025564 0
    outer loop
      vertex 47.974999999999994 -120.36410161513776 -8.1
      vertex 48.41004571603488 -120.07341336116495 -8.1
      vertex 48.41004571603488 -120.07341336116495 0
    endloop
  endfacet
  facet normal 0.6593458151000826 -0.7518398074789652 0
    outer loop
      vertex 48.41004571603488 -120.07341336116495 -8.1
      vertex 48.803427124746186 -119.72842712474619 -8.1
      vertex 48.803427124746186 -119.72842712474619 0
    endloop
  endfacet
  facet normal 0.7518398074789787 -0.6593458151000674 0
    outer loop
      vertex 48.803427124746186 -119.72842712474619 -8.1
      vertex 49.148413361164934 -119.33504571603488 -8.1
      vertex 49.148413361164934 -119.33504571603488 0
    endloop
  endfacet
  facet normal 0.8314696123025398 -0.5555702330196106 0
    outer loop
      vertex 49.148413361164934 -119.33504571603488 -8.1
      vertex 49.43910161513775 -118.9 -8.1
      vertex 49.43910161513775 -118.9 0
    endloop
  endfacet
  facet normal 0.8968727415326898 -0.44228869021899814 0
    outer loop
      vertex 49.43910161513775 -118.9 -8.1
      vertex 49.67051813004514 -118.43073372946037 -8.1
      vertex 49.67051813004514 -118.43073372946037 0
    endloop
  endfacet
  facet normal 0.9469301294951072 -0.32143946530315676 0
    outer loop
      vertex 49.67051813004514 -118.43073372946037 -8.1
      vertex 49.838703305156265 -117.93527618041009 -8.1
      vertex 49.838703305156265 -117.93527618041009 0
    endloop
  endfacet
  facet normal 0.9807852804032282 -0.1950903220161393 0
    outer loop
      vertex 49.838703305156265 -117.93527618041009 -8.1
      vertex 49.94077944549524 -117.42210476888022 -8.1
      vertex 49.94077944549524 -117.42210476888022 0
    endloop
  endfacet
  facet normal 0.9978589232386039 -0.06540312923013841 0
    outer loop
      vertex 49.94077944549524 -117.42210476888022 -8.1
      vertex 49.974999999999994 -116.9 -8.1
      vertex 49.974999999999994 -116.9 0
    endloop
  endfacet
  facet normal 0.9978589232386039 0.06540312923013841 0
    outer loop
      vertex 49.974999999999994 -116.9 -8.1
      vertex 49.94077944549524 -116.3778952311198 -8.1
      vertex 49.94077944549524 -116.3778952311198 0
    endloop
  endfacet
  facet normal 0 0 -1
    outer loop
      vertex 42.11129669484372 -117.93527618041009 -8.1
      vertex 42.11129669484372 -115.86472381958993 -8.1
      vertex 42.27948186995485 -115.36926627053964 -8.1
    endloop
  endfacet
  facet normal 0 0 -1
    outer loop
      vertex 42.27948186995485 -118.43073372946037 -8.1
      vertex 42.27948186995485 -115.36926627053964 -8.1
      vertex 42.51089838486224 -114.9 -8.1
    endloop
  endfacet
  facet normal 0 0 -1
    outer loop
      vertex 42.51089838486224 -118.9 -8.1
      vertex 42.51089838486224 -114.9 -8.1
      vertex 42.801586638835055 -114.46495428396513 -8.1
    endloop
  endfacet
  facet normal 0 0 -1
    outer loop
      vertex 42.801586638835055 -119.33504571603488 -8.1
      vertex 42.801586638835055 -114.46495428396513 -8.1
      vertex 43.1465728752538 -114.07157287525382 -8.1
    endloop
  endfacet
  facet normal 0 0 -1
    outer loop
      vertex 43.1465728752538 -119.72842712474619 -8.1
      vertex 43.1465728752538 -114.07157287525382 -8.1
      vertex 43.53995428396511 -113.72658663883506 -8.1
    endloop
  endfacet
  facet normal 0 0 -1
    outer loop
      vertex 43.53995428396511 -120.07341336116495 -8.1
      vertex 43.53995428396511 -113.72658663883506 -8.1
      vertex 43.974999999999994 -113.43589838486226 -8.1
    endloop
  endfacet
  facet normal 0 0 -1
    outer loop
      vertex 43.974999999999994 -116.9 -8.1
      vertex 43.974999999999994 -113.43589838486226 -8.1
      vertex 43.99211027725237 -116.6389476155599 -8.1
    endloop
  endfacet
  facet normal 0 0 -1
    outer loop
      vertex 43.99211027725237 -116.6389476155599 -8.1
      vertex 43.974999999999994 -113.43589838486226 -8.1
      vertex 44.043148347421855 -116.38236190979497 -8.1
    endloop
  endfacet
  facet normal 0 0 -1
    outer loop
      vertex 44.043148347421855 -116.38236190979497 -8.1
      vertex 43.974999999999994 -113.43589838486226 -8.1
      vertex 44.12724093497742 -116.13463313526982 -8.1
    endloop
  endfacet
  facet normal 0 0 -1
    outer loop
      vertex 44.12724093497742 -116.13463313526982 -8.1
      vertex 43.974999999999994 -113.43589838486226 -8.1
      vertex 44.24294919243112 -115.9 -8.1
    endloop
  endfacet
  facet normal 0 0 -1
    outer loop
      vertex 44.24294919243112 -115.9 -8.1
      vertex 44.444266270539636 -113.20448186995486 -8.1
      vertex 44.38829331941752 -115.68247714198256 -8.1
    endloop
  endfacet
  facet normal 0 0 -1
    outer loop
      vertex 44.38829331941752 -115.68247714198256 -8.1
      vertex 44.444266270539636 -113.20448186995486 -8.1
      vertex 44.5607864376269 -115.48578643762691 -8.1
    endloop
  endfacet
  facet normal 0 0 -1
    outer loop
      vertex 44.24294919243112 -115.9 -8.1
      vertex 43.974999999999994 -113.43589838486226 -8.1
      vertex 44.444266270539636 -113.20448186995486 -8.1
    endloop
  endfacet
  facet normal 0 0 -1
    outer loop
      vertex 44.5607864376269 -115.48578643762691 -8.1
      vertex 44.444266270539636 -113.20448186995486 -8.1
      vertex 44.757477141982555 -115.31329331941754 -8.1
    endloop
  endfacet
  facet normal 0 0 -1
    outer loop
      vertex 44.757477141982555 -115.31329331941754 -8.1
      vertex 44.939723819589915 -113.03629669484373 -8.1
      vertex 44.974999999999994 -115.16794919243112 -8.1
    endloop
  endfacet
  facet normal 0 0 -1
    outer loop
      vertex 44.974999999999994 -115.16794919243112 -8.1
      vertex 44.939723819589915 -113.03629669484373 -8.1
      vertex 45.20963313526981 -115.05224093497743 -8.1
    endloop
  endfacet
  facet normal 0 0 -1
    outer loop
      vertex 45.20963313526981 -115.05224093497743 -8.1
      vertex 45.45289523111979 -112.93422055450476 -8.1
      vertex 45.457361909794955 -114.96814834742187 -8.1
    endloop
  endfacet
  facet normal 0 0 -1
    outer loop
      vertex 45.457361909794955 -114.96814834742187 -8.1
      vertex 45.45289523111979 -112.93422055450476 -8.1
      vertex 45.71394761555989 -114.91711027725239 -8.1
    endloop
  endfacet
  facet normal 0 0 -1
    outer loop
      vertex 45.71394761555989 -114.91711027725239 -8.1
      vertex 45.974999999999994 -112.9 -8.1
      vertex 45.974999999999994 -114.9 -8.1
    endloop
  endfacet
  facet normal 0 0 -1
    outer loop
      vertex 45.974999999999994 -114.9 -8.1
      vertex 45.974999999999994 -112.9 -8.1
      vertex 46.2360523844401 -114.91711027725239 -8.1
    endloop
  endfacet
  facet normal 0 0 -1
    outer loop
      vertex 44.757477141982555 -115.31329331941754 -8.1
      vertex 44.444266270539636 -113.20448186995486 -8.1
      vertex 44.939723819589915 -113.03629669484373 -8.1
    endloop
  endfacet
  facet normal 0 0 -1
    outer loop
      vertex 45.20963313526981 -115.05224093497743 -8.1
      vertex 44.939723819589915 -113.03629669484373 -8.1
      vertex 45.45289523111979 -112.93422055450476 -8.1
    endloop
  endfacet
  facet normal 0 0 -1
    outer loop
      vertex 45.71394761555989 -114.91711027725239 -8.1
      vertex 45.45289523111979 -112.93422055450476 -8.1
      vertex 45.974999999999994 -112.9 -8.1
    endloop
  endfacet
  facet normal 0 0 -1
    outer loop
      vertex 46.2360523844401 -114.91711027725239 -8.1
      vertex 45.974999999999994 -112.9 -8.1
      vertex 46.4971047688802 -112.93422055450476 -8.1
    endloop
  endfacet
  facet normal 0 0 -1
    outer loop
      vertex 47.957889722747616 -116.6389476155599 -8.1
      vertex 47.90685165257813 -116.38236190979497 -8.1
      vertex 47.974999999999994 -113.43589838486226 -8.1
    endloop
  endfacet
  facet normal 0 0 -1
    outer loop
      vertex 47.90685165257813 -116.38236190979497 -8.1
      vertex 47.82275906502257 -116.13463313526982 -8.1
      vertex 47.974999999999994 -113.43589838486226 -8.1
    endloop
  endfacet
  facet normal 0 0 -1
    outer loop
      vertex 46.2360523844401 -114.91711027725239 -8.1
      vertex 46.4971047688802 -112.93422055450476 -8.1
      vertex 46.492638090205034 -114.96814834742187 -8.1
    endloop
  endfacet
  facet normal 0 0 -1
    outer loop
      vertex 46.492638090205034 -114.96814834742187 -8.1
      vertex 47.010276180410074 -113.03629669484373 -8.1
      vertex 46.74036686473018 -115.05224093497743 -8.1
    endloop
  endfacet
  facet normal 0 0 -1
    outer loop
      vertex 46.74036686473018 -115.05224093497743 -8.1
      vertex 47.010276180410074 -113.03629669484373 -8.1
      vertex 46.974999999999994 -115.16794919243112 -8.1
    endloop
  endfacet
  facet normal 0 0 -1
    outer loop
      vertex 47.82275906502257 -116.13463313526982 -8.1
      vertex 47.70705080756887 -115.9 -8.1
      vertex 47.974999999999994 -113.43589838486226 -8.1
    endloop
  endfacet
  facet normal 0 0 -1
    outer loop
      vertex 47.56170668058247 -115.68247714198256 -8.1
      vertex 47.974999999999994 -113.43589838486226 -8.1
      vertex 47.70705080756887 -115.9 -8.1
    endloop
  endfacet
  facet normal 0 0 -1
    outer loop
      vertex 47.56170668058247 -115.68247714198256 -8.1
      vertex 47.38921356237309 -115.48578643762691 -8.1
      vertex 47.974999999999994 -113.43589838486226 -8.1
    endloop
  endfacet
  facet normal 0 0 -1
    outer loop
      vertex 47.19252285801743 -115.31329331941754 -8.1
      vertex 47.50573372946035 -113.20448186995486 -8.1
      vertex 47.38921356237309 -115.48578643762691 -8.1
    endloop
  endfacet
  facet normal 0 0 -1
    outer loop
      vertex 47.19252285801743 -115.31329331941754 -8.1
      vertex 46.974999999999994 -115.16794919243112 -8.1
      vertex 47.50573372946035 -113.20448186995486 -8.1
    endloop
  endfacet
  facet normal 0 0 -1
    outer loop
      vertex 48.41004571603488 -120.07341336116495 -8.1
      vertex 48.41004571603488 -113.72658663883506 -8.1
      vertex 48.803427124746186 -114.07157287525382 -8.1
    endloop
  endfacet
  facet normal 0 0 -1
    outer loop
      vertex 47.974999999999994 -116.9 -8.1
      vertex 47.957889722747616 -116.6389476155599 -8.1
      vertex 47.974999999999994 -113.43589838486226 -8.1
    endloop
  endfacet
  facet normal 0 0 -1
    outer loop
      vertex 48.803427124746186 -119.72842712474619 -8.1
      vertex 48.803427124746186 -114.07157287525382 -8.1
      vertex 49.148413361164934 -114.46495428396513 -8.1
    endloop
  endfacet
  facet normal 0 0 -1
    outer loop
      vertex 49.148413361164934 -119.33504571603488 -8.1
      vertex 49.148413361164934 -114.46495428396513 -8.1
      vertex 49.43910161513775 -114.9 -8.1
    endloop
  endfacet
  facet normal 0 0 -1
    outer loop
      vertex 49.43910161513775 -118.9 -8.1
      vertex 49.43910161513775 -114.9 -8.1
      vertex 49.67051813004514 -115.36926627053964 -8.1
    endloop
  endfacet
  facet normal 0 0 -1
    outer loop
      vertex 47.974999999999994 -116.9 -8.1
      vertex 47.974999999999994 -113.43589838486226 -8.1
      vertex 48.41004571603488 -113.72658663883506 -8.1
    endloop
  endfacet
  facet normal 0 0 -1
    outer loop
      vertex 46.492638090205034 -114.96814834742187 -8.1
      vertex 46.4971047688802 -112.93422055450476 -8.1
      vertex 47.010276180410074 -113.03629669484373 -8.1
    endloop
  endfacet
  facet normal 0 0 -1
    outer loop
      vertex 46.974999999999994 -115.16794919243112 -8.1
      vertex 47.010276180410074 -113.03629669484373 -8.1
      vertex 47.50573372946035 -113.20448186995486 -8.1
    endloop
  endfacet
  facet normal 0 0 -1
    outer loop
      vertex 47.38921356237309 -115.48578643762691 -8.1
      vertex 47.50573372946035 -113.20448186995486 -8.1
      vertex 47.974999999999994 -113.43589838486226 -8.1
    endloop
  endfacet
  facet normal -0.9807852804032282 0.1950903220161393 0
    outer loop
      vertex 42.00922055450475 -116.3778952311198 -8.1
      vertex 42.00922055450475 -116.3778952311198 0
      vertex 42.11129669484372 -115.86472381958993 -8.1
    endloop
  endfacet
  facet normal -0.9469301294951072 0.32143946530315676 0
    outer loop
      vertex 42.11129669484372 -115.86472381958993 -8.1
      vertex 42.11129669484372 -115.86472381958993 0
      vertex 42.27948186995485 -115.36926627053964 -8.1
    endloop
  endfacet
  facet normal -0.8968727415326898 0.44228869021899814 0
    outer loop
      vertex 42.27948186995485 -115.36926627053964 -8.1
      vertex 42.27948186995485 -115.36926627053964 0
      vertex 42.51089838486224 -114.9 -8.1
    endloop
  endfacet
  facet normal -0.8314696123025398 0.5555702330196106 0
    outer loop
      vertex 42.51089838486224 -114.9 -8.1
      vertex 42.51089838486224 -114.9 0
      vertex 42.801586638835055 -114.46495428396513 -8.1
    endloop
  endfacet
  facet normal -0.7518398074789787 0.6593458151000674 0
    outer loop
      vertex 42.801586638835055 -114.46495428396513 -8.1
      vertex 42.801586638835055 -114.46495428396513 0
      vertex 43.1465728752538 -114.07157287525382 -8.1
    endloop
  endfacet
  facet normal -0.6593458151000826 0.7518398074789652 0
    outer loop
      vertex 43.1465728752538 -114.07157287525382 -8.1
      vertex 43.1465728752538 -114.07157287525382 0
      vertex 43.53995428396511 -113.72658663883506 -8.1
    endloop
  endfacet
  facet normal -0.5555702330195855 0.8314696123025564 0
    outer loop
      vertex 43.53995428396511 -113.72658663883506 -8.1
      vertex 43.53995428396511 -113.72658663883506 0
      vertex 43.974999999999994 -113.43589838486226 -8.1
    endloop
  endfacet
  facet normal -0.4422886902190038 0.8968727415326871 0
    outer loop
      vertex 43.974999999999994 -113.43589838486226 -8.1
      vertex 43.974999999999994 -113.43589838486226 0
      vertex 44.444266270539636 -113.20448186995486 -8.1
    endloop
  endfacet
  facet normal -0.3214394653031731 0.9469301294951018 0
    outer loop
      vertex 44.444266270539636 -113.20448186995486 -8.1
      vertex 44.444266270539636 -113.20448186995486 0
      vertex 44.939723819589915 -113.03629669484373 -8.1
    endloop
  endfacet
  facet normal -0.1950903220161236 0.9807852804032314 0
    outer loop
      vertex 44.939723819589915 -113.03629669484373 -8.1
      vertex 44.939723819589915 -113.03629669484373 0
      vertex 45.45289523111979 -112.93422055450476 -8.1
    endloop
  endfacet
  facet normal -0.0654031292301393 0.9978589232386038 0
    outer loop
      vertex 45.45289523111979 -112.93422055450476 -8.1
      vertex 45.45289523111979 -112.93422055450476 0
      vertex 45.974999999999994 -112.9 -8.1
    endloop
  endfacet
  facet normal 0.0654031292301393 0.9978589232386038 0
    outer loop
      vertex 45.974999999999994 -112.9 -8.1
      vertex 45.974999999999994 -112.9 0
      vertex 46.4971047688802 -112.93422055450476 -8.1
    endloop
  endfacet
  facet normal 0.8968727415326898 0.44228869021899814 0
    outer loop
      vertex 49.67051813004514 -115.36926627053964 -8.1
      vertex 49.43910161513775 -114.9 -8.1
      vertex 49.43910161513775 -114.9 0
    endloop
  endfacet
  facet normal 0.7518398074789787 0.6593458151000674 0
    outer loop
      vertex 48.803427124746186 -114.07157287525382 -8.1
      vertex 48.803427124746186 -114.07157287525382 0
      vertex 49.148413361164934 -114.46495428396513 -8.1
    endloop
  endfacet
  facet normal 0.8314696123025398 0.5555702330196106 0
    outer loop
      vertex 49.43910161513775 -114.9 -8.1
      vertex 49.148413361164934 -114.46495428396513 -8.1
      vertex 49.148413361164934 -114.46495428396513 0
    endloop
  endfacet
  facet normal 0.3214394653031731 0.9469301294951018 0
    outer loop
      vertex 47.010276180410074 -113.03629669484373 -8.1
      vertex 47.010276180410074 -113.03629669484373 0
      vertex 47.50573372946035 -113.20448186995486 -8.1
    endloop
  endfacet
  facet normal 0.4422886902190038 0.8968727415326871 0
    outer loop
      vertex 47.50573372946035 -113.20448186995486 -8.1
      vertex 47.50573372946035 -113.20448186995486 0
      vertex 47.974999999999994 -113.43589838486226 -8.1
    endloop
  endfacet
  facet normal 0.1950903220161236 0.9807852804032314 0
    outer loop
      vertex 46.4971047688802 -112.93422055450476 -8.1
      vertex 46.4971047688802 -112.93422055450476 0
      vertex 47.010276180410074 -113.03629669484373 -8.1
    endloop
  endfacet
  facet normal 0.6593458151000826 0.7518398074789652 0
    outer loop
      vertex 48.803427124746186 -114.07157287525382 -8.1
      vertex 48.41004571603488 -113.72658663883506 -8.1
      vertex 48.41004571603488 -113.72658663883506 0
    endloop
  endfacet
  facet normal 0.5555702330195855 0.8314696123025564 0
    outer loop
      vertex 48.41004571603488 -113.72658663883506 -8.1
      vertex 47.974999999999994 -113.43589838486226 -8.1
      vertex 47.974999999999994 -113.43589838486226 0
    endloop
  endfacet
  facet normal 0.9807852804032282 0.1950903220161393 0
    outer loop
      vertex 49.838703305156265 -115.86472381958993 -8.1
      vertex 49.838703305156265 -115.86472381958993 0
      vertex 49.94077944549524 -116.3778952311198 -8.1
    endloop
  endfacet
  facet normal 0.9469301294951072 0.32143946530315676 0
    outer loop
      vertex 49.838703305156265 -115.86472381958993 -8.1
      vertex 49.67051813004514 -115.36926627053964 -8.1
      vertex 49.67051813004514 -115.36926627053964 0
    endloop
  endfacet
  facet normal -0.7518398074789787 -0.6593458151000674 0
    outer loop
      vertex 42.801586638835055 -119.33504571603488 -8.1
      vertex 43.1465728752538 -119.72842712474619 0
      vertex 42.801586638835055 -119.33504571603488 0
    endloop
  endfacet
  facet normal -0.8314696123025398 -0.5555702330196106 0
    outer loop
      vertex 42.51089838486224 -118.9 -8.1
      vertex 42.801586638835055 -119.33504571603488 0
      vertex 42.51089838486224 -118.9 0
    endloop
  endfacet
  facet normal -0.8968727415326898 -0.44228869021899814 0
    outer loop
      vertex 42.27948186995485 -118.43073372946037 -8.1
      vertex 42.51089838486224 -118.9 0
      vertex 42.27948186995485 -118.43073372946037 0
    endloop
  endfacet
  facet normal -0.9807852804032282 -0.1950903220161393 0
    outer loop
      vertex 42.00922055450475 -117.42210476888022 -8.1
      vertex 42.11129669484372 -117.93527618041009 0
      vertex 42.00922055450475 -117.42210476888022 0
    endloop
  endfacet
  facet normal -0.9469301294951072 -0.32143946530315676 0
    outer loop
      vertex 42.11129669484372 -117.93527618041009 -8.1
      vertex 42.27948186995485 -118.43073372946037 0
      vertex 42.11129669484372 -117.93527618041009 0
    endloop
  endfacet
  facet normal -0.9978589232386039 -0.06540312923013841 0
    outer loop
      vertex 41.974999999999994 -116.9 -8.1
      vertex 42.00922055450475 -117.42210476888022 0
      vertex 41.974999999999994 -116.9 0
    endloop
  endfacet
  facet normal -0.9978589232386039 0.06540312923013841 0
    outer loop
      vertex 42.00922055450475 -116.3778952311198 -8.1
      vertex 41.974999999999994 -116.9 0
      vertex 42.00922055450475 -116.3778952311198 0
    endloop
  endfacet
  facet normal -0.6593458151000826 -0.7518398074789652 0
    outer loop
      vertex 43.1465728752538 -119.72842712474619 -8.1
      vertex 43.53995428396511 -120.07341336116495 0
      vertex 43.1465728752538 -119.72842712474619 0
    endloop
  endfacet
  facet normal -0.5555702330195855 -0.8314696123025564 0
    outer loop
      vertex 43.53995428396511 -120.07341336116495 -8.1
      vertex 43.974999999999994 -120.36410161513776 0
      vertex 43.53995428396511 -120.07341336116495 0
    endloop
  endfacet
  facet normal -0.4422886902190038 -0.8968727415326871 0
    outer loop
      vertex 43.974999999999994 -120.36410161513776 -8.1
      vertex 44.444266270539636 -120.59551813004515 0
      vertex 43.974999999999994 -120.36410161513776 0
    endloop
  endfacet
  facet normal -0.3214394653031731 -0.9469301294951018 0
    outer loop
      vertex 44.444266270539636 -120.59551813004515 -8.1
      vertex 44.939723819589915 -120.76370330515628 0
      vertex 44.444266270539636 -120.59551813004515 0
    endloop
  endfacet
  facet normal -0.1950903220161236 -0.9807852804032314 0
    outer loop
      vertex 44.939723819589915 -120.76370330515628 -8.1
      vertex 45.45289523111979 -120.86577944549525 0
      vertex 44.939723819589915 -120.76370330515628 0
    endloop
  endfacet
  facet normal -0.0654031292301393 -0.9978589232386038 0
    outer loop
      vertex 45.45289523111979 -120.86577944549525 -8.1
      vertex 45.974999999999994 -120.9 0
      vertex 45.45289523111979 -120.86577944549525 0
    endloop
  endfacet
  facet normal 0.0654031292301393 -0.9978589232386038 0
    outer loop
      vertex 45.974999999999994 -120.9 -8.1
      vertex 46.4971047688802 -120.86577944549525 0
      vertex 45.974999999999994 -120.9 0
    endloop
  endfacet
  facet normal 0.1950903220161236 -0.9807852804032314 0
    outer loop
      vertex 46.4971047688802 -120.86577944549525 -8.1
      vertex 47.010276180410074 -120.76370330515628 0
      vertex 46.4971047688802 -120.86577944549525 0
    endloop
  endfacet
  facet normal 0.3214394653031731 -0.9469301294951018 0
    outer loop
      vertex 47.010276180410074 -120.76370330515628 -8.1
      vertex 47.50573372946035 -120.59551813004515 0
      vertex 47.010276180410074 -120.76370330515628 0
    endloop
  endfacet
  facet normal 0.4422886902190038 -0.8968727415326871 0
    outer loop
      vertex 47.50573372946035 -120.59551813004515 -8.1
      vertex 47.974999999999994 -120.36410161513776 0
      vertex 47.50573372946035 -120.59551813004515 0
    endloop
  endfacet
  facet normal 0.5555702330195855 -0.8314696123025564 0
    outer loop
      vertex 47.974999999999994 -120.36410161513776 -8.1
      vertex 48.41004571603488 -120.07341336116495 0
      vertex 47.974999999999994 -120.36410161513776 0
    endloop
  endfacet
  facet normal 0.6593458151000826 -0.7518398074789652 0
    outer loop
      vertex 48.41004571603488 -120.07341336116495 -8.1
      vertex 48.803427124746186 -119.72842712474619 0
      vertex 48.41004571603488 -120.07341336116495 0
    endloop
  endfacet
  facet normal 0.7518398074789787 -0.6593458151000674 0
    outer loop
      vertex 48.803427124746186 -119.72842712474619 -8.1
      vertex 49.148413361164934 -119.33504571603488 0
      vertex 48.803427124746186 -119.72842712474619 0
    endloop
  endfacet
  facet normal 0.8314696123025398 -0.5555702330196106 0
    outer loop
      vertex 49.148413361164934 -119.33504571603488 -8.1
      vertex 49.43910161513775 -118.9 0
      vertex 49.148413361164934 -119.33504571603488 0
    endloop
  endfacet
  facet normal 0.8968727415326898 -0.44228869021899814 0
    outer loop
      vertex 49.43910161513775 -118.9 -8.1
      vertex 49.67051813004514 -118.43073372946037 0
      vertex 49.43910161513775 -118.9 0
    endloop
  endfacet
  facet normal 0.9469301294951072 -0.32143946530315676 0
    outer loop
      vertex 49.67051813004514 -118.43073372946037 -8.1
      vertex 49.838703305156265 -117.93527618041009 0
      vertex 49.67051813004514 -118.43073372946037 0
    endloop
  endfacet
  facet normal 0.9807852804032282 -0.1950903220161393 0
    outer loop
      vertex 49.838703305156265 -117.93527618041009 -8.1
      vertex 49.94077944549524 -117.42210476888022 0
      vertex 49.838703305156265 -117.93527618041009 0
    endloop
  endfacet
  facet normal 0.9978589232386039 -0.06540312923013841 0
    outer loop
      vertex 49.94077944549524 -117.42210476888022 -8.1
      vertex 49.974999999999994 -116.9 0
      vertex 49.94077944549524 -117.42210476888022 0
    endloop
  endfacet
  facet normal 0.9978589232386039 0.06540312923013841 0
    outer loop
      vertex 49.974999999999994 -116.9 -8.1
      vertex 49.94077944549524 -116.3778952311198 0
      vertex 49.974999999999994 -116.9 0
    endloop
  endfacet
  facet normal -0.9807852804032282 0.1950903220161393 0
    outer loop
      vertex 42.11129669484372 -115.86472381958993 -8.1
      vertex 42.00922055450475 -116.3778952311198 0
      vertex 42.11129669484372 -115.86472381958993 0
    endloop
  endfacet
  facet normal -0.9469301294951072 0.32143946530315676 0
    outer loop
      vertex 42.27948186995485 -115.36926627053964 -8.1
      vertex 42.11129669484372 -115.86472381958993 0
      vertex 42.27948186995485 -115.36926627053964 0
    endloop
  endfacet
  facet normal -0.8968727415326898 0.44228869021899814 0
    outer loop
      vertex 42.51089838486224 -114.9 -8.1
      vertex 42.27948186995485 -115.36926627053964 0
      vertex 42.51089838486224 -114.9 0
    endloop
  endfacet
  facet normal -0.8314696123025398 0.5555702330196106 0
    outer loop
      vertex 42.801586638835055 -114.46495428396513 -8.1
      vertex 42.51089838486224 -114.9 0
      vertex 42.801586638835055 -114.46495428396513 0
    endloop
  endfacet
  facet normal -0.7518398074789787 0.6593458151000674 0
    outer loop
      vertex 43.1465728752538 -114.07157287525382 -8.1
      vertex 42.801586638835055 -114.46495428396513 0
      vertex 43.1465728752538 -114.07157287525382 0
    endloop
  endfacet
  facet normal -0.6593458151000826 0.7518398074789652 0
    outer loop
      vertex 43.53995428396511 -113.72658663883506 -8.1
      vertex 43.1465728752538 -114.07157287525382 0
      vertex 43.53995428396511 -113.72658663883506 0
    endloop
  endfacet
  facet normal -0.5555702330195855 0.8314696123025564 0
    outer loop
      vertex 43.974999999999994 -113.43589838486226 -8.1
      vertex 43.53995428396511 -113.72658663883506 0
      vertex 43.974999999999994 -113.43589838486226 0
    endloop
  endfacet
  facet normal -0.4422886902190038 0.8968727415326871 0
    outer loop
      vertex 44.444266270539636 -113.20448186995486 -8.1
      vertex 43.974999999999994 -113.43589838486226 0
      vertex 44.444266270539636 -113.20448186995486 0
    endloop
  endfacet
  facet normal -0.3214394653031731 0.9469301294951018 0
    outer loop
      vertex 44.939723819589915 -113.03629669484373 -8.1
      vertex 44.444266270539636 -113.20448186995486 0
      vertex 44.939723819589915 -113.03629669484373 0
    endloop
  endfacet
  facet normal -0.1950903220161236 0.9807852804032314 0
    outer loop
      vertex 45.45289523111979 -112.93422055450476 -8.1
      vertex 44.939723819589915 -113.03629669484373 0
      vertex 45.45289523111979 -112.93422055450476 0
    endloop
  endfacet
  facet normal -0.0654031292301393 0.9978589232386038 0
    outer loop
      vertex 45.974999999999994 -112.9 -8.1
      vertex 45.45289523111979 -112.93422055450476 0
      vertex 45.974999999999994 -112.9 0
    endloop
  endfacet
  facet normal 0.0654031292301393 0.9978589232386038 0
    outer loop
      vertex 46.4971047688802 -112.93422055450476 -8.1
      vertex 45.974999999999994 -112.9 0
      vertex 46.4971047688802 -112.93422055450476 0
    endloop
  endfacet
  facet normal 0.8314696123025398 0.5555702330196106 0
    outer loop
      vertex 49.43910161513775 -114.9 -8.1
      vertex 49.148413361164934 -114.46495428396513 0
      vertex 49.43910161513775 -114.9 0
    endloop
  endfacet
  facet normal 0.7518398074789787 0.6593458151000674 0
    outer loop
      vertex 49.148413361164934 -114.46495428396513 -8.1
      vertex 48.803427124746186 -114.07157287525382 0
      vertex 49.148413361164934 -114.46495428396513 0
    endloop
  endfacet
  facet normal 0.3214394653031731 0.9469301294951018 0
    outer loop
      vertex 47.50573372946035 -113.20448186995486 -8.1
      vertex 47.010276180410074 -113.03629669484373 0
      vertex 47.50573372946035 -113.20448186995486 0
    endloop
  endfacet
  facet normal 0.4422886902190038 0.8968727415326871 0
    outer loop
      vertex 47.974999999999994 -113.43589838486226 -8.1
      vertex 47.50573372946035 -113.20448186995486 0
      vertex 47.974999999999994 -113.43589838486226 0
    endloop
  endfacet
  facet normal 0.1950903220161236 0.9807852804032314 0
    outer loop
      vertex 47.010276180410074 -113.03629669484373 -8.1
      vertex 46.4971047688802 -112.93422055450476 0
      vertex 47.010276180410074 -113.03629669484373 0
    endloop
  endfacet
  facet normal 0.5555702330195855 0.8314696123025564 0
    outer loop
      vertex 48.41004571603488 -113.72658663883506 -8.1
      vertex 47.974999999999994 -113.43589838486226 0
      vertex 48.41004571603488 -113.72658663883506 0
    endloop
  endfacet
  facet normal 0.6593458151000826 0.7518398074789652 0
    outer loop
      vertex 48.803427124746186 -114.07157287525382 -8.1
      vertex 48.41004571603488 -113.72658663883506 0
      vertex 48.803427124746186 -114.07157287525382 0
    endloop
  endfacet
  facet normal 0.9807852804032282 0.1950903220161393 0
    outer loop
      vertex 49.94077944549524 -116.3778952311198 -8.1
      vertex 49.838703305156265 -115.86472381958993 0
      vertex 49.94077944549524 -116.3778952311198 0
    endloop
  endfacet
  facet normal 0.9469301294951072 0.32143946530315676 0
    outer loop
      vertex 49.838703305156265 -115.86472381958993 -8.1
      vertex 49.67051813004514 -115.36926627053964 0
      vertex 49.838703305156265 -115.86472381958993 0
    endloop
  endfacet
  facet normal 0.8968727415326898 0.44228869021899814 0
    outer loop
      vertex 49.67051813004514 -115.36926627053964 -8.1
      vertex 49.43910161513775 -114.9 0
      vertex 49.67051813004514 -115.36926627053964 0
    endloop
  endfacet
  facet normal 0 0 -1
    outer loop
      vertex 134.06129669484372 -117.93527618041009 -8.1
      vertex 133.95922055450475 -117.42210476888022 -8.1
      vertex 134.06129669484372 -115.86472381958993 -8.1
    endloop
  endfacet
  facet normal 0 0 -1
    outer loop
      vertex 133.92499999999998 -116.9 -8.1
      vertex 133.95922055450475 -116.3778952311198 -8.1
      vertex 133.95922055450475 -117.42210476888022 -8.1
    endloop
  endfacet
  facet normal 0 0 -1
    outer loop
      vertex 133.95922055450475 -117.42210476888022 -8.1
      vertex 133.95922055450475 -116.3778952311198 -8.1
      vertex 134.06129669484372 -115.86472381958993 -8.1
    endloop
  endfacet
  facet normal 0 0 -1
    outer loop
      vertex 136.39426627053962 -120.59551813004515 -8.1
      vertex 136.92499999999998 -118.63205080756889 -8.1
      vertex 136.8897238195899 -120.76370330515628 -8.1
    endloop
  endfacet
  facet normal 0 0 -1
    outer loop
      vertex 136.8897238195899 -120.76370330515628 -8.1
      vertex 137.40736190979493 -118.83185165257814 -8.1
      vertex 137.40289523111977 -120.86577944549525 -8.1
    endloop
  endfacet
  facet normal 0 0 -1
    outer loop
      vertex 135.92499999999998 -120.36410161513776 -8.1
      vertex 136.51078643762688 -118.3142135623731 -8.1
      vertex 136.39426627053962 -120.59551813004515 -8.1
    endloop
  endfacet
  facet normal 0 0 -1
    outer loop
      vertex 135.92499999999998 -120.36410161513776 -8.1
      vertex 135.4899542839651 -120.07341336116495 -8.1
      vertex 135.92499999999998 -116.9 -8.1
    endloop
  endfacet
  facet normal 0 0 -1
    outer loop
      vertex 135.92499999999998 -120.36410161513776 -8.1
      vertex 136.33829331941752 -118.11752285801745 -8.1
      vertex 136.51078643762688 -118.3142135623731 -8.1
    endloop
  endfacet
  facet normal 0 0 -1
    outer loop
      vertex 135.92499999999998 -120.36410161513776 -8.1
      vertex 136.19294919243112 -117.9 -8.1
      vertex 136.33829331941752 -118.11752285801745 -8.1
    endloop
  endfacet
  facet normal 0 0 -1
    outer loop
      vertex 136.8897238195899 -120.76370330515628 -8.1
      vertex 136.92499999999998 -118.63205080756889 -8.1
      vertex 137.15963313526981 -118.74775906502258 -8.1
    endloop
  endfacet
  facet normal 0 0 -1
    outer loop
      vertex 136.8897238195899 -120.76370330515628 -8.1
      vertex 137.15963313526981 -118.74775906502258 -8.1
      vertex 137.40736190979493 -118.83185165257814 -8.1
    endloop
  endfacet
  facet normal 0 0 -1
    outer loop
      vertex 136.39426627053962 -120.59551813004515 -8.1
      vertex 136.51078643762688 -118.3142135623731 -8.1
      vertex 136.70747714198254 -118.48670668058247 -8.1
    endloop
  endfacet
  facet normal 0 0 -1
    outer loop
      vertex 136.39426627053962 -120.59551813004515 -8.1
      vertex 136.70747714198254 -118.48670668058247 -8.1
      vertex 136.92499999999998 -118.63205080756889 -8.1
    endloop
  endfacet
  facet normal 0 0 -1
    outer loop
      vertex 134.46089838486222 -118.9 -8.1
      vertex 134.75158663883505 -114.46495428396513 -8.1
      vertex 134.75158663883505 -119.33504571603488 -8.1
    endloop
  endfacet
  facet normal 0 0 -1
    outer loop
      vertex 134.75158663883505 -119.33504571603488 -8.1
      vertex 135.0965728752538 -114.07157287525382 -8.1
      vertex 135.0965728752538 -119.72842712474619 -8.1
    endloop
  endfacet
  facet normal 0 0 -1
    outer loop
      vertex 135.4899542839651 -120.07341336116495 -8.1
      vertex 135.0965728752538 -119.72842712474619 -8.1
      vertex 135.4899542839651 -113.72658663883506 -8.1
    endloop
  endfacet
  facet normal 0 0 -1
    outer loop
      vertex 134.46089838486222 -118.9 -8.1
      vertex 134.22948186995484 -118.43073372946037 -8.1
      vertex 134.46089838486222 -114.9 -8.1
    endloop
  endfacet
  facet normal 0 0 -1
    outer loop
      vertex 134.22948186995484 -118.43073372946037 -8.1
      vertex 134.06129669484372 -117.93527618041009 -8.1
      vertex 134.22948186995484 -115.36926627053964 -8.1
    endloop
  endfacet
  facet normal 0 0 -1
    outer loop
      vertex 135.92499999999998 -120.36410161513776 -8.1
      vertex 136.0772409349774 -117.66536686473019 -8.1
      vertex 136.19294919243112 -117.9 -8.1
    endloop
  endfacet
  facet normal 0 0 -1
    outer loop
      vertex 135.92499999999998 -120.36410161513776 -8.1
      vertex 135.99314834742185 -117.41763809020505 -8.1
      vertex 136.0772409349774 -117.66536686473019 -8.1
    endloop
  endfacet
  facet normal 0 0 -1
    outer loop
      vertex 135.92499999999998 -120.36410161513776 -8.1
      vertex 135.94211027725237 -117.16105238444011 -8.1
      vertex 135.99314834742185 -117.41763809020505 -8.1
    endloop
  endfacet
  facet normal 0 0 -1
    outer loop
      vertex 135.92499999999998 -120.36410161513776 -8.1
      vertex 135.92499999999998 -116.9 -8.1
      vertex 135.94211027725237 -117.16105238444011 -8.1
    endloop
  endfacet
  facet normal 0 0 -1
    outer loop
      vertex 135.4899542839651 -120.07341336116495 -8.1
      vertex 135.92499999999998 -113.43589838486226 -8.1
      vertex 135.92499999999998 -116.9 -8.1
    endloop
  endfacet
  facet normal 0 0 -1
    outer loop
      vertex 137.40289523111977 -120.86577944549525 -8.1
      vertex 137.6639476155599 -118.88288972274762 -8.1
      vertex 137.92499999999998 -120.9 -8.1
    endloop
  endfacet
  facet normal 0 0 -1
    outer loop
      vertex 137.92499999999998 -120.9 -8.1
      vertex 138.18605238444007 -118.88288972274762 -8.1
      vertex 138.4471047688802 -120.86577944549525 -8.1
    endloop
  endfacet
  facet normal 0 0 -1
    outer loop
      vertex 138.4471047688802 -120.86577944549525 -8.1
      vertex 138.69036686473015 -118.74775906502258 -8.1
      vertex 138.96027618041006 -120.76370330515628 -8.1
    endloop
  endfacet
  facet normal 0 0 -1
    outer loop
      vertex 137.40289523111977 -120.86577944549525 -8.1
      vertex 137.40736190979493 -118.83185165257814 -8.1
      vertex 137.6639476155599 -118.88288972274762 -8.1
    endloop
  endfacet
  facet normal 0 0 -1
    outer loop
      vertex 137.92499999999998 -120.9 -8.1
      vertex 137.6639476155599 -118.88288972274762 -8.1
      vertex 137.92499999999998 -118.9 -8.1
    endloop
  endfacet
  facet normal 0 0 -1
    outer loop
      vertex 137.92499999999998 -120.9 -8.1
      vertex 137.92499999999998 -118.9 -8.1
      vertex 138.18605238444007 -118.88288972274762 -8.1
    endloop
  endfacet
  facet normal 0 0 -1
    outer loop
      vertex 138.4471047688802 -120.86577944549525 -8.1
      vertex 138.18605238444007 -118.88288972274762 -8.1
      vertex 138.44263809020504 -118.83185165257814 -8.1
    endloop
  endfacet
  facet normal 0 0 -1
    outer loop
      vertex 138.4471047688802 -120.86577944549525 -8.1
      vertex 138.44263809020504 -118.83185165257814 -8.1
      vertex 138.69036686473015 -118.74775906502258 -8.1
    endloop
  endfacet
  facet normal 0 0 -1
    outer loop
      vertex 138.96027618041006 -120.76370330515628 -8.1
      vertex 139.14252285801743 -118.48670668058247 -8.1
      vertex 139.45573372946035 -120.59551813004515 -8.1
    endloop
  endfacet
  facet normal 0 0 -1
    outer loop
      vertex 138.96027618041006 -120.76370330515628 -8.1
      vertex 138.69036686473015 -118.74775906502258 -8.1
      vertex 138.92499999999998 -118.63205080756889 -8.1
    endloop
  endfacet
  facet normal 0 0 -1
    outer loop
      vertex 138.96027618041006 -120.76370330515628 -8.1
      vertex 138.92499999999998 -118.63205080756889 -8.1
      vertex 139.14252285801743 -118.48670668058247 -8.1
    endloop
  endfacet
  facet normal 0 0 -1
    outer loop
      vertex 139.45573372946035 -120.59551813004515 -8.1
      vertex 139.14252285801743 -118.48670668058247 -8.1
      vertex 139.3392135623731 -118.3142135623731 -8.1
    endloop
  endfacet
  facet normal 0 0 -1
    outer loop
      vertex 139.45573372946035 -120.59551813004515 -8.1
      vertex 139.3392135623731 -118.3142135623731 -8.1
      vertex 139.51170668058245 -118.11752285801745 -8.1
    endloop
  endfacet
  facet normal 0 0 -1
    outer loop
      vertex 139.45573372946035 -120.59551813004515 -8.1
      vertex 139.51170668058245 -118.11752285801745 -8.1
      vertex 139.65705080756885 -117.9 -8.1
    endloop
  endfacet
  facet normal 0 0 -1
    outer loop
      vertex 139.45573372946035 -120.59551813004515 -8.1
      vertex 139.65705080756885 -117.9 -8.1
      vertex 139.92499999999998 -120.36410161513776 -8.1
    endloop
  endfacet
  facet normal 0 0 -1
    outer loop
      vertex 139.65705080756885 -117.9 -8.1
      vertex 139.77275906502257 -117.66536686473019 -8.1
      vertex 139.92499999999998 -120.36410161513776 -8.1
    endloop
  endfacet
  facet normal 0 0 -1
    outer loop
      vertex 139.92499999999998 -120.36410161513776 -8.1
      vertex 139.77275906502257 -117.66536686473019 -8.1
      vertex 139.85685165257811 -117.41763809020505 -8.1
    endloop
  endfacet
  facet normal 0 0 -1
    outer loop
      vertex 139.92499999999998 -120.36410161513776 -8.1
      vertex 139.85685165257811 -117.41763809020505 -8.1
      vertex 139.9078897227476 -117.16105238444011 -8.1
    endloop
  endfacet
  facet normal 0 0 -1
    outer loop
      vertex 139.92499999999998 -120.36410161513776 -8.1
      vertex 139.9078897227476 -117.16105238444011 -8.1
      vertex 139.92499999999998 -116.9 -8.1
    endloop
  endfacet
  facet normal 0 0 -1
    outer loop
      vertex 139.92499999999998 -120.36410161513776 -8.1
      vertex 140.36004571603488 -113.72658663883506 -8.1
      vertex 140.36004571603488 -120.07341336116495 -8.1
    endloop
  endfacet
  facet normal 0 0 -1
    outer loop
      vertex 139.92499999999998 -120.36410161513776 -8.1
      vertex 139.92499999999998 -116.9 -8.1
      vertex 140.36004571603488 -113.72658663883506 -8.1
    endloop
  endfacet
  facet normal -0.9807852804032309 -0.19509032201612625 0
    outer loop
      vertex 134.06129669484372 -117.93527618041009 -8.1
      vertex 134.06129669484372 -117.93527618041009 0
      vertex 133.95922055450475 -117.42210476888022 -8.1
    endloop
  endfacet
  facet normal -0.997858923238602 -0.06540312923016545 0
    outer loop
      vertex 133.92499999999998 -116.9 -8.1
      vertex 133.95922055450475 -117.42210476888022 -8.1
      vertex 133.95922055450475 -117.42210476888022 0
    endloop
  endfacet
  facet normal -0.997858923238602 0.06540312923016545 0
    outer loop
      vertex 133.92499999999998 -116.9 -8.1
      vertex 133.92499999999998 -116.9 0
      vertex 133.95922055450475 -116.3778952311198 -8.1
    endloop
  endfacet
  facet normal -0.6593458151000963 -0.7518398074789535 0
    outer loop
      vertex 135.4899542839651 -120.07341336116495 -8.1
      vertex 135.4899542839651 -120.07341336116495 0
      vertex 135.0965728752538 -119.72842712474619 -8.1
    endloop
  endfacet
  facet normal -0.8968727415326953 -0.44228869021898726 0
    outer loop
      vertex 134.46089838486222 -118.9 -8.1
      vertex 134.46089838486222 -118.9 0
      vertex 134.22948186995484 -118.43073372946037 -8.1
    endloop
  endfacet
  facet normal -0.8314696123025273 -0.5555702330196294 0
    outer loop
      vertex 134.46089838486222 -118.9 -8.1
      vertex 134.75158663883505 -119.33504571603488 -8.1
      vertex 134.75158663883505 -119.33504571603488 0
    endloop
  endfacet
  facet normal -0.7518398074789787 -0.6593458151000674 0
    outer loop
      vertex 134.75158663883505 -119.33504571603488 -8.1
      vertex 135.0965728752538 -119.72842712474619 -8.1
      vertex 135.0965728752538 -119.72842712474619 0
    endloop
  endfacet
  facet normal -0.4422886902190091 -0.8968727415326844 0
    outer loop
      vertex 135.92499999999998 -120.36410161513776 -8.1
      vertex 136.39426627053962 -120.59551813004515 -8.1
      vertex 136.39426627053962 -120.59551813004515 0
    endloop
  endfacet
  facet normal -0.5555702330195792 -0.8314696123025606 0
    outer loop
      vertex 135.92499999999998 -120.36410161513776 -8.1
      vertex 135.92499999999998 -120.36410161513776 0
      vertex 135.4899542839651 -120.07341336116495 -8.1
    endloop
  endfacet
  facet normal -0.3214394653031689 -0.9469301294951031 0
    outer loop
      vertex 136.39426627053962 -120.59551813004515 -8.1
      vertex 136.8897238195899 -120.76370330515628 -8.1
      vertex 136.8897238195899 -120.76370330515628 0
    endloop
  endfacet
  facet normal -0.19509032201612625 -0.9807852804032309 0
    outer loop
      vertex 136.8897238195899 -120.76370330515628 -8.1
      vertex 137.40289523111977 -120.86577944549525 -8.1
      vertex 137.40289523111977 -120.86577944549525 0
    endloop
  endfacet
  facet normal -0.9469301294951115 -0.3214394653031446 0
    outer loop
      vertex 134.22948186995484 -118.43073372946037 -8.1
      vertex 134.22948186995484 -118.43073372946037 0
      vertex 134.06129669484372 -117.93527618041009 -8.1
    endloop
  endfacet
  facet normal -0.06540312923013841 -0.9978589232386039 0
    outer loop
      vertex 137.40289523111977 -120.86577944549525 -8.1
      vertex 137.92499999999998 -120.9 -8.1
      vertex 137.92499999999998 -120.9 0
    endloop
  endfacet
  facet normal 0.06540312923013841 -0.9978589232386039 0
    outer loop
      vertex 137.92499999999998 -120.9 -8.1
      vertex 138.4471047688802 -120.86577944549525 -8.1
      vertex 138.4471047688802 -120.86577944549525 0
    endloop
  endfacet
  facet normal 0.19509032201612625 -0.9807852804032309 0
    outer loop
      vertex 138.4471047688802 -120.86577944549525 -8.1
      vertex 138.96027618041006 -120.76370330515628 -8.1
      vertex 138.96027618041006 -120.76370330515628 0
    endloop
  endfacet
  facet normal 0.3214394653031689 -0.9469301294951031 0
    outer loop
      vertex 138.96027618041006 -120.76370330515628 -8.1
      vertex 139.45573372946035 -120.59551813004515 -8.1
      vertex 139.45573372946035 -120.59551813004515 0
    endloop
  endfacet
  facet normal 0.4422886902190091 -0.8968727415326844 0
    outer loop
      vertex 139.45573372946035 -120.59551813004515 -8.1
      vertex 139.92499999999998 -120.36410161513776 -8.1
      vertex 139.92499999999998 -120.36410161513776 0
    endloop
  endfacet
  facet normal 0.5555702330195792 -0.8314696123025606 0
    outer loop
      vertex 139.92499999999998 -120.36410161513776 -8.1
      vertex 140.36004571603488 -120.07341336116495 -8.1
      vertex 140.36004571603488 -120.07341336116495 0
    endloop
  endfacet
  facet normal 0 0 -1
    outer loop
      vertex 134.06129669484372 -117.93527618041009 -8.1
      vertex 134.06129669484372 -115.86472381958993 -8.1
      vertex 134.22948186995484 -115.36926627053964 -8.1
    endloop
  endfacet
  facet normal 0 0 -1
    outer loop
      vertex 134.22948186995484 -118.43073372946037 -8.1
      vertex 134.22948186995484 -115.36926627053964 -8.1
      vertex 134.46089838486222 -114.9 -8.1
    endloop
  endfacet
  facet normal 0 0 -1
    outer loop
      vertex 134.46089838486222 -118.9 -8.1
      vertex 134.46089838486222 -114.9 -8.1
      vertex 134.75158663883505 -114.46495428396513 -8.1
    endloop
  endfacet
  facet normal 0 0 -1
    outer loop
      vertex 134.75158663883505 -119.33504571603488 -8.1
      vertex 134.75158663883505 -114.46495428396513 -8.1
      vertex 135.0965728752538 -114.07157287525382 -8.1
    endloop
  endfacet
  facet normal 0 0 -1
    outer loop
      vertex 135.0965728752538 -119.72842712474619 -8.1
      vertex 135.0965728752538 -114.07157287525382 -8.1
      vertex 135.4899542839651 -113.72658663883506 -8.1
    endloop
  endfacet
  facet normal 0 0 -1
    outer loop
      vertex 135.4899542839651 -120.07341336116495 -8.1
      vertex 135.4899542839651 -113.72658663883506 -8.1
      vertex 135.92499999999998 -113.43589838486226 -8.1
    endloop
  endfacet
  facet normal 0 0 -1
    outer loop
      vertex 135.92499999999998 -116.9 -8.1
      vertex 135.92499999999998 -113.43589838486226 -8.1
      vertex 135.94211027725237 -116.6389476155599 -8.1
    endloop
  endfacet
  facet normal 0 0 -1
    outer loop
      vertex 135.94211027725237 -116.6389476155599 -8.1
      vertex 135.92499999999998 -113.43589838486226 -8.1
      vertex 135.99314834742185 -116.38236190979497 -8.1
    endloop
  endfacet
  facet normal 0 0 -1
    outer loop
      vertex 135.99314834742185 -116.38236190979497 -8.1
      vertex 135.92499999999998 -113.43589838486226 -8.1
      vertex 136.0772409349774 -116.13463313526982 -8.1
    endloop
  endfacet
  facet normal 0 0 -1
    outer loop
      vertex 136.0772409349774 -116.13463313526982 -8.1
      vertex 135.92499999999998 -113.43589838486226 -8.1
      vertex 136.19294919243112 -115.9 -8.1
    endloop
  endfacet
  facet normal 0 0 -1
    outer loop
      vertex 136.19294919243112 -115.9 -8.1
      vertex 136.39426627053962 -113.20448186995486 -8.1
      vertex 136.33829331941752 -115.68247714198256 -8.1
    endloop
  endfacet
  facet normal 0 0 -1
    outer loop
      vertex 136.33829331941752 -115.68247714198256 -8.1
      vertex 136.39426627053962 -113.20448186995486 -8.1
      vertex 136.51078643762688 -115.48578643762691 -8.1
    endloop
  endfacet
  facet normal 0 0 -1
    outer loop
      vertex 136.19294919243112 -115.9 -8.1
      vertex 135.92499999999998 -113.43589838486226 -8.1
      vertex 136.39426627053962 -113.20448186995486 -8.1
    endloop
  endfacet
  facet normal 0 0 -1
    outer loop
      vertex 136.51078643762688 -115.48578643762691 -8.1
      vertex 136.39426627053962 -113.20448186995486 -8.1
      vertex 136.70747714198254 -115.31329331941754 -8.1
    endloop
  endfacet
  facet normal 0 0 -1
    outer loop
      vertex 136.70747714198254 -115.31329331941754 -8.1
      vertex 136.8897238195899 -113.03629669484373 -8.1
      vertex 136.92499999999998 -115.16794919243112 -8.1
    endloop
  endfacet
  facet normal 0 0 -1
    outer loop
      vertex 136.8897238195899 -113.03629669484373 -8.1
      vertex 137.15963313526981 -115.05224093497743 -8.1
      vertex 136.92499999999998 -115.16794919243112 -8.1
    endloop
  endfacet
  facet normal 0 0 -1
    outer loop
      vertex 136.70747714198254 -115.31329331941754 -8.1
      vertex 136.39426627053962 -113.20448186995486 -8.1
      vertex 136.8897238195899 -113.03629669484373 -8.1
    endloop
  endfacet
  facet normal 0 0 -1
    outer loop
      vertex 136.8897238195899 -113.03629669484373 -8.1
      vertex 137.40289523111977 -112.93422055450476 -8.1
      vertex 137.15963313526981 -115.05224093497743 -8.1
    endloop
  endfacet
  facet normal 0 0 -1
    outer loop
      vertex 137.15963313526981 -115.05224093497743 -8.1
      vertex 137.40289523111977 -112.93422055450476 -8.1
      vertex 137.40736190979493 -114.96814834742187 -8.1
    endloop
  endfacet
  facet normal 0 0 -1
    outer loop
      vertex 137.40736190979493 -114.96814834742187 -8.1
      vertex 137.40289523111977 -112.93422055450476 -8.1
      vertex 137.6639476155599 -114.91711027725239 -8.1
    endloop
  endfacet
  facet normal 0 0 -1
    outer loop
      vertex 137.6639476155599 -114.91711027725239 -8.1
      vertex 137.92499999999998 -112.9 -8.1
      vertex 137.92499999999998 -114.9 -8.1
    endloop
  endfacet
  facet normal 0 0 -1
    outer loop
      vertex 137.92499999999998 -114.9 -8.1
      vertex 137.92499999999998 -112.9 -8.1
      vertex 138.18605238444007 -114.91711027725239 -8.1
    endloop
  endfacet
  facet normal 0 0 -1
    outer loop
      vertex 138.18605238444007 -114.91711027725239 -8.1
      vertex 138.4471047688802 -112.93422055450476 -8.1
      vertex 138.44263809020504 -114.96814834742187 -8.1
    endloop
  endfacet
  facet normal 0 0 -1
    outer loop
      vertex 138.44263809020504 -114.96814834742187 -8.1
      vertex 138.96027618041006 -113.03629669484373 -8.1
      vertex 138.69036686473015 -115.05224093497743 -8.1
    endloop
  endfacet
  facet normal 0 0 -1
    outer loop
      vertex 139.92499999999998 -116.9 -8.1
      vertex 139.9078897227476 -116.6389476155599 -8.1
      vertex 139.92499999999998 -113.43589838486226 -8.1
    endloop
  endfacet
  facet normal 0 0 -1
    outer loop
      vertex 139.85685165257811 -116.38236190979497 -8.1
      vertex 139.92499999999998 -113.43589838486226 -8.1
      vertex 139.9078897227476 -116.6389476155599 -8.1
    endloop
  endfacet
  facet normal 0 0 -1
    outer loop
      vertex 139.85685165257811 -116.38236190979497 -8.1
      vertex 139.77275906502257 -116.13463313526982 -8.1
      vertex 139.92499999999998 -113.43589838486226 -8.1
    endloop
  endfacet
  facet normal 0 0 -1
    outer loop
      vertex 139.14252285801743 -115.31329331941754 -8.1
      vertex 138.92499999999998 -115.16794919243112 -8.1
      vertex 139.45573372946035 -113.20448186995486 -8.1
    endloop
  endfacet
  facet normal 0 0 -1
    outer loop
      vertex 138.92499999999998 -115.16794919243112 -8.1
      vertex 138.69036686473015 -115.05224093497743 -8.1
      vertex 138.96027618041006 -113.03629669484373 -8.1
    endloop
  endfacet
  facet normal 0 0 -1
    outer loop
      vertex 139.14252285801743 -115.31329331941754 -8.1
      vertex 139.45573372946035 -113.20448186995486 -8.1
      vertex 139.3392135623731 -115.48578643762691 -8.1
    endloop
  endfacet
  facet normal 0 0 -1
    outer loop
      vertex 139.77275906502257 -116.13463313526982 -8.1
      vertex 139.65705080756885 -115.9 -8.1
      vertex 139.92499999999998 -113.43589838486226 -8.1
    endloop
  endfacet
  facet normal 0 0 -1
    outer loop
      vertex 139.51170668058245 -115.68247714198256 -8.1
      vertex 139.92499999999998 -113.43589838486226 -8.1
      vertex 139.65705080756885 -115.9 -8.1
    endloop
  endfacet
  facet normal 0 0 -1
    outer loop
      vertex 139.51170668058245 -115.68247714198256 -8.1
      vertex 139.3392135623731 -115.48578643762691 -8.1
      vertex 139.92499999999998 -113.43589838486226 -8.1
    endloop
  endfacet
  facet normal 0 0 -1
    outer loop
      vertex 139.92499999999998 -116.9 -8.1
      vertex 139.92499999999998 -113.43589838486226 -8.1
      vertex 140.36004571603488 -113.72658663883506 -8.1
    endloop
  endfacet
  facet normal 0 0 -1
    outer loop
      vertex 137.6639476155599 -114.91711027725239 -8.1
      vertex 137.40289523111977 -112.93422055450476 -8.1
      vertex 137.92499999999998 -112.9 -8.1
    endloop
  endfacet
  facet normal 0 0 -1
    outer loop
      vertex 138.44263809020504 -114.96814834742187 -8.1
      vertex 138.4471047688802 -112.93422055450476 -8.1
      vertex 138.96027618041006 -113.03629669484373 -8.1
    endloop
  endfacet
  facet normal 0 0 -1
    outer loop
      vertex 138.18605238444007 -114.91711027725239 -8.1
      vertex 137.92499999999998 -112.9 -8.1
      vertex 138.4471047688802 -112.93422055450476 -8.1
    endloop
  endfacet
  facet normal 0 0 -1
    outer loop
      vertex 138.92499999999998 -115.16794919243112 -8.1
      vertex 138.96027618041006 -113.03629669484373 -8.1
      vertex 139.45573372946035 -113.20448186995486 -8.1
    endloop
  endfacet
  facet normal 0 0 -1
    outer loop
      vertex 139.3392135623731 -115.48578643762691 -8.1
      vertex 139.45573372946035 -113.20448186995486 -8.1
      vertex 139.92499999999998 -113.43589838486226 -8.1
    endloop
  endfacet
  facet normal -0.9807852804032309 0.19509032201612625 0
    outer loop
      vertex 133.95922055450475 -116.3778952311198 -8.1
      vertex 133.95922055450475 -116.3778952311198 0
      vertex 134.06129669484372 -115.86472381958993 -8.1
    endloop
  endfacet
  facet normal -0.9469301294951115 0.3214394653031446 0
    outer loop
      vertex 134.06129669484372 -115.86472381958993 -8.1
      vertex 134.06129669484372 -115.86472381958993 0
      vertex 134.22948186995484 -115.36926627053964 -8.1
    endloop
  endfacet
  facet normal -0.8968727415326953 0.44228869021898726 0
    outer loop
      vertex 134.22948186995484 -115.36926627053964 -8.1
      vertex 134.22948186995484 -115.36926627053964 0
      vertex 134.46089838486222 -114.9 -8.1
    endloop
  endfacet
  facet normal -0.8314696123025273 0.5555702330196294 0
    outer loop
      vertex 134.46089838486222 -114.9 -8.1
      vertex 134.46089838486222 -114.9 0
      vertex 134.75158663883505 -114.46495428396513 -8.1
    endloop
  endfacet
  facet normal -0.7518398074789787 0.6593458151000674 0
    outer loop
      vertex 134.75158663883505 -114.46495428396513 -8.1
      vertex 134.75158663883505 -114.46495428396513 0
      vertex 135.0965728752538 -114.07157287525382 -8.1
    endloop
  endfacet
  facet normal -0.6593458151000963 0.7518398074789535 0
    outer loop
      vertex 135.0965728752538 -114.07157287525382 -8.1
      vertex 135.0965728752538 -114.07157287525382 0
      vertex 135.4899542839651 -113.72658663883506 -8.1
    endloop
  endfacet
  facet normal -0.5555702330195792 0.8314696123025606 0
    outer loop
      vertex 135.4899542839651 -113.72658663883506 -8.1
      vertex 135.4899542839651 -113.72658663883506 0
      vertex 135.92499999999998 -113.43589838486226 -8.1
    endloop
  endfacet
  facet normal -0.4422886902190091 0.8968727415326844 0
    outer loop
      vertex 135.92499999999998 -113.43589838486226 -8.1
      vertex 135.92499999999998 -113.43589838486226 0
      vertex 136.39426627053962 -113.20448186995486 -8.1
    endloop
  endfacet
  facet normal -0.3214394653031689 0.9469301294951031 0
    outer loop
      vertex 136.39426627053962 -113.20448186995486 -8.1
      vertex 136.39426627053962 -113.20448186995486 0
      vertex 136.8897238195899 -113.03629669484373 -8.1
    endloop
  endfacet
  facet normal -0.19509032201612625 0.9807852804032309 0
    outer loop
      vertex 136.8897238195899 -113.03629669484373 -8.1
      vertex 136.8897238195899 -113.03629669484373 0
      vertex 137.40289523111977 -112.93422055450476 -8.1
    endloop
  endfacet
  facet normal -0.06540312923013841 0.9978589232386039 0
    outer loop
      vertex 137.40289523111977 -112.93422055450476 -8.1
      vertex 137.40289523111977 -112.93422055450476 0
      vertex 137.92499999999998 -112.9 -8.1
    endloop
  endfacet
  facet normal 0.06540312923013841 0.9978589232386039 0
    outer loop
      vertex 137.92499999999998 -112.9 -8.1
      vertex 137.92499999999998 -112.9 0
      vertex 138.4471047688802 -112.93422055450476 -8.1
    endloop
  endfacet
  facet normal 0.19509032201612625 0.9807852804032309 0
    outer loop
      vertex 138.96027618041006 -113.03629669484373 -8.1
      vertex 138.4471047688802 -112.93422055450476 -8.1
      vertex 138.4471047688802 -112.93422055450476 0
    endloop
  endfacet
  facet normal 0.3214394653031689 0.9469301294951031 0
    outer loop
      vertex 138.96027618041006 -113.03629669484373 -8.1
      vertex 138.96027618041006 -113.03629669484373 0
      vertex 139.45573372946035 -113.20448186995486 -8.1
    endloop
  endfacet
  facet normal 0.4422886902190091 0.8968727415326844 0
    outer loop
      vertex 139.45573372946035 -113.20448186995486 -8.1
      vertex 139.45573372946035 -113.20448186995486 0
      vertex 139.92499999999998 -113.43589838486226 -8.1
    endloop
  endfacet
  facet normal 0.5555702330195792 0.8314696123025606 0
    outer loop
      vertex 140.36004571603488 -113.72658663883506 -8.1
      vertex 139.92499999999998 -113.43589838486226 -8.1
      vertex 139.92499999999998 -113.43589838486226 0
    endloop
  endfacet
  facet normal -0.9807852804032309 -0.19509032201612625 0
    outer loop
      vertex 133.95922055450475 -117.42210476888022 -8.1
      vertex 134.06129669484372 -117.93527618041009 0
      vertex 133.95922055450475 -117.42210476888022 0
    endloop
  endfacet
  facet normal -0.997858923238602 -0.06540312923016545 0
    outer loop
      vertex 133.92499999999998 -116.9 -8.1
      vertex 133.95922055450475 -117.42210476888022 0
      vertex 133.92499999999998 -116.9 0
    endloop
  endfacet
  facet normal -0.997858923238602 0.06540312923016545 0
    outer loop
      vertex 133.95922055450475 -116.3778952311198 -8.1
      vertex 133.92499999999998 -116.9 0
      vertex 133.95922055450475 -116.3778952311198 0
    endloop
  endfacet
  facet normal -0.6593458151000963 -0.7518398074789535 0
    outer loop
      vertex 135.0965728752538 -119.72842712474619 -8.1
      vertex 135.4899542839651 -120.07341336116495 0
      vertex 135.0965728752538 -119.72842712474619 0
    endloop
  endfacet
  facet normal -0.5555702330195792 -0.8314696123025606 0
    outer loop
      vertex 135.4899542839651 -120.07341336116495 -8.1
      vertex 135.92499999999998 -120.36410161513776 0
      vertex 135.4899542839651 -120.07341336116495 0
    endloop
  endfacet
  facet normal -0.7518398074789787 -0.6593458151000674 0
    outer loop
      vertex 134.75158663883505 -119.33504571603488 -8.1
      vertex 135.0965728752538 -119.72842712474619 0
      vertex 134.75158663883505 -119.33504571603488 0
    endloop
  endfacet
  facet normal -0.8314696123025273 -0.5555702330196294 0
    outer loop
      vertex 134.46089838486222 -118.9 -8.1
      vertex 134.75158663883505 -119.33504571603488 0
      vertex 134.46089838486222 -118.9 0
    endloop
  endfacet
  facet normal -0.4422886902190091 -0.8968727415326844 0
    outer loop
      vertex 135.92499999999998 -120.36410161513776 -8.1
      vertex 136.39426627053962 -120.59551813004515 0
      vertex 135.92499999999998 -120.36410161513776 0
    endloop
  endfacet
  facet normal -0.3214394653031689 -0.9469301294951031 0
    outer loop
      vertex 136.39426627053962 -120.59551813004515 -8.1
      vertex 136.8897238195899 -120.76370330515628 0
      vertex 136.39426627053962 -120.59551813004515 0
    endloop
  endfacet
  facet normal -0.19509032201612625 -0.9807852804032309 0
    outer loop
      vertex 136.8897238195899 -120.76370330515628 -8.1
      vertex 137.40289523111977 -120.86577944549525 0
      vertex 136.8897238195899 -120.76370330515628 0
    endloop
  endfacet
  facet normal -0.8968727415326953 -0.44228869021898726 0
    outer loop
      vertex 134.22948186995484 -118.43073372946037 -8.1
      vertex 134.46089838486222 -118.9 0
      vertex 134.22948186995484 -118.43073372946037 0
    endloop
  endfacet
  facet normal -0.9469301294951115 -0.3214394653031446 0
    outer loop
      vertex 134.06129669484372 -117.93527618041009 -8.1
      vertex 134.22948186995484 -118.43073372946037 0
      vertex 134.06129669484372 -117.93527618041009 0
    endloop
  endfacet
  facet normal -0.06540312923013841 -0.9978589232386039 0
    outer loop
      vertex 137.40289523111977 -120.86577944549525 -8.1
      vertex 137.92499999999998 -120.9 0
      vertex 137.40289523111977 -120.86577944549525 0
    endloop
  endfacet
  facet normal 0.06540312923013841 -0.9978589232386039 0
    outer loop
      vertex 137.92499999999998 -120.9 -8.1
      vertex 138.4471047688802 -120.86577944549525 0
      vertex 137.92499999999998 -120.9 0
    endloop
  endfacet
  facet normal 0.19509032201612625 -0.9807852804032309 0
    outer loop
      vertex 138.4471047688802 -120.86577944549525 -8.1
      vertex 138.96027618041006 -120.76370330515628 0
      vertex 138.4471047688802 -120.86577944549525 0
    endloop
  endfacet
  facet normal 0.3214394653031689 -0.9469301294951031 0
    outer loop
      vertex 138.96027618041006 -120.76370330515628 -8.1
      vertex 139.45573372946035 -120.59551813004515 0
      vertex 138.96027618041006 -120.76370330515628 0
    endloop
  endfacet
  facet normal 0.4422886902190091 -0.8968727415326844 0
    outer loop
      vertex 139.45573372946035 -120.59551813004515 -8.1
      vertex 139.92499999999998 -120.36410161513776 0
      vertex 139.45573372946035 -120.59551813004515 0
    endloop
  endfacet
  facet normal 0.5555702330195792 -0.8314696123025606 0
    outer loop
      vertex 139.92499999999998 -120.36410161513776 -8.1
      vertex 140.36004571603488 -120.07341336116495 0
      vertex 139.92499999999998 -120.36410161513776 0
    endloop
  endfacet
  facet normal -0.9807852804032309 0.19509032201612625 0
    outer loop
      vertex 134.06129669484372 -115.86472381958993 -8.1
      vertex 133.95922055450475 -116.3778952311198 0
      vertex 134.06129669484372 -115.86472381958993 0
    endloop
  endfacet
  facet normal -0.9469301294951115 0.3214394653031446 0
    outer loop
      vertex 134.22948186995484 -115.36926627053964 -8.1
      vertex 134.06129669484372 -115.86472381958993 0
      vertex 134.22948186995484 -115.36926627053964 0
    endloop
  endfacet
  facet normal -0.8968727415326953 0.44228869021898726 0
    outer loop
      vertex 134.46089838486222 -114.9 -8.1
      vertex 134.22948186995484 -115.36926627053964 0
      vertex 134.46089838486222 -114.9 0
    endloop
  endfacet
  facet normal -0.8314696123025273 0.5555702330196294 0
    outer loop
      vertex 134.75158663883505 -114.46495428396513 -8.1
      vertex 134.46089838486222 -114.9 0
      vertex 134.75158663883505 -114.46495428396513 0
    endloop
  endfacet
  facet normal -0.7518398074789787 0.6593458151000674 0
    outer loop
      vertex 135.0965728752538 -114.07157287525382 -8.1
      vertex 134.75158663883505 -114.46495428396513 0
      vertex 135.0965728752538 -114.07157287525382 0
    endloop
  endfacet
  facet normal -0.6593458151000963 0.7518398074789535 0
    outer loop
      vertex 135.4899542839651 -113.72658663883506 -8.1
      vertex 135.0965728752538 -114.07157287525382 0
      vertex 135.4899542839651 -113.72658663883506 0
    endloop
  endfacet
  facet normal -0.5555702330195792 0.8314696123025606 0
    outer loop
      vertex 135.92499999999998 -113.43589838486226 -8.1
      vertex 135.4899542839651 -113.72658663883506 0
      vertex 135.92499999999998 -113.43589838486226 0
    endloop
  endfacet
  facet normal -0.4422886902190091 0.8968727415326844 0
    outer loop
      vertex 136.39426627053962 -113.20448186995486 -8.1
      vertex 135.92499999999998 -113.43589838486226 0
      vertex 136.39426627053962 -113.20448186995486 0
    endloop
  endfacet
  facet normal -0.3214394653031689 0.9469301294951031 0
    outer loop
      vertex 136.8897238195899 -113.03629669484373 -8.1
      vertex 136.39426627053962 -113.20448186995486 0
      vertex 136.8897238195899 -113.03629669484373 0
    endloop
  endfacet
  facet normal -0.19509032201612625 0.9807852804032309 0
    outer loop
      vertex 137.40289523111977 -112.93422055450476 -8.1
      vertex 136.8897238195899 -113.03629669484373 0
      vertex 137.40289523111977 -112.93422055450476 0
    endloop
  endfacet
  facet normal -0.06540312923013841 0.9978589232386039 0
    outer loop
      vertex 137.92499999999998 -112.9 -8.1
      vertex 137.40289523111977 -112.93422055450476 0
      vertex 137.92499999999998 -112.9 0
    endloop
  endfacet
  facet normal 0.06540312923013841 0.9978589232386039 0
    outer loop
      vertex 138.4471047688802 -112.93422055450476 -8.1
      vertex 137.92499999999998 -112.9 0
      vertex 138.4471047688802 -112.93422055450476 0
    endloop
  endfacet
  facet normal 0.19509032201612625 0.9807852804032309 0
    outer loop
      vertex 138.96027618041006 -113.03629669484373 -8.1
      vertex 138.4471047688802 -112.93422055450476 0
      vertex 138.96027618041006 -113.03629669484373 0
    endloop
  endfacet
  facet normal 0.3214394653031689 0.9469301294951031 0
    outer loop
      vertex 139.45573372946035 -113.20448186995486 -8.1
      vertex 138.96027618041006 -113.03629669484373 0
      vertex 139.45573372946035 -113.20448186995486 0
    endloop
  endfacet
  facet normal 0.5555702330195792 0.8314696123025606 0
    outer loop
      vertex 140.36004571603488 -113.72658663883506 -8.1
      vertex 139.92499999999998 -113.43589838486226 0
      vertex 140.36004571603488 -113.72658663883506 0
    endloop
  endfacet
  facet normal 0.4422886902190091 0.8968727415326844 0
    outer loop
      vertex 139.92499999999998 -113.43589838486226 -8.1
      vertex 139.45573372946035 -113.20448186995486 0
      vertex 139.92499999999998 -113.43589838486226 0
    endloop
  endfacet
  facet normal 0 0 -1
    outer loop
      vertex 140.36004571603488 -120.07341336116495 -8.1
      vertex 140.75342712474617 -114.07157287525382 -8.1
      vertex 140.75342712474617 -119.72842712474619 -8.1
    endloop
  endfacet
  facet normal 0 0 -1
    outer loop
      vertex 140.75342712474617 -119.72842712474619 -8.1
      vertex 141.09841336116492 -114.46495428396513 -8.1
      vertex 141.09841336116492 -119.33504571603488 -8.1
    endloop
  endfacet
  facet normal 0 0 -1
    outer loop
      vertex 141.09841336116492 -119.33504571603488 -8.1
      vertex 141.38910161513775 -114.9 -8.1
      vertex 141.38910161513775 -118.9 -8.1
    endloop
  endfacet
  facet normal 0 0 -1
    outer loop
      vertex 141.38910161513775 -118.9 -8.1
      vertex 141.62051813004513 -115.36926627053964 -8.1
      vertex 141.62051813004513 -118.43073372946037 -8.1
    endloop
  endfacet
  facet normal 0 0 -1
    outer loop
      vertex 141.62051813004513 -118.43073372946037 -8.1
      vertex 141.78870330515625 -115.86472381958993 -8.1
      vertex 141.78870330515625 -117.93527618041009 -8.1
    endloop
  endfacet
  facet normal 0 0 -1
    outer loop
      vertex 141.78870330515625 -117.93527618041009 -8.1
      vertex 141.8907794454952 -116.3778952311198 -8.1
      vertex 141.8907794454952 -117.42210476888022 -8.1
    endloop
  endfacet
  facet normal 0 0 -1
    outer loop
      vertex 141.8907794454952 -117.42210476888022 -8.1
      vertex 141.8907794454952 -116.3778952311198 -8.1
      vertex 141.92499999999998 -116.9 -8.1
    endloop
  endfacet
  facet normal 0 0 -1
    outer loop
      vertex 141.78870330515625 -117.93527618041009 -8.1
      vertex 141.78870330515625 -115.86472381958993 -8.1
      vertex 141.8907794454952 -116.3778952311198 -8.1
    endloop
  endfacet
  facet normal 0 0 -1
    outer loop
      vertex 141.62051813004513 -118.43073372946037 -8.1
      vertex 141.62051813004513 -115.36926627053964 -8.1
      vertex 141.78870330515625 -115.86472381958993 -8.1
    endloop
  endfacet
  facet normal 0.6593458151000963 -0.7518398074789535 0
    outer loop
      vertex 140.36004571603488 -120.07341336116495 -8.1
      vertex 140.75342712474617 -119.72842712474619 -8.1
      vertex 140.75342712474617 -119.72842712474619 0
    endloop
  endfacet
  facet normal 0.7518398074789787 -0.6593458151000674 0
    outer loop
      vertex 140.75342712474617 -119.72842712474619 -8.1
      vertex 141.09841336116492 -119.33504571603488 -8.1
      vertex 141.09841336116492 -119.33504571603488 0
    endloop
  endfacet
  facet normal 0.8314696123025273 -0.5555702330196294 0
    outer loop
      vertex 141.09841336116492 -119.33504571603488 -8.1
      vertex 141.38910161513775 -118.9 -8.1
      vertex 141.38910161513775 -118.9 0
    endloop
  endfacet
  facet normal 0.8968727415326953 -0.44228869021898726 0
    outer loop
      vertex 141.38910161513775 -118.9 -8.1
      vertex 141.62051813004513 -118.43073372946037 -8.1
      vertex 141.62051813004513 -118.43073372946037 0
    endloop
  endfacet
  facet normal 0.9469301294951115 -0.3214394653031446 0
    outer loop
      vertex 141.62051813004513 -118.43073372946037 -8.1
      vertex 141.78870330515625 -117.93527618041009 -8.1
      vertex 141.78870330515625 -117.93527618041009 0
    endloop
  endfacet
  facet normal 0.9807852804032309 -0.19509032201612625 0
    outer loop
      vertex 141.78870330515625 -117.93527618041009 -8.1
      vertex 141.8907794454952 -117.42210476888022 -8.1
      vertex 141.8907794454952 -117.42210476888022 0
    endloop
  endfacet
  facet normal 0.997858923238602 -0.06540312923016545 0
    outer loop
      vertex 141.8907794454952 -117.42210476888022 -8.1
      vertex 141.92499999999998 -116.9 -8.1
      vertex 141.92499999999998 -116.9 0
    endloop
  endfacet
  facet normal 0.997858923238602 0.06540312923016545 0
    outer loop
      vertex 141.92499999999998 -116.9 -8.1
      vertex 141.8907794454952 -116.3778952311198 -8.1
      vertex 141.8907794454952 -116.3778952311198 0
    endloop
  endfacet
  facet normal 0 0 -1
    outer loop
      vertex 140.36004571603488 -120.07341336116495 -8.1
      vertex 140.36004571603488 -113.72658663883506 -8.1
      vertex 140.75342712474617 -114.07157287525382 -8.1
    endloop
  endfacet
  facet normal 0 0 -1
    outer loop
      vertex 140.75342712474617 -119.72842712474619 -8.1
      vertex 140.75342712474617 -114.07157287525382 -8.1
      vertex 141.09841336116492 -114.46495428396513 -8.1
    endloop
  endfacet
  facet normal 0 0 -1
    outer loop
      vertex 141.09841336116492 -119.33504571603488 -8.1
      vertex 141.09841336116492 -114.46495428396513 -8.1
      vertex 141.38910161513775 -114.9 -8.1
    endloop
  endfacet
  facet normal 0 0 -1
    outer loop
      vertex 141.38910161513775 -118.9 -8.1
      vertex 141.38910161513775 -114.9 -8.1
      vertex 141.62051813004513 -115.36926627053964 -8.1
    endloop
  endfacet
  facet normal 0.9807852804032309 0.19509032201612625 0
    outer loop
      vertex 141.8907794454952 -116.3778952311198 -8.1
      vertex 141.78870330515625 -115.86472381958993 -8.1
      vertex 141.78870330515625 -115.86472381958993 0
    endloop
  endfacet
  facet normal 0.9469301294951115 0.3214394653031446 0
    outer loop
      vertex 141.78870330515625 -115.86472381958993 -8.1
      vertex 141.62051813004513 -115.36926627053964 -8.1
      vertex 141.62051813004513 -115.36926627053964 0
    endloop
  endfacet
  facet normal 0.7518398074789787 0.6593458151000674 0
    outer loop
      vertex 140.75342712474617 -114.07157287525382 -8.1
      vertex 140.75342712474617 -114.07157287525382 0
      vertex 141.09841336116492 -114.46495428396513 -8.1
    endloop
  endfacet
  facet normal 0.8968727415326953 0.44228869021898726 0
    outer loop
      vertex 141.62051813004513 -115.36926627053964 -8.1
      vertex 141.38910161513775 -114.9 -8.1
      vertex 141.38910161513775 -114.9 0
    endloop
  endfacet
  facet normal 0.8314696123025273 0.5555702330196294 0
    outer loop
      vertex 141.09841336116492 -114.46495428396513 -8.1
      vertex 141.09841336116492 -114.46495428396513 0
      vertex 141.38910161513775 -114.9 -8.1
    endloop
  endfacet
  facet normal 0.6593458151000963 0.7518398074789535 0
    outer loop
      vertex 140.36004571603488 -113.72658663883506 -8.1
      vertex 140.36004571603488 -113.72658663883506 0
      vertex 140.75342712474617 -114.07157287525382 -8.1
    endloop
  endfacet
  facet normal 0.6593458151000963 -0.7518398074789535 0
    outer loop
      vertex 140.36004571603488 -120.07341336116495 -8.1
      vertex 140.75342712474617 -119.72842712474619 0
      vertex 140.36004571603488 -120.07341336116495 0
    endloop
  endfacet
  facet normal 0.7518398074789787 -0.6593458151000674 0
    outer loop
      vertex 140.75342712474617 -119.72842712474619 -8.1
      vertex 141.09841336116492 -119.33504571603488 0
      vertex 140.75342712474617 -119.72842712474619 0
    endloop
  endfacet
  facet normal 0.8314696123025273 -0.5555702330196294 0
    outer loop
      vertex 141.09841336116492 -119.33504571603488 -8.1
      vertex 141.38910161513775 -118.9 0
      vertex 141.09841336116492 -119.33504571603488 0
    endloop
  endfacet
  facet normal 0.8968727415326953 -0.44228869021898726 0
    outer loop
      vertex 141.38910161513775 -118.9 -8.1
      vertex 141.62051813004513 -118.43073372946037 0
      vertex 141.38910161513775 -118.9 0
    endloop
  endfacet
  facet normal 0.9469301294951115 -0.3214394653031446 0
    outer loop
      vertex 141.62051813004513 -118.43073372946037 -8.1
      vertex 141.78870330515625 -117.93527618041009 0
      vertex 141.62051813004513 -118.43073372946037 0
    endloop
  endfacet
  facet normal 0.9807852804032309 -0.19509032201612625 0
    outer loop
      vertex 141.78870330515625 -117.93527618041009 -8.1
      vertex 141.8907794454952 -117.42210476888022 0
      vertex 141.78870330515625 -117.93527618041009 0
    endloop
  endfacet
  facet normal 0.997858923238602 -0.06540312923016545 0
    outer loop
      vertex 141.8907794454952 -117.42210476888022 -8.1
      vertex 141.92499999999998 -116.9 0
      vertex 141.8907794454952 -117.42210476888022 0
    endloop
  endfacet
  facet normal 0.997858923238602 0.06540312923016545 0
    outer loop
      vertex 141.92499999999998 -116.9 -8.1
      vertex 141.8907794454952 -116.3778952311198 0
      vertex 141.92499999999998 -116.9 0
    endloop
  endfacet
  facet normal 0.9807852804032309 0.19509032201612625 0
    outer loop
      vertex 141.8907794454952 -116.3778952311198 -8.1
      vertex 141.78870330515625 -115.86472381958993 0
      vertex 141.8907794454952 -116.3778952311198 0
    endloop
  endfacet
  facet normal 0.9469301294951115 0.3214394653031446 0
    outer loop
      vertex 141.78870330515625 -115.86472381958993 -8.1
      vertex 141.62051813004513 -115.36926627053964 0
      vertex 141.78870330515625 -115.86472381958993 0
    endloop
  endfacet
  facet normal 0.7518398074789787 0.6593458151000674 0
    outer loop
      vertex 141.09841336116492 -114.46495428396513 -8.1
      vertex 140.75342712474617 -114.07157287525382 0
      vertex 141.09841336116492 -114.46495428396513 0
    endloop
  endfacet
  facet normal 0.8968727415326953 0.44228869021898726 0
    outer loop
      vertex 141.62051813004513 -115.36926627053964 -8.1
      vertex 141.38910161513775 -114.9 0
      vertex 141.62051813004513 -115.36926627053964 0
    endloop
  endfacet
  facet normal 0.8314696123025273 0.5555702330196294 0
    outer loop
      vertex 141.38910161513775 -114.9 -8.1
      vertex 141.09841336116492 -114.46495428396513 0
      vertex 141.38910161513775 -114.9 0
    endloop
  endfacet
  facet normal 0.6593458151000963 0.7518398074789535 0
    outer loop
      vertex 140.75342712474617 -114.07157287525382 -8.1
      vertex 140.36004571603488 -113.72658663883506 0
      vertex 140.75342712474617 -114.07157287525382 0
    endloop
  endfacet
  facet normal 0 0 -1
    outer loop
      vertex 48.6512993215049 -127.46510557068518 0
      vertex 10 -134.5 0
      vertex 10 -121.85799359155371 0
    endloop
  endfacet
  facet normal 0 0 -1
    outer loop
      vertex 48.6512993215049 -129.53489442931482 0
      vertex 10 -134.5 0
      vertex 48.527756813566455 -129.35 0
    endloop
  endfacet
  facet normal 0 0 -1
    outer loop
      vertex 48.6512993215049 -129.53489442931482 0
      vertex 48.79791847198287 -129.70208152801712 0
      vertex 10 -134.5 0
    endloop
  endfacet
  facet normal 0 0 -1
    outer loop
      vertex 48.965105570685175 -129.8487006784951 0
      vertex 49.15 -129.97224318643356 0
      vertex 10 -134.5 0
    endloop
  endfacet
  facet normal 0 0 -1
    outer loop
      vertex 49.34943816497935 -130.0705952052692 0
      vertex 10 -134.5 0
      vertex 49.15 -129.97224318643356 0
    endloop
  endfacet
  facet normal 0 0 -1
    outer loop
      vertex 48.965105570685175 -129.8487006784951 0
      vertex 10 -134.5 0
      vertex 48.79791847198287 -129.70208152801712 0
    endloop
  endfacet
  facet normal 0 0 -1
    outer loop
      vertex 49.34943816497935 -130.0705952052692 0
      vertex 49.56000762332572 -130.14207390469142 0
      vertex 10 -134.5 0
    endloop
  endfacet
  facet normal 0 0 -1
    outer loop
      vertex 49.56000762332572 -130.14207390469142 0
      vertex 49.778105473225914 -130.18545626433547 0
      vertex 10 -134.5 0
    endloop
  endfacet
  facet normal 0 0 -1
    outer loop
      vertex 49.778105473225914 -130.18545626433547 0
      vertex 50 -130.2 0
      vertex 10 -134.5 0
    endloop
  endfacet
  facet normal 0 0 -1
    outer loop
      vertex 48.357926095308585 -128.9399923766743 0
      vertex 48.429404794730814 -129.15056183502065 0
      vertex 10 -134.5 0
    endloop
  endfacet
  facet normal 0 0 -1
    outer loop
      vertex 48.527756813566455 -129.35 0
      vertex 10 -134.5 0
      vertex 48.429404794730814 -129.15056183502065 0
    endloop
  endfacet
  facet normal 0 0 -1
    outer loop
      vertex 48.357926095308585 -128.9399923766743 0
      vertex 10 -134.5 0
      vertex 48.31454373566452 -128.7218945267741 0
    endloop
  endfacet
  facet normal 0 0 -1
    outer loop
      vertex 48.31454373566452 -128.7218945267741 0
      vertex 10 -134.5 0
      vertex 48.3 -128.5 0
    endloop
  endfacet
  facet normal 0 0 -1
    outer loop
      vertex 48.3 -128.5 0
      vertex 10 -134.5 0
      vertex 48.31454373566452 -128.2781054732259 0
    endloop
  endfacet
  facet normal 0 0 -1
    outer loop
      vertex 48.31454373566452 -128.2781054732259 0
      vertex 10 -134.5 0
      vertex 48.357926095308585 -128.0600076233257 0
    endloop
  endfacet
  facet normal 0 0 -1
    outer loop
      vertex 48.357926095308585 -128.0600076233257 0
      vertex 10 -134.5 0
      vertex 48.429404794730814 -127.84943816497935 0
    endloop
  endfacet
  facet normal 0 0 -1
    outer loop
      vertex 48.429404794730814 -127.84943816497935 0
      vertex 10 -134.5 0
      vertex 48.527756813566455 -127.65 0
    endloop
  endfacet
  facet normal 0 0 -1
    outer loop
      vertex 48.527756813566455 -127.65 0
      vertex 10 -134.5 0
      vertex 48.6512993215049 -127.46510557068518 0
    endloop
  endfacet
  facet normal 0 0 -1
    outer loop
      vertex 48.6512993215049 -127.46510557068518 0
      vertex 10 -121.85799359155371 0
      vertex 48.79791847198287 -127.29791847198287 0
    endloop
  endfacet
  facet normal 0 0 -1
    outer loop
      vertex 44.444266270539636 -120.59551813004515 0
      vertex 44.939723819589915 -120.76370330515628 0
      vertex 10 -121.85799359155371 0
    endloop
  endfacet
  facet normal 0 0 -1
    outer loop
      vertex 45.45289523111979 -120.86577944549525 0
      vertex 10 -121.85799359155371 0
      vertex 44.939723819589915 -120.76370330515628 0
    endloop
  endfacet
  facet normal 0 0 -1
    outer loop
      vertex 45.45289523111979 -120.86577944549525 0
      vertex 45.974999999999994 -120.9 0
      vertex 10 -121.85799359155371 0
    endloop
  endfacet
  facet normal 0 0 -1
    outer loop
      vertex 43.53995428396511 -120.07341336116495 0
      vertex 10 -121.85799359155371 0
      vertex 43.1465728752538 -119.72842712474619 0
    endloop
  endfacet
  facet normal 0 0 -1
    outer loop
      vertex 42.801586638835055 -119.33504571603488 0
      vertex 10 -121.85799359155371 0
      vertex 42.51089838486224 -118.9 0
    endloop
  endfacet
  facet normal 0 0 -1
    outer loop
      vertex 43.1465728752538 -119.72842712474619 0
      vertex 10 -121.85799359155371 0
      vertex 42.801586638835055 -119.33504571603488 0
    endloop
  endfacet
  facet normal 0 0 -1
    outer loop
      vertex 42.27948186995485 -118.43073372946037 0
      vertex 10 -121.85799359155371 0
      vertex 42.11129669484372 -117.93527618041009 0
    endloop
  endfacet
  facet normal 0 0 -1
    outer loop
      vertex 42.11129669484372 -117.93527618041009 0
      vertex 10 -121.85799359155371 0
      vertex 42.00922055450475 -117.42210476888022 0
    endloop
  endfacet
  facet normal 0 0 -1
    outer loop
      vertex 42.00922055450475 -117.42210476888022 0
      vertex 10 -121.85799359155371 0
      vertex 41.974999999999994 -116.9 0
    endloop
  endfacet
  facet normal 0 0 -1
    outer loop
      vertex 42.51089838486224 -118.9 0
      vertex 10 -121.85799359155371 0
      vertex 42.27948186995485 -118.43073372946037 0
    endloop
  endfacet
  facet normal 0 0 -1
    outer loop
      vertex 43.53995428396511 -120.07341336116495 0
      vertex 43.974999999999994 -120.36410161513776 0
      vertex 10 -121.85799359155371 0
    endloop
  endfacet
  facet normal 0 0 -1
    outer loop
      vertex 43.974999999999994 -120.36410161513776 0
      vertex 44.444266270539636 -120.59551813004515 0
      vertex 10 -121.85799359155371 0
    endloop
  endfacet
  facet normal 0 0 -1
    outer loop
      vertex 41.974999999999994 -116.9 0
      vertex 10 -121.85799359155371 0
      vertex 42.00922055450475 -116.3778952311198 0
    endloop
  endfacet
  facet normal 0 0 -1
    outer loop
      vertex 42.00922055450475 -116.3778952311198 0
      vertex 10 -121.85799359155371 0
      vertex 42.11129669484372 -115.86472381958993 0
    endloop
  endfacet
  facet normal 0 0 -1
    outer loop
      vertex 42.11129669484372 -115.86472381958993 0
      vertex 10 -121.85799359155371 0
      vertex 42.27948186995485 -115.36926627053964 0
    endloop
  endfacet
  facet normal 0 0 -1
    outer loop
      vertex 42.27948186995485 -115.36926627053964 0
      vertex 10 -121.85799359155371 0
      vertex 42.51089838486224 -114.9 0
    endloop
  endfacet
  facet normal 0 0 -1
    outer loop
      vertex 42.51089838486224 -114.9 0
      vertex 10 -121.85799359155371 0
      vertex 42.801586638835055 -114.46495428396513 0
    endloop
  endfacet
  facet normal 0 0 -1
    outer loop
      vertex 42.801586638835055 -114.46495428396513 0
      vertex 10 -121.85799359155371 0
      vertex 43.1465728752538 -114.07157287525382 0
    endloop
  endfacet
  facet normal 0 0 -1
    outer loop
      vertex 43.1465728752538 -114.07157287525382 0
      vertex 10 -121.85799359155371 0
      vertex 43.53995428396511 -113.72658663883506 0
    endloop
  endfacet
  facet normal 0 0 -1
    outer loop
      vertex 48.79791847198287 -127.29791847198287 0
      vertex 10 -121.85799359155371 0
      vertex 48.965105570685175 -127.1512993215049 0
    endloop
  endfacet
  facet normal 0 0 -1
    outer loop
      vertex 48.965105570685175 -127.1512993215049 0
      vertex 10 -121.85799359155371 0
      vertex 49.15 -127.02775681356646 0
    endloop
  endfacet
  facet normal 0 0 -1
    outer loop
      vertex 49.15 -127.02775681356646 0
      vertex 10 -121.85799359155371 0
      vertex 49.34943816497935 -126.92940479473081 0
    endloop
  endfacet
  facet normal 0 0 -1
    outer loop
      vertex 49.34943816497935 -126.92940479473081 0
      vertex 10 -121.85799359155371 0
      vertex 49.56000762332572 -126.85792609530858 0
    endloop
  endfacet
  facet normal 0 0 -1
    outer loop
      vertex 49.56000762332572 -126.85792609530858 0
      vertex 10 -121.85799359155371 0
      vertex 49.778105473225914 -126.81454373566453 0
    endloop
  endfacet
  facet normal 0 0 -1
    outer loop
      vertex 49.778105473225914 -126.81454373566453 0
      vertex 10 -121.85799359155371 0
      vertex 50 -126.8 0
    endloop
  endfacet
  facet normal 0 0 -1
    outer loop
      vertex 43.53995428396511 -113.72658663883506 0
      vertex 10 -121.85799359155371 0
      vertex 10 -87.67499999701977 0
    endloop
  endfacet
  facet normal 0 0 -1
    outer loop
      vertex 43.53995428396511 -113.72658663883506 0
      vertex 10 -87.67499999701977 0
      vertex 43.974999999999994 -113.43589838486226 0
    endloop
  endfacet
  facet normal 0 -1 0
    outer loop
      vertex 10 -134.5 3
      vertex -10 -134.5 6
      vertex -10 -134.5 3
    endloop
  endfacet
  facet normal 0 0 1
    outer loop
      vertex -3.0396210457840285 -124.75905226163843 6
      vertex -10 -118.60325889816222 6
      vertex -10 -134.5 6
    endloop
  endfacet
  facet normal 0 0 1
    outer loop
      vertex -2.0028629127075734 -126.11018176616315 6
      vertex -10 -134.5 6
      vertex -1.6450310559006212 -126.34927736884855 6
    endloop
  endfacet
  facet normal 0 0 1
    outer loop
      vertex -1.6450310559006212 -126.34927736884855 6
      vertex -10 -134.5 6
      vertex -1.2590522616384352 -126.53962104578403 6
    endloop
  endfacet
  facet normal 0 0 1
    outer loop
      vertex -0.8515307341043804 -126.67795596388397 6
      vertex -1.2590522616384352 -126.53962104578403 6
      vertex -10 -134.5 6
    endloop
  endfacet
  facet normal 0 0 1
    outer loop
      vertex -0.8515307341043804 -126.67795596388397 6
      vertex -10 -134.5 6
      vertex -0.42943927962087775 -126.76191517434602 6
    endloop
  endfacet
  facet normal 0 0 1
    outer loop
      vertex -2.3264252297795913 -125.82642522977959 6
      vertex -2.6101817661631506 -125.50286291270757 6
      vertex -10 -134.5 6
    endloop
  endfacet
  facet normal 0 0 1
    outer loop
      vertex -2.6101817661631506 -125.50286291270757 6
      vertex -2.8492773688485533 -125.14503105590062 6
      vertex -10 -134.5 6
    endloop
  endfacet
  facet normal 0 0 1
    outer loop
      vertex -2.0028629127075734 -126.11018176616315 6
      vertex -2.3264252297795913 -125.82642522977959 6
      vertex -10 -134.5 6
    endloop
  endfacet
  facet normal 0 0 1
    outer loop
      vertex -3.0396210457840285 -124.75905226163843 6
      vertex -10 -134.5 6
      vertex -2.8492773688485533 -125.14503105590062 6
    endloop
  endfacet
  facet normal 0 0 1
    outer loop
      vertex -0.42943927962087775 -126.76191517434602 6
      vertex -10 -134.5 6
      vertex 0 -126.79006211180125 6
    endloop
  endfacet
  facet normal 0 0 1
    outer loop
      vertex -3.0396210457840285 -124.75905226163843 6
      vertex -3.177955963883972 -124.35153073410439 6
      vertex -10 -118.60325889816222 6
    endloop
  endfacet
  facet normal 0 0 1
    outer loop
      vertex -3.177955963883972 -124.35153073410439 6
      vertex -3.2619151743460084 -123.92943927962088 6
      vertex -10 -118.60325889816222 6
    endloop
  endfacet
  facet normal 0 0 1
    outer loop
      vertex -3.2619151743460084 -123.92943927962088 6
      vertex -3.2900621118012423 -123.5 6
      vertex -10 -118.60325889816222 6
    endloop
  endfacet
  facet normal 0 0 1
    outer loop
      vertex -3.2900621118012423 -123.5 6
      vertex -3.2619151743460084 -123.07056072037912 6
      vertex -10 -118.60325889816222 6
    endloop
  endfacet
  facet normal 0 0 1
    outer loop
      vertex -3.2619151743460084 -123.07056072037912 6
      vertex -3.1779559638839716 -122.64846926589561 6
      vertex -10 -118.60325889816222 6
    endloop
  endfacet
  facet normal 0 0 1
    outer loop
      vertex -3.1779559638839716 -122.64846926589561 6
      vertex -3.0396210457840285 -122.24094773836157 6
      vertex -10 -118.60325889816222 6
    endloop
  endfacet
  facet normal 0 0 1
    outer loop
      vertex -3.0396210457840285 -122.24094773836157 6
      vertex -2.8492773688485533 -121.85496894409938 6
      vertex -10 -118.60325889816222 6
    endloop
  endfacet
  facet normal 0 0 1
    outer loop
      vertex -2.8492773688485533 -121.85496894409938 6
      vertex -2.610181766163151 -121.49713708729243 6
      vertex -10 -118.60325889816222 6
    endloop
  endfacet
  facet normal 0 0 1
    outer loop
      vertex -2.610181766163151 -121.49713708729243 6
      vertex -2.3264252297795913 -121.17357477022041 6
      vertex -10 -118.60325889816222 6
    endloop
  endfacet
  facet normal 0 0 1
    outer loop
      vertex -2.3264252297795913 -121.17357477022041 6
      vertex -2.0028629127075734 -120.88981823383685 6
      vertex -10 -118.60325889816222 6
    endloop
  endfacet
  facet normal 0 0 1
    outer loop
      vertex -2.0028629127075734 -120.88981823383685 6
      vertex -1.6450310559006212 -120.65072263115145 6
      vertex -10 -118.60325889816222 6
    endloop
  endfacet
  facet normal 0 0 1
    outer loop
      vertex -1.6450310559006212 -120.65072263115145 6
      vertex -1.2590522616384352 -120.46037895421597 6
      vertex -10 -118.60325889816222 6
    endloop
  endfacet
  facet normal 0 0 1
    outer loop
      vertex -1.2590522616384352 -120.46037895421597 6
      vertex -0.8515307341043804 -120.32204403611603 6
      vertex -10 -118.60325889816222 6
    endloop
  endfacet
  facet normal 0 0 1
    outer loop
      vertex -0.8515307341043804 -120.32204403611603 6
      vertex -0.42943927962087775 -120.23808482565398 6
      vertex -10 -118.60325889816222 6
    endloop
  endfacet
  facet normal 0 0 1
    outer loop
      vertex -0.42943927962087775 -120.23808482565398 6
      vertex 0 -120.20993788819875 6
      vertex -10 -118.60325889816222 6
    endloop
  endfacet
  facet normal 0 0 1
    outer loop
      vertex 0 -120.20993788819875 6
      vertex 0.42943927962087775 -120.23808482565398 6
      vertex -10 -118.60325889816222 6
    endloop
  endfacet
  facet normal 0 0 1
    outer loop
      vertex 0 -126.79006211180125 6
      vertex -10 -134.5 6
      vertex 47.38981823383685 -126.49713708729243 6
    endloop
  endfacet
  facet normal 0 0 1
    outer loop
      vertex 0.42943927962087775 -120.23808482565398 6
      vertex -10 -89.92499999701977 6
      vertex -10 -118.60325889816222 6
    endloop
  endfacet
  facet normal 0 0 1
    outer loop
      vertex 0.42943927962087775 -120.23808482565398 6
      vertex 0.8515307341043804 -120.32204403611603 6
      vertex -10 -89.92499999701977 6
    endloop
  endfacet
  facet normal 0 0 1
    outer loop
      vertex 0 -126.79006211180125 6
      vertex 47.38981823383685 -126.49713708729243 6
      vertex 0.42943927962087775 -126.76191517434602 6
    endloop
  endfacet
  facet normal 0 0 1
    outer loop
      vertex 0.42943927962087775 -126.76191517434602 6
      vertex 47.38981823383685 -126.49713708729243 6
      vertex 0.8515307341043804 -126.67795596388397 6
    endloop
  endfacet
  facet normal 0 0 1
    outer loop
      vertex 0.8515307341043804 -126.67795596388397 6
      vertex 47.38981823383685 -126.49713708729243 6
      vertex 1.2590522616384352 -126.53962104578403 6
    endloop
  endfacet
  facet normal 0 0 1
    outer loop
      vertex 1.2590522616384352 -126.53962104578403 6
      vertex 47.38981823383685 -126.49713708729243 6
      vertex 1.6450310559006212 -126.34927736884855 6
    endloop
  endfacet
  facet normal 0 0 1
    outer loop
      vertex 1.6450310559006212 -126.34927736884855 6
      vertex 47.67357477022041 -126.17357477022041 6
      vertex 2.0028629127075734 -126.11018176616315 6
    endloop
  endfacet
  facet normal 0 0 1
    outer loop
      vertex 2.0028629127075734 -126.11018176616315 6
      vertex 47.67357477022041 -126.17357477022041 6
      vertex 2.3264252297795913 -125.82642522977959 6
    endloop
  endfacet
  facet normal 0 0 1
    outer loop
      vertex 2.3264252297795913 -125.82642522977959 6
      vertex 47.67357477022041 -126.17357477022041 6
      vertex 2.610181766163151 -125.50286291270757 6
    endloop
  endfacet
  facet normal 0 0 1
    outer loop
      vertex 2.610181766163151 -125.50286291270757 6
      vertex 47.67357477022041 -126.17357477022041 6
      vertex 2.8492773688485533 -125.14503105590062 6
    endloop
  endfacet
  facet normal 0 0 1
    outer loop
      vertex 48.354968944099376 -131.34927736884856 6
      vertex 47.99713708729243 -131.11018176616315 6
      vertex -10 -134.5 6
    endloop
  endfacet
  facet normal 0 0 1
    outer loop
      vertex 48.354968944099376 -131.34927736884856 6
      vertex -10 -134.5 6
      vertex 48.74094773836156 -131.53962104578403 6
    endloop
  endfacet
  facet normal 0 0 1
    outer loop
      vertex 48.74094773836156 -131.53962104578403 6
      vertex -10 -134.5 6
      vertex 49.14846926589562 -131.67795596388396 6
    endloop
  endfacet
  facet normal 0 0 1
    outer loop
      vertex 49.14846926589562 -131.67795596388396 6
      vertex -10 -134.5 6
      vertex 49.57056072037912 -131.761915174346 6
    endloop
  endfacet
  facet normal 0 0 1
    outer loop
      vertex 49.57056072037912 -131.761915174346 6
      vertex -10 -134.5 6
      vertex 50 -131.79006211180123 6
    endloop
  endfacet
  facet normal 0 0 1
    outer loop
      vertex 47.38981823383685 -130.50286291270757 6
      vertex 47.150722631151446 -130.14503105590063 6
      vertex -10 -134.5 6
    endloop
  endfacet
  facet normal 0 0 1
    outer loop
      vertex 47.38981823383685 -130.50286291270757 6
      vertex -10 -134.5 6
      vertex 47.67357477022041 -130.8264252297796 6
    endloop
  endfacet
  facet normal 0 0 1
    outer loop
      vertex 46.822044036116026 -129.3515307341044 6
      vertex -10 -134.5 6
      vertex 46.96037895421597 -129.75905226163843 6
    endloop
  endfacet
  facet normal 0 0 1
    outer loop
      vertex 47.150722631151446 -130.14503105590063 6
      vertex 46.96037895421597 -129.75905226163843 6
      vertex -10 -134.5 6
    endloop
  endfacet
  facet normal 0 0 1
    outer loop
      vertex 47.67357477022041 -130.8264252297796 6
      vertex -10 -134.5 6
      vertex 47.99713708729243 -131.11018176616315 6
    endloop
  endfacet
  facet normal 0 0 1
    outer loop
      vertex 46.822044036116026 -129.3515307341044 6
      vertex 46.73808482565399 -128.92943927962088 6
      vertex -10 -134.5 6
    endloop
  endfacet
  facet normal 0 0 1
    outer loop
      vertex 46.73808482565399 -128.92943927962088 6
      vertex 46.70993788819876 -128.5 6
      vertex -10 -134.5 6
    endloop
  endfacet
  facet normal 0 0 1
    outer loop
      vertex 46.70993788819876 -128.5 6
      vertex 46.73808482565399 -128.07056072037912 6
      vertex -10 -134.5 6
    endloop
  endfacet
  facet normal 0 0 1
    outer loop
      vertex 46.73808482565399 -128.07056072037912 6
      vertex 46.822044036116026 -127.64846926589561 6
      vertex -10 -134.5 6
    endloop
  endfacet
  facet normal 0 0 1
    outer loop
      vertex 46.822044036116026 -127.64846926589561 6
      vertex 46.96037895421597 -127.24094773836157 6
      vertex -10 -134.5 6
    endloop
  endfacet
  facet normal 0 0 1
    outer loop
      vertex 46.96037895421597 -127.24094773836157 6
      vertex 47.150722631151446 -126.85496894409938 6
      vertex -10 -134.5 6
    endloop
  endfacet
  facet normal 0 0 1
    outer loop
      vertex 47.150722631151446 -126.85496894409938 6
      vertex 47.38981823383685 -126.49713708729243 6
      vertex -10 -134.5 6
    endloop
  endfacet
  facet normal 0 0 1
    outer loop
      vertex 1.6450310559006212 -126.34927736884855 6
      vertex 47.38981823383685 -126.49713708729243 6
      vertex 47.67357477022041 -126.17357477022041 6
    endloop
  endfacet
  facet normal 0 0 1
    outer loop
      vertex 2.8492773688485533 -125.14503105590062 6
      vertex 47.67357477022041 -126.17357477022041 6
      vertex 47.99713708729243 -125.88981823383685 6
    endloop
  endfacet
  facet normal 0 0 1
    outer loop
      vertex 2.8492773688485533 -125.14503105590062 6
      vertex 47.99713708729243 -125.88981823383685 6
      vertex 48.354968944099376 -125.65072263115145 6
    endloop
  endfacet
  facet normal 0 0 1
    outer loop
      vertex 2.8492773688485533 -125.14503105590062 6
      vertex 48.354968944099376 -125.65072263115145 6
      vertex 48.74094773836156 -125.46037895421597 6
    endloop
  endfacet
  facet normal 0 0 1
    outer loop
      vertex 2.8492773688485533 -125.14503105590062 6
      vertex 48.74094773836156 -125.46037895421597 6
      vertex 49.14846926589562 -125.32204403611603 6
    endloop
  endfacet
  facet normal 0 0 1
    outer loop
      vertex 2.8492773688485533 -125.14503105590062 6
      vertex 49.14846926589562 -125.32204403611603 6
      vertex 49.57056072037912 -125.23808482565398 6
    endloop
  endfacet
  facet normal 0 0 1
    outer loop
      vertex 2.8492773688485533 -125.14503105590062 6
      vertex 49.57056072037912 -125.23808482565398 6
      vertex 50 -125.20993788819875 6
    endloop
  endfacet
  facet normal 0 0 -1
    outer loop
      vertex 43.974999999999994 -113.43589838486226 0
      vertex 10 -87.67499999701977 0
      vertex 64.3499465195429 -87.67499999701977 0
    endloop
  endfacet
  facet normal 0 0 -1
    outer loop
      vertex 45.974999999999994 -120.9 0
      vertex 137.92499999999998 -120.9 0
      vertex 10 -121.85799359155371 0
    endloop
  endfacet
  facet normal 0 0 -1
    outer loop
      vertex 43.974999999999994 -113.43589838486226 0
      vertex 64.3499465195429 -87.67499999701977 0
      vertex 44.444266270539636 -113.20448186995486 0
    endloop
  endfacet
  facet normal 0 0 -1
    outer loop
      vertex 44.444266270539636 -113.20448186995486 0
      vertex 64.3499465195429 -87.67499999701977 0
      vertex 44.939723819589915 -113.03629669484373 0
    endloop
  endfacet
  facet normal 0 0 -1
    outer loop
      vertex 44.939723819589915 -113.03629669484373 0
      vertex 64.3499465195429 -87.67499999701977 0
      vertex 45.45289523111979 -112.93422055450476 0
    endloop
  endfacet
  facet normal 0 0 -1
    outer loop
      vertex 45.45289523111979 -112.93422055450476 0
      vertex 64.3499465195429 -87.67499999701977 0
      vertex 45.974999999999994 -112.9 0
    endloop
  endfacet
  facet normal 0 0 -1
    outer loop
      vertex 45.974999999999994 -112.9 0
      vertex 64.3499465195429 -87.67499999701977 0
      vertex 46.4971047688802 -112.93422055450476 0
    endloop
  endfacet
  facet normal 0 0 -1
    outer loop
      vertex 46.4971047688802 -112.93422055450476 0
      vertex 64.3499465195429 -87.67499999701977 0
      vertex 47.010276180410074 -113.03629669484373 0
    endloop
  endfacet
  facet normal 0 0 -1
    outer loop
      vertex 47.010276180410074 -113.03629669484373 0
      vertex 64.3499465195429 -87.67499999701977 0
      vertex 47.50573372946035 -113.20448186995486 0
    endloop
  endfacet
  facet normal 0 0 -1
    outer loop
      vertex 47.50573372946035 -113.20448186995486 0
      vertex 64.3499465195429 -87.67499999701977 0
      vertex 47.974999999999994 -113.43589838486226 0
    endloop
  endfacet
  facet normal 0 0 -1
    outer loop
      vertex 48.41004571603488 -113.72658663883506 0
      vertex 47.974999999999994 -113.43589838486226 0
      vertex 64.3499465195429 -87.67499999701977 0
    endloop
  endfacet
  facet normal 0 0 -1
    outer loop
      vertex 50 -130.2 0
      vertex 149.15 -129.97224318643356 0
      vertex 10 -134.5 0
    endloop
  endfacet
  facet normal 0 0 -1
    outer loop
      vertex 45.974999999999994 -120.9 0
      vertex 46.4971047688802 -120.86577944549525 0
      vertex 137.92499999999998 -120.9 0
    endloop
  endfacet
  facet normal 0 0 -1
    outer loop
      vertex 47.010276180410074 -120.76370330515628 0
      vertex 47.50573372946035 -120.59551813004515 0
      vertex 135.0965728752538 -119.72842712474619 0
    endloop
  endfacet
  facet normal 0 0 -1
    outer loop
      vertex 47.50573372946035 -120.59551813004515 0
      vertex 47.974999999999994 -120.36410161513776 0
      vertex 135.0965728752538 -119.72842712474619 0
    endloop
  endfacet
  facet normal 0 0 -1
    outer loop
      vertex 46.4971047688802 -120.86577944549525 0
      vertex 47.010276180410074 -120.76370330515628 0
      vertex 137.40289523111977 -120.86577944549525 0
    endloop
  endfacet
  facet normal 0 0 -1
    outer loop
      vertex 47.974999999999994 -120.36410161513776 0
      vertex 48.41004571603488 -120.07341336116495 0
      vertex 135.0965728752538 -119.72842712474619 0
    endloop
  endfacet
  facet normal 0 0 -1
    outer loop
      vertex 48.41004571603488 -120.07341336116495 0
      vertex 48.803427124746186 -119.72842712474619 0
      vertex 134.75158663883505 -119.33504571603488 0
    endloop
  endfacet
  facet normal 0 0 -1
    outer loop
      vertex 48.803427124746186 -119.72842712474619 0
      vertex 49.148413361164934 -119.33504571603488 0
      vertex 134.75158663883505 -119.33504571603488 0
    endloop
  endfacet
  facet normal 0 0 -1
    outer loop
      vertex 50 -130.2 0
      vertex 50.221894526774086 -130.18545626433547 0
      vertex 149.15 -129.97224318643356 0
    endloop
  endfacet
  facet normal 0 0 -1
    outer loop
      vertex 50.221894526774086 -130.18545626433547 0
      vertex 50.43999237667428 -130.14207390469142 0
      vertex 149.15 -129.97224318643356 0
    endloop
  endfacet
  facet normal 0 0 -1
    outer loop
      vertex 50.43999237667428 -130.14207390469142 0
      vertex 50.65056183502065 -130.0705952052692 0
      vertex 149.15 -129.97224318643356 0
    endloop
  endfacet
  facet normal 0 0 -1
    outer loop
      vertex 50.65056183502065 -130.0705952052692 0
      vertex 50.85 -129.97224318643356 0
      vertex 149.15 -129.97224318643356 0
    endloop
  endfacet
  facet normal 0 0 -1
    outer loop
      vertex 50.85 -129.97224318643356 0
      vertex 51.034894429314825 -129.8487006784951 0
      vertex 149.15 -129.97224318643356 0
    endloop
  endfacet
  facet normal 0 0 -1
    outer loop
      vertex 51.034894429314825 -129.8487006784951 0
      vertex 51.20208152801713 -129.70208152801712 0
      vertex 148.96510557068518 -129.8487006784951 0
    endloop
  endfacet
  facet normal 0 0 -1
    outer loop
      vertex 51.20208152801713 -129.70208152801712 0
      vertex 51.3487006784951 -129.53489442931482 0
      vertex 148.31454373566453 -128.7218945267741 0
    endloop
  endfacet
  facet normal 0 0 -1
    outer loop
      vertex 51.3487006784951 -129.53489442931482 0
      vertex 51.472243186433545 -129.35 0
      vertex 148.31454373566453 -128.7218945267741 0
    endloop
  endfacet
  facet normal 0 0 -1
    outer loop
      vertex 51.472243186433545 -129.35 0
      vertex 51.570595205269186 -129.15056183502065 0
      vertex 148.31454373566453 -128.7218945267741 0
    endloop
  endfacet
  facet normal 0 0 -1
    outer loop
      vertex 51.570595205269186 -129.15056183502065 0
      vertex 51.642073904691415 -128.9399923766743 0
      vertex 148.31454373566453 -128.7218945267741 0
    endloop
  endfacet
  facet normal 0 0 -1
    outer loop
      vertex 51.642073904691415 -128.9399923766743 0
      vertex 51.68545626433548 -128.7218945267741 0
      vertex 148.31454373566453 -128.7218945267741 0
    endloop
  endfacet
  facet normal 0 0 -1
    outer loop
      vertex 51.68545626433548 -128.7218945267741 0
      vertex 51.7 -128.5 0
      vertex 148.31454373566453 -128.7218945267741 0
    endloop
  endfacet
  facet normal 0 0 -1
    outer loop
      vertex 51.7 -128.5 0
      vertex 51.68545626433548 -128.2781054732259 0
      vertex 148.3 -128.5 0
    endloop
  endfacet
  facet normal 0 0 -1
    outer loop
      vertex 51.68545626433548 -128.2781054732259 0
      vertex 51.642073904691415 -128.0600076233257 0
      vertex 148.31454373566453 -128.2781054732259 0
    endloop
  endfacet
  facet normal 0 0 -1
    outer loop
      vertex 50.43999237667428 -126.85792609530858 0
      vertex 149.5600076233257 -126.85792609530858 0
      vertex 50.65056183502065 -126.92940479473081 0
    endloop
  endfacet
  facet normal 0 0 -1
    outer loop
      vertex 50 -126.8 0
      vertex 149.7781054732259 -126.81454373566453 0
      vertex 50.221894526774086 -126.81454373566453 0
    endloop
  endfacet
  facet normal 0 0 -1
    outer loop
      vertex 50.221894526774086 -126.81454373566453 0
      vertex 149.5600076233257 -126.85792609530858 0
      vertex 50.43999237667428 -126.85792609530858 0
    endloop
  endfacet
  facet normal 0 0 -1
    outer loop
      vertex 50.65056183502065 -126.92940479473081 0
      vertex 149.5600076233257 -126.85792609530858 0
      vertex 50.85 -127.02775681356646 0
    endloop
  endfacet
  facet normal 0 0 -1
    outer loop
      vertex 51.034894429314825 -127.1512993215049 0
      vertex 149.5600076233257 -126.85792609530858 0
      vertex 51.20208152801713 -127.29791847198287 0
    endloop
  endfacet
  facet normal 0 0 -1
    outer loop
      vertex 51.034894429314825 -127.1512993215049 0
      vertex 50.85 -127.02775681356646 0
      vertex 149.5600076233257 -126.85792609530858 0
    endloop
  endfacet
  facet normal 0 0 -1
    outer loop
      vertex 51.642073904691415 -128.0600076233257 0
      vertex 51.570595205269186 -127.84943816497935 0
      vertex 149.15 -127.02775681356646 0
    endloop
  endfacet
  facet normal 0 0 -1
    outer loop
      vertex 51.570595205269186 -127.84943816497935 0
      vertex 51.472243186433545 -127.65 0
      vertex 149.15 -127.02775681356646 0
    endloop
  endfacet
  facet normal 0 0 -1
    outer loop
      vertex 51.472243186433545 -127.65 0
      vertex 51.3487006784951 -127.46510557068518 0
      vertex 149.5600076233257 -126.85792609530858 0
    endloop
  endfacet
  facet normal 0 0 -1
    outer loop
      vertex 51.20208152801713 -127.29791847198287 0
      vertex 149.5600076233257 -126.85792609530858 0
      vertex 51.3487006784951 -127.46510557068518 0
    endloop
  endfacet
  facet normal 0 0 -1
    outer loop
      vertex 50 -126.8 0
      vertex 10 -121.85799359155371 0
      vertex 189.28207252174616 -124.62293491512537 0
    endloop
  endfacet
  facet normal 0 0 -1
    outer loop
      vertex 49.148413361164934 -119.33504571603488 0
      vertex 49.43910161513775 -118.9 0
      vertex 134.75158663883505 -119.33504571603488 0
    endloop
  endfacet
  facet normal 0 0 -1
    outer loop
      vertex 49.43910161513775 -118.9 0
      vertex 49.67051813004514 -118.43073372946037 0
      vertex 134.46089838486222 -118.9 0
    endloop
  endfacet
  facet normal 0 0 -1
    outer loop
      vertex 49.67051813004514 -118.43073372946037 0
      vertex 49.838703305156265 -117.93527618041009 0
      vertex 134.22948186995484 -118.43073372946037 0
    endloop
  endfacet
  facet normal 0 0 -1
    outer loop
      vertex 49.838703305156265 -117.93527618041009 0
      vertex 49.94077944549524 -117.42210476888022 0
      vertex 134.06129669484372 -117.93527618041009 0
    endloop
  endfacet
  facet normal 0 0 -1
    outer loop
      vertex 49.94077944549524 -117.42210476888022 0
      vertex 49.974999999999994 -116.9 0
      vertex 133.95922055450475 -117.42210476888022 0
    endloop
  endfacet
  facet normal 0 0 -1
    outer loop
      vertex 49.974999999999994 -116.9 0
      vertex 49.94077944549524 -116.3778952311198 0
      vertex 133.92499999999998 -116.9 0
    endloop
  endfacet
  facet normal 0 0 -1
    outer loop
      vertex 49.43910161513775 -114.9 0
      vertex 49.148413361164934 -114.46495428396513 0
      vertex 134.46089838486222 -114.9 0
    endloop
  endfacet
  facet normal 0 0 -1
    outer loop
      vertex 48.803427124746186 -114.07157287525382 0
      vertex 134.75158663883505 -114.46495428396513 0
      vertex 49.148413361164934 -114.46495428396513 0
    endloop
  endfacet
  facet normal 0 0 -1
    outer loop
      vertex 48.803427124746186 -114.07157287525382 0
      vertex 48.41004571603488 -113.72658663883506 0
      vertex 135.0965728752538 -114.07157287525382 0
    endloop
  endfacet
  facet normal 0 0 -1
    outer loop
      vertex 49.838703305156265 -115.86472381958993 0
      vertex 133.95922055450475 -116.3778952311198 0
      vertex 49.94077944549524 -116.3778952311198 0
    endloop
  endfacet
  facet normal 0 0 -1
    outer loop
      vertex 49.838703305156265 -115.86472381958993 0
      vertex 49.67051813004514 -115.36926627053964 0
      vertex 134.06129669484372 -115.86472381958993 0
    endloop
  endfacet
  facet normal 0 0 -1
    outer loop
      vertex 49.67051813004514 -115.36926627053964 0
      vertex 49.43910161513775 -114.9 0
      vertex 134.22948186995484 -115.36926627053964 0
    endloop
  endfacet
  facet normal 0 0 -1
    outer loop
      vertex 48.41004571603488 -113.72658663883506 0
      vertex 64.3499465195429 -87.67499999701977 0
      vertex 135.4899542839651 -113.72658663883506 0
    endloop
  endfacet
  facet normal 0 -1 0
    outer loop
      vertex 174.5 -134.5 6
      vertex 10 -134.5 3
      vertex 10 -134.5 0
    endloop
  endfacet
  facet normal 0 -1 0
    outer loop
      vertex 174.5 -134.5 6
      vertex -10 -134.5 6
      vertex 10 -134.5 3
    endloop
  endfacet
  facet normal 0 0 1
    outer loop
      vertex 50 -131.79006211180123 6
      vertex -10 -134.5 6
      vertex 148.43258550269218 -131.3986104953978 6
    endloop
  endfacet
  facet normal 0 0 1
    outer loop
      vertex 2.6101817661631506 -121.49713708729243 6
      vertex 190.5 -118.5 6
      vertex 2.3264252297795913 -121.17357477022041 6
    endloop
  endfacet
  facet normal 0 0 1
    outer loop
      vertex 2.0028629127075734 -120.88981823383685 6
      vertex 190.5 -118.5 6
      vertex 1.6450310559006212 -120.65072263115145 6
    endloop
  endfacet
  facet normal 0 0 1
    outer loop
      vertex 2.0028629127075734 -120.88981823383685 6
      vertex 2.3264252297795913 -121.17357477022041 6
      vertex 190.5 -118.5 6
    endloop
  endfacet
  facet normal 0 0 1
    outer loop
      vertex 0.8515307341043804 -120.32204403611603 6
      vertex 1.2590522616384352 -120.46037895421597 6
      vertex 171.60000000149012 -89.92499999701977 6
    endloop
  endfacet
  facet normal 0 0 1
    outer loop
      vertex 1.2590522616384352 -120.46037895421597 6
      vertex 1.6450310559006212 -120.65072263115145 6
      vertex 171.60000000149012 -89.92499999701977 6
    endloop
  endfacet
  facet normal 0 0 1
    outer loop
      vertex 0.8515307341043804 -120.32204403611603 6
      vertex 171.60000000149012 -89.92499999701977 6
      vertex -10 -89.92499999701977 6
    endloop
  endfacet
  facet normal 0 0 1
    outer loop
      vertex 2.8492773688485533 -125.14503105590062 6
      vertex 189.95481321960688 -122.6411047205329 6
      vertex 3.0396210457840285 -124.75905226163843 6
    endloop
  endfacet
  facet normal 0 0 1
    outer loop
      vertex 3.0396210457840285 -124.75905226163843 6
      vertex 189.95481321960688 -122.6411047205329 6
      vertex 3.1779559638839716 -124.35153073410439 6
    endloop
  endfacet
  facet normal 0 0 1
    outer loop
      vertex 3.1779559638839716 -124.35153073410439 6
      vertex 189.95481321960688 -122.6411047205329 6
      vertex 3.2619151743460084 -123.92943927962088 6
    endloop
  endfacet
  facet normal 0 0 1
    outer loop
      vertex 3.2619151743460084 -123.92943927962088 6
      vertex 190.3631177842617 -120.58841907233 6
      vertex 3.2900621118012423 -123.5 6
    endloop
  endfacet
  facet normal 0 0 1
    outer loop
      vertex 3.2900621118012423 -123.5 6
      vertex 190.3631177842617 -120.58841907233 6
      vertex 3.2619151743460084 -123.07056072037912 6
    endloop
  endfacet
  facet normal 0 0 1
    outer loop
      vertex 3.2619151743460084 -123.07056072037912 6
      vertex 190.3631177842617 -120.58841907233 6
      vertex 3.177955963883972 -122.64846926589561 6
    endloop
  endfacet
  facet normal 0 0 1
    outer loop
      vertex 3.177955963883972 -122.64846926589561 6
      vertex 190.3631177842617 -120.58841907233 6
      vertex 3.0396210457840285 -122.24094773836157 6
    endloop
  endfacet
  facet normal 0 0 1
    outer loop
      vertex 3.0396210457840285 -122.24094773836157 6
      vertex 190.5 -118.5 6
      vertex 2.8492773688485533 -121.85496894409938 6
    endloop
  endfacet
  facet normal 0 0 1
    outer loop
      vertex 2.8492773688485533 -121.85496894409938 6
      vertex 190.5 -118.5 6
      vertex 2.6101817661631506 -121.49713708729243 6
    endloop
  endfacet
  facet normal 0 0 1
    outer loop
      vertex 50 -131.79006211180123 6
      vertex 148.43258550269218 -131.3986104953978 6
      vertex 50.42943927962088 -131.761915174346 6
    endloop
  endfacet
  facet normal 0 0 1
    outer loop
      vertex 50.42943927962088 -131.761915174346 6
      vertex 148.43258550269218 -131.3986104953978 6
      vertex 50.85153073410438 -131.67795596388396 6
    endloop
  endfacet
  facet normal 0 0 1
    outer loop
      vertex 50.85153073410438 -131.67795596388396 6
      vertex 148.43258550269218 -131.3986104953978 6
      vertex 51.25905226163844 -131.53962104578403 6
    endloop
  endfacet
  facet normal 0 0 1
    outer loop
      vertex 51.25905226163844 -131.53962104578403 6
      vertex 148.43258550269218 -131.3986104953978 6
      vertex 51.645031055900624 -131.34927736884856 6
    endloop
  endfacet
  facet normal 0 0 1
    outer loop
      vertex 52.32642522977959 -130.8264252297796 6
      vertex 146.71804335121007 -128.6908442667934 6
      vertex 52.61018176616315 -130.50286291270757 6
    endloop
  endfacet
  facet normal 0 0 1
    outer loop
      vertex 51.645031055900624 -131.34927736884856 6
      vertex 148.43258550269218 -131.3986104953978 6
      vertex 52.00286291270757 -131.11018176616315 6
    endloop
  endfacet
  facet normal 0 0 1
    outer loop
      vertex 52.00286291270757 -131.11018176616315 6
      vertex 148.43258550269218 -131.3986104953978 6
      vertex 52.32642522977959 -130.8264252297796 6
    endloop
  endfacet
  facet normal 0 0 1
    outer loop
      vertex 52.61018176616315 -130.50286291270757 6
      vertex 146.71804335121007 -128.6908442667934 6
      vertex 52.849277368848554 -130.14503105590063 6
    endloop
  endfacet
  facet normal 0 0 1
    outer loop
      vertex 52.849277368848554 -130.14503105590063 6
      vertex 146.71804335121007 -128.6908442667934 6
      vertex 53.03962104578403 -129.75905226163843 6
    endloop
  endfacet
  facet normal 0 0 1
    outer loop
      vertex 53.03962104578403 -129.75905226163843 6
      vertex 146.71804335121007 -128.6908442667934 6
      vertex 53.177955963883974 -129.3515307341044 6
    endloop
  endfacet
  facet normal 0 0 1
    outer loop
      vertex 53.177955963883974 -129.3515307341044 6
      vertex 146.71257408977397 -128.56206973692167 6
      vertex 53.26191517434601 -128.92943927962088 6
    endloop
  endfacet
  facet normal 0 0 1
    outer loop
      vertex 53.26191517434601 -128.92943927962088 6
      vertex 146.70993788819877 -128.5 6
      vertex 53.29006211180124 -128.5 6
    endloop
  endfacet
  facet normal 0 0 1
    outer loop
      vertex 53.29006211180124 -128.5 6
      vertex 146.70993788819877 -128.5 6
      vertex 53.26191517434601 -128.07056072037912 6
    endloop
  endfacet
  facet normal 0 0 1
    outer loop
      vertex 53.26191517434601 -128.07056072037912 6
      vertex 147.06447999901272 -127.0201604048559 6
      vertex 53.177955963883974 -127.64846926589561 6
    endloop
  endfacet
  facet normal 0 0 1
    outer loop
      vertex 53.177955963883974 -127.64846926589561 6
      vertex 147.1455012279139 -126.86497016051193 6
      vertex 53.03962104578403 -127.24094773836157 6
    endloop
  endfacet
  facet normal 0 0 1
    outer loop
      vertex 53.03962104578403 -127.24094773836157 6
      vertex 147.1455012279139 -126.86497016051193 6
      vertex 52.849277368848554 -126.85496894409938 6
    endloop
  endfacet
  facet normal 0 0 1
    outer loop
      vertex 52.61018176616315 -126.49713708729243 6
      vertex 52.849277368848554 -126.85496894409938 6
      vertex 147.15072263115144 -126.85496894409938 6
    endloop
  endfacet
  facet normal 0 0 1
    outer loop
      vertex 2.8492773688485533 -125.14503105590062 6
      vertex 50 -125.20993788819875 6
      vertex 189.95481321960688 -122.6411047205329 6
    endloop
  endfacet
  facet normal 0 0 -1
    outer loop
      vertex 149.34943816497935 -130.0705952052692 0
      vertex 149.5600076233257 -130.14207390469142 0
      vertex 10 -134.5 0
    endloop
  endfacet
  facet normal 0 0 -1
    outer loop
      vertex 149.15 -129.97224318643356 0
      vertex 149.34943816497935 -130.0705952052692 0
      vertex 10 -134.5 0
    endloop
  endfacet
  facet normal 0 0 -1
    outer loop
      vertex 149.5600076233257 -130.14207390469142 0
      vertex 149.7781054732259 -130.18545626433547 0
      vertex 10 -134.5 0
    endloop
  endfacet
  facet normal 0 0 -1
    outer loop
      vertex 149.7781054732259 -130.18545626433547 0
      vertex 150 -130.2 0
      vertex 10 -134.5 0
    endloop
  endfacet
  facet normal 0 0 -1
    outer loop
      vertex 150 -130.2 0
      vertex 184.24018286168575 -131.19365344196558 0
      vertex 10 -134.5 0
    endloop
  endfacet
  facet normal 0 0 -1
    outer loop
      vertex 47.010276180410074 -120.76370330515628 0
      vertex 135.0965728752538 -119.72842712474619 0
      vertex 135.4899542839651 -120.07341336116495 0
    endloop
  endfacet
  facet normal 0 0 -1
    outer loop
      vertex 47.010276180410074 -120.76370330515628 0
      vertex 135.4899542839651 -120.07341336116495 0
      vertex 135.92499999999998 -120.36410161513776 0
    endloop
  endfacet
  facet normal 0 0 -1
    outer loop
      vertex 47.010276180410074 -120.76370330515628 0
      vertex 135.92499999999998 -120.36410161513776 0
      vertex 136.39426627053962 -120.59551813004515 0
    endloop
  endfacet
  facet normal 0 0 -1
    outer loop
      vertex 47.010276180410074 -120.76370330515628 0
      vertex 136.39426627053962 -120.59551813004515 0
      vertex 136.8897238195899 -120.76370330515628 0
    endloop
  endfacet
  facet normal 0 0 -1
    outer loop
      vertex 46.4971047688802 -120.86577944549525 0
      vertex 137.40289523111977 -120.86577944549525 0
      vertex 137.92499999999998 -120.9 0
    endloop
  endfacet
  facet normal 0 0 -1
    outer loop
      vertex 47.010276180410074 -120.76370330515628 0
      vertex 136.8897238195899 -120.76370330515628 0
      vertex 137.40289523111977 -120.86577944549525 0
    endloop
  endfacet
  facet normal 0 0 -1
    outer loop
      vertex 48.41004571603488 -120.07341336116495 0
      vertex 134.75158663883505 -119.33504571603488 0
      vertex 135.0965728752538 -119.72842712474619 0
    endloop
  endfacet
  facet normal 0 0 -1
    outer loop
      vertex 49.43910161513775 -118.9 0
      vertex 134.46089838486222 -118.9 0
      vertex 134.75158663883505 -119.33504571603488 0
    endloop
  endfacet
  facet normal 0 0 -1
    outer loop
      vertex 49.67051813004514 -118.43073372946037 0
      vertex 134.22948186995484 -118.43073372946037 0
      vertex 134.46089838486222 -118.9 0
    endloop
  endfacet
  facet normal 0 0 -1
    outer loop
      vertex 49.838703305156265 -117.93527618041009 0
      vertex 134.06129669484372 -117.93527618041009 0
      vertex 134.22948186995484 -118.43073372946037 0
    endloop
  endfacet
  facet normal 0 0 -1
    outer loop
      vertex 49.94077944549524 -117.42210476888022 0
      vertex 133.95922055450475 -117.42210476888022 0
      vertex 134.06129669484372 -117.93527618041009 0
    endloop
  endfacet
  facet normal 0 0 -1
    outer loop
      vertex 49.974999999999994 -116.9 0
      vertex 133.92499999999998 -116.9 0
      vertex 133.95922055450475 -117.42210476888022 0
    endloop
  endfacet
  facet normal 0 0 -1
    outer loop
      vertex 49.94077944549524 -116.3778952311198 0
      vertex 133.95922055450475 -116.3778952311198 0
      vertex 133.92499999999998 -116.9 0
    endloop
  endfacet
  facet normal 0 0 -1
    outer loop
      vertex 137.92499999999998 -120.9 0
      vertex 190.3631177842617 -120.58841907233 0
      vertex 10 -121.85799359155371 0
    endloop
  endfacet
  facet normal 0 0 -1
    outer loop
      vertex 49.838703305156265 -115.86472381958993 0
      vertex 134.06129669484372 -115.86472381958993 0
      vertex 133.95922055450475 -116.3778952311198 0
    endloop
  endfacet
  facet normal 0 0 -1
    outer loop
      vertex 49.67051813004514 -115.36926627053964 0
      vertex 134.22948186995484 -115.36926627053964 0
      vertex 134.06129669484372 -115.86472381958993 0
    endloop
  endfacet
  facet normal 0 0 -1
    outer loop
      vertex 49.43910161513775 -114.9 0
      vertex 134.46089838486222 -114.9 0
      vertex 134.22948186995484 -115.36926627053964 0
    endloop
  endfacet
  facet normal 0 0 -1
    outer loop
      vertex 49.148413361164934 -114.46495428396513 0
      vertex 134.75158663883505 -114.46495428396513 0
      vertex 134.46089838486222 -114.9 0
    endloop
  endfacet
  facet normal 0 0 -1
    outer loop
      vertex 48.803427124746186 -114.07157287525382 0
      vertex 135.0965728752538 -114.07157287525382 0
      vertex 134.75158663883505 -114.46495428396513 0
    endloop
  endfacet
  facet normal 0 0 -1
    outer loop
      vertex 48.41004571603488 -113.72658663883506 0
      vertex 135.4899542839651 -113.72658663883506 0
      vertex 135.0965728752538 -114.07157287525382 0
    endloop
  endfacet
  facet normal 0 0 -1
    outer loop
      vertex 174.5 -134.5 0
      vertex 10 -134.5 0
      vertex 178.6411047205329 -133.95481321960688 0
    endloop
  endfacet
  facet normal 0 0 -1
    outer loop
      vertex 51.20208152801713 -129.70208152801712 0
      vertex 148.4294047947308 -129.15056183502065 0
      vertex 148.52775681356644 -129.35 0
    endloop
  endfacet
  facet normal 0 0 -1
    outer loop
      vertex 51.20208152801713 -129.70208152801712 0
      vertex 148.35792609530858 -128.9399923766743 0
      vertex 148.4294047947308 -129.15056183502065 0
    endloop
  endfacet
  facet normal 0 0 -1
    outer loop
      vertex 51.20208152801713 -129.70208152801712 0
      vertex 148.31454373566453 -128.7218945267741 0
      vertex 148.35792609530858 -128.9399923766743 0
    endloop
  endfacet
  facet normal 0 0 -1
    outer loop
      vertex 51.034894429314825 -129.8487006784951 0
      vertex 148.96510557068518 -129.8487006784951 0
      vertex 149.15 -129.97224318643356 0
    endloop
  endfacet
  facet normal 0 0 -1
    outer loop
      vertex 51.20208152801713 -129.70208152801712 0
      vertex 148.79791847198288 -129.70208152801712 0
      vertex 148.96510557068518 -129.8487006784951 0
    endloop
  endfacet
  facet normal 0 0 -1
    outer loop
      vertex 51.20208152801713 -129.70208152801712 0
      vertex 148.6512993215049 -129.53489442931482 0
      vertex 148.79791847198288 -129.70208152801712 0
    endloop
  endfacet
  facet normal 0 0 -1
    outer loop
      vertex 51.20208152801713 -129.70208152801712 0
      vertex 148.52775681356644 -129.35 0
      vertex 148.6512993215049 -129.53489442931482 0
    endloop
  endfacet
  facet normal 0 0 -1
    outer loop
      vertex 51.7 -128.5 0
      vertex 148.3 -128.5 0
      vertex 148.31454373566453 -128.7218945267741 0
    endloop
  endfacet
  facet normal 0 0 -1
    outer loop
      vertex 51.68545626433548 -128.2781054732259 0
      vertex 148.31454373566453 -128.2781054732259 0
      vertex 148.3 -128.5 0
    endloop
  endfacet
  facet normal 0 0 -1
    outer loop
      vertex 51.642073904691415 -128.0600076233257 0
      vertex 148.35792609530858 -128.0600076233257 0
      vertex 148.31454373566453 -128.2781054732259 0
    endloop
  endfacet
  facet normal 0 0 -1
    outer loop
      vertex 51.642073904691415 -128.0600076233257 0
      vertex 148.4294047947308 -127.84943816497935 0
      vertex 148.35792609530858 -128.0600076233257 0
    endloop
  endfacet
  facet normal 0 0 -1
    outer loop
      vertex 51.642073904691415 -128.0600076233257 0
      vertex 148.52775681356644 -127.65 0
      vertex 148.4294047947308 -127.84943816497935 0
    endloop
  endfacet
  facet normal 0 0 -1
    outer loop
      vertex 51.642073904691415 -128.0600076233257 0
      vertex 148.6512993215049 -127.46510557068518 0
      vertex 148.52775681356644 -127.65 0
    endloop
  endfacet
  facet normal 0 0 -1
    outer loop
      vertex 51.642073904691415 -128.0600076233257 0
      vertex 148.79791847198288 -127.29791847198287 0
      vertex 148.6512993215049 -127.46510557068518 0
    endloop
  endfacet
  facet normal 0 0 -1
    outer loop
      vertex 51.642073904691415 -128.0600076233257 0
      vertex 148.96510557068518 -127.1512993215049 0
      vertex 148.79791847198288 -127.29791847198287 0
    endloop
  endfacet
  facet normal 0 0 -1
    outer loop
      vertex 51.642073904691415 -128.0600076233257 0
      vertex 149.15 -127.02775681356646 0
      vertex 148.96510557068518 -127.1512993215049 0
    endloop
  endfacet
  facet normal 0 0 -1
    outer loop
      vertex 51.472243186433545 -127.65 0
      vertex 149.34943816497935 -126.92940479473081 0
      vertex 149.15 -127.02775681356646 0
    endloop
  endfacet
  facet normal 0 0 -1
    outer loop
      vertex 51.472243186433545 -127.65 0
      vertex 149.5600076233257 -126.85792609530858 0
      vertex 149.34943816497935 -126.92940479473081 0
    endloop
  endfacet
  facet normal 0 0 -1
    outer loop
      vertex 50.221894526774086 -126.81454373566453 0
      vertex 149.7781054732259 -126.81454373566453 0
      vertex 149.5600076233257 -126.85792609530858 0
    endloop
  endfacet
  facet normal 0 0 -1
    outer loop
      vertex 50 -126.8 0
      vertex 150 -126.8 0
      vertex 149.7781054732259 -126.81454373566453 0
    endloop
  endfacet
  facet normal 0 0 -1
    outer loop
      vertex 178.6411047205329 -133.95481321960688 0
      vertex 10 -134.5 0
      vertex 180.62293491512537 -133.28207252174616 0
    endloop
  endfacet
  facet normal 0 0 -1
    outer loop
      vertex 180.62293491512537 -133.28207252174616 0
      vertex 10 -134.5 0
      vertex 182.5 -132.3564064577222 0
    endloop
  endfacet
  facet normal 0 0 -1
    outer loop
      vertex 182.5 -132.3564064577222 0
      vertex 10 -134.5 0
      vertex 184.24018286168575 -131.19365344196558 0
    endloop
  endfacet
  facet normal 0 0 -1
    outer loop
      vertex 50 -126.8 0
      vertex 189.28207252174616 -124.62293491512537 0
      vertex 150 -126.8 0
    endloop
  endfacet
  facet normal 0 0 -1
    outer loop
      vertex 189.28207252174616 -124.62293491512537 0
      vertex 10 -121.85799359155371 0
      vertex 189.95481321960688 -122.6411047205329 0
    endloop
  endfacet
  facet normal 0 0 -1
    outer loop
      vertex 189.95481321960688 -122.6411047205329 0
      vertex 10 -121.85799359155371 0
      vertex 190.3631177842617 -120.58841907233 0
    endloop
  endfacet
  facet normal 0 -1 0
    outer loop
      vertex 174.5 -134.5 0
      vertex 174.5 -134.5 6
      vertex 10 -134.5 0
    endloop
  endfacet
  facet normal 0 0 1
    outer loop
      vertex 148.43258550269218 -131.3986104953978 6
      vertex -10 -134.5 6
      vertex 148.5673872420007 -131.46508735655885 6
    endloop
  endfacet
  facet normal 0 0 1
    outer loop
      vertex 148.74094773836157 -131.53962104578403 6
      vertex -10 -134.5 6
      vertex 149.1484692658956 -131.67795596388396 6
    endloop
  endfacet
  facet normal 0 0 1
    outer loop
      vertex 148.5673872420007 -131.46508735655885 6
      vertex -10 -134.5 6
      vertex 148.74094773836157 -131.53962104578403 6
    endloop
  endfacet
  facet normal 0 0 1
    outer loop
      vertex 149.1484692658956 -131.67795596388396 6
      vertex -10 -134.5 6
      vertex 149.57056072037912 -131.761915174346 6
    endloop
  endfacet
  facet normal 0 0 1
    outer loop
      vertex 149.57056072037912 -131.761915174346 6
      vertex -10 -134.5 6
      vertex 150 -131.79006211180123 6
    endloop
  endfacet
  facet normal 0 0 1
    outer loop
      vertex 52.32642522977959 -126.17357477022041 6
      vertex 52.61018176616315 -126.49713708729243 6
      vertex 189.28207252174616 -124.62293491512537 6
    endloop
  endfacet
  facet normal 0 0 1
    outer loop
      vertex 50 -125.20993788819875 6
      vertex 50.42943927962088 -125.23808482565398 6
      vertex 189.95481321960688 -122.6411047205329 6
    endloop
  endfacet
  facet normal 0 0 1
    outer loop
      vertex 50.42943927962088 -125.23808482565398 6
      vertex 50.85153073410438 -125.32204403611603 6
      vertex 189.95481321960688 -122.6411047205329 6
    endloop
  endfacet
  facet normal 0 0 1
    outer loop
      vertex 50.85153073410438 -125.32204403611603 6
      vertex 51.25905226163844 -125.46037895421597 6
      vertex 189.95481321960688 -122.6411047205329 6
    endloop
  endfacet
  facet normal 0 0 1
    outer loop
      vertex 51.25905226163844 -125.46037895421597 6
      vertex 51.645031055900624 -125.65072263115145 6
      vertex 189.95481321960688 -122.6411047205329 6
    endloop
  endfacet
  facet normal 0 0 1
    outer loop
      vertex 51.645031055900624 -125.65072263115145 6
      vertex 52.00286291270757 -125.88981823383685 6
      vertex 189.95481321960688 -122.6411047205329 6
    endloop
  endfacet
  facet normal 0 0 1
    outer loop
      vertex 52.32642522977959 -126.17357477022041 6
      vertex 189.95481321960688 -122.6411047205329 6
      vertex 52.00286291270757 -125.88981823383685 6
    endloop
  endfacet
  facet normal 0 0 1
    outer loop
      vertex 150 -131.79006211180123 6
      vertex -10 -134.5 6
      vertex 182.5 -132.3564064577222 6
    endloop
  endfacet
  facet normal 0 0 1
    outer loop
      vertex 174.5 -134.5 6
      vertex 178.6411047205329 -133.95481321960688 6
      vertex -10 -134.5 6
    endloop
  endfacet
  facet normal 0 0 1
    outer loop
      vertex 52.32642522977959 -130.8264252297796 6
      vertex 146.82204403611604 -129.3515307341044 6
      vertex 146.738084825654 -128.92943927962088 6
    endloop
  endfacet
  facet normal 0 0 1
    outer loop
      vertex 52.32642522977959 -130.8264252297796 6
      vertex 146.738084825654 -128.92943927962088 6
      vertex 146.7224432713706 -128.6907952774342 6
    endloop
  endfacet
  facet normal 0 0 1
    outer loop
      vertex 52.32642522977959 -130.8264252297796 6
      vertex 146.7224432713706 -128.6907952774342 6
      vertex 146.71804335121007 -128.6908442667934 6
    endloop
  endfacet
  facet normal 0 0 1
    outer loop
      vertex 178.6411047205329 -133.95481321960688 6
      vertex 180.62293491512537 -133.28207252174616 6
      vertex -10 -134.5 6
    endloop
  endfacet
  facet normal 0 0 1
    outer loop
      vertex 180.62293491512537 -133.28207252174616 6
      vertex 182.5 -132.3564064577222 6
      vertex -10 -134.5 6
    endloop
  endfacet
  facet normal 0 0 1
    outer loop
      vertex 52.32642522977959 -130.8264252297796 6
      vertex 148.43258550269218 -131.3986104953978 6
      vertex 148.35496894409937 -131.34927736884856 6
    endloop
  endfacet
  facet normal 0 0 1
    outer loop
      vertex 52.32642522977959 -130.8264252297796 6
      vertex 147.99713708729243 -131.11018176616315 6
      vertex 147.6735747702204 -130.8264252297796 6
    endloop
  endfacet
  facet normal 0 0 1
    outer loop
      vertex 52.32642522977959 -130.8264252297796 6
      vertex 147.6735747702204 -130.8264252297796 6
      vertex 147.38981823383685 -130.50286291270757 6
    endloop
  endfacet
  facet normal 0 0 1
    outer loop
      vertex 52.32642522977959 -130.8264252297796 6
      vertex 147.38981823383685 -130.50286291270757 6
      vertex 147.15072263115144 -130.14503105590063 6
    endloop
  endfacet
  facet normal 0 0 1
    outer loop
      vertex 52.32642522977959 -130.8264252297796 6
      vertex 147.15072263115144 -130.14503105590063 6
      vertex 146.96037895421597 -129.75905226163843 6
    endloop
  endfacet
  facet normal 0 0 1
    outer loop
      vertex 52.32642522977959 -130.8264252297796 6
      vertex 148.35496894409937 -131.34927736884856 6
      vertex 147.99713708729243 -131.11018176616315 6
    endloop
  endfacet
  facet normal 0 0 1
    outer loop
      vertex 52.32642522977959 -130.8264252297796 6
      vertex 146.96037895421597 -129.75905226163843 6
      vertex 146.82204403611604 -129.3515307341044 6
    endloop
  endfacet
  facet normal 0 0 1
    outer loop
      vertex 53.177955963883974 -129.3515307341044 6
      vertex 146.71804335121007 -128.6908442667934 6
      vertex 146.71257408977397 -128.56206973692167 6
    endloop
  endfacet
  facet normal 0 0 1
    outer loop
      vertex 53.26191517434601 -128.92943927962088 6
      vertex 146.71257408977397 -128.56206973692167 6
      vertex 146.70993788819877 -128.5 6
    endloop
  endfacet
  facet normal 0 0 1
    outer loop
      vertex 53.26191517434601 -128.07056072037912 6
      vertex 146.70993788819877 -128.5 6
      vertex 146.738084825654 -128.07056072037912 6
    endloop
  endfacet
  facet normal 0 0 1
    outer loop
      vertex 53.26191517434601 -128.07056072037912 6
      vertex 146.738084825654 -128.07056072037912 6
      vertex 146.82204403611604 -127.64846926589561 6
    endloop
  endfacet
  facet normal 0 0 1
    outer loop
      vertex 53.26191517434601 -128.07056072037912 6
      vertex 146.82204403611604 -127.64846926589561 6
      vertex 146.96037895421597 -127.24094773836157 6
    endloop
  endfacet
  facet normal 0 0 1
    outer loop
      vertex 53.26191517434601 -128.07056072037912 6
      vertex 146.96037895421597 -127.24094773836157 6
      vertex 147.06447999901272 -127.0201604048559 6
    endloop
  endfacet
  facet normal 0 0 1
    outer loop
      vertex 53.177955963883974 -127.64846926589561 6
      vertex 147.06447999901272 -127.0201604048559 6
      vertex 147.1455012279139 -126.86497016051193 6
    endloop
  endfacet
  facet normal 0 0 1
    outer loop
      vertex 52.849277368848554 -126.85496894409938 6
      vertex 147.1455012279139 -126.86497016051193 6
      vertex 147.15072263115144 -126.85496894409938 6
    endloop
  endfacet
  facet normal 0 0 1
    outer loop
      vertex 52.61018176616315 -126.49713708729243 6
      vertex 147.15072263115144 -126.85496894409938 6
      vertex 147.38981823383685 -126.49713708729243 6
    endloop
  endfacet
  facet normal 0 0 1
    outer loop
      vertex 52.61018176616315 -126.49713708729243 6
      vertex 147.38981823383685 -126.49713708729243 6
      vertex 147.6735747702204 -126.17357477022041 6
    endloop
  endfacet
  facet normal 0 0 1
    outer loop
      vertex 52.61018176616315 -126.49713708729243 6
      vertex 147.6735747702204 -126.17357477022041 6
      vertex 147.99713708729243 -125.88981823383685 6
    endloop
  endfacet
  facet normal 0 0 1
    outer loop
      vertex 52.61018176616315 -126.49713708729243 6
      vertex 147.99713708729243 -125.88981823383685 6
      vertex 148.35496894409937 -125.65072263115145 6
    endloop
  endfacet
  facet normal 0 0 1
    outer loop
      vertex 52.61018176616315 -126.49713708729243 6
      vertex 148.35496894409937 -125.65072263115145 6
      vertex 148.74094773836157 -125.46037895421597 6
    endloop
  endfacet
  facet normal 0 0 1
    outer loop
      vertex 52.61018176616315 -126.49713708729243 6
      vertex 148.74094773836157 -125.46037895421597 6
      vertex 149.1484692658956 -125.32204403611603 6
    endloop
  endfacet
  facet normal 0 0 1
    outer loop
      vertex 52.61018176616315 -126.49713708729243 6
      vertex 149.1484692658956 -125.32204403611603 6
      vertex 149.57056072037912 -125.23808482565398 6
    endloop
  endfacet
  facet normal 0 0 1
    outer loop
      vertex 52.61018176616315 -126.49713708729243 6
      vertex 149.57056072037912 -125.23808482565398 6
      vertex 150 -125.20993788819875 6
    endloop
  endfacet
  facet normal 0 0 1
    outer loop
      vertex 52.61018176616315 -126.49713708729243 6
      vertex 150 -125.20993788819875 6
      vertex 189.28207252174616 -124.62293491512537 6
    endloop
  endfacet
  facet normal 0 0 1
    outer loop
      vertex 3.2619151743460084 -123.92943927962088 6
      vertex 189.95481321960688 -122.6411047205329 6
      vertex 190.3631177842617 -120.58841907233 6
    endloop
  endfacet
  facet normal 0 0 1
    outer loop
      vertex 3.0396210457840285 -122.24094773836157 6
      vertex 190.3631177842617 -120.58841907233 6
      vertex 190.5 -118.5 6
    endloop
  endfacet
  facet normal 0 0 1
    outer loop
      vertex 1.6450310559006212 -120.65072263115145 6
      vertex 190.5 -118.5 6
      vertex 171.60000000149012 -89.92499999701977 6
    endloop
  endfacet
  facet normal 0 0 -1
    outer loop
      vertex 64.3499465195429 -87.67499999701977 0
      vertex 171.60000000149012 -87.67499999701977 0
      vertex 135.4899542839651 -113.72658663883506 0
    endloop
  endfacet
  facet normal 0 0 -1
    outer loop
      vertex 150 -130.2 0
      vertex 150.2218945267741 -130.18545626433547 0
      vertex 184.24018286168575 -131.19365344196558 0
    endloop
  endfacet
  facet normal 0 0 -1
    outer loop
      vertex 150.2218945267741 -130.18545626433547 0
      vertex 150.4399923766743 -130.14207390469142 0
      vertex 184.24018286168575 -131.19365344196558 0
    endloop
  endfacet
  facet normal 0 0 -1
    outer loop
      vertex 150.4399923766743 -130.14207390469142 0
      vertex 150.65056183502065 -130.0705952052692 0
      vertex 185.81370849907398 -129.81370849907398 0
    endloop
  endfacet
  facet normal 0 0 -1
    outer loop
      vertex 150.65056183502065 -130.0705952052692 0
      vertex 150.85 -129.97224318643356 0
      vertex 185.81370849907398 -129.81370849907398 0
    endloop
  endfacet
  facet normal 0 0 -1
    outer loop
      vertex 150.85 -129.97224318643356 0
      vertex 151.03489442931482 -129.8487006784951 0
      vertex 185.81370849907398 -129.81370849907398 0
    endloop
  endfacet
  facet normal 0 0 -1
    outer loop
      vertex 151.03489442931482 -129.8487006784951 0
      vertex 151.20208152801712 -129.70208152801712 0
      vertex 185.81370849907398 -129.81370849907398 0
    endloop
  endfacet
  facet normal 0 0 -1
    outer loop
      vertex 151.20208152801712 -129.70208152801712 0
      vertex 151.3487006784951 -129.53489442931482 0
      vertex 185.81370849907398 -129.81370849907398 0
    endloop
  endfacet
  facet normal 0 0 -1
    outer loop
      vertex 151.3487006784951 -129.53489442931482 0
      vertex 151.47224318643356 -129.35 0
      vertex 185.81370849907398 -129.81370849907398 0
    endloop
  endfacet
  facet normal 0 0 -1
    outer loop
      vertex 151.47224318643356 -129.35 0
      vertex 151.5705952052692 -129.15056183502065 0
      vertex 185.81370849907398 -129.81370849907398 0
    endloop
  endfacet
  facet normal 0 0 -1
    outer loop
      vertex 151.5705952052692 -129.15056183502065 0
      vertex 151.64207390469142 -128.9399923766743 0
      vertex 185.81370849907398 -129.81370849907398 0
    endloop
  endfacet
  facet normal 0 0 -1
    outer loop
      vertex 151.64207390469142 -128.9399923766743 0
      vertex 151.68545626433547 -128.7218945267741 0
      vertex 185.81370849907398 -129.81370849907398 0
    endloop
  endfacet
  facet normal 0 0 -1
    outer loop
      vertex 151.68545626433547 -128.7218945267741 0
      vertex 151.7 -128.5 0
      vertex 185.81370849907398 -129.81370849907398 0
    endloop
  endfacet
  facet normal 0 0 -1
    outer loop
      vertex 151.7 -128.5 0
      vertex 151.68545626433547 -128.2781054732259 0
      vertex 187.19365344196558 -128.24018286168575 0
    endloop
  endfacet
  facet normal 0 0 -1
    outer loop
      vertex 151.64207390469142 -128.0600076233257 0
      vertex 151.5705952052692 -127.84943816497935 0
      vertex 187.19365344196558 -128.24018286168575 0
    endloop
  endfacet
  facet normal 0 0 -1
    outer loop
      vertex 151.5705952052692 -127.84943816497935 0
      vertex 151.47224318643356 -127.65 0
      vertex 187.19365344196558 -128.24018286168575 0
    endloop
  endfacet
  facet normal 0 0 -1
    outer loop
      vertex 151.3487006784951 -127.46510557068518 0
      vertex 187.19365344196558 -128.24018286168575 0
      vertex 151.47224318643356 -127.65 0
    endloop
  endfacet
  facet normal 0 0 -1
    outer loop
      vertex 151.68545626433547 -128.2781054732259 0
      vertex 151.64207390469142 -128.0600076233257 0
      vertex 187.19365344196558 -128.24018286168575 0
    endloop
  endfacet
  facet normal 0 0 -1
    outer loop
      vertex 151.03489442931482 -127.1512993215049 0
      vertex 150.85 -127.02775681356646 0
      vertex 187.19365344196558 -128.24018286168575 0
    endloop
  endfacet
  facet normal 0 0 -1
    outer loop
      vertex 150.65056183502065 -126.92940479473081 0
      vertex 187.19365344196558 -128.24018286168575 0
      vertex 150.85 -127.02775681356646 0
    endloop
  endfacet
  facet normal 0 0 -1
    outer loop
      vertex 150.2218945267741 -126.81454373566453 0
      vertex 188.3564064577222 -126.5 0
      vertex 150.4399923766743 -126.85792609530858 0
    endloop
  endfacet
  facet normal 0 0 -1
    outer loop
      vertex 151.3487006784951 -127.46510557068518 0
      vertex 151.20208152801712 -127.29791847198287 0
      vertex 187.19365344196558 -128.24018286168575 0
    endloop
  endfacet
  facet normal 0 0 -1
    outer loop
      vertex 151.03489442931482 -127.1512993215049 0
      vertex 187.19365344196558 -128.24018286168575 0
      vertex 151.20208152801712 -127.29791847198287 0
    endloop
  endfacet
  facet normal 0 0 -1
    outer loop
      vertex 150.65056183502065 -126.92940479473081 0
      vertex 150.4399923766743 -126.85792609530858 0
      vertex 188.3564064577222 -126.5 0
    endloop
  endfacet
  facet normal 0 0 -1
    outer loop
      vertex 150 -126.8 0
      vertex 189.28207252174616 -124.62293491512537 0
      vertex 150.2218945267741 -126.81454373566453 0
    endloop
  endfacet
  facet normal 0 0 -1
    outer loop
      vertex 137.92499999999998 -120.9 0
      vertex 138.4471047688802 -120.86577944549525 0
      vertex 190.3631177842617 -120.58841907233 0
    endloop
  endfacet
  facet normal 0 0 -1
    outer loop
      vertex 138.4471047688802 -120.86577944549525 0
      vertex 138.96027618041006 -120.76370330515628 0
      vertex 190.3631177842617 -120.58841907233 0
    endloop
  endfacet
  facet normal 0 0 -1
    outer loop
      vertex 138.96027618041006 -120.76370330515628 0
      vertex 139.45573372946035 -120.59551813004515 0
      vertex 190.3631177842617 -120.58841907233 0
    endloop
  endfacet
  facet normal 0 0 -1
    outer loop
      vertex 139.45573372946035 -120.59551813004515 0
      vertex 139.92499999999998 -120.36410161513776 0
      vertex 190.3631177842617 -120.58841907233 0
    endloop
  endfacet
  facet normal 0 0 -1
    outer loop
      vertex 139.92499999999998 -120.36410161513776 0
      vertex 140.36004571603488 -120.07341336116495 0
      vertex 190.3631177842617 -120.58841907233 0
    endloop
  endfacet
  facet normal 0 0 -1
    outer loop
      vertex 140.36004571603488 -120.07341336116495 0
      vertex 140.75342712474617 -119.72842712474619 0
      vertex 190.3631177842617 -120.58841907233 0
    endloop
  endfacet
  facet normal 0 0 -1
    outer loop
      vertex 140.75342712474617 -119.72842712474619 0
      vertex 141.09841336116492 -119.33504571603488 0
      vertex 190.3631177842617 -120.58841907233 0
    endloop
  endfacet
  facet normal 0 0 -1
    outer loop
      vertex 141.09841336116492 -119.33504571603488 0
      vertex 141.38910161513775 -118.9 0
      vertex 190.3631177842617 -120.58841907233 0
    endloop
  endfacet
  facet normal 0 0 -1
    outer loop
      vertex 141.38910161513775 -118.9 0
      vertex 141.62051813004513 -118.43073372946037 0
      vertex 190.5 -118.5 0
    endloop
  endfacet
  facet normal 0 0 -1
    outer loop
      vertex 141.62051813004513 -118.43073372946037 0
      vertex 141.78870330515625 -117.93527618041009 0
      vertex 190.5 -118.5 0
    endloop
  endfacet
  facet normal 0 0 -1
    outer loop
      vertex 141.78870330515625 -117.93527618041009 0
      vertex 141.8907794454952 -117.42210476888022 0
      vertex 190.5 -118.5 0
    endloop
  endfacet
  facet normal 0 0 -1
    outer loop
      vertex 141.8907794454952 -117.42210476888022 0
      vertex 141.92499999999998 -116.9 0
      vertex 190.5 -118.5 0
    endloop
  endfacet
  facet normal 0 0 -1
    outer loop
      vertex 135.4899542839651 -113.72658663883506 0
      vertex 171.60000000149012 -87.67499999701977 0
      vertex 135.92499999999998 -113.43589838486226 0
    endloop
  endfacet
  facet normal 0 0 -1
    outer loop
      vertex 135.92499999999998 -113.43589838486226 0
      vertex 171.60000000149012 -87.67499999701977 0
      vertex 136.39426627053962 -113.20448186995486 0
    endloop
  endfacet
  facet normal 0 0 -1
    outer loop
      vertex 136.39426627053962 -113.20448186995486 0
      vertex 171.60000000149012 -87.67499999701977 0
      vertex 136.8897238195899 -113.03629669484373 0
    endloop
  endfacet
  facet normal 0 0 -1
    outer loop
      vertex 136.8897238195899 -113.03629669484373 0
      vertex 171.60000000149012 -87.67499999701977 0
      vertex 137.40289523111977 -112.93422055450476 0
    endloop
  endfacet
  facet normal 0 0 -1
    outer loop
      vertex 137.40289523111977 -112.93422055450476 0
      vertex 171.60000000149012 -87.67499999701977 0
      vertex 137.92499999999998 -112.9 0
    endloop
  endfacet
  facet normal 0 0 -1
    outer loop
      vertex 137.92499999999998 -112.9 0
      vertex 171.60000000149012 -87.67499999701977 0
      vertex 138.4471047688802 -112.93422055450476 0
    endloop
  endfacet
  facet normal 0 0 -1
    outer loop
      vertex 138.96027618041006 -113.03629669484373 0
      vertex 138.4471047688802 -112.93422055450476 0
      vertex 171.60000000149012 -87.67499999701977 0
    endloop
  endfacet
  facet normal 0 0 -1
    outer loop
      vertex 140.36004571603488 -113.72658663883506 0
      vertex 171.60000000149012 -87.67499999701977 0
      vertex 140.75342712474617 -114.07157287525382 0
    endloop
  endfacet
  facet normal 0 0 -1
    outer loop
      vertex 140.75342712474617 -114.07157287525382 0
      vertex 171.60000000149012 -87.67499999701977 0
      vertex 141.09841336116492 -114.46495428396513 0
    endloop
  endfacet
  facet normal 0 0 -1
    outer loop
      vertex 141.92499999999998 -116.9 0
      vertex 141.8907794454952 -116.3778952311198 0
      vertex 171.60000000149012 -87.67499999701977 0
    endloop
  endfacet
  facet normal 0 0 -1
    outer loop
      vertex 141.78870330515625 -115.86472381958993 0
      vertex 141.62051813004513 -115.36926627053964 0
      vertex 171.60000000149012 -87.67499999701977 0
    endloop
  endfacet
  facet normal 0 0 -1
    outer loop
      vertex 141.8907794454952 -116.3778952311198 0
      vertex 141.78870330515625 -115.86472381958993 0
      vertex 171.60000000149012 -87.67499999701977 0
    endloop
  endfacet
  facet normal 0 0 -1
    outer loop
      vertex 141.62051813004513 -115.36926627053964 0
      vertex 141.38910161513775 -114.9 0
      vertex 171.60000000149012 -87.67499999701977 0
    endloop
  endfacet
  facet normal 0 0 -1
    outer loop
      vertex 141.09841336116492 -114.46495428396513 0
      vertex 171.60000000149012 -87.67499999701977 0
      vertex 141.38910161513775 -114.9 0
    endloop
  endfacet
  facet normal 0 0 -1
    outer loop
      vertex 138.96027618041006 -113.03629669484373 0
      vertex 171.60000000149012 -87.67499999701977 0
      vertex 139.45573372946035 -113.20448186995486 0
    endloop
  endfacet
  facet normal 0 0 -1
    outer loop
      vertex 139.45573372946035 -113.20448186995486 0
      vertex 171.60000000149012 -87.67499999701977 0
      vertex 139.92499999999998 -113.43589838486226 0
    endloop
  endfacet
  facet normal 0 0 -1
    outer loop
      vertex 140.36004571603488 -113.72658663883506 0
      vertex 139.92499999999998 -113.43589838486226 0
      vertex 171.60000000149012 -87.67499999701977 0
    endloop
  endfacet
  facet normal 0 0 -1
    outer loop
      vertex 150.4399923766743 -130.14207390469142 0
      vertex 185.81370849907398 -129.81370849907398 0
      vertex 184.24018286168575 -131.19365344196558 0
    endloop
  endfacet
  facet normal 0 0 -1
    outer loop
      vertex 174.5 -134.5 0
      vertex 178.6411047205329 -133.95481321960688 0
      vertex 176.58841907233 -134.3631177842617 0
    endloop
  endfacet
  facet normal 0 0 -1
    outer loop
      vertex 151.7 -128.5 0
      vertex 187.19365344196558 -128.24018286168575 0
      vertex 185.81370849907398 -129.81370849907398 0
    endloop
  endfacet
  facet normal 0 0 -1
    outer loop
      vertex 150.65056183502065 -126.92940479473081 0
      vertex 188.3564064577222 -126.5 0
      vertex 187.19365344196558 -128.24018286168575 0
    endloop
  endfacet
  facet normal 0 0 -1
    outer loop
      vertex 150.2218945267741 -126.81454373566453 0
      vertex 189.28207252174616 -124.62293491512537 0
      vertex 188.3564064577222 -126.5 0
    endloop
  endfacet
  facet normal 0 0 -1
    outer loop
      vertex 141.38910161513775 -118.9 0
      vertex 190.5 -118.5 0
      vertex 190.3631177842617 -120.58841907233 0
    endloop
  endfacet
  facet normal 0.0654031282445549 -0.9978589233032025 0
    outer loop
      vertex 174.5 -134.5 0
      vertex 176.58841907233 -134.3631177842617 0
      vertex 174.5 -134.5 6
    endloop
  endfacet
  facet normal 0.1950903233419225 -0.9807852801395136 0
    outer loop
      vertex 176.58841907233 -134.3631177842617 0
      vertex 178.6411047205329 -133.95481321960688 0
      vertex 176.58841907233 -134.3631177842617 6
    endloop
  endfacet
  facet normal 0.3214394644301214 -0.9469301297914628 0
    outer loop
      vertex 178.6411047205329 -133.95481321960688 0
      vertex 180.62293491512537 -133.28207252174616 0
      vertex 178.6411047205329 -133.95481321960688 6
    endloop
  endfacet
  facet normal 0.442288691393148 -0.8968727409536632 0
    outer loop
      vertex 180.62293491512537 -133.28207252174616 0
      vertex 182.5 -132.3564064577222 0
      vertex 180.62293491512537 -133.28207252174616 6
    endloop
  endfacet
  facet normal 0.5555702335167159 -0.8314696119703846 0
    outer loop
      vertex 182.5 -132.3564064577222 0
      vertex 184.24018286168575 -131.19365344196558 0
      vertex 182.5 -132.3564064577222 6
    endloop
  endfacet
  facet normal 0.6593458137459777 -0.7518398086664835 0
    outer loop
      vertex 184.24018286168575 -131.19365344196558 0
      vertex 185.81370849907398 -129.81370849907398 0
      vertex 184.24018286168575 -131.19365344196558 6
    endloop
  endfacet
  facet normal 0.7518398086664835 -0.6593458137459777 0
    outer loop
      vertex 185.81370849907398 -129.81370849907398 0
      vertex 187.19365344196558 -128.24018286168575 0
      vertex 185.81370849907398 -129.81370849907398 6
    endloop
  endfacet
  facet normal 0.8314696119703846 -0.5555702335167159 0
    outer loop
      vertex 187.19365344196558 -128.24018286168575 0
      vertex 188.3564064577222 -126.5 0
      vertex 187.19365344196558 -128.24018286168575 6
    endloop
  endfacet
  facet normal 0.8968727409536632 -0.442288691393148 0
    outer loop
      vertex 188.3564064577222 -126.5 0
      vertex 189.28207252174616 -124.62293491512537 0
      vertex 188.3564064577222 -126.5 6
    endloop
  endfacet
  facet normal 0.9469301297914628 -0.3214394644301214 0
    outer loop
      vertex 189.28207252174616 -124.62293491512537 0
      vertex 189.95481321960688 -122.6411047205329 0
      vertex 189.28207252174616 -124.62293491512537 6
    endloop
  endfacet
  facet normal 0.9807852801395136 -0.1950903233419225 0
    outer loop
      vertex 189.95481321960688 -122.6411047205329 0
      vertex 190.3631177842617 -120.58841907233 0
      vertex 189.95481321960688 -122.6411047205329 6
    endloop
  endfacet
  facet normal 0.9978589233032025 -0.0654031282445549 0
    outer loop
      vertex 190.3631177842617 -120.58841907233 0
      vertex 190.5 -118.5 0
      vertex 190.3631177842617 -120.58841907233 6
    endloop
  endfacet
  facet normal 0 0 -1
    outer loop
      vertex 141.92499999999998 -116.9 0
      vertex 171.60000000149012 -87.67499999701977 0
      vertex 190.5 -118.5 0
    endloop
  endfacet
  facet normal 0 0 1
    outer loop
      vertex 148.44927991272687 -131.39851493922137 6
      vertex 148.74094773836157 -131.53962104578403 6
      vertex 148.35496894409937 -131.34927736884856 6
    endloop
  endfacet
  facet normal 0 0 1
    outer loop
      vertex 148.44927991272687 -131.39851493922137 6
      vertex 148.57665937778947 -131.4650168049783 6
      vertex 148.74094773836157 -131.53962104578403 6
    endloop
  endfacet
  facet normal 0 0 1
    outer loop
      vertex 148.43258550269218 -131.3986104953978 6
      vertex 148.44927991272687 -131.39851493922137 6
      vertex 148.35496894409937 -131.34927736884856 6
    endloop
  endfacet
  facet normal 0 0 1
    outer loop
      vertex 148.5673872420007 -131.46508735655885 6
      vertex 148.74094773836157 -131.53962104578403 6
      vertex 148.57665937778947 -131.4650168049783 6
    endloop
  endfacet
  facet normal 0 0 1
    outer loop
      vertex 151.25905226163843 -131.53962104578403 6
      vertex 151.47751457831384 -131.44294422925026 6
      vertex 151.46684595426055 -131.44302540669486 6
    endloop
  endfacet
  facet normal 0 0 1
    outer loop
      vertex 151.25905226163843 -131.53962104578403 6
      vertex 151.46684595426055 -131.44302540669486 6
      vertex 151.64503105590063 -131.34927736884856 6
    endloop
  endfacet
  facet normal 0 0 1
    outer loop
      vertex 151.46684595426055 -131.44302540669486 6
      vertex 151.60140758767645 -131.38047265635547 6
      vertex 151.64503105590063 -131.34927736884856 6
    endloop
  endfacet
  facet normal 0 0 1
    outer loop
      vertex 151.60422712225855 -131.38045651778313 6
      vertex 151.64503105590063 -131.34927736884856 6
      vertex 151.60140758767645 -131.38047265635547 6
    endloop
  endfacet
  facet normal 0 0 1
    outer loop
      vertex 146.71400540773067 -128.56205835574133 6
      vertex 146.70993788819877 -128.5 6
      vertex 146.71257408977397 -128.56206973692167 6
    endloop
  endfacet
  facet normal 0 0 1
    outer loop
      vertex 146.96037895421597 -127.24094773836157 6
      vertex 147.06928909303247 -127.0200998239989 6
      vertex 147.06447999901272 -127.0201604048559 6
    endloop
  endfacet
  facet normal 0 0 1
    outer loop
      vertex 147.14579184626135 -126.86496758675084 6
      vertex 147.15072263115144 -126.85496894409938 6
      vertex 147.1455012279139 -126.86497016051193 6
    endloop
  endfacet
  facet normal 0 0 1
    outer loop
      vertex 52.32642522977959 -126.17357477022041 6
      vertex 189.28207252174616 -124.62293491512537 6
      vertex 189.95481321960688 -122.6411047205329 6
    endloop
  endfacet
  facet normal 0 0 1
    outer loop
      vertex 152.85940900435583 -130.1256246483294 6
      vertex 153.03962104578403 -129.75905226163843 6
      vertex 152.84927736884856 -130.14503105590063 6
    endloop
  endfacet
  facet normal 0 0 1
    outer loop
      vertex 152.85940900435583 -130.1256246483294 6
      vertex 152.9036380587033 -130.04090712621363 6
      vertex 153.03962104578403 -129.75905226163843 6
    endloop
  endfacet
  facet normal 0 0 1
    outer loop
      vertex 152.91170996492275 -130.04085140083876 6
      vertex 153.03962104578403 -129.75905226163843 6
      vertex 152.9036380587033 -130.04090712621363 6
    endloop
  endfacet
  facet normal 0 0 1
    outer loop
      vertex 153.261915174346 -128.92943927962088 6
      vertex 153.2895639040616 -128.6176759889243 6
      vertex 153.29006211180123 -128.5 6
    endloop
  endfacet
  facet normal 0 0 1
    outer loop
      vertex 153.2895639040616 -128.6176759889243 6
      vertex 153.2991400745538 -128.50969640159306 6
      vertex 153.29006211180123 -128.5 6
    endloop
  endfacet
  facet normal 0 0 1
    outer loop
      vertex 153.29006211180123 -128.5 6
      vertex 153.2991400745538 -128.50969640159306 6
      vertex 153.29936458126923 -128.5096946164192 6
    endloop
  endfacet
  facet normal 0 0 1
    outer loop
      vertex 150 -131.79006211180123 6
      vertex 182.5 -132.3564064577222 6
      vertex 150.42943927962088 -131.761915174346 6
    endloop
  endfacet
  facet normal 0 0 1
    outer loop
      vertex 150.42943927962088 -131.761915174346 6
      vertex 182.5 -132.3564064577222 6
      vertex 150.8515307341044 -131.67795596388396 6
    endloop
  endfacet
  facet normal 0 0 1
    outer loop
      vertex 150.8515307341044 -131.67795596388396 6
      vertex 182.5 -132.3564064577222 6
      vertex 151.25905226163843 -131.53962104578403 6
    endloop
  endfacet
  facet normal 0 0 1
    outer loop
      vertex 151.25905226163843 -131.53962104578403 6
      vertex 182.5 -132.3564064577222 6
      vertex 151.47751457831384 -131.44294422925026 6
    endloop
  endfacet
  facet normal 0 0 1
    outer loop
      vertex 151.47751457831384 -131.44294422925026 6
      vertex 184.24018286168575 -131.19365344196558 6
      vertex 151.60422712225855 -131.38045651778313 6
    endloop
  endfacet
  facet normal 0 0 1
    outer loop
      vertex 151.60422712225855 -131.38045651778313 6
      vertex 184.24018286168575 -131.19365344196558 6
      vertex 151.64503105590063 -131.34927736884856 6
    endloop
  endfacet
  facet normal 0 0 1
    outer loop
      vertex 151.64503105590063 -131.34927736884856 6
      vertex 184.24018286168575 -131.19365344196558 6
      vertex 152.00286291270757 -131.11018176616315 6
    endloop
  endfacet
  facet normal 0 0 1
    outer loop
      vertex 152.00286291270757 -131.11018176616315 6
      vertex 184.24018286168575 -131.19365344196558 6
      vertex 152.3264252297796 -130.8264252297796 6
    endloop
  endfacet
  facet normal 0 0 1
    outer loop
      vertex 152.3264252297796 -130.8264252297796 6
      vertex 184.24018286168575 -131.19365344196558 6
      vertex 152.61018176616315 -130.50286291270757 6
    endloop
  endfacet
  facet normal 0 0 1
    outer loop
      vertex 152.61018176616315 -130.50286291270757 6
      vertex 184.24018286168575 -131.19365344196558 6
      vertex 152.84927736884856 -130.14503105590063 6
    endloop
  endfacet
  facet normal 0 0 1
    outer loop
      vertex 152.85940900435583 -130.1256246483294 6
      vertex 152.84927736884856 -130.14503105590063 6
      vertex 184.24018286168575 -131.19365344196558 6
    endloop
  endfacet
  facet normal 0 0 1
    outer loop
      vertex 152.86995364464676 -130.1255248421237 6
      vertex 152.85940900435583 -130.1256246483294 6
      vertex 184.24018286168575 -131.19365344196558 6
    endloop
  endfacet
  facet normal 0 0 1
    outer loop
      vertex 152.86995364464676 -130.1255248421237 6
      vertex 185.81370849907398 -129.81370849907398 6
      vertex 152.91170996492275 -130.04085140083876 6
    endloop
  endfacet
  facet normal 0 0 1
    outer loop
      vertex 152.91170996492275 -130.04085140083876 6
      vertex 185.81370849907398 -129.81370849907398 6
      vertex 153.03962104578403 -129.75905226163843 6
    endloop
  endfacet
  facet normal 0 0 1
    outer loop
      vertex 153.03962104578403 -129.75905226163843 6
      vertex 185.81370849907398 -129.81370849907398 6
      vertex 153.17795596388396 -129.3515307341044 6
    endloop
  endfacet
  facet normal 0 0 1
    outer loop
      vertex 153.17795596388396 -129.3515307341044 6
      vertex 185.81370849907398 -129.81370849907398 6
      vertex 153.261915174346 -128.92943927962088 6
    endloop
  endfacet
  facet normal 0 0 1
    outer loop
      vertex 153.261915174346 -128.92943927962088 6
      vertex 185.81370849907398 -129.81370849907398 6
      vertex 153.2895639040616 -128.6176759889243 6
    endloop
  endfacet
  facet normal 0 0 1
    outer loop
      vertex 153.29228909696127 -128.61764564622513 6
      vertex 153.2895639040616 -128.6176759889243 6
      vertex 185.81370849907398 -129.81370849907398 6
    endloop
  endfacet
  facet normal 0 0 1
    outer loop
      vertex 153.29228909696127 -128.61764564622513 6
      vertex 187.19365344196558 -128.24018286168575 6
      vertex 153.29936458126923 -128.5096946164192 6
    endloop
  endfacet
  facet normal 0 0 1
    outer loop
      vertex 153.29006211180123 -128.5 6
      vertex 153.29936458126923 -128.5096946164192 6
      vertex 187.19365344196558 -128.24018286168575 6
    endloop
  endfacet
  facet normal 0 0 1
    outer loop
      vertex 153.29006211180123 -128.5 6
      vertex 187.19365344196558 -128.24018286168575 6
      vertex 153.261915174346 -128.07056072037912 6
    endloop
  endfacet
  facet normal 0 0 1
    outer loop
      vertex 153.261915174346 -128.07056072037912 6
      vertex 187.19365344196558 -128.24018286168575 6
      vertex 153.17795596388396 -127.64846926589561 6
    endloop
  endfacet
  facet normal 0 0 1
    outer loop
      vertex 153.17795596388396 -127.64846926589561 6
      vertex 187.19365344196558 -128.24018286168575 6
      vertex 153.03962104578403 -127.24094773836157 6
    endloop
  endfacet
  facet normal 0 0 1
    outer loop
      vertex 153.03962104578403 -127.24094773836157 6
      vertex 188.3564064577222 -126.5 6
      vertex 152.84927736884856 -126.85496894409938 6
    endloop
  endfacet
  facet normal 0 0 1
    outer loop
      vertex 152.3264252297796 -126.17357477022041 6
      vertex 189.28207252174616 -124.62293491512537 6
      vertex 152.00286291270757 -125.88981823383685 6
    endloop
  endfacet
  facet normal 0 0 1
    outer loop
      vertex 152.3264252297796 -126.17357477022041 6
      vertex 152.61018176616315 -126.49713708729243 6
      vertex 189.28207252174616 -124.62293491512537 6
    endloop
  endfacet
  facet normal 0 0 1
    outer loop
      vertex 152.84927736884856 -126.85496894409938 6
      vertex 189.28207252174616 -124.62293491512537 6
      vertex 152.61018176616315 -126.49713708729243 6
    endloop
  endfacet
  facet normal 0 0 1
    outer loop
      vertex 150 -125.20993788819875 6
      vertex 150.42943927962088 -125.23808482565398 6
      vertex 189.28207252174616 -124.62293491512537 6
    endloop
  endfacet
  facet normal 0 0 1
    outer loop
      vertex 150.42943927962088 -125.23808482565398 6
      vertex 150.8515307341044 -125.32204403611603 6
      vertex 189.28207252174616 -124.62293491512537 6
    endloop
  endfacet
  facet normal 0 0 1
    outer loop
      vertex 150.8515307341044 -125.32204403611603 6
      vertex 151.25905226163843 -125.46037895421597 6
      vertex 189.28207252174616 -124.62293491512537 6
    endloop
  endfacet
  facet normal 0 0 1
    outer loop
      vertex 151.64503105590063 -125.65072263115145 6
      vertex 189.28207252174616 -124.62293491512537 6
      vertex 151.25905226163843 -125.46037895421597 6
    endloop
  endfacet
  facet normal 0 0 1
    outer loop
      vertex 151.64503105590063 -125.65072263115145 6
      vertex 152.00286291270757 -125.88981823383685 6
      vertex 189.28207252174616 -124.62293491512537 6
    endloop
  endfacet
  facet normal 0.0654031282445549 -0.9978589233032025 0
    outer loop
      vertex 176.58841907233 -134.3631177842617 0
      vertex 176.58841907233 -134.3631177842617 6
      vertex 174.5 -134.5 6
    endloop
  endfacet
  facet normal 0.1950903233419225 -0.9807852801395136 0
    outer loop
      vertex 178.6411047205329 -133.95481321960688 0
      vertex 178.6411047205329 -133.95481321960688 6
      vertex 176.58841907233 -134.3631177842617 6
    endloop
  endfacet
  facet normal 0.3214394644301214 -0.9469301297914628 0
    outer loop
      vertex 180.62293491512537 -133.28207252174616 0
      vertex 180.62293491512537 -133.28207252174616 6
      vertex 178.6411047205329 -133.95481321960688 6
    endloop
  endfacet
  facet normal 0.442288691393148 -0.8968727409536632 0
    outer loop
      vertex 182.5 -132.3564064577222 0
      vertex 182.5 -132.3564064577222 6
      vertex 180.62293491512537 -133.28207252174616 6
    endloop
  endfacet
  facet normal 0.5555702335167159 -0.8314696119703846 0
    outer loop
      vertex 184.24018286168575 -131.19365344196558 0
      vertex 184.24018286168575 -131.19365344196558 6
      vertex 182.5 -132.3564064577222 6
    endloop
  endfacet
  facet normal 0.6593458137459777 -0.7518398086664835 0
    outer loop
      vertex 185.81370849907398 -129.81370849907398 0
      vertex 185.81370849907398 -129.81370849907398 6
      vertex 184.24018286168575 -131.19365344196558 6
    endloop
  endfacet
  facet normal 0.7518398086664835 -0.6593458137459777 0
    outer loop
      vertex 187.19365344196558 -128.24018286168575 0
      vertex 187.19365344196558 -128.24018286168575 6
      vertex 185.81370849907398 -129.81370849907398 6
    endloop
  endfacet
  facet normal 0.8314696119703846 -0.5555702335167159 0
    outer loop
      vertex 188.3564064577222 -126.5 0
      vertex 188.3564064577222 -126.5 6
      vertex 187.19365344196558 -128.24018286168575 6
    endloop
  endfacet
  facet normal 0.8968727409536632 -0.442288691393148 0
    outer loop
      vertex 189.28207252174616 -124.62293491512537 0
      vertex 189.28207252174616 -124.62293491512537 6
      vertex 188.3564064577222 -126.5 6
    endloop
  endfacet
  facet normal 0.9469301297914628 -0.3214394644301214 0
    outer loop
      vertex 189.95481321960688 -122.6411047205329 0
      vertex 189.95481321960688 -122.6411047205329 6
      vertex 189.28207252174616 -124.62293491512537 6
    endloop
  endfacet
  facet normal 0.9807852801395136 -0.1950903233419225 0
    outer loop
      vertex 190.3631177842617 -120.58841907233 0
      vertex 190.3631177842617 -120.58841907233 6
      vertex 189.95481321960688 -122.6411047205329 6
    endloop
  endfacet
  facet normal 0.9978589233032025 -0.0654031282445549 0
    outer loop
      vertex 190.5 -118.5 0
      vertex 190.5 -118.5 6
      vertex 190.3631177842617 -120.58841907233 6
    endloop
  endfacet
  facet normal 0 0 1
    outer loop
      vertex 151.47751457831384 -131.44294422925026 6
      vertex 182.5 -132.3564064577222 6
      vertex 184.24018286168575 -131.19365344196558 6
    endloop
  endfacet
  facet normal 0 0 1
    outer loop
      vertex 152.86995364464676 -130.1255248421237 6
      vertex 184.24018286168575 -131.19365344196558 6
      vertex 185.81370849907398 -129.81370849907398 6
    endloop
  endfacet
  facet normal 0 0 1
    outer loop
      vertex 174.5 -134.5 6
      vertex 176.58841907233 -134.3631177842617 6
      vertex 178.6411047205329 -133.95481321960688 6
    endloop
  endfacet
  facet normal 0 0 1
    outer loop
      vertex 153.29228909696127 -128.61764564622513 6
      vertex 185.81370849907398 -129.81370849907398 6
      vertex 187.19365344196558 -128.24018286168575 6
    endloop
  endfacet
  facet normal 0 0 1
    outer loop
      vertex 153.03962104578403 -127.24094773836157 6
      vertex 187.19365344196558 -128.24018286168575 6
      vertex 188.3564064577222 -126.5 6
    endloop
  endfacet
  facet normal 0 0 1
    outer loop
      vertex 152.84927736884856 -126.85496894409938 6
      vertex 188.3564064577222 -126.5 6
      vertex 189.28207252174616 -124.62293491512537 6
    endloop
  endfacet
  facet normal 0 0 1
    outer loop
      vertex 190.5 -118.5 6
      vertex 171.6163157755509 -89.92393060494214 6
      vertex 171.60000000149012 -89.92499999701977 6
    endloop
  endfacet
  facet normal 0 0 1
    outer loop
      vertex 190.5 -118.5 6
      vertex 172.0731574492529 -89.89398762024939 6
      vertex 171.6163157755509 -89.92393060494214 6
    endloop
  endfacet
  facet normal 0 0 1
    outer loop
      vertex 190.5 -118.5 6
      vertex 172.55370208993554 -89.79622532892972 6
      vertex 172.53821904119104 -89.80148111563176 6
    endloop
  endfacet
  facet normal 0 0 1
    outer loop
      vertex 190.5 -118.5 6
      vertex 172.53821904119104 -89.80148111563176 6
      vertex 172.5221824347973 -89.80467099510133 6
    endloop
  endfacet
  facet normal 0 0 1
    outer loop
      vertex 190.5 -118.5 6
      vertex 172.5221824347973 -89.80467099510133 6
      vertex 172.0731574492529 -89.89398762024939 6
    endloop
  endfacet
  facet normal 0 0 1
    outer loop
      vertex 190.5 -118.5 6
      vertex 172.98722744174302 -89.64906330127269 6
      vertex 172.55370208993554 -89.79622532892972 6
    endloop
  endfacet
  facet normal 0 0 1
    outer loop
      vertex 190.5 -118.5 6
      vertex 173.39783543068916 -89.44657384976745 6
      vertex 172.98722744174302 -89.64906330127269 6
    endloop
  endfacet
  facet normal 0 0 1
    outer loop
      vertex 190.5 -118.5 6
      vertex 173.42609518021345 -89.43025807570666 6
      vertex 173.41250000149012 -89.43934208340943 6
    endloop
  endfacet
  facet normal 0 0 1
    outer loop
      vertex 190.5 -118.5 6
      vertex 173.41250000149012 -89.43934208340943 6
      vertex 173.39783543068916 -89.44657384976745 6
    endloop
  endfacet
  facet normal 0 0 1
    outer loop
      vertex 190.5 -118.5 6
      vertex 173.80676018446684 -89.1759058535099 6
      vertex 173.42609518021345 -89.43025807570666 6
    endloop
  endfacet
  facet normal 0 0 1
    outer loop
      vertex 190.5 -118.5 6
      vertex 173.81905335374177 -89.16512503381819 6
      vertex 173.80676018446684 -89.1759058535099 6
    endloop
  endfacet
  facet normal 0 0 1
    outer loop
      vertex 190.5 -118.5 6
      vertex 174.16326208040118 -88.86326207593083 6
      vertex 173.81905335374177 -89.16512503381819 6
    endloop
  endfacet
  facet normal 0 0 1
    outer loop
      vertex 190.5 -118.5 6
      vertex 174.46512503828853 -88.51905334927142 6
      vertex 174.16326208040118 -88.86326207593083 6
    endloop
  endfacet
  facet normal 0 0 1
    outer loop
      vertex 190.5 -118.5 6
      vertex 174.730258080177 -88.1260951757431 6
      vertex 174.47590585798025 -88.50676017999649 6
    endloop
  endfacet
  facet normal 0 0 1
    outer loop
      vertex 190.5 -118.5 6
      vertex 174.47590585798025 -88.50676017999649 6
      vertex 174.46512503828853 -88.51905334927142 6
    endloop
  endfacet
  facet normal 0 0 -1
    outer loop
      vertex 190.5 -118.5 0
      vertex 171.60000000149012 -87.67499999701977 0
      vertex 171.71421041991562 -87.6675142524764 0
    endloop
  endfacet
  facet normal 0 0 -1
    outer loop
      vertex 190.5 -118.5 0
      vertex 171.71421041991562 -87.6675142524764 0
      vertex 171.77947351615876 -87.66323668323457 0
    endloop
  endfacet
  facet normal 0 0 -1
    outer loop
      vertex 190.5 -118.5 0
      vertex 171.77947351615876 -87.66323668323457 0
      vertex 171.8436199426651 -87.65047716535628 0
    endloop
  endfacet
  facet normal 0 0 -1
    outer loop
      vertex 190.5 -118.5 0
      vertex 171.8436199426651 -87.65047716535628 0
      vertex 171.95587618742138 -87.62814800906926 0
    endloop
  endfacet
  facet normal 0 0 -1
    outer loop
      vertex 190.5 -118.5 0
      vertex 171.95587618742138 -87.62814800906926 0
      vertex 172.06425752863288 -87.591357502155 0
    endloop
  endfacet
  facet normal 0 0 -1
    outer loop
      vertex 190.5 -118.5 0
      vertex 172.06425752863288 -87.591357502155 0
      vertex 172.12618972174823 -87.57033435534686 0
    endloop
  endfacet
  facet normal 0 0 -1
    outer loop
      vertex 190.5 -118.5 0
      vertex 172.12618972174823 -87.57033435534686 0
      vertex 172.1848480058834 -87.54140729084611 0
    endloop
  endfacet
  facet normal 0 0 -1
    outer loop
      vertex 190.5 -118.5 0
      vertex 172.1848480058834 -87.54140729084611 0
      vertex 172.28750000149012 -87.49078492633998 0
    endloop
  endfacet
  facet normal 0 0 -1
    outer loop
      vertex 190.5 -118.5 0
      vertex 172.28750000149012 -87.49078492633998 0
      vertex 172.38266625255346 -87.42719687242061 0
    endloop
  endfacet
  facet normal 0 0 -1
    outer loop
      vertex 190.5 -118.5 0
      vertex 172.38266625255346 -87.42719687242061 0
      vertex 172.4370469674468 -87.39086084067822 0
    endloop
  endfacet
  facet normal 0 0 -1
    outer loop
      vertex 190.5 -118.5 0
      vertex 172.4370469674468 -87.39086084067822 0
      vertex 172.5230991523713 -87.31539510283619 0
    endloop
  endfacet
  facet normal 0 0 -1
    outer loop
      vertex 190.5 -118.5 0
      vertex 172.5230991523713 -87.31539510283619 0
      vertex 172.57227182760835 -87.272271823138 0
    endloop
  endfacet
  facet normal 0 0 -1
    outer loop
      vertex 190.5 -118.5 0
      vertex 172.57227182760835 -87.272271823138 0
      vertex 172.61539510730654 -87.22309914790094 0
    endloop
  endfacet
  facet normal 0 0 -1
    outer loop
      vertex 190.5 -118.5 0
      vertex 172.61539510730654 -87.22309914790094 0
      vertex 172.69086084514856 -87.13704696297646 0
    endloop
  endfacet
  facet normal 0 0 -1
    outer loop
      vertex 190.5 -118.5 0
      vertex 172.69086084514856 -87.13704696297646 0
      vertex 172.72719687689096 -87.08266624808311 0
    endloop
  endfacet
  facet normal 0 0 -1
    outer loop
      vertex 190.5 -118.5 0
      vertex 172.72719687689096 -87.08266624808311 0
      vertex 172.79078493081033 -86.98749999701977 0
    endloop
  endfacet
  facet normal 0 0 -1
    outer loop
      vertex 190.5 -118.5 0
      vertex 172.79078493081033 -86.98749999701977 0
      vertex 172.84140729531646 -86.88484800141305 0
    endloop
  endfacet
  facet normal 0 0 -1
    outer loop
      vertex 190.5 -118.5 0
      vertex 172.84140729531646 -86.88484800141305 0
      vertex 172.8703343598172 -86.82618971727788 0
    endloop
  endfacet
  facet normal 0 0 -1
    outer loop
      vertex 190.5 -118.5 0
      vertex 172.8703343598172 -86.82618971727788 0
      vertex 172.89135750662535 -86.76425752416253 0
    endloop
  endfacet
  facet normal 0 0 -1
    outer loop
      vertex 190.5 -118.5 0
      vertex 172.89135750662535 -86.76425752416253 0
      vertex 172.9281480135396 -86.65587618295103 0
    endloop
  endfacet
  facet normal 0 0 -1
    outer loop
      vertex 190.5 -118.5 0
      vertex 172.9281480135396 -86.65587618295103 0
      vertex 172.95047716982663 -86.54361993819475 0
    endloop
  endfacet
  facet normal 0 0 -1
    outer loop
      vertex 190.5 -118.5 0
      vertex 172.95047716982663 -86.54361993819475 0
      vertex 172.96323668770492 -86.47947351168841 0
    endloop
  endfacet
  facet normal 0 0 -1
    outer loop
      vertex 190.5 -118.5 0
      vertex 172.96323668770492 -86.47947351168841 0
      vertex 172.96751425694674 -86.41421041544527 0
    endloop
  endfacet
  facet normal 0 0 -1
    outer loop
      vertex 190.5 -118.5 0
      vertex 172.96751425694674 -86.41421041544527 0
      vertex 172.97500000149012 -86.29999999701977 0
    endloop
  endfacet
  facet normal 0 0 -1
    outer loop
      vertex 190.5 -118.5 0
      vertex 172.97500000149012 -86.29999999701977 0
      vertex 190.5 10 0
    endloop
  endfacet
  facet normal 1 0 0
    outer loop
      vertex 190.5 -118.5 0
      vertex 190.5 -10 6
      vertex 190.5 -118.5 6
    endloop
  endfacet
  facet normal 0 0 1
    outer loop
      vertex 190.5 -118.5 6
      vertex 174.7465738542378 -88.09783542621881 6
      vertex 174.73934208787978 -88.11249999701977 6
    endloop
  endfacet
  facet normal 0 0 1
    outer loop
      vertex 190.5 -118.5 6
      vertex 174.73934208787978 -88.11249999701977 6
      vertex 174.730258080177 -88.1260951757431 6
    endloop
  endfacet
  facet normal 0 0 1
    outer loop
      vertex 190.5 -118.5 6
      vertex 174.94906330574304 -87.68722743727267 6
      vertex 174.7465738542378 -88.09783542621881 6
    endloop
  endfacet
  facet normal 0 0 1
    outer loop
      vertex 190.5 -118.5 6
      vertex 175.09622533340007 -87.25370208546519 6
      vertex 174.94906330574304 -87.68722743727267 6
    endloop
  endfacet
  facet normal 0 0 1
    outer loop
      vertex 190.5 -118.5 6
      vertex 175.10467099957168 -87.22218243032694 6
      vertex 175.1014811201021 -87.2382190367207 6
    endloop
  endfacet
  facet normal 0 0 1
    outer loop
      vertex 190.5 -118.5 6
      vertex 175.1014811201021 -87.2382190367207 6
      vertex 175.09622533340007 -87.25370208546519 6
    endloop
  endfacet
  facet normal 0 0 1
    outer loop
      vertex 190.5 -118.5 6
      vertex 175.19398762471974 -86.77315744478256 6
      vertex 175.10467099957168 -87.22218243032694 6
    endloop
  endfacet
  facet normal 0 0 1
    outer loop
      vertex 190.5 -118.5 6
      vertex 175.2239306094125 -86.31631577108055 6
      vertex 175.19398762471974 -86.77315744478256 6
    endloop
  endfacet
  facet normal 0 0 1
    outer loop
      vertex 190.5 -118.5 6
      vertex 175.22500000149012 -86.29999999701977 6
      vertex 175.2239306094125 -86.31631577108055 6
    endloop
  endfacet
  facet normal 0 0 1
    outer loop
      vertex 190.5 -118.5 6
      vertex 175.22500000149012 -10 6
      vertex 175.22500000149012 -86.29999999701977 6
    endloop
  endfacet
  facet normal 1 0 0
    outer loop
      vertex 190.5 -118.5 0
      vertex 190.5 10 0
      vertex 190.5 -10 3
    endloop
  endfacet
  facet normal 1 0 0
    outer loop
      vertex 190.5 -118.5 0
      vertex 190.5 -10 3
      vertex 190.5 -10 6
    endloop
  endfacet
  facet normal 0 0 1
    outer loop
      vertex 190.5 -118.5 6
      vertex 190.5 -10 6
      vertex 175.22500000149012 -10 6
    endloop
  endfacet
  facet normal 0 0 -1
    outer loop
      vertex 172.97500000149012 -86.29999999701977 0
      vertex 172.97500000149012 10 0
      vertex 190.5 10 0
    endloop
  endfacet
  facet normal 1 0 0
    outer loop
      vertex 190.5 10 0
      vertex 190.5 10 3
      vertex 190.5 -10 3
    endloop
  endfacet
  facet normal 0 0.9363291775690444 0.35112344158839165
    outer loop
      vertex 64.3499465195429 -87.67499999701977 0
      vertex 10 -87.67499999701977 0
      vertex 10 -88.79999999701977 3
    endloop
  endfacet
  facet normal 0 0.9363291775690445 0.3511234415883917
    outer loop
      vertex 171.60000000149012 -89.92499999701977 6
      vertex 10 -88.79999999701977 3
      vertex -10 -88.79999999701977 3
    endloop
  endfacet
  facet normal 0 0.9363291775690444 0.3511234415883917
    outer loop
      vertex 171.60000000149012 -89.92499999701977 6
      vertex -10 -88.79999999701977 3
      vertex -10 -89.92499999701977 6
    endloop
  endfacet
  facet normal 0 0.9363291775690445 0.3511234415883917
    outer loop
      vertex 64.3499465195429 -87.67499999701977 0
      vertex 10 -88.79999999701977 3
      vertex 171.60000000149012 -89.92499999701977 6
    endloop
  endfacet
  facet normal 0 0.9363291775690444 0.3511234415883917
    outer loop
      vertex 64.3499465195429 -87.67499999701977 0
      vertex 171.60000000149012 -89.92499999701977 6
      vertex 171.60000000149012 -87.67499999701977 0
    endloop
  endfacet
  facet normal -0.06125499798047664 0.9345708913078358 0.3504640842404384
    outer loop
      vertex 171.60000000149012 -87.67499999701977 0
      vertex 171.6163157755509 -89.92393060494214 6
      vertex 171.71421041991562 -87.6675142524764 0
    endloop
  endfacet
  facet normal -0.061255011271693846 0.9345708906156246 0.3504640837632625
    outer loop
      vertex 171.71421041991562 -87.6675142524764 0
      vertex 172.0731574492529 -89.89398762024939 6
      vertex 171.77947351615876 -87.66323668323457 0
    endloop
  endfacet
  facet normal -0.1827169514449577 0.9185801226287141 0.35046408370341964
    outer loop
      vertex 171.77947351615876 -87.66323668323457 0
      vertex 172.0731574492529 -89.89398762024939 6
      vertex 171.8436199426651 -87.65047716535628 0
    endloop
  endfacet
  facet normal -0.18271695398999271 0.9185801220868816 0.3504640837967118
    outer loop
      vertex 171.8436199426651 -87.65047716535628 0
      vertex 172.5221824347973 -89.80467099510133 6
      vertex 171.95587618742138 -87.62814800906926 0
    endloop
  endfacet
  facet normal -0.3010525370317615 0.8868721981642875 0.350464083851662
    outer loop
      vertex 171.95587618742138 -87.62814800906926 0
      vertex 172.55370208993554 -89.79622532892972 6
      vertex 172.06425752863288 -87.591357502155 0
    endloop
  endfacet
  facet normal -0.30105254518753877 0.8868721955172588 0.3504640835442374
    outer loop
      vertex 172.06425752863288 -87.591357502155 0
      vertex 172.98722744174302 -89.64906330127269 6
      vertex 172.12618972174823 -87.57033435534686 0
    endloop
  endfacet
  facet normal -0.41423704823442686 0.839989639253472 0.3504640834905216
    outer loop
      vertex 172.12618972174823 -87.57033435534686 0
      vertex 172.98722744174302 -89.64906330127269 6
      vertex 172.1848480058834 -87.54140729084611 0
    endloop
  endfacet
  facet normal -0.41423706414644723 0.8399896311393468 0.35046408413090835
    outer loop
      vertex 172.1848480058834 -87.54140729084611 0
      vertex 173.39783543068916 -89.44657384976745 6
      vertex 172.28750000149012 -87.49078492633998 0
    endloop
  endfacet
  facet normal -0.520333830229753 0.7787346344516708 0.3504640840711888
    outer loop
      vertex 172.28750000149012 -87.49078492633998 0
      vertex 173.42609518021345 -89.43025807570666 6
      vertex 172.38266625255346 -87.42719687242061 0
    endloop
  endfacet
  facet normal -0.5203338395325521 0.7787346284146802 0.3504640836735802
    outer loop
      vertex 172.38266625255346 -87.42719687242061 0
      vertex 173.80676018446684 -89.1759058535099 6
      vertex 172.4370469674468 -87.39086084067822 0
    endloop
  endfacet
  facet normal -0.6175275659052318 0.7041552606095647 0.35046408418415126
    outer loop
      vertex 172.5230991523713 -87.31539510283619 0
      vertex 172.4370469674468 -87.39086084067822 0
      vertex 173.81905335374177 -89.16512503381819 6
    endloop
  endfacet
  facet normal -0.6175275869106928 0.704155242681065 0.3504640831940234
    outer loop
      vertex 172.5230991523713 -87.31539510283619 0
      vertex 174.16326208040118 -88.86326207593083 6
      vertex 172.57227182760835 -87.272271823138 0
    endloop
  endfacet
  facet normal -0.704155242681065 0.6175275869106928 0.3504640831940234
    outer loop
      vertex 172.57227182760835 -87.272271823138 0
      vertex 174.16326208040118 -88.86326207593083 6
      vertex 172.61539510730654 -87.22309914790094 0
    endloop
  endfacet
  facet normal -0.7041552606095647 0.6175275659052318 0.35046408418415126
    outer loop
      vertex 172.61539510730654 -87.22309914790094 0
      vertex 174.46512503828853 -88.51905334927142 6
      vertex 172.69086084514856 -87.13704696297646 0
    endloop
  endfacet
  facet normal -0.7787346284146802 0.5203338395325521 0.3504640836735802
    outer loop
      vertex 172.69086084514856 -87.13704696297646 0
      vertex 174.47590585798025 -88.50676017999649 6
      vertex 172.72719687689096 -87.08266624808311 0
    endloop
  endfacet
  facet normal -0.7787346344516708 0.520333830229753 0.3504640840711888
    outer loop
      vertex 172.79078493081033 -86.98749999701977 0
      vertex 172.72719687689096 -87.08266624808311 0
      vertex 174.730258080177 -88.1260951757431 6
    endloop
  endfacet
  facet normal -0.8399896311393468 0.41423706414644723 0.35046408413090835
    outer loop
      vertex 172.79078493081033 -86.98749999701977 0
      vertex 174.7465738542378 -88.09783542621881 6
      vertex 172.84140729531646 -86.88484800141305 0
    endloop
  endfacet
  facet normal -0.839989639253472 0.41423704823442686 0.3504640834905216
    outer loop
      vertex 172.84140729531646 -86.88484800141305 0
      vertex 174.94906330574304 -87.68722743727267 6
      vertex 172.8703343598172 -86.82618971727788 0
    endloop
  endfacet
  facet normal -0.8868721955172588 0.30105254518753877 0.3504640835442374
    outer loop
      vertex 172.8703343598172 -86.82618971727788 0
      vertex 174.94906330574304 -87.68722743727267 6
      vertex 172.89135750662535 -86.76425752416253 0
    endloop
  endfacet
  facet normal -0.9185801220868816 0.18271695398999271 0.3504640837967118
    outer loop
      vertex 172.95047716982663 -86.54361993819475 0
      vertex 172.9281480135396 -86.65587618295103 0
      vertex 175.10467099957168 -87.22218243032694 6
    endloop
  endfacet
  facet normal -0.8868721981642875 0.3010525370317615 0.350464083851662
    outer loop
      vertex 172.89135750662535 -86.76425752416253 0
      vertex 175.09622533340007 -87.25370208546519 6
      vertex 172.9281480135396 -86.65587618295103 0
    endloop
  endfacet
  facet normal -0.9185801226287141 0.1827169514449577 0.35046408370341964
    outer loop
      vertex 172.95047716982663 -86.54361993819475 0
      vertex 175.19398762471974 -86.77315744478256 6
      vertex 172.96323668770492 -86.47947351168841 0
    endloop
  endfacet
  facet normal -0.9345708906156246 0.061255011271693846 0.35046408376326244
    outer loop
      vertex 172.96323668770492 -86.47947351168841 0
      vertex 175.19398762471974 -86.77315744478256 6
      vertex 172.96751425694674 -86.41421041544527 0
    endloop
  endfacet
  facet normal -0.9345708913078358 0.06125499798047664 0.3504640842404384
    outer loop
      vertex 172.97500000149012 -86.29999999701977 0
      vertex 172.96751425694674 -86.41421041544527 0
      vertex 175.2239306094125 -86.31631577108055 6
    endloop
  endfacet
  facet normal -0.06125499798047664 0.9345708913078358 0.3504640842404384
    outer loop
      vertex 171.60000000149012 -87.67499999701977 0
      vertex 171.60000000149012 -89.92499999701977 6
      vertex 171.6163157755509 -89.92393060494214 6
    endloop
  endfacet
  facet normal -0.061255011271693846 0.9345708906156246 0.35046408376326244
    outer loop
      vertex 171.71421041991562 -87.6675142524764 0
      vertex 171.6163157755509 -89.92393060494214 6
      vertex 172.0731574492529 -89.89398762024939 6
    endloop
  endfacet
  facet normal -0.1827169514449577 0.9185801226287141 0.3504640837034196
    outer loop
      vertex 171.8436199426651 -87.65047716535628 0
      vertex 172.0731574492529 -89.89398762024939 6
      vertex 172.5221824347973 -89.80467099510133 6
    endloop
  endfacet
  facet normal -0.18271695398999271 0.9185801220868817 0.35046408379671135
    outer loop
      vertex 171.95587618742138 -87.62814800906926 0
      vertex 172.5221824347973 -89.80467099510133 6
      vertex 172.53821904119104 -89.80148111563176 6
    endloop
  endfacet
  facet normal -0.30105253703176144 0.8868721981642873 0.3504640838516622
    outer loop
      vertex 171.95587618742138 -87.62814800906926 0
      vertex 172.53821904119104 -89.80148111563176 6
      vertex 172.55370208993554 -89.79622532892972 6
    endloop
  endfacet
  facet normal -0.30105254518753877 0.8868721955172587 0.3504640835442373
    outer loop
      vertex 172.06425752863288 -87.591357502155 0
      vertex 172.55370208993554 -89.79622532892972 6
      vertex 172.98722744174302 -89.64906330127269 6
    endloop
  endfacet
  facet normal -0.4142370482344268 0.8399896392534718 0.35046408349052155
    outer loop
      vertex 172.1848480058834 -87.54140729084611 0
      vertex 172.98722744174302 -89.64906330127269 6
      vertex 173.39783543068916 -89.44657384976745 6
    endloop
  endfacet
  facet normal -0.41423706414644734 0.839989631139347 0.3504640841309077
    outer loop
      vertex 172.28750000149012 -87.49078492633998 0
      vertex 173.39783543068916 -89.44657384976745 6
      vertex 173.41250000149012 -89.43934208340943 6
    endloop
  endfacet
  facet normal -0.520333830229753 0.7787346344516708 0.35046408407118834
    outer loop
      vertex 172.28750000149012 -87.49078492633998 0
      vertex 173.41250000149012 -89.43934208340943 6
      vertex 173.42609518021345 -89.43025807570666 6
    endloop
  endfacet
  facet normal -0.5203338395325521 0.7787346284146802 0.3504640836735802
    outer loop
      vertex 172.38266625255346 -87.42719687242061 0
      vertex 173.42609518021345 -89.43025807570666 6
      vertex 173.80676018446684 -89.1759058535099 6
    endloop
  endfacet
  facet normal -0.6175275659052322 0.7041552606095651 0.3504640841841493
    outer loop
      vertex 172.4370469674468 -87.39086084067822 0
      vertex 173.80676018446684 -89.1759058535099 6
      vertex 173.81905335374177 -89.16512503381819 6
    endloop
  endfacet
  facet normal -0.6175275869106928 0.704155242681065 0.3504640831940234
    outer loop
      vertex 172.5230991523713 -87.31539510283619 0
      vertex 173.81905335374177 -89.16512503381819 6
      vertex 174.16326208040118 -88.86326207593083 6
    endloop
  endfacet
  facet normal -0.704155242681065 0.6175275869106928 0.3504640831940234
    outer loop
      vertex 172.61539510730654 -87.22309914790094 0
      vertex 174.16326208040118 -88.86326207593083 6
      vertex 174.46512503828853 -88.51905334927142 6
    endloop
  endfacet
  facet normal -0.7041552606095651 0.6175275659052322 0.3504640841841493
    outer loop
      vertex 172.69086084514856 -87.13704696297646 0
      vertex 174.46512503828853 -88.51905334927142 6
      vertex 174.47590585798025 -88.50676017999649 6
    endloop
  endfacet
  facet normal -0.7787346284146802 0.5203338395325521 0.3504640836735802
    outer loop
      vertex 172.72719687689096 -87.08266624808311 0
      vertex 174.47590585798025 -88.50676017999649 6
      vertex 174.730258080177 -88.1260951757431 6
    endloop
  endfacet
  facet normal -0.7787346344516708 0.520333830229753 0.35046408407118834
    outer loop
      vertex 172.79078493081033 -86.98749999701977 0
      vertex 174.730258080177 -88.1260951757431 6
      vertex 174.73934208787978 -88.11249999701977 6
    endloop
  endfacet
  facet normal -0.839989631139347 0.41423706414644734 0.3504640841309077
    outer loop
      vertex 172.79078493081033 -86.98749999701977 0
      vertex 174.73934208787978 -88.11249999701977 6
      vertex 174.7465738542378 -88.09783542621881 6
    endloop
  endfacet
  facet normal -0.8399896392534718 0.4142370482344268 0.35046408349052155
    outer loop
      vertex 172.84140729531646 -86.88484800141305 0
      vertex 174.7465738542378 -88.09783542621881 6
      vertex 174.94906330574304 -87.68722743727267 6
    endloop
  endfacet
  facet normal -0.8868721955172587 0.30105254518753877 0.3504640835442373
    outer loop
      vertex 172.89135750662535 -86.76425752416253 0
      vertex 174.94906330574304 -87.68722743727267 6
      vertex 175.09622533340007 -87.25370208546519 6
    endloop
  endfacet
  facet normal -0.9185801220868817 0.18271695398999271 0.35046408379671135
    outer loop
      vertex 172.9281480135396 -86.65587618295103 0
      vertex 175.1014811201021 -87.2382190367207 6
      vertex 175.10467099957168 -87.22218243032694 6
    endloop
  endfacet
  facet normal -0.8868721981642873 0.30105253703176144 0.3504640838516622
    outer loop
      vertex 172.9281480135396 -86.65587618295103 0
      vertex 175.09622533340007 -87.25370208546519 6
      vertex 175.1014811201021 -87.2382190367207 6
    endloop
  endfacet
  facet normal -0.9185801226287141 0.1827169514449577 0.3504640837034196
    outer loop
      vertex 172.95047716982663 -86.54361993819475 0
      vertex 175.10467099957168 -87.22218243032694 6
      vertex 175.19398762471974 -86.77315744478256 6
    endloop
  endfacet
  facet normal -0.9345708906156246 0.061255011271693846 0.35046408376326244
    outer loop
      vertex 172.96751425694674 -86.41421041544527 0
      vertex 175.19398762471974 -86.77315744478256 6
      vertex 175.2239306094125 -86.31631577108055 6
    endloop
  endfacet
  facet normal -0.9345708913078358 0.06125499798047664 0.3504640842404384
    outer loop
      vertex 172.97500000149012 -86.29999999701977 0
      vertex 175.2239306094125 -86.31631577108055 6
      vertex 175.22500000149012 -86.29999999701977 6
    endloop
  endfacet
  facet normal -0.9363291775690445 0 0.3511234415883917
    outer loop
      vertex 172.97500000149012 -86.29999999701977 0
      vertex 174.10000000149012 -10 3
      vertex 172.97500000149012 10 0
    endloop
  endfacet
  facet normal -0.9363291775690445 0 0.3511234415883917
    outer loop
      vertex 172.97500000149012 -86.29999999701977 0
      vertex 175.22500000149012 -86.29999999701977 6
      vertex 174.10000000149012 -10 3
    endloop
  endfacet
  facet normal -0.9363291775690445 0 0.3511234415883917
    outer loop
      vertex 175.22500000149012 -86.29999999701977 6
      vertex 175.22500000149012 -10 6
      vertex 174.10000000149012 -10 3
    endloop
  endfacet
  facet normal -0.9363291775690445 0 0.3511234415883917
    outer loop
      vertex 172.97500000149012 10 0
      vertex 174.10000000149012 -10 3
      vertex 174.10000000149012 10 3
    endloop
  endfacet
  facet normal 0.32143946530314454 0.9469301294951114 0
    outer loop
      vertex 45.20963313526981 -118.74775906502258 -8.1
      vertex 45.20963313526981 -118.74775906502258 -2.1099999999999994
      vertex 45.457361909794955 -118.83185165257814 -8.1
    endloop
  endfacet
  facet normal 0.19509032201612622 0.9807852804032309 0
    outer loop
      vertex 45.457361909794955 -118.83185165257814 -8.1
      vertex 45.457361909794955 -118.83185165257814 -2.1099999999999994
      vertex 45.71394761555989 -118.88288972274762 -8.1
    endloop
  endfacet
  facet normal 0.06540312923016546 0.9978589232386021 0
    outer loop
      vertex 45.71394761555989 -118.88288972274762 -8.1
      vertex 45.71394761555989 -118.88288972274762 -2.1099999999999994
      vertex 45.974999999999994 -118.9 -8.1
    endloop
  endfacet
  facet normal -0.06540312923016546 0.9978589232386021 0
    outer loop
      vertex 45.974999999999994 -118.9 -8.1
      vertex 45.974999999999994 -118.9 -2.1099999999999994
      vertex 46.2360523844401 -118.88288972274762 -8.1
    endloop
  endfacet
  facet normal -0.19509032201612622 0.9807852804032309 0
    outer loop
      vertex 46.2360523844401 -118.88288972274762 -8.1
      vertex 46.2360523844401 -118.88288972274762 -2.1099999999999994
      vertex 46.492638090205034 -118.83185165257814 -8.1
    endloop
  endfacet
  facet normal 0.6593458151000673 0.7518398074789786 0
    outer loop
      vertex 44.5607864376269 -118.3142135623731 -8.1
      vertex 44.5607864376269 -118.3142135623731 -2.1099999999999994
      vertex 44.757477141982555 -118.48670668058247 -8.1
    endloop
  endfacet
  facet normal 0.7518398074789534 0.6593458151000962 0
    outer loop
      vertex 44.5607864376269 -118.3142135623731 -8.1
      vertex 44.38829331941752 -118.11752285801745 -8.1
      vertex 44.38829331941752 -118.11752285801745 -2.1099999999999994
    endloop
  endfacet
  facet normal 0.8314696123025607 0.5555702330195792 0
    outer loop
      vertex 44.24294919243112 -117.9 -8.1
      vertex 44.24294919243112 -117.9 -2.1099999999999994
      vertex 44.38829331941752 -118.11752285801745 -8.1
    endloop
  endfacet
  facet normal 0.8968727415326844 0.44228869021900913 0
    outer loop
      vertex 44.24294919243112 -117.9 -8.1
      vertex 44.12724093497742 -117.66536686473019 -8.1
      vertex 44.12724093497742 -117.66536686473019 -2.1099999999999994
    endloop
  endfacet
  facet normal 0.9807852804032309 0.19509032201612622 0
    outer loop
      vertex 44.043148347421855 -117.41763809020505 -8.1
      vertex 43.99211027725237 -117.16105238444011 -8.1
      vertex 43.99211027725237 -117.16105238444011 -2.1099999999999994
    endloop
  endfacet
  facet normal 0.9978589232386038 0.06540312923013841 0
    outer loop
      vertex 43.974999999999994 -116.9 -8.1
      vertex 43.974999999999994 -116.9 -2.1099999999999994
      vertex 43.99211027725237 -117.16105238444011 -8.1
    endloop
  endfacet
  facet normal 0.9978589232386038 -0.06540312923013841 0
    outer loop
      vertex 43.974999999999994 -116.9 -8.1
      vertex 43.99211027725237 -116.6389476155599 -8.1
      vertex 43.99211027725237 -116.6389476155599 -2.1099999999999994
    endloop
  endfacet
  facet normal 0.9807852804032309 -0.19509032201612622 0
    outer loop
      vertex 43.99211027725237 -116.6389476155599 -8.1
      vertex 44.043148347421855 -116.38236190979497 -8.1
      vertex 44.043148347421855 -116.38236190979497 -2.1099999999999994
    endloop
  endfacet
  facet normal 0.9469301294951032 0.32143946530316897 0
    outer loop
      vertex 44.12724093497742 -117.66536686473019 -8.1
      vertex 44.043148347421855 -117.41763809020505 -8.1
      vertex 44.043148347421855 -117.41763809020505 -2.1099999999999994
    endloop
  endfacet
  facet normal 0.5555702330196293 0.8314696123025271 0
    outer loop
      vertex 44.757477141982555 -118.48670668058247 -8.1
      vertex 44.757477141982555 -118.48670668058247 -2.1099999999999994
      vertex 44.974999999999994 -118.63205080756889 -8.1
    endloop
  endfacet
  facet normal 0.4422886902189873 0.8968727415326953 0
    outer loop
      vertex 45.20963313526981 -118.74775906502258 -8.1
      vertex 44.974999999999994 -118.63205080756889 -8.1
      vertex 44.974999999999994 -118.63205080756889 -2.1099999999999994
    endloop
  endfacet
  facet normal -0.32143946530314454 0.9469301294951114 0
    outer loop
      vertex 46.492638090205034 -118.83185165257814 -8.1
      vertex 46.492638090205034 -118.83185165257814 -2.1099999999999994
      vertex 46.74036686473018 -118.74775906502258 -8.1
    endloop
  endfacet
  facet normal -0.4422886902189873 0.8968727415326953 0
    outer loop
      vertex 46.74036686473018 -118.74775906502258 -8.1
      vertex 46.74036686473018 -118.74775906502258 -2.1099999999999994
      vertex 46.974999999999994 -118.63205080756889 -8.1
    endloop
  endfacet
  facet normal -0.5555702330196293 0.8314696123025271 0
    outer loop
      vertex 46.974999999999994 -118.63205080756889 -8.1
      vertex 46.974999999999994 -118.63205080756889 -2.1099999999999994
      vertex 47.19252285801743 -118.48670668058247 -8.1
    endloop
  endfacet
  facet normal -0.6593458151000673 0.7518398074789786 0
    outer loop
      vertex 47.19252285801743 -118.48670668058247 -8.1
      vertex 47.19252285801743 -118.48670668058247 -2.1099999999999994
      vertex 47.38921356237309 -118.3142135623731 -8.1
    endloop
  endfacet
  facet normal -0.7518398074789534 0.6593458151000962 0
    outer loop
      vertex 47.38921356237309 -118.3142135623731 -8.1
      vertex 47.38921356237309 -118.3142135623731 -2.1099999999999994
      vertex 47.56170668058247 -118.11752285801745 -8.1
    endloop
  endfacet
  facet normal -0.8314696123025607 0.5555702330195792 0
    outer loop
      vertex 47.56170668058247 -118.11752285801745 -8.1
      vertex 47.56170668058247 -118.11752285801745 -2.1099999999999994
      vertex 47.70705080756887 -117.9 -8.1
    endloop
  endfacet
  facet normal -0.8968727415326844 0.44228869021900913 0
    outer loop
      vertex 47.70705080756887 -117.9 -8.1
      vertex 47.70705080756887 -117.9 -2.1099999999999994
      vertex 47.82275906502257 -117.66536686473019 -8.1
    endloop
  endfacet
  facet normal -0.9469301294951032 0.32143946530316897 0
    outer loop
      vertex 47.82275906502257 -117.66536686473019 -8.1
      vertex 47.82275906502257 -117.66536686473019 -2.1099999999999994
      vertex 47.90685165257813 -117.41763809020505 -8.1
    endloop
  endfacet
  facet normal -0.9807852804032309 0.19509032201612622 0
    outer loop
      vertex 47.90685165257813 -117.41763809020505 -8.1
      vertex 47.90685165257813 -117.41763809020505 -2.1099999999999994
      vertex 47.957889722747616 -117.16105238444011 -8.1
    endloop
  endfacet
  facet normal -0.9807852804032309 -0.19509032201612622 0
    outer loop
      vertex 47.957889722747616 -116.6389476155599 -8.1
      vertex 47.957889722747616 -116.6389476155599 -2.1099999999999994
      vertex 47.90685165257813 -116.38236190979497 -8.1
    endloop
  endfacet
  facet normal -0.9978589232386038 0.06540312923013841 0
    outer loop
      vertex 47.974999999999994 -116.9 -8.1
      vertex 47.957889722747616 -117.16105238444011 -8.1
      vertex 47.957889722747616 -117.16105238444011 -2.1099999999999994
    endloop
  endfacet
  facet normal -0.9978589232386038 -0.06540312923013841 0
    outer loop
      vertex 47.974999999999994 -116.9 -8.1
      vertex 47.974999999999994 -116.9 -2.1099999999999994
      vertex 47.957889722747616 -116.6389476155599 -8.1
    endloop
  endfacet
  facet normal 0.9469301294951032 -0.32143946530316897 0
    outer loop
      vertex 44.043148347421855 -116.38236190979497 -8.1
      vertex 44.12724093497742 -116.13463313526982 -8.1
      vertex 44.12724093497742 -116.13463313526982 -2.1099999999999994
    endloop
  endfacet
  facet normal 0.8968727415326844 -0.44228869021900913 0
    outer loop
      vertex 44.12724093497742 -116.13463313526982 -8.1
      vertex 44.24294919243112 -115.9 -8.1
      vertex 44.24294919243112 -115.9 -2.1099999999999994
    endloop
  endfacet
  facet normal 0.8314696123025607 -0.5555702330195792 0
    outer loop
      vertex 44.24294919243112 -115.9 -8.1
      vertex 44.38829331941752 -115.68247714198256 -8.1
      vertex 44.38829331941752 -115.68247714198256 -2.1099999999999994
    endloop
  endfacet
  facet normal 0.7518398074789534 -0.6593458151000962 0
    outer loop
      vertex 44.38829331941752 -115.68247714198256 -8.1
      vertex 44.5607864376269 -115.48578643762691 -8.1
      vertex 44.5607864376269 -115.48578643762691 -2.1099999999999994
    endloop
  endfacet
  facet normal 0.6593458151000673 -0.7518398074789786 0
    outer loop
      vertex 44.5607864376269 -115.48578643762691 -8.1
      vertex 44.757477141982555 -115.31329331941754 -8.1
      vertex 44.757477141982555 -115.31329331941754 -2.1099999999999994
    endloop
  endfacet
  facet normal 0.5555702330196293 -0.8314696123025271 0
    outer loop
      vertex 44.757477141982555 -115.31329331941754 -8.1
      vertex 44.974999999999994 -115.16794919243112 -8.1
      vertex 44.974999999999994 -115.16794919243112 -2.1099999999999994
    endloop
  endfacet
  facet normal 0.4422886902189873 -0.8968727415326953 0
    outer loop
      vertex 44.974999999999994 -115.16794919243112 -8.1
      vertex 45.20963313526981 -115.05224093497743 -8.1
      vertex 45.20963313526981 -115.05224093497743 -2.1099999999999994
    endloop
  endfacet
  facet normal 0.32143946530314454 -0.9469301294951114 0
    outer loop
      vertex 45.20963313526981 -115.05224093497743 -8.1
      vertex 45.457361909794955 -114.96814834742187 -8.1
      vertex 45.457361909794955 -114.96814834742187 -2.1099999999999994
    endloop
  endfacet
  facet normal 0.19509032201612622 -0.9807852804032309 0
    outer loop
      vertex 45.457361909794955 -114.96814834742187 -8.1
      vertex 45.71394761555989 -114.91711027725239 -8.1
      vertex 45.71394761555989 -114.91711027725239 -2.1099999999999994
    endloop
  endfacet
  facet normal 0.06540312923016546 -0.9978589232386021 0
    outer loop
      vertex 45.71394761555989 -114.91711027725239 -8.1
      vertex 45.974999999999994 -114.9 -8.1
      vertex 45.974999999999994 -114.9 -2.1099999999999994
    endloop
  endfacet
  facet normal -0.06540312923016546 -0.9978589232386021 0
    outer loop
      vertex 45.974999999999994 -114.9 -8.1
      vertex 46.2360523844401 -114.91711027725239 -8.1
      vertex 46.2360523844401 -114.91711027725239 -2.1099999999999994
    endloop
  endfacet
  facet normal -0.9469301294951032 -0.32143946530316897 0
    outer loop
      vertex 47.90685165257813 -116.38236190979497 -8.1
      vertex 47.90685165257813 -116.38236190979497 -2.1099999999999994
      vertex 47.82275906502257 -116.13463313526982 -8.1
    endloop
  endfacet
  facet normal -0.8968727415326844 -0.44228869021900913 0
    outer loop
      vertex 47.82275906502257 -116.13463313526982 -8.1
      vertex 47.82275906502257 -116.13463313526982 -2.1099999999999994
      vertex 47.70705080756887 -115.9 -8.1
    endloop
  endfacet
  facet normal -0.7518398074789534 -0.6593458151000962 0
    outer loop
      vertex 47.56170668058247 -115.68247714198256 -8.1
      vertex 47.56170668058247 -115.68247714198256 -2.1099999999999994
      vertex 47.38921356237309 -115.48578643762691 -8.1
    endloop
  endfacet
  facet normal -0.6593458151000673 -0.7518398074789786 0
    outer loop
      vertex 47.19252285801743 -115.31329331941754 -8.1
      vertex 47.38921356237309 -115.48578643762691 -8.1
      vertex 47.38921356237309 -115.48578643762691 -2.1099999999999994
    endloop
  endfacet
  facet normal -0.8314696123025607 -0.5555702330195792 0
    outer loop
      vertex 47.56170668058247 -115.68247714198256 -8.1
      vertex 47.70705080756887 -115.9 -8.1
      vertex 47.70705080756887 -115.9 -2.1099999999999994
    endloop
  endfacet
  facet normal -0.19509032201612622 -0.9807852804032309 0
    outer loop
      vertex 46.2360523844401 -114.91711027725239 -8.1
      vertex 46.492638090205034 -114.96814834742187 -8.1
      vertex 46.492638090205034 -114.96814834742187 -2.1099999999999994
    endloop
  endfacet
  facet normal -0.32143946530314454 -0.9469301294951114 0
    outer loop
      vertex 46.492638090205034 -114.96814834742187 -8.1
      vertex 46.74036686473018 -115.05224093497743 -8.1
      vertex 46.74036686473018 -115.05224093497743 -2.1099999999999994
    endloop
  endfacet
  facet normal -0.4422886902189873 -0.8968727415326953 0
    outer loop
      vertex 46.74036686473018 -115.05224093497743 -8.1
      vertex 46.974999999999994 -115.16794919243112 -8.1
      vertex 46.974999999999994 -115.16794919243112 -2.1099999999999994
    endloop
  endfacet
  facet normal -0.5555702330196293 -0.8314696123025271 0
    outer loop
      vertex 47.19252285801743 -115.31329331941754 -8.1
      vertex 47.19252285801743 -115.31329331941754 -2.1099999999999994
      vertex 46.974999999999994 -115.16794919243112 -8.1
    endloop
  endfacet
  facet normal 0.4422886902189873 0.8968727415326953 0
    outer loop
      vertex 45.20963313526981 -118.74775906502258 -8.1
      vertex 44.974999999999994 -118.63205080756889 -2.1099999999999994
      vertex 45.20963313526981 -118.74775906502258 -2.1099999999999994
    endloop
  endfacet
  facet normal 0.32143946530314454 0.9469301294951114 0
    outer loop
      vertex 45.457361909794955 -118.83185165257814 -8.1
      vertex 45.20963313526981 -118.74775906502258 -2.1099999999999994
      vertex 45.457361909794955 -118.83185165257814 -2.1099999999999994
    endloop
  endfacet
  facet normal 0.19509032201612622 0.9807852804032309 0
    outer loop
      vertex 45.71394761555989 -118.88288972274762 -8.1
      vertex 45.457361909794955 -118.83185165257814 -2.1099999999999994
      vertex 45.71394761555989 -118.88288972274762 -2.1099999999999994
    endloop
  endfacet
  facet normal 0.06540312923016546 0.9978589232386021 0
    outer loop
      vertex 45.974999999999994 -118.9 -8.1
      vertex 45.71394761555989 -118.88288972274762 -2.1099999999999994
      vertex 45.974999999999994 -118.9 -2.1099999999999994
    endloop
  endfacet
  facet normal -0.06540312923016546 0.9978589232386021 0
    outer loop
      vertex 46.2360523844401 -118.88288972274762 -8.1
      vertex 45.974999999999994 -118.9 -2.1099999999999994
      vertex 46.2360523844401 -118.88288972274762 -2.1099999999999994
    endloop
  endfacet
  facet normal 0.6593458151000673 0.7518398074789786 0
    outer loop
      vertex 44.757477141982555 -118.48670668058247 -8.1
      vertex 44.5607864376269 -118.3142135623731 -2.1099999999999994
      vertex 44.757477141982555 -118.48670668058247 -2.1099999999999994
    endloop
  endfacet
  facet normal 0.7518398074789534 0.6593458151000962 0
    outer loop
      vertex 44.5607864376269 -118.3142135623731 -8.1
      vertex 44.38829331941752 -118.11752285801745 -2.1099999999999994
      vertex 44.5607864376269 -118.3142135623731 -2.1099999999999994
    endloop
  endfacet
  facet normal 0.8314696123025607 0.5555702330195792 0
    outer loop
      vertex 44.38829331941752 -118.11752285801745 -8.1
      vertex 44.24294919243112 -117.9 -2.1099999999999994
      vertex 44.38829331941752 -118.11752285801745 -2.1099999999999994
    endloop
  endfacet
  facet normal 0.8968727415326844 0.44228869021900913 0
    outer loop
      vertex 44.24294919243112 -117.9 -8.1
      vertex 44.12724093497742 -117.66536686473019 -2.1099999999999994
      vertex 44.24294919243112 -117.9 -2.1099999999999994
    endloop
  endfacet
  facet normal 0.9469301294951032 0.32143946530316897 0
    outer loop
      vertex 44.12724093497742 -117.66536686473019 -8.1
      vertex 44.043148347421855 -117.41763809020505 -2.1099999999999994
      vertex 44.12724093497742 -117.66536686473019 -2.1099999999999994
    endloop
  endfacet
  facet normal 0.9807852804032309 0.19509032201612622 0
    outer loop
      vertex 44.043148347421855 -117.41763809020505 -8.1
      vertex 43.99211027725237 -117.16105238444011 -2.1099999999999994
      vertex 44.043148347421855 -117.41763809020505 -2.1099999999999994
    endloop
  endfacet
  facet normal 0.9978589232386038 0.06540312923013841 0
    outer loop
      vertex 43.99211027725237 -117.16105238444011 -8.1
      vertex 43.974999999999994 -116.9 -2.1099999999999994
      vertex 43.99211027725237 -117.16105238444011 -2.1099999999999994
    endloop
  endfacet
  facet normal 0.9978589232386038 -0.06540312923013841 0
    outer loop
      vertex 43.974999999999994 -116.9 -8.1
      vertex 43.99211027725237 -116.6389476155599 -2.1099999999999994
      vertex 43.974999999999994 -116.9 -2.1099999999999994
    endloop
  endfacet
  facet normal 0.9807852804032309 -0.19509032201612622 0
    outer loop
      vertex 43.99211027725237 -116.6389476155599 -8.1
      vertex 44.043148347421855 -116.38236190979497 -2.1099999999999994
      vertex 43.99211027725237 -116.6389476155599 -2.1099999999999994
    endloop
  endfacet
  facet normal 0.5555702330196293 0.8314696123025271 0
    outer loop
      vertex 44.974999999999994 -118.63205080756889 -8.1
      vertex 44.757477141982555 -118.48670668058247 -2.1099999999999994
      vertex 44.974999999999994 -118.63205080756889 -2.1099999999999994
    endloop
  endfacet
  facet normal -0.19509032201612622 0.9807852804032309 0
    outer loop
      vertex 46.492638090205034 -118.83185165257814 -8.1
      vertex 46.2360523844401 -118.88288972274762 -2.1099999999999994
      vertex 46.492638090205034 -118.83185165257814 -2.1099999999999994
    endloop
  endfacet
  facet normal -0.32143946530314454 0.9469301294951114 0
    outer loop
      vertex 46.74036686473018 -118.74775906502258 -8.1
      vertex 46.492638090205034 -118.83185165257814 -2.1099999999999994
      vertex 46.74036686473018 -118.74775906502258 -2.1099999999999994
    endloop
  endfacet
  facet normal -0.4422886902189873 0.8968727415326953 0
    outer loop
      vertex 46.974999999999994 -118.63205080756889 -8.1
      vertex 46.74036686473018 -118.74775906502258 -2.1099999999999994
      vertex 46.974999999999994 -118.63205080756889 -2.1099999999999994
    endloop
  endfacet
  facet normal -0.5555702330196293 0.8314696123025271 0
    outer loop
      vertex 47.19252285801743 -118.48670668058247 -8.1
      vertex 46.974999999999994 -118.63205080756889 -2.1099999999999994
      vertex 47.19252285801743 -118.48670668058247 -2.1099999999999994
    endloop
  endfacet
  facet normal -0.6593458151000673 0.7518398074789786 0
    outer loop
      vertex 47.38921356237309 -118.3142135623731 -8.1
      vertex 47.19252285801743 -118.48670668058247 -2.1099999999999994
      vertex 47.38921356237309 -118.3142135623731 -2.1099999999999994
    endloop
  endfacet
  facet normal -0.7518398074789534 0.6593458151000962 0
    outer loop
      vertex 47.56170668058247 -118.11752285801745 -8.1
      vertex 47.38921356237309 -118.3142135623731 -2.1099999999999994
      vertex 47.56170668058247 -118.11752285801745 -2.1099999999999994
    endloop
  endfacet
  facet normal -0.8314696123025607 0.5555702330195792 0
    outer loop
      vertex 47.70705080756887 -117.9 -8.1
      vertex 47.56170668058247 -118.11752285801745 -2.1099999999999994
      vertex 47.70705080756887 -117.9 -2.1099999999999994
    endloop
  endfacet
  facet normal -0.8968727415326844 0.44228869021900913 0
    outer loop
      vertex 47.82275906502257 -117.66536686473019 -8.1
      vertex 47.70705080756887 -117.9 -2.1099999999999994
      vertex 47.82275906502257 -117.66536686473019 -2.1099999999999994
    endloop
  endfacet
  facet normal -0.9469301294951032 0.32143946530316897 0
    outer loop
      vertex 47.90685165257813 -117.41763809020505 -8.1
      vertex 47.82275906502257 -117.66536686473019 -2.1099999999999994
      vertex 47.90685165257813 -117.41763809020505 -2.1099999999999994
    endloop
  endfacet
  facet normal -0.9807852804032309 0.19509032201612622 0
    outer loop
      vertex 47.957889722747616 -117.16105238444011 -8.1
      vertex 47.90685165257813 -117.41763809020505 -2.1099999999999994
      vertex 47.957889722747616 -117.16105238444011 -2.1099999999999994
    endloop
  endfacet
  facet normal -0.9807852804032309 -0.19509032201612622 0
    outer loop
      vertex 47.90685165257813 -116.38236190979497 -8.1
      vertex 47.957889722747616 -116.6389476155599 -2.1099999999999994
      vertex 47.90685165257813 -116.38236190979497 -2.1099999999999994
    endloop
  endfacet
  facet normal -0.9978589232386038 0.06540312923013841 0
    outer loop
      vertex 47.974999999999994 -116.9 -8.1
      vertex 47.957889722747616 -117.16105238444011 -2.1099999999999994
      vertex 47.974999999999994 -116.9 -2.1099999999999994
    endloop
  endfacet
  facet normal -0.9978589232386038 -0.06540312923013841 0
    outer loop
      vertex 47.957889722747616 -116.6389476155599 -8.1
      vertex 47.974999999999994 -116.9 -2.1099999999999994
      vertex 47.957889722747616 -116.6389476155599 -2.1099999999999994
    endloop
  endfacet
  facet normal 0 0 -1
    outer loop
      vertex 44.043148347421855 -117.41763809020505 -2.1099999999999994
      vertex 43.99211027725237 -117.16105238444011 -2.1099999999999994
      vertex 43.99211027725237 -116.6389476155599 -2.1099999999999994
    endloop
  endfacet
  facet normal 0 0 -1
    outer loop
      vertex 43.99211027725237 -117.16105238444011 -2.1099999999999994
      vertex 43.974999999999994 -116.9 -2.1099999999999994
      vertex 43.99211027725237 -116.6389476155599 -2.1099999999999994
    endloop
  endfacet
  facet normal 0 0 -1
    outer loop
      vertex 44.043148347421855 -117.41763809020505 -2.1099999999999994
      vertex 43.99211027725237 -116.6389476155599 -2.1099999999999994
      vertex 44.043148347421855 -116.38236190979497 -2.1099999999999994
    endloop
  endfacet
  facet normal 0 0 -1
    outer loop
      vertex 44.24294919243112 -117.9 -2.1099999999999994
      vertex 44.24294919243112 -115.9 -2.1099999999999994
      vertex 44.38829331941752 -118.11752285801745 -2.1099999999999994
    endloop
  endfacet
  facet normal 0 0 -1
    outer loop
      vertex 44.24294919243112 -117.9 -2.1099999999999994
      vertex 44.12724093497742 -117.66536686473019 -2.1099999999999994
      vertex 44.12724093497742 -116.13463313526982 -2.1099999999999994
    endloop
  endfacet
  facet normal 0 0 -1
    outer loop
      vertex 44.12724093497742 -117.66536686473019 -2.1099999999999994
      vertex 44.043148347421855 -117.41763809020505 -2.1099999999999994
      vertex 44.043148347421855 -116.38236190979497 -2.1099999999999994
    endloop
  endfacet
  facet normal 0 0 -1
    outer loop
      vertex 44.5607864376269 -118.3142135623731 -2.1099999999999994
      vertex 44.5607864376269 -115.48578643762691 -2.1099999999999994
      vertex 44.757477141982555 -118.48670668058247 -2.1099999999999994
    endloop
  endfacet
  facet normal 0 0 -1
    outer loop
      vertex 44.5607864376269 -118.3142135623731 -2.1099999999999994
      vertex 44.38829331941752 -118.11752285801745 -2.1099999999999994
      vertex 44.38829331941752 -115.68247714198256 -2.1099999999999994
    endloop
  endfacet
  facet normal 0 0 -1
    outer loop
      vertex 44.12724093497742 -117.66536686473019 -2.1099999999999994
      vertex 44.043148347421855 -116.38236190979497 -2.1099999999999994
      vertex 44.12724093497742 -116.13463313526982 -2.1099999999999994
    endloop
  endfacet
  facet normal 0 0 -1
    outer loop
      vertex 44.24294919243112 -117.9 -2.1099999999999994
      vertex 44.12724093497742 -116.13463313526982 -2.1099999999999994
      vertex 44.24294919243112 -115.9 -2.1099999999999994
    endloop
  endfacet
  facet normal 0 0 -1
    outer loop
      vertex 44.38829331941752 -118.11752285801745 -2.1099999999999994
      vertex 44.24294919243112 -115.9 -2.1099999999999994
      vertex 44.38829331941752 -115.68247714198256 -2.1099999999999994
    endloop
  endfacet
  facet normal 0 0 -1
    outer loop
      vertex 44.5607864376269 -118.3142135623731 -2.1099999999999994
      vertex 44.38829331941752 -115.68247714198256 -2.1099999999999994
      vertex 44.5607864376269 -115.48578643762691 -2.1099999999999994
    endloop
  endfacet
  facet normal 0 0 -1
    outer loop
      vertex 45.71394761555989 -118.88288972274762 -2.1099999999999994
      vertex 45.71394761555989 -114.91711027725239 -2.1099999999999994
      vertex 45.974999999999994 -118.9 -2.1099999999999994
    endloop
  endfacet
  facet normal 0 0 -1
    outer loop
      vertex 44.757477141982555 -118.48670668058247 -2.1099999999999994
      vertex 44.757477141982555 -115.31329331941754 -2.1099999999999994
      vertex 44.974999999999994 -118.63205080756889 -2.1099999999999994
    endloop
  endfacet
  facet normal 0 0 -1
    outer loop
      vertex 45.20963313526981 -118.74775906502258 -2.1099999999999994
      vertex 44.974999999999994 -118.63205080756889 -2.1099999999999994
      vertex 44.974999999999994 -115.16794919243112 -2.1099999999999994
    endloop
  endfacet
  facet normal 0 0 -1
    outer loop
      vertex 45.20963313526981 -118.74775906502258 -2.1099999999999994
      vertex 45.20963313526981 -115.05224093497743 -2.1099999999999994
      vertex 45.457361909794955 -118.83185165257814 -2.1099999999999994
    endloop
  endfacet
  facet normal 0 0 -1
    outer loop
      vertex 45.457361909794955 -118.83185165257814 -2.1099999999999994
      vertex 45.457361909794955 -114.96814834742187 -2.1099999999999994
      vertex 45.71394761555989 -118.88288972274762 -2.1099999999999994
    endloop
  endfacet
  facet normal 0 0 -1
    outer loop
      vertex 45.974999999999994 -118.9 -2.1099999999999994
      vertex 45.974999999999994 -114.9 -2.1099999999999994
      vertex 46.2360523844401 -118.88288972274762 -2.1099999999999994
    endloop
  endfacet
  facet normal 0 0 -1
    outer loop
      vertex 46.2360523844401 -118.88288972274762 -2.1099999999999994
      vertex 46.2360523844401 -114.91711027725239 -2.1099999999999994
      vertex 46.492638090205034 -118.83185165257814 -2.1099999999999994
    endloop
  endfacet
  facet normal 0 0 -1
    outer loop
      vertex 46.492638090205034 -118.83185165257814 -2.1099999999999994
      vertex 46.492638090205034 -114.96814834742187 -2.1099999999999994
      vertex 46.74036686473018 -118.74775906502258 -2.1099999999999994
    endloop
  endfacet
  facet normal 0 0 -1
    outer loop
      vertex 46.74036686473018 -118.74775906502258 -2.1099999999999994
      vertex 46.74036686473018 -115.05224093497743 -2.1099999999999994
      vertex 46.974999999999994 -118.63205080756889 -2.1099999999999994
    endloop
  endfacet
  facet normal 0 0 -1
    outer loop
      vertex 46.974999999999994 -118.63205080756889 -2.1099999999999994
      vertex 46.974999999999994 -115.16794919243112 -2.1099999999999994
      vertex 47.19252285801743 -118.48670668058247 -2.1099999999999994
    endloop
  endfacet
  facet normal 0 0 -1
    outer loop
      vertex 47.19252285801743 -118.48670668058247 -2.1099999999999994
      vertex 47.19252285801743 -115.31329331941754 -2.1099999999999994
      vertex 47.38921356237309 -118.3142135623731 -2.1099999999999994
    endloop
  endfacet
  facet normal 0 0 -1
    outer loop
      vertex 47.38921356237309 -118.3142135623731 -2.1099999999999994
      vertex 47.38921356237309 -115.48578643762691 -2.1099999999999994
      vertex 47.56170668058247 -118.11752285801745 -2.1099999999999994
    endloop
  endfacet
  facet normal 0 0 -1
    outer loop
      vertex 47.56170668058247 -118.11752285801745 -2.1099999999999994
      vertex 47.56170668058247 -115.68247714198256 -2.1099999999999994
      vertex 47.70705080756887 -117.9 -2.1099999999999994
    endloop
  endfacet
  facet normal 0 0 -1
    outer loop
      vertex 47.70705080756887 -117.9 -2.1099999999999994
      vertex 47.70705080756887 -115.9 -2.1099999999999994
      vertex 47.82275906502257 -117.66536686473019 -2.1099999999999994
    endloop
  endfacet
  facet normal 0 0 -1
    outer loop
      vertex 47.82275906502257 -117.66536686473019 -2.1099999999999994
      vertex 47.82275906502257 -116.13463313526982 -2.1099999999999994
      vertex 47.90685165257813 -117.41763809020505 -2.1099999999999994
    endloop
  endfacet
  facet normal 0 0 -1
    outer loop
      vertex 47.90685165257813 -117.41763809020505 -2.1099999999999994
      vertex 47.90685165257813 -116.38236190979497 -2.1099999999999994
      vertex 47.957889722747616 -117.16105238444011 -2.1099999999999994
    endloop
  endfacet
  facet normal 0 0 -1
    outer loop
      vertex 47.957889722747616 -117.16105238444011 -2.1099999999999994
      vertex 47.90685165257813 -116.38236190979497 -2.1099999999999994
      vertex 47.957889722747616 -116.6389476155599 -2.1099999999999994
    endloop
  endfacet
  facet normal 0 0 -1
    outer loop
      vertex 47.56170668058247 -115.68247714198256 -2.1099999999999994
      vertex 47.70705080756887 -115.9 -2.1099999999999994
      vertex 47.70705080756887 -117.9 -2.1099999999999994
    endloop
  endfacet
  facet normal 0 0 -1
    outer loop
      vertex 47.90685165257813 -117.41763809020505 -2.1099999999999994
      vertex 47.82275906502257 -116.13463313526982 -2.1099999999999994
      vertex 47.90685165257813 -116.38236190979497 -2.1099999999999994
    endloop
  endfacet
  facet normal 0 0 -1
    outer loop
      vertex 47.82275906502257 -117.66536686473019 -2.1099999999999994
      vertex 47.70705080756887 -115.9 -2.1099999999999994
      vertex 47.82275906502257 -116.13463313526982 -2.1099999999999994
    endloop
  endfacet
  facet normal 0 0 -1
    outer loop
      vertex 47.957889722747616 -117.16105238444011 -2.1099999999999994
      vertex 47.957889722747616 -116.6389476155599 -2.1099999999999994
      vertex 47.974999999999994 -116.9 -2.1099999999999994
    endloop
  endfacet
  facet normal 0.9469301294951032 -0.32143946530316897 0
    outer loop
      vertex 44.043148347421855 -116.38236190979497 -8.1
      vertex 44.12724093497742 -116.13463313526982 -2.1099999999999994
      vertex 44.043148347421855 -116.38236190979497 -2.1099999999999994
    endloop
  endfacet
  facet normal 0.8968727415326844 -0.44228869021900913 0
    outer loop
      vertex 44.12724093497742 -116.13463313526982 -8.1
      vertex 44.24294919243112 -115.9 -2.1099999999999994
      vertex 44.12724093497742 -116.13463313526982 -2.1099999999999994
    endloop
  endfacet
  facet normal 0.8314696123025607 -0.5555702330195792 0
    outer loop
      vertex 44.24294919243112 -115.9 -8.1
      vertex 44.38829331941752 -115.68247714198256 -2.1099999999999994
      vertex 44.24294919243112 -115.9 -2.1099999999999994
    endloop
  endfacet
  facet normal 0.7518398074789534 -0.6593458151000962 0
    outer loop
      vertex 44.38829331941752 -115.68247714198256 -8.1
      vertex 44.5607864376269 -115.48578643762691 -2.1099999999999994
      vertex 44.38829331941752 -115.68247714198256 -2.1099999999999994
    endloop
  endfacet
  facet normal 0.6593458151000673 -0.7518398074789786 0
    outer loop
      vertex 44.5607864376269 -115.48578643762691 -8.1
      vertex 44.757477141982555 -115.31329331941754 -2.1099999999999994
      vertex 44.5607864376269 -115.48578643762691 -2.1099999999999994
    endloop
  endfacet
  facet normal 0.5555702330196293 -0.8314696123025271 0
    outer loop
      vertex 44.757477141982555 -115.31329331941754 -8.1
      vertex 44.974999999999994 -115.16794919243112 -2.1099999999999994
      vertex 44.757477141982555 -115.31329331941754 -2.1099999999999994
    endloop
  endfacet
  facet normal 0.4422886902189873 -0.8968727415326953 0
    outer loop
      vertex 44.974999999999994 -115.16794919243112 -8.1
      vertex 45.20963313526981 -115.05224093497743 -2.1099999999999994
      vertex 44.974999999999994 -115.16794919243112 -2.1099999999999994
    endloop
  endfacet
  facet normal 0.32143946530314454 -0.9469301294951114 0
    outer loop
      vertex 45.20963313526981 -115.05224093497743 -8.1
      vertex 45.457361909794955 -114.96814834742187 -2.1099999999999994
      vertex 45.20963313526981 -115.05224093497743 -2.1099999999999994
    endloop
  endfacet
  facet normal 0.19509032201612622 -0.9807852804032309 0
    outer loop
      vertex 45.457361909794955 -114.96814834742187 -8.1
      vertex 45.71394761555989 -114.91711027725239 -2.1099999999999994
      vertex 45.457361909794955 -114.96814834742187 -2.1099999999999994
    endloop
  endfacet
  facet normal 0.06540312923016546 -0.9978589232386021 0
    outer loop
      vertex 45.71394761555989 -114.91711027725239 -8.1
      vertex 45.974999999999994 -114.9 -2.1099999999999994
      vertex 45.71394761555989 -114.91711027725239 -2.1099999999999994
    endloop
  endfacet
  facet normal -0.06540312923016546 -0.9978589232386021 0
    outer loop
      vertex 45.974999999999994 -114.9 -8.1
      vertex 46.2360523844401 -114.91711027725239 -2.1099999999999994
      vertex 45.974999999999994 -114.9 -2.1099999999999994
    endloop
  endfacet
  facet normal -0.19509032201612622 -0.9807852804032309 0
    outer loop
      vertex 46.2360523844401 -114.91711027725239 -8.1
      vertex 46.492638090205034 -114.96814834742187 -2.1099999999999994
      vertex 46.2360523844401 -114.91711027725239 -2.1099999999999994
    endloop
  endfacet
  facet normal -0.9469301294951032 -0.32143946530316897 0
    outer loop
      vertex 47.82275906502257 -116.13463313526982 -8.1
      vertex 47.90685165257813 -116.38236190979497 -2.1099999999999994
      vertex 47.82275906502257 -116.13463313526982 -2.1099999999999994
    endloop
  endfacet
  facet normal -0.8968727415326844 -0.44228869021900913 0
    outer loop
      vertex 47.70705080756887 -115.9 -8.1
      vertex 47.82275906502257 -116.13463313526982 -2.1099999999999994
      vertex 47.70705080756887 -115.9 -2.1099999999999994
    endloop
  endfacet
  facet normal -0.6593458151000673 -0.7518398074789786 0
    outer loop
      vertex 47.19252285801743 -115.31329331941754 -8.1
      vertex 47.38921356237309 -115.48578643762691 -2.1099999999999994
      vertex 47.19252285801743 -115.31329331941754 -2.1099999999999994
    endloop
  endfacet
  facet normal -0.7518398074789534 -0.6593458151000962 0
    outer loop
      vertex 47.38921356237309 -115.48578643762691 -8.1
      vertex 47.56170668058247 -115.68247714198256 -2.1099999999999994
      vertex 47.38921356237309 -115.48578643762691 -2.1099999999999994
    endloop
  endfacet
  facet normal -0.8314696123025607 -0.5555702330195792 0
    outer loop
      vertex 47.56170668058247 -115.68247714198256 -8.1
      vertex 47.70705080756887 -115.9 -2.1099999999999994
      vertex 47.56170668058247 -115.68247714198256 -2.1099999999999994
    endloop
  endfacet
  facet normal -0.32143946530314454 -0.9469301294951114 0
    outer loop
      vertex 46.492638090205034 -114.96814834742187 -8.1
      vertex 46.74036686473018 -115.05224093497743 -2.1099999999999994
      vertex 46.492638090205034 -114.96814834742187 -2.1099999999999994
    endloop
  endfacet
  facet normal -0.4422886902189873 -0.8968727415326953 0
    outer loop
      vertex 46.74036686473018 -115.05224093497743 -8.1
      vertex 46.974999999999994 -115.16794919243112 -2.1099999999999994
      vertex 46.74036686473018 -115.05224093497743 -2.1099999999999994
    endloop
  endfacet
  facet normal -0.5555702330196293 -0.8314696123025271 0
    outer loop
      vertex 46.974999999999994 -115.16794919243112 -8.1
      vertex 47.19252285801743 -115.31329331941754 -2.1099999999999994
      vertex 46.974999999999994 -115.16794919243112 -2.1099999999999994
    endloop
  endfacet
  facet normal 0 0 -1
    outer loop
      vertex 44.757477141982555 -118.48670668058247 -2.1099999999999994
      vertex 44.5607864376269 -115.48578643762691 -2.1099999999999994
      vertex 44.757477141982555 -115.31329331941754 -2.1099999999999994
    endloop
  endfacet
  facet normal 0 0 -1
    outer loop
      vertex 44.974999999999994 -118.63205080756889 -2.1099999999999994
      vertex 44.757477141982555 -115.31329331941754 -2.1099999999999994
      vertex 44.974999999999994 -115.16794919243112 -2.1099999999999994
    endloop
  endfacet
  facet normal 0 0 -1
    outer loop
      vertex 45.20963313526981 -118.74775906502258 -2.1099999999999994
      vertex 44.974999999999994 -115.16794919243112 -2.1099999999999994
      vertex 45.20963313526981 -115.05224093497743 -2.1099999999999994
    endloop
  endfacet
  facet normal 0 0 -1
    outer loop
      vertex 45.457361909794955 -118.83185165257814 -2.1099999999999994
      vertex 45.20963313526981 -115.05224093497743 -2.1099999999999994
      vertex 45.457361909794955 -114.96814834742187 -2.1099999999999994
    endloop
  endfacet
  facet normal 0 0 -1
    outer loop
      vertex 45.71394761555989 -118.88288972274762 -2.1099999999999994
      vertex 45.457361909794955 -114.96814834742187 -2.1099999999999994
      vertex 45.71394761555989 -114.91711027725239 -2.1099999999999994
    endloop
  endfacet
  facet normal 0 0 -1
    outer loop
      vertex 45.974999999999994 -118.9 -2.1099999999999994
      vertex 45.71394761555989 -114.91711027725239 -2.1099999999999994
      vertex 45.974999999999994 -114.9 -2.1099999999999994
    endloop
  endfacet
  facet normal 0 0 -1
    outer loop
      vertex 46.2360523844401 -118.88288972274762 -2.1099999999999994
      vertex 45.974999999999994 -114.9 -2.1099999999999994
      vertex 46.2360523844401 -114.91711027725239 -2.1099999999999994
    endloop
  endfacet
  facet normal 0 0 -1
    outer loop
      vertex 46.492638090205034 -118.83185165257814 -2.1099999999999994
      vertex 46.2360523844401 -114.91711027725239 -2.1099999999999994
      vertex 46.492638090205034 -114.96814834742187 -2.1099999999999994
    endloop
  endfacet
  facet normal 0 0 -1
    outer loop
      vertex 46.74036686473018 -118.74775906502258 -2.1099999999999994
      vertex 46.492638090205034 -114.96814834742187 -2.1099999999999994
      vertex 46.74036686473018 -115.05224093497743 -2.1099999999999994
    endloop
  endfacet
  facet normal 0 0 -1
    outer loop
      vertex 46.974999999999994 -118.63205080756889 -2.1099999999999994
      vertex 46.74036686473018 -115.05224093497743 -2.1099999999999994
      vertex 46.974999999999994 -115.16794919243112 -2.1099999999999994
    endloop
  endfacet
  facet normal 0 0 -1
    outer loop
      vertex 47.19252285801743 -118.48670668058247 -2.1099999999999994
      vertex 46.974999999999994 -115.16794919243112 -2.1099999999999994
      vertex 47.19252285801743 -115.31329331941754 -2.1099999999999994
    endloop
  endfacet
  facet normal 0 0 -1
    outer loop
      vertex 47.38921356237309 -118.3142135623731 -2.1099999999999994
      vertex 47.19252285801743 -115.31329331941754 -2.1099999999999994
      vertex 47.38921356237309 -115.48578643762691 -2.1099999999999994
    endloop
  endfacet
  facet normal 0 0 -1
    outer loop
      vertex 47.56170668058247 -118.11752285801745 -2.1099999999999994
      vertex 47.38921356237309 -115.48578643762691 -2.1099999999999994
      vertex 47.56170668058247 -115.68247714198256 -2.1099999999999994
    endloop
  endfacet
  facet normal 0.7518398074789937 0.6593458151000502 0
    outer loop
      vertex 136.51078643762688 -118.3142135623731 -8.1
      vertex 136.33829331941752 -118.11752285801745 -8.1
      vertex 136.33829331941752 -118.11752285801745 -2.1099999999999994
    endloop
  endfacet
  facet normal 0.8314696123025607 0.5555702330195792 0
    outer loop
      vertex 136.33829331941752 -118.11752285801745 -8.1
      vertex 136.19294919243112 -117.9 -8.1
      vertex 136.19294919243112 -117.9 -2.1099999999999994
    endloop
  endfacet
  facet normal 0.8968727415326522 0.4422886902190747 0
    outer loop
      vertex 136.19294919243112 -117.9 -8.1
      vertex 136.0772409349774 -117.66536686473019 -8.1
      vertex 136.0772409349774 -117.66536686473019 -2.1099999999999994
    endloop
  endfacet
  facet normal 0.5555702330196167 0.8314696123025356 0
    outer loop
      vertex 136.70747714198254 -118.48670668058247 -8.1
      vertex 136.70747714198254 -118.48670668058247 -2.1099999999999994
      vertex 136.92499999999998 -118.63205080756889 -8.1
    endloop
  endfacet
  facet normal 0.659345815100054 0.7518398074789905 0
    outer loop
      vertex 136.51078643762688 -118.3142135623731 -8.1
      vertex 136.51078643762688 -118.3142135623731 -2.1099999999999994
      vertex 136.70747714198254 -118.48670668058247 -8.1
    endloop
  endfacet
  facet normal 0.4422886902189658 0.8968727415327058 0
    outer loop
      vertex 137.15963313526981 -118.74775906502258 -8.1
      vertex 136.92499999999998 -118.63205080756889 -8.1
      vertex 136.92499999999998 -118.63205080756889 -2.1099999999999994
    endloop
  endfacet
  facet normal 0.946930129495128 0.3214394653030959 0
    outer loop
      vertex 136.0772409349774 -117.66536686473019 -8.1
      vertex 135.99314834742185 -117.41763809020505 -8.1
      vertex 135.99314834742185 -117.41763809020505 -2.1099999999999994
    endloop
  endfacet
  facet normal 0.9807852804032309 0.19509032201612622 0
    outer loop
      vertex 135.99314834742185 -117.41763809020505 -8.1
      vertex 135.94211027725237 -117.16105238444011 -8.1
      vertex 135.94211027725237 -117.16105238444011 -2.1099999999999994
    endloop
  endfacet
  facet normal 0.9978589232386021 0.06540312923016546 0
    outer loop
      vertex 135.92499999999998 -116.9 -8.1
      vertex 135.92499999999998 -116.9 -2.1099999999999994
      vertex 135.94211027725237 -117.16105238444011 -8.1
    endloop
  endfacet
  facet normal 0.9978589232386021 -0.06540312923016546 0
    outer loop
      vertex 135.92499999999998 -116.9 -8.1
      vertex 135.94211027725237 -116.6389476155599 -8.1
      vertex 135.94211027725237 -116.6389476155599 -2.1099999999999994
    endloop
  endfacet
  facet normal 0.9807852804032309 -0.19509032201612622 0
    outer loop
      vertex 135.94211027725237 -116.6389476155599 -8.1
      vertex 135.99314834742185 -116.38236190979497 -8.1
      vertex 135.99314834742185 -116.38236190979497 -2.1099999999999994
    endloop
  endfacet
  facet normal 0.32143946530317763 0.9469301294951002 0
    outer loop
      vertex 137.15963313526981 -118.74775906502258 -8.1
      vertex 137.15963313526981 -118.74775906502258 -2.1099999999999994
      vertex 137.40736190979493 -118.83185165257814 -8.1
    endloop
  endfacet
  facet normal 0.19509032201610546 0.980785280403235 0
    outer loop
      vertex 137.40736190979493 -118.83185165257814 -8.1
      vertex 137.40736190979493 -118.83185165257814 -2.1099999999999994
      vertex 137.6639476155599 -118.88288972274762 -8.1
    endloop
  endfacet
  facet normal 0.065403129230169 0.9978589232386018 0
    outer loop
      vertex 137.6639476155599 -118.88288972274762 -8.1
      vertex 137.6639476155599 -118.88288972274762 -2.1099999999999994
      vertex 137.92499999999998 -118.9 -8.1
    endloop
  endfacet
  facet normal -0.065403129230169 0.9978589232386018 0
    outer loop
      vertex 137.92499999999998 -118.9 -8.1
      vertex 137.92499999999998 -118.9 -2.1099999999999994
      vertex 138.18605238444007 -118.88288972274762 -8.1
    endloop
  endfacet
  facet normal -0.19509032201610546 0.980785280403235 0
    outer loop
      vertex 138.18605238444007 -118.88288972274762 -8.1
      vertex 138.18605238444007 -118.88288972274762 -2.1099999999999994
      vertex 138.44263809020504 -118.83185165257814 -8.1
    endloop
  endfacet
  facet normal -0.32143946530317763 0.9469301294951002 0
    outer loop
      vertex 138.44263809020504 -118.83185165257814 -8.1
      vertex 138.44263809020504 -118.83185165257814 -2.1099999999999994
      vertex 138.69036686473015 -118.74775906502258 -8.1
    endloop
  endfacet
  facet normal -0.4422886902189658 0.8968727415327058 0
    outer loop
      vertex 138.69036686473015 -118.74775906502258 -8.1
      vertex 138.69036686473015 -118.74775906502258 -2.1099999999999994
      vertex 138.92499999999998 -118.63205080756889 -8.1
    endloop
  endfacet
  facet normal -0.5555702330196167 0.8314696123025356 0
    outer loop
      vertex 138.92499999999998 -118.63205080756889 -8.1
      vertex 138.92499999999998 -118.63205080756889 -2.1099999999999994
      vertex 139.14252285801743 -118.48670668058247 -8.1
    endloop
  endfacet
  facet normal -0.659345815100054 0.7518398074789905 0
    outer loop
      vertex 139.14252285801743 -118.48670668058247 -8.1
      vertex 139.14252285801743 -118.48670668058247 -2.1099999999999994
      vertex 139.3392135623731 -118.3142135623731 -8.1
    endloop
  endfacet
  facet normal -0.7518398074789937 0.6593458151000502 0
    outer loop
      vertex 139.3392135623731 -118.3142135623731 -8.1
      vertex 139.3392135623731 -118.3142135623731 -2.1099999999999994
      vertex 139.51170668058245 -118.11752285801745 -8.1
    endloop
  endfacet
  facet normal -0.8314696123025607 0.5555702330195792 0
    outer loop
      vertex 139.51170668058245 -118.11752285801745 -8.1
      vertex 139.51170668058245 -118.11752285801745 -2.1099999999999994
      vertex 139.65705080756885 -117.9 -8.1
    endloop
  endfacet
  facet normal -0.8968727415326522 0.4422886902190747 0
    outer loop
      vertex 139.65705080756885 -117.9 -8.1
      vertex 139.65705080756885 -117.9 -2.1099999999999994
      vertex 139.77275906502257 -117.66536686473019 -8.1
    endloop
  endfacet
  facet normal -0.946930129495128 0.3214394653030959 0
    outer loop
      vertex 139.77275906502257 -117.66536686473019 -8.1
      vertex 139.77275906502257 -117.66536686473019 -2.1099999999999994
      vertex 139.85685165257811 -117.41763809020505 -8.1
    endloop
  endfacet
  facet normal -0.9807852804032309 0.19509032201612622 0
    outer loop
      vertex 139.85685165257811 -117.41763809020505 -8.1
      vertex 139.85685165257811 -117.41763809020505 -2.1099999999999994
      vertex 139.9078897227476 -117.16105238444011 -8.1
    endloop
  endfacet
  facet normal -0.9978589232386021 0.06540312923016546 0
    outer loop
      vertex 139.92499999999998 -116.9 -8.1
      vertex 139.9078897227476 -117.16105238444011 -8.1
      vertex 139.9078897227476 -117.16105238444011 -2.1099999999999994
    endloop
  endfacet
  facet normal -0.9978589232386021 -0.06540312923016546 0
    outer loop
      vertex 139.92499999999998 -116.9 -8.1
      vertex 139.92499999999998 -116.9 -2.1099999999999994
      vertex 139.9078897227476 -116.6389476155599 -8.1
    endloop
  endfacet
  facet normal -0.9807852804032309 -0.19509032201612622 0
    outer loop
      vertex 139.85685165257811 -116.38236190979497 -8.1
      vertex 139.9078897227476 -116.6389476155599 -8.1
      vertex 139.9078897227476 -116.6389476155599 -2.1099999999999994
    endloop
  endfacet
  facet normal 0.946930129495128 -0.3214394653030959 0
    outer loop
      vertex 135.99314834742185 -116.38236190979497 -8.1
      vertex 136.0772409349774 -116.13463313526982 -8.1
      vertex 136.0772409349774 -116.13463313526982 -2.1099999999999994
    endloop
  endfacet
  facet normal 0.8968727415326522 -0.4422886902190747 0
    outer loop
      vertex 136.0772409349774 -116.13463313526982 -8.1
      vertex 136.19294919243112 -115.9 -8.1
      vertex 136.19294919243112 -115.9 -2.1099999999999994
    endloop
  endfacet
  facet normal 0.8314696123025607 -0.5555702330195792 0
    outer loop
      vertex 136.19294919243112 -115.9 -8.1
      vertex 136.33829331941752 -115.68247714198256 -8.1
      vertex 136.33829331941752 -115.68247714198256 -2.1099999999999994
    endloop
  endfacet
  facet normal 0.7518398074789937 -0.6593458151000502 0
    outer loop
      vertex 136.33829331941752 -115.68247714198256 -8.1
      vertex 136.51078643762688 -115.48578643762691 -8.1
      vertex 136.51078643762688 -115.48578643762691 -2.1099999999999994
    endloop
  endfacet
  facet normal 0.659345815100054 -0.7518398074789905 0
    outer loop
      vertex 136.51078643762688 -115.48578643762691 -8.1
      vertex 136.70747714198254 -115.31329331941754 -8.1
      vertex 136.70747714198254 -115.31329331941754 -2.1099999999999994
    endloop
  endfacet
  facet normal 0.5555702330196167 -0.8314696123025356 0
    outer loop
      vertex 136.70747714198254 -115.31329331941754 -8.1
      vertex 136.92499999999998 -115.16794919243112 -8.1
      vertex 136.92499999999998 -115.16794919243112 -2.1099999999999994
    endloop
  endfacet
  facet normal 0.4422886902189658 -0.8968727415327058 0
    outer loop
      vertex 136.92499999999998 -115.16794919243112 -8.1
      vertex 137.15963313526981 -115.05224093497743 -8.1
      vertex 137.15963313526981 -115.05224093497743 -2.1099999999999994
    endloop
  endfacet
  facet normal 0.32143946530317763 -0.9469301294951002 0
    outer loop
      vertex 137.15963313526981 -115.05224093497743 -8.1
      vertex 137.40736190979493 -114.96814834742187 -8.1
      vertex 137.40736190979493 -114.96814834742187 -2.1099999999999994
    endloop
  endfacet
  facet normal 0.19509032201610546 -0.980785280403235 0
    outer loop
      vertex 137.40736190979493 -114.96814834742187 -8.1
      vertex 137.6639476155599 -114.91711027725239 -8.1
      vertex 137.6639476155599 -114.91711027725239 -2.1099999999999994
    endloop
  endfacet
  facet normal 0.065403129230169 -0.9978589232386018 0
    outer loop
      vertex 137.6639476155599 -114.91711027725239 -8.1
      vertex 137.92499999999998 -114.9 -8.1
      vertex 137.92499999999998 -114.9 -2.1099999999999994
    endloop
  endfacet
  facet normal -0.065403129230169 -0.9978589232386018 0
    outer loop
      vertex 137.92499999999998 -114.9 -8.1
      vertex 138.18605238444007 -114.91711027725239 -8.1
      vertex 138.18605238444007 -114.91711027725239 -2.1099999999999994
    endloop
  endfacet
  facet normal -0.19509032201610546 -0.980785280403235 0
    outer loop
      vertex 138.18605238444007 -114.91711027725239 -8.1
      vertex 138.44263809020504 -114.96814834742187 -8.1
      vertex 138.44263809020504 -114.96814834742187 -2.1099999999999994
    endloop
  endfacet
  facet normal -0.32143946530317763 -0.9469301294951002 0
    outer loop
      vertex 138.44263809020504 -114.96814834742187 -8.1
      vertex 138.69036686473015 -115.05224093497743 -8.1
      vertex 138.69036686473015 -115.05224093497743 -2.1099999999999994
    endloop
  endfacet
  facet normal -0.7518398074789937 -0.6593458151000502 0
    outer loop
      vertex 139.51170668058245 -115.68247714198256 -8.1
      vertex 139.51170668058245 -115.68247714198256 -2.1099999999999994
      vertex 139.3392135623731 -115.48578643762691 -8.1
    endloop
  endfacet
  facet normal -0.659345815100054 -0.7518398074789905 0
    outer loop
      vertex 139.14252285801743 -115.31329331941754 -8.1
      vertex 139.3392135623731 -115.48578643762691 -8.1
      vertex 139.3392135623731 -115.48578643762691 -2.1099999999999994
    endloop
  endfacet
  facet normal -0.946930129495128 -0.3214394653030959 0
    outer loop
      vertex 139.85685165257811 -116.38236190979497 -8.1
      vertex 139.85685165257811 -116.38236190979497 -2.1099999999999994
      vertex 139.77275906502257 -116.13463313526982 -8.1
    endloop
  endfacet
  facet normal -0.8968727415326522 -0.4422886902190747 0
    outer loop
      vertex 139.77275906502257 -116.13463313526982 -8.1
      vertex 139.77275906502257 -116.13463313526982 -2.1099999999999994
      vertex 139.65705080756885 -115.9 -8.1
    endloop
  endfacet
  facet normal -0.8314696123025607 -0.5555702330195792 0
    outer loop
      vertex 139.51170668058245 -115.68247714198256 -8.1
      vertex 139.65705080756885 -115.9 -8.1
      vertex 139.65705080756885 -115.9 -2.1099999999999994
    endloop
  endfacet
  facet normal -0.4422886902189658 -0.8968727415327058 0
    outer loop
      vertex 138.92499999999998 -115.16794919243112 -8.1
      vertex 138.92499999999998 -115.16794919243112 -2.1099999999999994
      vertex 138.69036686473015 -115.05224093497743 -8.1
    endloop
  endfacet
  facet normal -0.5555702330196167 -0.8314696123025356 0
    outer loop
      vertex 139.14252285801743 -115.31329331941754 -8.1
      vertex 139.14252285801743 -115.31329331941754 -2.1099999999999994
      vertex 138.92499999999998 -115.16794919243112 -8.1
    endloop
  endfacet
  facet normal 0.4422886902189658 0.8968727415327058 0
    outer loop
      vertex 137.15963313526981 -118.74775906502258 -8.1
      vertex 136.92499999999998 -118.63205080756889 -2.1099999999999994
      vertex 137.15963313526981 -118.74775906502258 -2.1099999999999994
    endloop
  endfacet
  facet normal 0.7518398074789937 0.6593458151000502 0
    outer loop
      vertex 136.51078643762688 -118.3142135623731 -8.1
      vertex 136.33829331941752 -118.11752285801745 -2.1099999999999994
      vertex 136.51078643762688 -118.3142135623731 -2.1099999999999994
    endloop
  endfacet
  facet normal 0.946930129495128 0.3214394653030959 0
    outer loop
      vertex 136.0772409349774 -117.66536686473019 -8.1
      vertex 135.99314834742185 -117.41763809020505 -2.1099999999999994
      vertex 136.0772409349774 -117.66536686473019 -2.1099999999999994
    endloop
  endfacet
  facet normal 0.8314696123025607 0.5555702330195792 0
    outer loop
      vertex 136.33829331941752 -118.11752285801745 -8.1
      vertex 136.19294919243112 -117.9 -2.1099999999999994
      vertex 136.33829331941752 -118.11752285801745 -2.1099999999999994
    endloop
  endfacet
  facet normal 0.8968727415326522 0.4422886902190747 0
    outer loop
      vertex 136.19294919243112 -117.9 -8.1
      vertex 136.0772409349774 -117.66536686473019 -2.1099999999999994
      vertex 136.19294919243112 -117.9 -2.1099999999999994
    endloop
  endfacet
  facet normal 0.659345815100054 0.7518398074789905 0
    outer loop
      vertex 136.70747714198254 -118.48670668058247 -8.1
      vertex 136.51078643762688 -118.3142135623731 -2.1099999999999994
      vertex 136.70747714198254 -118.48670668058247 -2.1099999999999994
    endloop
  endfacet
  facet normal 0.5555702330196167 0.8314696123025356 0
    outer loop
      vertex 136.92499999999998 -118.63205080756889 -8.1
      vertex 136.70747714198254 -118.48670668058247 -2.1099999999999994
      vertex 136.92499999999998 -118.63205080756889 -2.1099999999999994
    endloop
  endfacet
  facet normal 0.9807852804032309 0.19509032201612622 0
    outer loop
      vertex 135.99314834742185 -117.41763809020505 -8.1
      vertex 135.94211027725237 -117.16105238444011 -2.1099999999999994
      vertex 135.99314834742185 -117.41763809020505 -2.1099999999999994
    endloop
  endfacet
  facet normal 0.9978589232386021 0.06540312923016546 0
    outer loop
      vertex 135.94211027725237 -117.16105238444011 -8.1
      vertex 135.92499999999998 -116.9 -2.1099999999999994
      vertex 135.94211027725237 -117.16105238444011 -2.1099999999999994
    endloop
  endfacet
  facet normal 0.9978589232386021 -0.06540312923016546 0
    outer loop
      vertex 135.92499999999998 -116.9 -8.1
      vertex 135.94211027725237 -116.6389476155599 -2.1099999999999994
      vertex 135.92499999999998 -116.9 -2.1099999999999994
    endloop
  endfacet
  facet normal 0.9807852804032309 -0.19509032201612622 0
    outer loop
      vertex 135.94211027725237 -116.6389476155599 -8.1
      vertex 135.99314834742185 -116.38236190979497 -2.1099999999999994
      vertex 135.94211027725237 -116.6389476155599 -2.1099999999999994
    endloop
  endfacet
  facet normal 0.32143946530317763 0.9469301294951002 0
    outer loop
      vertex 137.40736190979493 -118.83185165257814 -8.1
      vertex 137.15963313526981 -118.74775906502258 -2.1099999999999994
      vertex 137.40736190979493 -118.83185165257814 -2.1099999999999994
    endloop
  endfacet
  facet normal 0.19509032201610546 0.980785280403235 0
    outer loop
      vertex 137.6639476155599 -118.88288972274762 -8.1
      vertex 137.40736190979493 -118.83185165257814 -2.1099999999999994
      vertex 137.6639476155599 -118.88288972274762 -2.1099999999999994
    endloop
  endfacet
  facet normal 0.065403129230169 0.9978589232386018 0
    outer loop
      vertex 137.92499999999998 -118.9 -8.1
      vertex 137.6639476155599 -118.88288972274762 -2.1099999999999994
      vertex 137.92499999999998 -118.9 -2.1099999999999994
    endloop
  endfacet
  facet normal -0.065403129230169 0.9978589232386018 0
    outer loop
      vertex 138.18605238444007 -118.88288972274762 -8.1
      vertex 137.92499999999998 -118.9 -2.1099999999999994
      vertex 138.18605238444007 -118.88288972274762 -2.1099999999999994
    endloop
  endfacet
  facet normal -0.19509032201610546 0.980785280403235 0
    outer loop
      vertex 138.44263809020504 -118.83185165257814 -8.1
      vertex 138.18605238444007 -118.88288972274762 -2.1099999999999994
      vertex 138.44263809020504 -118.83185165257814 -2.1099999999999994
    endloop
  endfacet
  facet normal -0.32143946530317763 0.9469301294951002 0
    outer loop
      vertex 138.69036686473015 -118.74775906502258 -8.1
      vertex 138.44263809020504 -118.83185165257814 -2.1099999999999994
      vertex 138.69036686473015 -118.74775906502258 -2.1099999999999994
    endloop
  endfacet
  facet normal -0.4422886902189658 0.8968727415327058 0
    outer loop
      vertex 138.92499999999998 -118.63205080756889 -8.1
      vertex 138.69036686473015 -118.74775906502258 -2.1099999999999994
      vertex 138.92499999999998 -118.63205080756889 -2.1099999999999994
    endloop
  endfacet
  facet normal -0.5555702330196167 0.8314696123025356 0
    outer loop
      vertex 139.14252285801743 -118.48670668058247 -8.1
      vertex 138.92499999999998 -118.63205080756889 -2.1099999999999994
      vertex 139.14252285801743 -118.48670668058247 -2.1099999999999994
    endloop
  endfacet
  facet normal -0.659345815100054 0.7518398074789905 0
    outer loop
      vertex 139.3392135623731 -118.3142135623731 -8.1
      vertex 139.14252285801743 -118.48670668058247 -2.1099999999999994
      vertex 139.3392135623731 -118.3142135623731 -2.1099999999999994
    endloop
  endfacet
  facet normal -0.7518398074789937 0.6593458151000502 0
    outer loop
      vertex 139.51170668058245 -118.11752285801745 -8.1
      vertex 139.3392135623731 -118.3142135623731 -2.1099999999999994
      vertex 139.51170668058245 -118.11752285801745 -2.1099999999999994
    endloop
  endfacet
  facet normal -0.8314696123025607 0.5555702330195792 0
    outer loop
      vertex 139.65705080756885 -117.9 -8.1
      vertex 139.51170668058245 -118.11752285801745 -2.1099999999999994
      vertex 139.65705080756885 -117.9 -2.1099999999999994
    endloop
  endfacet
  facet normal -0.8968727415326522 0.4422886902190747 0
    outer loop
      vertex 139.77275906502257 -117.66536686473019 -8.1
      vertex 139.65705080756885 -117.9 -2.1099999999999994
      vertex 139.77275906502257 -117.66536686473019 -2.1099999999999994
    endloop
  endfacet
  facet normal -0.946930129495128 0.3214394653030959 0
    outer loop
      vertex 139.85685165257811 -117.41763809020505 -8.1
      vertex 139.77275906502257 -117.66536686473019 -2.1099999999999994
      vertex 139.85685165257811 -117.41763809020505 -2.1099999999999994
    endloop
  endfacet
  facet normal -0.9807852804032309 0.19509032201612622 0
    outer loop
      vertex 139.9078897227476 -117.16105238444011 -8.1
      vertex 139.85685165257811 -117.41763809020505 -2.1099999999999994
      vertex 139.9078897227476 -117.16105238444011 -2.1099999999999994
    endloop
  endfacet
  facet normal -0.9978589232386021 0.06540312923016546 0
    outer loop
      vertex 139.92499999999998 -116.9 -8.1
      vertex 139.9078897227476 -117.16105238444011 -2.1099999999999994
      vertex 139.92499999999998 -116.9 -2.1099999999999994
    endloop
  endfacet
  facet normal -0.9978589232386021 -0.06540312923016546 0
    outer loop
      vertex 139.9078897227476 -116.6389476155599 -8.1
      vertex 139.92499999999998 -116.9 -2.1099999999999994
      vertex 139.9078897227476 -116.6389476155599 -2.1099999999999994
    endloop
  endfacet
  facet normal -0.9807852804032309 -0.19509032201612622 0
    outer loop
      vertex 139.85685165257811 -116.38236190979497 -8.1
      vertex 139.9078897227476 -116.6389476155599 -2.1099999999999994
      vertex 139.85685165257811 -116.38236190979497 -2.1099999999999994
    endloop
  endfacet
  facet normal 0 0 -1
    outer loop
      vertex 136.0772409349774 -117.66536686473019 -2.1099999999999994
      vertex 135.99314834742185 -117.41763809020505 -2.1099999999999994
      vertex 135.99314834742185 -116.38236190979497 -2.1099999999999994
    endloop
  endfacet
  facet normal 0 0 -1
    outer loop
      vertex 135.99314834742185 -117.41763809020505 -2.1099999999999994
      vertex 135.94211027725237 -117.16105238444011 -2.1099999999999994
      vertex 135.94211027725237 -116.6389476155599 -2.1099999999999994
    endloop
  endfacet
  facet normal 0 0 -1
    outer loop
      vertex 136.33829331941752 -118.11752285801745 -2.1099999999999994
      vertex 136.19294919243112 -117.9 -2.1099999999999994
      vertex 136.19294919243112 -115.9 -2.1099999999999994
    endloop
  endfacet
  facet normal 0 0 -1
    outer loop
      vertex 136.51078643762688 -118.3142135623731 -2.1099999999999994
      vertex 136.33829331941752 -118.11752285801745 -2.1099999999999994
      vertex 136.33829331941752 -115.68247714198256 -2.1099999999999994
    endloop
  endfacet
  facet normal 0 0 -1
    outer loop
      vertex 136.19294919243112 -117.9 -2.1099999999999994
      vertex 136.0772409349774 -117.66536686473019 -2.1099999999999994
      vertex 136.0772409349774 -116.13463313526982 -2.1099999999999994
    endloop
  endfacet
  facet normal 0 0 -1
    outer loop
      vertex 135.94211027725237 -117.16105238444011 -2.1099999999999994
      vertex 135.92499999999998 -116.9 -2.1099999999999994
      vertex 135.94211027725237 -116.6389476155599 -2.1099999999999994
    endloop
  endfacet
  facet normal 0 0 -1
    outer loop
      vertex 135.99314834742185 -117.41763809020505 -2.1099999999999994
      vertex 135.94211027725237 -116.6389476155599 -2.1099999999999994
      vertex 135.99314834742185 -116.38236190979497 -2.1099999999999994
    endloop
  endfacet
  facet normal 0 0 -1
    outer loop
      vertex 136.0772409349774 -117.66536686473019 -2.1099999999999994
      vertex 135.99314834742185 -116.38236190979497 -2.1099999999999994
      vertex 136.0772409349774 -116.13463313526982 -2.1099999999999994
    endloop
  endfacet
  facet normal 0 0 -1
    outer loop
      vertex 136.19294919243112 -117.9 -2.1099999999999994
      vertex 136.0772409349774 -116.13463313526982 -2.1099999999999994
      vertex 136.19294919243112 -115.9 -2.1099999999999994
    endloop
  endfacet
  facet normal 0 0 -1
    outer loop
      vertex 136.33829331941752 -118.11752285801745 -2.1099999999999994
      vertex 136.19294919243112 -115.9 -2.1099999999999994
      vertex 136.33829331941752 -115.68247714198256 -2.1099999999999994
    endloop
  endfacet
  facet normal 0 0 -1
    outer loop
      vertex 136.51078643762688 -118.3142135623731 -2.1099999999999994
      vertex 136.33829331941752 -115.68247714198256 -2.1099999999999994
      vertex 136.51078643762688 -115.48578643762691 -2.1099999999999994
    endloop
  endfacet
  facet normal 0 0 -1
    outer loop
      vertex 136.51078643762688 -118.3142135623731 -2.1099999999999994
      vertex 136.51078643762688 -115.48578643762691 -2.1099999999999994
      vertex 136.70747714198254 -118.48670668058247 -2.1099999999999994
    endloop
  endfacet
  facet normal 0 0 -1
    outer loop
      vertex 136.70747714198254 -118.48670668058247 -2.1099999999999994
      vertex 136.70747714198254 -115.31329331941754 -2.1099999999999994
      vertex 136.92499999999998 -118.63205080756889 -2.1099999999999994
    endloop
  endfacet
  facet normal 0 0 -1
    outer loop
      vertex 137.15963313526981 -118.74775906502258 -2.1099999999999994
      vertex 136.92499999999998 -118.63205080756889 -2.1099999999999994
      vertex 136.92499999999998 -115.16794919243112 -2.1099999999999994
    endloop
  endfacet
  facet normal 0 0 -1
    outer loop
      vertex 137.6639476155599 -118.88288972274762 -2.1099999999999994
      vertex 137.6639476155599 -114.91711027725239 -2.1099999999999994
      vertex 137.92499999999998 -118.9 -2.1099999999999994
    endloop
  endfacet
  facet normal 0 0 -1
    outer loop
      vertex 137.15963313526981 -118.74775906502258 -2.1099999999999994
      vertex 137.15963313526981 -115.05224093497743 -2.1099999999999994
      vertex 137.40736190979493 -118.83185165257814 -2.1099999999999994
    endloop
  endfacet
  facet normal 0 0 -1
    outer loop
      vertex 137.40736190979493 -118.83185165257814 -2.1099999999999994
      vertex 137.40736190979493 -114.96814834742187 -2.1099999999999994
      vertex 137.6639476155599 -118.88288972274762 -2.1099999999999994
    endloop
  endfacet
  facet normal 0 0 -1
    outer loop
      vertex 137.92499999999998 -118.9 -2.1099999999999994
      vertex 137.92499999999998 -114.9 -2.1099999999999994
      vertex 138.18605238444007 -118.88288972274762 -2.1099999999999994
    endloop
  endfacet
  facet normal 0 0 -1
    outer loop
      vertex 138.18605238444007 -118.88288972274762 -2.1099999999999994
      vertex 138.18605238444007 -114.91711027725239 -2.1099999999999994
      vertex 138.44263809020504 -118.83185165257814 -2.1099999999999994
    endloop
  endfacet
  facet normal 0 0 -1
    outer loop
      vertex 138.44263809020504 -118.83185165257814 -2.1099999999999994
      vertex 138.44263809020504 -114.96814834742187 -2.1099999999999994
      vertex 138.69036686473015 -118.74775906502258 -2.1099999999999994
    endloop
  endfacet
  facet normal 0 0 -1
    outer loop
      vertex 138.69036686473015 -118.74775906502258 -2.1099999999999994
      vertex 138.69036686473015 -115.05224093497743 -2.1099999999999994
      vertex 138.92499999999998 -118.63205080756889 -2.1099999999999994
    endloop
  endfacet
  facet normal 0 0 -1
    outer loop
      vertex 138.92499999999998 -118.63205080756889 -2.1099999999999994
      vertex 138.92499999999998 -115.16794919243112 -2.1099999999999994
      vertex 139.14252285801743 -118.48670668058247 -2.1099999999999994
    endloop
  endfacet
  facet normal 0 0 -1
    outer loop
      vertex 139.14252285801743 -118.48670668058247 -2.1099999999999994
      vertex 139.14252285801743 -115.31329331941754 -2.1099999999999994
      vertex 139.3392135623731 -118.3142135623731 -2.1099999999999994
    endloop
  endfacet
  facet normal 0 0 -1
    outer loop
      vertex 139.3392135623731 -118.3142135623731 -2.1099999999999994
      vertex 139.3392135623731 -115.48578643762691 -2.1099999999999994
      vertex 139.51170668058245 -118.11752285801745 -2.1099999999999994
    endloop
  endfacet
  facet normal 0 0 -1
    outer loop
      vertex 139.51170668058245 -118.11752285801745 -2.1099999999999994
      vertex 139.51170668058245 -115.68247714198256 -2.1099999999999994
      vertex 139.65705080756885 -117.9 -2.1099999999999994
    endloop
  endfacet
  facet normal 0 0 -1
    outer loop
      vertex 139.65705080756885 -117.9 -2.1099999999999994
      vertex 139.65705080756885 -115.9 -2.1099999999999994
      vertex 139.77275906502257 -117.66536686473019 -2.1099999999999994
    endloop
  endfacet
  facet normal 0 0 -1
    outer loop
      vertex 139.77275906502257 -117.66536686473019 -2.1099999999999994
      vertex 139.77275906502257 -116.13463313526982 -2.1099999999999994
      vertex 139.85685165257811 -117.41763809020505 -2.1099999999999994
    endloop
  endfacet
  facet normal 0 0 -1
    outer loop
      vertex 139.85685165257811 -117.41763809020505 -2.1099999999999994
      vertex 139.85685165257811 -116.38236190979497 -2.1099999999999994
      vertex 139.9078897227476 -117.16105238444011 -2.1099999999999994
    endloop
  endfacet
  facet normal 0 0 -1
    outer loop
      vertex 139.9078897227476 -117.16105238444011 -2.1099999999999994
      vertex 139.9078897227476 -116.6389476155599 -2.1099999999999994
      vertex 139.92499999999998 -116.9 -2.1099999999999994
    endloop
  endfacet
  facet normal 0 0 -1
    outer loop
      vertex 139.85685165257811 -116.38236190979497 -2.1099999999999994
      vertex 139.9078897227476 -116.6389476155599 -2.1099999999999994
      vertex 139.9078897227476 -117.16105238444011 -2.1099999999999994
    endloop
  endfacet
  facet normal 0 0 -1
    outer loop
      vertex 139.65705080756885 -117.9 -2.1099999999999994
      vertex 139.51170668058245 -115.68247714198256 -2.1099999999999994
      vertex 139.65705080756885 -115.9 -2.1099999999999994
    endloop
  endfacet
  facet normal 0 0 -1
    outer loop
      vertex 139.77275906502257 -117.66536686473019 -2.1099999999999994
      vertex 139.65705080756885 -115.9 -2.1099999999999994
      vertex 139.77275906502257 -116.13463313526982 -2.1099999999999994
    endloop
  endfacet
  facet normal 0 0 -1
    outer loop
      vertex 139.85685165257811 -117.41763809020505 -2.1099999999999994
      vertex 139.77275906502257 -116.13463313526982 -2.1099999999999994
      vertex 139.85685165257811 -116.38236190979497 -2.1099999999999994
    endloop
  endfacet
  facet normal 0.946930129495128 -0.3214394653030959 0
    outer loop
      vertex 135.99314834742185 -116.38236190979497 -8.1
      vertex 136.0772409349774 -116.13463313526982 -2.1099999999999994
      vertex 135.99314834742185 -116.38236190979497 -2.1099999999999994
    endloop
  endfacet
  facet normal 0.8968727415326522 -0.4422886902190747 0
    outer loop
      vertex 136.0772409349774 -116.13463313526982 -8.1
      vertex 136.19294919243112 -115.9 -2.1099999999999994
      vertex 136.0772409349774 -116.13463313526982 -2.1099999999999994
    endloop
  endfacet
  facet normal 0.8314696123025607 -0.5555702330195792 0
    outer loop
      vertex 136.19294919243112 -115.9 -8.1
      vertex 136.33829331941752 -115.68247714198256 -2.1099999999999994
      vertex 136.19294919243112 -115.9 -2.1099999999999994
    endloop
  endfacet
  facet normal 0.7518398074789937 -0.6593458151000502 0
    outer loop
      vertex 136.33829331941752 -115.68247714198256 -8.1
      vertex 136.51078643762688 -115.48578643762691 -2.1099999999999994
      vertex 136.33829331941752 -115.68247714198256 -2.1099999999999994
    endloop
  endfacet
  facet normal 0.659345815100054 -0.7518398074789905 0
    outer loop
      vertex 136.51078643762688 -115.48578643762691 -8.1
      vertex 136.70747714198254 -115.31329331941754 -2.1099999999999994
      vertex 136.51078643762688 -115.48578643762691 -2.1099999999999994
    endloop
  endfacet
  facet normal 0.5555702330196167 -0.8314696123025356 0
    outer loop
      vertex 136.70747714198254 -115.31329331941754 -8.1
      vertex 136.92499999999998 -115.16794919243112 -2.1099999999999994
      vertex 136.70747714198254 -115.31329331941754 -2.1099999999999994
    endloop
  endfacet
  facet normal 0.4422886902189658 -0.8968727415327058 0
    outer loop
      vertex 136.92499999999998 -115.16794919243112 -8.1
      vertex 137.15963313526981 -115.05224093497743 -2.1099999999999994
      vertex 136.92499999999998 -115.16794919243112 -2.1099999999999994
    endloop
  endfacet
  facet normal 0.32143946530317763 -0.9469301294951002 0
    outer loop
      vertex 137.15963313526981 -115.05224093497743 -8.1
      vertex 137.40736190979493 -114.96814834742187 -2.1099999999999994
      vertex 137.15963313526981 -115.05224093497743 -2.1099999999999994
    endloop
  endfacet
  facet normal 0.19509032201610546 -0.980785280403235 0
    outer loop
      vertex 137.40736190979493 -114.96814834742187 -8.1
      vertex 137.6639476155599 -114.91711027725239 -2.1099999999999994
      vertex 137.40736190979493 -114.96814834742187 -2.1099999999999994
    endloop
  endfacet
  facet normal 0.065403129230169 -0.9978589232386018 0
    outer loop
      vertex 137.6639476155599 -114.91711027725239 -8.1
      vertex 137.92499999999998 -114.9 -2.1099999999999994
      vertex 137.6639476155599 -114.91711027725239 -2.1099999999999994
    endloop
  endfacet
  facet normal -0.065403129230169 -0.9978589232386018 0
    outer loop
      vertex 137.92499999999998 -114.9 -8.1
      vertex 138.18605238444007 -114.91711027725239 -2.1099999999999994
      vertex 137.92499999999998 -114.9 -2.1099999999999994
    endloop
  endfacet
  facet normal -0.19509032201610546 -0.980785280403235 0
    outer loop
      vertex 138.18605238444007 -114.91711027725239 -8.1
      vertex 138.44263809020504 -114.96814834742187 -2.1099999999999994
      vertex 138.18605238444007 -114.91711027725239 -2.1099999999999994
    endloop
  endfacet
  facet normal -0.4422886902189658 -0.8968727415327058 0
    outer loop
      vertex 138.69036686473015 -115.05224093497743 -8.1
      vertex 138.92499999999998 -115.16794919243112 -2.1099999999999994
      vertex 138.69036686473015 -115.05224093497743 -2.1099999999999994
    endloop
  endfacet
  facet normal -0.32143946530317763 -0.9469301294951002 0
    outer loop
      vertex 138.44263809020504 -114.96814834742187 -8.1
      vertex 138.69036686473015 -115.05224093497743 -2.1099999999999994
      vertex 138.44263809020504 -114.96814834742187 -2.1099999999999994
    endloop
  endfacet
  facet normal -0.8314696123025607 -0.5555702330195792 0
    outer loop
      vertex 139.51170668058245 -115.68247714198256 -8.1
      vertex 139.65705080756885 -115.9 -2.1099999999999994
      vertex 139.51170668058245 -115.68247714198256 -2.1099999999999994
    endloop
  endfacet
  facet normal -0.659345815100054 -0.7518398074789905 0
    outer loop
      vertex 139.14252285801743 -115.31329331941754 -8.1
      vertex 139.3392135623731 -115.48578643762691 -2.1099999999999994
      vertex 139.14252285801743 -115.31329331941754 -2.1099999999999994
    endloop
  endfacet
  facet normal -0.7518398074789937 -0.6593458151000502 0
    outer loop
      vertex 139.3392135623731 -115.48578643762691 -8.1
      vertex 139.51170668058245 -115.68247714198256 -2.1099999999999994
      vertex 139.3392135623731 -115.48578643762691 -2.1099999999999994
    endloop
  endfacet
  facet normal -0.946930129495128 -0.3214394653030959 0
    outer loop
      vertex 139.77275906502257 -116.13463313526982 -8.1
      vertex 139.85685165257811 -116.38236190979497 -2.1099999999999994
      vertex 139.77275906502257 -116.13463313526982 -2.1099999999999994
    endloop
  endfacet
  facet normal -0.8968727415326522 -0.4422886902190747 0
    outer loop
      vertex 139.65705080756885 -115.9 -8.1
      vertex 139.77275906502257 -116.13463313526982 -2.1099999999999994
      vertex 139.65705080756885 -115.9 -2.1099999999999994
    endloop
  endfacet
  facet normal -0.5555702330196167 -0.8314696123025356 0
    outer loop
      vertex 138.92499999999998 -115.16794919243112 -8.1
      vertex 139.14252285801743 -115.31329331941754 -2.1099999999999994
      vertex 138.92499999999998 -115.16794919243112 -2.1099999999999994
    endloop
  endfacet
  facet normal 0 0 -1
    outer loop
      vertex 136.70747714198254 -118.48670668058247 -2.1099999999999994
      vertex 136.51078643762688 -115.48578643762691 -2.1099999999999994
      vertex 136.70747714198254 -115.31329331941754 -2.1099999999999994
    endloop
  endfacet
  facet normal 0 0 -1
    outer loop
      vertex 136.92499999999998 -118.63205080756889 -2.1099999999999994
      vertex 136.70747714198254 -115.31329331941754 -2.1099999999999994
      vertex 136.92499999999998 -115.16794919243112 -2.1099999999999994
    endloop
  endfacet
  facet normal 0 0 -1
    outer loop
      vertex 137.15963313526981 -118.74775906502258 -2.1099999999999994
      vertex 136.92499999999998 -115.16794919243112 -2.1099999999999994
      vertex 137.15963313526981 -115.05224093497743 -2.1099999999999994
    endloop
  endfacet
  facet normal 0 0 -1
    outer loop
      vertex 137.40736190979493 -118.83185165257814 -2.1099999999999994
      vertex 137.15963313526981 -115.05224093497743 -2.1099999999999994
      vertex 137.40736190979493 -114.96814834742187 -2.1099999999999994
    endloop
  endfacet
  facet normal 0 0 -1
    outer loop
      vertex 137.6639476155599 -118.88288972274762 -2.1099999999999994
      vertex 137.40736190979493 -114.96814834742187 -2.1099999999999994
      vertex 137.6639476155599 -114.91711027725239 -2.1099999999999994
    endloop
  endfacet
  facet normal 0 0 -1
    outer loop
      vertex 137.92499999999998 -118.9 -2.1099999999999994
      vertex 137.6639476155599 -114.91711027725239 -2.1099999999999994
      vertex 137.92499999999998 -114.9 -2.1099999999999994
    endloop
  endfacet
  facet normal 0 0 -1
    outer loop
      vertex 138.18605238444007 -118.88288972274762 -2.1099999999999994
      vertex 137.92499999999998 -114.9 -2.1099999999999994
      vertex 138.18605238444007 -114.91711027725239 -2.1099999999999994
    endloop
  endfacet
  facet normal 0 0 -1
    outer loop
      vertex 138.44263809020504 -118.83185165257814 -2.1099999999999994
      vertex 138.18605238444007 -114.91711027725239 -2.1099999999999994
      vertex 138.44263809020504 -114.96814834742187 -2.1099999999999994
    endloop
  endfacet
  facet normal 0 0 -1
    outer loop
      vertex 138.69036686473015 -118.74775906502258 -2.1099999999999994
      vertex 138.44263809020504 -114.96814834742187 -2.1099999999999994
      vertex 138.69036686473015 -115.05224093497743 -2.1099999999999994
    endloop
  endfacet
  facet normal 0 0 -1
    outer loop
      vertex 138.92499999999998 -118.63205080756889 -2.1099999999999994
      vertex 138.69036686473015 -115.05224093497743 -2.1099999999999994
      vertex 138.92499999999998 -115.16794919243112 -2.1099999999999994
    endloop
  endfacet
  facet normal 0 0 -1
    outer loop
      vertex 139.14252285801743 -118.48670668058247 -2.1099999999999994
      vertex 138.92499999999998 -115.16794919243112 -2.1099999999999994
      vertex 139.14252285801743 -115.31329331941754 -2.1099999999999994
    endloop
  endfacet
  facet normal 0 0 -1
    outer loop
      vertex 139.3392135623731 -118.3142135623731 -2.1099999999999994
      vertex 139.14252285801743 -115.31329331941754 -2.1099999999999994
      vertex 139.3392135623731 -115.48578643762691 -2.1099999999999994
    endloop
  endfacet
  facet normal 0 0 -1
    outer loop
      vertex 139.51170668058245 -118.11752285801745 -2.1099999999999994
      vertex 139.3392135623731 -115.48578643762691 -2.1099999999999994
      vertex 139.51170668058245 -115.68247714198256 -2.1099999999999994
    endloop
  endfacet
  facet normal 0.442288690219009 0.8968727415326845 0
    outer loop
      vertex 149.15 -129.97224318643356 0
      vertex 149.15 -129.97224318643356 4.4
      vertex 149.34943816497935 -130.0705952052692 0
    endloop
  endfacet
  facet normal 0.321439465303123 0.9469301294951188 0
    outer loop
      vertex 149.34943816497935 -130.0705952052692 0
      vertex 149.34943816497935 -130.0705952052692 4.4
      vertex 149.5600076233257 -130.14207390469142 0
    endloop
  endfacet
  facet normal 0.1950903220160992 0.9807852804032362 0
    outer loop
      vertex 149.5600076233257 -130.14207390469142 0
      vertex 149.5600076233257 -130.14207390469142 4.4
      vertex 149.7781054732259 -130.18545626433547 0
    endloop
  endfacet
  facet normal 0.06540312923011986 0.997858923238605 0
    outer loop
      vertex 149.7781054732259 -130.18545626433547 0
      vertex 149.7781054732259 -130.18545626433547 4.4
      vertex 150 -130.2 0
    endloop
  endfacet
  facet normal -0.06540312923011986 0.997858923238605 0
    outer loop
      vertex 150 -130.2 0
      vertex 150 -130.2 4.4
      vertex 150.2218945267741 -130.18545626433547 0
    endloop
  endfacet
  facet normal -0.1950903220160992 0.9807852804032362 0
    outer loop
      vertex 150.2218945267741 -130.18545626433547 0
      vertex 150.2218945267741 -130.18545626433547 4.4
      vertex 150.4399923766743 -130.14207390469142 0
    endloop
  endfacet
  facet normal -0.321439465303123 0.9469301294951188 0
    outer loop
      vertex 150.4399923766743 -130.14207390469142 0
      vertex 150.4399923766743 -130.14207390469142 4.4
      vertex 150.65056183502065 -130.0705952052692 0
    endloop
  endfacet
  facet normal -0.442288690219009 0.8968727415326845 0
    outer loop
      vertex 150.65056183502065 -130.0705952052692 0
      vertex 150.65056183502065 -130.0705952052692 4.4
      vertex 150.85 -129.97224318643356 0
    endloop
  endfacet
  facet normal 0.6593458151001317 0.7518398074789223 0
    outer loop
      vertex 148.79791847198288 -129.70208152801712 0
      vertex 148.79791847198288 -129.70208152801712 4.4
      vertex 148.96510557068518 -129.8487006784951 0
    endloop
  endfacet
  facet normal 0.7518398074789223 0.6593458151001317 0
    outer loop
      vertex 148.79791847198288 -129.70208152801712 0
      vertex 148.6512993215049 -129.53489442931482 0
      vertex 148.6512993215049 -129.53489442931482 4.4
    endloop
  endfacet
  facet normal 0.8314696123025291 0.5555702330196263 0
    outer loop
      vertex 148.6512993215049 -129.53489442931482 0
      vertex 148.52775681356644 -129.35 0
      vertex 148.52775681356644 -129.35 4.4
    endloop
  endfacet
  facet normal 0.8968727415326845 0.442288690219009 0
    outer loop
      vertex 148.52775681356644 -129.35 0
      vertex 148.4294047947308 -129.15056183502065 0
      vertex 148.4294047947308 -129.15056183502065 4.4
    endloop
  endfacet
  facet normal 0.9469301294951188 0.321439465303123 0
    outer loop
      vertex 148.4294047947308 -129.15056183502065 0
      vertex 148.35792609530858 -128.9399923766743 0
      vertex 148.35792609530858 -128.9399923766743 4.4
    endloop
  endfacet
  facet normal 0.5555702330196263 0.8314696123025291 0
    outer loop
      vertex 148.96510557068518 -129.8487006784951 0
      vertex 148.96510557068518 -129.8487006784951 4.4
      vertex 149.15 -129.97224318643356 0
    endloop
  endfacet
  facet normal 0.9807852804032362 0.1950903220160992 0
    outer loop
      vertex 148.35792609530858 -128.9399923766743 0
      vertex 148.31454373566453 -128.7218945267741 0
      vertex 148.31454373566453 -128.7218945267741 4.4
    endloop
  endfacet
  facet normal 0.997858923238605 0.06540312923011986 0
    outer loop
      vertex 148.31454373566453 -128.7218945267741 0
      vertex 148.3 -128.5 0
      vertex 148.3 -128.5 4.4
    endloop
  endfacet
  facet normal 0.997858923238605 -0.06540312923011986 0
    outer loop
      vertex 148.3 -128.5 0
      vertex 148.31454373566453 -128.2781054732259 0
      vertex 148.31454373566453 -128.2781054732259 4.4
    endloop
  endfacet
  facet normal 0.9807852804032362 -0.1950903220160992 0
    outer loop
      vertex 148.31454373566453 -128.2781054732259 0
      vertex 148.35792609530858 -128.0600076233257 0
      vertex 148.35792609530858 -128.0600076233257 4.4
    endloop
  endfacet
  facet normal 0.9469301294951188 -0.321439465303123 0
    outer loop
      vertex 148.35792609530858 -128.0600076233257 0
      vertex 148.4294047947308 -127.84943816497935 0
      vertex 148.4294047947308 -127.84943816497935 4.4
    endloop
  endfacet
  facet normal 0.8968727415326845 -0.442288690219009 0
    outer loop
      vertex 148.4294047947308 -127.84943816497935 0
      vertex 148.52775681356644 -127.65 0
      vertex 148.52775681356644 -127.65 4.4
    endloop
  endfacet
  facet normal 0.8314696123025291 -0.5555702330196263 0
    outer loop
      vertex 148.52775681356644 -127.65 0
      vertex 148.6512993215049 -127.46510557068518 0
      vertex 148.6512993215049 -127.46510557068518 4.4
    endloop
  endfacet
  facet normal 0.7518398074789501 -0.6593458151001 0
    outer loop
      vertex 148.6512993215049 -127.46510557068518 0
      vertex 148.79791847198288 -127.29791847198287 0
      vertex 148.79791847198288 -127.29791847198287 4.4
    endloop
  endfacet
  facet normal 0.6593458151000955 -0.751839807478954 0
    outer loop
      vertex 148.79791847198288 -127.29791847198287 0
      vertex 148.96510557068518 -127.1512993215049 0
      vertex 148.96510557068518 -127.1512993215049 4.4
    endloop
  endfacet
  facet normal 0.5555702330195822 -0.8314696123025587 0
    outer loop
      vertex 148.96510557068518 -127.1512993215049 0
      vertex 149.15 -127.02775681356646 0
      vertex 149.15 -127.02775681356646 4.4
    endloop
  endfacet
  facet normal 0.442288690219009 -0.8968727415326845 0
    outer loop
      vertex 149.15 -127.02775681356646 0
      vertex 149.34943816497935 -126.92940479473081 0
      vertex 149.34943816497935 -126.92940479473081 4.4
    endloop
  endfacet
  facet normal 0.3214394653031803 -0.9469301294950994 0
    outer loop
      vertex 149.34943816497935 -126.92940479473081 0
      vertex 149.5600076233257 -126.85792609530858 0
      vertex 149.5600076233257 -126.85792609530858 4.4
    endloop
  endfacet
  facet normal 0.1950903220160992 -0.9807852804032362 0
    outer loop
      vertex 149.5600076233257 -126.85792609530858 0
      vertex 149.7781054732259 -126.81454373566453 0
      vertex 149.7781054732259 -126.81454373566453 4.4
    endloop
  endfacet
  facet normal -0.5555702330196263 0.8314696123025291 0
    outer loop
      vertex 150.85 -129.97224318643356 0
      vertex 150.85 -129.97224318643356 4.4
      vertex 151.03489442931482 -129.8487006784951 0
    endloop
  endfacet
  facet normal -0.6593458151001317 0.7518398074789223 0
    outer loop
      vertex 151.03489442931482 -129.8487006784951 0
      vertex 151.03489442931482 -129.8487006784951 4.4
      vertex 151.20208152801712 -129.70208152801712 0
    endloop
  endfacet
  facet normal -0.7518398074789223 0.6593458151001317 0
    outer loop
      vertex 151.20208152801712 -129.70208152801712 0
      vertex 151.20208152801712 -129.70208152801712 4.4
      vertex 151.3487006784951 -129.53489442931482 0
    endloop
  endfacet
  facet normal -0.8314696123025291 0.5555702330196263 0
    outer loop
      vertex 151.3487006784951 -129.53489442931482 0
      vertex 151.3487006784951 -129.53489442931482 4.4
      vertex 151.47224318643356 -129.35 0
    endloop
  endfacet
  facet normal -0.8968727415326845 0.442288690219009 0
    outer loop
      vertex 151.47224318643356 -129.35 0
      vertex 151.47224318643356 -129.35 4.4
      vertex 151.5705952052692 -129.15056183502065 0
    endloop
  endfacet
  facet normal -0.9469301294951188 0.321439465303123 0
    outer loop
      vertex 151.5705952052692 -129.15056183502065 0
      vertex 151.5705952052692 -129.15056183502065 4.4
      vertex 151.64207390469142 -128.9399923766743 0
    endloop
  endfacet
  facet normal -0.9807852804032362 0.1950903220160992 0
    outer loop
      vertex 151.64207390469142 -128.9399923766743 0
      vertex 151.64207390469142 -128.9399923766743 4.4
      vertex 151.68545626433547 -128.7218945267741 0
    endloop
  endfacet
  facet normal -0.997858923238605 0.06540312923011986 0
    outer loop
      vertex 151.68545626433547 -128.7218945267741 0
      vertex 151.68545626433547 -128.7218945267741 4.4
      vertex 151.7 -128.5 0
    endloop
  endfacet
  facet normal -0.997858923238605 -0.06540312923011986 0
    outer loop
      vertex 151.7 -128.5 0
      vertex 151.7 -128.5 4.4
      vertex 151.68545626433547 -128.2781054732259 0
    endloop
  endfacet
  facet normal -0.9807852804032362 -0.1950903220160992 0
    outer loop
      vertex 151.68545626433547 -128.2781054732259 0
      vertex 151.68545626433547 -128.2781054732259 4.4
      vertex 151.64207390469142 -128.0600076233257 0
    endloop
  endfacet
  facet normal -0.9469301294951188 -0.321439465303123 0
    outer loop
      vertex 151.64207390469142 -128.0600076233257 0
      vertex 151.64207390469142 -128.0600076233257 4.4
      vertex 151.5705952052692 -127.84943816497935 0
    endloop
  endfacet
  facet normal -0.8968727415326845 -0.442288690219009 0
    outer loop
      vertex 151.5705952052692 -127.84943816497935 0
      vertex 151.5705952052692 -127.84943816497935 4.4
      vertex 151.47224318643356 -127.65 0
    endloop
  endfacet
  facet normal 0.06540312923018349 -0.9978589232386008 0
    outer loop
      vertex 149.7781054732259 -126.81454373566453 0
      vertex 150 -126.8 0
      vertex 150 -126.8 4.4
    endloop
  endfacet
  facet normal -0.06540312923018349 -0.9978589232386008 0
    outer loop
      vertex 150 -126.8 0
      vertex 150.2218945267741 -126.81454373566453 0
      vertex 150.2218945267741 -126.81454373566453 4.4
    endloop
  endfacet
  facet normal -0.1950903220160992 -0.9807852804032362 0
    outer loop
      vertex 150.2218945267741 -126.81454373566453 0
      vertex 150.4399923766743 -126.85792609530858 0
      vertex 150.4399923766743 -126.85792609530858 4.4
    endloop
  endfacet
  facet normal -0.7518398074789501 -0.6593458151001 0
    outer loop
      vertex 151.3487006784951 -127.46510557068518 0
      vertex 151.3487006784951 -127.46510557068518 4.4
      vertex 151.20208152801712 -127.29791847198287 0
    endloop
  endfacet
  facet normal -0.6593458151000955 -0.751839807478954 0
    outer loop
      vertex 151.03489442931482 -127.1512993215049 0
      vertex 151.20208152801712 -127.29791847198287 0
      vertex 151.20208152801712 -127.29791847198287 4.4
    endloop
  endfacet
  facet normal -0.3214394653031803 -0.9469301294950994 0
    outer loop
      vertex 150.65056183502065 -126.92940479473081 0
      vertex 150.65056183502065 -126.92940479473081 4.4
      vertex 150.4399923766743 -126.85792609530858 0
    endloop
  endfacet
  facet normal -0.442288690219009 -0.8968727415326845 0
    outer loop
      vertex 150.65056183502065 -126.92940479473081 0
      vertex 150.85 -127.02775681356646 0
      vertex 150.85 -127.02775681356646 4.4
    endloop
  endfacet
  facet normal -0.5555702330195822 -0.8314696123025587 0
    outer loop
      vertex 151.03489442931482 -127.1512993215049 0
      vertex 151.03489442931482 -127.1512993215049 4.4
      vertex 150.85 -127.02775681356646 0
    endloop
  endfacet
  facet normal -0.8314696123025291 -0.5555702330196263 0
    outer loop
      vertex 151.3487006784951 -127.46510557068518 0
      vertex 151.47224318643356 -127.65 0
      vertex 151.47224318643356 -127.65 4.4
    endloop
  endfacet
  facet normal 0.442288690219009 0.8968727415326845 0
    outer loop
      vertex 149.34943816497935 -130.0705952052692 0
      vertex 149.15 -129.97224318643356 4.4
      vertex 149.34943816497935 -130.0705952052692 4.4
    endloop
  endfacet
  facet normal 0.321439465303123 0.9469301294951188 0
    outer loop
      vertex 149.5600076233257 -130.14207390469142 0
      vertex 149.34943816497935 -130.0705952052692 4.4
      vertex 149.5600076233257 -130.14207390469142 4.4
    endloop
  endfacet
  facet normal 0.1950903220160992 0.9807852804032362 0
    outer loop
      vertex 149.7781054732259 -130.18545626433547 0
      vertex 149.5600076233257 -130.14207390469142 4.4
      vertex 149.7781054732259 -130.18545626433547 4.4
    endloop
  endfacet
  facet normal 0.06540312923011986 0.997858923238605 0
    outer loop
      vertex 150 -130.2 0
      vertex 149.7781054732259 -130.18545626433547 4.4
      vertex 150 -130.2 4.4
    endloop
  endfacet
  facet normal -0.06540312923011986 0.997858923238605 0
    outer loop
      vertex 150.2218945267741 -130.18545626433547 0
      vertex 150 -130.2 4.4
      vertex 150.2218945267741 -130.18545626433547 4.4
    endloop
  endfacet
  facet normal -0.1950903220160992 0.9807852804032362 0
    outer loop
      vertex 150.4399923766743 -130.14207390469142 0
      vertex 150.2218945267741 -130.18545626433547 4.4
      vertex 150.4399923766743 -130.14207390469142 4.4
    endloop
  endfacet
  facet normal -0.321439465303123 0.9469301294951188 0
    outer loop
      vertex 150.65056183502065 -130.0705952052692 0
      vertex 150.4399923766743 -130.14207390469142 4.4
      vertex 150.65056183502065 -130.0705952052692 4.4
    endloop
  endfacet
  facet normal -0.442288690219009 0.8968727415326845 0
    outer loop
      vertex 150.85 -129.97224318643356 0
      vertex 150.65056183502065 -130.0705952052692 4.4
      vertex 150.85 -129.97224318643356 4.4
    endloop
  endfacet
  facet normal 0.6593458151001317 0.7518398074789223 0
    outer loop
      vertex 148.96510557068518 -129.8487006784951 0
      vertex 148.79791847198288 -129.70208152801712 4.4
      vertex 148.96510557068518 -129.8487006784951 4.4
    endloop
  endfacet
  facet normal 0.7518398074789223 0.6593458151001317 0
    outer loop
      vertex 148.79791847198288 -129.70208152801712 0
      vertex 148.6512993215049 -129.53489442931482 4.4
      vertex 148.79791847198288 -129.70208152801712 4.4
    endloop
  endfacet
  facet normal 0.8314696123025291 0.5555702330196263 0
    outer loop
      vertex 148.6512993215049 -129.53489442931482 0
      vertex 148.52775681356644 -129.35 4.4
      vertex 148.6512993215049 -129.53489442931482 4.4
    endloop
  endfacet
  facet normal 0.8968727415326845 0.442288690219009 0
    outer loop
      vertex 148.52775681356644 -129.35 0
      vertex 148.4294047947308 -129.15056183502065 4.4
      vertex 148.52775681356644 -129.35 4.4
    endloop
  endfacet
  facet normal 0.9807852804032362 0.1950903220160992 0
    outer loop
      vertex 148.35792609530858 -128.9399923766743 0
      vertex 148.31454373566453 -128.7218945267741 4.4
      vertex 148.35792609530858 -128.9399923766743 4.4
    endloop
  endfacet
  facet normal 0.9469301294951188 0.321439465303123 0
    outer loop
      vertex 148.4294047947308 -129.15056183502065 0
      vertex 148.35792609530858 -128.9399923766743 4.4
      vertex 148.4294047947308 -129.15056183502065 4.4
    endloop
  endfacet
  facet normal 0.5555702330196263 0.8314696123025291 0
    outer loop
      vertex 149.15 -129.97224318643356 0
      vertex 148.96510557068518 -129.8487006784951 4.4
      vertex 149.15 -129.97224318643356 4.4
    endloop
  endfacet
  facet normal 0.997858923238605 0.06540312923011986 0
    outer loop
      vertex 148.31454373566453 -128.7218945267741 0
      vertex 148.3 -128.5 4.4
      vertex 148.31454373566453 -128.7218945267741 4.4
    endloop
  endfacet
  facet normal 0.997858923238605 -0.06540312923011986 0
    outer loop
      vertex 148.3 -128.5 0
      vertex 148.31454373566453 -128.2781054732259 4.4
      vertex 148.3 -128.5 4.4
    endloop
  endfacet
  facet normal 0.9807852804032362 -0.1950903220160992 0
    outer loop
      vertex 148.31454373566453 -128.2781054732259 0
      vertex 148.35792609530858 -128.0600076233257 4.4
      vertex 148.31454373566453 -128.2781054732259 4.4
    endloop
  endfacet
  facet normal 0.9469301294951188 -0.321439465303123 0
    outer loop
      vertex 148.35792609530858 -128.0600076233257 0
      vertex 148.4294047947308 -127.84943816497935 4.4
      vertex 148.35792609530858 -128.0600076233257 4.4
    endloop
  endfacet
  facet normal 0.8968727415326845 -0.442288690219009 0
    outer loop
      vertex 148.4294047947308 -127.84943816497935 0
      vertex 148.52775681356644 -127.65 4.4
      vertex 148.4294047947308 -127.84943816497935 4.4
    endloop
  endfacet
  facet normal 0.8314696123025291 -0.5555702330196263 0
    outer loop
      vertex 148.52775681356644 -127.65 0
      vertex 148.6512993215049 -127.46510557068518 4.4
      vertex 148.52775681356644 -127.65 4.4
    endloop
  endfacet
  facet normal 0.7518398074789501 -0.6593458151001 0
    outer loop
      vertex 148.6512993215049 -127.46510557068518 0
      vertex 148.79791847198288 -127.29791847198287 4.4
      vertex 148.6512993215049 -127.46510557068518 4.4
    endloop
  endfacet
  facet normal 0.6593458151000955 -0.751839807478954 0
    outer loop
      vertex 148.79791847198288 -127.29791847198287 0
      vertex 148.96510557068518 -127.1512993215049 4.4
      vertex 148.79791847198288 -127.29791847198287 4.4
    endloop
  endfacet
  facet normal 0.5555702330195822 -0.8314696123025587 0
    outer loop
      vertex 148.96510557068518 -127.1512993215049 0
      vertex 149.15 -127.02775681356646 4.4
      vertex 148.96510557068518 -127.1512993215049 4.4
    endloop
  endfacet
  facet normal 0.442288690219009 -0.8968727415326845 0
    outer loop
      vertex 149.15 -127.02775681356646 0
      vertex 149.34943816497935 -126.92940479473081 4.4
      vertex 149.15 -127.02775681356646 4.4
    endloop
  endfacet
  facet normal 0.3214394653031803 -0.9469301294950994 0
    outer loop
      vertex 149.34943816497935 -126.92940479473081 0
      vertex 149.5600076233257 -126.85792609530858 4.4
      vertex 149.34943816497935 -126.92940479473081 4.4
    endloop
  endfacet
  facet normal 0.1950903220160992 -0.9807852804032362 0
    outer loop
      vertex 149.5600076233257 -126.85792609530858 0
      vertex 149.7781054732259 -126.81454373566453 4.4
      vertex 149.5600076233257 -126.85792609530858 4.4
    endloop
  endfacet
  facet normal -0.5555702330196263 0.8314696123025291 0
    outer loop
      vertex 151.03489442931482 -129.8487006784951 0
      vertex 150.85 -129.97224318643356 4.4
      vertex 151.03489442931482 -129.8487006784951 4.4
    endloop
  endfacet
  facet normal -0.6593458151001317 0.7518398074789223 0
    outer loop
      vertex 151.20208152801712 -129.70208152801712 0
      vertex 151.03489442931482 -129.8487006784951 4.4
      vertex 151.20208152801712 -129.70208152801712 4.4
    endloop
  endfacet
  facet normal -0.7518398074789223 0.6593458151001317 0
    outer loop
      vertex 151.3487006784951 -129.53489442931482 0
      vertex 151.20208152801712 -129.70208152801712 4.4
      vertex 151.3487006784951 -129.53489442931482 4.4
    endloop
  endfacet
  facet normal -0.8314696123025291 0.5555702330196263 0
    outer loop
      vertex 151.47224318643356 -129.35 0
      vertex 151.3487006784951 -129.53489442931482 4.4
      vertex 151.47224318643356 -129.35 4.4
    endloop
  endfacet
  facet normal -0.8968727415326845 0.442288690219009 0
    outer loop
      vertex 151.5705952052692 -129.15056183502065 0
      vertex 151.47224318643356 -129.35 4.4
      vertex 151.5705952052692 -129.15056183502065 4.4
    endloop
  endfacet
  facet normal -0.9469301294951188 0.321439465303123 0
    outer loop
      vertex 151.64207390469142 -128.9399923766743 0
      vertex 151.5705952052692 -129.15056183502065 4.4
      vertex 151.64207390469142 -128.9399923766743 4.4
    endloop
  endfacet
  facet normal -0.9807852804032362 0.1950903220160992 0
    outer loop
      vertex 151.68545626433547 -128.7218945267741 0
      vertex 151.64207390469142 -128.9399923766743 4.4
      vertex 151.68545626433547 -128.7218945267741 4.4
    endloop
  endfacet
  facet normal -0.997858923238605 0.06540312923011986 0
    outer loop
      vertex 151.7 -128.5 0
      vertex 151.68545626433547 -128.7218945267741 4.4
      vertex 151.7 -128.5 4.4
    endloop
  endfacet
  facet normal -0.997858923238605 -0.06540312923011986 0
    outer loop
      vertex 151.68545626433547 -128.2781054732259 0
      vertex 151.7 -128.5 4.4
      vertex 151.68545626433547 -128.2781054732259 4.4
    endloop
  endfacet
  facet normal -0.9807852804032362 -0.1950903220160992 0
    outer loop
      vertex 151.64207390469142 -128.0600076233257 0
      vertex 151.68545626433547 -128.2781054732259 4.4
      vertex 151.64207390469142 -128.0600076233257 4.4
    endloop
  endfacet
  facet normal -0.9469301294951188 -0.321439465303123 0
    outer loop
      vertex 151.5705952052692 -127.84943816497935 0
      vertex 151.64207390469142 -128.0600076233257 4.4
      vertex 151.5705952052692 -127.84943816497935 4.4
    endloop
  endfacet
  facet normal 0.06540312923018349 -0.9978589232386008 0
    outer loop
      vertex 149.7781054732259 -126.81454373566453 0
      vertex 150 -126.8 4.4
      vertex 149.7781054732259 -126.81454373566453 4.4
    endloop
  endfacet
  facet normal -0.06540312923018349 -0.9978589232386008 0
    outer loop
      vertex 150 -126.8 0
      vertex 150.2218945267741 -126.81454373566453 4.4
      vertex 150 -126.8 4.4
    endloop
  endfacet
  facet normal -0.3214394653031803 -0.9469301294950994 0
    outer loop
      vertex 150.4399923766743 -126.85792609530858 0
      vertex 150.65056183502065 -126.92940479473081 4.4
      vertex 150.4399923766743 -126.85792609530858 4.4
    endloop
  endfacet
  facet normal -0.1950903220160992 -0.9807852804032362 0
    outer loop
      vertex 150.2218945267741 -126.81454373566453 0
      vertex 150.4399923766743 -126.85792609530858 4.4
      vertex 150.2218945267741 -126.81454373566453 4.4
    endloop
  endfacet
  facet normal -0.6593458151000955 -0.751839807478954 0
    outer loop
      vertex 151.03489442931482 -127.1512993215049 0
      vertex 151.20208152801712 -127.29791847198287 4.4
      vertex 151.03489442931482 -127.1512993215049 4.4
    endloop
  endfacet
  facet normal -0.7518398074789501 -0.6593458151001 0
    outer loop
      vertex 151.20208152801712 -127.29791847198287 0
      vertex 151.3487006784951 -127.46510557068518 4.4
      vertex 151.20208152801712 -127.29791847198287 4.4
    endloop
  endfacet
  facet normal -0.442288690219009 -0.8968727415326845 0
    outer loop
      vertex 150.65056183502065 -126.92940479473081 0
      vertex 150.85 -127.02775681356646 4.4
      vertex 150.65056183502065 -126.92940479473081 4.4
    endloop
  endfacet
  facet normal -0.5555702330195822 -0.8314696123025587 0
    outer loop
      vertex 150.85 -127.02775681356646 0
      vertex 151.03489442931482 -127.1512993215049 4.4
      vertex 150.85 -127.02775681356646 4.4
    endloop
  endfacet
  facet normal -0.8968727415326845 -0.442288690219009 0
    outer loop
      vertex 151.47224318643356 -127.65 0
      vertex 151.5705952052692 -127.84943816497935 4.4
      vertex 151.47224318643356 -127.65 4.4
    endloop
  endfacet
  facet normal -0.8314696123025291 -0.5555702330196263 0
    outer loop
      vertex 151.3487006784951 -127.46510557068518 0
      vertex 151.47224318643356 -127.65 4.4
      vertex 151.3487006784951 -127.46510557068518 4.4
    endloop
  endfacet
  facet normal 0.4422886902189963 0.8968727415326907 0
    outer loop
      vertex 49.34943816497935 -130.0705952052692 0
      vertex 49.15 -129.97224318643356 0
      vertex 49.15 -129.97224318643356 4.4
    endloop
  endfacet
  facet normal 0.3214394653031035 0.9469301294951254 0
    outer loop
      vertex 49.34943816497935 -130.0705952052692 0
      vertex 49.34943816497935 -130.0705952052692 4.4
      vertex 49.56000762332572 -130.14207390469142 0
    endloop
  endfacet
  facet normal 0.19509032201610532 0.980785280403235 0
    outer loop
      vertex 49.56000762332572 -130.14207390469142 0
      vertex 49.56000762332572 -130.14207390469142 4.4
      vertex 49.778105473225914 -130.18545626433547 0
    endloop
  endfacet
  facet normal 0.06540312923012195 0.9978589232386049 0
    outer loop
      vertex 49.778105473225914 -130.18545626433547 0
      vertex 49.778105473225914 -130.18545626433547 4.4
      vertex 50 -130.2 0
    endloop
  endfacet
  facet normal -0.06540312923012195 0.9978589232386049 0
    outer loop
      vertex 50 -130.2 0
      vertex 50 -130.2 4.4
      vertex 50.221894526774086 -130.18545626433547 0
    endloop
  endfacet
  facet normal -0.19509032201610532 0.980785280403235 0
    outer loop
      vertex 50.221894526774086 -130.18545626433547 0
      vertex 50.221894526774086 -130.18545626433547 4.4
      vertex 50.43999237667428 -130.14207390469142 0
    endloop
  endfacet
  facet normal -0.3214394653031035 0.9469301294951254 0
    outer loop
      vertex 50.43999237667428 -130.14207390469142 0
      vertex 50.43999237667428 -130.14207390469142 4.4
      vertex 50.65056183502065 -130.0705952052692 0
    endloop
  endfacet
  facet normal -0.4422886902189963 0.8968727415326907 0
    outer loop
      vertex 50.65056183502065 -130.0705952052692 0
      vertex 50.65056183502065 -130.0705952052692 4.4
      vertex 50.85 -129.97224318643356 0
    endloop
  endfacet
  facet normal 0.7518398074789698 0.6593458151000774 0
    outer loop
      vertex 48.6512993215049 -129.53489442931482 0
      vertex 48.6512993215049 -129.53489442931482 4.4
      vertex 48.79791847198287 -129.70208152801712 0
    endloop
  endfacet
  facet normal 0.8968727415326845 0.442288690219009 0
    outer loop
      vertex 48.527756813566455 -129.35 0
      vertex 48.429404794730814 -129.15056183502065 0
      vertex 48.429404794730814 -129.15056183502065 4.4
    endloop
  endfacet
  facet normal 0.8314696123025439 0.5555702330196042 0
    outer loop
      vertex 48.6512993215049 -129.53489442931482 0
      vertex 48.527756813566455 -129.35 0
      vertex 48.527756813566455 -129.35 4.4
    endloop
  endfacet
  facet normal 0.9469301294950994 0.3214394653031803 0
    outer loop
      vertex 48.357926095308585 -128.9399923766743 0
      vertex 48.357926095308585 -128.9399923766743 4.4
      vertex 48.429404794730814 -129.15056183502065 0
    endloop
  endfacet
  facet normal 0.6593458151001158 0.7518398074789362 0
    outer loop
      vertex 48.965105570685175 -129.8487006784951 0
      vertex 48.79791847198287 -129.70208152801712 0
      vertex 48.79791847198287 -129.70208152801712 4.4
    endloop
  endfacet
  facet normal 0.5555702330196263 0.8314696123025291 0
    outer loop
      vertex 48.965105570685175 -129.8487006784951 0
      vertex 48.965105570685175 -129.8487006784951 4.4
      vertex 49.15 -129.97224318643356 0
    endloop
  endfacet
  facet normal 0.9807852804032301 0.19509032201612997 0
    outer loop
      vertex 48.357926095308585 -128.9399923766743 0
      vertex 48.31454373566452 -128.7218945267741 0
      vertex 48.31454373566452 -128.7218945267741 4.4
    endloop
  endfacet
  facet normal 0.9978589232386029 0.06540312923015168 0
    outer loop
      vertex 48.31454373566452 -128.7218945267741 0
      vertex 48.3 -128.5 0
      vertex 48.3 -128.5 4.4
    endloop
  endfacet
  facet normal 0.9978589232386029 -0.06540312923015168 0
    outer loop
      vertex 48.3 -128.5 0
      vertex 48.31454373566452 -128.2781054732259 0
      vertex 48.31454373566452 -128.2781054732259 4.4
    endloop
  endfacet
  facet normal 0.9807852804032301 -0.19509032201612997 0
    outer loop
      vertex 48.31454373566452 -128.2781054732259 0
      vertex 48.357926095308585 -128.0600076233257 0
      vertex 48.357926095308585 -128.0600076233257 4.4
    endloop
  endfacet
  facet normal 0.9469301294950994 -0.3214394653031803 0
    outer loop
      vertex 48.357926095308585 -128.0600076233257 0
      vertex 48.429404794730814 -127.84943816497935 0
      vertex 48.429404794730814 -127.84943816497935 4.4
    endloop
  endfacet
  facet normal 0.8968727415326845 -0.442288690219009 0
    outer loop
      vertex 48.429404794730814 -127.84943816497935 0
      vertex 48.527756813566455 -127.65 0
      vertex 48.527756813566455 -127.65 4.4
    endloop
  endfacet
  facet normal 0.8314696123025439 -0.5555702330196042 0
    outer loop
      vertex 48.527756813566455 -127.65 0
      vertex 48.6512993215049 -127.46510557068518 0
      vertex 48.6512993215049 -127.46510557068518 4.4
    endloop
  endfacet
  facet normal 0.7518398074789976 -0.6593458151000458 0
    outer loop
      vertex 48.6512993215049 -127.46510557068518 0
      vertex 48.79791847198287 -127.29791847198287 0
      vertex 48.79791847198287 -127.29791847198287 4.4
    endloop
  endfacet
  facet normal 0.6593458151000797 -0.7518398074789678 0
    outer loop
      vertex 48.79791847198287 -127.29791847198287 0
      vertex 48.965105570685175 -127.1512993215049 0
      vertex 48.965105570685175 -127.1512993215049 4.4
    endloop
  endfacet
  facet normal 0.5555702330195822 -0.8314696123025587 0
    outer loop
      vertex 48.965105570685175 -127.1512993215049 0
      vertex 49.15 -127.02775681356646 0
      vertex 49.15 -127.02775681356646 4.4
    endloop
  endfacet
  facet normal 0.4422886902189963 -0.8968727415326907 0
    outer loop
      vertex 49.15 -127.02775681356646 0
      vertex 49.34943816497935 -126.92940479473081 0
      vertex 49.34943816497935 -126.92940479473081 4.4
    endloop
  endfacet
  facet normal 0.3214394653031608 -0.946930129495106 0
    outer loop
      vertex 49.34943816497935 -126.92940479473081 0
      vertex 49.56000762332572 -126.85792609530858 0
      vertex 49.56000762332572 -126.85792609530858 4.4
    endloop
  endfacet
  facet normal -0.5555702330196263 0.8314696123025291 0
    outer loop
      vertex 50.85 -129.97224318643356 0
      vertex 50.85 -129.97224318643356 4.4
      vertex 51.034894429314825 -129.8487006784951 0
    endloop
  endfacet
  facet normal -0.6593458151001158 0.7518398074789362 0
    outer loop
      vertex 51.034894429314825 -129.8487006784951 0
      vertex 51.034894429314825 -129.8487006784951 4.4
      vertex 51.20208152801713 -129.70208152801712 0
    endloop
  endfacet
  facet normal -0.7518398074789698 0.6593458151000774 0
    outer loop
      vertex 51.20208152801713 -129.70208152801712 0
      vertex 51.20208152801713 -129.70208152801712 4.4
      vertex 51.3487006784951 -129.53489442931482 0
    endloop
  endfacet
  facet normal -0.8314696123025439 0.5555702330196042 0
    outer loop
      vertex 51.3487006784951 -129.53489442931482 0
      vertex 51.3487006784951 -129.53489442931482 4.4
      vertex 51.472243186433545 -129.35 0
    endloop
  endfacet
  facet normal -0.8968727415326845 0.442288690219009 0
    outer loop
      vertex 51.472243186433545 -129.35 0
      vertex 51.472243186433545 -129.35 4.4
      vertex 51.570595205269186 -129.15056183502065 0
    endloop
  endfacet
  facet normal -0.9469301294950994 0.3214394653031803 0
    outer loop
      vertex 51.570595205269186 -129.15056183502065 0
      vertex 51.570595205269186 -129.15056183502065 4.4
      vertex 51.642073904691415 -128.9399923766743 0
    endloop
  endfacet
  facet normal -0.9807852804032301 0.19509032201612997 0
    outer loop
      vertex 51.642073904691415 -128.9399923766743 0
      vertex 51.642073904691415 -128.9399923766743 4.4
      vertex 51.68545626433548 -128.7218945267741 0
    endloop
  endfacet
  facet normal -0.9978589232386029 0.06540312923015168 0
    outer loop
      vertex 51.68545626433548 -128.7218945267741 0
      vertex 51.68545626433548 -128.7218945267741 4.4
      vertex 51.7 -128.5 0
    endloop
  endfacet
  facet normal -0.9978589232386029 -0.06540312923015168 0
    outer loop
      vertex 51.7 -128.5 0
      vertex 51.7 -128.5 4.4
      vertex 51.68545626433548 -128.2781054732259 0
    endloop
  endfacet
  facet normal -0.9807852804032301 -0.19509032201612997 0
    outer loop
      vertex 51.68545626433548 -128.2781054732259 0
      vertex 51.68545626433548 -128.2781054732259 4.4
      vertex 51.642073904691415 -128.0600076233257 0
    endloop
  endfacet
  facet normal -0.9469301294950994 -0.3214394653031803 0
    outer loop
      vertex 51.642073904691415 -128.0600076233257 0
      vertex 51.642073904691415 -128.0600076233257 4.4
      vertex 51.570595205269186 -127.84943816497935 0
    endloop
  endfacet
  facet normal -0.8968727415326845 -0.442288690219009 0
    outer loop
      vertex 51.570595205269186 -127.84943816497935 0
      vertex 51.570595205269186 -127.84943816497935 4.4
      vertex 51.472243186433545 -127.65 0
    endloop
  endfacet
  facet normal 0.19509032201610532 -0.980785280403235 0
    outer loop
      vertex 49.56000762332572 -126.85792609530858 0
      vertex 49.778105473225914 -126.81454373566453 0
      vertex 49.778105473225914 -126.81454373566453 4.4
    endloop
  endfacet
  facet normal 0.06540312923018558 -0.9978589232386007 0
    outer loop
      vertex 49.778105473225914 -126.81454373566453 0
      vertex 50 -126.8 0
      vertex 50 -126.8 4.4
    endloop
  endfacet
  facet normal -0.06540312923018558 -0.9978589232386007 0
    outer loop
      vertex 50 -126.8 0
      vertex 50.221894526774086 -126.81454373566453 0
      vertex 50.221894526774086 -126.81454373566453 4.4
    endloop
  endfacet
  facet normal -0.3214394653031608 -0.946930129495106 0
    outer loop
      vertex 50.43999237667428 -126.85792609530858 0
      vertex 50.65056183502065 -126.92940479473081 0
      vertex 50.65056183502065 -126.92940479473081 4.4
    endloop
  endfacet
  facet normal -0.19509032201610532 -0.980785280403235 0
    outer loop
      vertex 50.221894526774086 -126.81454373566453 0
      vertex 50.43999237667428 -126.85792609530858 0
      vertex 50.43999237667428 -126.85792609530858 4.4
    endloop
  endfacet
  facet normal -0.4422886902189963 -0.8968727415326907 0
    outer loop
      vertex 50.65056183502065 -126.92940479473081 0
      vertex 50.85 -127.02775681356646 0
      vertex 50.85 -127.02775681356646 4.4
    endloop
  endfacet
  facet normal -0.5555702330195822 -0.8314696123025587 0
    outer loop
      vertex 51.034894429314825 -127.1512993215049 0
      vertex 51.034894429314825 -127.1512993215049 4.4
      vertex 50.85 -127.02775681356646 0
    endloop
  endfacet
  facet normal -0.8314696123025439 -0.5555702330196042 0
    outer loop
      vertex 51.472243186433545 -127.65 0
      vertex 51.472243186433545 -127.65 4.4
      vertex 51.3487006784951 -127.46510557068518 0
    endloop
  endfacet
  facet normal -0.6593458151000797 -0.7518398074789678 0
    outer loop
      vertex 51.034894429314825 -127.1512993215049 0
      vertex 51.20208152801713 -127.29791847198287 0
      vertex 51.20208152801713 -127.29791847198287 4.4
    endloop
  endfacet
  facet normal -0.7518398074789976 -0.6593458151000458 0
    outer loop
      vertex 51.20208152801713 -127.29791847198287 0
      vertex 51.3487006784951 -127.46510557068518 0
      vertex 51.3487006784951 -127.46510557068518 4.4
    endloop
  endfacet
  facet normal 0.4422886902189963 0.8968727415326907 0
    outer loop
      vertex 49.34943816497935 -130.0705952052692 0
      vertex 49.15 -129.97224318643356 4.4
      vertex 49.34943816497935 -130.0705952052692 4.4
    endloop
  endfacet
  facet normal 0.3214394653031035 0.9469301294951254 0
    outer loop
      vertex 49.56000762332572 -130.14207390469142 0
      vertex 49.34943816497935 -130.0705952052692 4.4
      vertex 49.56000762332572 -130.14207390469142 4.4
    endloop
  endfacet
  facet normal 0.19509032201610532 0.980785280403235 0
    outer loop
      vertex 49.778105473225914 -130.18545626433547 0
      vertex 49.56000762332572 -130.14207390469142 4.4
      vertex 49.778105473225914 -130.18545626433547 4.4
    endloop
  endfacet
  facet normal 0.06540312923012195 0.9978589232386049 0
    outer loop
      vertex 50 -130.2 0
      vertex 49.778105473225914 -130.18545626433547 4.4
      vertex 50 -130.2 4.4
    endloop
  endfacet
  facet normal -0.06540312923012195 0.9978589232386049 0
    outer loop
      vertex 50.221894526774086 -130.18545626433547 0
      vertex 50 -130.2 4.4
      vertex 50.221894526774086 -130.18545626433547 4.4
    endloop
  endfacet
  facet normal -0.19509032201610532 0.980785280403235 0
    outer loop
      vertex 50.43999237667428 -130.14207390469142 0
      vertex 50.221894526774086 -130.18545626433547 4.4
      vertex 50.43999237667428 -130.14207390469142 4.4
    endloop
  endfacet
  facet normal -0.3214394653031035 0.9469301294951254 0
    outer loop
      vertex 50.65056183502065 -130.0705952052692 0
      vertex 50.43999237667428 -130.14207390469142 4.4
      vertex 50.65056183502065 -130.0705952052692 4.4
    endloop
  endfacet
  facet normal -0.4422886902189963 0.8968727415326907 0
    outer loop
      vertex 50.85 -129.97224318643356 0
      vertex 50.65056183502065 -130.0705952052692 4.4
      vertex 50.85 -129.97224318643356 4.4
    endloop
  endfacet
  facet normal 0.8314696123025439 0.5555702330196042 0
    outer loop
      vertex 48.6512993215049 -129.53489442931482 0
      vertex 48.527756813566455 -129.35 4.4
      vertex 48.6512993215049 -129.53489442931482 4.4
    endloop
  endfacet
  facet normal 0.9807852804032301 0.19509032201612997 0
    outer loop
      vertex 48.357926095308585 -128.9399923766743 0
      vertex 48.31454373566452 -128.7218945267741 4.4
      vertex 48.357926095308585 -128.9399923766743 4.4
    endloop
  endfacet
  facet normal 0.8968727415326845 0.442288690219009 0
    outer loop
      vertex 48.527756813566455 -129.35 0
      vertex 48.429404794730814 -129.15056183502065 4.4
      vertex 48.527756813566455 -129.35 4.4
    endloop
  endfacet
  facet normal 0.9469301294950994 0.3214394653031803 0
    outer loop
      vertex 48.429404794730814 -129.15056183502065 0
      vertex 48.357926095308585 -128.9399923766743 4.4
      vertex 48.429404794730814 -129.15056183502065 4.4
    endloop
  endfacet
  facet normal 0.6593458151001158 0.7518398074789362 0
    outer loop
      vertex 48.965105570685175 -129.8487006784951 0
      vertex 48.79791847198287 -129.70208152801712 4.4
      vertex 48.965105570685175 -129.8487006784951 4.4
    endloop
  endfacet
  facet normal 0.5555702330196263 0.8314696123025291 0
    outer loop
      vertex 49.15 -129.97224318643356 0
      vertex 48.965105570685175 -129.8487006784951 4.4
      vertex 49.15 -129.97224318643356 4.4
    endloop
  endfacet
  facet normal 0.7518398074789698 0.6593458151000774 0
    outer loop
      vertex 48.79791847198287 -129.70208152801712 0
      vertex 48.6512993215049 -129.53489442931482 4.4
      vertex 48.79791847198287 -129.70208152801712 4.4
    endloop
  endfacet
  facet normal 0.9978589232386029 0.06540312923015168 0
    outer loop
      vertex 48.31454373566452 -128.7218945267741 0
      vertex 48.3 -128.5 4.4
      vertex 48.31454373566452 -128.7218945267741 4.4
    endloop
  endfacet
  facet normal 0.9978589232386029 -0.06540312923015168 0
    outer loop
      vertex 48.3 -128.5 0
      vertex 48.31454373566452 -128.2781054732259 4.4
      vertex 48.3 -128.5 4.4
    endloop
  endfacet
  facet normal 0.9807852804032301 -0.19509032201612997 0
    outer loop
      vertex 48.31454373566452 -128.2781054732259 0
      vertex 48.357926095308585 -128.0600076233257 4.4
      vertex 48.31454373566452 -128.2781054732259 4.4
    endloop
  endfacet
  facet normal 0.9469301294950994 -0.3214394653031803 0
    outer loop
      vertex 48.357926095308585 -128.0600076233257 0
      vertex 48.429404794730814 -127.84943816497935 4.4
      vertex 48.357926095308585 -128.0600076233257 4.4
    endloop
  endfacet
  facet normal 0.8968727415326845 -0.442288690219009 0
    outer loop
      vertex 48.429404794730814 -127.84943816497935 0
      vertex 48.527756813566455 -127.65 4.4
      vertex 48.429404794730814 -127.84943816497935 4.4
    endloop
  endfacet
  facet normal 0.8314696123025439 -0.5555702330196042 0
    outer loop
      vertex 48.527756813566455 -127.65 0
      vertex 48.6512993215049 -127.46510557068518 4.4
      vertex 48.527756813566455 -127.65 4.4
    endloop
  endfacet
  facet normal 0.7518398074789976 -0.6593458151000458 0
    outer loop
      vertex 48.6512993215049 -127.46510557068518 0
      vertex 48.79791847198287 -127.29791847198287 4.4
      vertex 48.6512993215049 -127.46510557068518 4.4
    endloop
  endfacet
  facet normal 0.6593458151000797 -0.7518398074789678 0
    outer loop
      vertex 48.79791847198287 -127.29791847198287 0
      vertex 48.965105570685175 -127.1512993215049 4.4
      vertex 48.79791847198287 -127.29791847198287 4.4
    endloop
  endfacet
  facet normal 0.5555702330195822 -0.8314696123025587 0
    outer loop
      vertex 48.965105570685175 -127.1512993215049 0
      vertex 49.15 -127.02775681356646 4.4
      vertex 48.965105570685175 -127.1512993215049 4.4
    endloop
  endfacet
  facet normal 0.4422886902189963 -0.8968727415326907 0
    outer loop
      vertex 49.15 -127.02775681356646 0
      vertex 49.34943816497935 -126.92940479473081 4.4
      vertex 49.15 -127.02775681356646 4.4
    endloop
  endfacet
  facet normal 0.3214394653031608 -0.946930129495106 0
    outer loop
      vertex 49.34943816497935 -126.92940479473081 0
      vertex 49.56000762332572 -126.85792609530858 4.4
      vertex 49.34943816497935 -126.92940479473081 4.4
    endloop
  endfacet
  facet normal -0.5555702330196263 0.8314696123025291 0
    outer loop
      vertex 51.034894429314825 -129.8487006784951 0
      vertex 50.85 -129.97224318643356 4.4
      vertex 51.034894429314825 -129.8487006784951 4.4
    endloop
  endfacet
  facet normal -0.6593458151001158 0.7518398074789362 0
    outer loop
      vertex 51.20208152801713 -129.70208152801712 0
      vertex 51.034894429314825 -129.8487006784951 4.4
      vertex 51.20208152801713 -129.70208152801712 4.4
    endloop
  endfacet
  facet normal -0.7518398074789698 0.6593458151000774 0
    outer loop
      vertex 51.3487006784951 -129.53489442931482 0
      vertex 51.20208152801713 -129.70208152801712 4.4
      vertex 51.3487006784951 -129.53489442931482 4.4
    endloop
  endfacet
  facet normal -0.8314696123025439 0.5555702330196042 0
    outer loop
      vertex 51.472243186433545 -129.35 0
      vertex 51.3487006784951 -129.53489442931482 4.4
      vertex 51.472243186433545 -129.35 4.4
    endloop
  endfacet
  facet normal -0.8968727415326845 0.442288690219009 0
    outer loop
      vertex 51.570595205269186 -129.15056183502065 0
      vertex 51.472243186433545 -129.35 4.4
      vertex 51.570595205269186 -129.15056183502065 4.4
    endloop
  endfacet
  facet normal -0.9469301294950994 0.3214394653031803 0
    outer loop
      vertex 51.642073904691415 -128.9399923766743 0
      vertex 51.570595205269186 -129.15056183502065 4.4
      vertex 51.642073904691415 -128.9399923766743 4.4
    endloop
  endfacet
  facet normal -0.9807852804032301 0.19509032201612997 0
    outer loop
      vertex 51.68545626433548 -128.7218945267741 0
      vertex 51.642073904691415 -128.9399923766743 4.4
      vertex 51.68545626433548 -128.7218945267741 4.4
    endloop
  endfacet
  facet normal -0.9978589232386029 0.06540312923015168 0
    outer loop
      vertex 51.7 -128.5 0
      vertex 51.68545626433548 -128.7218945267741 4.4
      vertex 51.7 -128.5 4.4
    endloop
  endfacet
  facet normal -0.9978589232386029 -0.06540312923015168 0
    outer loop
      vertex 51.68545626433548 -128.2781054732259 0
      vertex 51.7 -128.5 4.4
      vertex 51.68545626433548 -128.2781054732259 4.4
    endloop
  endfacet
  facet normal -0.9807852804032301 -0.19509032201612997 0
    outer loop
      vertex 51.642073904691415 -128.0600076233257 0
      vertex 51.68545626433548 -128.2781054732259 4.4
      vertex 51.642073904691415 -128.0600076233257 4.4
    endloop
  endfacet
  facet normal -0.9469301294950994 -0.3214394653031803 0
    outer loop
      vertex 51.570595205269186 -127.84943816497935 0
      vertex 51.642073904691415 -128.0600076233257 4.4
      vertex 51.570595205269186 -127.84943816497935 4.4
    endloop
  endfacet
  facet normal 0.19509032201610532 -0.980785280403235 0
    outer loop
      vertex 49.56000762332572 -126.85792609530858 0
      vertex 49.778105473225914 -126.81454373566453 4.4
      vertex 49.56000762332572 -126.85792609530858 4.4
    endloop
  endfacet
  facet normal 0.06540312923018558 -0.9978589232386007 0
    outer loop
      vertex 49.778105473225914 -126.81454373566453 0
      vertex 50 -126.8 4.4
      vertex 49.778105473225914 -126.81454373566453 4.4
    endloop
  endfacet
  facet normal -0.06540312923018558 -0.9978589232386007 0
    outer loop
      vertex 50 -126.8 0
      vertex 50.221894526774086 -126.81454373566453 4.4
      vertex 50 -126.8 4.4
    endloop
  endfacet
  facet normal -0.19509032201610532 -0.980785280403235 0
    outer loop
      vertex 50.221894526774086 -126.81454373566453 0
      vertex 50.43999237667428 -126.85792609530858 4.4
      vertex 50.221894526774086 -126.81454373566453 4.4
    endloop
  endfacet
  facet normal -0.3214394653031608 -0.946930129495106 0
    outer loop
      vertex 50.43999237667428 -126.85792609530858 0
      vertex 50.65056183502065 -126.92940479473081 4.4
      vertex 50.43999237667428 -126.85792609530858 4.4
    endloop
  endfacet
  facet normal -0.4422886902189963 -0.8968727415326907 0
    outer loop
      vertex 50.65056183502065 -126.92940479473081 0
      vertex 50.85 -127.02775681356646 4.4
      vertex 50.65056183502065 -126.92940479473081 4.4
    endloop
  endfacet
  facet normal -0.5555702330195822 -0.8314696123025587 0
    outer loop
      vertex 50.85 -127.02775681356646 0
      vertex 51.034894429314825 -127.1512993215049 4.4
      vertex 50.85 -127.02775681356646 4.4
    endloop
  endfacet
  facet normal -0.8314696123025439 -0.5555702330196042 0
    outer loop
      vertex 51.3487006784951 -127.46510557068518 0
      vertex 51.472243186433545 -127.65 4.4
      vertex 51.3487006784951 -127.46510557068518 4.4
    endloop
  endfacet
  facet normal -0.7518398074789976 -0.6593458151000458 0
    outer loop
      vertex 51.20208152801713 -127.29791847198287 0
      vertex 51.3487006784951 -127.46510557068518 4.4
      vertex 51.20208152801713 -127.29791847198287 4.4
    endloop
  endfacet
  facet normal -0.6593458151000797 -0.7518398074789678 0
    outer loop
      vertex 51.034894429314825 -127.1512993215049 0
      vertex 51.20208152801713 -127.29791847198287 4.4
      vertex 51.034894429314825 -127.1512993215049 4.4
    endloop
  endfacet
  facet normal -0.8968727415326845 -0.442288690219009 0
    outer loop
      vertex 51.472243186433545 -127.65 0
      vertex 51.570595205269186 -127.84943816497935 4.4
      vertex 51.472243186433545 -127.65 4.4
    endloop
  endfacet
  facet normal 0.8314696123025429 0.5555702330196056 0
    outer loop
      vertex -1.3487006784950997 -124.53489442931482 4.4
      vertex -1.3487006784950997 -124.53489442931482 3
      vertex -1.4722431864335457 -124.35 3
    endloop
  endfacet
  facet normal 0.5555702330195791 0.8314696123025607 0
    outer loop
      vertex -0.85 -124.97224318643354 4.4
      vertex -0.85 -124.97224318643354 3
      vertex -1.034894429314825 -124.8487006784951 3
    endloop
  endfacet
  facet normal 0.44228869021899775 0.89687274153269 0
    outer loop
      vertex -0.6505618350206526 -125.07059520526919 4.4
      vertex -0.6505618350206526 -125.07059520526919 3
      vertex -0.85 -124.97224318643354 3
    endloop
  endfacet
  facet normal 0.7518398074789941 0.6593458151000497 0
    outer loop
      vertex -1.2020815280171309 -124.70208152801713 4.4
      vertex -1.2020815280171309 -124.70208152801713 3
      vertex -1.3487006784950997 -124.53489442931482 3
    endloop
  endfacet
  facet normal 0.6593458151000822 0.7518398074789657 0
    outer loop
      vertex -1.034894429314825 -124.8487006784951 4.4
      vertex -1.034894429314825 -124.8487006784951 3
      vertex -1.2020815280171309 -124.70208152801713 3
    endloop
  endfacet
  facet normal 0.9469301294951068 0.3214394653031582 0
    outer loop
      vertex -1.5705952052691874 -124.15056183502065 4.4
      vertex -1.5705952052691874 -124.15056183502065 3
      vertex -1.6420739046914161 -123.93999237667428 3
    endloop
  endfacet
  facet normal 0.8968727415326829 0.4422886902190123 0
    outer loop
      vertex -1.4722431864335457 -124.35 4.4
      vertex -1.4722431864335457 -124.35 3
      vertex -1.5705952052691874 -124.15056183502065 3
    endloop
  endfacet
  facet normal 0.9807852804032292 0.19509032201613452 0
    outer loop
      vertex -1.6420739046914161 -123.93999237667428 4.4
      vertex -1.6420739046914161 -123.93999237667428 3
      vertex -1.6854562643354776 -123.7218945267741 3
    endloop
  endfacet
  facet normal 0.9978589232386036 0.06540312923014174 0
    outer loop
      vertex -1.6854562643354776 -123.7218945267741 4.4
      vertex -1.6854562643354776 -123.7218945267741 3
      vertex -1.7 -123.5 3
    endloop
  endfacet
  facet normal 0.9978589232386036 -0.06540312923014174 0
    outer loop
      vertex -1.7 -123.5 4.4
      vertex -1.7 -123.5 3
      vertex -1.6854562643354776 -123.2781054732259 3
    endloop
  endfacet
  facet normal 0.9807852804032292 -0.19509032201613452 0
    outer loop
      vertex -1.6854562643354776 -123.2781054732259 4.4
      vertex -1.6854562643354776 -123.2781054732259 3
      vertex -1.6420739046914161 -123.06000762332572 3
    endloop
  endfacet
  facet normal 0.9469301294951068 -0.3214394653031582 0
    outer loop
      vertex -1.6420739046914161 -123.06000762332572 4.4
      vertex -1.6420739046914161 -123.06000762332572 3
      vertex -1.5705952052691874 -122.84943816497935 3
    endloop
  endfacet
  facet normal 0.8968727415326829 -0.4422886902190123 0
    outer loop
      vertex -1.5705952052691874 -122.84943816497935 4.4
      vertex -1.5705952052691874 -122.84943816497935 3
      vertex -1.4722431864335457 -122.65 3
    endloop
  endfacet
  facet normal 0.8314696123025429 -0.5555702330196056 0
    outer loop
      vertex -1.4722431864335457 -122.65 4.4
      vertex -1.4722431864335457 -122.65 3
      vertex -1.3487006784950997 -122.46510557068518 3
    endloop
  endfacet
  facet normal 0.7518398074789941 -0.6593458151000497 0
    outer loop
      vertex -1.3487006784950997 -122.46510557068518 4.4
      vertex -1.3487006784950997 -122.46510557068518 3
      vertex -1.2020815280171309 -122.29791847198287 3
    endloop
  endfacet
  facet normal 0.6593458151000822 -0.7518398074789657 0
    outer loop
      vertex -1.2020815280171309 -122.29791847198287 4.4
      vertex -1.2020815280171309 -122.29791847198287 3
      vertex -1.034894429314825 -122.1512993215049 3
    endloop
  endfacet
  facet normal 0.5555702330195791 -0.8314696123025607 0
    outer loop
      vertex -1.034894429314825 -122.1512993215049 4.4
      vertex -1.034894429314825 -122.1512993215049 3
      vertex -0.85 -122.02775681356646 3
    endloop
  endfacet
  facet normal 0.44228869021899775 -0.89687274153269 0
    outer loop
      vertex -0.85 -122.02775681356646 4.4
      vertex -0.85 -122.02775681356646 3
      vertex -0.6505618350206526 -121.92940479473081 3
    endloop
  endfacet
  facet normal 0.3214394653031648 0.9469301294951046 0
    outer loop
      vertex -0.43999237667428526 -125.14207390469142 4.4
      vertex -0.43999237667428526 -125.14207390469142 3
      vertex -0.6505618350206526 -125.07059520526919 3
    endloop
  endfacet
  facet normal 0.19509032201610452 0.9807852804032352 0
    outer loop
      vertex -0.22189452677408766 -125.18545626433547 4.4
      vertex -0.22189452677408766 -125.18545626433547 3
      vertex -0.43999237667428526 -125.14207390469142 3
    endloop
  endfacet
  facet normal 0.0654031292301852 0.9978589232386006 0
    outer loop
      vertex 0 -125.2 4.4
      vertex 0 -125.2 3
      vertex -0.22189452677408766 -125.18545626433547 3
    endloop
  endfacet
  facet normal -0.0654031292301852 0.9978589232386006 0
    outer loop
      vertex 0.22189452677408766 -125.18545626433547 4.4
      vertex 0.22189452677408766 -125.18545626433547 3
      vertex 0 -125.2 3
    endloop
  endfacet
  facet normal -0.19509032201610452 0.9807852804032352 0
    outer loop
      vertex 0.43999237667428526 -125.14207390469142 4.4
      vertex 0.43999237667428526 -125.14207390469142 3
      vertex 0.22189452677408766 -125.18545626433547 3
    endloop
  endfacet
  facet normal -0.3214394653031648 0.9469301294951046 0
    outer loop
      vertex 0.6505618350206526 -125.07059520526919 4.4
      vertex 0.6505618350206526 -125.07059520526919 3
      vertex 0.43999237667428526 -125.14207390469142 3
    endloop
  endfacet
  facet normal -0.44228869021899775 0.89687274153269 0
    outer loop
      vertex 0.85 -124.97224318643354 4.4
      vertex 0.85 -124.97224318643354 3
      vertex 0.6505618350206526 -125.07059520526919 3
    endloop
  endfacet
  facet normal -0.5555702330195791 0.8314696123025607 0
    outer loop
      vertex 1.034894429314825 -124.8487006784951 4.4
      vertex 1.034894429314825 -124.8487006784951 3
      vertex 0.85 -124.97224318643354 3
    endloop
  endfacet
  facet normal -0.6593458151000822 0.7518398074789657 0
    outer loop
      vertex 1.2020815280171309 -124.70208152801713 4.4
      vertex 1.2020815280171309 -124.70208152801713 3
      vertex 1.034894429314825 -124.8487006784951 3
    endloop
  endfacet
  facet normal -0.7518398074789941 0.6593458151000497 0
    outer loop
      vertex 1.3487006784950997 -124.53489442931482 4.4
      vertex 1.3487006784950997 -124.53489442931482 3
      vertex 1.2020815280171309 -124.70208152801713 3
    endloop
  endfacet
  facet normal -0.8314696123025429 0.5555702330196056 0
    outer loop
      vertex 1.4722431864335457 -124.35 4.4
      vertex 1.4722431864335457 -124.35 3
      vertex 1.3487006784950997 -124.53489442931482 3
    endloop
  endfacet
  facet normal -0.8968727415326829 0.4422886902190123 0
    outer loop
      vertex 1.5705952052691874 -124.15056183502065 4.4
      vertex 1.5705952052691874 -124.15056183502065 3
      vertex 1.4722431864335457 -124.35 3
    endloop
  endfacet
  facet normal -0.9469301294951068 0.3214394653031582 0
    outer loop
      vertex 1.6420739046914161 -123.93999237667428 4.4
      vertex 1.6420739046914161 -123.93999237667428 3
      vertex 1.5705952052691874 -124.15056183502065 3
    endloop
  endfacet
  facet normal -0.9807852804032292 0.19509032201613452 0
    outer loop
      vertex 1.6854562643354776 -123.7218945267741 4.4
      vertex 1.6854562643354776 -123.7218945267741 3
      vertex 1.6420739046914161 -123.93999237667428 3
    endloop
  endfacet
  facet normal -0.9978589232386036 0.06540312923014174 0
    outer loop
      vertex 1.7 -123.5 4.4
      vertex 1.7 -123.5 3
      vertex 1.6854562643354776 -123.7218945267741 3
    endloop
  endfacet
  facet normal -0.9978589232386036 -0.06540312923014174 0
    outer loop
      vertex 1.6854562643354776 -123.2781054732259 4.4
      vertex 1.6854562643354776 -123.2781054732259 3
      vertex 1.7 -123.5 3
    endloop
  endfacet
  facet normal 0.3214394653031648 -0.9469301294951046 0
    outer loop
      vertex -0.6505618350206526 -121.92940479473081 4.4
      vertex -0.6505618350206526 -121.92940479473081 3
      vertex -0.43999237667428526 -121.85792609530858 3
    endloop
  endfacet
  facet normal 0.19509032201610452 -0.9807852804032352 0
    outer loop
      vertex -0.43999237667428526 -121.85792609530858 4.4
      vertex -0.43999237667428526 -121.85792609530858 3
      vertex -0.22189452677408766 -121.81454373566453 3
    endloop
  endfacet
  facet normal 0.0654031292301852 -0.9978589232386006 0
    outer loop
      vertex -0.22189452677408766 -121.81454373566453 4.4
      vertex -0.22189452677408766 -121.81454373566453 3
      vertex 0 -121.8 3
    endloop
  endfacet
  facet normal -0.0654031292301852 -0.9978589232386006 0
    outer loop
      vertex 0 -121.8 4.4
      vertex 0 -121.8 3
      vertex 0.22189452677408766 -121.81454373566453 3
    endloop
  endfacet
  facet normal -0.19509032201610452 -0.9807852804032352 0
    outer loop
      vertex 0.22189452677408766 -121.81454373566453 4.4
      vertex 0.22189452677408766 -121.81454373566453 3
      vertex 0.43999237667428526 -121.85792609530858 3
    endloop
  endfacet
  facet normal -0.3214394653031648 -0.9469301294951046 0
    outer loop
      vertex 0.43999237667428526 -121.85792609530858 4.4
      vertex 0.43999237667428526 -121.85792609530858 3
      vertex 0.6505618350206526 -121.92940479473081 3
    endloop
  endfacet
  facet normal -0.44228869021899775 -0.89687274153269 0
    outer loop
      vertex 0.6505618350206526 -121.92940479473081 4.4
      vertex 0.6505618350206526 -121.92940479473081 3
      vertex 0.85 -122.02775681356646 3
    endloop
  endfacet
  facet normal -0.5555702330195791 -0.8314696123025607 0
    outer loop
      vertex 0.85 -122.02775681356646 4.4
      vertex 0.85 -122.02775681356646 3
      vertex 1.034894429314825 -122.1512993215049 3
    endloop
  endfacet
  facet normal -0.9807852804032292 -0.19509032201613452 0
    outer loop
      vertex 1.6420739046914161 -123.06000762332572 4.4
      vertex 1.6420739046914161 -123.06000762332572 3
      vertex 1.6854562643354776 -123.2781054732259 3
    endloop
  endfacet
  facet normal -0.8968727415326829 -0.4422886902190123 0
    outer loop
      vertex 1.4722431864335457 -122.65 4.4
      vertex 1.4722431864335457 -122.65 3
      vertex 1.5705952052691874 -122.84943816497935 3
    endloop
  endfacet
  facet normal -0.9469301294951068 -0.3214394653031582 0
    outer loop
      vertex 1.5705952052691874 -122.84943816497935 4.4
      vertex 1.5705952052691874 -122.84943816497935 3
      vertex 1.6420739046914161 -123.06000762332572 3
    endloop
  endfacet
  facet normal -0.6593458151000822 -0.7518398074789657 0
    outer loop
      vertex 1.034894429314825 -122.1512993215049 4.4
      vertex 1.034894429314825 -122.1512993215049 3
      vertex 1.2020815280171309 -122.29791847198287 3
    endloop
  endfacet
  facet normal -0.7518398074789941 -0.6593458151000497 0
    outer loop
      vertex 1.2020815280171309 -122.29791847198287 4.4
      vertex 1.2020815280171309 -122.29791847198287 3
      vertex 1.3487006784950997 -122.46510557068518 3
    endloop
  endfacet
  facet normal -0.8314696123025429 -0.5555702330196056 0
    outer loop
      vertex 1.3487006784950997 -122.46510557068518 4.4
      vertex 1.3487006784950997 -122.46510557068518 3
      vertex 1.4722431864335457 -122.65 3
    endloop
  endfacet
  facet normal 0.8314696123025429 0.5555702330196056 0
    outer loop
      vertex -1.3487006784950997 -124.53489442931482 4.4
      vertex -1.4722431864335457 -124.35 3
      vertex -1.4722431864335457 -124.35 4.4
    endloop
  endfacet
  facet normal 0.44228869021899775 0.89687274153269 0
    outer loop
      vertex -0.6505618350206526 -125.07059520526919 4.4
      vertex -0.85 -124.97224318643354 3
      vertex -0.85 -124.97224318643354 4.4
    endloop
  endfacet
  facet normal 0.6593458151000822 0.7518398074789657 0
    outer loop
      vertex -1.2020815280171309 -124.70208152801713 4.4
      vertex -1.034894429314825 -124.8487006784951 4.4
      vertex -1.2020815280171309 -124.70208152801713 3
    endloop
  endfacet
  facet normal 0.7518398074789941 0.6593458151000497 0
    outer loop
      vertex -1.2020815280171309 -124.70208152801713 4.4
      vertex -1.3487006784950997 -124.53489442931482 3
      vertex -1.3487006784950997 -124.53489442931482 4.4
    endloop
  endfacet
  facet normal 0.5555702330195791 0.8314696123025607 0
    outer loop
      vertex -1.034894429314825 -124.8487006784951 4.4
      vertex -0.85 -124.97224318643354 4.4
      vertex -1.034894429314825 -124.8487006784951 3
    endloop
  endfacet
  facet normal 0.8968727415326829 0.4422886902190123 0
    outer loop
      vertex -1.5705952052691874 -124.15056183502065 4.4
      vertex -1.4722431864335457 -124.35 4.4
      vertex -1.5705952052691874 -124.15056183502065 3
    endloop
  endfacet
  facet normal 0.9469301294951068 0.3214394653031582 0
    outer loop
      vertex -1.5705952052691874 -124.15056183502065 4.4
      vertex -1.6420739046914161 -123.93999237667428 3
      vertex -1.6420739046914161 -123.93999237667428 4.4
    endloop
  endfacet
  facet normal 0.9807852804032292 0.19509032201613452 0
    outer loop
      vertex -1.6420739046914161 -123.93999237667428 4.4
      vertex -1.6854562643354776 -123.7218945267741 3
      vertex -1.6854562643354776 -123.7218945267741 4.4
    endloop
  endfacet
  facet normal 0.9978589232386036 0.06540312923014174 0
    outer loop
      vertex -1.6854562643354776 -123.7218945267741 4.4
      vertex -1.7 -123.5 3
      vertex -1.7 -123.5 4.4
    endloop
  endfacet
  facet normal 0.9978589232386036 -0.06540312923014174 0
    outer loop
      vertex -1.7 -123.5 4.4
      vertex -1.6854562643354776 -123.2781054732259 3
      vertex -1.6854562643354776 -123.2781054732259 4.4
    endloop
  endfacet
  facet normal 0.9807852804032292 -0.19509032201613452 0
    outer loop
      vertex -1.6854562643354776 -123.2781054732259 4.4
      vertex -1.6420739046914161 -123.06000762332572 3
      vertex -1.6420739046914161 -123.06000762332572 4.4
    endloop
  endfacet
  facet normal 0.9469301294951068 -0.3214394653031582 0
    outer loop
      vertex -1.6420739046914161 -123.06000762332572 4.4
      vertex -1.5705952052691874 -122.84943816497935 3
      vertex -1.5705952052691874 -122.84943816497935 4.4
    endloop
  endfacet
  facet normal 0.8968727415326829 -0.4422886902190123 0
    outer loop
      vertex -1.5705952052691874 -122.84943816497935 4.4
      vertex -1.4722431864335457 -122.65 3
      vertex -1.4722431864335457 -122.65 4.4
    endloop
  endfacet
  facet normal 0.8314696123025429 -0.5555702330196056 0
    outer loop
      vertex -1.4722431864335457 -122.65 4.4
      vertex -1.3487006784950997 -122.46510557068518 3
      vertex -1.3487006784950997 -122.46510557068518 4.4
    endloop
  endfacet
  facet normal 0.7518398074789941 -0.6593458151000497 0
    outer loop
      vertex -1.3487006784950997 -122.46510557068518 4.4
      vertex -1.2020815280171309 -122.29791847198287 3
      vertex -1.2020815280171309 -122.29791847198287 4.4
    endloop
  endfacet
  facet normal 0.6593458151000822 -0.7518398074789657 0
    outer loop
      vertex -1.2020815280171309 -122.29791847198287 4.4
      vertex -1.034894429314825 -122.1512993215049 3
      vertex -1.034894429314825 -122.1512993215049 4.4
    endloop
  endfacet
  facet normal 0.5555702330195791 -0.8314696123025607 0
    outer loop
      vertex -1.034894429314825 -122.1512993215049 4.4
      vertex -0.85 -122.02775681356646 3
      vertex -0.85 -122.02775681356646 4.4
    endloop
  endfacet
  facet normal 0.44228869021899775 -0.89687274153269 0
    outer loop
      vertex -0.85 -122.02775681356646 4.4
      vertex -0.6505618350206526 -121.92940479473081 3
      vertex -0.6505618350206526 -121.92940479473081 4.4
    endloop
  endfacet
  facet normal 0.3214394653031648 0.9469301294951046 0
    outer loop
      vertex -0.43999237667428526 -125.14207390469142 4.4
      vertex -0.6505618350206526 -125.07059520526919 3
      vertex -0.6505618350206526 -125.07059520526919 4.4
    endloop
  endfacet
  facet normal 0.19509032201610452 0.9807852804032352 0
    outer loop
      vertex -0.43999237667428526 -125.14207390469142 4.4
      vertex -0.22189452677408766 -125.18545626433547 4.4
      vertex -0.43999237667428526 -125.14207390469142 3
    endloop
  endfacet
  facet normal 0.0654031292301852 0.9978589232386006 0
    outer loop
      vertex -0.22189452677408766 -125.18545626433547 4.4
      vertex 0 -125.2 4.4
      vertex -0.22189452677408766 -125.18545626433547 3
    endloop
  endfacet
  facet normal -0.0654031292301852 0.9978589232386006 0
    outer loop
      vertex 0 -125.2 4.4
      vertex 0.22189452677408766 -125.18545626433547 4.4
      vertex 0 -125.2 3
    endloop
  endfacet
  facet normal -0.19509032201610452 0.9807852804032352 0
    outer loop
      vertex 0.22189452677408766 -125.18545626433547 4.4
      vertex 0.43999237667428526 -125.14207390469142 4.4
      vertex 0.22189452677408766 -125.18545626433547 3
    endloop
  endfacet
  facet normal -0.3214394653031648 0.9469301294951046 0
    outer loop
      vertex 0.43999237667428526 -125.14207390469142 4.4
      vertex 0.6505618350206526 -125.07059520526919 4.4
      vertex 0.43999237667428526 -125.14207390469142 3
    endloop
  endfacet
  facet normal -0.44228869021899775 0.89687274153269 0
    outer loop
      vertex 0.6505618350206526 -125.07059520526919 4.4
      vertex 0.85 -124.97224318643354 4.4
      vertex 0.6505618350206526 -125.07059520526919 3
    endloop
  endfacet
  facet normal -0.5555702330195791 0.8314696123025607 0
    outer loop
      vertex 0.85 -124.97224318643354 4.4
      vertex 1.034894429314825 -124.8487006784951 4.4
      vertex 0.85 -124.97224318643354 3
    endloop
  endfacet
  facet normal -0.6593458151000822 0.7518398074789657 0
    outer loop
      vertex 1.034894429314825 -124.8487006784951 4.4
      vertex 1.2020815280171309 -124.70208152801713 4.4
      vertex 1.034894429314825 -124.8487006784951 3
    endloop
  endfacet
  facet normal -0.7518398074789941 0.6593458151000497 0
    outer loop
      vertex 1.2020815280171309 -124.70208152801713 4.4
      vertex 1.3487006784950997 -124.53489442931482 4.4
      vertex 1.2020815280171309 -124.70208152801713 3
    endloop
  endfacet
  facet normal -0.8314696123025429 0.5555702330196056 0
    outer loop
      vertex 1.3487006784950997 -124.53489442931482 4.4
      vertex 1.4722431864335457 -124.35 4.4
      vertex 1.3487006784950997 -124.53489442931482 3
    endloop
  endfacet
  facet normal -0.8968727415326829 0.4422886902190123 0
    outer loop
      vertex 1.4722431864335457 -124.35 4.4
      vertex 1.5705952052691874 -124.15056183502065 4.4
      vertex 1.4722431864335457 -124.35 3
    endloop
  endfacet
  facet normal -0.9469301294951068 0.3214394653031582 0
    outer loop
      vertex 1.5705952052691874 -124.15056183502065 4.4
      vertex 1.6420739046914161 -123.93999237667428 4.4
      vertex 1.5705952052691874 -124.15056183502065 3
    endloop
  endfacet
  facet normal -0.9807852804032292 0.19509032201613452 0
    outer loop
      vertex 1.6420739046914161 -123.93999237667428 4.4
      vertex 1.6854562643354776 -123.7218945267741 4.4
      vertex 1.6420739046914161 -123.93999237667428 3
    endloop
  endfacet
  facet normal -0.9978589232386036 0.06540312923014174 0
    outer loop
      vertex 1.6854562643354776 -123.7218945267741 4.4
      vertex 1.7 -123.5 4.4
      vertex 1.6854562643354776 -123.7218945267741 3
    endloop
  endfacet
  facet normal -0.9978589232386036 -0.06540312923014174 0
    outer loop
      vertex 1.7 -123.5 4.4
      vertex 1.6854562643354776 -123.2781054732259 4.4
      vertex 1.7 -123.5 3
    endloop
  endfacet
  facet normal 0.3214394653031648 -0.9469301294951046 0
    outer loop
      vertex -0.6505618350206526 -121.92940479473081 4.4
      vertex -0.43999237667428526 -121.85792609530858 3
      vertex -0.43999237667428526 -121.85792609530858 4.4
    endloop
  endfacet
  facet normal 0.19509032201610452 -0.9807852804032352 0
    outer loop
      vertex -0.43999237667428526 -121.85792609530858 4.4
      vertex -0.22189452677408766 -121.81454373566453 3
      vertex -0.22189452677408766 -121.81454373566453 4.4
    endloop
  endfacet
  facet normal 0.0654031292301852 -0.9978589232386006 0
    outer loop
      vertex -0.22189452677408766 -121.81454373566453 4.4
      vertex 0 -121.8 3
      vertex 0 -121.8 4.4
    endloop
  endfacet
  facet normal -0.0654031292301852 -0.9978589232386006 0
    outer loop
      vertex 0 -121.8 4.4
      vertex 0.22189452677408766 -121.81454373566453 3
      vertex 0.22189452677408766 -121.81454373566453 4.4
    endloop
  endfacet
  facet normal -0.19509032201610452 -0.9807852804032352 0
    outer loop
      vertex 0.22189452677408766 -121.81454373566453 4.4
      vertex 0.43999237667428526 -121.85792609530858 3
      vertex 0.43999237667428526 -121.85792609530858 4.4
    endloop
  endfacet
  facet normal -0.3214394653031648 -0.9469301294951046 0
    outer loop
      vertex 0.6505618350206526 -121.92940479473081 4.4
      vertex 0.43999237667428526 -121.85792609530858 4.4
      vertex 0.6505618350206526 -121.92940479473081 3
    endloop
  endfacet
  facet normal -0.44228869021899775 -0.89687274153269 0
    outer loop
      vertex 0.6505618350206526 -121.92940479473081 4.4
      vertex 0.85 -122.02775681356646 3
      vertex 0.85 -122.02775681356646 4.4
    endloop
  endfacet
  facet normal -0.9807852804032292 -0.19509032201613452 0
    outer loop
      vertex 1.6854562643354776 -123.2781054732259 4.4
      vertex 1.6420739046914161 -123.06000762332572 4.4
      vertex 1.6854562643354776 -123.2781054732259 3
    endloop
  endfacet
  facet normal -0.9469301294951068 -0.3214394653031582 0
    outer loop
      vertex 1.6420739046914161 -123.06000762332572 4.4
      vertex 1.5705952052691874 -122.84943816497935 4.4
      vertex 1.6420739046914161 -123.06000762332572 3
    endloop
  endfacet
  facet normal -0.8968727415326829 -0.4422886902190123 0
    outer loop
      vertex 1.4722431864335457 -122.65 4.4
      vertex 1.5705952052691874 -122.84943816497935 3
      vertex 1.5705952052691874 -122.84943816497935 4.4
    endloop
  endfacet
  facet normal -0.7518398074789941 -0.6593458151000497 0
    outer loop
      vertex 1.3487006784950997 -122.46510557068518 4.4
      vertex 1.2020815280171309 -122.29791847198287 4.4
      vertex 1.3487006784950997 -122.46510557068518 3
    endloop
  endfacet
  facet normal -0.6593458151000822 -0.7518398074789657 0
    outer loop
      vertex 1.034894429314825 -122.1512993215049 4.4
      vertex 1.2020815280171309 -122.29791847198287 3
      vertex 1.2020815280171309 -122.29791847198287 4.4
    endloop
  endfacet
  facet normal -0.5555702330195791 -0.8314696123025607 0
    outer loop
      vertex 0.85 -122.02775681356646 4.4
      vertex 1.034894429314825 -122.1512993215049 3
      vertex 1.034894429314825 -122.1512993215049 4.4
    endloop
  endfacet
  facet normal -0.8314696123025429 -0.5555702330196056 0
    outer loop
      vertex 1.3487006784950997 -122.46510557068518 4.4
      vertex 1.4722431864335457 -122.65 3
      vertex 1.4722431864335457 -122.65 4.4
    endloop
  endfacet
  facet normal 0.4681758599486687 0.5338522522610241 0.7041399980949501
    outer loop
      vertex 148.79791847198288 -129.70208152801712 4.4
      vertex 147.6735747702204 -130.8264252297796 6
      vertex 148.96510557068518 -129.8487006784951 4.4
    endloop
  endfacet
  facet normal 0.3944888488696154 0.5903942845255045 0.7041399980949409
    outer loop
      vertex 148.96510557068518 -129.8487006784951 4.4
      vertex 147.99713708729243 -131.11018176616315 6
      vertex 149.15 -129.97224318643356 4.4
    endloop
  endfacet
  facet normal 0.31405202421344086 0.6368345068935071 0.7041399980949413
    outer loop
      vertex 149.15 -129.97224318643356 4.4
      vertex 148.35496894409937 -131.34927736884856 6
      vertex 149.34943816497935 -130.0705952052692 4.4
    endloop
  endfacet
  facet normal 0.2282416823512838 0.6723783142846869 0.7041399980949373
    outer loop
      vertex 149.34943816497935 -130.0705952052692 4.4
      vertex 148.74094773836157 -131.53962104578403 6
      vertex 149.5600076233257 -130.14207390469142 4.4
    endloop
  endfacet
  facet normal 0.1385260620235843 0.6964175422999478 0.7041399980949375
    outer loop
      vertex 149.5600076233257 -130.14207390469142 4.4
      vertex 149.1484692658956 -131.67795596388396 6
      vertex 149.7781054732259 -130.18545626433547 4.4
    endloop
  endfacet
  facet normal 0.046440222367977846 0.7085408730830359 0.7041399980949399
    outer loop
      vertex 149.7781054732259 -130.18545626433547 4.4
      vertex 149.57056072037912 -131.761915174346 6
      vertex 150 -130.2 4.4
    endloop
  endfacet
  facet normal -0.046440222367977714 0.7085408730830338 0.704139998094942
    outer loop
      vertex 150 -130.2 4.4
      vertex 150 -131.79006211180123 6
      vertex 150.2218945267741 -130.18545626433547 4.4
    endloop
  endfacet
  facet normal -0.13852606202358358 0.6964175422999442 0.7041399980949411
    outer loop
      vertex 150.2218945267741 -130.18545626433547 4.4
      vertex 150.42943927962088 -131.761915174346 6
      vertex 150.4399923766743 -130.14207390469142 4.4
    endloop
  endfacet
  facet normal -0.22824168235128325 0.6723783142846852 0.704139998094939
    outer loop
      vertex 150.4399923766743 -130.14207390469142 4.4
      vertex 150.8515307341044 -131.67795596388396 6
      vertex 150.65056183502065 -130.0705952052692 4.4
    endloop
  endfacet
  facet normal -0.3140520242134423 0.63683450689351 0.704139998094938
    outer loop
      vertex 150.65056183502065 -130.0705952052692 4.4
      vertex 151.25905226163843 -131.53962104578403 6
      vertex 150.85 -129.97224318643356 4.4
    endloop
  endfacet
  facet normal -0.3944888488696153 0.5903942845255044 0.7041399980949409
    outer loop
      vertex 150.85 -129.97224318643356 4.4
      vertex 151.64503105590063 -131.34927736884856 6
      vertex 151.03489442931482 -129.8487006784951 4.4
    endloop
  endfacet
  facet normal -0.4681758599486765 0.533852252261033 0.7041399980949385
    outer loop
      vertex 151.03489442931482 -129.8487006784951 4.4
      vertex 152.00286291270757 -131.11018176616315 6
      vertex 151.20208152801712 -129.70208152801712 4.4
    endloop
  endfacet
  facet normal -0.5338522522610241 0.4681758599486687 0.7041399980949501
    outer loop
      vertex 151.20208152801712 -129.70208152801712 4.4
      vertex 152.3264252297796 -130.8264252297796 6
      vertex 151.3487006784951 -129.53489442931482 4.4
    endloop
  endfacet
  facet normal 0.5903942845255044 0.3944888488696153 0.7041399980949409
    outer loop
      vertex 148.6512993215049 -129.53489442931482 4.4
      vertex 148.52775681356644 -129.35 4.4
      vertex 147.15072263115144 -130.14503105590063 6
    endloop
  endfacet
  facet normal 0.6964175422999442 0.13852606202358358 0.7041399980949411
    outer loop
      vertex 148.31454373566453 -128.7218945267741 4.4
      vertex 146.738084825654 -128.92943927962088 6
      vertex 148.35792609530858 -128.9399923766743 4.4
    endloop
  endfacet
  facet normal 0.63683450689351 0.3140520242134423 0.7041399980949381
    outer loop
      vertex 148.52775681356644 -129.35 4.4
      vertex 148.4294047947308 -129.15056183502065 4.4
      vertex 146.96037895421597 -129.75905226163843 6
    endloop
  endfacet
  facet normal 0.6723783142846854 0.2282416823512833 0.704139998094939
    outer loop
      vertex 148.4294047947308 -129.15056183502065 4.4
      vertex 148.35792609530858 -128.9399923766743 4.4
      vertex 146.82204403611604 -129.3515307341044 6
    endloop
  endfacet
  facet normal 0.7085408730830338 0.046440222367977714 0.7041399980949419
    outer loop
      vertex 148.31454373566453 -128.7218945267741 4.4
      vertex 148.3 -128.5 4.4
      vertex 146.70993788819877 -128.5 6
    endloop
  endfacet
  facet normal 0.7085408730830359 -0.046440222367977846 0.70413999809494
    outer loop
      vertex 148.3 -128.5 4.4
      vertex 148.31454373566453 -128.2781054732259 4.4
      vertex 146.738084825654 -128.07056072037912 6
    endloop
  endfacet
  facet normal 0.6964175422999477 -0.13852606202358428 0.7041399980949374
    outer loop
      vertex 148.31454373566453 -128.2781054732259 4.4
      vertex 148.35792609530858 -128.0600076233257 4.4
      vertex 146.82204403611604 -127.64846926589561 6
    endloop
  endfacet
  facet normal 0.533852252261033 0.4681758599486765 0.7041399980949385
    outer loop
      vertex 148.6512993215049 -129.53489442931482 4.4
      vertex 147.38981823383685 -130.50286291270757 6
      vertex 148.79791847198288 -129.70208152801712 4.4
    endloop
  endfacet
  facet normal 0.6723783142846869 -0.2282416823512838 0.7041399980949373
    outer loop
      vertex 148.35792609530858 -128.0600076233257 4.4
      vertex 148.4294047947308 -127.84943816497935 4.4
      vertex 146.96037895421597 -127.24094773836157 6
    endloop
  endfacet
  facet normal 0.6368345068935083 -0.31405202421344147 0.7041399980949399
    outer loop
      vertex 148.4294047947308 -127.84943816497935 4.4
      vertex 148.52775681356644 -127.65 4.4
      vertex 147.15072263115144 -126.85496894409938 6
    endloop
  endfacet
  facet normal 0.5903942845255045 -0.3944888488696154 0.7041399980949409
    outer loop
      vertex 148.52775681356644 -127.65 4.4
      vertex 148.6512993215049 -127.46510557068518 4.4
      vertex 147.38981823383685 -126.49713708729243 6
    endloop
  endfacet
  facet normal 0.5338522522610477 -0.46817585994864974 0.704139998094945
    outer loop
      vertex 148.6512993215049 -127.46510557068518 4.4
      vertex 148.79791847198288 -127.29791847198287 4.4
      vertex 147.6735747702204 -126.17357477022041 6
    endloop
  endfacet
  facet normal 0.4681758599486501 -0.5338522522610546 0.7041399980949395
    outer loop
      vertex 148.79791847198288 -127.29791847198287 4.4
      vertex 148.96510557068518 -127.1512993215049 4.4
      vertex 147.99713708729243 -125.88981823383685 6
    endloop
  endfacet
  facet normal 0.3944888488695833 -0.5903942845255244 0.7041399980949422
    outer loop
      vertex 148.96510557068518 -127.1512993215049 4.4
      vertex 149.15 -127.02775681356646 4.4
      vertex 148.35496894409937 -125.65072263115145 6
    endloop
  endfacet
  facet normal 0.31405202421344103 -0.6368345068935074 0.704139998094941
    outer loop
      vertex 149.15 -127.02775681356646 4.4
      vertex 149.34943816497935 -126.92940479473081 4.4
      vertex 148.74094773836157 -125.46037895421597 6
    endloop
  endfacet
  facet normal 0.22824168235132347 -0.6723783142846701 0.7041399980949407
    outer loop
      vertex 149.34943816497935 -126.92940479473081 4.4
      vertex 149.5600076233257 -126.85792609530858 4.4
      vertex 149.1484692658956 -125.32204403611603 6
    endloop
  endfacet
  facet normal 0.13852606202358297 -0.6964175422999412 0.7041399980949442
    outer loop
      vertex 149.5600076233257 -126.85792609530858 4.4
      vertex 149.7781054732259 -126.81454373566453 4.4
      vertex 149.57056072037912 -125.23808482565398 6
    endloop
  endfacet
  facet normal -0.5903942845255045 0.3944888488696154 0.7041399980949409
    outer loop
      vertex 151.3487006784951 -129.53489442931482 4.4
      vertex 152.61018176616315 -130.50286291270757 6
      vertex 151.47224318643356 -129.35 4.4
    endloop
  endfacet
  facet normal -0.6368345068935071 0.31405202421344086 0.7041399980949413
    outer loop
      vertex 151.47224318643356 -129.35 4.4
      vertex 152.84927736884856 -130.14503105590063 6
      vertex 151.5705952052692 -129.15056183502065 4.4
    endloop
  endfacet
  facet normal -0.6723783142846869 0.2282416823512838 0.7041399980949373
    outer loop
      vertex 151.5705952052692 -129.15056183502065 4.4
      vertex 153.03962104578403 -129.75905226163843 6
      vertex 151.64207390469142 -128.9399923766743 4.4
    endloop
  endfacet
  facet normal -0.6964175422999478 0.1385260620235843 0.7041399980949375
    outer loop
      vertex 151.64207390469142 -128.9399923766743 4.4
      vertex 153.17795596388396 -129.3515307341044 6
      vertex 151.68545626433547 -128.7218945267741 4.4
    endloop
  endfacet
  facet normal -0.7085408730830359 0.046440222367977846 0.7041399980949399
    outer loop
      vertex 151.68545626433547 -128.7218945267741 4.4
      vertex 153.261915174346 -128.92943927962088 6
      vertex 151.7 -128.5 4.4
    endloop
  endfacet
  facet normal -0.7085408730830338 -0.046440222367977714 0.704139998094942
    outer loop
      vertex 151.7 -128.5 4.4
      vertex 153.29006211180123 -128.5 6
      vertex 151.68545626433547 -128.2781054732259 4.4
    endloop
  endfacet
  facet normal -0.6964175422999442 -0.13852606202358358 0.7041399980949411
    outer loop
      vertex 151.68545626433547 -128.2781054732259 4.4
      vertex 153.261915174346 -128.07056072037912 6
      vertex 151.64207390469142 -128.0600076233257 4.4
    endloop
  endfacet
  facet normal -0.6723783142846852 -0.22824168235128325 0.704139998094939
    outer loop
      vertex 151.64207390469142 -128.0600076233257 4.4
      vertex 153.17795596388396 -127.64846926589561 6
      vertex 151.5705952052692 -127.84943816497935 4.4
    endloop
  endfacet
  facet normal -0.3944888488695847 -0.5903942845255264 0.7041399980949395
    outer loop
      vertex 151.03489442931482 -127.1512993215049 4.4
      vertex 152.00286291270757 -125.88981823383685 6
      vertex 150.85 -127.02775681356646 4.4
    endloop
  endfacet
  facet normal 0.04644022236802299 -0.7085408730830323 0.7041399980949403
    outer loop
      vertex 149.7781054732259 -126.81454373566453 4.4
      vertex 150 -126.8 4.4
      vertex 150 -125.20993788819875 6
    endloop
  endfacet
  facet normal -0.1385260620235837 -0.6964175422999448 0.7041399980949407
    outer loop
      vertex 150.2218945267741 -126.81454373566453 4.4
      vertex 150.4399923766743 -126.85792609530858 4.4
      vertex 150.8515307341044 -125.32204403611603 6
    endloop
  endfacet
  facet normal -0.046440222368022734 -0.7085408730830284 0.7041399980949447
    outer loop
      vertex 150 -126.8 4.4
      vertex 150.2218945267741 -126.81454373566453 4.4
      vertex 150.42943927962088 -125.23808482565398 6
    endloop
  endfacet
  facet normal -0.2282416823513231 -0.672378314284669 0.7041399980949419
    outer loop
      vertex 150.65056183502065 -126.92940479473081 4.4
      vertex 151.25905226163843 -125.46037895421597 6
      vertex 150.4399923766743 -126.85792609530858 4.4
    endloop
  endfacet
  facet normal -0.31405202421344086 -0.6368345068935071 0.7041399980949413
    outer loop
      vertex 150.65056183502065 -126.92940479473081 4.4
      vertex 150.85 -127.02775681356646 4.4
      vertex 151.64503105590063 -125.65072263115145 6
    endloop
  endfacet
  facet normal -0.63683450689351 -0.3140520242134423 0.704139998094938
    outer loop
      vertex 151.5705952052692 -127.84943816497935 4.4
      vertex 153.03962104578403 -127.24094773836157 6
      vertex 151.47224318643356 -127.65 4.4
    endloop
  endfacet
  facet normal -0.5903942845255059 -0.3944888488696163 0.7041399980949392
    outer loop
      vertex 151.3487006784951 -127.46510557068518 4.4
      vertex 151.47224318643356 -127.65 4.4
      vertex 152.84927736884856 -126.85496894409938 6
    endloop
  endfacet
  facet normal -0.5338522522610517 -0.4681758599486533 0.7041399980949393
    outer loop
      vertex 151.3487006784951 -127.46510557068518 4.4
      vertex 152.61018176616315 -126.49713708729243 6
      vertex 151.20208152801712 -127.29791847198287 4.4
    endloop
  endfacet
  facet normal -0.46817585994864697 -0.533852252261051 0.7041399980949442
    outer loop
      vertex 151.03489442931482 -127.1512993215049 4.4
      vertex 151.20208152801712 -127.29791847198287 4.4
      vertex 152.3264252297796 -126.17357477022041 6
    endloop
  endfacet
  facet normal 0.5903942845255041 0.3944888488696159 0.704139998094941
    outer loop
      vertex 148.6512993215049 -129.53489442931482 4.4
      vertex 147.15072263115144 -130.14503105590063 6
      vertex 147.38981823383685 -130.50286291270757 6
    endloop
  endfacet
  facet normal 0.533852252261083 0.46817585994860567 0.7041399980949473
    outer loop
      vertex 148.79791847198288 -129.70208152801712 4.4
      vertex 147.38981823383685 -130.50286291270757 6
      vertex 147.6735747702204 -130.8264252297796 6
    endloop
  endfacet
  facet normal 0.22824168235129516 0.6723783142846818 0.7041399980949385
    outer loop
      vertex 149.5600076233257 -130.14207390469142 4.4
      vertex 148.74094773836157 -131.53962104578403 6
      vertex 149.1484692658956 -131.67795596388396 6
    endloop
  endfacet
  facet normal 0.13852606202360992 0.69641754229994 0.7041399980949401
    outer loop
      vertex 149.7781054732259 -130.18545626433547 4.4
      vertex 149.1484692658956 -131.67795596388396 6
      vertex 149.57056072037912 -131.761915174346 6
    endloop
  endfacet
  facet normal 0.4681758599486099 0.5338522522610876 0.7041399980949412
    outer loop
      vertex 148.96510557068518 -129.8487006784951 4.4
      vertex 147.6735747702204 -130.8264252297796 6
      vertex 147.99713708729243 -131.11018176616315 6
    endloop
  endfacet
  facet normal 0.394488848869616 0.590394284525504 0.704139998094941
    outer loop
      vertex 149.15 -129.97224318643356 4.4
      vertex 147.99713708729243 -131.11018176616315 6
      vertex 148.35496894409937 -131.34927736884856 6
    endloop
  endfacet
  facet normal 0.31405202421342016 0.6368345068935201 0.7041399980949389
    outer loop
      vertex 149.34943816497935 -130.0705952052692 4.4
      vertex 148.35496894409937 -131.34927736884856 6
      vertex 148.74094773836157 -131.53962104578403 6
    endloop
  endfacet
  facet normal 0.0464402223679927 0.7085408730830334 0.7041399980949414
    outer loop
      vertex 150 -130.2 4.4
      vertex 149.57056072037912 -131.761915174346 6
      vertex 150 -131.79006211180123 6
    endloop
  endfacet
  facet normal -0.04644022236799277 0.7085408730830344 0.7041399980949404
    outer loop
      vertex 150.2218945267741 -130.18545626433547 4.4
      vertex 150 -131.79006211180123 6
      vertex 150.42943927962088 -131.761915174346 6
    endloop
  endfacet
  facet normal -0.13852606202360984 0.6964175422999418 0.7041399980949383
    outer loop
      vertex 150.4399923766743 -130.14207390469142 4.4
      vertex 150.42943927962088 -131.761915174346 6
      vertex 150.8515307341044 -131.67795596388396 6
    endloop
  endfacet
  facet normal -0.22824168235129502 0.6723783142846828 0.7041399980949379
    outer loop
      vertex 150.65056183502065 -130.0705952052692 4.4
      vertex 150.8515307341044 -131.67795596388396 6
      vertex 151.25905226163843 -131.53962104578403 6
    endloop
  endfacet
  facet normal -0.3140520242134194 0.6368345068935185 0.7041399980949405
    outer loop
      vertex 150.85 -129.97224318643356 4.4
      vertex 151.25905226163843 -131.53962104578403 6
      vertex 151.64503105590063 -131.34927736884856 6
    endloop
  endfacet
  facet normal -0.3944888488696159 0.5903942845255041 0.704139998094941
    outer loop
      vertex 151.03489442931482 -129.8487006784951 4.4
      vertex 151.64503105590063 -131.34927736884856 6
      vertex 152.00286291270757 -131.11018176616315 6
    endloop
  endfacet
  facet normal -0.46817585994860567 0.533852252261083 0.7041399980949473
    outer loop
      vertex 151.20208152801712 -129.70208152801712 4.4
      vertex 152.00286291270757 -131.11018176616315 6
      vertex 152.3264252297796 -130.8264252297796 6
    endloop
  endfacet
  facet normal -0.5338522522610876 0.4681758599486099 0.7041399980949412
    outer loop
      vertex 151.3487006784951 -129.53489442931482 4.4
      vertex 152.3264252297796 -130.8264252297796 6
      vertex 152.61018176616315 -130.50286291270757 6
    endloop
  endfacet
  facet normal -0.590394284525504 0.394488848869616 0.704139998094941
    outer loop
      vertex 151.47224318643356 -129.35 4.4
      vertex 152.61018176616315 -130.50286291270757 6
      vertex 152.84927736884856 -130.14503105590063 6
    endloop
  endfacet
  facet normal 0.6723783142846828 0.22824168235129502 0.7041399980949379
    outer loop
      vertex 148.4294047947308 -129.15056183502065 4.4
      vertex 146.82204403611604 -129.3515307341044 6
      vertex 146.96037895421597 -129.75905226163843 6
    endloop
  endfacet
  facet normal 0.6964175422999418 0.13852606202360984 0.7041399980949383
    outer loop
      vertex 148.35792609530858 -128.9399923766743 4.4
      vertex 146.738084825654 -128.92943927962088 6
      vertex 146.82204403611604 -129.3515307341044 6
    endloop
  endfacet
  facet normal 0.6368345068935185 0.3140520242134194 0.7041399980949405
    outer loop
      vertex 148.52775681356644 -129.35 4.4
      vertex 146.96037895421597 -129.75905226163843 6
      vertex 147.15072263115144 -130.14503105590063 6
    endloop
  endfacet
  facet normal 0.7085408730830333 0.046440222368004526 0.7041399980949408
    outer loop
      vertex 148.31454373566453 -128.7218945267741 4.4
      vertex 146.7224432713706 -128.6907952774342 6
      vertex 146.738084825654 -128.92943927962088 6
    endloop
  endfacet
  facet normal 0.7085408730830325 0.046440222367929676 0.7041399980949467
    outer loop
      vertex 148.31454373566453 -128.7218945267741 4.4
      vertex 146.70993788819877 -128.5 6
      vertex 146.71400540773067 -128.56205835574133 6
    endloop
  endfacet
  facet normal 0.7085408730830334 0.04644022236800112 0.704139998094941
    outer loop
      vertex 148.31454373566453 -128.7218945267741 4.4
      vertex 146.71400540773067 -128.56205835574133 6
      vertex 146.7224432713706 -128.6907952774342 6
    endloop
  endfacet
  facet normal 0.7085408730830334 -0.0464402223679927 0.7041399980949414
    outer loop
      vertex 148.3 -128.5 4.4
      vertex 146.738084825654 -128.07056072037912 6
      vertex 146.70993788819877 -128.5 6
    endloop
  endfacet
  facet normal 0.69641754229994 -0.13852606202360992 0.7041399980949401
    outer loop
      vertex 148.31454373566453 -128.2781054732259 4.4
      vertex 146.82204403611604 -127.64846926589561 6
      vertex 146.738084825654 -128.07056072037912 6
    endloop
  endfacet
  facet normal 0.6723783142846818 -0.22824168235129516 0.7041399980949385
    outer loop
      vertex 148.35792609530858 -128.0600076233257 4.4
      vertex 146.96037895421597 -127.24094773836157 6
      vertex 146.82204403611604 -127.64846926589561 6
    endloop
  endfacet
  facet normal 0.6368345068935166 -0.31405202421342815 0.7041399980949385
    outer loop
      vertex 148.4294047947308 -127.84943816497935 4.4
      vertex 147.06928909303247 -127.0200998239989 6
      vertex 146.96037895421597 -127.24094773836157 6
    endloop
  endfacet
  facet normal 0.636834506893313 -0.31405202421375533 0.7041399980949765
    outer loop
      vertex 148.4294047947308 -127.84943816497935 4.4
      vertex 147.15072263115144 -126.85496894409938 6
      vertex 147.14579184626135 -126.86496758675084 6
    endloop
  endfacet
  facet normal 0.6368345068935266 -0.31405202421340994 0.7041399980949374
    outer loop
      vertex 148.4294047947308 -127.84943816497935 4.4
      vertex 147.14579184626135 -126.86496758675084 6
      vertex 147.06928909303247 -127.0200998239989 6
    endloop
  endfacet
  facet normal 0.5903942845255125 -0.3944888488696059 0.7041399980949397
    outer loop
      vertex 148.52775681356644 -127.65 4.4
      vertex 147.38981823383685 -126.49713708729243 6
      vertex 147.15072263115144 -126.85496894409938 6
    endloop
  endfacet
  facet normal 0.5338522522610778 -0.46817585994862176 0.7041399980949408
    outer loop
      vertex 148.6512993215049 -127.46510557068518 4.4
      vertex 147.6735747702204 -126.17357477022041 6
      vertex 147.38981823383685 -126.49713708729243 6
    endloop
  endfacet
  facet normal 0.4681758599486218 -0.5338522522610746 0.7041399980949431
    outer loop
      vertex 148.79791847198288 -127.29791847198287 4.4
      vertex 147.99713708729243 -125.88981823383685 6
      vertex 147.6735747702204 -126.17357477022041 6
    endloop
  endfacet
  facet normal 0.39448884886960006 -0.5903942845255155 0.7041399980949403
    outer loop
      vertex 148.96510557068518 -127.1512993215049 4.4
      vertex 148.35496894409937 -125.65072263115145 6
      vertex 147.99713708729243 -125.88981823383685 6
    endloop
  endfacet
  facet normal 0.31405202421343825 -0.6368345068935085 0.7041399980949412
    outer loop
      vertex 149.15 -127.02775681356646 4.4
      vertex 148.74094773836157 -125.46037895421597 6
      vertex 148.35496894409937 -125.65072263115145 6
    endloop
  endfacet
  facet normal 0.2282416823513152 -0.672378314284672 0.7041399980949415
    outer loop
      vertex 149.34943816497935 -126.92940479473081 4.4
      vertex 149.1484692658956 -125.32204403611603 6
      vertex 148.74094773836157 -125.46037895421597 6
    endloop
  endfacet
  facet normal 0.1385260620236092 -0.6964175422999387 0.7041399980949414
    outer loop
      vertex 149.5600076233257 -126.85792609530858 4.4
      vertex 149.57056072037912 -125.23808482565398 6
      vertex 149.1484692658956 -125.32204403611603 6
    endloop
  endfacet
  facet normal -0.6368345068935201 0.31405202421342016 0.7041399980949389
    outer loop
      vertex 151.5705952052692 -129.15056183502065 4.4
      vertex 152.84927736884856 -130.14503105590063 6
      vertex 153.03962104578403 -129.75905226163843 6
    endloop
  endfacet
  facet normal -0.6723783142846818 0.22824168235129516 0.7041399980949385
    outer loop
      vertex 151.64207390469142 -128.9399923766743 4.4
      vertex 153.03962104578403 -129.75905226163843 6
      vertex 153.17795596388396 -129.3515307341044 6
    endloop
  endfacet
  facet normal -0.69641754229994 0.13852606202360992 0.7041399980949401
    outer loop
      vertex 151.68545626433547 -128.7218945267741 4.4
      vertex 153.17795596388396 -129.3515307341044 6
      vertex 153.261915174346 -128.92943927962088 6
    endloop
  endfacet
  facet normal -0.7085408730830334 0.0464402223679927 0.7041399980949414
    outer loop
      vertex 151.7 -128.5 4.4
      vertex 153.261915174346 -128.92943927962088 6
      vertex 153.29006211180123 -128.5 6
    endloop
  endfacet
  facet normal -0.7085408730830344 -0.04644022236799277 0.7041399980949404
    outer loop
      vertex 151.68545626433547 -128.2781054732259 4.4
      vertex 153.29006211180123 -128.5 6
      vertex 153.261915174346 -128.07056072037912 6
    endloop
  endfacet
  facet normal -0.6964175422999418 -0.13852606202360984 0.7041399980949383
    outer loop
      vertex 151.64207390469142 -128.0600076233257 4.4
      vertex 153.261915174346 -128.07056072037912 6
      vertex 153.17795596388396 -127.64846926589561 6
    endloop
  endfacet
  facet normal 0.04644022236799256 -0.7085408730830313 0.7041399980949437
    outer loop
      vertex 149.7781054732259 -126.81454373566453 4.4
      vertex 150 -125.20993788819875 6
      vertex 149.57056072037912 -125.23808482565398 6
    endloop
  endfacet
  facet normal -0.0464402223679927 -0.7085408730830334 0.7041399980949414
    outer loop
      vertex 150 -126.8 4.4
      vertex 150.42943927962088 -125.23808482565398 6
      vertex 150 -125.20993788819875 6
    endloop
  endfacet
  facet normal -0.13852606202360887 -0.696417542299937 0.7041399980949433
    outer loop
      vertex 150.2218945267741 -126.81454373566453 4.4
      vertex 150.8515307341044 -125.32204403611603 6
      vertex 150.42943927962088 -125.23808482565398 6
    endloop
  endfacet
  facet normal -0.22824168235131537 -0.6723783142846725 0.7041399980949409
    outer loop
      vertex 150.4399923766743 -126.85792609530858 4.4
      vertex 151.25905226163843 -125.46037895421597 6
      vertex 150.8515307341044 -125.32204403611603 6
    endloop
  endfacet
  facet normal -0.314052024213438 -0.6368345068935088 0.7041399980949411
    outer loop
      vertex 150.65056183502065 -126.92940479473081 4.4
      vertex 151.64503105590063 -125.65072263115145 6
      vertex 151.25905226163843 -125.46037895421597 6
    endloop
  endfacet
  facet normal -0.5338522522610756 -0.4681758599486198 0.7041399980949437
    outer loop
      vertex 151.20208152801712 -127.29791847198287 4.4
      vertex 152.61018176616315 -126.49713708729243 6
      vertex 152.3264252297796 -126.17357477022041 6
    endloop
  endfacet
  facet normal -0.6368345068935147 -0.31405202421342915 0.7041399980949397
    outer loop
      vertex 151.47224318643356 -127.65 4.4
      vertex 153.03962104578403 -127.24094773836157 6
      vertex 152.84927736884856 -126.85496894409938 6
    endloop
  endfacet
  facet normal -0.6723783142846828 -0.22824168235129502 0.7041399980949379
    outer loop
      vertex 151.5705952052692 -127.84943816497935 4.4
      vertex 153.17795596388396 -127.64846926589561 6
      vertex 153.03962104578403 -127.24094773836157 6
    endloop
  endfacet
  facet normal -0.5903942845255118 -0.3944888488696052 0.7041399980949405
    outer loop
      vertex 151.3487006784951 -127.46510557068518 4.4
      vertex 152.84927736884856 -126.85496894409938 6
      vertex 152.61018176616315 -126.49713708729243 6
    endloop
  endfacet
  facet normal -0.39448884886959956 -0.5903942845255143 0.7041399980949417
    outer loop
      vertex 150.85 -127.02775681356646 4.4
      vertex 152.00286291270757 -125.88981823383685 6
      vertex 151.64503105590063 -125.65072263115145 6
    endloop
  endfacet
  facet normal -0.4681758599486235 -0.5338522522610765 0.7041399980949407
    outer loop
      vertex 151.03489442931482 -127.1512993215049 4.4
      vertex 152.3264252297796 -126.17357477022041 6
      vertex 152.00286291270757 -125.88981823383685 6
    endloop
  endfacet
  facet normal 0.39448884886961594 0.5903942845255054 0.70413999809494
    outer loop
      vertex 48.965105570685175 -129.8487006784951 4.4
      vertex 47.99713708729243 -131.11018176616315 6
      vertex 49.15 -129.97224318643356 4.4
    endloop
  endfacet
  facet normal 0.4681758599486606 0.5338522522610375 0.7041399980949454
    outer loop
      vertex 48.965105570685175 -129.8487006784951 4.4
      vertex 48.79791847198287 -129.70208152801712 4.4
      vertex 47.67357477022041 -130.8264252297796 6
    endloop
  endfacet
  facet normal 0.22824168235127001 0.6723783142846916 0.7041399980949374
    outer loop
      vertex 49.34943816497935 -130.0705952052692 4.4
      vertex 48.74094773836156 -131.53962104578403 6
      vertex 49.56000762332572 -130.14207390469142 4.4
    endloop
  endfacet
  facet normal 0.13852606202358855 0.6964175422999466 0.704139998094938
    outer loop
      vertex 49.56000762332572 -130.14207390469142 4.4
      vertex 49.14846926589562 -131.67795596388396 6
      vertex 49.778105473225914 -130.18545626433547 4.4
    endloop
  endfacet
  facet normal 0.31405202421343265 0.6368345068935131 0.7041399980949398
    outer loop
      vertex 49.34943816497935 -130.0705952052692 4.4
      vertex 49.15 -129.97224318643356 4.4
      vertex 48.354968944099376 -131.34927736884856 6
    endloop
  endfacet
  facet normal 0.04644022236797932 0.7085408730830356 0.70413999809494
    outer loop
      vertex 49.778105473225914 -130.18545626433547 4.4
      vertex 49.57056072037912 -131.761915174346 6
      vertex 50 -130.2 4.4
    endloop
  endfacet
  facet normal -0.046440222367979206 0.7085408730830339 0.704139998094942
    outer loop
      vertex 50 -130.2 4.4
      vertex 50 -131.79006211180123 6
      vertex 50.221894526774086 -130.18545626433547 4.4
    endloop
  endfacet
  facet normal -0.13852606202358791 0.6964175422999433 0.7041399980949413
    outer loop
      vertex 50.221894526774086 -130.18545626433547 4.4
      vertex 50.42943927962088 -131.761915174346 6
      vertex 50.43999237667428 -130.14207390469142 4.4
    endloop
  endfacet
  facet normal -0.22824168235126915 0.6723783142846891 0.70413999809494
    outer loop
      vertex 50.43999237667428 -130.14207390469142 4.4
      vertex 50.85153073410438 -131.67795596388396 6
      vertex 50.65056183502065 -130.0705952052692 4.4
    endloop
  endfacet
  facet normal -0.31405202421343287 0.6368345068935135 0.7041399980949391
    outer loop
      vertex 50.65056183502065 -130.0705952052692 4.4
      vertex 51.25905226163844 -131.53962104578403 6
      vertex 50.85 -129.97224318643356 4.4
    endloop
  endfacet
  facet normal -0.3944888488696163 0.5903942845255059 0.7041399980949392
    outer loop
      vertex 50.85 -129.97224318643356 4.4
      vertex 51.645031055900624 -131.34927736884856 6
      vertex 51.034894429314825 -129.8487006784951 4.4
    endloop
  endfacet
  facet normal -0.4681758599486655 0.533852252261043 0.7041399980949378
    outer loop
      vertex 51.034894429314825 -129.8487006784951 4.4
      vertex 52.00286291270757 -131.11018176616315 6
      vertex 51.20208152801713 -129.70208152801712 4.4
    endloop
  endfacet
  facet normal -0.5338522522610626 0.4681758599486345 0.7041399980949435
    outer loop
      vertex 51.20208152801713 -129.70208152801712 4.4
      vertex 52.32642522977959 -130.8264252297796 6
      vertex 51.3487006784951 -129.53489442931482 4.4
    endloop
  endfacet
  facet normal 0.6723783142846701 0.22824168235132353 0.7041399980949407
    outer loop
      vertex 46.822044036116026 -129.3515307341044 6
      vertex 48.429404794730814 -129.15056183502065 4.4
      vertex 48.357926095308585 -128.9399923766743 4.4
    endloop
  endfacet
  facet normal 0.6964175422999406 0.13852606202360576 0.7041399980949402
    outer loop
      vertex 46.73808482565399 -128.92943927962088 6
      vertex 48.357926095308585 -128.9399923766743 4.4
      vertex 48.31454373566452 -128.7218945267741 4.4
    endloop
  endfacet
  facet normal 0.7085408730830347 0.046440222368000106 0.7041399980949397
    outer loop
      vertex 46.70993788819876 -128.5 6
      vertex 48.31454373566452 -128.7218945267741 4.4
      vertex 48.3 -128.5 4.4
    endloop
  endfacet
  facet normal 0.7085408730830336 -0.04644022236800093 0.7041399980949405
    outer loop
      vertex 46.73808482565399 -128.07056072037912 6
      vertex 48.3 -128.5 4.4
      vertex 48.31454373566452 -128.2781054732259 4.4
    endloop
  endfacet
  facet normal 0.6964175422999397 -0.13852606202360557 0.7041399980949413
    outer loop
      vertex 46.822044036116026 -127.64846926589561 6
      vertex 48.31454373566452 -128.2781054732259 4.4
      vertex 48.357926095308585 -128.0600076233257 4.4
    endloop
  endfacet
  facet normal 0.5338522522610644 0.4681758599486365 0.704139998094941
    outer loop
      vertex 47.38981823383685 -130.50286291270757 6
      vertex 48.79791847198287 -129.70208152801712 4.4
      vertex 48.6512993215049 -129.53489442931482 4.4
    endloop
  endfacet
  facet normal 0.5903942845255136 0.39448884886959873 0.7041399980949429
    outer loop
      vertex 47.150722631151446 -130.14503105590063 6
      vertex 48.6512993215049 -129.53489442931482 4.4
      vertex 48.527756813566455 -129.35 4.4
    endloop
  endfacet
  facet normal 0.6368345068935072 0.3140520242134416 0.7041399980949409
    outer loop
      vertex 46.96037895421597 -129.75905226163843 6
      vertex 48.527756813566455 -129.35 4.4
      vertex 48.429404794730814 -129.15056183502065 4.4
    endloop
  endfacet
  facet normal 0.6723783142846691 -0.22824168235132317 0.7041399980949417
    outer loop
      vertex 46.96037895421597 -127.24094773836157 6
      vertex 48.357926095308585 -128.0600076233257 4.4
      vertex 48.429404794730814 -127.84943816497935 4.4
    endloop
  endfacet
  facet normal 0.6368345068935075 -0.31405202421344064 0.7041399980949411
    outer loop
      vertex 47.150722631151446 -126.85496894409938 6
      vertex 48.429404794730814 -127.84943816497935 4.4
      vertex 48.527756813566455 -127.65 4.4
    endloop
  endfacet
  facet normal 0.5903942845255146 -0.394488848869599 0.7041399980949417
    outer loop
      vertex 47.38981823383685 -126.49713708729243 6
      vertex 48.527756813566455 -127.65 4.4
      vertex 48.6512993215049 -127.46510557068518 4.4
    endloop
  endfacet
  facet normal 0.5338522522610861 -0.4681758599486154 0.7041399980949385
    outer loop
      vertex 48.6512993215049 -127.46510557068518 4.4
      vertex 48.79791847198287 -127.29791847198287 4.4
      vertex 47.67357477022041 -126.17357477022041 6
    endloop
  endfacet
  facet normal 0.4681758599486391 -0.5338522522610647 0.7041399980949389
    outer loop
      vertex 48.79791847198287 -127.29791847198287 4.4
      vertex 48.965105570685175 -127.1512993215049 4.4
      vertex 47.99713708729243 -125.88981823383685 6
    endloop
  endfacet
  facet normal 0.39448884886958424 -0.5903942845255259 0.7041399980949404
    outer loop
      vertex 48.965105570685175 -127.1512993215049 4.4
      vertex 49.15 -127.02775681356646 4.4
      vertex 48.354968944099376 -125.65072263115145 6
    endloop
  endfacet
  facet normal 0.3140520242134316 -0.636834506893511 0.7041399980949419
    outer loop
      vertex 49.15 -127.02775681356646 4.4
      vertex 49.34943816497935 -126.92940479473081 4.4
      vertex 48.74094773836156 -125.46037895421597 6
    endloop
  endfacet
  facet normal 0.22824168235130934 -0.6723783142846739 0.7041399980949415
    outer loop
      vertex 49.34943816497935 -126.92940479473081 4.4
      vertex 49.56000762332572 -126.85792609530858 4.4
      vertex 49.14846926589562 -125.32204403611603 6
    endloop
  endfacet
  facet normal -0.5903942845255145 0.39448884886959934 0.7041399980949415
    outer loop
      vertex 51.3487006784951 -129.53489442931482 4.4
      vertex 52.61018176616315 -130.50286291270757 6
      vertex 51.472243186433545 -129.35 4.4
    endloop
  endfacet
  facet normal -0.6368345068935057 0.3140520242134402 0.7041399980949428
    outer loop
      vertex 51.472243186433545 -129.35 4.4
      vertex 52.849277368848554 -130.14503105590063 6
      vertex 51.570595205269186 -129.15056183502065 4.4
    endloop
  endfacet
  facet normal -0.672378314284669 0.2282416823513231 0.7041399980949419
    outer loop
      vertex 51.570595205269186 -129.15056183502065 4.4
      vertex 53.03962104578403 -129.75905226163843 6
      vertex 51.642073904691415 -128.9399923766743 4.4
    endloop
  endfacet
  facet normal -0.6964175422999397 0.13852606202360535 0.7041399980949413
    outer loop
      vertex 51.642073904691415 -128.9399923766743 4.4
      vertex 53.177955963883974 -129.3515307341044 6
      vertex 51.68545626433548 -128.7218945267741 4.4
    endloop
  endfacet
  facet normal -0.7085408730830337 0.04644022236800039 0.7041399980949407
    outer loop
      vertex 51.68545626433548 -128.7218945267741 4.4
      vertex 53.26191517434601 -128.92943927962088 6
      vertex 51.7 -128.5 4.4
    endloop
  endfacet
  facet normal -0.7085408730830347 -0.04644022236800045 0.7041399980949397
    outer loop
      vertex 51.7 -128.5 4.4
      vertex 53.29006211180124 -128.5 6
      vertex 51.68545626433548 -128.2781054732259 4.4
    endloop
  endfacet
  facet normal -0.6964175422999406 -0.13852606202360554 0.7041399980949402
    outer loop
      vertex 51.68545626433548 -128.2781054732259 4.4
      vertex 53.26191517434601 -128.07056072037912 6
      vertex 51.642073904691415 -128.0600076233257 4.4
    endloop
  endfacet
  facet normal -0.6723783142846701 -0.22824168235132347 0.7041399980949405
    outer loop
      vertex 51.642073904691415 -128.0600076233257 4.4
      vertex 53.177955963883974 -127.64846926589561 6
      vertex 51.570595205269186 -127.84943816497935 4.4
    endloop
  endfacet
  facet normal 0.1385260620235873 -0.6964175422999402 0.7041399980949443
    outer loop
      vertex 49.56000762332572 -126.85792609530858 4.4
      vertex 49.778105473225914 -126.81454373566453 4.4
      vertex 49.57056072037912 -125.23808482565398 6
    endloop
  endfacet
  facet normal 0.04644022236802448 -0.7085408730830324 0.7041399980949405
    outer loop
      vertex 49.778105473225914 -126.81454373566453 4.4
      vertex 50 -126.8 4.4
      vertex 50 -125.20993788819875 6
    endloop
  endfacet
  facet normal -0.046440222368024205 -0.7085408730830282 0.7041399980949449
    outer loop
      vertex 50 -126.8 4.4
      vertex 50.221894526774086 -126.81454373566453 4.4
      vertex 50.42943927962088 -125.23808482565398 6
    endloop
  endfacet
  facet normal -0.13852606202358794 -0.6964175422999435 0.7041399980949411
    outer loop
      vertex 50.221894526774086 -126.81454373566453 4.4
      vertex 50.43999237667428 -126.85792609530858 4.4
      vertex 50.85153073410438 -125.32204403611603 6
    endloop
  endfacet
  facet normal -0.22824168235130926 -0.6723783142846737 0.7041399980949417
    outer loop
      vertex 50.43999237667428 -126.85792609530858 4.4
      vertex 50.65056183502065 -126.92940479473081 4.4
      vertex 51.25905226163844 -125.46037895421597 6
    endloop
  endfacet
  facet normal -0.31405202421343265 -0.6368345068935131 0.7041399980949398
    outer loop
      vertex 50.65056183502065 -126.92940479473081 4.4
      vertex 50.85 -127.02775681356646 4.4
      vertex 51.645031055900624 -125.65072263115145 6
    endloop
  endfacet
  facet normal -0.39448884886958524 -0.5903942845255273 0.7041399980949388
    outer loop
      vertex 51.034894429314825 -127.1512993215049 4.4
      vertex 52.00286291270757 -125.88981823383685 6
      vertex 50.85 -127.02775681356646 4.4
    endloop
  endfacet
  facet normal -0.5338522522610833 -0.4681758599486129 0.7041399980949422
    outer loop
      vertex 51.20208152801713 -127.29791847198287 4.4
      vertex 51.3487006784951 -127.46510557068518 4.4
      vertex 52.61018176616315 -126.49713708729243 6
    endloop
  endfacet
  facet normal -0.46817585994863875 -0.5338522522610644 0.7041399980949395
    outer loop
      vertex 51.20208152801713 -127.29791847198287 4.4
      vertex 52.32642522977959 -126.17357477022041 6
      vertex 51.034894429314825 -127.1512993215049 4.4
    endloop
  endfacet
  facet normal -0.6368345068935074 -0.31405202421344103 0.7041399980949409
    outer loop
      vertex 51.570595205269186 -127.84943816497935 4.4
      vertex 53.03962104578403 -127.24094773836157 6
      vertex 51.472243186433545 -127.65 4.4
    endloop
  endfacet
  facet normal -0.5903942845255149 -0.39448884886959956 0.7041399980949412
    outer loop
      vertex 51.3487006784951 -127.46510557068518 4.4
      vertex 51.472243186433545 -127.65 4.4
      vertex 52.849277368848554 -126.85496894409938 6
    endloop
  endfacet
  facet normal 0.5338522522610746 0.46817585994862176 0.7041399980949432
    outer loop
      vertex 47.38981823383685 -130.50286291270757 6
      vertex 47.67357477022041 -130.8264252297796 6
      vertex 48.79791847198287 -129.70208152801712 4.4
    endloop
  endfacet
  facet normal 0.5903942845255087 0.39448884886960744 0.704139998094942
    outer loop
      vertex 47.38981823383685 -130.50286291270757 6
      vertex 48.6512993215049 -129.53489442931482 4.4
      vertex 47.150722631151446 -130.14503105590063 6
    endloop
  endfacet
  facet normal 0.2282416823512878 0.6723783142846835 0.7041399980949393
    outer loop
      vertex 49.56000762332572 -130.14207390469142 4.4
      vertex 48.74094773836156 -131.53962104578403 6
      vertex 49.14846926589562 -131.67795596388396 6
    endloop
  endfacet
  facet normal 0.13852606202361212 0.6964175422999392 0.7041399980949404
    outer loop
      vertex 49.778105473225914 -130.18545626433547 4.4
      vertex 49.14846926589562 -131.67795596388396 6
      vertex 49.57056072037912 -131.761915174346 6
    endloop
  endfacet
  facet normal 0.46817585994862254 0.5338522522610784 0.7041399980949397
    outer loop
      vertex 48.965105570685175 -129.8487006784951 4.4
      vertex 47.67357477022041 -130.8264252297796 6
      vertex 47.99713708729243 -131.11018176616315 6
    endloop
  endfacet
  facet normal 0.39448884886961144 0.5903942845255089 0.7041399980949394
    outer loop
      vertex 49.15 -129.97224318643356 4.4
      vertex 47.99713708729243 -131.11018176616315 6
      vertex 48.354968944099376 -131.34927736884856 6
    endloop
  endfacet
  facet normal 0.31405202421342926 0.6368345068935151 0.7041399980949392
    outer loop
      vertex 49.34943816497935 -130.0705952052692 4.4
      vertex 48.354968944099376 -131.34927736884856 6
      vertex 48.74094773836156 -131.53962104578403 6
    endloop
  endfacet
  facet normal 0.0464402223679927 0.7085408730830334 0.7041399980949414
    outer loop
      vertex 50 -130.2 4.4
      vertex 49.57056072037912 -131.761915174346 6
      vertex 50 -131.79006211180123 6
    endloop
  endfacet
  facet normal -0.04644022236799277 0.7085408730830344 0.7041399980949407
    outer loop
      vertex 50.221894526774086 -130.18545626433547 4.4
      vertex 50 -131.79006211180123 6
      vertex 50.42943927962088 -131.761915174346 6
    endloop
  endfacet
  facet normal -0.138526062023612 0.6964175422999409 0.7041399980949389
    outer loop
      vertex 50.43999237667428 -130.14207390469142 4.4
      vertex 50.42943927962088 -131.761915174346 6
      vertex 50.85153073410438 -131.67795596388396 6
    endloop
  endfacet
  facet normal -0.22824168235128778 0.6723783142846849 0.704139998094938
    outer loop
      vertex 50.65056183502065 -130.0705952052692 4.4
      vertex 50.85153073410438 -131.67795596388396 6
      vertex 51.25905226163844 -131.53962104578403 6
    endloop
  endfacet
  facet normal -0.31405202421342915 0.6368345068935147 0.7041399980949397
    outer loop
      vertex 50.85 -129.97224318643356 4.4
      vertex 51.25905226163844 -131.53962104578403 6
      vertex 51.645031055900624 -131.34927736884856 6
    endloop
  endfacet
  facet normal -0.394488848869611 0.5903942845255087 0.7041399980949399
    outer loop
      vertex 51.034894429314825 -129.8487006784951 4.4
      vertex 51.645031055900624 -131.34927736884856 6
      vertex 52.00286291270757 -131.11018176616315 6
    endloop
  endfacet
  facet normal -0.4681758599486198 0.5338522522610756 0.7041399980949437
    outer loop
      vertex 51.20208152801713 -129.70208152801712 4.4
      vertex 52.00286291270757 -131.11018176616315 6
      vertex 52.32642522977959 -130.8264252297796 6
    endloop
  endfacet
  facet normal -0.5338522522610755 0.46817585994862243 0.704139998094942
    outer loop
      vertex 51.3487006784951 -129.53489442931482 4.4
      vertex 52.32642522977959 -130.8264252297796 6
      vertex 52.61018176616315 -130.50286291270757 6
    endloop
  endfacet
  facet normal -0.5903942845255081 0.39448884886960683 0.7041399980949427
    outer loop
      vertex 51.472243186433545 -129.35 4.4
      vertex 52.61018176616315 -130.50286291270757 6
      vertex 52.849277368848554 -130.14503105590063 6
    endloop
  endfacet
  facet normal 0.6368345068935123 0.3140520242134282 0.7041399980949423
    outer loop
      vertex 47.150722631151446 -130.14503105590063 6
      vertex 48.527756813566455 -129.35 4.4
      vertex 46.96037895421597 -129.75905226163843 6
    endloop
  endfacet
  facet normal 0.672378314284672 0.22824168235131498 0.7041399980949415
    outer loop
      vertex 46.822044036116026 -129.3515307341044 6
      vertex 46.96037895421597 -129.75905226163843 6
      vertex 48.429404794730814 -129.15056183502065 4.4
    endloop
  endfacet
  facet normal 0.6964175422999414 0.13852606202359818 0.704139998094941
    outer loop
      vertex 46.822044036116026 -129.3515307341044 6
      vertex 48.357926095308585 -128.9399923766743 4.4
      vertex 46.73808482565399 -128.92943927962088 6
    endloop
  endfacet
  facet normal 0.7085408730830344 0.046440222367992945 0.7041399980949404
    outer loop
      vertex 46.73808482565399 -128.92943927962088 6
      vertex 48.31454373566452 -128.7218945267741 4.4
      vertex 46.70993788819876 -128.5 6
    endloop
  endfacet
  facet normal 0.7085408730830349 -0.04644022236799298 0.7041399980949399
    outer loop
      vertex 46.70993788819876 -128.5 6
      vertex 48.3 -128.5 4.4
      vertex 46.73808482565399 -128.07056072037912 6
    endloop
  endfacet
  facet normal 0.6964175422999419 -0.1385260620235983 0.7041399980949405
    outer loop
      vertex 46.73808482565399 -128.07056072037912 6
      vertex 48.31454373566452 -128.2781054732259 4.4
      vertex 46.822044036116026 -127.64846926589561 6
    endloop
  endfacet
  facet normal 0.6723783142846727 -0.22824168235131517 0.7041399980949409
    outer loop
      vertex 46.822044036116026 -127.64846926589561 6
      vertex 48.357926095308585 -128.0600076233257 4.4
      vertex 46.96037895421597 -127.24094773836157 6
    endloop
  endfacet
  facet normal 0.6368345068935088 -0.3140520242134381 0.7041399980949411
    outer loop
      vertex 46.96037895421597 -127.24094773836157 6
      vertex 48.429404794730814 -127.84943816497935 4.4
      vertex 47.150722631151446 -126.85496894409938 6
    endloop
  endfacet
  facet normal 0.5903942845255165 -0.394488848869597 0.7041399980949413
    outer loop
      vertex 47.150722631151446 -126.85496894409938 6
      vertex 48.527756813566455 -127.65 4.4
      vertex 47.38981823383685 -126.49713708729243 6
    endloop
  endfacet
  facet normal 0.5338522522610657 -0.46817585994863453 0.7041399980949414
    outer loop
      vertex 47.38981823383685 -126.49713708729243 6
      vertex 48.6512993215049 -127.46510557068518 4.4
      vertex 47.67357477022041 -126.17357477022041 6
    endloop
  endfacet
  facet normal 0.468175859948636 -0.5338522522610671 0.7041399980949394
    outer loop
      vertex 48.79791847198287 -127.29791847198287 4.4
      vertex 47.99713708729243 -125.88981823383685 6
      vertex 47.67357477022041 -126.17357477022041 6
    endloop
  endfacet
  facet normal 0.39448884886959523 -0.5903942845255201 0.7041399980949392
    outer loop
      vertex 48.965105570685175 -127.1512993215049 4.4
      vertex 48.354968944099376 -125.65072263115145 6
      vertex 47.99713708729243 -125.88981823383685 6
    endloop
  endfacet
  facet normal 0.314052024213448 -0.6368345068935047 0.7041399980949402
    outer loop
      vertex 49.15 -127.02775681356646 4.4
      vertex 48.74094773836156 -125.46037895421597 6
      vertex 48.354968944099376 -125.65072263115145 6
    endloop
  endfacet
  facet normal 0.22824168235130796 -0.6723783142846742 0.7041399980949418
    outer loop
      vertex 49.34943816497935 -126.92940479473081 4.4
      vertex 49.14846926589562 -125.32204403611603 6
      vertex 48.74094773836156 -125.46037895421597 6
    endloop
  endfacet
  facet normal 0.13852606202361142 -0.696417542299938 0.7041399980949419
    outer loop
      vertex 49.56000762332572 -126.85792609530858 4.4
      vertex 49.57056072037912 -125.23808482565398 6
      vertex 49.14846926589562 -125.32204403611603 6
    endloop
  endfacet
  facet normal -0.6368345068935132 0.3140520242134286 0.7041399980949413
    outer loop
      vertex 51.570595205269186 -129.15056183502065 4.4
      vertex 52.849277368848554 -130.14503105590063 6
      vertex 53.03962104578403 -129.75905226163843 6
    endloop
  endfacet
  facet normal -0.6723783142846725 0.22824168235131537 0.7041399980949409
    outer loop
      vertex 51.642073904691415 -128.9399923766743 4.4
      vertex 53.03962104578403 -129.75905226163843 6
      vertex 53.177955963883974 -129.3515307341044 6
    endloop
  endfacet
  facet normal 0.04644022236799256 -0.7085408730830313 0.7041399980949438
    outer loop
      vertex 49.778105473225914 -126.81454373566453 4.4
      vertex 50 -125.20993788819875 6
      vertex 49.57056072037912 -125.23808482565398 6
    endloop
  endfacet
  facet normal -0.0464402223679927 -0.7085408730830334 0.7041399980949414
    outer loop
      vertex 50 -126.8 4.4
      vertex 50.42943927962088 -125.23808482565398 6
      vertex 50 -125.20993788819875 6
    endloop
  endfacet
  facet normal -0.1385260620236111 -0.6964175422999364 0.7041399980949435
    outer loop
      vertex 50.221894526774086 -126.81454373566453 4.4
      vertex 50.85153073410438 -125.32204403611603 6
      vertex 50.42943927962088 -125.23808482565398 6
    endloop
  endfacet
  facet normal -0.228241682351308 -0.6723783142846742 0.7041399980949417
    outer loop
      vertex 50.43999237667428 -126.85792609530858 4.4
      vertex 51.25905226163844 -125.46037895421597 6
      vertex 50.85153073410438 -125.32204403611603 6
    endloop
  endfacet
  facet normal -0.672378314284672 -0.2282416823513152 0.7041399980949415
    outer loop
      vertex 51.570595205269186 -127.84943816497935 4.4
      vertex 53.177955963883974 -127.64846926589561 6
      vertex 53.03962104578403 -127.24094773836157 6
    endloop
  endfacet
  facet normal -0.6368345068935084 -0.31405202421343836 0.7041399980949413
    outer loop
      vertex 51.472243186433545 -127.65 4.4
      vertex 53.03962104578403 -127.24094773836157 6
      vertex 52.849277368848554 -126.85496894409938 6
    endloop
  endfacet
  facet normal -0.5338522522610671 -0.468175859948636 0.7041399980949394
    outer loop
      vertex 51.20208152801713 -127.29791847198287 4.4
      vertex 52.61018176616315 -126.49713708729243 6
      vertex 52.32642522977959 -126.17357477022041 6
    endloop
  endfacet
  facet normal -0.5903942845255162 -0.39448884886959684 0.7041399980949414
    outer loop
      vertex 51.3487006784951 -127.46510557068518 4.4
      vertex 52.849277368848554 -126.85496894409938 6
      vertex 52.61018176616315 -126.49713708729243 6
    endloop
  endfacet
  facet normal -0.46817585994863614 -0.5338522522610673 0.7041399980949392
    outer loop
      vertex 51.034894429314825 -127.1512993215049 4.4
      vertex 52.32642522977959 -126.17357477022041 6
      vertex 52.00286291270757 -125.88981823383685 6
    endloop
  endfacet
  facet normal -0.39448884886959495 -0.5903942845255191 0.7041399980949401
    outer loop
      vertex 50.85 -127.02775681356646 4.4
      vertex 52.00286291270757 -125.88981823383685 6
      vertex 51.645031055900624 -125.65072263115145 6
    endloop
  endfacet
  facet normal -0.31405202421344713 -0.636834506893504 0.7041399980949414
    outer loop
      vertex 50.65056183502065 -126.92940479473081 4.4
      vertex 51.645031055900624 -125.65072263115145 6
      vertex 51.25905226163844 -125.46037895421597 6
    endloop
  endfacet
  facet normal -0.6964175422999418 0.13852606202359838 0.7041399980949407
    outer loop
      vertex 51.68545626433548 -128.7218945267741 4.4
      vertex 53.177955963883974 -129.3515307341044 6
      vertex 53.26191517434601 -128.92943927962088 6
    endloop
  endfacet
  facet normal -0.7085408730830349 0.046440222367993264 0.7041399980949399
    outer loop
      vertex 51.7 -128.5 4.4
      vertex 53.26191517434601 -128.92943927962088 6
      vertex 53.29006211180124 -128.5 6
    endloop
  endfacet
  facet normal -0.7085408730830344 -0.04644022236799277 0.7041399980949404
    outer loop
      vertex 51.68545626433548 -128.2781054732259 4.4
      vertex 53.29006211180124 -128.5 6
      vertex 53.26191517434601 -128.07056072037912 6
    endloop
  endfacet
  facet normal -0.6964175422999414 -0.1385260620235983 0.704139998094941
    outer loop
      vertex 51.642073904691415 -128.0600076233257 4.4
      vertex 53.26191517434601 -128.07056072037912 6
      vertex 53.177955963883974 -127.64846926589561 6
    endloop
  endfacet
  facet normal 0.2282416823513121 0.6723783142846727 0.7041399980949418
    outer loop
      vertex -0.43999237667428526 -125.14207390469142 4.4
      vertex -0.6505618350206526 -125.07059520526919 4.4
      vertex -1.2590522616384352 -126.53962104578403 6
    endloop
  endfacet
  facet normal 0.13852606202358736 0.6964175422999437 0.7041399980949409
    outer loop
      vertex -0.43999237667428526 -125.14207390469142 4.4
      vertex -0.8515307341043804 -126.67795596388397 6
      vertex -0.22189452677408766 -125.18545626433547 4.4
    endloop
  endfacet
  facet normal 0.04644022236802395 0.7085408730830283 0.7041399980949447
    outer loop
      vertex -0.22189452677408766 -125.18545626433547 4.4
      vertex -0.42943927962087775 -126.76191517434602 6
      vertex 0 -125.2 4.4
    endloop
  endfacet
  facet normal -0.04644022236802421 0.7085408730830324 0.7041399980949404
    outer loop
      vertex 0 -125.2 4.4
      vertex 0 -126.79006211180125 6
      vertex 0.22189452677408766 -125.18545626433547 4.4
    endloop
  endfacet
  facet normal -0.13852606202358675 0.6964175422999406 0.7041399980949442
    outer loop
      vertex 0.22189452677408766 -125.18545626433547 4.4
      vertex 0.42943927962087775 -126.76191517434602 6
      vertex 0.43999237667428526 -125.14207390469142 4.4
    endloop
  endfacet
  facet normal -0.22824168235131223 0.6723783142846731 0.7041399980949414
    outer loop
      vertex 0.43999237667428526 -125.14207390469142 4.4
      vertex 0.8515307341043804 -126.67795596388397 6
      vertex 0.6505618350206526 -125.07059520526919 4.4
    endloop
  endfacet
  facet normal -0.31405202421343265 0.6368345068935106 0.7041399980949418
    outer loop
      vertex 0.6505618350206526 -125.07059520526919 4.4
      vertex 1.2590522616384352 -126.53962104578403 6
      vertex 0.85 -124.97224318643354 4.4
    endloop
  endfacet
  facet normal 0.46817585994863536 0.5338522522610674 0.7041399980949394
    outer loop
      vertex -1.034894429314825 -124.8487006784951 4.4
      vertex -2.3264252297795913 -125.82642522977959 6
      vertex -2.0028629127075734 -126.11018176616315 6
    endloop
  endfacet
  facet normal 0.3944888488695905 0.5903942845255221 0.7041399980949401
    outer loop
      vertex -0.85 -124.97224318643354 4.4
      vertex -2.0028629127075734 -126.11018176616315 6
      vertex -1.6450310559006212 -126.34927736884855 6
    endloop
  endfacet
  facet normal 0.2282416823513098 0.6723783142846739 0.7041399980949414
    outer loop
      vertex -0.43999237667428526 -125.14207390469142 4.4
      vertex -1.2590522616384352 -126.53962104578403 6
      vertex -0.8515307341043804 -126.67795596388397 6
    endloop
  endfacet
  facet normal 0.31405202421344747 0.636834506893504 0.7041399980949412
    outer loop
      vertex -0.6505618350206526 -125.07059520526919 4.4
      vertex -1.6450310559006212 -126.34927736884855 6
      vertex -1.2590522616384352 -126.53962104578403 6
    endloop
  endfacet
  facet normal 0.13852606202361015 0.6964175422999366 0.7041399980949434
    outer loop
      vertex -0.22189452677408766 -125.18545626433547 4.4
      vertex -0.8515307341043804 -126.67795596388397 6
      vertex -0.42943927962087775 -126.76191517434602 6
    endloop
  endfacet
  facet normal 0.04644022236799309 0.7085408730830334 0.7041399980949415
    outer loop
      vertex -0.42943927962087775 -126.76191517434602 6
      vertex 0 -126.79006211180125 6
      vertex 0 -125.2 4.4
    endloop
  endfacet
  facet normal -0.04644022236799277 0.7085408730830313 0.7041399980949437
    outer loop
      vertex 0.22189452677408766 -125.18545626433547 4.4
      vertex 0 -126.79006211180125 6
      vertex 0.42943927962087775 -126.76191517434602 6
    endloop
  endfacet
  facet normal -0.13852606202361048 0.6964175422999382 0.7041399980949418
    outer loop
      vertex 0.43999237667428526 -125.14207390469142 4.4
      vertex 0.42943927962087775 -126.76191517434602 6
      vertex 0.8515307341043804 -126.67795596388397 6
    endloop
  endfacet
  facet normal -0.2282416823513097 0.6723783142846737 0.7041399980949417
    outer loop
      vertex 0.6505618350206526 -125.07059520526919 4.4
      vertex 0.8515307341043804 -126.67795596388397 6
      vertex 1.2590522616384352 -126.53962104578403 6
    endloop
  endfacet
  facet normal -0.31405202421344836 0.6368345068935048 0.70413999809494
    outer loop
      vertex 0.85 -124.97224318643354 4.4
      vertex 1.2590522616384352 -126.53962104578403 6
      vertex 1.6450310559006212 -126.34927736884855 6
    endloop
  endfacet
  facet normal -0.3944888488695906 0.5903942845255229 0.7041399980949394
    outer loop
      vertex 1.034894429314825 -124.8487006784951 4.4
      vertex 1.6450310559006212 -126.34927736884855 6
      vertex 2.0028629127075734 -126.11018176616315 6
    endloop
  endfacet
  facet normal -0.468175859948635 0.5338522522610669 0.70413999809494
    outer loop
      vertex 1.2020815280171309 -124.70208152801713 4.4
      vertex 2.0028629127075734 -126.11018176616315 6
      vertex 2.3264252297795913 -125.82642522977959 6
    endloop
  endfacet
  facet normal 0.6964175422999399 0.13852606202360876 0.7041399980949403
    outer loop
      vertex -1.6420739046914161 -123.93999237667428 4.4
      vertex -1.6854562643354776 -123.7218945267741 4.4
      vertex -3.2619151743460084 -123.92943927962088 6
    endloop
  endfacet
  facet normal 0.708540873083034 0.04644022236799332 0.7041399980949408
    outer loop
      vertex -1.6854562643354776 -123.7218945267741 4.4
      vertex -1.7 -123.5 4.4
      vertex -3.2900621118012423 -123.5 6
    endloop
  endfacet
  facet normal 0.7085408730830342 -0.046440222367993333 0.7041399980949405
    outer loop
      vertex -1.7 -123.5 4.4
      vertex -1.6854562643354776 -123.2781054732259 4.4
      vertex -3.2619151743460084 -123.07056072037912 6
    endloop
  endfacet
  facet normal 0.5338522522610811 0.46817585994861594 0.704139998094942
    outer loop
      vertex -1.2020815280171309 -124.70208152801713 4.4
      vertex -1.3487006784950997 -124.53489442931482 4.4
      vertex -2.6101817661631506 -125.50286291270757 6
    endloop
  endfacet
  facet normal 0.46817585994864 0.5338522522610623 0.7041399980949403
    outer loop
      vertex -1.2020815280171309 -124.70208152801713 4.4
      vertex -2.3264252297795913 -125.82642522977959 6
      vertex -1.034894429314825 -124.8487006784951 4.4
    endloop
  endfacet
  facet normal 0.5903942845255145 0.3944888488696008 0.7041399980949409
    outer loop
      vertex -1.3487006784950997 -124.53489442931482 4.4
      vertex -1.4722431864335457 -124.35 4.4
      vertex -2.8492773688485533 -125.14503105590062 6
    endloop
  endfacet
  facet normal 0.6368345068935072 0.31405202421344375 0.7041399980949399
    outer loop
      vertex -1.5705952052691874 -124.15056183502065 4.4
      vertex -3.0396210457840285 -124.75905226163843 6
      vertex -1.4722431864335457 -124.35 4.4
    endloop
  endfacet
  facet normal 0.39448884886958285 0.5903942845255283 0.704139998094939
    outer loop
      vertex -1.034894429314825 -124.8487006784951 4.4
      vertex -2.0028629127075734 -126.11018176616315 6
      vertex -0.85 -124.97224318643354 4.4
    endloop
  endfacet
  facet normal 0.3140520242134337 0.6368345068935127 0.7041399980949397
    outer loop
      vertex -0.6505618350206526 -125.07059520526919 4.4
      vertex -0.85 -124.97224318643354 4.4
      vertex -1.6450310559006212 -126.34927736884855 6
    endloop
  endfacet
  facet normal 0.6723783142846746 0.22824168235130748 0.7041399980949414
    outer loop
      vertex -1.5705952052691874 -124.15056183502065 4.4
      vertex -1.6420739046914161 -123.93999237667428 4.4
      vertex -3.177955963883972 -124.35153073410439 6
    endloop
  endfacet
  facet normal 0.6964175422999391 -0.1385260620236086 0.7041399980949411
    outer loop
      vertex -1.6854562643354776 -123.2781054732259 4.4
      vertex -1.6420739046914161 -123.06000762332572 4.4
      vertex -3.1779559638839716 -122.64846926589561 6
    endloop
  endfacet
  facet normal 0.6723783142846756 -0.22824168235130782 0.7041399980949402
    outer loop
      vertex -1.6420739046914161 -123.06000762332572 4.4
      vertex -1.5705952052691874 -122.84943816497935 4.4
      vertex -3.0396210457840285 -122.24094773836157 6
    endloop
  endfacet
  facet normal 0.6368345068935062 -0.31405202421344325 0.7041399980949411
    outer loop
      vertex -1.5705952052691874 -122.84943816497935 4.4
      vertex -1.4722431864335457 -122.65 4.4
      vertex -2.8492773688485533 -121.85496894409938 6
    endloop
  endfacet
  facet normal 0.5903942845255139 -0.3944888488696004 0.7041399980949414
    outer loop
      vertex -1.4722431864335457 -122.65 4.4
      vertex -1.3487006784950997 -122.46510557068518 4.4
      vertex -2.610181766163151 -121.49713708729243 6
    endloop
  endfacet
  facet normal 0.533852252261083 -0.4681758599486176 0.7041399980949393
    outer loop
      vertex -1.3487006784950997 -122.46510557068518 4.4
      vertex -1.2020815280171309 -122.29791847198287 4.4
      vertex -2.3264252297795913 -121.17357477022041 6
    endloop
  endfacet
  facet normal 0.46817585994864064 -0.5338522522610629 0.7041399980949393
    outer loop
      vertex -1.2020815280171309 -122.29791847198287 4.4
      vertex -1.034894429314825 -122.1512993215049 4.4
      vertex -2.0028629127075734 -120.88981823383685 6
    endloop
  endfacet
  facet normal 0.3944888488695822 -0.5903942845255272 0.7041399980949403
    outer loop
      vertex -1.034894429314825 -122.1512993215049 4.4
      vertex -0.85 -122.02775681356646 4.4
      vertex -1.6450310559006212 -120.65072263115145 6
    endloop
  endfacet
  facet normal 0.3140520242134327 -0.6368345068935107 0.7041399980949418
    outer loop
      vertex -0.85 -122.02775681356646 4.4
      vertex -0.6505618350206526 -121.92940479473081 4.4
      vertex -1.2590522616384352 -120.46037895421597 6
    endloop
  endfacet
  facet normal 0.22824168235131218 -0.672378314284673 0.7041399980949414
    outer loop
      vertex -0.6505618350206526 -121.92940479473081 4.4
      vertex -0.43999237667428526 -121.85792609530858 4.4
      vertex -0.8515307341043804 -120.32204403611603 6
    endloop
  endfacet
  facet normal -0.39448884886958224 0.5903942845255273 0.7041399980949403
    outer loop
      vertex 0.85 -124.97224318643354 4.4
      vertex 1.6450310559006212 -126.34927736884855 6
      vertex 1.034894429314825 -124.8487006784951 4.4
    endloop
  endfacet
  facet normal -0.46817585994864064 0.5338522522610629 0.7041399980949393
    outer loop
      vertex 1.034894429314825 -124.8487006784951 4.4
      vertex 2.0028629127075734 -126.11018176616315 6
      vertex 1.2020815280171309 -124.70208152801713 4.4
    endloop
  endfacet
  facet normal -0.533852252261083 0.4681758599486176 0.7041399980949393
    outer loop
      vertex 1.2020815280171309 -124.70208152801713 4.4
      vertex 2.3264252297795913 -125.82642522977959 6
      vertex 1.3487006784950997 -124.53489442931482 4.4
    endloop
  endfacet
  facet normal -0.5903942845255139 0.3944888488696004 0.7041399980949414
    outer loop
      vertex 1.3487006784950997 -124.53489442931482 4.4
      vertex 2.610181766163151 -125.50286291270757 6
      vertex 1.4722431864335457 -124.35 4.4
    endloop
  endfacet
  facet normal -0.6368345068935062 0.31405202421344325 0.7041399980949411
    outer loop
      vertex 1.4722431864335457 -124.35 4.4
      vertex 2.8492773688485533 -125.14503105590062 6
      vertex 1.5705952052691874 -124.15056183502065 4.4
    endloop
  endfacet
  facet normal -0.6723783142846756 0.22824168235130782 0.7041399980949402
    outer loop
      vertex 1.5705952052691874 -124.15056183502065 4.4
      vertex 3.0396210457840285 -124.75905226163843 6
      vertex 1.6420739046914161 -123.93999237667428 4.4
    endloop
  endfacet
  facet normal -0.6964175422999391 0.1385260620236086 0.7041399980949411
    outer loop
      vertex 1.6420739046914161 -123.93999237667428 4.4
      vertex 3.1779559638839716 -124.35153073410439 6
      vertex 1.6854562643354776 -123.7218945267741 4.4
    endloop
  endfacet
  facet normal -0.7085408730830342 0.046440222367993333 0.7041399980949407
    outer loop
      vertex 1.6854562643354776 -123.7218945267741 4.4
      vertex 3.2619151743460084 -123.92943927962088 6
      vertex 1.7 -123.5 4.4
    endloop
  endfacet
  facet normal -0.708540873083034 -0.04644022236799332 0.7041399980949408
    outer loop
      vertex 1.7 -123.5 4.4
      vertex 3.2900621118012423 -123.5 6
      vertex 1.6854562643354776 -123.2781054732259 4.4
    endloop
  endfacet
  facet normal 0.13852606202358675 -0.6964175422999406 0.7041399980949442
    outer loop
      vertex -0.43999237667428526 -121.85792609530858 4.4
      vertex -0.22189452677408766 -121.81454373566453 4.4
      vertex -0.42943927962087775 -120.23808482565398 6
    endloop
  endfacet
  facet normal 0.04644022236802421 -0.7085408730830324 0.7041399980949404
    outer loop
      vertex -0.22189452677408766 -121.81454373566453 4.4
      vertex 0 -121.8 4.4
      vertex 0 -120.20993788819875 6
    endloop
  endfacet
  facet normal -0.046440222368023934 -0.7085408730830282 0.7041399980949447
    outer loop
      vertex 0 -121.8 4.4
      vertex 0.22189452677408766 -121.81454373566453 4.4
      vertex 0.42943927962087775 -120.23808482565398 6
    endloop
  endfacet
  facet normal -0.13852606202358736 -0.6964175422999437 0.7041399980949409
    outer loop
      vertex 0.22189452677408766 -121.81454373566453 4.4
      vertex 0.43999237667428526 -121.85792609530858 4.4
      vertex 0.8515307341043804 -120.32204403611603 6
    endloop
  endfacet
  facet normal -0.2282416823513121 -0.6723783142846727 0.7041399980949418
    outer loop
      vertex 0.6505618350206526 -121.92940479473081 4.4
      vertex 1.2590522616384352 -120.46037895421597 6
      vertex 0.43999237667428526 -121.85792609530858 4.4
    endloop
  endfacet
  facet normal -0.5338522522610811 -0.46817585994861594 0.704139998094942
    outer loop
      vertex 1.3487006784950997 -122.46510557068518 4.4
      vertex 2.6101817661631506 -121.49713708729243 6
      vertex 1.2020815280171309 -122.29791847198287 4.4
    endloop
  endfacet
  facet normal -0.6723783142846746 -0.22824168235130748 0.7041399980949414
    outer loop
      vertex 1.6420739046914161 -123.06000762332572 4.4
      vertex 3.177955963883972 -122.64846926589561 6
      vertex 1.5705952052691874 -122.84943816497935 4.4
    endloop
  endfacet
  facet normal -0.6964175422999399 -0.13852606202360876 0.7041399980949403
    outer loop
      vertex 1.6854562643354776 -123.2781054732259 4.4
      vertex 3.2619151743460084 -123.07056072037912 6
      vertex 1.6420739046914161 -123.06000762332572 4.4
    endloop
  endfacet
  facet normal -0.6368345068935072 -0.31405202421344375 0.70413999809494
    outer loop
      vertex 1.4722431864335457 -122.65 4.4
      vertex 1.5705952052691874 -122.84943816497935 4.4
      vertex 3.0396210457840285 -122.24094773836157 6
    endloop
  endfacet
  facet normal -0.5903942845255145 -0.3944888488696008 0.7041399980949409
    outer loop
      vertex 1.3487006784950997 -122.46510557068518 4.4
      vertex 1.4722431864335457 -122.65 4.4
      vertex 2.8492773688485533 -121.85496894409938 6
    endloop
  endfacet
  facet normal -0.3140520242134337 -0.6368345068935127 0.7041399980949397
    outer loop
      vertex 0.6505618350206526 -121.92940479473081 4.4
      vertex 0.85 -122.02775681356646 4.4
      vertex 1.6450310559006212 -120.65072263115145 6
    endloop
  endfacet
  facet normal -0.39448884886958296 -0.5903942845255284 0.704139998094939
    outer loop
      vertex 0.85 -122.02775681356646 4.4
      vertex 1.034894429314825 -122.1512993215049 4.4
      vertex 2.0028629127075734 -120.88981823383685 6
    endloop
  endfacet
  facet normal -0.46817585994864014 -0.5338522522610624 0.7041399980949403
    outer loop
      vertex 1.034894429314825 -122.1512993215049 4.4
      vertex 1.2020815280171309 -122.29791847198287 4.4
      vertex 2.3264252297795913 -121.17357477022041 6
    endloop
  endfacet
  facet normal 0.5903942845255165 0.39448884886959695 0.7041399980949412
    outer loop
      vertex -1.3487006784950997 -124.53489442931482 4.4
      vertex -2.8492773688485533 -125.14503105590062 6
      vertex -2.6101817661631506 -125.50286291270757 6
    endloop
  endfacet
  facet normal 0.6723783142846727 0.22824168235131587 0.7041399980949405
    outer loop
      vertex -1.5705952052691874 -124.15056183502065 4.4
      vertex -3.177955963883972 -124.35153073410439 6
      vertex -3.0396210457840285 -124.75905226163843 6
    endloop
  endfacet
  facet normal 0.6368345068935101 0.314052024213436 0.7041399980949409
    outer loop
      vertex -1.4722431864335457 -124.35 4.4
      vertex -3.0396210457840285 -124.75905226163843 6
      vertex -2.8492773688485533 -125.14503105590062 6
    endloop
  endfacet
  facet normal 0.6964175422999406 0.13852606202360226 0.7041399980949411
    outer loop
      vertex -1.6420739046914161 -123.93999237667428 4.4
      vertex -3.2619151743460084 -123.92943927962088 6
      vertex -3.177955963883972 -124.35153073410439 6
    endloop
  endfacet
  facet normal 0.708540873083034 0.04644022236799412 0.7041399980949408
    outer loop
      vertex -1.6854562643354776 -123.7218945267741 4.4
      vertex -3.2900621118012423 -123.5 6
      vertex -3.2619151743460084 -123.92943927962088 6
    endloop
  endfacet
  facet normal 0.7085408730830339 -0.046440222367994576 0.7041399980949408
    outer loop
      vertex -1.7 -123.5 4.4
      vertex -3.2619151743460084 -123.07056072037912 6
      vertex -3.2900621118012423 -123.5 6
    endloop
  endfacet
  facet normal 0.5338522522610702 0.46817585994863137 0.70413999809494
    outer loop
      vertex -1.2020815280171309 -124.70208152801713 4.4
      vertex -2.6101817661631506 -125.50286291270757 6
      vertex -2.3264252297795913 -125.82642522977959 6
    endloop
  endfacet
  facet normal 0.6964175422999408 -0.1385260620236032 0.7041399980949405
    outer loop
      vertex -1.6854562643354776 -123.2781054732259 4.4
      vertex -3.1779559638839716 -122.64846926589561 6
      vertex -3.2619151743460084 -123.07056072037912 6
    endloop
  endfacet
  facet normal 0.6723783142846724 -0.22824168235131492 0.7041399980949412
    outer loop
      vertex -1.6420739046914161 -123.06000762332572 4.4
      vertex -3.0396210457840285 -122.24094773836157 6
      vertex -3.1779559638839716 -122.64846926589561 6
    endloop
  endfacet
  facet normal 0.6368345068935108 -0.3140520242134358 0.7041399980949403
    outer loop
      vertex -1.5705952052691874 -122.84943816497935 4.4
      vertex -2.8492773688485533 -121.85496894409938 6
      vertex -3.0396210457840285 -122.24094773836157 6
    endloop
  endfacet
  facet normal 0.5903942845255171 -0.3944888488695966 0.7041399980949409
    outer loop
      vertex -1.4722431864335457 -122.65 4.4
      vertex -2.610181766163151 -121.49713708729243 6
      vertex -2.8492773688485533 -121.85496894409938 6
    endloop
  endfacet
  facet normal 0.533852252261069 -0.4681758599486306 0.7041399980949414
    outer loop
      vertex -1.3487006784950997 -122.46510557068518 4.4
      vertex -2.3264252297795913 -121.17357477022041 6
      vertex -2.610181766163151 -121.49713708729243 6
    endloop
  endfacet
  facet normal 0.468175859948635 -0.5338522522610669 0.70413999809494
    outer loop
      vertex -1.2020815280171309 -122.29791847198287 4.4
      vertex -2.0028629127075734 -120.88981823383685 6
      vertex -2.3264252297795913 -121.17357477022041 6
    endloop
  endfacet
  facet normal 0.3944888488695906 -0.5903942845255229 0.7041399980949394
    outer loop
      vertex -1.034894429314825 -122.1512993215049 4.4
      vertex -1.6450310559006212 -120.65072263115145 6
      vertex -2.0028629127075734 -120.88981823383685 6
    endloop
  endfacet
  facet normal 0.31405202421344836 -0.6368345068935048 0.70413999809494
    outer loop
      vertex -0.85 -122.02775681356646 4.4
      vertex -1.2590522616384352 -120.46037895421597 6
      vertex -1.6450310559006212 -120.65072263115145 6
    endloop
  endfacet
  facet normal -0.533852252261069 0.4681758599486306 0.7041399980949414
    outer loop
      vertex 1.3487006784950997 -124.53489442931482 4.4
      vertex 2.3264252297795913 -125.82642522977959 6
      vertex 2.610181766163151 -125.50286291270757 6
    endloop
  endfacet
  facet normal -0.5903942845255171 0.3944888488695966 0.7041399980949409
    outer loop
      vertex 1.4722431864335457 -124.35 4.4
      vertex 2.610181766163151 -125.50286291270757 6
      vertex 2.8492773688485533 -125.14503105590062 6
    endloop
  endfacet
  facet normal -0.6368345068935108 0.3140520242134358 0.7041399980949403
    outer loop
      vertex 1.5705952052691874 -124.15056183502065 4.4
      vertex 2.8492773688485533 -125.14503105590062 6
      vertex 3.0396210457840285 -124.75905226163843 6
    endloop
  endfacet
  facet normal -0.6368345068935101 -0.314052024213436 0.7041399980949409
    outer loop
      vertex 1.4722431864335457 -122.65 4.4
      vertex 3.0396210457840285 -122.24094773836157 6
      vertex 2.8492773688485533 -121.85496894409938 6
    endloop
  endfacet
  facet normal -0.31405202421344747 -0.636834506893504 0.7041399980949412
    outer loop
      vertex 0.6505618350206526 -121.92940479473081 4.4
      vertex 1.6450310559006212 -120.65072263115145 6
      vertex 1.2590522616384352 -120.46037895421597 6
    endloop
  endfacet
  facet normal -0.3944888488695905 -0.5903942845255221 0.7041399980949401
    outer loop
      vertex 0.85 -122.02775681356646 4.4
      vertex 2.0028629127075734 -120.88981823383685 6
      vertex 1.6450310559006212 -120.65072263115145 6
    endloop
  endfacet
  facet normal -0.5338522522610702 -0.46817585994863137 0.70413999809494
    outer loop
      vertex 1.2020815280171309 -122.29791847198287 4.4
      vertex 2.6101817661631506 -121.49713708729243 6
      vertex 2.3264252297795913 -121.17357477022041 6
    endloop
  endfacet
  facet normal -0.5903942845255165 -0.39448884886959695 0.7041399980949412
    outer loop
      vertex 1.3487006784950997 -122.46510557068518 4.4
      vertex 2.8492773688485533 -121.85496894409938 6
      vertex 2.6101817661631506 -121.49713708729243 6
    endloop
  endfacet
  facet normal -0.46817585994863536 -0.5338522522610674 0.7041399980949394
    outer loop
      vertex 1.034894429314825 -122.1512993215049 4.4
      vertex 2.3264252297795913 -121.17357477022041 6
      vertex 2.0028629127075734 -120.88981823383685 6
    endloop
  endfacet
  facet normal 0.2282416823513097 -0.6723783142846737 0.7041399980949417
    outer loop
      vertex -0.6505618350206526 -121.92940479473081 4.4
      vertex -0.8515307341043804 -120.32204403611603 6
      vertex -1.2590522616384352 -120.46037895421597 6
    endloop
  endfacet
  facet normal 0.13852606202361048 -0.6964175422999382 0.7041399980949418
    outer loop
      vertex -0.43999237667428526 -121.85792609530858 4.4
      vertex -0.42943927962087775 -120.23808482565398 6
      vertex -0.8515307341043804 -120.32204403611603 6
    endloop
  endfacet
  facet normal 0.04644022236799277 -0.7085408730830313 0.7041399980949437
    outer loop
      vertex -0.22189452677408766 -121.81454373566453 4.4
      vertex 0 -120.20993788819875 6
      vertex -0.42943927962087775 -120.23808482565398 6
    endloop
  endfacet
  facet normal -0.04644022236799292 -0.7085408730830334 0.7041399980949415
    outer loop
      vertex 0 -121.8 4.4
      vertex 0.42943927962087775 -120.23808482565398 6
      vertex 0 -120.20993788819875 6
    endloop
  endfacet
  facet normal -0.13852606202361015 -0.6964175422999366 0.7041399980949434
    outer loop
      vertex 0.22189452677408766 -121.81454373566453 4.4
      vertex 0.8515307341043804 -120.32204403611603 6
      vertex 0.42943927962087775 -120.23808482565398 6
    endloop
  endfacet
  facet normal -0.2282416823513098 -0.6723783142846739 0.7041399980949414
    outer loop
      vertex 0.43999237667428526 -121.85792609530858 4.4
      vertex 1.2590522616384352 -120.46037895421597 6
      vertex 0.8515307341043804 -120.32204403611603 6
    endloop
  endfacet
  facet normal -0.6723783142846724 0.22824168235131492 0.7041399980949412
    outer loop
      vertex 1.6420739046914161 -123.93999237667428 4.4
      vertex 3.0396210457840285 -124.75905226163843 6
      vertex 3.1779559638839716 -124.35153073410439 6
    endloop
  endfacet
  facet normal -0.6964175422999408 0.1385260620236032 0.7041399980949405
    outer loop
      vertex 1.6854562643354776 -123.7218945267741 4.4
      vertex 3.1779559638839716 -124.35153073410439 6
      vertex 3.2619151743460084 -123.92943927962088 6
    endloop
  endfacet
  facet normal -0.7085408730830339 0.046440222367994576 0.7041399980949408
    outer loop
      vertex 1.7 -123.5 4.4
      vertex 3.2619151743460084 -123.92943927962088 6
      vertex 3.2900621118012423 -123.5 6
    endloop
  endfacet
  facet normal -0.708540873083034 -0.04644022236799412 0.7041399980949408
    outer loop
      vertex 1.6854562643354776 -123.2781054732259 4.4
      vertex 3.2900621118012423 -123.5 6
      vertex 3.2619151743460084 -123.07056072037912 6
    endloop
  endfacet
  facet normal -0.6964175422999406 -0.13852606202360226 0.7041399980949411
    outer loop
      vertex 1.6420739046914161 -123.06000762332572 4.4
      vertex 3.2619151743460084 -123.07056072037912 6
      vertex 3.177955963883972 -122.64846926589561 6
    endloop
  endfacet
  facet normal -0.6723783142846727 -0.22824168235131587 0.7041399980949405
    outer loop
      vertex 1.5705952052691874 -122.84943816497935 4.4
      vertex 3.177955963883972 -122.64846926589561 6
      vertex 3.0396210457840285 -122.24094773836157 6
    endloop
  endfacet
  facet normal 0 0 1
    outer loop
      vertex 148.44927991272687 -131.39851493922137 6
      vertex 148.5673872420007 -131.46508735655885 6
      vertex 148.57665937778947 -131.4650168049783 6
    endloop
  endfacet
  facet normal 0 0 1
    outer loop
      vertex 148.43258550269218 -131.3986104953978 6
      vertex 148.5673872420007 -131.46508735655885 6
      vertex 148.44927991272687 -131.39851493922137 6
    endloop
  endfacet
  facet normal 0 0 1
    outer loop
      vertex 151.47751457831384 -131.44294422925026 6
      vertex 151.60140758767645 -131.38047265635547 6
      vertex 151.46684595426055 -131.44302540669486 6
    endloop
  endfacet
  facet normal 0 0 1
    outer loop
      vertex 151.47751457831384 -131.44294422925026 6
      vertex 151.60422712225855 -131.38045651778313 6
      vertex 151.60140758767645 -131.38047265635547 6
    endloop
  endfacet
  facet normal 0 0 1
    outer loop
      vertex 152.86995364464676 -130.1255248421237 6
      vertex 152.91170996492275 -130.04085140083876 6
      vertex 152.9036380587033 -130.04090712621363 6
    endloop
  endfacet
  facet normal 0 0 1
    outer loop
      vertex 152.86995364464676 -130.1255248421237 6
      vertex 152.9036380587033 -130.04090712621363 6
      vertex 152.85940900435583 -130.1256246483294 6
    endloop
  endfacet
  facet normal 0 0 1
    outer loop
      vertex 146.71804335121007 -128.6908442667934 6
      vertex 146.71400540773067 -128.56205835574133 6
      vertex 146.71257408977397 -128.56206973692167 6
    endloop
  endfacet
  facet normal 0 0 1
    outer loop
      vertex 146.7224432713706 -128.6907952774342 6
      vertex 146.71400540773067 -128.56205835574133 6
      vertex 146.71804335121007 -128.6908442667934 6
    endloop
  endfacet
  facet normal 0 0 1
    outer loop
      vertex 147.06928909303247 -127.0200998239989 6
      vertex 147.14579184626135 -126.86496758675084 6
      vertex 147.1455012279139 -126.86497016051193 6
    endloop
  endfacet
  facet normal 0 0 1
    outer loop
      vertex 147.06928909303247 -127.0200998239989 6
      vertex 147.1455012279139 -126.86497016051193 6
      vertex 147.06447999901272 -127.0201604048559 6
    endloop
  endfacet
  facet normal 0 0 1
    outer loop
      vertex 153.29228909696127 -128.61764564622513 6
      vertex 153.2991400745538 -128.50969640159306 6
      vertex 153.2895639040616 -128.6176759889243 6
    endloop
  endfacet
  facet normal 0 0 1
    outer loop
      vertex 153.29228909696127 -128.61764564622513 6
      vertex 153.29936458126923 -128.5096946164192 6
      vertex 153.2991400745538 -128.50969640159306 6
    endloop
  endfacet
  facet normal -1 0 0
    outer loop
      vertex 10 -134.5 0
      vertex 10 -134.5 3
      vertex 10 -121.85799359155371 0
    endloop
  endfacet
  facet normal -1 0 0
    outer loop
      vertex 10 -121.85799359155371 0
      vertex 10 -134.5 3
      vertex 10 -88.79999999701977 3
    endloop
  endfacet
  facet normal -1 0 0
    outer loop
      vertex 10 -121.85799359155371 0
      vertex 10 -88.79999999701977 3
      vertex 10 -87.67499999701977 0
    endloop
  endfacet
  facet normal 0 1 0
    outer loop
      vertex 172.97500000149012 10 0
      vertex 174.10000000149012 10 3
      vertex 190.5 10 0
    endloop
  endfacet
  facet normal 0 1 0
    outer loop
      vertex 190.5 10 0
      vertex 174.10000000149012 10 3
      vertex 190.5 10 3
    endloop
  endfacet
  facet normal 0 0 1
    outer loop
      vertex 190.5 -10 3
      vertex 174.10000000149012 10 3
      vertex 174.10000000149012 -10 3
    endloop
  endfacet
  facet normal 0 0 1
    outer loop
      vertex 190.5 10 3
      vertex 174.10000000149012 10 3
      vertex 190.5 -10 3
    endloop
  endfacet
  facet normal 0 0 -1
    outer loop
      vertex -1.2020815280171309 -124.70208152801713 3
      vertex -10 -134.5 3
      vertex -1.3487006784950997 -124.53489442931482 3
    endloop
  endfacet
  facet normal 0 0 -1
    outer loop
      vertex -1.3487006784950997 -124.53489442931482 3
      vertex -10 -134.5 3
      vertex -1.4722431864335457 -124.35 3
    endloop
  endfacet
  facet normal 0 0 -1
    outer loop
      vertex -1.034894429314825 -124.8487006784951 3
      vertex -10 -134.5 3
      vertex -1.2020815280171309 -124.70208152801713 3
    endloop
  endfacet
  facet normal 0 0 -1
    outer loop
      vertex -1.4722431864335457 -124.35 3
      vertex -10 -134.5 3
      vertex -1.5705952052691874 -124.15056183502065 3
    endloop
  endfacet
  facet normal 0 0 -1
    outer loop
      vertex -1.5705952052691874 -124.15056183502065 3
      vertex -10 -134.5 3
      vertex -1.6420739046914161 -123.93999237667428 3
    endloop
  endfacet
  facet normal 0 0 -1
    outer loop
      vertex -1.6420739046914161 -123.93999237667428 3
      vertex -10 -134.5 3
      vertex -1.6854562643354776 -123.7218945267741 3
    endloop
  endfacet
  facet normal 0 0 -1
    outer loop
      vertex -1.6854562643354776 -123.7218945267741 3
      vertex -10 -134.5 3
      vertex -1.7 -123.5 3
    endloop
  endfacet
  facet normal 0 0 -1
    outer loop
      vertex -1.034894429314825 -124.8487006784951 3
      vertex 10 -134.5 3
      vertex -10 -134.5 3
    endloop
  endfacet
  facet normal -1 0 0
    outer loop
      vertex -10 -134.5 6
      vertex -10 -88.79999999701977 3
      vertex -10 -134.5 3
    endloop
  endfacet
  facet normal 0 0 -1
    outer loop
      vertex -0.22189452677408766 -125.18545626433547 3
      vertex 0 -125.2 3
      vertex 10 -134.5 3
    endloop
  endfacet
  facet normal 0 0 -1
    outer loop
      vertex -0.85 -124.97224318643354 3
      vertex 10 -134.5 3
      vertex -1.034894429314825 -124.8487006784951 3
    endloop
  endfacet
  facet normal 0 0 -1
    outer loop
      vertex -0.6505618350206526 -125.07059520526919 3
      vertex 10 -134.5 3
      vertex -0.85 -124.97224318643354 3
    endloop
  endfacet
  facet normal 0 0 -1
    outer loop
      vertex -0.43999237667428526 -125.14207390469142 3
      vertex 10 -134.5 3
      vertex -0.6505618350206526 -125.07059520526919 3
    endloop
  endfacet
  facet normal 0 0 -1
    outer loop
      vertex -0.22189452677408766 -125.18545626433547 3
      vertex 10 -134.5 3
      vertex -0.43999237667428526 -125.14207390469142 3
    endloop
  endfacet
  facet normal 0 0 -1
    outer loop
      vertex 0.22189452677408766 -125.18545626433547 3
      vertex 10 -134.5 3
      vertex 0 -125.2 3
    endloop
  endfacet
  facet normal 0 0 -1
    outer loop
      vertex 0.43999237667428526 -125.14207390469142 3
      vertex 10 -134.5 3
      vertex 0.22189452677408766 -125.18545626433547 3
    endloop
  endfacet
  facet normal 0 0 -1
    outer loop
      vertex 0.6505618350206526 -125.07059520526919 3
      vertex 10 -134.5 3
      vertex 0.43999237667428526 -125.14207390469142 3
    endloop
  endfacet
  facet normal 0 0 -1
    outer loop
      vertex 0.85 -124.97224318643354 3
      vertex 10 -134.5 3
      vertex 0.6505618350206526 -125.07059520526919 3
    endloop
  endfacet
  facet normal 0 0 -1
    outer loop
      vertex 1.034894429314825 -124.8487006784951 3
      vertex 10 -134.5 3
      vertex 0.85 -124.97224318643354 3
    endloop
  endfacet
  facet normal 0 0 -1
    outer loop
      vertex 1.2020815280171309 -124.70208152801713 3
      vertex 10 -134.5 3
      vertex 1.034894429314825 -124.8487006784951 3
    endloop
  endfacet
  facet normal 0 0 -1
    outer loop
      vertex 1.3487006784950997 -124.53489442931482 3
      vertex 10 -134.5 3
      vertex 1.2020815280171309 -124.70208152801713 3
    endloop
  endfacet
  facet normal 0 0 -1
    outer loop
      vertex 1.4722431864335457 -124.35 3
      vertex 10 -134.5 3
      vertex 1.3487006784950997 -124.53489442931482 3
    endloop
  endfacet
  facet normal 0 0 -1
    outer loop
      vertex 1.5705952052691874 -124.15056183502065 3
      vertex 10 -134.5 3
      vertex 1.4722431864335457 -124.35 3
    endloop
  endfacet
  facet normal 0 0 -1
    outer loop
      vertex 1.6420739046914161 -123.93999237667428 3
      vertex 10 -134.5 3
      vertex 1.5705952052691874 -124.15056183502065 3
    endloop
  endfacet
  facet normal 0 0 -1
    outer loop
      vertex -1.7 -123.5 3
      vertex -10 -134.5 3
      vertex -10 -88.79999999701977 3
    endloop
  endfacet
  facet normal 0 0 -1
    outer loop
      vertex -1.7 -123.5 3
      vertex -10 -88.79999999701977 3
      vertex -1.6854562643354776 -123.2781054732259 3
    endloop
  endfacet
  facet normal 0 0 -1
    outer loop
      vertex -1.6854562643354776 -123.2781054732259 3
      vertex -10 -88.79999999701977 3
      vertex -1.6420739046914161 -123.06000762332572 3
    endloop
  endfacet
  facet normal 0 0 -1
    outer loop
      vertex -1.6420739046914161 -123.06000762332572 3
      vertex -10 -88.79999999701977 3
      vertex -1.5705952052691874 -122.84943816497935 3
    endloop
  endfacet
  facet normal 0 0 -1
    outer loop
      vertex -1.5705952052691874 -122.84943816497935 3
      vertex -10 -88.79999999701977 3
      vertex -1.4722431864335457 -122.65 3
    endloop
  endfacet
  facet normal 0 0 -1
    outer loop
      vertex -1.4722431864335457 -122.65 3
      vertex -10 -88.79999999701977 3
      vertex -1.3487006784950997 -122.46510557068518 3
    endloop
  endfacet
  facet normal 0 0 -1
    outer loop
      vertex -1.3487006784950997 -122.46510557068518 3
      vertex -10 -88.79999999701977 3
      vertex -1.2020815280171309 -122.29791847198287 3
    endloop
  endfacet
  facet normal 0 0 -1
    outer loop
      vertex -1.2020815280171309 -122.29791847198287 3
      vertex -10 -88.79999999701977 3
      vertex -1.034894429314825 -122.1512993215049 3
    endloop
  endfacet
  facet normal 0 0 -1
    outer loop
      vertex -1.034894429314825 -122.1512993215049 3
      vertex -10 -88.79999999701977 3
      vertex -0.85 -122.02775681356646 3
    endloop
  endfacet
  facet normal 0 0 -1
    outer loop
      vertex -0.85 -122.02775681356646 3
      vertex -10 -88.79999999701977 3
      vertex -0.6505618350206526 -121.92940479473081 3
    endloop
  endfacet
  facet normal 0 0 -1
    outer loop
      vertex -0.6505618350206526 -121.92940479473081 3
      vertex -10 -88.79999999701977 3
      vertex -0.43999237667428526 -121.85792609530858 3
    endloop
  endfacet
  facet normal 0 0 -1
    outer loop
      vertex -0.43999237667428526 -121.85792609530858 3
      vertex -10 -88.79999999701977 3
      vertex -0.22189452677408766 -121.81454373566453 3
    endloop
  endfacet
  facet normal 0 0 -1
    outer loop
      vertex -0.22189452677408766 -121.81454373566453 3
      vertex -10 -88.79999999701977 3
      vertex 0 -121.8 3
    endloop
  endfacet
  facet normal 0 0 -1
    outer loop
      vertex 0 -121.8 3
      vertex -10 -88.79999999701977 3
      vertex 10 -88.79999999701977 3
    endloop
  endfacet
  facet normal 0 0 -1
    outer loop
      vertex 1.6854562643354776 -123.7218945267741 3
      vertex 10 -88.79999999701977 3
      vertex 1.6420739046914161 -123.93999237667428 3
    endloop
  endfacet
  facet normal 0 0 -1
    outer loop
      vertex 1.7 -123.5 3
      vertex 10 -88.79999999701977 3
      vertex 1.6854562643354776 -123.7218945267741 3
    endloop
  endfacet
  facet normal 0 0 -1
    outer loop
      vertex 1.6420739046914161 -123.93999237667428 3
      vertex 10 -88.79999999701977 3
      vertex 10 -134.5 3
    endloop
  endfacet
  facet normal 0 0 -1
    outer loop
      vertex 0 -121.8 3
      vertex 10 -88.79999999701977 3
      vertex 0.22189452677408766 -121.81454373566453 3
    endloop
  endfacet
  facet normal 0 0 -1
    outer loop
      vertex 0.22189452677408766 -121.81454373566453 3
      vertex 10 -88.79999999701977 3
      vertex 0.43999237667428526 -121.85792609530858 3
    endloop
  endfacet
  facet normal 0 0 -1
    outer loop
      vertex 0.43999237667428526 -121.85792609530858 3
      vertex 10 -88.79999999701977 3
      vertex 0.6505618350206526 -121.92940479473081 3
    endloop
  endfacet
  facet normal 0 0 -1
    outer loop
      vertex 1.034894429314825 -122.1512993215049 3
      vertex 10 -88.79999999701977 3
      vertex 1.2020815280171309 -122.29791847198287 3
    endloop
  endfacet
  facet normal 0 0 -1
    outer loop
      vertex 0.6505618350206526 -121.92940479473081 3
      vertex 10 -88.79999999701977 3
      vertex 0.85 -122.02775681356646 3
    endloop
  endfacet
  facet normal 0 0 -1
    outer loop
      vertex 0.85 -122.02775681356646 3
      vertex 10 -88.79999999701977 3
      vertex 1.034894429314825 -122.1512993215049 3
    endloop
  endfacet
  facet normal 0 0 -1
    outer loop
      vertex 1.6854562643354776 -123.2781054732259 3
      vertex 10 -88.79999999701977 3
      vertex 1.7 -123.5 3
    endloop
  endfacet
  facet normal 0 0 -1
    outer loop
      vertex 1.6420739046914161 -123.06000762332572 3
      vertex 10 -88.79999999701977 3
      vertex 1.6854562643354776 -123.2781054732259 3
    endloop
  endfacet
  facet normal 0 0 -1
    outer loop
      vertex 1.5705952052691874 -122.84943816497935 3
      vertex 10 -88.79999999701977 3
      vertex 1.6420739046914161 -123.06000762332572 3
    endloop
  endfacet
  facet normal 0 0 -1
    outer loop
      vertex 1.4722431864335457 -122.65 3
      vertex 10 -88.79999999701977 3
      vertex 1.5705952052691874 -122.84943816497935 3
    endloop
  endfacet
  facet normal 0 0 -1
    outer loop
      vertex 1.3487006784950997 -122.46510557068518 3
      vertex 10 -88.79999999701977 3
      vertex 1.4722431864335457 -122.65 3
    endloop
  endfacet
  facet normal 0 0 -1
    outer loop
      vertex 1.2020815280171309 -122.29791847198287 3
      vertex 10 -88.79999999701977 3
      vertex 1.3487006784950997 -122.46510557068518 3
    endloop
  endfacet
  facet normal -1 0 0
    outer loop
      vertex -10 -118.60325889816222 6
      vertex -10 -88.79999999701977 3
      vertex -10 -134.5 6
    endloop
  endfacet
  facet normal -1 0 0
    outer loop
      vertex -10 -118.60325889816222 6
      vertex -10 -89.92499999701977 6
      vertex -10 -88.79999999701977 3
    endloop
  endfacet
  facet normal 0 1 0
    outer loop
      vertex 175.22500000149012 -10 6
      vertex 190.5 -10 3
      vertex 174.10000000149012 -10 3
    endloop
  endfacet
  facet normal 0 1 0
    outer loop
      vertex 175.22500000149012 -10 6
      vertex 190.5 -10 6
      vertex 190.5 -10 3
    endloop
  endfacet
endsolid OpenSCAD_Model
