solid OpenSCAD_Model
  facet normal 0.997861 0.0653646 0
    outer loop
      vertex -54.75 76 0
      vertex -54.7842 76.5221 -5
      vertex -54.7842 76.5221 0
    endloop
  endfacet
  facet normal 0.997861 0.0653646 0
    outer loop
      vertex -54.7842 76.5221 -5
      vertex -54.75 76 0
      vertex -54.75 76 -5
    endloop
  endfacet
  facet normal -0.997861 0.0653646 0
    outer loop
      vertex -62.75 76 -5
      vertex -62.7158 76.5221 0
      vertex -62.7158 76.5221 -5
    endloop
  endfacet
  facet normal -0.997861 0.0653646 0
    outer loop
      vertex -62.7158 76.5221 0
      vertex -62.75 76 -5
      vertex -62.75 76 0
    endloop
  endfacet
  facet normal 0.0653646 0.997861 -0
    outer loop
      vertex -58.2279 79.9658 -5
      vertex -58.75 80 0
      vertex -58.2279 79.9658 0
    endloop
  endfacet
  facet normal 0.0653646 0.997861 0
    outer loop
      vertex -58.75 80 0
      vertex -58.2279 79.9658 -5
      vertex -58.75 80 -5
    endloop
  endfacet
  facet normal 0.0653646 -0.997861 0
    outer loop
      vertex -58.75 72 -5
      vertex -58.2279 72.0342 0
      vertex -58.75 72 0
    endloop
  endfacet
  facet normal 0.0653646 -0.997861 0
    outer loop
      vertex -58.2279 72.0342 0
      vertex -58.75 72 -5
      vertex -58.2279 72.0342 -5
    endloop
  endfacet
  facet normal 0.659343 0.751842 -0
    outer loop
      vertex -55.9216 78.8284 -5
      vertex -56.315 79.1734 0
      vertex -55.9216 78.8284 0
    endloop
  endfacet
  facet normal 0.659343 0.751842 0
    outer loop
      vertex -56.315 79.1734 0
      vertex -55.9216 78.8284 -5
      vertex -56.315 79.1734 -5
    endloop
  endfacet
  facet normal -0.659343 0.751842 0
    outer loop
      vertex -61.185 79.1734 -5
      vertex -61.5784 78.8284 0
      vertex -61.185 79.1734 0
    endloop
  endfacet
  facet normal -0.659343 0.751842 0
    outer loop
      vertex -61.5784 78.8284 0
      vertex -61.185 79.1734 -5
      vertex -61.5784 78.8284 -5
    endloop
  endfacet
  facet normal -0.321498 0.94691 0
    outer loop
      vertex -59.7853 79.8637 -5
      vertex -60.2807 79.6955 0
      vertex -59.7853 79.8637 0
    endloop
  endfacet
  facet normal -0.321498 0.94691 0
    outer loop
      vertex -60.2807 79.6955 0
      vertex -59.7853 79.8637 -5
      vertex -60.2807 79.6955 -5
    endloop
  endfacet
  facet normal 0.896898 0.442238 0
    outer loop
      vertex -55.0545 77.5307 0
      vertex -55.2859 78 -5
      vertex -55.2859 78 0
    endloop
  endfacet
  facet normal 0.896898 0.442238 0
    outer loop
      vertex -55.2859 78 -5
      vertex -55.0545 77.5307 0
      vertex -55.0545 77.5307 -5
    endloop
  endfacet
  facet normal 0.831432 0.555626 0
    outer loop
      vertex -55.2859 78 0
      vertex -55.5766 78.435 -5
      vertex -55.5766 78.435 0
    endloop
  endfacet
  facet normal 0.831432 0.555626 0
    outer loop
      vertex -55.5766 78.435 -5
      vertex -55.2859 78 0
      vertex -55.2859 78 -5
    endloop
  endfacet
  facet normal 0.321498 0.94691 -0
    outer loop
      vertex -57.2193 79.6955 -5
      vertex -57.7147 79.8637 0
      vertex -57.2193 79.6955 0
    endloop
  endfacet
  facet normal 0.321498 0.94691 0
    outer loop
      vertex -57.7147 79.8637 0
      vertex -57.2193 79.6955 -5
      vertex -57.7147 79.8637 -5
    endloop
  endfacet
  facet normal 0.195124 0.980779 -0
    outer loop
      vertex -57.7147 79.8637 -5
      vertex -58.2279 79.9658 0
      vertex -57.7147 79.8637 0
    endloop
  endfacet
  facet normal 0.195124 0.980779 0
    outer loop
      vertex -58.2279 79.9658 0
      vertex -57.7147 79.8637 -5
      vertex -58.2279 79.9658 -5
    endloop
  endfacet
  facet normal 0.442238 0.896898 -0
    outer loop
      vertex -56.75 79.4641 -5
      vertex -57.2193 79.6955 0
      vertex -56.75 79.4641 0
    endloop
  endfacet
  facet normal 0.442238 0.896898 0
    outer loop
      vertex -57.2193 79.6955 0
      vertex -56.75 79.4641 -5
      vertex -57.2193 79.6955 -5
    endloop
  endfacet
  facet normal -0.896898 0.442238 0
    outer loop
      vertex -62.4455 77.5307 -5
      vertex -62.2141 78 0
      vertex -62.2141 78 -5
    endloop
  endfacet
  facet normal -0.896898 0.442238 0
    outer loop
      vertex -62.2141 78 0
      vertex -62.4455 77.5307 -5
      vertex -62.4455 77.5307 0
    endloop
  endfacet
  facet normal -0.751842 0.659343 0
    outer loop
      vertex -61.9234 78.435 -5
      vertex -61.5784 78.8284 0
      vertex -61.5784 78.8284 -5
    endloop
  endfacet
  facet normal -0.751842 0.659343 0
    outer loop
      vertex -61.5784 78.8284 0
      vertex -61.9234 78.435 -5
      vertex -61.9234 78.435 0
    endloop
  endfacet
  facet normal -0.0653646 0.997861 0
    outer loop
      vertex -58.75 80 -5
      vertex -59.2721 79.9658 0
      vertex -58.75 80 0
    endloop
  endfacet
  facet normal -0.0653646 0.997861 0
    outer loop
      vertex -59.2721 79.9658 0
      vertex -58.75 80 -5
      vertex -59.2721 79.9658 -5
    endloop
  endfacet
  facet normal 0 0 -1
    outer loop
      vertex -54.7842 75.4779 -5
      vertex -56.7671 75.7389 -5
      vertex -56.75 76 -5
    endloop
  endfacet
  facet normal 0 0 -1
    outer loop
      vertex -56.315 72.8266 -5
      vertex -56.8181 75.4824 -5
      vertex -56.7671 75.7389 -5
    endloop
  endfacet
  facet normal 0 0 -1
    outer loop
      vertex -56.315 72.8266 -5
      vertex -56.9022 75.2346 -5
      vertex -56.8181 75.4824 -5
    endloop
  endfacet
  facet normal 0 0 -1
    outer loop
      vertex -56.315 72.8266 -5
      vertex -57.0179 75 -5
      vertex -56.9022 75.2346 -5
    endloop
  endfacet
  facet normal 0 0 -1
    outer loop
      vertex -56.315 72.8266 -5
      vertex -57.1633 74.7825 -5
      vertex -57.0179 75 -5
    endloop
  endfacet
  facet normal 0 0 -1
    outer loop
      vertex -57.75 74.268 -5
      vertex -56.75 72.5359 -5
      vertex -57.2193 72.3045 -5
    endloop
  endfacet
  facet normal 0 0 -1
    outer loop
      vertex -56.315 72.8266 -5
      vertex -57.3358 74.5858 -5
      vertex -57.1633 74.7825 -5
    endloop
  endfacet
  facet normal 0 0 -1
    outer loop
      vertex -56.315 72.8266 -5
      vertex -57.5325 74.4133 -5
      vertex -57.3358 74.5858 -5
    endloop
  endfacet
  facet normal 0 0 -1
    outer loop
      vertex -57.9846 74.1522 -5
      vertex -57.2193 72.3045 -5
      vertex -57.7147 72.1363 -5
    endloop
  endfacet
  facet normal 0 0 -1
    outer loop
      vertex -56.75 72.5359 -5
      vertex -57.75 74.268 -5
      vertex -57.5325 74.4133 -5
    endloop
  endfacet
  facet normal 0 0 -1
    outer loop
      vertex -57.2193 72.3045 -5
      vertex -57.9846 74.1522 -5
      vertex -57.75 74.268 -5
    endloop
  endfacet
  facet normal 0 0 -1
    outer loop
      vertex -58.2324 74.0681 -5
      vertex -57.7147 72.1363 -5
      vertex -58.2279 72.0342 -5
    endloop
  endfacet
  facet normal 0 0 -1
    outer loop
      vertex -57.7147 72.1363 -5
      vertex -58.2324 74.0681 -5
      vertex -57.9846 74.1522 -5
    endloop
  endfacet
  facet normal 0 0 -1
    outer loop
      vertex -58.2279 72.0342 -5
      vertex -58.4889 74.0171 -5
      vertex -58.2324 74.0681 -5
    endloop
  endfacet
  facet normal 0 0 -1
    outer loop
      vertex -58.75 72 -5
      vertex -58.4889 74.0171 -5
      vertex -58.2279 72.0342 -5
    endloop
  endfacet
  facet normal 0 0 -1
    outer loop
      vertex -58.75 72 -5
      vertex -58.75 74 -5
      vertex -58.4889 74.0171 -5
    endloop
  endfacet
  facet normal 0 0 -1
    outer loop
      vertex -58.75 72 -5
      vertex -59.0111 74.0171 -5
      vertex -58.75 74 -5
    endloop
  endfacet
  facet normal 0 0 -1
    outer loop
      vertex -59.2721 72.0342 -5
      vertex -59.0111 74.0171 -5
      vertex -58.75 72 -5
    endloop
  endfacet
  facet normal -0 0 -1
    outer loop
      vertex -59.0111 74.0171 -5
      vertex -59.2721 72.0342 -5
      vertex -59.2676 74.0681 -5
    endloop
  endfacet
  facet normal 0 0 -1
    outer loop
      vertex -59.7853 72.1363 -5
      vertex -59.2676 74.0681 -5
      vertex -59.2721 72.0342 -5
    endloop
  endfacet
  facet normal -0 0 -1
    outer loop
      vertex -59.2676 74.0681 -5
      vertex -59.7853 72.1363 -5
      vertex -59.5154 74.1522 -5
    endloop
  endfacet
  facet normal 0 0 -1
    outer loop
      vertex -60.2807 72.3045 -5
      vertex -59.5154 74.1522 -5
      vertex -59.7853 72.1363 -5
    endloop
  endfacet
  facet normal -0 0 -1
    outer loop
      vertex -59.5154 74.1522 -5
      vertex -60.2807 72.3045 -5
      vertex -59.75 74.268 -5
    endloop
  endfacet
  facet normal 0 0 -1
    outer loop
      vertex -60.75 72.5359 -5
      vertex -59.75 74.268 -5
      vertex -60.2807 72.3045 -5
    endloop
  endfacet
  facet normal -0 0 -1
    outer loop
      vertex -59.75 74.268 -5
      vertex -60.75 72.5359 -5
      vertex -59.9675 74.4133 -5
    endloop
  endfacet
  facet normal 0 0 -1
    outer loop
      vertex -61.185 72.8266 -5
      vertex -59.9675 74.4133 -5
      vertex -60.75 72.5359 -5
    endloop
  endfacet
  facet normal -0 0 -1
    outer loop
      vertex -59.9675 74.4133 -5
      vertex -61.185 72.8266 -5
      vertex -60.1642 74.5858 -5
    endloop
  endfacet
  facet normal 0 0 -1
    outer loop
      vertex -61.5784 73.1716 -5
      vertex -60.1642 74.5858 -5
      vertex -61.185 72.8266 -5
    endloop
  endfacet
  facet normal -0 0 -1
    outer loop
      vertex -60.1642 74.5858 -5
      vertex -61.5784 73.1716 -5
      vertex -60.3367 74.7825 -5
    endloop
  endfacet
  facet normal 0 0 -1
    outer loop
      vertex -61.9234 73.565 -5
      vertex -60.3367 74.7825 -5
      vertex -61.5784 73.1716 -5
    endloop
  endfacet
  facet normal -0 0 -1
    outer loop
      vertex -60.3367 74.7825 -5
      vertex -61.9234 73.565 -5
      vertex -60.482 75 -5
    endloop
  endfacet
  facet normal 0 0 -1
    outer loop
      vertex -62.2141 74 -5
      vertex -60.482 75 -5
      vertex -61.9234 73.565 -5
    endloop
  endfacet
  facet normal -0 0 -1
    outer loop
      vertex -60.482 75 -5
      vertex -62.2141 74 -5
      vertex -60.5978 75.2346 -5
    endloop
  endfacet
  facet normal 0 0 -1
    outer loop
      vertex -62.4455 74.4693 -5
      vertex -60.5978 75.2346 -5
      vertex -62.2141 74 -5
    endloop
  endfacet
  facet normal 0 0 -1
    outer loop
      vertex -60.75 76 -5
      vertex -61.185 79.1734 -5
      vertex -60.75 79.4641 -5
    endloop
  endfacet
  facet normal -0 0 -1
    outer loop
      vertex -60.5978 75.2346 -5
      vertex -62.4455 74.4693 -5
      vertex -60.6819 75.4824 -5
    endloop
  endfacet
  facet normal 0 0 -1
    outer loop
      vertex -60.75 76 -5
      vertex -61.5784 78.8284 -5
      vertex -61.185 79.1734 -5
    endloop
  endfacet
  facet normal 0 0 -1
    outer loop
      vertex -62.6137 74.9647 -5
      vertex -60.6819 75.4824 -5
      vertex -62.4455 74.4693 -5
    endloop
  endfacet
  facet normal 0 0 -1
    outer loop
      vertex -60.75 76 -5
      vertex -61.9234 78.435 -5
      vertex -61.5784 78.8284 -5
    endloop
  endfacet
  facet normal -0 0 -1
    outer loop
      vertex -60.6819 75.4824 -5
      vertex -62.6137 74.9647 -5
      vertex -60.7329 75.7389 -5
    endloop
  endfacet
  facet normal 0 0 -1
    outer loop
      vertex -60.75 76 -5
      vertex -62.2141 78 -5
      vertex -61.9234 78.435 -5
    endloop
  endfacet
  facet normal 0 0 -1
    outer loop
      vertex -62.7158 75.4779 -5
      vertex -60.7329 75.7389 -5
      vertex -62.6137 74.9647 -5
    endloop
  endfacet
  facet normal 0 0 -1
    outer loop
      vertex -60.75 76 -5
      vertex -62.4455 77.5307 -5
      vertex -62.2141 78 -5
    endloop
  endfacet
  facet normal -0 0 -1
    outer loop
      vertex -60.7329 75.7389 -5
      vertex -62.7158 75.4779 -5
      vertex -60.75 76 -5
    endloop
  endfacet
  facet normal 0 0 -1
    outer loop
      vertex -60.75 76 -5
      vertex -62.6137 77.0353 -5
      vertex -62.4455 77.5307 -5
    endloop
  endfacet
  facet normal 0 0 -1
    outer loop
      vertex -62.75 76 -5
      vertex -60.75 76 -5
      vertex -62.7158 75.4779 -5
    endloop
  endfacet
  facet normal 0 0 -1
    outer loop
      vertex -60.75 76 -5
      vertex -62.7158 76.5221 -5
      vertex -62.6137 77.0353 -5
    endloop
  endfacet
  facet normal 0 0 -1
    outer loop
      vertex -60.75 76 -5
      vertex -62.75 76 -5
      vertex -62.7158 76.5221 -5
    endloop
  endfacet
  facet normal 0 0 -1
    outer loop
      vertex -56.75 76 -5
      vertex -54.75 76 -5
      vertex -54.7842 75.4779 -5
    endloop
  endfacet
  facet normal 0 0 -1
    outer loop
      vertex -56.7671 75.7389 -5
      vertex -54.7842 75.4779 -5
      vertex -54.8863 74.9647 -5
    endloop
  endfacet
  facet normal 0 0 -1
    outer loop
      vertex -54.75 76 -5
      vertex -56.75 76 -5
      vertex -54.7842 76.5221 -5
    endloop
  endfacet
  facet normal 0 0 -1
    outer loop
      vertex -56.7671 75.7389 -5
      vertex -54.8863 74.9647 -5
      vertex -55.0545 74.4693 -5
    endloop
  endfacet
  facet normal 0 0 -1
    outer loop
      vertex -56.7671 76.2611 -5
      vertex -54.7842 76.5221 -5
      vertex -56.75 76 -5
    endloop
  endfacet
  facet normal 0 0 -1
    outer loop
      vertex -56.7671 75.7389 -5
      vertex -55.0545 74.4693 -5
      vertex -55.2859 74 -5
    endloop
  endfacet
  facet normal -0 0 -1
    outer loop
      vertex -54.7842 76.5221 -5
      vertex -56.7671 76.2611 -5
      vertex -54.8863 77.0353 -5
    endloop
  endfacet
  facet normal 0 0 -1
    outer loop
      vertex -56.7671 75.7389 -5
      vertex -55.2859 74 -5
      vertex -55.5766 73.565 -5
    endloop
  endfacet
  facet normal 0 0 -1
    outer loop
      vertex -56.8181 76.5176 -5
      vertex -54.8863 77.0353 -5
      vertex -56.7671 76.2611 -5
    endloop
  endfacet
  facet normal 0 0 -1
    outer loop
      vertex -56.7671 75.7389 -5
      vertex -55.5766 73.565 -5
      vertex -55.9216 73.1716 -5
    endloop
  endfacet
  facet normal -0 0 -1
    outer loop
      vertex -54.8863 77.0353 -5
      vertex -56.8181 76.5176 -5
      vertex -55.0545 77.5307 -5
    endloop
  endfacet
  facet normal 0 0 -1
    outer loop
      vertex -56.7671 75.7389 -5
      vertex -55.9216 73.1716 -5
      vertex -56.315 72.8266 -5
    endloop
  endfacet
  facet normal 0 0 -1
    outer loop
      vertex -56.9022 76.7654 -5
      vertex -55.0545 77.5307 -5
      vertex -56.8181 76.5176 -5
    endloop
  endfacet
  facet normal 0 0 -1
    outer loop
      vertex -57.5325 74.4133 -5
      vertex -56.315 72.8266 -5
      vertex -56.75 72.5359 -5
    endloop
  endfacet
  facet normal -0 0 -1
    outer loop
      vertex -55.0545 77.5307 -5
      vertex -56.9022 76.7654 -5
      vertex -55.2859 78 -5
    endloop
  endfacet
  facet normal 0 0 -1
    outer loop
      vertex -57.0179 77 -5
      vertex -55.2859 78 -5
      vertex -56.9022 76.7654 -5
    endloop
  endfacet
  facet normal -0 0 -1
    outer loop
      vertex -55.2859 78 -5
      vertex -57.0179 77 -5
      vertex -55.5766 78.435 -5
    endloop
  endfacet
  facet normal 0 0 -1
    outer loop
      vertex -57.1633 77.2175 -5
      vertex -55.5766 78.435 -5
      vertex -57.0179 77 -5
    endloop
  endfacet
  facet normal -0 0 -1
    outer loop
      vertex -55.5766 78.435 -5
      vertex -57.1633 77.2175 -5
      vertex -55.9216 78.8284 -5
    endloop
  endfacet
  facet normal 0 0 -1
    outer loop
      vertex -57.3358 77.4142 -5
      vertex -55.9216 78.8284 -5
      vertex -57.1633 77.2175 -5
    endloop
  endfacet
  facet normal -0 0 -1
    outer loop
      vertex -55.9216 78.8284 -5
      vertex -57.3358 77.4142 -5
      vertex -56.315 79.1734 -5
    endloop
  endfacet
  facet normal 0 0 -1
    outer loop
      vertex -57.5325 77.5867 -5
      vertex -56.315 79.1734 -5
      vertex -57.3358 77.4142 -5
    endloop
  endfacet
  facet normal -0 0 -1
    outer loop
      vertex -56.315 79.1734 -5
      vertex -57.5325 77.5867 -5
      vertex -56.75 79.4641 -5
    endloop
  endfacet
  facet normal 0 0 -1
    outer loop
      vertex -57.75 77.732 -5
      vertex -56.75 79.4641 -5
      vertex -57.5325 77.5867 -5
    endloop
  endfacet
  facet normal -0 0 -1
    outer loop
      vertex -56.75 79.4641 -5
      vertex -57.75 77.732 -5
      vertex -57.2193 79.6955 -5
    endloop
  endfacet
  facet normal 0 0 -1
    outer loop
      vertex -57.9846 77.8478 -5
      vertex -57.2193 79.6955 -5
      vertex -57.75 77.732 -5
    endloop
  endfacet
  facet normal -0 0 -1
    outer loop
      vertex -57.2193 79.6955 -5
      vertex -57.9846 77.8478 -5
      vertex -57.7147 79.8637 -5
    endloop
  endfacet
  facet normal 0 0 -1
    outer loop
      vertex -58.2324 77.9319 -5
      vertex -57.7147 79.8637 -5
      vertex -57.9846 77.8478 -5
    endloop
  endfacet
  facet normal -0 0 -1
    outer loop
      vertex -57.7147 79.8637 -5
      vertex -58.2324 77.9319 -5
      vertex -58.2279 79.9658 -5
    endloop
  endfacet
  facet normal 0 0 -1
    outer loop
      vertex -58.4889 77.9829 -5
      vertex -58.2279 79.9658 -5
      vertex -58.2324 77.9319 -5
    endloop
  endfacet
  facet normal 0 0 -1
    outer loop
      vertex -58.75 78 -5
      vertex -58.2279 79.9658 -5
      vertex -58.4889 77.9829 -5
    endloop
  endfacet
  facet normal 0 0 -1
    outer loop
      vertex -58.75 78 -5
      vertex -58.75 80 -5
      vertex -58.2279 79.9658 -5
    endloop
  endfacet
  facet normal 0 0 -1
    outer loop
      vertex -59.0111 77.9829 -5
      vertex -58.75 80 -5
      vertex -58.75 78 -5
    endloop
  endfacet
  facet normal 0 0 -1
    outer loop
      vertex -59.2721 79.9658 -5
      vertex -59.0111 77.9829 -5
      vertex -59.2676 77.9319 -5
    endloop
  endfacet
  facet normal 0 0 -1
    outer loop
      vertex -59.0111 77.9829 -5
      vertex -59.2721 79.9658 -5
      vertex -58.75 80 -5
    endloop
  endfacet
  facet normal 0 0 -1
    outer loop
      vertex -59.7853 79.8637 -5
      vertex -59.2676 77.9319 -5
      vertex -59.5154 77.8478 -5
    endloop
  endfacet
  facet normal 0 0 -1
    outer loop
      vertex -60.2807 79.6955 -5
      vertex -59.5154 77.8478 -5
      vertex -59.75 77.732 -5
    endloop
  endfacet
  facet normal 0 0 -1
    outer loop
      vertex -59.2676 77.9319 -5
      vertex -59.7853 79.8637 -5
      vertex -59.2721 79.9658 -5
    endloop
  endfacet
  facet normal 0 0 -1
    outer loop
      vertex -60.75 79.4641 -5
      vertex -59.75 77.732 -5
      vertex -59.9675 77.5867 -5
    endloop
  endfacet
  facet normal 0 0 -1
    outer loop
      vertex -60.75 79.4641 -5
      vertex -59.9675 77.5867 -5
      vertex -60.1642 77.4142 -5
    endloop
  endfacet
  facet normal 0 0 -1
    outer loop
      vertex -59.5154 77.8478 -5
      vertex -60.2807 79.6955 -5
      vertex -59.7853 79.8637 -5
    endloop
  endfacet
  facet normal 0 0 -1
    outer loop
      vertex -60.75 79.4641 -5
      vertex -60.1642 77.4142 -5
      vertex -60.3367 77.2175 -5
    endloop
  endfacet
  facet normal 0 0 -1
    outer loop
      vertex -60.75 79.4641 -5
      vertex -60.3367 77.2175 -5
      vertex -60.482 77 -5
    endloop
  endfacet
  facet normal 0 0 -1
    outer loop
      vertex -60.75 79.4641 -5
      vertex -60.482 77 -5
      vertex -60.5978 76.7654 -5
    endloop
  endfacet
  facet normal 0 0 -1
    outer loop
      vertex -60.75 79.4641 -5
      vertex -60.5978 76.7654 -5
      vertex -60.6819 76.5176 -5
    endloop
  endfacet
  facet normal 0 0 -1
    outer loop
      vertex -60.75 79.4641 -5
      vertex -60.6819 76.5176 -5
      vertex -60.7329 76.2611 -5
    endloop
  endfacet
  facet normal 0 0 -1
    outer loop
      vertex -59.75 77.732 -5
      vertex -60.75 79.4641 -5
      vertex -60.2807 79.6955 -5
    endloop
  endfacet
  facet normal 0 0 -1
    outer loop
      vertex -60.75 79.4641 -5
      vertex -60.7329 76.2611 -5
      vertex -60.75 76 -5
    endloop
  endfacet
  facet normal 0.195124 -0.980779 0
    outer loop
      vertex -58.2279 72.0342 -5
      vertex -57.7147 72.1363 0
      vertex -58.2279 72.0342 0
    endloop
  endfacet
  facet normal 0.195124 -0.980779 0
    outer loop
      vertex -57.7147 72.1363 0
      vertex -58.2279 72.0342 -5
      vertex -57.7147 72.1363 -5
    endloop
  endfacet
  facet normal 0.442238 -0.896898 0
    outer loop
      vertex -57.2193 72.3045 -5
      vertex -56.75 72.5359 0
      vertex -57.2193 72.3045 0
    endloop
  endfacet
  facet normal 0.442238 -0.896898 0
    outer loop
      vertex -56.75 72.5359 0
      vertex -57.2193 72.3045 -5
      vertex -56.75 72.5359 -5
    endloop
  endfacet
  facet normal 0.94691 0.321498 0
    outer loop
      vertex -54.8863 77.0353 0
      vertex -55.0545 77.5307 -5
      vertex -55.0545 77.5307 0
    endloop
  endfacet
  facet normal 0.94691 0.321498 0
    outer loop
      vertex -55.0545 77.5307 -5
      vertex -54.8863 77.0353 0
      vertex -54.8863 77.0353 -5
    endloop
  endfacet
  facet normal 0.980779 0.195124 0
    outer loop
      vertex -54.7842 76.5221 0
      vertex -54.8863 77.0353 -5
      vertex -54.8863 77.0353 0
    endloop
  endfacet
  facet normal 0.980779 0.195124 0
    outer loop
      vertex -54.8863 77.0353 -5
      vertex -54.7842 76.5221 0
      vertex -54.7842 76.5221 -5
    endloop
  endfacet
  facet normal 0.751842 0.659343 0
    outer loop
      vertex -55.5766 78.435 0
      vertex -55.9216 78.8284 -5
      vertex -55.9216 78.8284 0
    endloop
  endfacet
  facet normal 0.751842 0.659343 0
    outer loop
      vertex -55.9216 78.8284 -5
      vertex -55.5766 78.435 0
      vertex -55.5766 78.435 -5
    endloop
  endfacet
  facet normal 0.555626 0.831432 -0
    outer loop
      vertex -56.315 79.1734 -5
      vertex -56.75 79.4641 0
      vertex -56.315 79.1734 0
    endloop
  endfacet
  facet normal 0.555626 0.831432 0
    outer loop
      vertex -56.75 79.4641 0
      vertex -56.315 79.1734 -5
      vertex -56.75 79.4641 -5
    endloop
  endfacet
  facet normal -0.831432 0.555626 0
    outer loop
      vertex -62.2141 78 -5
      vertex -61.9234 78.435 0
      vertex -61.9234 78.435 -5
    endloop
  endfacet
  facet normal -0.831432 0.555626 0
    outer loop
      vertex -61.9234 78.435 0
      vertex -62.2141 78 -5
      vertex -62.2141 78 0
    endloop
  endfacet
  facet normal -0.94691 0.321498 0
    outer loop
      vertex -62.6137 77.0353 -5
      vertex -62.4455 77.5307 0
      vertex -62.4455 77.5307 -5
    endloop
  endfacet
  facet normal -0.94691 0.321498 0
    outer loop
      vertex -62.4455 77.5307 0
      vertex -62.6137 77.0353 -5
      vertex -62.6137 77.0353 0
    endloop
  endfacet
  facet normal -0.980779 0.195124 0
    outer loop
      vertex -62.7158 76.5221 -5
      vertex -62.6137 77.0353 0
      vertex -62.6137 77.0353 -5
    endloop
  endfacet
  facet normal -0.980779 0.195124 0
    outer loop
      vertex -62.6137 77.0353 0
      vertex -62.7158 76.5221 -5
      vertex -62.7158 76.5221 0
    endloop
  endfacet
  facet normal -0.442238 0.896898 0
    outer loop
      vertex -60.2807 79.6955 -5
      vertex -60.75 79.4641 0
      vertex -60.2807 79.6955 0
    endloop
  endfacet
  facet normal -0.442238 0.896898 0
    outer loop
      vertex -60.75 79.4641 0
      vertex -60.2807 79.6955 -5
      vertex -60.75 79.4641 -5
    endloop
  endfacet
  facet normal -0.555626 0.831432 0
    outer loop
      vertex -60.75 79.4641 -5
      vertex -61.185 79.1734 0
      vertex -60.75 79.4641 0
    endloop
  endfacet
  facet normal -0.555626 0.831432 0
    outer loop
      vertex -61.185 79.1734 0
      vertex -60.75 79.4641 -5
      vertex -61.185 79.1734 -5
    endloop
  endfacet
  facet normal -0.195124 0.980779 0
    outer loop
      vertex -59.2721 79.9658 -5
      vertex -59.7853 79.8637 0
      vertex -59.2721 79.9658 0
    endloop
  endfacet
  facet normal -0.195124 0.980779 0
    outer loop
      vertex -59.7853 79.8637 0
      vertex -59.2721 79.9658 -5
      vertex -59.7853 79.8637 -5
    endloop
  endfacet
  facet normal 0.997861 -0.0653646 0
    outer loop
      vertex -54.7842 75.4779 0
      vertex -54.75 76 -5
      vertex -54.75 76 0
    endloop
  endfacet
  facet normal 0.997861 -0.0653646 0
    outer loop
      vertex -54.75 76 -5
      vertex -54.7842 75.4779 0
      vertex -54.7842 75.4779 -5
    endloop
  endfacet
  facet normal 0.94691 -0.321498 0
    outer loop
      vertex -55.0545 74.4693 0
      vertex -54.8863 74.9647 -5
      vertex -54.8863 74.9647 0
    endloop
  endfacet
  facet normal 0.94691 -0.321498 0
    outer loop
      vertex -54.8863 74.9647 -5
      vertex -55.0545 74.4693 0
      vertex -55.0545 74.4693 -5
    endloop
  endfacet
  facet normal 0.980779 -0.195124 0
    outer loop
      vertex -54.8863 74.9647 0
      vertex -54.7842 75.4779 -5
      vertex -54.7842 75.4779 0
    endloop
  endfacet
  facet normal 0.980779 -0.195124 0
    outer loop
      vertex -54.7842 75.4779 -5
      vertex -54.8863 74.9647 0
      vertex -54.8863 74.9647 -5
    endloop
  endfacet
  facet normal -0.896898 -0.442238 0
    outer loop
      vertex -62.2141 74 -5
      vertex -62.4455 74.4693 0
      vertex -62.4455 74.4693 -5
    endloop
  endfacet
  facet normal -0.896898 -0.442238 0
    outer loop
      vertex -62.4455 74.4693 0
      vertex -62.2141 74 -5
      vertex -62.2141 74 0
    endloop
  endfacet
  facet normal 0.555626 -0.831432 0
    outer loop
      vertex -56.75 72.5359 -5
      vertex -56.315 72.8266 0
      vertex -56.75 72.5359 0
    endloop
  endfacet
  facet normal 0.555626 -0.831432 0
    outer loop
      vertex -56.315 72.8266 0
      vertex -56.75 72.5359 -5
      vertex -56.315 72.8266 -5
    endloop
  endfacet
  facet normal -0.980779 -0.195124 0
    outer loop
      vertex -62.6137 74.9647 -5
      vertex -62.7158 75.4779 0
      vertex -62.7158 75.4779 -5
    endloop
  endfacet
  facet normal -0.980779 -0.195124 0
    outer loop
      vertex -62.7158 75.4779 0
      vertex -62.6137 74.9647 -5
      vertex -62.6137 74.9647 0
    endloop
  endfacet
  facet normal -0.997861 -0.0653646 0
    outer loop
      vertex -62.7158 75.4779 -5
      vertex -62.75 76 0
      vertex -62.75 76 -5
    endloop
  endfacet
  facet normal -0.997861 -0.0653646 0
    outer loop
      vertex -62.75 76 0
      vertex -62.7158 75.4779 -5
      vertex -62.7158 75.4779 0
    endloop
  endfacet
  facet normal -0.94691 -0.321498 0
    outer loop
      vertex -62.4455 74.4693 -5
      vertex -62.6137 74.9647 0
      vertex -62.6137 74.9647 -5
    endloop
  endfacet
  facet normal -0.94691 -0.321498 0
    outer loop
      vertex -62.6137 74.9647 0
      vertex -62.4455 74.4693 -5
      vertex -62.4455 74.4693 0
    endloop
  endfacet
  facet normal 0.659343 -0.751842 0
    outer loop
      vertex -56.315 72.8266 -5
      vertex -55.9216 73.1716 0
      vertex -56.315 72.8266 0
    endloop
  endfacet
  facet normal 0.659343 -0.751842 0
    outer loop
      vertex -55.9216 73.1716 0
      vertex -56.315 72.8266 -5
      vertex -55.9216 73.1716 -5
    endloop
  endfacet
  facet normal 0.321498 -0.94691 0
    outer loop
      vertex -57.7147 72.1363 -5
      vertex -57.2193 72.3045 0
      vertex -57.7147 72.1363 0
    endloop
  endfacet
  facet normal 0.321498 -0.94691 0
    outer loop
      vertex -57.2193 72.3045 0
      vertex -57.7147 72.1363 -5
      vertex -57.2193 72.3045 -5
    endloop
  endfacet
  facet normal 0.896898 -0.442238 0
    outer loop
      vertex -55.2859 74 0
      vertex -55.0545 74.4693 -5
      vertex -55.0545 74.4693 0
    endloop
  endfacet
  facet normal 0.896898 -0.442238 0
    outer loop
      vertex -55.0545 74.4693 -5
      vertex -55.2859 74 0
      vertex -55.2859 74 -5
    endloop
  endfacet
  facet normal 0.831432 -0.555626 0
    outer loop
      vertex -55.5766 73.565 0
      vertex -55.2859 74 -5
      vertex -55.2859 74 0
    endloop
  endfacet
  facet normal 0.831432 -0.555626 0
    outer loop
      vertex -55.2859 74 -5
      vertex -55.5766 73.565 0
      vertex -55.5766 73.565 -5
    endloop
  endfacet
  facet normal -0.0653646 -0.997861 0
    outer loop
      vertex -59.2721 72.0342 -5
      vertex -58.75 72 0
      vertex -59.2721 72.0342 0
    endloop
  endfacet
  facet normal -0.0653646 -0.997861 -0
    outer loop
      vertex -58.75 72 0
      vertex -59.2721 72.0342 -5
      vertex -58.75 72 -5
    endloop
  endfacet
  facet normal -0.321498 -0.94691 0
    outer loop
      vertex -60.2807 72.3045 -5
      vertex -59.7853 72.1363 0
      vertex -60.2807 72.3045 0
    endloop
  endfacet
  facet normal -0.321498 -0.94691 -0
    outer loop
      vertex -59.7853 72.1363 0
      vertex -60.2807 72.3045 -5
      vertex -59.7853 72.1363 -5
    endloop
  endfacet
  facet normal -0.195124 -0.980779 0
    outer loop
      vertex -59.7853 72.1363 -5
      vertex -59.2721 72.0342 0
      vertex -59.7853 72.1363 0
    endloop
  endfacet
  facet normal -0.195124 -0.980779 -0
    outer loop
      vertex -59.2721 72.0342 0
      vertex -59.7853 72.1363 -5
      vertex -59.2721 72.0342 -5
    endloop
  endfacet
  facet normal -0.751842 -0.659343 0
    outer loop
      vertex -61.5784 73.1716 -5
      vertex -61.9234 73.565 0
      vertex -61.9234 73.565 -5
    endloop
  endfacet
  facet normal -0.751842 -0.659343 0
    outer loop
      vertex -61.9234 73.565 0
      vertex -61.5784 73.1716 -5
      vertex -61.5784 73.1716 0
    endloop
  endfacet
  facet normal -0.659343 -0.751842 0
    outer loop
      vertex -61.5784 73.1716 -5
      vertex -61.185 72.8266 0
      vertex -61.5784 73.1716 0
    endloop
  endfacet
  facet normal -0.659343 -0.751842 -0
    outer loop
      vertex -61.185 72.8266 0
      vertex -61.5784 73.1716 -5
      vertex -61.185 72.8266 -5
    endloop
  endfacet
  facet normal 0.751842 -0.659343 0
    outer loop
      vertex -55.9216 73.1716 0
      vertex -55.5766 73.565 -5
      vertex -55.5766 73.565 0
    endloop
  endfacet
  facet normal 0.751842 -0.659343 0
    outer loop
      vertex -55.5766 73.565 -5
      vertex -55.9216 73.1716 0
      vertex -55.9216 73.1716 -5
    endloop
  endfacet
  facet normal -0.831432 -0.555626 0
    outer loop
      vertex -61.9234 73.565 -5
      vertex -62.2141 74 0
      vertex -62.2141 74 -5
    endloop
  endfacet
  facet normal -0.831432 -0.555626 0
    outer loop
      vertex -62.2141 74 0
      vertex -61.9234 73.565 -5
      vertex -61.9234 73.565 0
    endloop
  endfacet
  facet normal -0.442238 -0.896898 0
    outer loop
      vertex -60.75 72.5359 -5
      vertex -60.2807 72.3045 0
      vertex -60.75 72.5359 0
    endloop
  endfacet
  facet normal -0.442238 -0.896898 -0
    outer loop
      vertex -60.2807 72.3045 0
      vertex -60.75 72.5359 -5
      vertex -60.2807 72.3045 -5
    endloop
  endfacet
  facet normal -0.555626 -0.831432 0
    outer loop
      vertex -61.185 72.8266 -5
      vertex -60.75 72.5359 0
      vertex -61.185 72.8266 0
    endloop
  endfacet
  facet normal -0.555626 -0.831432 -0
    outer loop
      vertex -60.75 72.5359 0
      vertex -61.185 72.8266 -5
      vertex -60.75 72.5359 -5
    endloop
  endfacet
  facet normal 0 0 1
    outer loop
      vertex -163.772 0.430736 4
      vertex -181.228 0.430736 4
      vertex -181.2 0 4
    endloop
  endfacet
  facet normal 0 0 1
    outer loop
      vertex -161.354 3.18755 4
      vertex -181.312 0.854102 4
      vertex -181.228 0.430736 4
    endloop
  endfacet
  facet normal 0 0 1
    outer loop
      vertex -161.354 3.18755 4
      vertex -181.451 1.26285 4
      vertex -181.312 0.854102 4
    endloop
  endfacet
  facet normal 0 0 1
    outer loop
      vertex -161.354 3.18755 4
      vertex -181.642 1.65 4
      vertex -181.451 1.26285 4
    endloop
  endfacet
  facet normal 0 0 1
    outer loop
      vertex -161.354 3.18755 4
      vertex -181.882 2.00891 4
      vertex -181.642 1.65 4
    endloop
  endfacet
  facet normal 0 -0 1
    outer loop
      vertex -183.646 3.18755 4
      vertex -161.354 3.18755 4
      vertex -190.5 118.5 4
    endloop
  endfacet
  facet normal 0 0 1
    outer loop
      vertex -161.354 3.18755 4
      vertex -182.167 2.33345 4
      vertex -181.882 2.00891 4
    endloop
  endfacet
  facet normal 0 0 1
    outer loop
      vertex -190.5 118.5 4
      vertex -180.623 133.282 4
      vertex -182.5 132.356 4
    endloop
  endfacet
  facet normal 0 0 1
    outer loop
      vertex -161.354 3.18755 4
      vertex -182.491 2.61807 4
      vertex -182.167 2.33345 4
    endloop
  endfacet
  facet normal 0 0 1
    outer loop
      vertex -161.354 3.18755 4
      vertex -182.85 2.85788 4
      vertex -182.491 2.61807 4
    endloop
  endfacet
  facet normal 0 0 1
    outer loop
      vertex -161.354 3.18755 4
      vertex -183.237 3.0488 4
      vertex -182.85 2.85788 4
    endloop
  endfacet
  facet normal 0 0 1
    outer loop
      vertex -161.354 3.18755 4
      vertex -183.646 3.18755 4
      vertex -183.237 3.0488 4
    endloop
  endfacet
  facet normal 0 0 1
    outer loop
      vertex -190.5 118.5 4
      vertex -182.5 132.356 4
      vertex -184.24 131.194 4
    endloop
  endfacet
  facet normal 0 0 1
    outer loop
      vertex -183.646 3.18755 4
      vertex -190.5 118.5 4
      vertex -184.069 3.27177 4
    endloop
  endfacet
  facet normal 0 0 1
    outer loop
      vertex -184.069 3.27177 4
      vertex -190.5 118.5 4
      vertex -184.5 3.3 4
    endloop
  endfacet
  facet normal 0 0 1
    outer loop
      vertex -184.5 3.3 4
      vertex -190.5 118.5 4
      vertex -184.931 3.27177 4
    endloop
  endfacet
  facet normal 0 0 1
    outer loop
      vertex -184.931 3.27177 4
      vertex -190.5 118.5 4
      vertex -185.354 3.18755 4
    endloop
  endfacet
  facet normal 0 0 1
    outer loop
      vertex -190.5 118.5 4
      vertex -184.24 131.194 4
      vertex -185.814 129.814 4
    endloop
  endfacet
  facet normal 0 0 1
    outer loop
      vertex -185.354 3.18755 4
      vertex -190.5 118.5 4
      vertex -185.763 3.0488 4
    endloop
  endfacet
  facet normal 0 0 1
    outer loop
      vertex -185.763 3.0488 4
      vertex -190.5 118.5 4
      vertex -186.15 2.85788 4
    endloop
  endfacet
  facet normal 0 0 1
    outer loop
      vertex -186.15 2.85788 4
      vertex -190.5 118.5 4
      vertex -186.509 2.61807 4
    endloop
  endfacet
  facet normal 0 0 1
    outer loop
      vertex -186.509 2.61807 4
      vertex -190.5 118.5 4
      vertex -186.833 2.33345 4
    endloop
  endfacet
  facet normal 0 0 1
    outer loop
      vertex -190.5 118.5 4
      vertex -185.814 129.814 4
      vertex -187.194 128.24 4
    endloop
  endfacet
  facet normal 0 0 1
    outer loop
      vertex -186.833 2.33345 4
      vertex -190.5 118.5 4
      vertex -187.118 2.00891 4
    endloop
  endfacet
  facet normal 0 0 1
    outer loop
      vertex -187.118 2.00891 4
      vertex -190.5 118.5 4
      vertex -187.358 1.65 4
    endloop
  endfacet
  facet normal 0 0 1
    outer loop
      vertex -187.358 1.65 4
      vertex -190.5 118.5 4
      vertex -187.549 1.26285 4
    endloop
  endfacet
  facet normal 0 0 1
    outer loop
      vertex -187.549 1.26285 4
      vertex -190.5 118.5 4
      vertex -187.688 0.854102 4
    endloop
  endfacet
  facet normal 0 0 1
    outer loop
      vertex -190.5 -10 4
      vertex -187.688 0.854102 4
      vertex -190.5 118.5 4
    endloop
  endfacet
  facet normal 0 0 1
    outer loop
      vertex -190.5 118.5 4
      vertex -187.194 128.24 4
      vertex -188.356 126.5 4
    endloop
  endfacet
  facet normal 0 0 1
    outer loop
      vertex -10 134.5 4
      vertex -108 70.8 4
      vertex -10 70.8 4
    endloop
  endfacet
  facet normal -0 0 1
    outer loop
      vertex -126.812 127.646 4
      vertex -108 70.8 4
      vertex -10 134.5 4
    endloop
  endfacet
  facet normal -0 0 1
    outer loop
      vertex -126.951 127.237 4
      vertex -108 70.8 4
      vertex -126.812 127.646 4
    endloop
  endfacet
  facet normal -0 0 1
    outer loop
      vertex -127.142 126.85 4
      vertex -108 70.8 4
      vertex -126.951 127.237 4
    endloop
  endfacet
  facet normal -0 0 1
    outer loop
      vertex -127.382 126.491 4
      vertex -108 70.8 4
      vertex -127.142 126.85 4
    endloop
  endfacet
  facet normal -0 0 1
    outer loop
      vertex -127.667 126.167 4
      vertex -108 70.8 4
      vertex -127.382 126.491 4
    endloop
  endfacet
  facet normal -0 0 1
    outer loop
      vertex -127.991 125.882 4
      vertex -108 70.8 4
      vertex -127.667 126.167 4
    endloop
  endfacet
  facet normal 0 0 1
    outer loop
      vertex -108 70.8 4
      vertex -127.991 125.882 4
      vertex -108.435 70.7715 4
    endloop
  endfacet
  facet normal 0 0 1
    outer loop
      vertex -108.435 70.7715 4
      vertex -127.991 125.882 4
      vertex -108.457 70.77 4
    endloop
  endfacet
  facet normal 0 0 -1
    outer loop
      vertex -109.75 70.3311 4
      vertex -110.131 70.0767 4
      vertex -110.113 70.0888 4
    endloop
  endfacet
  facet normal 0 0 1
    outer loop
      vertex -110.777 69.4306 4
      vertex -111.031 69.05 4
      vertex -110.789 69.4125 4
    endloop
  endfacet
  facet normal 0 0 1
    outer loop
      vertex -111.031 69.05 4
      vertex -111.234 68.6394 4
      vertex -111.224 68.6589 4
    endloop
  endfacet
  facet normal 0 0 1
    outer loop
      vertex -111.234 68.6394 4
      vertex -111.381 68.2059 4
      vertex -111.241 68.6187 4
    endloop
  endfacet
  facet normal 0 0 -1
    outer loop
      vertex -111.381 68.2059 4
      vertex -111.47 67.7568 4
      vertex -111.466 67.7782 4
    endloop
  endfacet
  facet normal 0 0 1
    outer loop
      vertex -109.75 70.3311 4
      vertex -129.569 125.228 4
      vertex -110.131 70.0767 4
    endloop
  endfacet
  facet normal -0 0 1
    outer loop
      vertex -129.569 125.228 4
      vertex -109.75 70.3311 4
      vertex -129.146 125.312 4
    endloop
  endfacet
  facet normal 0 0 1
    outer loop
      vertex -109.359 70.5239 4
      vertex -129.146 125.312 4
      vertex -109.75 70.3311 4
    endloop
  endfacet
  facet normal 0 0 1
    outer loop
      vertex -109.339 70.5336 4
      vertex -129.146 125.312 4
      vertex -109.359 70.5239 4
    endloop
  endfacet
  facet normal -0 0 1
    outer loop
      vertex -129.146 125.312 4
      vertex -109.339 70.5336 4
      vertex -128.737 125.451 4
    endloop
  endfacet
  facet normal 0 0 1
    outer loop
      vertex -109.319 70.5406 4
      vertex -128.737 125.451 4
      vertex -109.339 70.5336 4
    endloop
  endfacet
  facet normal 0 0 1
    outer loop
      vertex -108.906 70.6807 4
      vertex -128.737 125.451 4
      vertex -109.319 70.5406 4
    endloop
  endfacet
  facet normal -0 0 1
    outer loop
      vertex -128.737 125.451 4
      vertex -108.906 70.6807 4
      vertex -128.35 125.642 4
    endloop
  endfacet
  facet normal 0 0 1
    outer loop
      vertex -108.478 70.7658 4
      vertex -128.35 125.642 4
      vertex -108.906 70.6807 4
    endloop
  endfacet
  facet normal 0 0 1
    outer loop
      vertex -108.457 70.77 4
      vertex -128.35 125.642 4
      vertex -108.478 70.7658 4
    endloop
  endfacet
  facet normal -0 0 1
    outer loop
      vertex -128.35 125.642 4
      vertex -108.457 70.77 4
      vertex -127.991 125.882 4
    endloop
  endfacet
  facet normal 0 0 1
    outer loop
      vertex -126.812 127.646 4
      vertex -10 134.5 4
      vertex -126.728 128.069 4
    endloop
  endfacet
  facet normal 0 0 1
    outer loop
      vertex -126.728 128.069 4
      vertex -10 134.5 4
      vertex -126.7 128.5 4
    endloop
  endfacet
  facet normal 0 0 1
    outer loop
      vertex -10 134.5 4
      vertex -126.728 128.931 4
      vertex -126.7 128.5 4
    endloop
  endfacet
  facet normal 0 0 1
    outer loop
      vertex -10 134.5 4
      vertex -126.812 129.354 4
      vertex -126.728 128.931 4
    endloop
  endfacet
  facet normal 0 0 1
    outer loop
      vertex -10 134.5 4
      vertex -126.951 129.763 4
      vertex -126.812 129.354 4
    endloop
  endfacet
  facet normal 0 0 1
    outer loop
      vertex -10 134.5 4
      vertex -127.142 130.15 4
      vertex -126.951 129.763 4
    endloop
  endfacet
  facet normal 0 0 1
    outer loop
      vertex -10 134.5 4
      vertex -127.382 130.509 4
      vertex -127.142 130.15 4
    endloop
  endfacet
  facet normal 0 0 1
    outer loop
      vertex -10 134.5 4
      vertex -127.667 130.833 4
      vertex -127.382 130.509 4
    endloop
  endfacet
  facet normal 0 0 1
    outer loop
      vertex -10 134.5 4
      vertex -127.991 131.118 4
      vertex -127.667 130.833 4
    endloop
  endfacet
  facet normal 0 0 1
    outer loop
      vertex -10 134.5 4
      vertex -128.35 131.358 4
      vertex -127.991 131.118 4
    endloop
  endfacet
  facet normal 0 0 1
    outer loop
      vertex -10 134.5 4
      vertex -128.737 131.549 4
      vertex -128.35 131.358 4
    endloop
  endfacet
  facet normal 0 0 1
    outer loop
      vertex -10 134.5 4
      vertex -129.146 131.688 4
      vertex -128.737 131.549 4
    endloop
  endfacet
  facet normal 0 0 1
    outer loop
      vertex -10 134.5 4
      vertex -129.569 131.772 4
      vertex -129.146 131.688 4
    endloop
  endfacet
  facet normal 0 0 1
    outer loop
      vertex -10 134.5 4
      vertex -130 131.8 4
      vertex -129.569 131.772 4
    endloop
  endfacet
  facet normal 0 0 1
    outer loop
      vertex -174.5 134.5 4
      vertex -133.3 128.5 4
      vertex -133.272 128.931 4
    endloop
  endfacet
  facet normal 0 0 1
    outer loop
      vertex -133.3 128.5 4
      vertex -157.228 0.430736 4
      vertex -157.2 0 4
    endloop
  endfacet
  facet normal 0 0 1
    outer loop
      vertex -133.3 128.5 4
      vertex -157.312 0.854102 4
      vertex -157.228 0.430736 4
    endloop
  endfacet
  facet normal 0 0 1
    outer loop
      vertex -133.3 128.5 4
      vertex -157.451 1.26285 4
      vertex -157.312 0.854102 4
    endloop
  endfacet
  facet normal 0 0 1
    outer loop
      vertex -133.3 128.5 4
      vertex -157.642 1.65 4
      vertex -157.451 1.26285 4
    endloop
  endfacet
  facet normal 0 0 1
    outer loop
      vertex -133.3 128.5 4
      vertex -157.882 2.00891 4
      vertex -157.642 1.65 4
    endloop
  endfacet
  facet normal 0 0 1
    outer loop
      vertex -133.3 128.5 4
      vertex -158.167 2.33345 4
      vertex -157.882 2.00891 4
    endloop
  endfacet
  facet normal 0 0 1
    outer loop
      vertex -133.3 128.5 4
      vertex -158.491 2.61807 4
      vertex -158.167 2.33345 4
    endloop
  endfacet
  facet normal 0 0 1
    outer loop
      vertex -174.5 134.5 4
      vertex -133.272 128.931 4
      vertex -133.188 129.354 4
    endloop
  endfacet
  facet normal 0 0 1
    outer loop
      vertex -133.3 128.5 4
      vertex -158.85 2.85788 4
      vertex -158.491 2.61807 4
    endloop
  endfacet
  facet normal 0 0 1
    outer loop
      vertex -133.3 128.5 4
      vertex -159.237 3.0488 4
      vertex -158.85 2.85788 4
    endloop
  endfacet
  facet normal 0 0 1
    outer loop
      vertex -133.3 128.5 4
      vertex -159.646 3.18755 4
      vertex -159.237 3.0488 4
    endloop
  endfacet
  facet normal 0 0 1
    outer loop
      vertex -133.3 128.5 4
      vertex -160.069 3.27177 4
      vertex -159.646 3.18755 4
    endloop
  endfacet
  facet normal -0 0 1
    outer loop
      vertex -190.5 118.5 4
      vertex -160.069 3.27177 4
      vertex -133.3 128.5 4
    endloop
  endfacet
  facet normal 0 0 1
    outer loop
      vertex -190.5 118.5 4
      vertex -133.3 128.5 4
      vertex -174.5 134.5 4
    endloop
  endfacet
  facet normal 0 0 1
    outer loop
      vertex -160.069 3.27177 4
      vertex -190.5 118.5 4
      vertex -160.5 3.3 4
    endloop
  endfacet
  facet normal 0 0 1
    outer loop
      vertex -190.5 118.5 4
      vertex -174.5 134.5 4
      vertex -180.623 133.282 4
    endloop
  endfacet
  facet normal 0 0 1
    outer loop
      vertex -160.5 3.3 4
      vertex -190.5 118.5 4
      vertex -160.931 3.27177 4
    endloop
  endfacet
  facet normal 0 0 1
    outer loop
      vertex -160.931 3.27177 4
      vertex -190.5 118.5 4
      vertex -161.354 3.18755 4
    endloop
  endfacet
  facet normal 0 0 1
    outer loop
      vertex -181.228 0.430736 4
      vertex -161.763 3.0488 4
      vertex -161.354 3.18755 4
    endloop
  endfacet
  facet normal 0 0 1
    outer loop
      vertex -181.228 0.430736 4
      vertex -162.15 2.85788 4
      vertex -161.763 3.0488 4
    endloop
  endfacet
  facet normal 0 0 1
    outer loop
      vertex -181.228 0.430736 4
      vertex -162.509 2.61807 4
      vertex -162.15 2.85788 4
    endloop
  endfacet
  facet normal 0 0 1
    outer loop
      vertex -181.228 0.430736 4
      vertex -162.833 2.33345 4
      vertex -162.509 2.61807 4
    endloop
  endfacet
  facet normal 0 0 1
    outer loop
      vertex -181.228 0.430736 4
      vertex -163.118 2.00891 4
      vertex -162.833 2.33345 4
    endloop
  endfacet
  facet normal 0 0 1
    outer loop
      vertex -181.228 0.430736 4
      vertex -163.688 0.854102 4
      vertex -163.549 1.26285 4
    endloop
  endfacet
  facet normal 0 0 1
    outer loop
      vertex -181.228 0.430736 4
      vertex -163.549 1.26285 4
      vertex -163.358 1.65 4
    endloop
  endfacet
  facet normal 0 0 1
    outer loop
      vertex -181.228 0.430736 4
      vertex -163.358 1.65 4
      vertex -163.118 2.00891 4
    endloop
  endfacet
  facet normal 0 0 1
    outer loop
      vertex -133.049 129.763 4
      vertex -174.5 134.5 4
      vertex -133.188 129.354 4
    endloop
  endfacet
  facet normal 0 0 1
    outer loop
      vertex -132.858 130.15 4
      vertex -174.5 134.5 4
      vertex -133.049 129.763 4
    endloop
  endfacet
  facet normal 0 0 1
    outer loop
      vertex -132.618 130.509 4
      vertex -174.5 134.5 4
      vertex -132.858 130.15 4
    endloop
  endfacet
  facet normal 0 0 1
    outer loop
      vertex -132.333 130.833 4
      vertex -174.5 134.5 4
      vertex -132.618 130.509 4
    endloop
  endfacet
  facet normal 0 0 1
    outer loop
      vertex -132.009 131.118 4
      vertex -174.5 134.5 4
      vertex -132.333 130.833 4
    endloop
  endfacet
  facet normal 0 0 1
    outer loop
      vertex -131.65 131.358 4
      vertex -174.5 134.5 4
      vertex -132.009 131.118 4
    endloop
  endfacet
  facet normal 0 0 1
    outer loop
      vertex -131.263 131.549 4
      vertex -174.5 134.5 4
      vertex -131.65 131.358 4
    endloop
  endfacet
  facet normal 0 0 1
    outer loop
      vertex -130.854 131.688 4
      vertex -174.5 134.5 4
      vertex -131.263 131.549 4
    endloop
  endfacet
  facet normal 0 0 1
    outer loop
      vertex -130.431 131.772 4
      vertex -174.5 134.5 4
      vertex -130.854 131.688 4
    endloop
  endfacet
  facet normal 0 0 1
    outer loop
      vertex -130 131.8 4
      vertex -174.5 134.5 4
      vertex -130.431 131.772 4
    endloop
  endfacet
  facet normal -0 0 1
    outer loop
      vertex -174.5 134.5 4
      vertex -130 131.8 4
      vertex -10 134.5 4
    endloop
  endfacet
  facet normal -0 0 1
    outer loop
      vertex -130 125.2 4
      vertex -110.131 70.0767 4
      vertex -129.569 125.228 4
    endloop
  endfacet
  facet normal 0 0 1
    outer loop
      vertex -110.131 70.0767 4
      vertex -130 125.2 4
      vertex -110.147 70.0624 4
    endloop
  endfacet
  facet normal 0 0 1
    outer loop
      vertex -110.147 70.0624 4
      vertex -130 125.2 4
      vertex -110.475 69.7749 4
    endloop
  endfacet
  facet normal 0 0 1
    outer loop
      vertex -130.431 125.228 4
      vertex -110.475 69.7749 4
      vertex -130 125.2 4
    endloop
  endfacet
  facet normal 0 0 1
    outer loop
      vertex -110.475 69.7749 4
      vertex -130.431 125.228 4
      vertex -110.762 69.447 4
    endloop
  endfacet
  facet normal 0 0 1
    outer loop
      vertex -110.762 69.447 4
      vertex -130.431 125.228 4
      vertex -110.777 69.4306 4
    endloop
  endfacet
  facet normal 0 0 1
    outer loop
      vertex -130.854 125.312 4
      vertex -110.777 69.4306 4
      vertex -130.431 125.228 4
    endloop
  endfacet
  facet normal 0 0 1
    outer loop
      vertex -110.777 69.4306 4
      vertex -130.854 125.312 4
      vertex -111.031 69.05 4
    endloop
  endfacet
  facet normal 0 0 1
    outer loop
      vertex -131.263 125.451 4
      vertex -111.031 69.05 4
      vertex -130.854 125.312 4
    endloop
  endfacet
  facet normal 0 0 1
    outer loop
      vertex -111.031 69.05 4
      vertex -131.263 125.451 4
      vertex -111.234 68.6394 4
    endloop
  endfacet
  facet normal 0 0 1
    outer loop
      vertex -131.65 125.642 4
      vertex -111.234 68.6394 4
      vertex -131.263 125.451 4
    endloop
  endfacet
  facet normal 0 0 1
    outer loop
      vertex -111.234 68.6394 4
      vertex -131.65 125.642 4
      vertex -111.381 68.2059 4
    endloop
  endfacet
  facet normal 0 0 1
    outer loop
      vertex -132.009 125.882 4
      vertex -111.381 68.2059 4
      vertex -131.65 125.642 4
    endloop
  endfacet
  facet normal 0 0 1
    outer loop
      vertex -111.381 68.2059 4
      vertex -132.009 125.882 4
      vertex -111.47 67.7568 4
    endloop
  endfacet
  facet normal 0 0 1
    outer loop
      vertex -132.333 126.167 4
      vertex -111.47 67.7568 4
      vertex -132.009 125.882 4
    endloop
  endfacet
  facet normal 0 0 1
    outer loop
      vertex -111.47 67.7568 4
      vertex -132.333 126.167 4
      vertex -111.471 67.7351 4
    endloop
  endfacet
  facet normal 0 0 1
    outer loop
      vertex -111.471 67.7351 4
      vertex -132.333 126.167 4
      vertex -111.5 67.3 4
    endloop
  endfacet
  facet normal 0 0 1
    outer loop
      vertex -111.5 67.3 4
      vertex -132.333 126.167 4
      vertex -157.2 0 4
    endloop
  endfacet
  facet normal 0 0 1
    outer loop
      vertex -157.2 0 4
      vertex -132.333 126.167 4
      vertex -132.618 126.491 4
    endloop
  endfacet
  facet normal 0 0 1
    outer loop
      vertex -157.2 0 4
      vertex -132.618 126.491 4
      vertex -132.858 126.85 4
    endloop
  endfacet
  facet normal 0 0 1
    outer loop
      vertex -157.2 0 4
      vertex -132.858 126.85 4
      vertex -133.049 127.237 4
    endloop
  endfacet
  facet normal 0 0 1
    outer loop
      vertex -157.2 0 4
      vertex -133.049 127.237 4
      vertex -133.188 127.646 4
    endloop
  endfacet
  facet normal 0 0 1
    outer loop
      vertex -157.2 0 4
      vertex -133.188 127.646 4
      vertex -133.272 128.069 4
    endloop
  endfacet
  facet normal 0 0 1
    outer loop
      vertex -157.2 0 4
      vertex -133.272 128.069 4
      vertex -133.3 128.5 4
    endloop
  endfacet
  facet normal 0 0 1
    outer loop
      vertex -111.5 67.3 4
      vertex -157.2 0 4
      vertex -111.5 -10 4
    endloop
  endfacet
  facet normal -0 0 1
    outer loop
      vertex -157.228 -0.430736 4
      vertex -111.5 -10 4
      vertex -157.2 0 4
    endloop
  endfacet
  facet normal -0 0 1
    outer loop
      vertex -157.312 -0.854102 4
      vertex -111.5 -10 4
      vertex -157.228 -0.430736 4
    endloop
  endfacet
  facet normal -0 0 1
    outer loop
      vertex -157.451 -1.26285 4
      vertex -111.5 -10 4
      vertex -157.312 -0.854102 4
    endloop
  endfacet
  facet normal -0 0 1
    outer loop
      vertex -157.642 -1.65 4
      vertex -111.5 -10 4
      vertex -157.451 -1.26285 4
    endloop
  endfacet
  facet normal -0 0 1
    outer loop
      vertex -157.882 -2.00891 4
      vertex -111.5 -10 4
      vertex -157.642 -1.65 4
    endloop
  endfacet
  facet normal -0 0 1
    outer loop
      vertex -158.167 -2.33345 4
      vertex -111.5 -10 4
      vertex -157.882 -2.00891 4
    endloop
  endfacet
  facet normal -0 0 1
    outer loop
      vertex -158.491 -2.61807 4
      vertex -111.5 -10 4
      vertex -158.167 -2.33345 4
    endloop
  endfacet
  facet normal -0 0 1
    outer loop
      vertex -158.85 -2.85788 4
      vertex -111.5 -10 4
      vertex -158.491 -2.61807 4
    endloop
  endfacet
  facet normal -0 0 1
    outer loop
      vertex -159.237 -3.0488 4
      vertex -111.5 -10 4
      vertex -158.85 -2.85788 4
    endloop
  endfacet
  facet normal -0 0 1
    outer loop
      vertex -159.646 -3.18755 4
      vertex -111.5 -10 4
      vertex -159.237 -3.0488 4
    endloop
  endfacet
  facet normal -0 0 1
    outer loop
      vertex -160.069 -3.27177 4
      vertex -111.5 -10 4
      vertex -159.646 -3.18755 4
    endloop
  endfacet
  facet normal 0 0 1
    outer loop
      vertex -190.5 -10 4
      vertex -160.069 -3.27177 4
      vertex -160.5 -3.3 4
    endloop
  endfacet
  facet normal 0 0 1
    outer loop
      vertex -190.5 -10 4
      vertex -160.5 -3.3 4
      vertex -160.931 -3.27177 4
    endloop
  endfacet
  facet normal 0 0 1
    outer loop
      vertex -181.228 0.430736 4
      vertex -163.772 0.430736 4
      vertex -163.688 0.854102 4
    endloop
  endfacet
  facet normal 0 0 1
    outer loop
      vertex -180.623 133.282 4
      vertex -174.5 134.5 4
      vertex -176.588 134.363 4
    endloop
  endfacet
  facet normal 0 0 1
    outer loop
      vertex -180.623 133.282 4
      vertex -176.588 134.363 4
      vertex -178.641 133.955 4
    endloop
  endfacet
  facet normal 0 0 1
    outer loop
      vertex -163.772 0.430736 4
      vertex -181.2 0 4
      vertex -163.8 0 4
    endloop
  endfacet
  facet normal 0 0 1
    outer loop
      vertex -163.8 0 4
      vertex -181.2 0 4
      vertex -163.772 -0.430736 4
    endloop
  endfacet
  facet normal 0 0 1
    outer loop
      vertex -181.228 -0.430736 4
      vertex -163.772 -0.430736 4
      vertex -181.2 0 4
    endloop
  endfacet
  facet normal 0 0 1
    outer loop
      vertex -163.772 -0.430736 4
      vertex -181.228 -0.430736 4
      vertex -163.688 -0.854102 4
    endloop
  endfacet
  facet normal 0 0 1
    outer loop
      vertex -181.312 -0.854102 4
      vertex -163.688 -0.854102 4
      vertex -181.228 -0.430736 4
    endloop
  endfacet
  facet normal 0 0 1
    outer loop
      vertex -163.688 -0.854102 4
      vertex -181.312 -0.854102 4
      vertex -163.549 -1.26285 4
    endloop
  endfacet
  facet normal 0 0 1
    outer loop
      vertex -181.451 -1.26285 4
      vertex -163.549 -1.26285 4
      vertex -181.312 -0.854102 4
    endloop
  endfacet
  facet normal 0 0 1
    outer loop
      vertex -163.549 -1.26285 4
      vertex -181.451 -1.26285 4
      vertex -163.358 -1.65 4
    endloop
  endfacet
  facet normal 0 0 1
    outer loop
      vertex -181.642 -1.65 4
      vertex -163.358 -1.65 4
      vertex -181.451 -1.26285 4
    endloop
  endfacet
  facet normal 0 0 1
    outer loop
      vertex -163.358 -1.65 4
      vertex -181.642 -1.65 4
      vertex -163.118 -2.00891 4
    endloop
  endfacet
  facet normal 0 0 1
    outer loop
      vertex -181.882 -2.00891 4
      vertex -163.118 -2.00891 4
      vertex -181.642 -1.65 4
    endloop
  endfacet
  facet normal 0 0 1
    outer loop
      vertex -163.118 -2.00891 4
      vertex -181.882 -2.00891 4
      vertex -162.833 -2.33345 4
    endloop
  endfacet
  facet normal 0 0 1
    outer loop
      vertex -182.167 -2.33345 4
      vertex -162.833 -2.33345 4
      vertex -181.882 -2.00891 4
    endloop
  endfacet
  facet normal 0 0 1
    outer loop
      vertex -162.833 -2.33345 4
      vertex -182.167 -2.33345 4
      vertex -162.509 -2.61807 4
    endloop
  endfacet
  facet normal 0 0 1
    outer loop
      vertex -182.491 -2.61807 4
      vertex -162.509 -2.61807 4
      vertex -182.167 -2.33345 4
    endloop
  endfacet
  facet normal 0 0 1
    outer loop
      vertex -162.509 -2.61807 4
      vertex -182.491 -2.61807 4
      vertex -162.15 -2.85788 4
    endloop
  endfacet
  facet normal 0 0 1
    outer loop
      vertex -182.85 -2.85788 4
      vertex -162.15 -2.85788 4
      vertex -182.491 -2.61807 4
    endloop
  endfacet
  facet normal 0 0 1
    outer loop
      vertex -190.5 -10 4
      vertex -162.15 -2.85788 4
      vertex -182.85 -2.85788 4
    endloop
  endfacet
  facet normal 0 0 1
    outer loop
      vertex -162.15 -2.85788 4
      vertex -190.5 -10 4
      vertex -161.763 -3.0488 4
    endloop
  endfacet
  facet normal 0 0 1
    outer loop
      vertex -161.763 -3.0488 4
      vertex -190.5 -10 4
      vertex -161.354 -3.18755 4
    endloop
  endfacet
  facet normal 0 0 1
    outer loop
      vertex -161.354 -3.18755 4
      vertex -190.5 -10 4
      vertex -160.931 -3.27177 4
    endloop
  endfacet
  facet normal 0 0 1
    outer loop
      vertex -190.5 -10 4
      vertex -182.85 -2.85788 4
      vertex -183.237 -3.0488 4
    endloop
  endfacet
  facet normal 0 0 1
    outer loop
      vertex -190.5 -10 4
      vertex -183.237 -3.0488 4
      vertex -183.646 -3.18755 4
    endloop
  endfacet
  facet normal 0 0 1
    outer loop
      vertex -190.5 -10 4
      vertex -183.646 -3.18755 4
      vertex -184.069 -3.27177 4
    endloop
  endfacet
  facet normal 0 0 1
    outer loop
      vertex -190.5 -10 4
      vertex -184.069 -3.27177 4
      vertex -184.5 -3.3 4
    endloop
  endfacet
  facet normal 0 0 1
    outer loop
      vertex -190.5 -10 4
      vertex -184.5 -3.3 4
      vertex -184.931 -3.27177 4
    endloop
  endfacet
  facet normal 0 0 1
    outer loop
      vertex -190.5 118.5 4
      vertex -188.356 126.5 4
      vertex -189.282 124.623 4
    endloop
  endfacet
  facet normal 0 0 1
    outer loop
      vertex -190.5 118.5 4
      vertex -189.282 124.623 4
      vertex -189.955 122.641 4
    endloop
  endfacet
  facet normal 0 0 1
    outer loop
      vertex -190.5 118.5 4
      vertex -189.955 122.641 4
      vertex -190.363 120.588 4
    endloop
  endfacet
  facet normal 0 0 1
    outer loop
      vertex -187.688 0.854102 4
      vertex -190.5 -10 4
      vertex -187.772 0.430736 4
    endloop
  endfacet
  facet normal 0 0 1
    outer loop
      vertex -160.069 -3.27177 4
      vertex -190.5 -10 4
      vertex -111.5 -10 4
    endloop
  endfacet
  facet normal 0 0 1
    outer loop
      vertex -185.354 -3.18755 4
      vertex -190.5 -10 4
      vertex -184.931 -3.27177 4
    endloop
  endfacet
  facet normal 0 0 1
    outer loop
      vertex -185.763 -3.0488 4
      vertex -190.5 -10 4
      vertex -185.354 -3.18755 4
    endloop
  endfacet
  facet normal 0 0 1
    outer loop
      vertex -186.15 -2.85788 4
      vertex -190.5 -10 4
      vertex -185.763 -3.0488 4
    endloop
  endfacet
  facet normal 0 0 1
    outer loop
      vertex -186.509 -2.61807 4
      vertex -190.5 -10 4
      vertex -186.15 -2.85788 4
    endloop
  endfacet
  facet normal 0 0 1
    outer loop
      vertex -186.833 -2.33345 4
      vertex -190.5 -10 4
      vertex -186.509 -2.61807 4
    endloop
  endfacet
  facet normal 0 0 1
    outer loop
      vertex -187.118 -2.00891 4
      vertex -190.5 -10 4
      vertex -186.833 -2.33345 4
    endloop
  endfacet
  facet normal 0 0 1
    outer loop
      vertex -187.358 -1.65 4
      vertex -190.5 -10 4
      vertex -187.118 -2.00891 4
    endloop
  endfacet
  facet normal 0 0 1
    outer loop
      vertex -187.549 -1.26285 4
      vertex -190.5 -10 4
      vertex -187.358 -1.65 4
    endloop
  endfacet
  facet normal 0 0 1
    outer loop
      vertex -187.688 -0.854102 4
      vertex -190.5 -10 4
      vertex -187.549 -1.26285 4
    endloop
  endfacet
  facet normal 0 0 1
    outer loop
      vertex -187.772 -0.430736 4
      vertex -190.5 -10 4
      vertex -187.688 -0.854102 4
    endloop
  endfacet
  facet normal 0 0 1
    outer loop
      vertex -187.8 0 4
      vertex -190.5 -10 4
      vertex -187.772 -0.430736 4
    endloop
  endfacet
  facet normal 0 0 1
    outer loop
      vertex -187.772 0.430736 4
      vertex -190.5 -10 4
      vertex -187.8 0 4
    endloop
  endfacet
  facet normal -0 0 1
    outer loop
      vertex -126.738 128.928 4
      vertex -126.7 128.5 4
      vertex -126.728 128.931 4
    endloop
  endfacet
  facet normal 0 0 1
    outer loop
      vertex -126.7 128.5 4
      vertex -126.738 128.928 4
      vertex -126.71 128.5 4
    endloop
  endfacet
  facet normal 0 0 1
    outer loop
      vertex -126.728 128.931 4
      vertex -126.738 128.929 4
      vertex -126.738 128.928 4
    endloop
  endfacet
  facet normal 0 0 1
    outer loop
      vertex -126.728 128.931 4
      vertex -126.738 128.931 4
      vertex -126.738 128.929 4
    endloop
  endfacet
  facet normal 0 0 1
    outer loop
      vertex -126.812 129.354 4
      vertex -126.738 128.931 4
      vertex -126.728 128.931 4
    endloop
  endfacet
  facet normal 0 0 1
    outer loop
      vertex -126.812 129.354 4
      vertex -126.822 129.352 4
      vertex -126.738 128.931 4
    endloop
  endfacet
  facet normal -0 0 1
    outer loop
      vertex -126.96 129.758 4
      vertex -126.812 129.354 4
      vertex -126.951 129.763 4
    endloop
  endfacet
  facet normal 0 0 1
    outer loop
      vertex -126.812 129.354 4
      vertex -126.96 129.758 4
      vertex -126.822 129.352 4
    endloop
  endfacet
  facet normal 0 0 1
    outer loop
      vertex -126.951 129.763 4
      vertex -126.96 129.759 4
      vertex -126.96 129.758 4
    endloop
  endfacet
  facet normal -0 0 1
    outer loop
      vertex -127.15 130.144 4
      vertex -126.951 129.763 4
      vertex -127.142 130.15 4
    endloop
  endfacet
  facet normal 0 0 1
    outer loop
      vertex -126.951 129.763 4
      vertex -127.15 130.144 4
      vertex -126.96 129.759 4
    endloop
  endfacet
  facet normal 0 0 1
    outer loop
      vertex -127.142 130.15 4
      vertex -127.151 130.145 4
      vertex -127.15 130.144 4
    endloop
  endfacet
  facet normal 0 0 1
    outer loop
      vertex -127.142 130.15 4
      vertex -127.151 130.146 4
      vertex -127.151 130.145 4
    endloop
  endfacet
  facet normal 0 0 1
    outer loop
      vertex -127.382 130.509 4
      vertex -127.151 130.146 4
      vertex -127.142 130.15 4
    endloop
  endfacet
  facet normal 0 0 1
    outer loop
      vertex -127.382 130.509 4
      vertex -127.39 130.503 4
      vertex -127.151 130.146 4
    endloop
  endfacet
  facet normal -0 0 1
    outer loop
      vertex -127.673 130.825 4
      vertex -127.382 130.509 4
      vertex -127.667 130.833 4
    endloop
  endfacet
  facet normal 0 0 1
    outer loop
      vertex -127.382 130.509 4
      vertex -127.673 130.825 4
      vertex -127.39 130.503 4
    endloop
  endfacet
  facet normal 0 0 1
    outer loop
      vertex -127.667 130.833 4
      vertex -127.674 130.826 4
      vertex -127.673 130.825 4
    endloop
  endfacet
  facet normal 0 0 1
    outer loop
      vertex -127.667 130.833 4
      vertex -127.675 130.827 4
      vertex -127.674 130.826 4
    endloop
  endfacet
  facet normal 0 0 1
    outer loop
      vertex -127.991 131.118 4
      vertex -127.675 130.827 4
      vertex -127.667 130.833 4
    endloop
  endfacet
  facet normal 0 0 1
    outer loop
      vertex -127.991 131.118 4
      vertex -127.997 131.11 4
      vertex -127.675 130.827 4
    endloop
  endfacet
  facet normal -0 0 1
    outer loop
      vertex -128.354 131.349 4
      vertex -127.991 131.118 4
      vertex -128.35 131.358 4
    endloop
  endfacet
  facet normal 0 0 1
    outer loop
      vertex -127.991 131.118 4
      vertex -128.354 131.349 4
      vertex -127.997 131.11 4
    endloop
  endfacet
  facet normal 0 0 1
    outer loop
      vertex -128.35 131.358 4
      vertex -128.355 131.349 4
      vertex -128.354 131.349 4
    endloop
  endfacet
  facet normal 0 0 1
    outer loop
      vertex -128.35 131.358 4
      vertex -128.356 131.35 4
      vertex -128.355 131.349 4
    endloop
  endfacet
  facet normal 0 0 1
    outer loop
      vertex -128.737 131.549 4
      vertex -128.356 131.35 4
      vertex -128.35 131.358 4
    endloop
  endfacet
  facet normal 0 0 1
    outer loop
      vertex -128.737 131.549 4
      vertex -128.741 131.54 4
      vertex -128.356 131.35 4
    endloop
  endfacet
  facet normal 0 0 1
    outer loop
      vertex -128.737 131.549 4
      vertex -128.742 131.54 4
      vertex -128.741 131.54 4
    endloop
  endfacet
  facet normal 0 0 1
    outer loop
      vertex -129.146 131.688 4
      vertex -128.742 131.54 4
      vertex -128.737 131.549 4
    endloop
  endfacet
  facet normal 0 0 1
    outer loop
      vertex -129.146 131.688 4
      vertex -129.148 131.678 4
      vertex -128.742 131.54 4
    endloop
  endfacet
  facet normal 0 0 1
    outer loop
      vertex -129.146 131.688 4
      vertex -129.569 131.762 4
      vertex -129.148 131.678 4
    endloop
  endfacet
  facet normal 0 0 1
    outer loop
      vertex -129.569 131.772 4
      vertex -129.569 131.762 4
      vertex -129.146 131.688 4
    endloop
  endfacet
  facet normal 0 0 1
    outer loop
      vertex -129.569 131.772 4
      vertex -129.571 131.762 4
      vertex -129.569 131.762 4
    endloop
  endfacet
  facet normal 0 0 1
    outer loop
      vertex -129.569 131.772 4
      vertex -129.572 131.762 4
      vertex -129.571 131.762 4
    endloop
  endfacet
  facet normal 0 0 1
    outer loop
      vertex -130 131.8 4
      vertex -129.572 131.762 4
      vertex -129.569 131.772 4
    endloop
  endfacet
  facet normal 0 0 1
    outer loop
      vertex -130 131.8 4
      vertex -130 131.79 4
      vertex -129.572 131.762 4
    endloop
  endfacet
  facet normal 0 0 1
    outer loop
      vertex -130 131.8 4
      vertex -130.428 131.762 4
      vertex -130 131.79 4
    endloop
  endfacet
  facet normal -0 0 1
    outer loop
      vertex -130.431 131.772 4
      vertex -130.428 131.762 4
      vertex -130 131.8 4
    endloop
  endfacet
  facet normal 0 0 1
    outer loop
      vertex -130.428 131.762 4
      vertex -130.431 131.772 4
      vertex -130.429 131.762 4
    endloop
  endfacet
  facet normal 0 0 1
    outer loop
      vertex -130.431 131.772 4
      vertex -130.431 131.762 4
      vertex -130.429 131.762 4
    endloop
  endfacet
  facet normal 0 0 1
    outer loop
      vertex -130.854 131.688 4
      vertex -130.431 131.762 4
      vertex -130.431 131.772 4
    endloop
  endfacet
  facet normal 0 0 1
    outer loop
      vertex -130.431 131.762 4
      vertex -130.854 131.688 4
      vertex -130.852 131.678 4
    endloop
  endfacet
  facet normal 0 0 1
    outer loop
      vertex -130.854 131.688 4
      vertex -131.258 131.54 4
      vertex -130.852 131.678 4
    endloop
  endfacet
  facet normal -0 0 1
    outer loop
      vertex -131.263 131.549 4
      vertex -131.258 131.54 4
      vertex -130.854 131.688 4
    endloop
  endfacet
  facet normal 0 0 1
    outer loop
      vertex -131.258 131.54 4
      vertex -131.263 131.549 4
      vertex -131.259 131.54 4
    endloop
  endfacet
  facet normal 0 0 1
    outer loop
      vertex -131.263 131.549 4
      vertex -131.644 131.35 4
      vertex -131.259 131.54 4
    endloop
  endfacet
  facet normal -0 0 1
    outer loop
      vertex -131.65 131.358 4
      vertex -131.644 131.35 4
      vertex -131.263 131.549 4
    endloop
  endfacet
  facet normal 0 0 1
    outer loop
      vertex -131.644 131.35 4
      vertex -131.65 131.358 4
      vertex -131.645 131.349 4
    endloop
  endfacet
  facet normal 0 0 1
    outer loop
      vertex -131.65 131.358 4
      vertex -131.646 131.349 4
      vertex -131.645 131.349 4
    endloop
  endfacet
  facet normal 0 0 1
    outer loop
      vertex -132.009 131.118 4
      vertex -131.646 131.349 4
      vertex -131.65 131.358 4
    endloop
  endfacet
  facet normal 0 0 1
    outer loop
      vertex -131.646 131.349 4
      vertex -132.009 131.118 4
      vertex -132.003 131.11 4
    endloop
  endfacet
  facet normal 0 0 1
    outer loop
      vertex -132.009 131.118 4
      vertex -132.325 130.827 4
      vertex -132.003 131.11 4
    endloop
  endfacet
  facet normal -0 0 1
    outer loop
      vertex -132.333 130.833 4
      vertex -132.325 130.827 4
      vertex -132.009 131.118 4
    endloop
  endfacet
  facet normal 0 0 1
    outer loop
      vertex -132.325 130.827 4
      vertex -132.333 130.833 4
      vertex -132.326 130.826 4
    endloop
  endfacet
  facet normal 0 0 1
    outer loop
      vertex -132.333 130.833 4
      vertex -132.327 130.825 4
      vertex -132.326 130.826 4
    endloop
  endfacet
  facet normal 0 0 1
    outer loop
      vertex -132.618 130.509 4
      vertex -132.327 130.825 4
      vertex -132.333 130.833 4
    endloop
  endfacet
  facet normal 0 0 1
    outer loop
      vertex -132.327 130.825 4
      vertex -132.618 130.509 4
      vertex -132.61 130.503 4
    endloop
  endfacet
  facet normal 0 0 1
    outer loop
      vertex -132.618 130.509 4
      vertex -132.849 130.146 4
      vertex -132.61 130.503 4
    endloop
  endfacet
  facet normal -0 0 1
    outer loop
      vertex -132.858 130.15 4
      vertex -132.849 130.146 4
      vertex -132.618 130.509 4
    endloop
  endfacet
  facet normal 0 0 1
    outer loop
      vertex -132.849 130.146 4
      vertex -132.858 130.15 4
      vertex -132.849 130.145 4
    endloop
  endfacet
  facet normal 0 0 1
    outer loop
      vertex -132.858 130.15 4
      vertex -132.85 130.144 4
      vertex -132.849 130.145 4
    endloop
  endfacet
  facet normal 0 0 1
    outer loop
      vertex -133.049 129.763 4
      vertex -132.85 130.144 4
      vertex -132.858 130.15 4
    endloop
  endfacet
  facet normal 0 0 1
    outer loop
      vertex -132.85 130.144 4
      vertex -133.049 129.763 4
      vertex -133.04 129.759 4
    endloop
  endfacet
  facet normal 0 0 1
    outer loop
      vertex -133.049 129.763 4
      vertex -133.04 129.758 4
      vertex -133.04 129.759 4
    endloop
  endfacet
  facet normal 0 0 1
    outer loop
      vertex -133.188 129.354 4
      vertex -133.04 129.758 4
      vertex -133.049 129.763 4
    endloop
  endfacet
  facet normal 0 0 1
    outer loop
      vertex -133.04 129.758 4
      vertex -133.188 129.354 4
      vertex -133.178 129.352 4
    endloop
  endfacet
  facet normal 0 0 1
    outer loop
      vertex -133.188 129.354 4
      vertex -133.262 128.931 4
      vertex -133.178 129.352 4
    endloop
  endfacet
  facet normal 0 0 1
    outer loop
      vertex -133.272 128.931 4
      vertex -133.262 128.931 4
      vertex -133.188 129.354 4
    endloop
  endfacet
  facet normal 0 0 1
    outer loop
      vertex -133.262 128.931 4
      vertex -133.272 128.931 4
      vertex -133.262 128.929 4
    endloop
  endfacet
  facet normal 0 0 1
    outer loop
      vertex -133.272 128.931 4
      vertex -133.262 128.928 4
      vertex -133.262 128.929 4
    endloop
  endfacet
  facet normal 0 0 1
    outer loop
      vertex -133.3 128.5 4
      vertex -133.262 128.928 4
      vertex -133.272 128.931 4
    endloop
  endfacet
  facet normal 0 0 1
    outer loop
      vertex -133.262 128.928 4
      vertex -133.3 128.5 4
      vertex -133.29 128.5 4
    endloop
  endfacet
  facet normal 0 0 1
    outer loop
      vertex -126.738 128.072 4
      vertex -126.7 128.5 4
      vertex -126.71 128.5 4
    endloop
  endfacet
  facet normal 0 0 1
    outer loop
      vertex -126.7 128.5 4
      vertex -126.738 128.072 4
      vertex -126.728 128.069 4
    endloop
  endfacet
  facet normal -0 0 1
    outer loop
      vertex -126.738 128.071 4
      vertex -126.728 128.069 4
      vertex -126.738 128.072 4
    endloop
  endfacet
  facet normal 0 0 1
    outer loop
      vertex -126.738 128.069 4
      vertex -126.728 128.069 4
      vertex -126.738 128.071 4
    endloop
  endfacet
  facet normal -0 0 1
    outer loop
      vertex -126.738 128.069 4
      vertex -126.812 127.646 4
      vertex -126.728 128.069 4
    endloop
  endfacet
  facet normal -0 0 1
    outer loop
      vertex -126.822 127.648 4
      vertex -126.812 127.646 4
      vertex -126.738 128.069 4
    endloop
  endfacet
  facet normal 0 0 1
    outer loop
      vertex -126.96 127.242 4
      vertex -126.812 127.646 4
      vertex -126.822 127.648 4
    endloop
  endfacet
  facet normal 0 0 1
    outer loop
      vertex -126.812 127.646 4
      vertex -126.96 127.242 4
      vertex -126.951 127.237 4
    endloop
  endfacet
  facet normal -0 0 1
    outer loop
      vertex -126.96 127.241 4
      vertex -126.951 127.237 4
      vertex -126.96 127.242 4
    endloop
  endfacet
  facet normal 0 0 1
    outer loop
      vertex -127.15 126.856 4
      vertex -126.951 127.237 4
      vertex -126.96 127.241 4
    endloop
  endfacet
  facet normal 0 0 1
    outer loop
      vertex -126.951 127.237 4
      vertex -127.15 126.856 4
      vertex -127.142 126.85 4
    endloop
  endfacet
  facet normal -0 0 1
    outer loop
      vertex -127.151 126.855 4
      vertex -127.142 126.85 4
      vertex -127.15 126.856 4
    endloop
  endfacet
  facet normal -0 0 1
    outer loop
      vertex -127.151 126.854 4
      vertex -127.142 126.85 4
      vertex -127.151 126.855 4
    endloop
  endfacet
  facet normal 0 0 1
    outer loop
      vertex -127.151 126.854 4
      vertex -127.382 126.491 4
      vertex -127.142 126.85 4
    endloop
  endfacet
  facet normal -0 0 1
    outer loop
      vertex -127.39 126.497 4
      vertex -127.382 126.491 4
      vertex -127.151 126.854 4
    endloop
  endfacet
  facet normal 0 0 1
    outer loop
      vertex -127.673 126.175 4
      vertex -127.382 126.491 4
      vertex -127.39 126.497 4
    endloop
  endfacet
  facet normal 0 0 1
    outer loop
      vertex -127.382 126.491 4
      vertex -127.673 126.175 4
      vertex -127.667 126.167 4
    endloop
  endfacet
  facet normal -0 0 1
    outer loop
      vertex -127.674 126.174 4
      vertex -127.667 126.167 4
      vertex -127.673 126.175 4
    endloop
  endfacet
  facet normal -0 0 1
    outer loop
      vertex -127.675 126.173 4
      vertex -127.667 126.167 4
      vertex -127.674 126.174 4
    endloop
  endfacet
  facet normal 0 0 1
    outer loop
      vertex -127.675 126.173 4
      vertex -127.991 125.882 4
      vertex -127.667 126.167 4
    endloop
  endfacet
  facet normal -0 0 1
    outer loop
      vertex -127.997 125.89 4
      vertex -127.991 125.882 4
      vertex -127.675 126.173 4
    endloop
  endfacet
  facet normal 0 0 1
    outer loop
      vertex -128.354 125.651 4
      vertex -127.991 125.882 4
      vertex -127.997 125.89 4
    endloop
  endfacet
  facet normal 0 0 1
    outer loop
      vertex -127.991 125.882 4
      vertex -128.354 125.651 4
      vertex -128.35 125.642 4
    endloop
  endfacet
  facet normal -0 0 1
    outer loop
      vertex -128.355 125.651 4
      vertex -128.35 125.642 4
      vertex -128.354 125.651 4
    endloop
  endfacet
  facet normal -0 0 1
    outer loop
      vertex -128.356 125.65 4
      vertex -128.35 125.642 4
      vertex -128.355 125.651 4
    endloop
  endfacet
  facet normal 0 0 1
    outer loop
      vertex -128.356 125.65 4
      vertex -128.737 125.451 4
      vertex -128.35 125.642 4
    endloop
  endfacet
  facet normal -0 0 1
    outer loop
      vertex -128.741 125.46 4
      vertex -128.737 125.451 4
      vertex -128.356 125.65 4
    endloop
  endfacet
  facet normal -0 0 1
    outer loop
      vertex -128.742 125.46 4
      vertex -128.737 125.451 4
      vertex -128.741 125.46 4
    endloop
  endfacet
  facet normal 0 0 1
    outer loop
      vertex -128.742 125.46 4
      vertex -129.146 125.312 4
      vertex -128.737 125.451 4
    endloop
  endfacet
  facet normal -0 0 1
    outer loop
      vertex -129.148 125.322 4
      vertex -129.146 125.312 4
      vertex -128.742 125.46 4
    endloop
  endfacet
  facet normal 0 0 1
    outer loop
      vertex -129.569 125.238 4
      vertex -129.146 125.312 4
      vertex -129.148 125.322 4
    endloop
  endfacet
  facet normal -0 0 1
    outer loop
      vertex -129.569 125.238 4
      vertex -129.569 125.228 4
      vertex -129.146 125.312 4
    endloop
  endfacet
  facet normal -0 0 1
    outer loop
      vertex -129.571 125.238 4
      vertex -129.569 125.228 4
      vertex -129.569 125.238 4
    endloop
  endfacet
  facet normal -0 0 1
    outer loop
      vertex -129.572 125.238 4
      vertex -129.569 125.228 4
      vertex -129.571 125.238 4
    endloop
  endfacet
  facet normal 0 0 1
    outer loop
      vertex -130 125.2 4
      vertex -129.572 125.238 4
      vertex -130 125.21 4
    endloop
  endfacet
  facet normal 0 0 1
    outer loop
      vertex -129.572 125.238 4
      vertex -130 125.2 4
      vertex -129.569 125.228 4
    endloop
  endfacet
  facet normal 0 0 1
    outer loop
      vertex -130.428 125.238 4
      vertex -130 125.2 4
      vertex -130 125.21 4
    endloop
  endfacet
  facet normal 0 0 1
    outer loop
      vertex -130.431 125.228 4
      vertex -130.428 125.238 4
      vertex -130.429 125.238 4
    endloop
  endfacet
  facet normal 0 0 1
    outer loop
      vertex -130.428 125.238 4
      vertex -130.431 125.228 4
      vertex -130 125.2 4
    endloop
  endfacet
  facet normal -0 0 1
    outer loop
      vertex -130.431 125.238 4
      vertex -130.431 125.228 4
      vertex -130.429 125.238 4
    endloop
  endfacet
  facet normal -0 0 1
    outer loop
      vertex -130.854 125.312 4
      vertex -130.431 125.238 4
      vertex -130.852 125.322 4
    endloop
  endfacet
  facet normal 0 0 1
    outer loop
      vertex -130.431 125.238 4
      vertex -130.854 125.312 4
      vertex -130.431 125.228 4
    endloop
  endfacet
  facet normal 0 0 1
    outer loop
      vertex -131.258 125.46 4
      vertex -130.854 125.312 4
      vertex -130.852 125.322 4
    endloop
  endfacet
  facet normal 0 0 1
    outer loop
      vertex -131.263 125.451 4
      vertex -131.258 125.46 4
      vertex -131.259 125.46 4
    endloop
  endfacet
  facet normal 0 0 1
    outer loop
      vertex -131.258 125.46 4
      vertex -131.263 125.451 4
      vertex -130.854 125.312 4
    endloop
  endfacet
  facet normal 0 0 1
    outer loop
      vertex -131.644 125.65 4
      vertex -131.263 125.451 4
      vertex -131.259 125.46 4
    endloop
  endfacet
  facet normal 0 0 1
    outer loop
      vertex -131.65 125.642 4
      vertex -131.644 125.65 4
      vertex -131.645 125.651 4
    endloop
  endfacet
  facet normal 0 0 1
    outer loop
      vertex -131.644 125.65 4
      vertex -131.65 125.642 4
      vertex -131.263 125.451 4
    endloop
  endfacet
  facet normal -0 0 1
    outer loop
      vertex -131.646 125.651 4
      vertex -131.65 125.642 4
      vertex -131.645 125.651 4
    endloop
  endfacet
  facet normal -0 0 1
    outer loop
      vertex -132.009 125.882 4
      vertex -131.646 125.651 4
      vertex -132.003 125.89 4
    endloop
  endfacet
  facet normal 0 0 1
    outer loop
      vertex -131.646 125.651 4
      vertex -132.009 125.882 4
      vertex -131.65 125.642 4
    endloop
  endfacet
  facet normal 0 0 1
    outer loop
      vertex -132.325 126.173 4
      vertex -132.009 125.882 4
      vertex -132.003 125.89 4
    endloop
  endfacet
  facet normal 0 0 1
    outer loop
      vertex -132.333 126.167 4
      vertex -132.325 126.173 4
      vertex -132.326 126.174 4
    endloop
  endfacet
  facet normal 0 0 1
    outer loop
      vertex -132.325 126.173 4
      vertex -132.333 126.167 4
      vertex -132.009 125.882 4
    endloop
  endfacet
  facet normal 0 0 1
    outer loop
      vertex -132.327 126.175 4
      vertex -132.333 126.167 4
      vertex -132.326 126.174 4
    endloop
  endfacet
  facet normal -0 0 1
    outer loop
      vertex -132.618 126.491 4
      vertex -132.327 126.175 4
      vertex -132.61 126.497 4
    endloop
  endfacet
  facet normal 0 0 1
    outer loop
      vertex -132.327 126.175 4
      vertex -132.618 126.491 4
      vertex -132.333 126.167 4
    endloop
  endfacet
  facet normal 0 0 1
    outer loop
      vertex -132.849 126.854 4
      vertex -132.618 126.491 4
      vertex -132.61 126.497 4
    endloop
  endfacet
  facet normal 0 0 1
    outer loop
      vertex -132.858 126.85 4
      vertex -132.849 126.854 4
      vertex -132.849 126.855 4
    endloop
  endfacet
  facet normal 0 0 1
    outer loop
      vertex -132.849 126.854 4
      vertex -132.858 126.85 4
      vertex -132.618 126.491 4
    endloop
  endfacet
  facet normal 0 0 1
    outer loop
      vertex -132.85 126.856 4
      vertex -132.858 126.85 4
      vertex -132.849 126.855 4
    endloop
  endfacet
  facet normal -0 0 1
    outer loop
      vertex -133.049 127.237 4
      vertex -132.85 126.856 4
      vertex -133.04 127.241 4
    endloop
  endfacet
  facet normal 0 0 1
    outer loop
      vertex -132.85 126.856 4
      vertex -133.049 127.237 4
      vertex -132.858 126.85 4
    endloop
  endfacet
  facet normal 0 0 1
    outer loop
      vertex -133.04 127.242 4
      vertex -133.049 127.237 4
      vertex -133.04 127.241 4
    endloop
  endfacet
  facet normal -0 0 1
    outer loop
      vertex -133.188 127.646 4
      vertex -133.04 127.242 4
      vertex -133.178 127.648 4
    endloop
  endfacet
  facet normal 0 0 1
    outer loop
      vertex -133.04 127.242 4
      vertex -133.188 127.646 4
      vertex -133.049 127.237 4
    endloop
  endfacet
  facet normal 0 0 1
    outer loop
      vertex -133.262 128.069 4
      vertex -133.188 127.646 4
      vertex -133.178 127.648 4
    endloop
  endfacet
  facet normal 0 0 1
    outer loop
      vertex -133.272 128.069 4
      vertex -133.262 128.069 4
      vertex -133.262 128.071 4
    endloop
  endfacet
  facet normal 0 0 1
    outer loop
      vertex -133.262 128.069 4
      vertex -133.272 128.069 4
      vertex -133.188 127.646 4
    endloop
  endfacet
  facet normal 0 0 1
    outer loop
      vertex -133.262 128.072 4
      vertex -133.272 128.069 4
      vertex -133.262 128.071 4
    endloop
  endfacet
  facet normal -0 0 1
    outer loop
      vertex -133.3 128.5 4
      vertex -133.262 128.072 4
      vertex -133.29 128.5 4
    endloop
  endfacet
  facet normal 0 0 1
    outer loop
      vertex -133.262 128.072 4
      vertex -133.3 128.5 4
      vertex -133.272 128.069 4
    endloop
  endfacet
  facet normal -0 0 1
    outer loop
      vertex -181.238 0.42806 4
      vertex -181.2 0 4
      vertex -181.228 0.430736 4
    endloop
  endfacet
  facet normal 0 0 1
    outer loop
      vertex -181.2 0 4
      vertex -181.238 0.42806 4
      vertex -181.21 0 4
    endloop
  endfacet
  facet normal 0 0 1
    outer loop
      vertex -181.228 0.430736 4
      vertex -181.238 0.429439 4
      vertex -181.238 0.42806 4
    endloop
  endfacet
  facet normal 0 0 1
    outer loop
      vertex -181.228 0.430736 4
      vertex -181.238 0.430793 4
      vertex -181.238 0.429439 4
    endloop
  endfacet
  facet normal 0 0 1
    outer loop
      vertex -181.312 0.854102 4
      vertex -181.238 0.430793 4
      vertex -181.228 0.430736 4
    endloop
  endfacet
  facet normal 0 0 1
    outer loop
      vertex -181.312 0.854102 4
      vertex -181.322 0.85153 4
      vertex -181.238 0.430793 4
    endloop
  endfacet
  facet normal -0 0 1
    outer loop
      vertex -181.46 1.25774 4
      vertex -181.312 0.854102 4
      vertex -181.451 1.26285 4
    endloop
  endfacet
  facet normal 0 0 1
    outer loop
      vertex -181.312 0.854102 4
      vertex -181.46 1.25774 4
      vertex -181.322 0.85153 4
    endloop
  endfacet
  facet normal 0 0 1
    outer loop
      vertex -181.451 1.26285 4
      vertex -181.46 1.25905 4
      vertex -181.46 1.25774 4
    endloop
  endfacet
  facet normal -0 0 1
    outer loop
      vertex -181.65 1.64379 4
      vertex -181.451 1.26285 4
      vertex -181.642 1.65 4
    endloop
  endfacet
  facet normal 0 0 1
    outer loop
      vertex -181.451 1.26285 4
      vertex -181.65 1.64379 4
      vertex -181.46 1.25905 4
    endloop
  endfacet
  facet normal 0 0 1
    outer loop
      vertex -181.642 1.65 4
      vertex -181.651 1.64503 4
      vertex -181.65 1.64379 4
    endloop
  endfacet
  facet normal 0 0 1
    outer loop
      vertex -181.642 1.65 4
      vertex -181.651 1.64618 4
      vertex -181.651 1.64503 4
    endloop
  endfacet
  facet normal 0 0 1
    outer loop
      vertex -181.882 2.00891 4
      vertex -181.651 1.64618 4
      vertex -181.642 1.65 4
    endloop
  endfacet
  facet normal 0 0 1
    outer loop
      vertex -181.882 2.00891 4
      vertex -181.89 2.00286 4
      vertex -181.651 1.64618 4
    endloop
  endfacet
  facet normal -0 0 1
    outer loop
      vertex -182.173 2.32539 4
      vertex -181.882 2.00891 4
      vertex -182.167 2.33345 4
    endloop
  endfacet
  facet normal 0 0 1
    outer loop
      vertex -181.882 2.00891 4
      vertex -182.173 2.32539 4
      vertex -181.89 2.00286 4
    endloop
  endfacet
  facet normal 0 0 1
    outer loop
      vertex -182.167 2.33345 4
      vertex -182.174 2.32643 4
      vertex -182.173 2.32539 4
    endloop
  endfacet
  facet normal 0 0 1
    outer loop
      vertex -182.167 2.33345 4
      vertex -182.175 2.32734 4
      vertex -182.174 2.32643 4
    endloop
  endfacet
  facet normal 0 0 1
    outer loop
      vertex -182.491 2.61807 4
      vertex -182.175 2.32734 4
      vertex -182.167 2.33345 4
    endloop
  endfacet
  facet normal 0 0 1
    outer loop
      vertex -182.491 2.61807 4
      vertex -182.497 2.61018 4
      vertex -182.175 2.32734 4
    endloop
  endfacet
  facet normal -0 0 1
    outer loop
      vertex -182.854 2.84851 4
      vertex -182.491 2.61807 4
      vertex -182.85 2.85788 4
    endloop
  endfacet
  facet normal 0 0 1
    outer loop
      vertex -182.491 2.61807 4
      vertex -182.854 2.84851 4
      vertex -182.497 2.61018 4
    endloop
  endfacet
  facet normal 0 0 1
    outer loop
      vertex -182.85 2.85788 4
      vertex -182.855 2.84928 4
      vertex -182.854 2.84851 4
    endloop
  endfacet
  facet normal 0 0 1
    outer loop
      vertex -182.85 2.85788 4
      vertex -182.856 2.84989 4
      vertex -182.855 2.84928 4
    endloop
  endfacet
  facet normal 0 0 1
    outer loop
      vertex -183.237 3.0488 4
      vertex -182.856 2.84989 4
      vertex -182.85 2.85788 4
    endloop
  endfacet
  facet normal 0 0 1
    outer loop
      vertex -183.237 3.0488 4
      vertex -183.241 3.03962 4
      vertex -182.856 2.84989 4
    endloop
  endfacet
  facet normal 0 0 1
    outer loop
      vertex -183.237 3.0488 4
      vertex -183.242 3.04007 4
      vertex -183.241 3.03962 4
    endloop
  endfacet
  facet normal 0 0 1
    outer loop
      vertex -183.646 3.18755 4
      vertex -183.242 3.04007 4
      vertex -183.237 3.0488 4
    endloop
  endfacet
  facet normal 0 0 1
    outer loop
      vertex -183.646 3.18755 4
      vertex -183.648 3.17796 4
      vertex -183.242 3.04007 4
    endloop
  endfacet
  facet normal 0 0 1
    outer loop
      vertex -183.646 3.18755 4
      vertex -184.069 3.26165 4
      vertex -183.648 3.17796 4
    endloop
  endfacet
  facet normal 0 0 1
    outer loop
      vertex -184.069 3.27177 4
      vertex -184.069 3.26165 4
      vertex -183.646 3.18755 4
    endloop
  endfacet
  facet normal 0 0 1
    outer loop
      vertex -184.069 3.27177 4
      vertex -184.071 3.26192 4
      vertex -184.069 3.26165 4
    endloop
  endfacet
  facet normal 0 0 1
    outer loop
      vertex -184.069 3.27177 4
      vertex -184.072 3.26201 4
      vertex -184.071 3.26192 4
    endloop
  endfacet
  facet normal 0 0 1
    outer loop
      vertex -184.5 3.3 4
      vertex -184.072 3.26201 4
      vertex -184.069 3.27177 4
    endloop
  endfacet
  facet normal 0 0 1
    outer loop
      vertex -184.5 3.3 4
      vertex -184.5 3.29006 4
      vertex -184.072 3.26201 4
    endloop
  endfacet
  facet normal 0 0 1
    outer loop
      vertex -184.5 3.3 4
      vertex -184.928 3.26201 4
      vertex -184.5 3.29006 4
    endloop
  endfacet
  facet normal -0 0 1
    outer loop
      vertex -184.931 3.27177 4
      vertex -184.928 3.26201 4
      vertex -184.5 3.3 4
    endloop
  endfacet
  facet normal 0 0 1
    outer loop
      vertex -184.928 3.26201 4
      vertex -184.931 3.27177 4
      vertex -184.929 3.26192 4
    endloop
  endfacet
  facet normal 0 0 1
    outer loop
      vertex -184.931 3.27177 4
      vertex -184.931 3.26165 4
      vertex -184.929 3.26192 4
    endloop
  endfacet
  facet normal 0 0 1
    outer loop
      vertex -185.354 3.18755 4
      vertex -184.931 3.26165 4
      vertex -184.931 3.27177 4
    endloop
  endfacet
  facet normal 0 0 1
    outer loop
      vertex -184.931 3.26165 4
      vertex -185.354 3.18755 4
      vertex -185.352 3.17796 4
    endloop
  endfacet
  facet normal 0 0 1
    outer loop
      vertex -185.354 3.18755 4
      vertex -185.758 3.04007 4
      vertex -185.352 3.17796 4
    endloop
  endfacet
  facet normal -0 0 1
    outer loop
      vertex -185.763 3.0488 4
      vertex -185.758 3.04007 4
      vertex -185.354 3.18755 4
    endloop
  endfacet
  facet normal 0 0 1
    outer loop
      vertex -185.758 3.04007 4
      vertex -185.763 3.0488 4
      vertex -185.759 3.03962 4
    endloop
  endfacet
  facet normal 0 0 1
    outer loop
      vertex -185.763 3.0488 4
      vertex -186.144 2.84989 4
      vertex -185.759 3.03962 4
    endloop
  endfacet
  facet normal -0 0 1
    outer loop
      vertex -186.15 2.85788 4
      vertex -186.144 2.84989 4
      vertex -185.763 3.0488 4
    endloop
  endfacet
  facet normal 0 0 1
    outer loop
      vertex -186.144 2.84989 4
      vertex -186.15 2.85788 4
      vertex -186.145 2.84928 4
    endloop
  endfacet
  facet normal 0 0 1
    outer loop
      vertex -186.15 2.85788 4
      vertex -186.146 2.84851 4
      vertex -186.145 2.84928 4
    endloop
  endfacet
  facet normal 0 0 1
    outer loop
      vertex -186.509 2.61807 4
      vertex -186.146 2.84851 4
      vertex -186.15 2.85788 4
    endloop
  endfacet
  facet normal 0 0 1
    outer loop
      vertex -186.146 2.84851 4
      vertex -186.509 2.61807 4
      vertex -186.503 2.61018 4
    endloop
  endfacet
  facet normal 0 0 1
    outer loop
      vertex -186.509 2.61807 4
      vertex -186.825 2.32734 4
      vertex -186.503 2.61018 4
    endloop
  endfacet
  facet normal -0 0 1
    outer loop
      vertex -186.833 2.33345 4
      vertex -186.825 2.32734 4
      vertex -186.509 2.61807 4
    endloop
  endfacet
  facet normal 0 0 1
    outer loop
      vertex -186.825 2.32734 4
      vertex -186.833 2.33345 4
      vertex -186.826 2.32643 4
    endloop
  endfacet
  facet normal 0 0 1
    outer loop
      vertex -186.833 2.33345 4
      vertex -186.827 2.32539 4
      vertex -186.826 2.32643 4
    endloop
  endfacet
  facet normal 0 0 1
    outer loop
      vertex -187.118 2.00891 4
      vertex -186.827 2.32539 4
      vertex -186.833 2.33345 4
    endloop
  endfacet
  facet normal 0 0 1
    outer loop
      vertex -186.827 2.32539 4
      vertex -187.118 2.00891 4
      vertex -187.11 2.00286 4
    endloop
  endfacet
  facet normal 0 0 1
    outer loop
      vertex -187.118 2.00891 4
      vertex -187.349 1.64618 4
      vertex -187.11 2.00286 4
    endloop
  endfacet
  facet normal -0 0 1
    outer loop
      vertex -187.358 1.65 4
      vertex -187.349 1.64618 4
      vertex -187.118 2.00891 4
    endloop
  endfacet
  facet normal 0 0 1
    outer loop
      vertex -187.349 1.64618 4
      vertex -187.358 1.65 4
      vertex -187.349 1.64503 4
    endloop
  endfacet
  facet normal 0 0 1
    outer loop
      vertex -187.358 1.65 4
      vertex -187.35 1.64379 4
      vertex -187.349 1.64503 4
    endloop
  endfacet
  facet normal 0 0 1
    outer loop
      vertex -187.549 1.26285 4
      vertex -187.35 1.64379 4
      vertex -187.358 1.65 4
    endloop
  endfacet
  facet normal 0 0 1
    outer loop
      vertex -187.35 1.64379 4
      vertex -187.549 1.26285 4
      vertex -187.54 1.25905 4
    endloop
  endfacet
  facet normal 0 0 1
    outer loop
      vertex -187.549 1.26285 4
      vertex -187.54 1.25774 4
      vertex -187.54 1.25905 4
    endloop
  endfacet
  facet normal 0 0 1
    outer loop
      vertex -187.688 0.854102 4
      vertex -187.54 1.25774 4
      vertex -187.549 1.26285 4
    endloop
  endfacet
  facet normal 0 0 1
    outer loop
      vertex -187.54 1.25774 4
      vertex -187.688 0.854102 4
      vertex -187.678 0.85153 4
    endloop
  endfacet
  facet normal 0 0 1
    outer loop
      vertex -187.688 0.854102 4
      vertex -187.762 0.430793 4
      vertex -187.678 0.85153 4
    endloop
  endfacet
  facet normal 0 0 1
    outer loop
      vertex -187.772 0.430736 4
      vertex -187.762 0.430793 4
      vertex -187.688 0.854102 4
    endloop
  endfacet
  facet normal 0 0 1
    outer loop
      vertex -187.762 0.430793 4
      vertex -187.772 0.430736 4
      vertex -187.762 0.429439 4
    endloop
  endfacet
  facet normal 0 0 1
    outer loop
      vertex -187.772 0.430736 4
      vertex -187.762 0.42806 4
      vertex -187.762 0.429439 4
    endloop
  endfacet
  facet normal 0 0 1
    outer loop
      vertex -187.8 0 4
      vertex -187.762 0.42806 4
      vertex -187.772 0.430736 4
    endloop
  endfacet
  facet normal 0 0 1
    outer loop
      vertex -187.762 0.42806 4
      vertex -187.8 0 4
      vertex -187.79 0 4
    endloop
  endfacet
  facet normal 0 0 1
    outer loop
      vertex -181.238 -0.42806 4
      vertex -181.2 0 4
      vertex -181.21 0 4
    endloop
  endfacet
  facet normal 0 0 1
    outer loop
      vertex -181.2 0 4
      vertex -181.238 -0.42806 4
      vertex -181.228 -0.430736 4
    endloop
  endfacet
  facet normal -0 0 1
    outer loop
      vertex -181.238 -0.429439 4
      vertex -181.228 -0.430736 4
      vertex -181.238 -0.42806 4
    endloop
  endfacet
  facet normal 0 0 1
    outer loop
      vertex -181.238 -0.430793 4
      vertex -181.228 -0.430736 4
      vertex -181.238 -0.429439 4
    endloop
  endfacet
  facet normal -0 0 1
    outer loop
      vertex -181.238 -0.430793 4
      vertex -181.312 -0.854102 4
      vertex -181.228 -0.430736 4
    endloop
  endfacet
  facet normal -0 0 1
    outer loop
      vertex -181.322 -0.85153 4
      vertex -181.312 -0.854102 4
      vertex -181.238 -0.430793 4
    endloop
  endfacet
  facet normal 0 0 1
    outer loop
      vertex -181.46 -1.25774 4
      vertex -181.312 -0.854102 4
      vertex -181.322 -0.85153 4
    endloop
  endfacet
  facet normal 0 0 1
    outer loop
      vertex -181.312 -0.854102 4
      vertex -181.46 -1.25774 4
      vertex -181.451 -1.26285 4
    endloop
  endfacet
  facet normal -0 0 1
    outer loop
      vertex -181.46 -1.25905 4
      vertex -181.451 -1.26285 4
      vertex -181.46 -1.25774 4
    endloop
  endfacet
  facet normal 0 0 1
    outer loop
      vertex -181.65 -1.64379 4
      vertex -181.451 -1.26285 4
      vertex -181.46 -1.25905 4
    endloop
  endfacet
  facet normal 0 0 1
    outer loop
      vertex -181.451 -1.26285 4
      vertex -181.65 -1.64379 4
      vertex -181.642 -1.65 4
    endloop
  endfacet
  facet normal -0 0 1
    outer loop
      vertex -181.651 -1.64503 4
      vertex -181.642 -1.65 4
      vertex -181.65 -1.64379 4
    endloop
  endfacet
  facet normal -0 0 1
    outer loop
      vertex -181.651 -1.64618 4
      vertex -181.642 -1.65 4
      vertex -181.651 -1.64503 4
    endloop
  endfacet
  facet normal 0 0 1
    outer loop
      vertex -181.651 -1.64618 4
      vertex -181.882 -2.00891 4
      vertex -181.642 -1.65 4
    endloop
  endfacet
  facet normal -0 0 1
    outer loop
      vertex -181.89 -2.00286 4
      vertex -181.882 -2.00891 4
      vertex -181.651 -1.64618 4
    endloop
  endfacet
  facet normal 0 0 1
    outer loop
      vertex -182.173 -2.32539 4
      vertex -181.882 -2.00891 4
      vertex -181.89 -2.00286 4
    endloop
  endfacet
  facet normal 0 0 1
    outer loop
      vertex -181.882 -2.00891 4
      vertex -182.173 -2.32539 4
      vertex -182.167 -2.33345 4
    endloop
  endfacet
  facet normal -0 0 1
    outer loop
      vertex -182.174 -2.32643 4
      vertex -182.167 -2.33345 4
      vertex -182.173 -2.32539 4
    endloop
  endfacet
  facet normal -0 0 1
    outer loop
      vertex -182.175 -2.32734 4
      vertex -182.167 -2.33345 4
      vertex -182.174 -2.32643 4
    endloop
  endfacet
  facet normal 0 0 1
    outer loop
      vertex -182.175 -2.32734 4
      vertex -182.491 -2.61807 4
      vertex -182.167 -2.33345 4
    endloop
  endfacet
  facet normal -0 0 1
    outer loop
      vertex -182.497 -2.61018 4
      vertex -182.491 -2.61807 4
      vertex -182.175 -2.32734 4
    endloop
  endfacet
  facet normal 0 0 1
    outer loop
      vertex -182.854 -2.84851 4
      vertex -182.491 -2.61807 4
      vertex -182.497 -2.61018 4
    endloop
  endfacet
  facet normal 0 0 1
    outer loop
      vertex -182.491 -2.61807 4
      vertex -182.854 -2.84851 4
      vertex -182.85 -2.85788 4
    endloop
  endfacet
  facet normal -0 0 1
    outer loop
      vertex -182.855 -2.84928 4
      vertex -182.85 -2.85788 4
      vertex -182.854 -2.84851 4
    endloop
  endfacet
  facet normal -0 0 1
    outer loop
      vertex -182.856 -2.84989 4
      vertex -182.85 -2.85788 4
      vertex -182.855 -2.84928 4
    endloop
  endfacet
  facet normal 0 0 1
    outer loop
      vertex -182.856 -2.84989 4
      vertex -183.237 -3.0488 4
      vertex -182.85 -2.85788 4
    endloop
  endfacet
  facet normal -0 0 1
    outer loop
      vertex -183.241 -3.03962 4
      vertex -183.237 -3.0488 4
      vertex -182.856 -2.84989 4
    endloop
  endfacet
  facet normal -0 0 1
    outer loop
      vertex -183.242 -3.04007 4
      vertex -183.237 -3.0488 4
      vertex -183.241 -3.03962 4
    endloop
  endfacet
  facet normal 0 0 1
    outer loop
      vertex -183.242 -3.04007 4
      vertex -183.646 -3.18755 4
      vertex -183.237 -3.0488 4
    endloop
  endfacet
  facet normal -0 0 1
    outer loop
      vertex -183.648 -3.17796 4
      vertex -183.646 -3.18755 4
      vertex -183.242 -3.04007 4
    endloop
  endfacet
  facet normal 0 0 1
    outer loop
      vertex -184.069 -3.26165 4
      vertex -183.646 -3.18755 4
      vertex -183.648 -3.17796 4
    endloop
  endfacet
  facet normal -0 0 1
    outer loop
      vertex -184.069 -3.26165 4
      vertex -184.069 -3.27177 4
      vertex -183.646 -3.18755 4
    endloop
  endfacet
  facet normal -0 0 1
    outer loop
      vertex -184.071 -3.26192 4
      vertex -184.069 -3.27177 4
      vertex -184.069 -3.26165 4
    endloop
  endfacet
  facet normal -0 0 1
    outer loop
      vertex -184.072 -3.26201 4
      vertex -184.069 -3.27177 4
      vertex -184.071 -3.26192 4
    endloop
  endfacet
  facet normal 0 0 1
    outer loop
      vertex -184.5 -3.3 4
      vertex -184.072 -3.26201 4
      vertex -184.5 -3.29006 4
    endloop
  endfacet
  facet normal 0 0 1
    outer loop
      vertex -184.072 -3.26201 4
      vertex -184.5 -3.3 4
      vertex -184.069 -3.27177 4
    endloop
  endfacet
  facet normal 0 0 1
    outer loop
      vertex -184.928 -3.26201 4
      vertex -184.5 -3.3 4
      vertex -184.5 -3.29006 4
    endloop
  endfacet
  facet normal 0 0 1
    outer loop
      vertex -184.931 -3.27177 4
      vertex -184.928 -3.26201 4
      vertex -184.929 -3.26192 4
    endloop
  endfacet
  facet normal 0 0 1
    outer loop
      vertex -184.928 -3.26201 4
      vertex -184.931 -3.27177 4
      vertex -184.5 -3.3 4
    endloop
  endfacet
  facet normal 0 0 1
    outer loop
      vertex -184.931 -3.26165 4
      vertex -184.931 -3.27177 4
      vertex -184.929 -3.26192 4
    endloop
  endfacet
  facet normal -0 0 1
    outer loop
      vertex -185.354 -3.18755 4
      vertex -184.931 -3.26165 4
      vertex -185.352 -3.17796 4
    endloop
  endfacet
  facet normal 0 0 1
    outer loop
      vertex -184.931 -3.26165 4
      vertex -185.354 -3.18755 4
      vertex -184.931 -3.27177 4
    endloop
  endfacet
  facet normal 0 0 1
    outer loop
      vertex -185.758 -3.04007 4
      vertex -185.354 -3.18755 4
      vertex -185.352 -3.17796 4
    endloop
  endfacet
  facet normal 0 0 1
    outer loop
      vertex -185.763 -3.0488 4
      vertex -185.758 -3.04007 4
      vertex -185.759 -3.03962 4
    endloop
  endfacet
  facet normal 0 0 1
    outer loop
      vertex -185.758 -3.04007 4
      vertex -185.763 -3.0488 4
      vertex -185.354 -3.18755 4
    endloop
  endfacet
  facet normal 0 0 1
    outer loop
      vertex -186.144 -2.84989 4
      vertex -185.763 -3.0488 4
      vertex -185.759 -3.03962 4
    endloop
  endfacet
  facet normal 0 0 1
    outer loop
      vertex -186.15 -2.85788 4
      vertex -186.144 -2.84989 4
      vertex -186.145 -2.84928 4
    endloop
  endfacet
  facet normal 0 0 1
    outer loop
      vertex -186.144 -2.84989 4
      vertex -186.15 -2.85788 4
      vertex -185.763 -3.0488 4
    endloop
  endfacet
  facet normal 0 0 1
    outer loop
      vertex -186.146 -2.84851 4
      vertex -186.15 -2.85788 4
      vertex -186.145 -2.84928 4
    endloop
  endfacet
  facet normal -0 0 1
    outer loop
      vertex -186.509 -2.61807 4
      vertex -186.146 -2.84851 4
      vertex -186.503 -2.61018 4
    endloop
  endfacet
  facet normal 0 0 1
    outer loop
      vertex -186.146 -2.84851 4
      vertex -186.509 -2.61807 4
      vertex -186.15 -2.85788 4
    endloop
  endfacet
  facet normal 0 0 1
    outer loop
      vertex -186.825 -2.32734 4
      vertex -186.509 -2.61807 4
      vertex -186.503 -2.61018 4
    endloop
  endfacet
  facet normal 0 0 1
    outer loop
      vertex -186.833 -2.33345 4
      vertex -186.825 -2.32734 4
      vertex -186.826 -2.32643 4
    endloop
  endfacet
  facet normal 0 0 1
    outer loop
      vertex -186.825 -2.32734 4
      vertex -186.833 -2.33345 4
      vertex -186.509 -2.61807 4
    endloop
  endfacet
  facet normal 0 0 1
    outer loop
      vertex -186.827 -2.32539 4
      vertex -186.833 -2.33345 4
      vertex -186.826 -2.32643 4
    endloop
  endfacet
  facet normal -0 0 1
    outer loop
      vertex -187.118 -2.00891 4
      vertex -186.827 -2.32539 4
      vertex -187.11 -2.00286 4
    endloop
  endfacet
  facet normal 0 0 1
    outer loop
      vertex -186.827 -2.32539 4
      vertex -187.118 -2.00891 4
      vertex -186.833 -2.33345 4
    endloop
  endfacet
  facet normal 0 0 1
    outer loop
      vertex -187.349 -1.64618 4
      vertex -187.118 -2.00891 4
      vertex -187.11 -2.00286 4
    endloop
  endfacet
  facet normal 0 0 1
    outer loop
      vertex -187.358 -1.65 4
      vertex -187.349 -1.64618 4
      vertex -187.349 -1.64503 4
    endloop
  endfacet
  facet normal 0 0 1
    outer loop
      vertex -187.349 -1.64618 4
      vertex -187.358 -1.65 4
      vertex -187.118 -2.00891 4
    endloop
  endfacet
  facet normal 0 0 1
    outer loop
      vertex -187.35 -1.64379 4
      vertex -187.358 -1.65 4
      vertex -187.349 -1.64503 4
    endloop
  endfacet
  facet normal -0 0 1
    outer loop
      vertex -187.549 -1.26285 4
      vertex -187.35 -1.64379 4
      vertex -187.54 -1.25905 4
    endloop
  endfacet
  facet normal 0 0 1
    outer loop
      vertex -187.35 -1.64379 4
      vertex -187.549 -1.26285 4
      vertex -187.358 -1.65 4
    endloop
  endfacet
  facet normal 0 0 1
    outer loop
      vertex -187.54 -1.25774 4
      vertex -187.549 -1.26285 4
      vertex -187.54 -1.25905 4
    endloop
  endfacet
  facet normal -0 0 1
    outer loop
      vertex -187.688 -0.854102 4
      vertex -187.54 -1.25774 4
      vertex -187.678 -0.85153 4
    endloop
  endfacet
  facet normal 0 0 1
    outer loop
      vertex -187.54 -1.25774 4
      vertex -187.688 -0.854102 4
      vertex -187.549 -1.26285 4
    endloop
  endfacet
  facet normal 0 0 1
    outer loop
      vertex -187.762 -0.430793 4
      vertex -187.688 -0.854102 4
      vertex -187.678 -0.85153 4
    endloop
  endfacet
  facet normal -0 0 1
    outer loop
      vertex -187.772 -0.430736 4
      vertex -187.762 -0.430793 4
      vertex -187.762 -0.429439 4
    endloop
  endfacet
  facet normal 0 0 1
    outer loop
      vertex -187.762 -0.430793 4
      vertex -187.772 -0.430736 4
      vertex -187.688 -0.854102 4
    endloop
  endfacet
  facet normal 0 0 1
    outer loop
      vertex -187.762 -0.42806 4
      vertex -187.772 -0.430736 4
      vertex -187.762 -0.429439 4
    endloop
  endfacet
  facet normal -0 0 1
    outer loop
      vertex -187.8 0 4
      vertex -187.762 -0.42806 4
      vertex -187.79 0 4
    endloop
  endfacet
  facet normal 0 0 1
    outer loop
      vertex -187.762 -0.42806 4
      vertex -187.8 0 4
      vertex -187.772 -0.430736 4
    endloop
  endfacet
  facet normal -0 0 1
    outer loop
      vertex -157.238 0.42806 4
      vertex -157.2 0 4
      vertex -157.228 0.430736 4
    endloop
  endfacet
  facet normal 0 0 1
    outer loop
      vertex -157.2 0 4
      vertex -157.238 0.42806 4
      vertex -157.21 0 4
    endloop
  endfacet
  facet normal 0 0 1
    outer loop
      vertex -157.228 0.430736 4
      vertex -157.238 0.429439 4
      vertex -157.238 0.42806 4
    endloop
  endfacet
  facet normal 0 0 1
    outer loop
      vertex -157.228 0.430736 4
      vertex -157.238 0.430793 4
      vertex -157.238 0.429439 4
    endloop
  endfacet
  facet normal 0 0 1
    outer loop
      vertex -157.312 0.854102 4
      vertex -157.238 0.430793 4
      vertex -157.228 0.430736 4
    endloop
  endfacet
  facet normal 0 0 1
    outer loop
      vertex -157.312 0.854102 4
      vertex -157.322 0.85153 4
      vertex -157.238 0.430793 4
    endloop
  endfacet
  facet normal -0 0 1
    outer loop
      vertex -157.46 1.25774 4
      vertex -157.312 0.854102 4
      vertex -157.451 1.26285 4
    endloop
  endfacet
  facet normal 0 0 1
    outer loop
      vertex -157.312 0.854102 4
      vertex -157.46 1.25774 4
      vertex -157.322 0.85153 4
    endloop
  endfacet
  facet normal 0 0 1
    outer loop
      vertex -157.451 1.26285 4
      vertex -157.46 1.25905 4
      vertex -157.46 1.25774 4
    endloop
  endfacet
  facet normal -0 0 1
    outer loop
      vertex -157.65 1.64379 4
      vertex -157.451 1.26285 4
      vertex -157.642 1.65 4
    endloop
  endfacet
  facet normal 0 0 1
    outer loop
      vertex -157.451 1.26285 4
      vertex -157.65 1.64379 4
      vertex -157.46 1.25905 4
    endloop
  endfacet
  facet normal 0 0 1
    outer loop
      vertex -157.642 1.65 4
      vertex -157.651 1.64503 4
      vertex -157.65 1.64379 4
    endloop
  endfacet
  facet normal 0 0 1
    outer loop
      vertex -157.642 1.65 4
      vertex -157.651 1.64618 4
      vertex -157.651 1.64503 4
    endloop
  endfacet
  facet normal 0 0 1
    outer loop
      vertex -157.882 2.00891 4
      vertex -157.651 1.64618 4
      vertex -157.642 1.65 4
    endloop
  endfacet
  facet normal 0 0 1
    outer loop
      vertex -157.882 2.00891 4
      vertex -157.89 2.00286 4
      vertex -157.651 1.64618 4
    endloop
  endfacet
  facet normal -0 0 1
    outer loop
      vertex -158.173 2.32539 4
      vertex -157.882 2.00891 4
      vertex -158.167 2.33345 4
    endloop
  endfacet
  facet normal 0 0 1
    outer loop
      vertex -157.882 2.00891 4
      vertex -158.173 2.32539 4
      vertex -157.89 2.00286 4
    endloop
  endfacet
  facet normal 0 0 1
    outer loop
      vertex -158.167 2.33345 4
      vertex -158.174 2.32643 4
      vertex -158.173 2.32539 4
    endloop
  endfacet
  facet normal 0 0 1
    outer loop
      vertex -158.167 2.33345 4
      vertex -158.175 2.32734 4
      vertex -158.174 2.32643 4
    endloop
  endfacet
  facet normal 0 0 1
    outer loop
      vertex -158.491 2.61807 4
      vertex -158.175 2.32734 4
      vertex -158.167 2.33345 4
    endloop
  endfacet
  facet normal 0 0 1
    outer loop
      vertex -158.491 2.61807 4
      vertex -158.497 2.61018 4
      vertex -158.175 2.32734 4
    endloop
  endfacet
  facet normal -0 0 1
    outer loop
      vertex -158.854 2.84851 4
      vertex -158.491 2.61807 4
      vertex -158.85 2.85788 4
    endloop
  endfacet
  facet normal 0 0 1
    outer loop
      vertex -158.491 2.61807 4
      vertex -158.854 2.84851 4
      vertex -158.497 2.61018 4
    endloop
  endfacet
  facet normal 0 0 1
    outer loop
      vertex -158.85 2.85788 4
      vertex -158.855 2.84928 4
      vertex -158.854 2.84851 4
    endloop
  endfacet
  facet normal 0 0 1
    outer loop
      vertex -158.85 2.85788 4
      vertex -158.856 2.84989 4
      vertex -158.855 2.84928 4
    endloop
  endfacet
  facet normal 0 0 1
    outer loop
      vertex -159.237 3.0488 4
      vertex -158.856 2.84989 4
      vertex -158.85 2.85788 4
    endloop
  endfacet
  facet normal 0 0 1
    outer loop
      vertex -159.237 3.0488 4
      vertex -159.241 3.03962 4
      vertex -158.856 2.84989 4
    endloop
  endfacet
  facet normal 0 0 1
    outer loop
      vertex -159.237 3.0488 4
      vertex -159.242 3.04007 4
      vertex -159.241 3.03962 4
    endloop
  endfacet
  facet normal 0 0 1
    outer loop
      vertex -159.646 3.18755 4
      vertex -159.242 3.04007 4
      vertex -159.237 3.0488 4
    endloop
  endfacet
  facet normal 0 0 1
    outer loop
      vertex -159.646 3.18755 4
      vertex -159.648 3.17796 4
      vertex -159.242 3.04007 4
    endloop
  endfacet
  facet normal 0 0 1
    outer loop
      vertex -159.646 3.18755 4
      vertex -160.069 3.26165 4
      vertex -159.648 3.17796 4
    endloop
  endfacet
  facet normal 0 0 1
    outer loop
      vertex -160.069 3.27177 4
      vertex -160.069 3.26165 4
      vertex -159.646 3.18755 4
    endloop
  endfacet
  facet normal 0 0 1
    outer loop
      vertex -160.069 3.27177 4
      vertex -160.071 3.26192 4
      vertex -160.069 3.26165 4
    endloop
  endfacet
  facet normal 0 0 1
    outer loop
      vertex -160.069 3.27177 4
      vertex -160.072 3.26201 4
      vertex -160.071 3.26192 4
    endloop
  endfacet
  facet normal 0 0 1
    outer loop
      vertex -160.5 3.3 4
      vertex -160.072 3.26201 4
      vertex -160.069 3.27177 4
    endloop
  endfacet
  facet normal 0 0 1
    outer loop
      vertex -160.5 3.3 4
      vertex -160.5 3.29006 4
      vertex -160.072 3.26201 4
    endloop
  endfacet
  facet normal 0 0 1
    outer loop
      vertex -160.5 3.3 4
      vertex -160.928 3.26201 4
      vertex -160.5 3.29006 4
    endloop
  endfacet
  facet normal -0 0 1
    outer loop
      vertex -160.931 3.27177 4
      vertex -160.928 3.26201 4
      vertex -160.5 3.3 4
    endloop
  endfacet
  facet normal 0 0 1
    outer loop
      vertex -160.928 3.26201 4
      vertex -160.931 3.27177 4
      vertex -160.929 3.26192 4
    endloop
  endfacet
  facet normal 0 0 1
    outer loop
      vertex -160.931 3.27177 4
      vertex -160.931 3.26165 4
      vertex -160.929 3.26192 4
    endloop
  endfacet
  facet normal 0 0 1
    outer loop
      vertex -161.354 3.18755 4
      vertex -160.931 3.26165 4
      vertex -160.931 3.27177 4
    endloop
  endfacet
  facet normal 0 0 1
    outer loop
      vertex -160.931 3.26165 4
      vertex -161.354 3.18755 4
      vertex -161.352 3.17796 4
    endloop
  endfacet
  facet normal 0 0 1
    outer loop
      vertex -161.354 3.18755 4
      vertex -161.758 3.04007 4
      vertex -161.352 3.17796 4
    endloop
  endfacet
  facet normal -0 0 1
    outer loop
      vertex -161.763 3.0488 4
      vertex -161.758 3.04007 4
      vertex -161.354 3.18755 4
    endloop
  endfacet
  facet normal 0 0 1
    outer loop
      vertex -161.758 3.04007 4
      vertex -161.763 3.0488 4
      vertex -161.759 3.03962 4
    endloop
  endfacet
  facet normal 0 0 1
    outer loop
      vertex -161.763 3.0488 4
      vertex -162.144 2.84989 4
      vertex -161.759 3.03962 4
    endloop
  endfacet
  facet normal -0 0 1
    outer loop
      vertex -162.15 2.85788 4
      vertex -162.144 2.84989 4
      vertex -161.763 3.0488 4
    endloop
  endfacet
  facet normal 0 0 1
    outer loop
      vertex -162.144 2.84989 4
      vertex -162.15 2.85788 4
      vertex -162.145 2.84928 4
    endloop
  endfacet
  facet normal 0 0 1
    outer loop
      vertex -162.15 2.85788 4
      vertex -162.146 2.84851 4
      vertex -162.145 2.84928 4
    endloop
  endfacet
  facet normal 0 0 1
    outer loop
      vertex -162.509 2.61807 4
      vertex -162.146 2.84851 4
      vertex -162.15 2.85788 4
    endloop
  endfacet
  facet normal 0 0 1
    outer loop
      vertex -162.146 2.84851 4
      vertex -162.509 2.61807 4
      vertex -162.503 2.61018 4
    endloop
  endfacet
  facet normal 0 0 1
    outer loop
      vertex -162.509 2.61807 4
      vertex -162.825 2.32734 4
      vertex -162.503 2.61018 4
    endloop
  endfacet
  facet normal -0 0 1
    outer loop
      vertex -162.833 2.33345 4
      vertex -162.825 2.32734 4
      vertex -162.509 2.61807 4
    endloop
  endfacet
  facet normal 0 0 1
    outer loop
      vertex -162.825 2.32734 4
      vertex -162.833 2.33345 4
      vertex -162.826 2.32643 4
    endloop
  endfacet
  facet normal 0 0 1
    outer loop
      vertex -162.833 2.33345 4
      vertex -162.827 2.32539 4
      vertex -162.826 2.32643 4
    endloop
  endfacet
  facet normal 0 0 1
    outer loop
      vertex -163.118 2.00891 4
      vertex -162.827 2.32539 4
      vertex -162.833 2.33345 4
    endloop
  endfacet
  facet normal 0 0 1
    outer loop
      vertex -162.827 2.32539 4
      vertex -163.118 2.00891 4
      vertex -163.11 2.00286 4
    endloop
  endfacet
  facet normal 0 0 1
    outer loop
      vertex -163.118 2.00891 4
      vertex -163.349 1.64618 4
      vertex -163.11 2.00286 4
    endloop
  endfacet
  facet normal -0 0 1
    outer loop
      vertex -163.358 1.65 4
      vertex -163.349 1.64618 4
      vertex -163.118 2.00891 4
    endloop
  endfacet
  facet normal 0 0 1
    outer loop
      vertex -163.349 1.64618 4
      vertex -163.358 1.65 4
      vertex -163.349 1.64503 4
    endloop
  endfacet
  facet normal 0 0 1
    outer loop
      vertex -163.358 1.65 4
      vertex -163.35 1.64379 4
      vertex -163.349 1.64503 4
    endloop
  endfacet
  facet normal 0 0 1
    outer loop
      vertex -163.549 1.26285 4
      vertex -163.35 1.64379 4
      vertex -163.358 1.65 4
    endloop
  endfacet
  facet normal 0 0 1
    outer loop
      vertex -163.35 1.64379 4
      vertex -163.549 1.26285 4
      vertex -163.54 1.25905 4
    endloop
  endfacet
  facet normal 0 0 1
    outer loop
      vertex -163.549 1.26285 4
      vertex -163.54 1.25774 4
      vertex -163.54 1.25905 4
    endloop
  endfacet
  facet normal 0 0 1
    outer loop
      vertex -163.688 0.854102 4
      vertex -163.54 1.25774 4
      vertex -163.549 1.26285 4
    endloop
  endfacet
  facet normal 0 0 1
    outer loop
      vertex -163.54 1.25774 4
      vertex -163.688 0.854102 4
      vertex -163.678 0.85153 4
    endloop
  endfacet
  facet normal 0 0 1
    outer loop
      vertex -163.688 0.854102 4
      vertex -163.762 0.430793 4
      vertex -163.678 0.85153 4
    endloop
  endfacet
  facet normal 0 0 1
    outer loop
      vertex -163.772 0.430736 4
      vertex -163.762 0.430793 4
      vertex -163.688 0.854102 4
    endloop
  endfacet
  facet normal 0 0 1
    outer loop
      vertex -163.762 0.430793 4
      vertex -163.772 0.430736 4
      vertex -163.762 0.429439 4
    endloop
  endfacet
  facet normal 0 0 1
    outer loop
      vertex -163.772 0.430736 4
      vertex -163.762 0.42806 4
      vertex -163.762 0.429439 4
    endloop
  endfacet
  facet normal 0 0 1
    outer loop
      vertex -163.8 0 4
      vertex -163.762 0.42806 4
      vertex -163.772 0.430736 4
    endloop
  endfacet
  facet normal 0 0 1
    outer loop
      vertex -163.762 0.42806 4
      vertex -163.8 0 4
      vertex -163.79 0 4
    endloop
  endfacet
  facet normal 0 0 1
    outer loop
      vertex -157.238 -0.42806 4
      vertex -157.2 0 4
      vertex -157.21 0 4
    endloop
  endfacet
  facet normal 0 0 1
    outer loop
      vertex -157.2 0 4
      vertex -157.238 -0.42806 4
      vertex -157.228 -0.430736 4
    endloop
  endfacet
  facet normal -0 0 1
    outer loop
      vertex -157.238 -0.429439 4
      vertex -157.228 -0.430736 4
      vertex -157.238 -0.42806 4
    endloop
  endfacet
  facet normal 0 0 1
    outer loop
      vertex -157.238 -0.430793 4
      vertex -157.228 -0.430736 4
      vertex -157.238 -0.429439 4
    endloop
  endfacet
  facet normal -0 0 1
    outer loop
      vertex -157.238 -0.430793 4
      vertex -157.312 -0.854102 4
      vertex -157.228 -0.430736 4
    endloop
  endfacet
  facet normal -0 0 1
    outer loop
      vertex -157.322 -0.85153 4
      vertex -157.312 -0.854102 4
      vertex -157.238 -0.430793 4
    endloop
  endfacet
  facet normal 0 0 1
    outer loop
      vertex -157.46 -1.25774 4
      vertex -157.312 -0.854102 4
      vertex -157.322 -0.85153 4
    endloop
  endfacet
  facet normal 0 0 1
    outer loop
      vertex -157.312 -0.854102 4
      vertex -157.46 -1.25774 4
      vertex -157.451 -1.26285 4
    endloop
  endfacet
  facet normal -0 0 1
    outer loop
      vertex -157.46 -1.25905 4
      vertex -157.451 -1.26285 4
      vertex -157.46 -1.25774 4
    endloop
  endfacet
  facet normal 0 0 1
    outer loop
      vertex -157.65 -1.64379 4
      vertex -157.451 -1.26285 4
      vertex -157.46 -1.25905 4
    endloop
  endfacet
  facet normal 0 0 1
    outer loop
      vertex -157.451 -1.26285 4
      vertex -157.65 -1.64379 4
      vertex -157.642 -1.65 4
    endloop
  endfacet
  facet normal -0 0 1
    outer loop
      vertex -157.651 -1.64503 4
      vertex -157.642 -1.65 4
      vertex -157.65 -1.64379 4
    endloop
  endfacet
  facet normal -0 0 1
    outer loop
      vertex -157.651 -1.64618 4
      vertex -157.642 -1.65 4
      vertex -157.651 -1.64503 4
    endloop
  endfacet
  facet normal 0 0 1
    outer loop
      vertex -157.651 -1.64618 4
      vertex -157.882 -2.00891 4
      vertex -157.642 -1.65 4
    endloop
  endfacet
  facet normal -0 0 1
    outer loop
      vertex -157.89 -2.00286 4
      vertex -157.882 -2.00891 4
      vertex -157.651 -1.64618 4
    endloop
  endfacet
  facet normal 0 0 1
    outer loop
      vertex -158.173 -2.32539 4
      vertex -157.882 -2.00891 4
      vertex -157.89 -2.00286 4
    endloop
  endfacet
  facet normal 0 0 1
    outer loop
      vertex -157.882 -2.00891 4
      vertex -158.173 -2.32539 4
      vertex -158.167 -2.33345 4
    endloop
  endfacet
  facet normal -0 0 1
    outer loop
      vertex -158.174 -2.32643 4
      vertex -158.167 -2.33345 4
      vertex -158.173 -2.32539 4
    endloop
  endfacet
  facet normal -0 0 1
    outer loop
      vertex -158.175 -2.32734 4
      vertex -158.167 -2.33345 4
      vertex -158.174 -2.32643 4
    endloop
  endfacet
  facet normal 0 0 1
    outer loop
      vertex -158.175 -2.32734 4
      vertex -158.491 -2.61807 4
      vertex -158.167 -2.33345 4
    endloop
  endfacet
  facet normal -0 0 1
    outer loop
      vertex -158.497 -2.61018 4
      vertex -158.491 -2.61807 4
      vertex -158.175 -2.32734 4
    endloop
  endfacet
  facet normal 0 0 1
    outer loop
      vertex -158.854 -2.84851 4
      vertex -158.491 -2.61807 4
      vertex -158.497 -2.61018 4
    endloop
  endfacet
  facet normal 0 0 1
    outer loop
      vertex -158.491 -2.61807 4
      vertex -158.854 -2.84851 4
      vertex -158.85 -2.85788 4
    endloop
  endfacet
  facet normal -0 0 1
    outer loop
      vertex -158.855 -2.84928 4
      vertex -158.85 -2.85788 4
      vertex -158.854 -2.84851 4
    endloop
  endfacet
  facet normal -0 0 1
    outer loop
      vertex -158.856 -2.84989 4
      vertex -158.85 -2.85788 4
      vertex -158.855 -2.84928 4
    endloop
  endfacet
  facet normal 0 0 1
    outer loop
      vertex -158.856 -2.84989 4
      vertex -159.237 -3.0488 4
      vertex -158.85 -2.85788 4
    endloop
  endfacet
  facet normal -0 0 1
    outer loop
      vertex -159.241 -3.03962 4
      vertex -159.237 -3.0488 4
      vertex -158.856 -2.84989 4
    endloop
  endfacet
  facet normal -0 0 1
    outer loop
      vertex -159.242 -3.04007 4
      vertex -159.237 -3.0488 4
      vertex -159.241 -3.03962 4
    endloop
  endfacet
  facet normal 0 0 1
    outer loop
      vertex -159.242 -3.04007 4
      vertex -159.646 -3.18755 4
      vertex -159.237 -3.0488 4
    endloop
  endfacet
  facet normal -0 0 1
    outer loop
      vertex -159.648 -3.17796 4
      vertex -159.646 -3.18755 4
      vertex -159.242 -3.04007 4
    endloop
  endfacet
  facet normal 0 0 1
    outer loop
      vertex -160.069 -3.26165 4
      vertex -159.646 -3.18755 4
      vertex -159.648 -3.17796 4
    endloop
  endfacet
  facet normal -0 0 1
    outer loop
      vertex -160.069 -3.26165 4
      vertex -160.069 -3.27177 4
      vertex -159.646 -3.18755 4
    endloop
  endfacet
  facet normal -0 0 1
    outer loop
      vertex -160.071 -3.26192 4
      vertex -160.069 -3.27177 4
      vertex -160.069 -3.26165 4
    endloop
  endfacet
  facet normal -0 0 1
    outer loop
      vertex -160.072 -3.26201 4
      vertex -160.069 -3.27177 4
      vertex -160.071 -3.26192 4
    endloop
  endfacet
  facet normal 0 0 1
    outer loop
      vertex -160.5 -3.3 4
      vertex -160.072 -3.26201 4
      vertex -160.5 -3.29006 4
    endloop
  endfacet
  facet normal 0 0 1
    outer loop
      vertex -160.072 -3.26201 4
      vertex -160.5 -3.3 4
      vertex -160.069 -3.27177 4
    endloop
  endfacet
  facet normal 0 0 1
    outer loop
      vertex -160.928 -3.26201 4
      vertex -160.5 -3.3 4
      vertex -160.5 -3.29006 4
    endloop
  endfacet
  facet normal 0 0 1
    outer loop
      vertex -160.931 -3.27177 4
      vertex -160.928 -3.26201 4
      vertex -160.929 -3.26192 4
    endloop
  endfacet
  facet normal 0 0 1
    outer loop
      vertex -160.928 -3.26201 4
      vertex -160.931 -3.27177 4
      vertex -160.5 -3.3 4
    endloop
  endfacet
  facet normal 0 0 1
    outer loop
      vertex -160.931 -3.26165 4
      vertex -160.931 -3.27177 4
      vertex -160.929 -3.26192 4
    endloop
  endfacet
  facet normal -0 0 1
    outer loop
      vertex -161.354 -3.18755 4
      vertex -160.931 -3.26165 4
      vertex -161.352 -3.17796 4
    endloop
  endfacet
  facet normal 0 0 1
    outer loop
      vertex -160.931 -3.26165 4
      vertex -161.354 -3.18755 4
      vertex -160.931 -3.27177 4
    endloop
  endfacet
  facet normal 0 0 1
    outer loop
      vertex -161.758 -3.04007 4
      vertex -161.354 -3.18755 4
      vertex -161.352 -3.17796 4
    endloop
  endfacet
  facet normal 0 0 1
    outer loop
      vertex -161.763 -3.0488 4
      vertex -161.758 -3.04007 4
      vertex -161.759 -3.03962 4
    endloop
  endfacet
  facet normal 0 0 1
    outer loop
      vertex -161.758 -3.04007 4
      vertex -161.763 -3.0488 4
      vertex -161.354 -3.18755 4
    endloop
  endfacet
  facet normal 0 0 1
    outer loop
      vertex -162.144 -2.84989 4
      vertex -161.763 -3.0488 4
      vertex -161.759 -3.03962 4
    endloop
  endfacet
  facet normal 0 0 1
    outer loop
      vertex -162.15 -2.85788 4
      vertex -162.144 -2.84989 4
      vertex -162.145 -2.84928 4
    endloop
  endfacet
  facet normal 0 0 1
    outer loop
      vertex -162.144 -2.84989 4
      vertex -162.15 -2.85788 4
      vertex -161.763 -3.0488 4
    endloop
  endfacet
  facet normal 0 0 1
    outer loop
      vertex -162.146 -2.84851 4
      vertex -162.15 -2.85788 4
      vertex -162.145 -2.84928 4
    endloop
  endfacet
  facet normal -0 0 1
    outer loop
      vertex -162.509 -2.61807 4
      vertex -162.146 -2.84851 4
      vertex -162.503 -2.61018 4
    endloop
  endfacet
  facet normal 0 0 1
    outer loop
      vertex -162.146 -2.84851 4
      vertex -162.509 -2.61807 4
      vertex -162.15 -2.85788 4
    endloop
  endfacet
  facet normal 0 0 1
    outer loop
      vertex -162.825 -2.32734 4
      vertex -162.509 -2.61807 4
      vertex -162.503 -2.61018 4
    endloop
  endfacet
  facet normal 0 0 1
    outer loop
      vertex -162.833 -2.33345 4
      vertex -162.825 -2.32734 4
      vertex -162.826 -2.32643 4
    endloop
  endfacet
  facet normal 0 0 1
    outer loop
      vertex -162.825 -2.32734 4
      vertex -162.833 -2.33345 4
      vertex -162.509 -2.61807 4
    endloop
  endfacet
  facet normal 0 0 1
    outer loop
      vertex -162.827 -2.32539 4
      vertex -162.833 -2.33345 4
      vertex -162.826 -2.32643 4
    endloop
  endfacet
  facet normal -0 0 1
    outer loop
      vertex -163.118 -2.00891 4
      vertex -162.827 -2.32539 4
      vertex -163.11 -2.00286 4
    endloop
  endfacet
  facet normal 0 0 1
    outer loop
      vertex -162.827 -2.32539 4
      vertex -163.118 -2.00891 4
      vertex -162.833 -2.33345 4
    endloop
  endfacet
  facet normal 0 0 1
    outer loop
      vertex -163.349 -1.64618 4
      vertex -163.118 -2.00891 4
      vertex -163.11 -2.00286 4
    endloop
  endfacet
  facet normal 0 0 1
    outer loop
      vertex -163.358 -1.65 4
      vertex -163.349 -1.64618 4
      vertex -163.349 -1.64503 4
    endloop
  endfacet
  facet normal 0 0 1
    outer loop
      vertex -163.349 -1.64618 4
      vertex -163.358 -1.65 4
      vertex -163.118 -2.00891 4
    endloop
  endfacet
  facet normal 0 0 1
    outer loop
      vertex -163.35 -1.64379 4
      vertex -163.358 -1.65 4
      vertex -163.349 -1.64503 4
    endloop
  endfacet
  facet normal -0 0 1
    outer loop
      vertex -163.549 -1.26285 4
      vertex -163.35 -1.64379 4
      vertex -163.54 -1.25905 4
    endloop
  endfacet
  facet normal 0 0 1
    outer loop
      vertex -163.35 -1.64379 4
      vertex -163.549 -1.26285 4
      vertex -163.358 -1.65 4
    endloop
  endfacet
  facet normal 0 0 1
    outer loop
      vertex -163.54 -1.25774 4
      vertex -163.549 -1.26285 4
      vertex -163.54 -1.25905 4
    endloop
  endfacet
  facet normal -0 0 1
    outer loop
      vertex -163.688 -0.854102 4
      vertex -163.54 -1.25774 4
      vertex -163.678 -0.85153 4
    endloop
  endfacet
  facet normal 0 0 1
    outer loop
      vertex -163.54 -1.25774 4
      vertex -163.688 -0.854102 4
      vertex -163.549 -1.26285 4
    endloop
  endfacet
  facet normal 0 0 1
    outer loop
      vertex -163.762 -0.430793 4
      vertex -163.688 -0.854102 4
      vertex -163.678 -0.85153 4
    endloop
  endfacet
  facet normal -0 0 1
    outer loop
      vertex -163.772 -0.430736 4
      vertex -163.762 -0.430793 4
      vertex -163.762 -0.429439 4
    endloop
  endfacet
  facet normal 0 0 1
    outer loop
      vertex -163.762 -0.430793 4
      vertex -163.772 -0.430736 4
      vertex -163.688 -0.854102 4
    endloop
  endfacet
  facet normal 0 0 1
    outer loop
      vertex -163.762 -0.42806 4
      vertex -163.772 -0.430736 4
      vertex -163.762 -0.429439 4
    endloop
  endfacet
  facet normal -0 0 1
    outer loop
      vertex -163.8 0 4
      vertex -163.762 -0.42806 4
      vertex -163.79 0 4
    endloop
  endfacet
  facet normal 0 0 1
    outer loop
      vertex -163.762 -0.42806 4
      vertex -163.8 0 4
      vertex -163.772 -0.430736 4
    endloop
  endfacet
  facet normal 0 1 0
    outer loop
      vertex 10 134.5 2
      vertex 10 134.5 0
      vertex -10 134.5 2
    endloop
  endfacet
  facet normal 0 1 -0
    outer loop
      vertex -10 134.5 2
      vertex -174.5 134.5 4
      vertex -10 134.5 4
    endloop
  endfacet
  facet normal 0 1 0
    outer loop
      vertex -174.5 134.5 0
      vertex -10 134.5 2
      vertex 10 134.5 0
    endloop
  endfacet
  facet normal 0 1 0
    outer loop
      vertex -10 134.5 2
      vertex -174.5 134.5 0
      vertex -174.5 134.5 4
    endloop
  endfacet
  facet normal -0.997854 0.0654722 0
    outer loop
      vertex -190.5 118.5 0
      vertex -190.363 120.588 4
      vertex -190.363 120.588 0
    endloop
  endfacet
  facet normal -0.997854 0.0654722 0
    outer loop
      vertex -190.363 120.588 4
      vertex -190.5 118.5 0
      vertex -190.5 118.5 4
    endloop
  endfacet
  facet normal -1 0 0
    outer loop
      vertex -190.5 10 2
      vertex -190.5 118.5 0
      vertex -190.5 10 0
    endloop
  endfacet
  facet normal -1 0 0
    outer loop
      vertex -190.5 118.5 0
      vertex -190.5 10 2
      vertex -190.5 118.5 4
    endloop
  endfacet
  facet normal -1 0 0
    outer loop
      vertex -190.5 -10 4
      vertex -190.5 10 2
      vertex -190.5 -10 2
    endloop
  endfacet
  facet normal -1 0 0
    outer loop
      vertex -190.5 10 2
      vertex -190.5 -10 4
      vertex -190.5 118.5 4
    endloop
  endfacet
  facet normal -0.321526 0.946901 0
    outer loop
      vertex -178.641 133.955 0
      vertex -180.623 133.282 4
      vertex -178.641 133.955 4
    endloop
  endfacet
  facet normal -0.321526 0.946901 0
    outer loop
      vertex -180.623 133.282 4
      vertex -178.641 133.955 0
      vertex -180.623 133.282 0
    endloop
  endfacet
  facet normal -0.751925 0.659248 0
    outer loop
      vertex -187.194 128.24 0
      vertex -185.814 129.814 4
      vertex -185.814 129.814 0
    endloop
  endfacet
  facet normal -0.751925 0.659248 0
    outer loop
      vertex -185.814 129.814 4
      vertex -187.194 128.24 0
      vertex -187.194 128.24 4
    endloop
  endfacet
  facet normal -0.946901 0.321526 0
    outer loop
      vertex -189.955 122.641 0
      vertex -189.282 124.623 4
      vertex -189.282 124.623 0
    endloop
  endfacet
  facet normal -0.946901 0.321526 0
    outer loop
      vertex -189.282 124.623 4
      vertex -189.955 122.641 0
      vertex -189.955 122.641 4
    endloop
  endfacet
  facet normal -0.896803 0.442429 0
    outer loop
      vertex -189.282 124.623 0
      vertex -188.356 126.5 4
      vertex -188.356 126.5 0
    endloop
  endfacet
  facet normal -0.896803 0.442429 0
    outer loop
      vertex -188.356 126.5 4
      vertex -189.282 124.623 0
      vertex -189.282 124.623 4
    endloop
  endfacet
  facet normal -0.831609 0.555362 0
    outer loop
      vertex -188.356 126.5 0
      vertex -187.194 128.24 4
      vertex -187.194 128.24 0
    endloop
  endfacet
  facet normal -0.831609 0.555362 0
    outer loop
      vertex -187.194 128.24 4
      vertex -188.356 126.5 0
      vertex -188.356 126.5 4
    endloop
  endfacet
  facet normal -0.659248 0.751925 0
    outer loop
      vertex -184.24 131.194 0
      vertex -185.814 129.814 4
      vertex -184.24 131.194 4
    endloop
  endfacet
  facet normal -0.659248 0.751925 0
    outer loop
      vertex -185.814 129.814 4
      vertex -184.24 131.194 0
      vertex -185.814 129.814 0
    endloop
  endfacet
  facet normal -0.555362 0.831609 0
    outer loop
      vertex -182.5 132.356 0
      vertex -184.24 131.194 4
      vertex -182.5 132.356 4
    endloop
  endfacet
  facet normal -0.555362 0.831609 0
    outer loop
      vertex -184.24 131.194 4
      vertex -182.5 132.356 0
      vertex -184.24 131.194 0
    endloop
  endfacet
  facet normal -0.442429 0.896803 0
    outer loop
      vertex -180.623 133.282 0
      vertex -182.5 132.356 4
      vertex -180.623 133.282 4
    endloop
  endfacet
  facet normal -0.442429 0.896803 0
    outer loop
      vertex -182.5 132.356 4
      vertex -180.623 133.282 0
      vertex -182.5 132.356 0
    endloop
  endfacet
  facet normal 0 0 -1
    outer loop
      vertex -190.5 10 0
      vertex -109.5 67.3 0
      vertex -109.5 10 0
    endloop
  endfacet
  facet normal 0 0 -1
    outer loop
      vertex -109.5 67.3 0
      vertex -128.315 128.278 0
      vertex -128.3 128.5 0
    endloop
  endfacet
  facet normal 0 0 -1
    outer loop
      vertex -109.5 67.3 0
      vertex -128.358 128.06 0
      vertex -128.315 128.278 0
    endloop
  endfacet
  facet normal 0 0 -1
    outer loop
      vertex -109.5 67.3 0
      vertex -128.429 127.849 0
      vertex -128.358 128.06 0
    endloop
  endfacet
  facet normal 0 0 -1
    outer loop
      vertex -109.5 67.3 0
      vertex -128.528 127.65 0
      vertex -128.429 127.849 0
    endloop
  endfacet
  facet normal 0 0 -1
    outer loop
      vertex -109.5 67.3 0
      vertex -128.651 127.465 0
      vertex -128.528 127.65 0
    endloop
  endfacet
  facet normal 0 0 -1
    outer loop
      vertex -109.5 67.3 0
      vertex -128.798 127.298 0
      vertex -128.651 127.465 0
    endloop
  endfacet
  facet normal 0 0 -1
    outer loop
      vertex -109.5 67.3 0
      vertex -128.965 127.151 0
      vertex -128.798 127.298 0
    endloop
  endfacet
  facet normal 0 0 -1
    outer loop
      vertex -109.5 67.3 0
      vertex -129.15 127.028 0
      vertex -128.965 127.151 0
    endloop
  endfacet
  facet normal 0 0 -1
    outer loop
      vertex -109.5 67.3 0
      vertex -129.349 126.929 0
      vertex -129.15 127.028 0
    endloop
  endfacet
  facet normal 0 0 -1
    outer loop
      vertex -109.5 67.3 0
      vertex -129.56 126.858 0
      vertex -129.349 126.929 0
    endloop
  endfacet
  facet normal 0 0 -1
    outer loop
      vertex -109.5 67.3 0
      vertex -129.778 126.815 0
      vertex -129.56 126.858 0
    endloop
  endfacet
  facet normal 0 0 -1
    outer loop
      vertex -109.5 67.3 0
      vertex -130 126.8 0
      vertex -129.778 126.815 0
    endloop
  endfacet
  facet normal 0 0 -1
    outer loop
      vertex -109.5 67.3 0
      vertex -130.222 126.815 0
      vertex -130 126.8 0
    endloop
  endfacet
  facet normal 0 0 -1
    outer loop
      vertex -109.5 67.3 0
      vertex -130.44 126.858 0
      vertex -130.222 126.815 0
    endloop
  endfacet
  facet normal 0 0 -1
    outer loop
      vertex -190.5 118.5 0
      vertex -109.5 67.3 0
      vertex -190.5 10 0
    endloop
  endfacet
  facet normal 0 0 -1
    outer loop
      vertex -109.5 67.3 0
      vertex -130.651 126.929 0
      vertex -130.44 126.858 0
    endloop
  endfacet
  facet normal 0 -0 -1
    outer loop
      vertex -130.85 127.028 0
      vertex -109.5 67.3 0
      vertex -190.5 118.5 0
    endloop
  endfacet
  facet normal 0 0 -1
    outer loop
      vertex -109.5 67.3 0
      vertex -130.85 127.028 0
      vertex -130.651 126.929 0
    endloop
  endfacet
  facet normal -0 0 -1
    outer loop
      vertex -130.85 127.028 0
      vertex -190.5 118.5 0
      vertex -131.035 127.151 0
    endloop
  endfacet
  facet normal -0 0 -1
    outer loop
      vertex -131.035 127.151 0
      vertex -190.5 118.5 0
      vertex -131.202 127.298 0
    endloop
  endfacet
  facet normal 0 -0 -1
    outer loop
      vertex -174.5 134.5 0
      vertex -131.202 127.298 0
      vertex -190.5 118.5 0
    endloop
  endfacet
  facet normal 0 0 -1
    outer loop
      vertex -131.202 127.298 0
      vertex -174.5 134.5 0
      vertex -131.349 127.465 0
    endloop
  endfacet
  facet normal 0 0 -1
    outer loop
      vertex -131.349 127.465 0
      vertex -174.5 134.5 0
      vertex -131.472 127.65 0
    endloop
  endfacet
  facet normal 0 0 -1
    outer loop
      vertex -131.685 128.278 0
      vertex -174.5 134.5 0
      vertex -131.7 128.5 0
    endloop
  endfacet
  facet normal 0 0 -1
    outer loop
      vertex -131.472 127.65 0
      vertex -174.5 134.5 0
      vertex -131.571 127.849 0
    endloop
  endfacet
  facet normal 0 0 -1
    outer loop
      vertex -131.642 128.06 0
      vertex -174.5 134.5 0
      vertex -131.685 128.278 0
    endloop
  endfacet
  facet normal 0 0 -1
    outer loop
      vertex -174.5 134.5 0
      vertex -190.5 118.5 0
      vertex -176.588 134.363 0
    endloop
  endfacet
  facet normal 0 0 -1
    outer loop
      vertex -176.588 134.363 0
      vertex -190.5 118.5 0
      vertex -178.641 133.955 0
    endloop
  endfacet
  facet normal 0 0 -1
    outer loop
      vertex -178.641 133.955 0
      vertex -190.5 118.5 0
      vertex -180.623 133.282 0
    endloop
  endfacet
  facet normal 0 0 -1
    outer loop
      vertex -180.623 133.282 0
      vertex -190.5 118.5 0
      vertex -182.5 132.356 0
    endloop
  endfacet
  facet normal 0 0 -1
    outer loop
      vertex -182.5 132.356 0
      vertex -190.5 118.5 0
      vertex -184.24 131.194 0
    endloop
  endfacet
  facet normal 0 0 -1
    outer loop
      vertex -184.24 131.194 0
      vertex -190.5 118.5 0
      vertex -185.814 129.814 0
    endloop
  endfacet
  facet normal 0 0 -1
    outer loop
      vertex -185.814 129.814 0
      vertex -190.5 118.5 0
      vertex -187.194 128.24 0
    endloop
  endfacet
  facet normal 0 0 -1
    outer loop
      vertex -187.194 128.24 0
      vertex -190.5 118.5 0
      vertex -188.356 126.5 0
    endloop
  endfacet
  facet normal 0 0 -1
    outer loop
      vertex -188.356 126.5 0
      vertex -190.5 118.5 0
      vertex -189.282 124.623 0
    endloop
  endfacet
  facet normal 0 0 -1
    outer loop
      vertex -189.282 124.623 0
      vertex -190.5 118.5 0
      vertex -189.955 122.641 0
    endloop
  endfacet
  facet normal 0 0 -1
    outer loop
      vertex -131.571 127.849 0
      vertex -174.5 134.5 0
      vertex -131.642 128.06 0
    endloop
  endfacet
  facet normal 0 0 -1
    outer loop
      vertex -189.955 122.641 0
      vertex -190.5 118.5 0
      vertex -190.363 120.588 0
    endloop
  endfacet
  facet normal 0 0 -1
    outer loop
      vertex 10 134.5 0
      vertex 1.68546 128.278 0
      vertex 1.7 128.5 0
    endloop
  endfacet
  facet normal 0 0 -1
    outer loop
      vertex 10 134.5 0
      vertex 1.64207 128.06 0
      vertex 1.68546 128.278 0
    endloop
  endfacet
  facet normal 0 0 -1
    outer loop
      vertex 10 134.5 0
      vertex 1.57059 127.849 0
      vertex 1.64207 128.06 0
    endloop
  endfacet
  facet normal 0 0 -1
    outer loop
      vertex 10 134.5 0
      vertex 1.47224 127.65 0
      vertex 1.57059 127.849 0
    endloop
  endfacet
  facet normal 0 0 -1
    outer loop
      vertex 10 134.5 0
      vertex 1.3487 127.465 0
      vertex 1.47224 127.65 0
    endloop
  endfacet
  facet normal 0 0 -1
    outer loop
      vertex 10 134.5 0
      vertex 1.20208 127.298 0
      vertex 1.3487 127.465 0
    endloop
  endfacet
  facet normal 0 0 -1
    outer loop
      vertex 2.75 77.0877 0
      vertex 1.03489 127.151 0
      vertex 1.20208 127.298 0
    endloop
  endfacet
  facet normal 0 0 -1
    outer loop
      vertex 2.75 77.0877 0
      vertex 0.849999 127.028 0
      vertex 1.03489 127.151 0
    endloop
  endfacet
  facet normal 0 0 -1
    outer loop
      vertex 0 78.6754 0
      vertex 0.849999 127.028 0
      vertex 2.75 77.0877 0
    endloop
  endfacet
  facet normal 0 0 -1
    outer loop
      vertex 0.849999 127.028 0
      vertex 0 78.6754 0
      vertex 0.650561 126.929 0
    endloop
  endfacet
  facet normal 0 0 -1
    outer loop
      vertex 0.650561 126.929 0
      vertex 0 78.6754 0
      vertex 0.439992 126.858 0
    endloop
  endfacet
  facet normal 0 0 -1
    outer loop
      vertex 0.439992 126.858 0
      vertex 0 78.6754 0
      vertex 0.221894 126.815 0
    endloop
  endfacet
  facet normal 0 0 -1
    outer loop
      vertex 0 78.6754 0
      vertex 0 126.8 0
      vertex 0.221894 126.815 0
    endloop
  endfacet
  facet normal 0 0 -1
    outer loop
      vertex 0 78.6754 0
      vertex -0.221894 126.815 0
      vertex 0 126.8 0
    endloop
  endfacet
  facet normal 0 0 -1
    outer loop
      vertex 0 78.6754 0
      vertex -0.439992 126.858 0
      vertex -0.221894 126.815 0
    endloop
  endfacet
  facet normal 0 0 -1
    outer loop
      vertex 0 78.6754 0
      vertex -0.650561 126.929 0
      vertex -0.439992 126.858 0
    endloop
  endfacet
  facet normal 0 0 -1
    outer loop
      vertex 0 78.6754 0
      vertex -0.849999 127.028 0
      vertex -0.650561 126.929 0
    endloop
  endfacet
  facet normal 0 0 -1
    outer loop
      vertex -2.75 77.0877 0
      vertex -0.849999 127.028 0
      vertex 0 78.6754 0
    endloop
  endfacet
  facet normal -0 0 -1
    outer loop
      vertex -0.849999 127.028 0
      vertex -2.75 77.0877 0
      vertex -1.03489 127.151 0
    endloop
  endfacet
  facet normal -0 0 -1
    outer loop
      vertex -1.03489 127.151 0
      vertex -2.75 77.0877 0
      vertex -1.20208 127.298 0
    endloop
  endfacet
  facet normal -0 0 -1
    outer loop
      vertex -1.20208 127.298 0
      vertex -2.75 77.0877 0
      vertex -1.3487 127.465 0
    endloop
  endfacet
  facet normal 0 0 -1
    outer loop
      vertex -55.9216 78.8284 0
      vertex -1.3487 127.465 0
      vertex -2.75 77.0877 0
    endloop
  endfacet
  facet normal 0 0 -1
    outer loop
      vertex -56.315 79.1734 0
      vertex -1.3487 127.465 0
      vertex -55.9216 78.8284 0
    endloop
  endfacet
  facet normal -0 0 -1
    outer loop
      vertex -1.3487 127.465 0
      vertex -56.315 79.1734 0
      vertex -1.47224 127.65 0
    endloop
  endfacet
  facet normal -0 0 -1
    outer loop
      vertex -1.47224 127.65 0
      vertex -56.315 79.1734 0
      vertex -1.57059 127.849 0
    endloop
  endfacet
  facet normal 0 0 -1
    outer loop
      vertex -56.75 79.4641 0
      vertex -1.57059 127.849 0
      vertex -56.315 79.1734 0
    endloop
  endfacet
  facet normal 0 0 -1
    outer loop
      vertex 2.75 77.0877 0
      vertex 10 68.8 0
      vertex 2.75 73.9123 0
    endloop
  endfacet
  facet normal 0 0 -1
    outer loop
      vertex 10 68.8 0
      vertex 0 72.3246 0
      vertex 2.75 73.9123 0
    endloop
  endfacet
  facet normal 0 0 -1
    outer loop
      vertex -2.75 73.9123 0
      vertex -54.75 76 0
      vertex -2.75 77.0877 0
    endloop
  endfacet
  facet normal 0 0 -1
    outer loop
      vertex -56.75 72.5359 0
      vertex -2.75 73.9123 0
      vertex 0 72.3246 0
    endloop
  endfacet
  facet normal 0 0 -1
    outer loop
      vertex -57.7147 72.1363 0
      vertex 0 72.3246 0
      vertex 10 68.8 0
    endloop
  endfacet
  facet normal 0 0 -1
    outer loop
      vertex -2.75 73.9123 0
      vertex -54.7842 75.4779 0
      vertex -54.75 76 0
    endloop
  endfacet
  facet normal 0 0 -1
    outer loop
      vertex -2.75 73.9123 0
      vertex -54.8863 74.9647 0
      vertex -54.7842 75.4779 0
    endloop
  endfacet
  facet normal 0 0 -1
    outer loop
      vertex -2.75 73.9123 0
      vertex -55.0545 74.4693 0
      vertex -54.8863 74.9647 0
    endloop
  endfacet
  facet normal 0 0 -1
    outer loop
      vertex -2.75 73.9123 0
      vertex -55.2859 74 0
      vertex -55.0545 74.4693 0
    endloop
  endfacet
  facet normal -0 0 -1
    outer loop
      vertex -2.75 73.9123 0
      vertex -55.5766 73.565 0
      vertex -55.2859 74 0
    endloop
  endfacet
  facet normal 0 0 -1
    outer loop
      vertex -2.75 73.9123 0
      vertex -55.9216 73.1716 0
      vertex -55.5766 73.565 0
    endloop
  endfacet
  facet normal 0 0 -1
    outer loop
      vertex -2.75 73.9123 0
      vertex -56.315 72.8266 0
      vertex -55.9216 73.1716 0
    endloop
  endfacet
  facet normal 0 0 -1
    outer loop
      vertex -2.75 73.9123 0
      vertex -56.75 72.5359 0
      vertex -56.315 72.8266 0
    endloop
  endfacet
  facet normal -0 0 -1
    outer loop
      vertex 0 72.3246 0
      vertex -57.2193 72.3045 0
      vertex -56.75 72.5359 0
    endloop
  endfacet
  facet normal 0 0 -1
    outer loop
      vertex 0 72.3246 0
      vertex -57.7147 72.1363 0
      vertex -57.2193 72.3045 0
    endloop
  endfacet
  facet normal 0 0 -1
    outer loop
      vertex 10 68.8 0
      vertex -58.2279 72.0342 0
      vertex -57.7147 72.1363 0
    endloop
  endfacet
  facet normal 0 0 -1
    outer loop
      vertex 10 68.8 0
      vertex -58.75 72 0
      vertex -58.2279 72.0342 0
    endloop
  endfacet
  facet normal -0 0 -1
    outer loop
      vertex -62.7158 75.4779 0
      vertex -108 68.8 0
      vertex -62.75 76 0
    endloop
  endfacet
  facet normal -0 0 -1
    outer loop
      vertex -62.6137 74.9647 0
      vertex -108 68.8 0
      vertex -62.7158 75.4779 0
    endloop
  endfacet
  facet normal -0 0 -1
    outer loop
      vertex -62.4455 74.4693 0
      vertex -108 68.8 0
      vertex -62.6137 74.9647 0
    endloop
  endfacet
  facet normal -0 0 -1
    outer loop
      vertex -62.2141 74 0
      vertex -108 68.8 0
      vertex -62.4455 74.4693 0
    endloop
  endfacet
  facet normal -0 0 -1
    outer loop
      vertex -61.9234 73.565 0
      vertex -108 68.8 0
      vertex -62.2141 74 0
    endloop
  endfacet
  facet normal -0 0 -1
    outer loop
      vertex -61.5784 73.1716 0
      vertex -108 68.8 0
      vertex -61.9234 73.565 0
    endloop
  endfacet
  facet normal -0 0 -1
    outer loop
      vertex -61.185 72.8266 0
      vertex -108 68.8 0
      vertex -61.5784 73.1716 0
    endloop
  endfacet
  facet normal -0 0 -1
    outer loop
      vertex -60.75 72.5359 0
      vertex -108 68.8 0
      vertex -61.185 72.8266 0
    endloop
  endfacet
  facet normal -0 0 -1
    outer loop
      vertex -60.2807 72.3045 0
      vertex -108 68.8 0
      vertex -60.75 72.5359 0
    endloop
  endfacet
  facet normal -0 0 -1
    outer loop
      vertex -59.7853 72.1363 0
      vertex -108 68.8 0
      vertex -60.2807 72.3045 0
    endloop
  endfacet
  facet normal -0 0 -1
    outer loop
      vertex -59.2721 72.0342 0
      vertex -108 68.8 0
      vertex -59.7853 72.1363 0
    endloop
  endfacet
  facet normal -0 0 -1
    outer loop
      vertex -58.75 72 0
      vertex -108 68.8 0
      vertex -59.2721 72.0342 0
    endloop
  endfacet
  facet normal 0 0 -1
    outer loop
      vertex -108 68.8 0
      vertex -58.75 72 0
      vertex 10 68.8 0
    endloop
  endfacet
  facet normal 0 0 -1
    outer loop
      vertex 10 68.8 0
      vertex 2.75 77.0877 0
      vertex 10 134.5 0
    endloop
  endfacet
  facet normal 0 0 -1
    outer loop
      vertex 1.20208 127.298 0
      vertex 10 134.5 0
      vertex 2.75 77.0877 0
    endloop
  endfacet
  facet normal 0 0 -1
    outer loop
      vertex 1.68546 128.722 0
      vertex 10 134.5 0
      vertex 1.7 128.5 0
    endloop
  endfacet
  facet normal 0 0 -1
    outer loop
      vertex 1.64207 128.94 0
      vertex 10 134.5 0
      vertex 1.68546 128.722 0
    endloop
  endfacet
  facet normal 0 0 -1
    outer loop
      vertex 1.57059 129.151 0
      vertex 10 134.5 0
      vertex 1.64207 128.94 0
    endloop
  endfacet
  facet normal 0 0 -1
    outer loop
      vertex 1.47224 129.35 0
      vertex 10 134.5 0
      vertex 1.57059 129.151 0
    endloop
  endfacet
  facet normal 0 0 -1
    outer loop
      vertex 1.3487 129.535 0
      vertex 10 134.5 0
      vertex 1.47224 129.35 0
    endloop
  endfacet
  facet normal 0 0 -1
    outer loop
      vertex 1.20208 129.702 0
      vertex 10 134.5 0
      vertex 1.3487 129.535 0
    endloop
  endfacet
  facet normal 0 0 -1
    outer loop
      vertex 1.03489 129.849 0
      vertex 10 134.5 0
      vertex 1.20208 129.702 0
    endloop
  endfacet
  facet normal 0 0 -1
    outer loop
      vertex 0.849999 129.972 0
      vertex 10 134.5 0
      vertex 1.03489 129.849 0
    endloop
  endfacet
  facet normal 0 0 -1
    outer loop
      vertex 0.650561 130.071 0
      vertex 10 134.5 0
      vertex 0.849999 129.972 0
    endloop
  endfacet
  facet normal 0 0 -1
    outer loop
      vertex 0.439992 130.142 0
      vertex 10 134.5 0
      vertex 0.650561 130.071 0
    endloop
  endfacet
  facet normal 0 0 -1
    outer loop
      vertex 0.221894 130.185 0
      vertex 10 134.5 0
      vertex 0.439992 130.142 0
    endloop
  endfacet
  facet normal 0 0 -1
    outer loop
      vertex 0 130.2 0
      vertex 10 134.5 0
      vertex 0.221894 130.185 0
    endloop
  endfacet
  facet normal 0 0 -1
    outer loop
      vertex -0.221894 130.185 0
      vertex 10 134.5 0
      vertex 0 130.2 0
    endloop
  endfacet
  facet normal 0 0 -1
    outer loop
      vertex -0.439992 130.142 0
      vertex 10 134.5 0
      vertex -0.221894 130.185 0
    endloop
  endfacet
  facet normal 0 0 -1
    outer loop
      vertex -0.650561 130.071 0
      vertex 10 134.5 0
      vertex -0.439992 130.142 0
    endloop
  endfacet
  facet normal 0 0 -1
    outer loop
      vertex -54.7842 76.5221 0
      vertex -2.75 77.0877 0
      vertex -54.75 76 0
    endloop
  endfacet
  facet normal 0 0 -1
    outer loop
      vertex -54.8863 77.0353 0
      vertex -2.75 77.0877 0
      vertex -54.7842 76.5221 0
    endloop
  endfacet
  facet normal 0 0 -1
    outer loop
      vertex -55.0545 77.5307 0
      vertex -2.75 77.0877 0
      vertex -54.8863 77.0353 0
    endloop
  endfacet
  facet normal 0 0 -1
    outer loop
      vertex -55.2859 78 0
      vertex -2.75 77.0877 0
      vertex -55.0545 77.5307 0
    endloop
  endfacet
  facet normal 0 0 -1
    outer loop
      vertex -55.5766 78.435 0
      vertex -2.75 77.0877 0
      vertex -55.2859 78 0
    endloop
  endfacet
  facet normal 0 0 -1
    outer loop
      vertex -55.9216 78.8284 0
      vertex -2.75 77.0877 0
      vertex -55.5766 78.435 0
    endloop
  endfacet
  facet normal -0 0 -1
    outer loop
      vertex -1.57059 127.849 0
      vertex -56.75 79.4641 0
      vertex -1.64207 128.06 0
    endloop
  endfacet
  facet normal 0 0 -1
    outer loop
      vertex -57.2193 79.6955 0
      vertex -1.64207 128.06 0
      vertex -56.75 79.4641 0
    endloop
  endfacet
  facet normal -0 0 -1
    outer loop
      vertex -1.64207 128.06 0
      vertex -57.2193 79.6955 0
      vertex -1.68546 128.278 0
    endloop
  endfacet
  facet normal 0 0 -1
    outer loop
      vertex -57.7147 79.8637 0
      vertex -1.68546 128.278 0
      vertex -57.2193 79.6955 0
    endloop
  endfacet
  facet normal -0 0 -1
    outer loop
      vertex -1.68546 128.278 0
      vertex -57.7147 79.8637 0
      vertex -1.7 128.5 0
    endloop
  endfacet
  facet normal 0 0 -1
    outer loop
      vertex -58.2279 79.9658 0
      vertex -1.7 128.5 0
      vertex -57.7147 79.8637 0
    endloop
  endfacet
  facet normal -0 0 -1
    outer loop
      vertex -1.7 128.5 0
      vertex -58.2279 79.9658 0
      vertex -1.68546 128.722 0
    endloop
  endfacet
  facet normal 0 0 -1
    outer loop
      vertex -58.75 80 0
      vertex -1.68546 128.722 0
      vertex -58.2279 79.9658 0
    endloop
  endfacet
  facet normal -0 0 -1
    outer loop
      vertex -1.68546 128.722 0
      vertex -58.75 80 0
      vertex -1.64207 128.94 0
    endloop
  endfacet
  facet normal 0 0 -1
    outer loop
      vertex -59.2721 79.9658 0
      vertex -1.64207 128.94 0
      vertex -58.75 80 0
    endloop
  endfacet
  facet normal 0 0 -1
    outer loop
      vertex -128.358 128.94 0
      vertex -1.64207 128.94 0
      vertex -59.2721 79.9658 0
    endloop
  endfacet
  facet normal 0 0 -1
    outer loop
      vertex -1.64207 128.94 0
      vertex -128.358 128.94 0
      vertex -1.57059 129.151 0
    endloop
  endfacet
  facet normal 0 0 -1
    outer loop
      vertex -128.429 129.151 0
      vertex -1.57059 129.151 0
      vertex -128.358 128.94 0
    endloop
  endfacet
  facet normal 0 0 -1
    outer loop
      vertex -1.57059 129.151 0
      vertex -128.429 129.151 0
      vertex -1.47224 129.35 0
    endloop
  endfacet
  facet normal 0 0 -1
    outer loop
      vertex -128.528 129.35 0
      vertex -1.47224 129.35 0
      vertex -128.429 129.151 0
    endloop
  endfacet
  facet normal 0 0 -1
    outer loop
      vertex -128.315 128.722 0
      vertex -59.2721 79.9658 0
      vertex -59.7853 79.8637 0
    endloop
  endfacet
  facet normal 0 0 -1
    outer loop
      vertex -128.3 128.5 0
      vertex -59.7853 79.8637 0
      vertex -60.2807 79.6955 0
    endloop
  endfacet
  facet normal 0 0 -1
    outer loop
      vertex -128.3 128.5 0
      vertex -60.2807 79.6955 0
      vertex -60.75 79.4641 0
    endloop
  endfacet
  facet normal 0 0 -1
    outer loop
      vertex -128.3 128.5 0
      vertex -60.75 79.4641 0
      vertex -61.185 79.1734 0
    endloop
  endfacet
  facet normal 0 0 -1
    outer loop
      vertex -108 68.8 0
      vertex -62.7158 76.5221 0
      vertex -62.75 76 0
    endloop
  endfacet
  facet normal 0 0 -1
    outer loop
      vertex -108 68.8 0
      vertex -62.6137 77.0353 0
      vertex -62.7158 76.5221 0
    endloop
  endfacet
  facet normal 0 0 -1
    outer loop
      vertex -108 68.8 0
      vertex -62.4455 77.5307 0
      vertex -62.6137 77.0353 0
    endloop
  endfacet
  facet normal 0 0 -1
    outer loop
      vertex -108 68.8 0
      vertex -62.2141 78 0
      vertex -62.4455 77.5307 0
    endloop
  endfacet
  facet normal 0 0 -1
    outer loop
      vertex -108 68.8 0
      vertex -61.9234 78.435 0
      vertex -62.2141 78 0
    endloop
  endfacet
  facet normal 0 0 -1
    outer loop
      vertex -108 68.8 0
      vertex -61.5784 78.8284 0
      vertex -61.9234 78.435 0
    endloop
  endfacet
  facet normal 0 0 -1
    outer loop
      vertex -128.3 128.5 0
      vertex -61.5784 78.8284 0
      vertex -108 68.8 0
    endloop
  endfacet
  facet normal 0 0 -1
    outer loop
      vertex -61.5784 78.8284 0
      vertex -128.3 128.5 0
      vertex -61.185 79.1734 0
    endloop
  endfacet
  facet normal 0 0 -1
    outer loop
      vertex -59.7853 79.8637 0
      vertex -128.3 128.5 0
      vertex -128.315 128.722 0
    endloop
  endfacet
  facet normal 0 0 -1
    outer loop
      vertex -128.3 128.5 0
      vertex -108 68.8 0
      vertex -108.087 68.7943 0
    endloop
  endfacet
  facet normal 0 0 -1
    outer loop
      vertex -128.3 128.5 0
      vertex -108.087 68.7943 0
      vertex -108.196 68.7871 0
    endloop
  endfacet
  facet normal 0 0 -1
    outer loop
      vertex -128.3 128.5 0
      vertex -108.196 68.7871 0
      vertex -108.303 68.7659 0
    endloop
  endfacet
  facet normal 0 0 -1
    outer loop
      vertex -128.3 128.5 0
      vertex -108.303 68.7659 0
      vertex -108.388 68.7489 0
    endloop
  endfacet
  facet normal 0 0 -1
    outer loop
      vertex -128.3 128.5 0
      vertex -108.388 68.7489 0
      vertex -108.471 68.7208 0
    endloop
  endfacet
  facet normal 0 0 -1
    outer loop
      vertex -128.3 128.5 0
      vertex -108.471 68.7208 0
      vertex -108.574 68.6858 0
    endloop
  endfacet
  facet normal 0 0 -1
    outer loop
      vertex -128.3 128.5 0
      vertex -108.574 68.6858 0
      vertex -108.672 68.6376 0
    endloop
  endfacet
  facet normal 0 0 -1
    outer loop
      vertex -128.3 128.5 0
      vertex -108.672 68.6376 0
      vertex -108.75 68.599 0
    endloop
  endfacet
  facet normal 0 0 -1
    outer loop
      vertex -109.061 68.3606 0
      vertex -108.913 68.49 0
      vertex -108.995 68.4181 0
    endloop
  endfacet
  facet normal 0 0 -1
    outer loop
      vertex -109.19 68.2131 0
      vertex -109.061 68.3606 0
      vertex -109.118 68.2951 0
    endloop
  endfacet
  facet normal 0 0 -1
    outer loop
      vertex -128.3 128.5 0
      vertex -109.494 67.387 0
      vertex -109.5 67.3 0
    endloop
  endfacet
  facet normal 0 0 -1
    outer loop
      vertex -128.3 128.5 0
      vertex -109.487 67.4958 0
      vertex -109.494 67.387 0
    endloop
  endfacet
  facet normal 0 0 -1
    outer loop
      vertex -128.3 128.5 0
      vertex -109.466 67.6027 0
      vertex -109.487 67.4958 0
    endloop
  endfacet
  facet normal 0 0 -1
    outer loop
      vertex -128.3 128.5 0
      vertex -109.449 67.6882 0
      vertex -109.466 67.6027 0
    endloop
  endfacet
  facet normal 0 0 -1
    outer loop
      vertex -128.3 128.5 0
      vertex -109.421 67.7708 0
      vertex -109.449 67.6882 0
    endloop
  endfacet
  facet normal 0 0 -1
    outer loop
      vertex -128.3 128.5 0
      vertex -109.386 67.874 0
      vertex -109.421 67.7708 0
    endloop
  endfacet
  facet normal 0 0 -1
    outer loop
      vertex -128.3 128.5 0
      vertex -109.338 67.9718 0
      vertex -109.386 67.874 0
    endloop
  endfacet
  facet normal 0 0 -1
    outer loop
      vertex -128.3 128.5 0
      vertex -109.299 68.05 0
      vertex -109.338 67.9718 0
    endloop
  endfacet
  facet normal 0 0 -1
    outer loop
      vertex -128.3 128.5 0
      vertex -109.251 68.1225 0
      vertex -109.299 68.05 0
    endloop
  endfacet
  facet normal 0 0 -1
    outer loop
      vertex -128.3 128.5 0
      vertex -109.19 68.2131 0
      vertex -109.251 68.1225 0
    endloop
  endfacet
  facet normal 0 0 -1
    outer loop
      vertex -128.3 128.5 0
      vertex -109.061 68.3606 0
      vertex -109.19 68.2131 0
    endloop
  endfacet
  facet normal 0 0 -1
    outer loop
      vertex -128.3 128.5 0
      vertex -108.913 68.49 0
      vertex -109.061 68.3606 0
    endloop
  endfacet
  facet normal 0 0 -1
    outer loop
      vertex -128.3 128.5 0
      vertex -108.823 68.5506 0
      vertex -108.913 68.49 0
    endloop
  endfacet
  facet normal 0 0 -1
    outer loop
      vertex -128.3 128.5 0
      vertex -108.75 68.599 0
      vertex -108.823 68.5506 0
    endloop
  endfacet
  facet normal 0 0 -1
    outer loop
      vertex -59.2721 79.9658 0
      vertex -128.315 128.722 0
      vertex -128.358 128.94 0
    endloop
  endfacet
  facet normal 0 0 -1
    outer loop
      vertex -1.47224 129.35 0
      vertex -128.528 129.35 0
      vertex -1.3487 129.535 0
    endloop
  endfacet
  facet normal 0 0 -1
    outer loop
      vertex -128.651 129.535 0
      vertex -1.3487 129.535 0
      vertex -128.528 129.35 0
    endloop
  endfacet
  facet normal 0 0 -1
    outer loop
      vertex -1.3487 129.535 0
      vertex -128.651 129.535 0
      vertex -1.20208 129.702 0
    endloop
  endfacet
  facet normal 0 0 -1
    outer loop
      vertex -128.798 129.702 0
      vertex -1.20208 129.702 0
      vertex -128.651 129.535 0
    endloop
  endfacet
  facet normal 0 0 -1
    outer loop
      vertex -1.20208 129.702 0
      vertex -128.798 129.702 0
      vertex -1.03489 129.849 0
    endloop
  endfacet
  facet normal 0 0 -1
    outer loop
      vertex -128.965 129.849 0
      vertex -1.03489 129.849 0
      vertex -128.798 129.702 0
    endloop
  endfacet
  facet normal 0 0 -1
    outer loop
      vertex -1.03489 129.849 0
      vertex -128.965 129.849 0
      vertex -0.849999 129.972 0
    endloop
  endfacet
  facet normal 0 0 -1
    outer loop
      vertex -129.15 129.972 0
      vertex -0.849999 129.972 0
      vertex -128.965 129.849 0
    endloop
  endfacet
  facet normal 0 0 -1
    outer loop
      vertex -0.849999 129.972 0
      vertex -129.15 129.972 0
      vertex -0.650561 130.071 0
    endloop
  endfacet
  facet normal 0 0 -1
    outer loop
      vertex -129.349 130.071 0
      vertex -0.650561 130.071 0
      vertex -129.15 129.972 0
    endloop
  endfacet
  facet normal 0 0 -1
    outer loop
      vertex -0.650561 130.071 0
      vertex -129.349 130.071 0
      vertex 10 134.5 0
    endloop
  endfacet
  facet normal 0 0 -1
    outer loop
      vertex -129.56 130.142 0
      vertex 10 134.5 0
      vertex -129.349 130.071 0
    endloop
  endfacet
  facet normal 0 0 -1
    outer loop
      vertex -129.778 130.185 0
      vertex 10 134.5 0
      vertex -129.56 130.142 0
    endloop
  endfacet
  facet normal 0 0 -1
    outer loop
      vertex -130 130.2 0
      vertex 10 134.5 0
      vertex -129.778 130.185 0
    endloop
  endfacet
  facet normal 0 0 -1
    outer loop
      vertex -130 130.2 0
      vertex -174.5 134.5 0
      vertex 10 134.5 0
    endloop
  endfacet
  facet normal 0 0 -1
    outer loop
      vertex -130.222 130.185 0
      vertex -174.5 134.5 0
      vertex -130 130.2 0
    endloop
  endfacet
  facet normal 0 0 -1
    outer loop
      vertex -130.44 130.142 0
      vertex -174.5 134.5 0
      vertex -130.222 130.185 0
    endloop
  endfacet
  facet normal 0 0 -1
    outer loop
      vertex -130.651 130.071 0
      vertex -174.5 134.5 0
      vertex -130.44 130.142 0
    endloop
  endfacet
  facet normal 0 0 -1
    outer loop
      vertex -130.85 129.972 0
      vertex -174.5 134.5 0
      vertex -130.651 130.071 0
    endloop
  endfacet
  facet normal 0 0 -1
    outer loop
      vertex -131.035 129.849 0
      vertex -174.5 134.5 0
      vertex -130.85 129.972 0
    endloop
  endfacet
  facet normal 0 0 -1
    outer loop
      vertex -131.202 129.702 0
      vertex -174.5 134.5 0
      vertex -131.035 129.849 0
    endloop
  endfacet
  facet normal 0 0 -1
    outer loop
      vertex -131.349 129.535 0
      vertex -174.5 134.5 0
      vertex -131.202 129.702 0
    endloop
  endfacet
  facet normal 0 0 -1
    outer loop
      vertex -131.472 129.35 0
      vertex -174.5 134.5 0
      vertex -131.349 129.535 0
    endloop
  endfacet
  facet normal 0 0 -1
    outer loop
      vertex -131.571 129.151 0
      vertex -174.5 134.5 0
      vertex -131.472 129.35 0
    endloop
  endfacet
  facet normal 0 0 -1
    outer loop
      vertex -131.642 128.94 0
      vertex -174.5 134.5 0
      vertex -131.571 129.151 0
    endloop
  endfacet
  facet normal 0 0 -1
    outer loop
      vertex -131.685 128.722 0
      vertex -174.5 134.5 0
      vertex -131.642 128.94 0
    endloop
  endfacet
  facet normal 0 0 -1
    outer loop
      vertex -174.5 134.5 0
      vertex -131.685 128.722 0
      vertex -131.7 128.5 0
    endloop
  endfacet
  facet normal -0.194922 0.980819 0
    outer loop
      vertex -176.588 134.363 0
      vertex -178.641 133.955 4
      vertex -176.588 134.363 4
    endloop
  endfacet
  facet normal -0.194922 0.980819 0
    outer loop
      vertex -178.641 133.955 4
      vertex -176.588 134.363 0
      vertex -178.641 133.955 0
    endloop
  endfacet
  facet normal -0.0654722 0.997854 0
    outer loop
      vertex -174.5 134.5 0
      vertex -176.588 134.363 4
      vertex -174.5 134.5 4
    endloop
  endfacet
  facet normal -0.0654722 0.997854 0
    outer loop
      vertex -176.588 134.363 4
      vertex -174.5 134.5 0
      vertex -176.588 134.363 0
    endloop
  endfacet
  facet normal -0.980819 0.194922 0
    outer loop
      vertex -190.363 120.588 0
      vertex -189.955 122.641 4
      vertex -189.955 122.641 0
    endloop
  endfacet
  facet normal -0.980819 0.194922 0
    outer loop
      vertex -189.955 122.641 4
      vertex -190.363 120.588 0
      vertex -190.363 120.588 4
    endloop
  endfacet
  facet normal -0.997862 -0.0653521 0
    outer loop
      vertex -56.75 76 -5
      vertex -56.7671 76.2611 0.99
      vertex -56.7671 76.2611 -5
    endloop
  endfacet
  facet normal -0.997862 -0.0653521 0
    outer loop
      vertex -56.7671 76.2611 0.99
      vertex -56.75 76 -5
      vertex -56.75 76 0.99
    endloop
  endfacet
  facet normal 0.997862 -0.0653521 0
    outer loop
      vertex -60.75 76 0.99
      vertex -60.7329 76.2611 -5
      vertex -60.7329 76.2611 0.99
    endloop
  endfacet
  facet normal 0.997862 -0.0653521 0
    outer loop
      vertex -60.7329 76.2611 -5
      vertex -60.75 76 0.99
      vertex -60.75 76 -5
    endloop
  endfacet
  facet normal -0.0653521 -0.997862 0
    outer loop
      vertex -58.75 78 -5
      vertex -58.4889 77.9829 0.99
      vertex -58.75 78 0.99
    endloop
  endfacet
  facet normal -0.0653521 -0.997862 -0
    outer loop
      vertex -58.4889 77.9829 0.99
      vertex -58.75 78 -5
      vertex -58.4889 77.9829 -5
    endloop
  endfacet
  facet normal -0.0653521 0.997862 0
    outer loop
      vertex -58.4889 74.0171 -5
      vertex -58.75 74 0.99
      vertex -58.4889 74.0171 0.99
    endloop
  endfacet
  facet normal -0.0653521 0.997862 0
    outer loop
      vertex -58.75 74 0.99
      vertex -58.4889 74.0171 -5
      vertex -58.75 74 -5
    endloop
  endfacet
  facet normal -0.659343 -0.751842 0
    outer loop
      vertex -57.5325 77.5867 -5
      vertex -57.3358 77.4142 0.99
      vertex -57.5325 77.5867 0.99
    endloop
  endfacet
  facet normal -0.659343 -0.751842 -0
    outer loop
      vertex -57.3358 77.4142 0.99
      vertex -57.5325 77.5867 -5
      vertex -57.3358 77.4142 -5
    endloop
  endfacet
  facet normal 0.659343 -0.751842 0
    outer loop
      vertex -60.1642 77.4142 -5
      vertex -59.9675 77.5867 0.99
      vertex -60.1642 77.4142 0.99
    endloop
  endfacet
  facet normal 0.659343 -0.751842 0
    outer loop
      vertex -59.9675 77.5867 0.99
      vertex -60.1642 77.4142 -5
      vertex -59.9675 77.5867 -5
    endloop
  endfacet
  facet normal 0.321382 -0.94695 0
    outer loop
      vertex -59.5154 77.8478 -5
      vertex -59.2676 77.9319 0.99
      vertex -59.5154 77.8478 0.99
    endloop
  endfacet
  facet normal 0.321382 -0.94695 0
    outer loop
      vertex -59.2676 77.9319 0.99
      vertex -59.5154 77.8478 -5
      vertex -59.2676 77.9319 -5
    endloop
  endfacet
  facet normal -0.89686 0.442314 0
    outer loop
      vertex -57.0179 75 -5
      vertex -56.9022 75.2346 0.99
      vertex -56.9022 75.2346 -5
    endloop
  endfacet
  facet normal -0.89686 0.442314 0
    outer loop
      vertex -56.9022 75.2346 0.99
      vertex -57.0179 75 -5
      vertex -57.0179 75 0.99
    endloop
  endfacet
  facet normal -0.89686 -0.442314 0
    outer loop
      vertex -56.9022 76.7654 -5
      vertex -57.0179 77 0.99
      vertex -57.0179 77 -5
    endloop
  endfacet
  facet normal -0.89686 -0.442314 0
    outer loop
      vertex -57.0179 77 0.99
      vertex -56.9022 76.7654 -5
      vertex -56.9022 76.7654 0.99
    endloop
  endfacet
  facet normal -0.980801 -0.195013 0
    outer loop
      vertex -56.7671 76.2611 -5
      vertex -56.8181 76.5176 0.99
      vertex -56.8181 76.5176 -5
    endloop
  endfacet
  facet normal -0.980801 -0.195013 0
    outer loop
      vertex -56.8181 76.5176 0.99
      vertex -56.7671 76.2611 -5
      vertex -56.7671 76.2611 0.99
    endloop
  endfacet
  facet normal -0.831344 -0.555758 0
    outer loop
      vertex -57.0179 77 -5
      vertex -57.1633 77.2175 0.99
      vertex -57.1633 77.2175 -5
    endloop
  endfacet
  facet normal -0.831344 -0.555758 0
    outer loop
      vertex -57.1633 77.2175 0.99
      vertex -57.0179 77 -5
      vertex -57.0179 77 0.99
    endloop
  endfacet
  facet normal -0.321382 -0.94695 0
    outer loop
      vertex -58.2324 77.9319 -5
      vertex -57.9846 77.8478 0.99
      vertex -58.2324 77.9319 0.99
    endloop
  endfacet
  facet normal -0.321382 -0.94695 -0
    outer loop
      vertex -57.9846 77.8478 0.99
      vertex -58.2324 77.9319 -5
      vertex -57.9846 77.8478 -5
    endloop
  endfacet
  facet normal -0.195013 -0.980801 0
    outer loop
      vertex -58.4889 77.9829 -5
      vertex -58.2324 77.9319 0.99
      vertex -58.4889 77.9829 0.99
    endloop
  endfacet
  facet normal -0.195013 -0.980801 -0
    outer loop
      vertex -58.2324 77.9319 0.99
      vertex -58.4889 77.9829 -5
      vertex -58.2324 77.9319 -5
    endloop
  endfacet
  facet normal -0.442621 -0.896709 0
    outer loop
      vertex -57.9846 77.8478 -5
      vertex -57.75 77.732 0.99
      vertex -57.9846 77.8478 0.99
    endloop
  endfacet
  facet normal -0.442621 -0.896709 -0
    outer loop
      vertex -57.75 77.732 0.99
      vertex -57.9846 77.8478 -5
      vertex -57.75 77.732 -5
    endloop
  endfacet
  facet normal 0.896709 -0.442621 0
    outer loop
      vertex -60.5978 76.7654 0.99
      vertex -60.482 77 -5
      vertex -60.482 77 0.99
    endloop
  endfacet
  facet normal 0.896709 -0.442621 0
    outer loop
      vertex -60.482 77 -5
      vertex -60.5978 76.7654 0.99
      vertex -60.5978 76.7654 -5
    endloop
  endfacet
  facet normal 0.751842 -0.659343 0
    outer loop
      vertex -60.3367 77.2175 0.99
      vertex -60.1642 77.4142 -5
      vertex -60.1642 77.4142 0.99
    endloop
  endfacet
  facet normal 0.751842 -0.659343 0
    outer loop
      vertex -60.1642 77.4142 -5
      vertex -60.3367 77.2175 0.99
      vertex -60.3367 77.2175 -5
    endloop
  endfacet
  facet normal 0.94695 -0.321382 0
    outer loop
      vertex -60.6819 76.5176 0.99
      vertex -60.5978 76.7654 -5
      vertex -60.5978 76.7654 0.99
    endloop
  endfacet
  facet normal 0.94695 -0.321382 0
    outer loop
      vertex -60.5978 76.7654 -5
      vertex -60.6819 76.5176 0.99
      vertex -60.6819 76.5176 -5
    endloop
  endfacet
  facet normal 0.195013 -0.980801 0
    outer loop
      vertex -59.2676 77.9319 -5
      vertex -59.0111 77.9829 0.99
      vertex -59.2676 77.9319 0.99
    endloop
  endfacet
  facet normal 0.195013 -0.980801 0
    outer loop
      vertex -59.0111 77.9829 0.99
      vertex -59.2676 77.9319 -5
      vertex -59.0111 77.9829 -5
    endloop
  endfacet
  facet normal -0.980801 0.195013 0
    outer loop
      vertex -56.8181 75.4824 -5
      vertex -56.7671 75.7389 0.99
      vertex -56.7671 75.7389 -5
    endloop
  endfacet
  facet normal -0.980801 0.195013 0
    outer loop
      vertex -56.7671 75.7389 0.99
      vertex -56.8181 75.4824 -5
      vertex -56.8181 75.4824 0.99
    endloop
  endfacet
  facet normal -0.195013 0.980801 0
    outer loop
      vertex -58.2324 74.0681 -5
      vertex -58.4889 74.0171 0.99
      vertex -58.2324 74.0681 0.99
    endloop
  endfacet
  facet normal -0.195013 0.980801 0
    outer loop
      vertex -58.4889 74.0171 0.99
      vertex -58.2324 74.0681 -5
      vertex -58.4889 74.0171 -5
    endloop
  endfacet
  facet normal -0.442621 0.896709 0
    outer loop
      vertex -57.75 74.268 -5
      vertex -57.9846 74.1522 0.99
      vertex -57.75 74.268 0.99
    endloop
  endfacet
  facet normal -0.442621 0.896709 0
    outer loop
      vertex -57.9846 74.1522 0.99
      vertex -57.75 74.268 -5
      vertex -57.9846 74.1522 -5
    endloop
  endfacet
  facet normal -0.94695 -0.321382 0
    outer loop
      vertex -56.8181 76.5176 -5
      vertex -56.9022 76.7654 0.99
      vertex -56.9022 76.7654 -5
    endloop
  endfacet
  facet normal -0.94695 -0.321382 0
    outer loop
      vertex -56.9022 76.7654 0.99
      vertex -56.8181 76.5176 -5
      vertex -56.8181 76.5176 0.99
    endloop
  endfacet
  facet normal -0.751842 -0.659343 0
    outer loop
      vertex -57.1633 77.2175 -5
      vertex -57.3358 77.4142 0.99
      vertex -57.3358 77.4142 -5
    endloop
  endfacet
  facet normal -0.751842 -0.659343 0
    outer loop
      vertex -57.3358 77.4142 0.99
      vertex -57.1633 77.2175 -5
      vertex -57.1633 77.2175 0.99
    endloop
  endfacet
  facet normal -0.555494 -0.831521 0
    outer loop
      vertex -57.75 77.732 -5
      vertex -57.5325 77.5867 0.99
      vertex -57.75 77.732 0.99
    endloop
  endfacet
  facet normal -0.555494 -0.831521 -0
    outer loop
      vertex -57.5325 77.5867 0.99
      vertex -57.75 77.732 -5
      vertex -57.5325 77.5867 -5
    endloop
  endfacet
  facet normal 0.831521 -0.555494 0
    outer loop
      vertex -60.482 77 0.99
      vertex -60.3367 77.2175 -5
      vertex -60.3367 77.2175 0.99
    endloop
  endfacet
  facet normal 0.831521 -0.555494 0
    outer loop
      vertex -60.3367 77.2175 -5
      vertex -60.482 77 0.99
      vertex -60.482 77 -5
    endloop
  endfacet
  facet normal 0.980801 -0.195013 0
    outer loop
      vertex -60.7329 76.2611 0.99
      vertex -60.6819 76.5176 -5
      vertex -60.6819 76.5176 0.99
    endloop
  endfacet
  facet normal 0.980801 -0.195013 0
    outer loop
      vertex -60.6819 76.5176 -5
      vertex -60.7329 76.2611 0.99
      vertex -60.7329 76.2611 -5
    endloop
  endfacet
  facet normal 0 0 -1
    outer loop
      vertex -56.7671 75.7389 0.99
      vertex -56.7671 76.2611 0.99
      vertex -56.75 76 0.99
    endloop
  endfacet
  facet normal 0 0 -1
    outer loop
      vertex -56.8181 75.4824 0.99
      vertex -56.7671 76.2611 0.99
      vertex -56.7671 75.7389 0.99
    endloop
  endfacet
  facet normal 0 0 -1
    outer loop
      vertex -56.8181 75.4824 0.99
      vertex -56.8181 76.5176 0.99
      vertex -56.7671 76.2611 0.99
    endloop
  endfacet
  facet normal 0 0 -1
    outer loop
      vertex -56.9022 75.2346 0.99
      vertex -56.8181 76.5176 0.99
      vertex -56.8181 75.4824 0.99
    endloop
  endfacet
  facet normal 0 0 -1
    outer loop
      vertex -56.9022 75.2346 0.99
      vertex -56.9022 76.7654 0.99
      vertex -56.8181 76.5176 0.99
    endloop
  endfacet
  facet normal 0 0 -1
    outer loop
      vertex -57.0179 75 0.99
      vertex -56.9022 76.7654 0.99
      vertex -56.9022 75.2346 0.99
    endloop
  endfacet
  facet normal 0 0 -1
    outer loop
      vertex -57.0179 75 0.99
      vertex -57.0179 77 0.99
      vertex -56.9022 76.7654 0.99
    endloop
  endfacet
  facet normal 0 0 -1
    outer loop
      vertex -57.1633 74.7825 0.99
      vertex -57.0179 77 0.99
      vertex -57.0179 75 0.99
    endloop
  endfacet
  facet normal 0 0 -1
    outer loop
      vertex -57.1633 74.7825 0.99
      vertex -57.1633 77.2175 0.99
      vertex -57.0179 77 0.99
    endloop
  endfacet
  facet normal 0 0 -1
    outer loop
      vertex -57.3358 74.5858 0.99
      vertex -57.1633 77.2175 0.99
      vertex -57.1633 74.7825 0.99
    endloop
  endfacet
  facet normal 0 0 -1
    outer loop
      vertex -57.3358 74.5858 0.99
      vertex -57.3358 77.4142 0.99
      vertex -57.1633 77.2175 0.99
    endloop
  endfacet
  facet normal 0 0 -1
    outer loop
      vertex -57.5325 74.4133 0.99
      vertex -57.3358 77.4142 0.99
      vertex -57.3358 74.5858 0.99
    endloop
  endfacet
  facet normal 0 0 -1
    outer loop
      vertex -57.5325 74.4133 0.99
      vertex -57.5325 77.5867 0.99
      vertex -57.3358 77.4142 0.99
    endloop
  endfacet
  facet normal 0 0 -1
    outer loop
      vertex -57.75 74.268 0.99
      vertex -57.5325 77.5867 0.99
      vertex -57.5325 74.4133 0.99
    endloop
  endfacet
  facet normal 0 0 -1
    outer loop
      vertex -57.75 74.268 0.99
      vertex -57.75 77.732 0.99
      vertex -57.5325 77.5867 0.99
    endloop
  endfacet
  facet normal 0 0 -1
    outer loop
      vertex -57.9846 74.1522 0.99
      vertex -57.75 77.732 0.99
      vertex -57.75 74.268 0.99
    endloop
  endfacet
  facet normal 0 0 -1
    outer loop
      vertex -57.9846 74.1522 0.99
      vertex -57.9846 77.8478 0.99
      vertex -57.75 77.732 0.99
    endloop
  endfacet
  facet normal 0 0 -1
    outer loop
      vertex -58.2324 74.0681 0.99
      vertex -57.9846 77.8478 0.99
      vertex -57.9846 74.1522 0.99
    endloop
  endfacet
  facet normal 0 0 -1
    outer loop
      vertex -58.2324 74.0681 0.99
      vertex -58.2324 77.9319 0.99
      vertex -57.9846 77.8478 0.99
    endloop
  endfacet
  facet normal 0 0 -1
    outer loop
      vertex -58.4889 74.0171 0.99
      vertex -58.2324 77.9319 0.99
      vertex -58.2324 74.0681 0.99
    endloop
  endfacet
  facet normal 0 0 -1
    outer loop
      vertex -58.4889 74.0171 0.99
      vertex -58.4889 77.9829 0.99
      vertex -58.2324 77.9319 0.99
    endloop
  endfacet
  facet normal 0 0 -1
    outer loop
      vertex -58.75 74 0.99
      vertex -58.4889 77.9829 0.99
      vertex -58.4889 74.0171 0.99
    endloop
  endfacet
  facet normal 0 0 -1
    outer loop
      vertex -58.75 74 0.99
      vertex -58.75 78 0.99
      vertex -58.4889 77.9829 0.99
    endloop
  endfacet
  facet normal 0 0 -1
    outer loop
      vertex -59.0111 74.0171 0.99
      vertex -58.75 78 0.99
      vertex -58.75 74 0.99
    endloop
  endfacet
  facet normal 0 0 -1
    outer loop
      vertex -59.0111 74.0171 0.99
      vertex -59.0111 77.9829 0.99
      vertex -58.75 78 0.99
    endloop
  endfacet
  facet normal 0 0 -1
    outer loop
      vertex -59.2676 74.0681 0.99
      vertex -59.0111 77.9829 0.99
      vertex -59.0111 74.0171 0.99
    endloop
  endfacet
  facet normal 0 0 -1
    outer loop
      vertex -59.2676 74.0681 0.99
      vertex -59.2676 77.9319 0.99
      vertex -59.0111 77.9829 0.99
    endloop
  endfacet
  facet normal 0 0 -1
    outer loop
      vertex -59.5154 74.1522 0.99
      vertex -59.2676 77.9319 0.99
      vertex -59.2676 74.0681 0.99
    endloop
  endfacet
  facet normal 0 0 -1
    outer loop
      vertex -59.5154 74.1522 0.99
      vertex -59.5154 77.8478 0.99
      vertex -59.2676 77.9319 0.99
    endloop
  endfacet
  facet normal 0 0 -1
    outer loop
      vertex -59.75 74.268 0.99
      vertex -59.5154 77.8478 0.99
      vertex -59.5154 74.1522 0.99
    endloop
  endfacet
  facet normal 0 0 -1
    outer loop
      vertex -59.75 74.268 0.99
      vertex -59.75 77.732 0.99
      vertex -59.5154 77.8478 0.99
    endloop
  endfacet
  facet normal 0 0 -1
    outer loop
      vertex -59.9675 74.4133 0.99
      vertex -59.75 77.732 0.99
      vertex -59.75 74.268 0.99
    endloop
  endfacet
  facet normal 0 0 -1
    outer loop
      vertex -59.9675 74.4133 0.99
      vertex -59.9675 77.5867 0.99
      vertex -59.75 77.732 0.99
    endloop
  endfacet
  facet normal 0 0 -1
    outer loop
      vertex -60.1642 74.5858 0.99
      vertex -59.9675 77.5867 0.99
      vertex -59.9675 74.4133 0.99
    endloop
  endfacet
  facet normal 0 0 -1
    outer loop
      vertex -60.1642 74.5858 0.99
      vertex -60.1642 77.4142 0.99
      vertex -59.9675 77.5867 0.99
    endloop
  endfacet
  facet normal 0 0 -1
    outer loop
      vertex -60.3367 74.7825 0.99
      vertex -60.1642 77.4142 0.99
      vertex -60.1642 74.5858 0.99
    endloop
  endfacet
  facet normal 0 0 -1
    outer loop
      vertex -60.3367 74.7825 0.99
      vertex -60.3367 77.2175 0.99
      vertex -60.1642 77.4142 0.99
    endloop
  endfacet
  facet normal 0 0 -1
    outer loop
      vertex -60.482 75 0.99
      vertex -60.3367 77.2175 0.99
      vertex -60.3367 74.7825 0.99
    endloop
  endfacet
  facet normal 0 0 -1
    outer loop
      vertex -60.482 75 0.99
      vertex -60.482 77 0.99
      vertex -60.3367 77.2175 0.99
    endloop
  endfacet
  facet normal 0 0 -1
    outer loop
      vertex -60.5978 75.2346 0.99
      vertex -60.482 77 0.99
      vertex -60.482 75 0.99
    endloop
  endfacet
  facet normal 0 0 -1
    outer loop
      vertex -60.5978 75.2346 0.99
      vertex -60.5978 76.7654 0.99
      vertex -60.482 77 0.99
    endloop
  endfacet
  facet normal 0 0 -1
    outer loop
      vertex -60.6819 75.4824 0.99
      vertex -60.5978 76.7654 0.99
      vertex -60.5978 75.2346 0.99
    endloop
  endfacet
  facet normal 0 0 -1
    outer loop
      vertex -60.6819 75.4824 0.99
      vertex -60.6819 76.5176 0.99
      vertex -60.5978 76.7654 0.99
    endloop
  endfacet
  facet normal 0 0 -1
    outer loop
      vertex -60.7329 75.7389 0.99
      vertex -60.6819 76.5176 0.99
      vertex -60.6819 75.4824 0.99
    endloop
  endfacet
  facet normal 0 0 -1
    outer loop
      vertex -60.7329 75.7389 0.99
      vertex -60.7329 76.2611 0.99
      vertex -60.6819 76.5176 0.99
    endloop
  endfacet
  facet normal 0 -0 -1
    outer loop
      vertex -60.7329 76.2611 0.99
      vertex -60.7329 75.7389 0.99
      vertex -60.75 76 0.99
    endloop
  endfacet
  facet normal 0.442621 -0.896709 0
    outer loop
      vertex -59.75 77.732 -5
      vertex -59.5154 77.8478 0.99
      vertex -59.75 77.732 0.99
    endloop
  endfacet
  facet normal 0.442621 -0.896709 0
    outer loop
      vertex -59.5154 77.8478 0.99
      vertex -59.75 77.732 -5
      vertex -59.5154 77.8478 -5
    endloop
  endfacet
  facet normal 0.555494 -0.831521 0
    outer loop
      vertex -59.9675 77.5867 -5
      vertex -59.75 77.732 0.99
      vertex -59.9675 77.5867 0.99
    endloop
  endfacet
  facet normal 0.555494 -0.831521 0
    outer loop
      vertex -59.75 77.732 0.99
      vertex -59.9675 77.5867 -5
      vertex -59.75 77.732 -5
    endloop
  endfacet
  facet normal 0.0653521 -0.997862 0
    outer loop
      vertex -59.0111 77.9829 -5
      vertex -58.75 78 0.99
      vertex -59.0111 77.9829 0.99
    endloop
  endfacet
  facet normal 0.0653521 -0.997862 0
    outer loop
      vertex -58.75 78 0.99
      vertex -59.0111 77.9829 -5
      vertex -58.75 78 -5
    endloop
  endfacet
  facet normal -0.997862 0.0653521 0
    outer loop
      vertex -56.7671 75.7389 -5
      vertex -56.75 76 0.99
      vertex -56.75 76 -5
    endloop
  endfacet
  facet normal -0.997862 0.0653521 0
    outer loop
      vertex -56.75 76 0.99
      vertex -56.7671 75.7389 -5
      vertex -56.7671 75.7389 0.99
    endloop
  endfacet
  facet normal -0.751842 0.659343 0
    outer loop
      vertex -57.3358 74.5858 -5
      vertex -57.1633 74.7825 0.99
      vertex -57.1633 74.7825 -5
    endloop
  endfacet
  facet normal -0.751842 0.659343 0
    outer loop
      vertex -57.1633 74.7825 0.99
      vertex -57.3358 74.5858 -5
      vertex -57.3358 74.5858 0.99
    endloop
  endfacet
  facet normal -0.94695 0.321382 0
    outer loop
      vertex -56.9022 75.2346 -5
      vertex -56.8181 75.4824 0.99
      vertex -56.8181 75.4824 -5
    endloop
  endfacet
  facet normal -0.94695 0.321382 0
    outer loop
      vertex -56.8181 75.4824 0.99
      vertex -56.9022 75.2346 -5
      vertex -56.9022 75.2346 0.99
    endloop
  endfacet
  facet normal 0.896709 0.442621 0
    outer loop
      vertex -60.482 75 0.99
      vertex -60.5978 75.2346 -5
      vertex -60.5978 75.2346 0.99
    endloop
  endfacet
  facet normal 0.896709 0.442621 0
    outer loop
      vertex -60.5978 75.2346 -5
      vertex -60.482 75 0.99
      vertex -60.482 75 -5
    endloop
  endfacet
  facet normal -0.555494 0.831521 0
    outer loop
      vertex -57.5325 74.4133 -5
      vertex -57.75 74.268 0.99
      vertex -57.5325 74.4133 0.99
    endloop
  endfacet
  facet normal -0.555494 0.831521 0
    outer loop
      vertex -57.75 74.268 0.99
      vertex -57.5325 74.4133 -5
      vertex -57.75 74.268 -5
    endloop
  endfacet
  facet normal -0.659343 0.751842 0
    outer loop
      vertex -57.3358 74.5858 -5
      vertex -57.5325 74.4133 0.99
      vertex -57.3358 74.5858 0.99
    endloop
  endfacet
  facet normal -0.659343 0.751842 0
    outer loop
      vertex -57.5325 74.4133 0.99
      vertex -57.3358 74.5858 -5
      vertex -57.5325 74.4133 -5
    endloop
  endfacet
  facet normal -0.831344 0.555758 0
    outer loop
      vertex -57.1633 74.7825 -5
      vertex -57.0179 75 0.99
      vertex -57.0179 75 -5
    endloop
  endfacet
  facet normal -0.831344 0.555758 0
    outer loop
      vertex -57.0179 75 0.99
      vertex -57.1633 74.7825 -5
      vertex -57.1633 74.7825 0.99
    endloop
  endfacet
  facet normal 0.195013 0.980801 -0
    outer loop
      vertex -59.0111 74.0171 -5
      vertex -59.2676 74.0681 0.99
      vertex -59.0111 74.0171 0.99
    endloop
  endfacet
  facet normal 0.195013 0.980801 0
    outer loop
      vertex -59.2676 74.0681 0.99
      vertex -59.0111 74.0171 -5
      vertex -59.2676 74.0681 -5
    endloop
  endfacet
  facet normal 0.94695 0.321382 0
    outer loop
      vertex -60.5978 75.2346 0.99
      vertex -60.6819 75.4824 -5
      vertex -60.6819 75.4824 0.99
    endloop
  endfacet
  facet normal 0.94695 0.321382 0
    outer loop
      vertex -60.6819 75.4824 -5
      vertex -60.5978 75.2346 0.99
      vertex -60.5978 75.2346 -5
    endloop
  endfacet
  facet normal -0.321382 0.94695 0
    outer loop
      vertex -57.9846 74.1522 -5
      vertex -58.2324 74.0681 0.99
      vertex -57.9846 74.1522 0.99
    endloop
  endfacet
  facet normal -0.321382 0.94695 0
    outer loop
      vertex -58.2324 74.0681 0.99
      vertex -57.9846 74.1522 -5
      vertex -58.2324 74.0681 -5
    endloop
  endfacet
  facet normal 0.0653521 0.997862 -0
    outer loop
      vertex -58.75 74 -5
      vertex -59.0111 74.0171 0.99
      vertex -58.75 74 0.99
    endloop
  endfacet
  facet normal 0.0653521 0.997862 0
    outer loop
      vertex -59.0111 74.0171 0.99
      vertex -58.75 74 -5
      vertex -59.0111 74.0171 -5
    endloop
  endfacet
  facet normal 0.321382 0.94695 -0
    outer loop
      vertex -59.2676 74.0681 -5
      vertex -59.5154 74.1522 0.99
      vertex -59.2676 74.0681 0.99
    endloop
  endfacet
  facet normal 0.321382 0.94695 0
    outer loop
      vertex -59.5154 74.1522 0.99
      vertex -59.2676 74.0681 -5
      vertex -59.5154 74.1522 -5
    endloop
  endfacet
  facet normal 0.555494 0.831521 -0
    outer loop
      vertex -59.75 74.268 -5
      vertex -59.9675 74.4133 0.99
      vertex -59.75 74.268 0.99
    endloop
  endfacet
  facet normal 0.555494 0.831521 0
    outer loop
      vertex -59.9675 74.4133 0.99
      vertex -59.75 74.268 -5
      vertex -59.9675 74.4133 -5
    endloop
  endfacet
  facet normal 0.751842 0.659343 0
    outer loop
      vertex -60.1642 74.5858 0.99
      vertex -60.3367 74.7825 -5
      vertex -60.3367 74.7825 0.99
    endloop
  endfacet
  facet normal 0.751842 0.659343 0
    outer loop
      vertex -60.3367 74.7825 -5
      vertex -60.1642 74.5858 0.99
      vertex -60.1642 74.5858 -5
    endloop
  endfacet
  facet normal 0.659343 0.751842 -0
    outer loop
      vertex -59.9675 74.4133 -5
      vertex -60.1642 74.5858 0.99
      vertex -59.9675 74.4133 0.99
    endloop
  endfacet
  facet normal 0.659343 0.751842 0
    outer loop
      vertex -60.1642 74.5858 0.99
      vertex -59.9675 74.4133 -5
      vertex -60.1642 74.5858 -5
    endloop
  endfacet
  facet normal 0.980801 0.195013 0
    outer loop
      vertex -60.6819 75.4824 0.99
      vertex -60.7329 75.7389 -5
      vertex -60.7329 75.7389 0.99
    endloop
  endfacet
  facet normal 0.980801 0.195013 0
    outer loop
      vertex -60.7329 75.7389 -5
      vertex -60.6819 75.4824 0.99
      vertex -60.6819 75.4824 -5
    endloop
  endfacet
  facet normal 0.997862 0.0653521 0
    outer loop
      vertex -60.7329 75.7389 0.99
      vertex -60.75 76 -5
      vertex -60.75 76 0.99
    endloop
  endfacet
  facet normal 0.997862 0.0653521 0
    outer loop
      vertex -60.75 76 -5
      vertex -60.7329 75.7389 0.99
      vertex -60.7329 75.7389 -5
    endloop
  endfacet
  facet normal 0.442621 0.896709 -0
    outer loop
      vertex -59.5154 74.1522 -5
      vertex -59.75 74.268 0.99
      vertex -59.5154 74.1522 0.99
    endloop
  endfacet
  facet normal 0.442621 0.896709 0
    outer loop
      vertex -59.75 74.268 0.99
      vertex -59.5154 74.1522 -5
      vertex -59.75 74.268 -5
    endloop
  endfacet
  facet normal 0.831521 0.555494 0
    outer loop
      vertex -60.3367 74.7825 0.99
      vertex -60.482 75 -5
      vertex -60.482 75 0.99
    endloop
  endfacet
  facet normal 0.831521 0.555494 0
    outer loop
      vertex -60.482 75 -5
      vertex -60.3367 74.7825 0.99
      vertex -60.3367 74.7825 -5
    endloop
  endfacet
  facet normal -0.553661 -0.832742 0
    outer loop
      vertex -129.15 129.972 0
      vertex -128.965 129.849 2.4
      vertex -129.15 129.972 2.4
    endloop
  endfacet
  facet normal -0.553661 -0.832742 -0
    outer loop
      vertex -128.965 129.849 2.4
      vertex -129.15 129.972 0
      vertex -128.965 129.849 0
    endloop
  endfacet
  facet normal 0.947781 -0.318922 0
    outer loop
      vertex -131.642 128.94 2.4
      vertex -131.571 129.151 0
      vertex -131.571 129.151 2.4
    endloop
  endfacet
  facet normal 0.947781 -0.318922 0
    outer loop
      vertex -131.571 129.151 0
      vertex -131.642 128.94 2.4
      vertex -131.642 128.94 0
    endloop
  endfacet
  facet normal 0.318922 0.947781 -0
    outer loop
      vertex -130.44 126.858 0
      vertex -130.651 126.929 2.4
      vertex -130.44 126.858 2.4
    endloop
  endfacet
  facet normal 0.318922 0.947781 0
    outer loop
      vertex -130.651 126.929 2.4
      vertex -130.44 126.858 0
      vertex -130.651 126.929 0
    endloop
  endfacet
  facet normal -0.445413 -0.895325 0
    outer loop
      vertex -129.349 130.071 0
      vertex -129.15 129.972 2.4
      vertex -129.349 130.071 2.4
    endloop
  endfacet
  facet normal -0.445413 -0.895325 -0
    outer loop
      vertex -129.15 129.972 2.4
      vertex -129.349 130.071 0
      vertex -129.15 129.972 0
    endloop
  endfacet
  facet normal 0.318922 -0.947781 0
    outer loop
      vertex -130.651 130.071 0
      vertex -130.44 130.142 2.4
      vertex -130.651 130.071 2.4
    endloop
  endfacet
  facet normal 0.318922 -0.947781 0
    outer loop
      vertex -130.44 130.142 2.4
      vertex -130.651 130.071 0
      vertex -130.44 130.142 0
    endloop
  endfacet
  facet normal 0.895325 -0.445413 0
    outer loop
      vertex -131.571 129.151 2.4
      vertex -131.472 129.35 0
      vertex -131.472 129.35 2.4
    endloop
  endfacet
  facet normal 0.895325 -0.445413 0
    outer loop
      vertex -131.472 129.35 0
      vertex -131.571 129.151 2.4
      vertex -131.571 129.151 0
    endloop
  endfacet
  facet normal 0.895325 0.445413 0
    outer loop
      vertex -131.472 127.65 2.4
      vertex -131.571 127.849 0
      vertex -131.571 127.849 2.4
    endloop
  endfacet
  facet normal 0.895325 0.445413 0
    outer loop
      vertex -131.571 127.849 0
      vertex -131.472 127.65 2.4
      vertex -131.472 127.65 0
    endloop
  endfacet
  facet normal -0.947781 -0.318922 0
    outer loop
      vertex -128.358 128.94 0
      vertex -128.429 129.151 2.4
      vertex -128.429 129.151 0
    endloop
  endfacet
  facet normal -0.947781 -0.318922 0
    outer loop
      vertex -128.429 129.151 2.4
      vertex -128.358 128.94 0
      vertex -128.358 128.94 2.4
    endloop
  endfacet
  facet normal -0.832742 -0.553661 0
    outer loop
      vertex -128.528 129.35 0
      vertex -128.651 129.535 2.4
      vertex -128.651 129.535 0
    endloop
  endfacet
  facet normal -0.832742 -0.553661 0
    outer loop
      vertex -128.651 129.535 2.4
      vertex -128.528 129.35 0
      vertex -128.528 129.35 2.4
    endloop
  endfacet
  facet normal -0.750624 -0.660729 0
    outer loop
      vertex -128.651 129.535 0
      vertex -128.798 129.702 2.4
      vertex -128.798 129.702 0
    endloop
  endfacet
  facet normal -0.750624 -0.660729 0
    outer loop
      vertex -128.798 129.702 2.4
      vertex -128.651 129.535 0
      vertex -128.651 129.535 2.4
    endloop
  endfacet
  facet normal -0.318922 -0.947781 0
    outer loop
      vertex -129.56 130.142 0
      vertex -129.349 130.071 2.4
      vertex -129.56 130.142 2.4
    endloop
  endfacet
  facet normal -0.318922 -0.947781 -0
    outer loop
      vertex -129.349 130.071 2.4
      vertex -129.56 130.142 0
      vertex -129.349 130.071 0
    endloop
  endfacet
  facet normal -0.0674139 -0.997725 0
    outer loop
      vertex -130 130.2 0
      vertex -129.778 130.185 2.4
      vertex -130 130.2 2.4
    endloop
  endfacet
  facet normal -0.0674139 -0.997725 -0
    outer loop
      vertex -129.778 130.185 2.4
      vertex -130 130.2 0
      vertex -129.778 130.185 0
    endloop
  endfacet
  facet normal 0.750624 -0.660729 0
    outer loop
      vertex -131.349 129.535 2.4
      vertex -131.202 129.702 0
      vertex -131.202 129.702 2.4
    endloop
  endfacet
  facet normal 0.750624 -0.660729 0
    outer loop
      vertex -131.202 129.702 0
      vertex -131.349 129.535 2.4
      vertex -131.349 129.535 0
    endloop
  endfacet
  facet normal 0.660729 -0.750624 0
    outer loop
      vertex -131.202 129.702 0
      vertex -131.035 129.849 2.4
      vertex -131.202 129.702 2.4
    endloop
  endfacet
  facet normal 0.660729 -0.750624 0
    outer loop
      vertex -131.035 129.849 2.4
      vertex -131.202 129.702 0
      vertex -131.035 129.849 0
    endloop
  endfacet
  facet normal -0.997725 -0.0674139 0
    outer loop
      vertex -128.3 128.5 0
      vertex -128.315 128.722 2.4
      vertex -128.315 128.722 0
    endloop
  endfacet
  facet normal -0.997725 -0.0674139 0
    outer loop
      vertex -128.315 128.722 2.4
      vertex -128.3 128.5 0
      vertex -128.3 128.5 2.4
    endloop
  endfacet
  facet normal -0.318922 0.947781 0
    outer loop
      vertex -129.349 126.929 0
      vertex -129.56 126.858 2.4
      vertex -129.349 126.929 2.4
    endloop
  endfacet
  facet normal -0.318922 0.947781 0
    outer loop
      vertex -129.56 126.858 2.4
      vertex -129.349 126.929 0
      vertex -129.56 126.858 0
    endloop
  endfacet
  facet normal -0.832742 0.553661 0
    outer loop
      vertex -128.651 127.465 0
      vertex -128.528 127.65 2.4
      vertex -128.528 127.65 0
    endloop
  endfacet
  facet normal -0.832742 0.553661 0
    outer loop
      vertex -128.528 127.65 2.4
      vertex -128.651 127.465 0
      vertex -128.651 127.465 2.4
    endloop
  endfacet
  facet normal -0.750624 0.660729 0
    outer loop
      vertex -128.798 127.298 0
      vertex -128.651 127.465 2.4
      vertex -128.651 127.465 0
    endloop
  endfacet
  facet normal -0.750624 0.660729 0
    outer loop
      vertex -128.651 127.465 2.4
      vertex -128.798 127.298 0
      vertex -128.798 127.298 2.4
    endloop
  endfacet
  facet normal 0.660729 0.750624 -0
    outer loop
      vertex -131.035 127.151 0
      vertex -131.202 127.298 2.4
      vertex -131.035 127.151 2.4
    endloop
  endfacet
  facet normal 0.660729 0.750624 0
    outer loop
      vertex -131.202 127.298 2.4
      vertex -131.035 127.151 0
      vertex -131.202 127.298 0
    endloop
  endfacet
  facet normal 0.981097 0.193519 0
    outer loop
      vertex -131.642 128.06 2.4
      vertex -131.685 128.278 0
      vertex -131.685 128.278 2.4
    endloop
  endfacet
  facet normal 0.981097 0.193519 0
    outer loop
      vertex -131.685 128.278 0
      vertex -131.642 128.06 2.4
      vertex -131.642 128.06 0
    endloop
  endfacet
  facet normal -0.981097 -0.193519 0
    outer loop
      vertex -128.315 128.722 0
      vertex -128.358 128.94 2.4
      vertex -128.358 128.94 0
    endloop
  endfacet
  facet normal -0.981097 -0.193519 0
    outer loop
      vertex -128.358 128.94 2.4
      vertex -128.315 128.722 0
      vertex -128.315 128.722 2.4
    endloop
  endfacet
  facet normal -0.895325 -0.445413 0
    outer loop
      vertex -128.429 129.151 0
      vertex -128.528 129.35 2.4
      vertex -128.528 129.35 0
    endloop
  endfacet
  facet normal -0.895325 -0.445413 0
    outer loop
      vertex -128.528 129.35 2.4
      vertex -128.429 129.151 0
      vertex -128.429 129.151 2.4
    endloop
  endfacet
  facet normal -0.660729 -0.750624 0
    outer loop
      vertex -128.965 129.849 0
      vertex -128.798 129.702 2.4
      vertex -128.965 129.849 2.4
    endloop
  endfacet
  facet normal -0.660729 -0.750624 -0
    outer loop
      vertex -128.798 129.702 2.4
      vertex -128.965 129.849 0
      vertex -128.798 129.702 0
    endloop
  endfacet
  facet normal -0.193519 -0.981097 0
    outer loop
      vertex -129.778 130.185 0
      vertex -129.56 130.142 2.4
      vertex -129.778 130.185 2.4
    endloop
  endfacet
  facet normal -0.193519 -0.981097 -0
    outer loop
      vertex -129.56 130.142 2.4
      vertex -129.778 130.185 0
      vertex -129.56 130.142 0
    endloop
  endfacet
  facet normal 0.997725 -0.0674139 0
    outer loop
      vertex -131.7 128.5 2.4
      vertex -131.685 128.722 0
      vertex -131.685 128.722 2.4
    endloop
  endfacet
  facet normal 0.997725 -0.0674139 0
    outer loop
      vertex -131.685 128.722 0
      vertex -131.7 128.5 2.4
      vertex -131.7 128.5 0
    endloop
  endfacet
  facet normal 0.981097 -0.193519 0
    outer loop
      vertex -131.685 128.722 2.4
      vertex -131.642 128.94 0
      vertex -131.642 128.94 2.4
    endloop
  endfacet
  facet normal 0.981097 -0.193519 0
    outer loop
      vertex -131.642 128.94 0
      vertex -131.685 128.722 2.4
      vertex -131.685 128.722 0
    endloop
  endfacet
  facet normal 0.832742 -0.553661 0
    outer loop
      vertex -131.472 129.35 2.4
      vertex -131.349 129.535 0
      vertex -131.349 129.535 2.4
    endloop
  endfacet
  facet normal 0.832742 -0.553661 0
    outer loop
      vertex -131.349 129.535 0
      vertex -131.472 129.35 2.4
      vertex -131.472 129.35 0
    endloop
  endfacet
  facet normal 0.0674139 -0.997725 0
    outer loop
      vertex -130.222 130.185 0
      vertex -130 130.2 2.4
      vertex -130.222 130.185 2.4
    endloop
  endfacet
  facet normal 0.0674139 -0.997725 0
    outer loop
      vertex -130 130.2 2.4
      vertex -130.222 130.185 0
      vertex -130 130.2 0
    endloop
  endfacet
  facet normal 0.193519 -0.981097 0
    outer loop
      vertex -130.44 130.142 0
      vertex -130.222 130.185 2.4
      vertex -130.44 130.142 2.4
    endloop
  endfacet
  facet normal 0.193519 -0.981097 0
    outer loop
      vertex -130.222 130.185 2.4
      vertex -130.44 130.142 0
      vertex -130.222 130.185 0
    endloop
  endfacet
  facet normal 0.445413 -0.895325 0
    outer loop
      vertex -130.85 129.972 0
      vertex -130.651 130.071 2.4
      vertex -130.85 129.972 2.4
    endloop
  endfacet
  facet normal 0.445413 -0.895325 0
    outer loop
      vertex -130.651 130.071 2.4
      vertex -130.85 129.972 0
      vertex -130.651 130.071 0
    endloop
  endfacet
  facet normal 0.553661 -0.832742 0
    outer loop
      vertex -131.035 129.849 0
      vertex -130.85 129.972 2.4
      vertex -131.035 129.849 2.4
    endloop
  endfacet
  facet normal 0.553661 -0.832742 0
    outer loop
      vertex -130.85 129.972 2.4
      vertex -131.035 129.849 0
      vertex -130.85 129.972 0
    endloop
  endfacet
  facet normal -0.997725 0.0674139 0
    outer loop
      vertex -128.315 128.278 0
      vertex -128.3 128.5 2.4
      vertex -128.3 128.5 0
    endloop
  endfacet
  facet normal -0.997725 0.0674139 0
    outer loop
      vertex -128.3 128.5 2.4
      vertex -128.315 128.278 0
      vertex -128.315 128.278 2.4
    endloop
  endfacet
  facet normal -0.981097 0.193519 0
    outer loop
      vertex -128.358 128.06 0
      vertex -128.315 128.278 2.4
      vertex -128.315 128.278 0
    endloop
  endfacet
  facet normal -0.981097 0.193519 0
    outer loop
      vertex -128.315 128.278 2.4
      vertex -128.358 128.06 0
      vertex -128.358 128.06 2.4
    endloop
  endfacet
  facet normal -0.0674139 0.997725 0
    outer loop
      vertex -129.778 126.815 0
      vertex -130 126.8 2.4
      vertex -129.778 126.815 2.4
    endloop
  endfacet
  facet normal -0.0674139 0.997725 0
    outer loop
      vertex -130 126.8 2.4
      vertex -129.778 126.815 0
      vertex -130 126.8 0
    endloop
  endfacet
  facet normal -0.193519 0.981097 0
    outer loop
      vertex -129.56 126.858 0
      vertex -129.778 126.815 2.4
      vertex -129.56 126.858 2.4
    endloop
  endfacet
  facet normal -0.193519 0.981097 0
    outer loop
      vertex -129.778 126.815 2.4
      vertex -129.56 126.858 0
      vertex -129.778 126.815 0
    endloop
  endfacet
  facet normal -0.445413 0.895325 0
    outer loop
      vertex -129.15 127.028 0
      vertex -129.349 126.929 2.4
      vertex -129.15 127.028 2.4
    endloop
  endfacet
  facet normal -0.445413 0.895325 0
    outer loop
      vertex -129.349 126.929 2.4
      vertex -129.15 127.028 0
      vertex -129.349 126.929 0
    endloop
  endfacet
  facet normal -0.660729 0.750624 0
    outer loop
      vertex -128.798 127.298 0
      vertex -128.965 127.151 2.4
      vertex -128.798 127.298 2.4
    endloop
  endfacet
  facet normal -0.660729 0.750624 0
    outer loop
      vertex -128.965 127.151 2.4
      vertex -128.798 127.298 0
      vertex -128.965 127.151 0
    endloop
  endfacet
  facet normal -0.553661 0.832742 0
    outer loop
      vertex -128.965 127.151 0
      vertex -129.15 127.028 2.4
      vertex -128.965 127.151 2.4
    endloop
  endfacet
  facet normal -0.553661 0.832742 0
    outer loop
      vertex -129.15 127.028 2.4
      vertex -128.965 127.151 0
      vertex -129.15 127.028 0
    endloop
  endfacet
  facet normal -0.947781 0.318922 0
    outer loop
      vertex -128.429 127.849 0
      vertex -128.358 128.06 2.4
      vertex -128.358 128.06 0
    endloop
  endfacet
  facet normal -0.947781 0.318922 0
    outer loop
      vertex -128.358 128.06 2.4
      vertex -128.429 127.849 0
      vertex -128.429 127.849 2.4
    endloop
  endfacet
  facet normal -0.895325 0.445413 0
    outer loop
      vertex -128.528 127.65 0
      vertex -128.429 127.849 2.4
      vertex -128.429 127.849 0
    endloop
  endfacet
  facet normal -0.895325 0.445413 0
    outer loop
      vertex -128.429 127.849 2.4
      vertex -128.528 127.65 0
      vertex -128.528 127.65 2.4
    endloop
  endfacet
  facet normal 0.193519 0.981097 -0
    outer loop
      vertex -130.222 126.815 0
      vertex -130.44 126.858 2.4
      vertex -130.222 126.815 2.4
    endloop
  endfacet
  facet normal 0.193519 0.981097 0
    outer loop
      vertex -130.44 126.858 2.4
      vertex -130.222 126.815 0
      vertex -130.44 126.858 0
    endloop
  endfacet
  facet normal 0.0674139 0.997725 -0
    outer loop
      vertex -130 126.8 0
      vertex -130.222 126.815 2.4
      vertex -130 126.8 2.4
    endloop
  endfacet
  facet normal 0.0674139 0.997725 0
    outer loop
      vertex -130.222 126.815 2.4
      vertex -130 126.8 0
      vertex -130.222 126.815 0
    endloop
  endfacet
  facet normal 0.553661 0.832742 -0
    outer loop
      vertex -130.85 127.028 0
      vertex -131.035 127.151 2.4
      vertex -130.85 127.028 2.4
    endloop
  endfacet
  facet normal 0.553661 0.832742 0
    outer loop
      vertex -131.035 127.151 2.4
      vertex -130.85 127.028 0
      vertex -131.035 127.151 0
    endloop
  endfacet
  facet normal 0.445413 0.895325 -0
    outer loop
      vertex -130.651 126.929 0
      vertex -130.85 127.028 2.4
      vertex -130.651 126.929 2.4
    endloop
  endfacet
  facet normal 0.445413 0.895325 0
    outer loop
      vertex -130.85 127.028 2.4
      vertex -130.651 126.929 0
      vertex -130.85 127.028 0
    endloop
  endfacet
  facet normal 0.947781 0.318922 0
    outer loop
      vertex -131.571 127.849 2.4
      vertex -131.642 128.06 0
      vertex -131.642 128.06 2.4
    endloop
  endfacet
  facet normal 0.947781 0.318922 0
    outer loop
      vertex -131.642 128.06 0
      vertex -131.571 127.849 2.4
      vertex -131.571 127.849 0
    endloop
  endfacet
  facet normal 0.997725 0.0674139 0
    outer loop
      vertex -131.685 128.278 2.4
      vertex -131.7 128.5 0
      vertex -131.7 128.5 2.4
    endloop
  endfacet
  facet normal 0.997725 0.0674139 0
    outer loop
      vertex -131.7 128.5 0
      vertex -131.685 128.278 2.4
      vertex -131.685 128.278 0
    endloop
  endfacet
  facet normal 0.750624 0.660729 0
    outer loop
      vertex -131.202 127.298 2.4
      vertex -131.349 127.465 0
      vertex -131.349 127.465 2.4
    endloop
  endfacet
  facet normal 0.750624 0.660729 0
    outer loop
      vertex -131.349 127.465 0
      vertex -131.202 127.298 2.4
      vertex -131.202 127.298 0
    endloop
  endfacet
  facet normal 0.832742 0.553661 0
    outer loop
      vertex -131.349 127.465 2.4
      vertex -131.472 127.65 0
      vertex -131.472 127.65 2.4
    endloop
  endfacet
  facet normal 0.832742 0.553661 0
    outer loop
      vertex -131.472 127.65 0
      vertex -131.349 127.465 2.4
      vertex -131.349 127.465 0
    endloop
  endfacet
  facet normal -0.672241 0.228496 0.704189
    outer loop
      vertex -126.96 127.242 4
      vertex -126.822 127.648 4
      vertex -128.358 128.06 2.4
    endloop
  endfacet
  facet normal -0.708557 -0.0463542 0.704129
    outer loop
      vertex -126.71 128.5 4
      vertex -126.738 128.928 4
      vertex -128.3 128.5 2.4
    endloop
  endfacet
  facet normal -0.712207 0 0.701969
    outer loop
      vertex -128.315 128.722 2.4
      vertex -126.738 128.928 4
      vertex -126.738 128.929 4
    endloop
  endfacet
  facet normal -0.708304 -0.0478584 0.704284
    outer loop
      vertex -126.738 128.928 4
      vertex -128.315 128.722 2.4
      vertex -128.3 128.5 2.4
    endloop
  endfacet
  facet normal -0.708304 0.0478584 0.704284
    outer loop
      vertex -128.315 128.278 2.4
      vertex -126.738 128.072 4
      vertex -128.3 128.5 2.4
    endloop
  endfacet
  facet normal -0.712207 0 0.701969
    outer loop
      vertex -126.738 128.072 4
      vertex -128.315 128.278 2.4
      vertex -126.738 128.071 4
    endloop
  endfacet
  facet normal 0.708304 0.0478584 0.704284
    outer loop
      vertex -133.262 128.072 4
      vertex -131.685 128.278 2.4
      vertex -131.7 128.5 2.4
    endloop
  endfacet
  facet normal 0.712207 0 0.701969
    outer loop
      vertex -131.685 128.278 2.4
      vertex -133.262 128.072 4
      vertex -133.262 128.071 4
    endloop
  endfacet
  facet normal 0 -0.712207 0.701969
    outer loop
      vertex -130.222 130.185 2.4
      vertex -130.428 131.762 4
      vertex -130.429 131.762 4
    endloop
  endfacet
  facet normal 0.0478584 -0.708304 0.704284
    outer loop
      vertex -130.428 131.762 4
      vertex -130.222 130.185 2.4
      vertex -130 130.2 2.4
    endloop
  endfacet
  facet normal 0 0.712207 0.701969
    outer loop
      vertex -129.778 126.815 2.4
      vertex -129.572 125.238 4
      vertex -129.571 125.238 4
    endloop
  endfacet
  facet normal -0.0478584 0.708304 0.704284
    outer loop
      vertex -129.572 125.238 4
      vertex -129.778 126.815 2.4
      vertex -130 126.8 2.4
    endloop
  endfacet
  facet normal 0.591161 -0.393042 0.704306
    outer loop
      vertex -132.849 130.146 4
      vertex -131.472 129.35 2.4
      vertex -131.349 129.535 2.4
    endloop
  endfacet
  facet normal 0.757951 0 0.652312
    outer loop
      vertex -131.472 129.35 2.4
      vertex -132.849 130.146 4
      vertex -132.849 130.145 4
    endloop
  endfacet
  facet normal -0.533024 0.469188 0.704094
    outer loop
      vertex -128.798 127.298 2.4
      vertex -127.673 126.175 4
      vertex -128.651 127.465 2.4
    endloop
  endfacet
  facet normal -0.501631 0.501631 0.704792
    outer loop
      vertex -127.673 126.175 4
      vertex -128.798 127.298 2.4
      vertex -127.674 126.174 4
    endloop
  endfacet
  facet normal -0.708557 0.0463542 0.704129
    outer loop
      vertex -126.738 128.072 4
      vertex -126.71 128.5 4
      vertex -128.3 128.5 2.4
    endloop
  endfacet
  facet normal 0.393042 0.591161 0.704306
    outer loop
      vertex -131.646 125.651 4
      vertex -130.85 127.028 2.4
      vertex -131.035 127.151 2.4
    endloop
  endfacet
  facet normal 0 0.757951 0.652312
    outer loop
      vertex -130.85 127.028 2.4
      vertex -131.646 125.651 4
      vertex -131.645 125.651 4
    endloop
  endfacet
  facet normal 0.138925 0.696278 0.7042
    outer loop
      vertex -130.431 125.238 4
      vertex -130.44 126.858 2.4
      vertex -130.852 125.322 4
    endloop
  endfacet
  facet normal -0.314264 -0.636797 0.704079
    outer loop
      vertex -128.356 131.35 4
      vertex -128.741 131.54 4
      vertex -129.349 130.071 2.4
    endloop
  endfacet
  facet normal 0.696278 -0.138925 0.7042
    outer loop
      vertex -131.642 128.94 2.4
      vertex -133.178 129.352 4
      vertex -133.262 128.931 4
    endloop
  endfacet
  facet normal -0.673147 0.226509 0.703965
    outer loop
      vertex -128.429 127.849 2.4
      vertex -126.96 127.242 4
      vertex -128.358 128.06 2.4
    endloop
  endfacet
  facet normal -0.736619 0 0.676308
    outer loop
      vertex -126.96 127.242 4
      vertex -128.429 127.849 2.4
      vertex -126.96 127.241 4
    endloop
  endfacet
  facet normal -0.636797 0.314264 0.704079
    outer loop
      vertex -127.15 126.856 4
      vertex -126.96 127.241 4
      vertex -128.429 127.849 2.4
    endloop
  endfacet
  facet normal -0.501631 0.501631 0.704792
    outer loop
      vertex -128.798 127.298 2.4
      vertex -127.675 126.173 4
      vertex -127.674 126.174 4
    endloop
  endfacet
  facet normal -0.469188 0.533024 0.704094
    outer loop
      vertex -127.675 126.173 4
      vertex -128.798 127.298 2.4
      vertex -128.965 127.151 2.4
    endloop
  endfacet
  facet normal -0.138925 0.696278 0.7042
    outer loop
      vertex -129.148 125.322 4
      vertex -129.56 126.858 2.4
      vertex -129.569 125.238 4
    endloop
  endfacet
  facet normal -0.314264 0.636797 0.704079
    outer loop
      vertex -128.741 125.46 4
      vertex -128.356 125.65 4
      vertex -129.349 126.929 2.4
    endloop
  endfacet
  facet normal 0.673147 0.226509 0.703965
    outer loop
      vertex -133.04 127.242 4
      vertex -131.571 127.849 2.4
      vertex -131.642 128.06 2.4
    endloop
  endfacet
  facet normal 0.736619 0 0.676308
    outer loop
      vertex -131.571 127.849 2.4
      vertex -133.04 127.242 4
      vertex -133.04 127.241 4
    endloop
  endfacet
  facet normal 0.533024 0.469188 0.704094
    outer loop
      vertex -132.327 126.175 4
      vertex -131.202 127.298 2.4
      vertex -131.349 127.465 2.4
    endloop
  endfacet
  facet normal 0.501631 0.501631 0.704792
    outer loop
      vertex -131.202 127.298 2.4
      vertex -132.327 126.175 4
      vertex -132.326 126.174 4
    endloop
  endfacet
  facet normal 0.228496 0.672241 0.704189
    outer loop
      vertex -130.852 125.322 4
      vertex -130.44 126.858 2.4
      vertex -131.258 125.46 4
    endloop
  endfacet
  facet normal 0.316196 0.635585 0.70431
    outer loop
      vertex -130.85 127.028 2.4
      vertex -131.644 125.65 4
      vertex -130.651 126.929 2.4
    endloop
  endfacet
  facet normal 0.510124 0.510124 0.692493
    outer loop
      vertex -131.644 125.65 4
      vertex -130.85 127.028 2.4
      vertex -131.645 125.651 4
    endloop
  endfacet
  facet normal 0.0478584 0.708304 0.704284
    outer loop
      vertex -130.222 126.815 2.4
      vertex -130.428 125.238 4
      vertex -130 126.8 2.4
    endloop
  endfacet
  facet normal 0 0.712207 0.701969
    outer loop
      vertex -130.428 125.238 4
      vertex -130.222 126.815 2.4
      vertex -130.429 125.238 4
    endloop
  endfacet
  facet normal -0.757951 0 0.652312
    outer loop
      vertex -127.151 130.146 4
      vertex -128.528 129.35 2.4
      vertex -127.151 130.145 4
    endloop
  endfacet
  facet normal -0.591161 -0.393042 0.704306
    outer loop
      vertex -128.528 129.35 2.4
      vertex -127.151 130.146 4
      vertex -128.651 129.535 2.4
    endloop
  endfacet
  facet normal 0.226509 -0.673147 0.703965
    outer loop
      vertex -131.258 131.54 4
      vertex -130.651 130.071 2.4
      vertex -130.44 130.142 2.4
    endloop
  endfacet
  facet normal 0 -0.736619 0.676308
    outer loop
      vertex -130.651 130.071 2.4
      vertex -131.258 131.54 4
      vertex -131.259 131.54 4
    endloop
  endfacet
  facet normal 0.469188 -0.533024 0.704094
    outer loop
      vertex -132.325 130.827 4
      vertex -131.202 129.702 2.4
      vertex -131.035 129.849 2.4
    endloop
  endfacet
  facet normal 0.501631 -0.501631 0.704792
    outer loop
      vertex -131.202 129.702 2.4
      vertex -132.325 130.827 4
      vertex -132.326 130.826 4
    endloop
  endfacet
  facet normal 0.672241 -0.228496 0.704189
    outer loop
      vertex -131.642 128.94 2.4
      vertex -133.04 129.758 4
      vertex -133.178 129.352 4
    endloop
  endfacet
  facet normal 0.510124 -0.510124 0.692493
    outer loop
      vertex -132.85 130.144 4
      vertex -131.472 129.35 2.4
      vertex -132.849 130.145 4
    endloop
  endfacet
  facet normal 0.635585 -0.316196 0.70431
    outer loop
      vertex -131.472 129.35 2.4
      vertex -132.85 130.144 4
      vertex -131.571 129.151 2.4
    endloop
  endfacet
  facet normal 0.712207 -0 0.701969
    outer loop
      vertex -133.262 128.928 4
      vertex -131.685 128.722 2.4
      vertex -133.262 128.929 4
    endloop
  endfacet
  facet normal 0.708304 -0.0478584 0.704284
    outer loop
      vertex -131.685 128.722 2.4
      vertex -133.262 128.928 4
      vertex -131.7 128.5 2.4
    endloop
  endfacet
  facet normal -0.712207 0 0.701969
    outer loop
      vertex -128.315 128.278 2.4
      vertex -126.738 128.069 4
      vertex -126.738 128.071 4
    endloop
  endfacet
  facet normal -0.696426 0.137368 0.704359
    outer loop
      vertex -126.738 128.069 4
      vertex -128.315 128.278 2.4
      vertex -128.358 128.06 2.4
    endloop
  endfacet
  facet normal -0.696278 0.138925 0.7042
    outer loop
      vertex -126.822 127.648 4
      vertex -126.738 128.069 4
      vertex -128.358 128.06 2.4
    endloop
  endfacet
  facet normal -0.137368 0.696426 0.704359
    outer loop
      vertex -129.778 126.815 2.4
      vertex -129.569 125.238 4
      vertex -129.56 126.858 2.4
    endloop
  endfacet
  facet normal 0 0.712207 0.701969
    outer loop
      vertex -129.569 125.238 4
      vertex -129.778 126.815 2.4
      vertex -129.571 125.238 4
    endloop
  endfacet
  facet normal -0.228496 0.672241 0.704189
    outer loop
      vertex -129.148 125.322 4
      vertex -128.742 125.46 4
      vertex -129.56 126.858 2.4
    endloop
  endfacet
  facet normal 0 0.736619 0.676308
    outer loop
      vertex -129.349 126.929 2.4
      vertex -128.742 125.46 4
      vertex -128.741 125.46 4
    endloop
  endfacet
  facet normal -0.226509 0.673147 0.703965
    outer loop
      vertex -128.742 125.46 4
      vertex -129.349 126.929 2.4
      vertex -129.56 126.858 2.4
    endloop
  endfacet
  facet normal -0.468816 0.533424 0.704039
    outer loop
      vertex -127.997 125.89 4
      vertex -127.675 126.173 4
      vertex -128.965 127.151 2.4
    endloop
  endfacet
  facet normal 0.696426 0.137368 0.704359
    outer loop
      vertex -131.685 128.278 2.4
      vertex -133.262 128.069 4
      vertex -131.642 128.06 2.4
    endloop
  endfacet
  facet normal 0.712207 -0 0.701969
    outer loop
      vertex -133.262 128.069 4
      vertex -131.685 128.278 2.4
      vertex -133.262 128.071 4
    endloop
  endfacet
  facet normal 0.468816 0.533424 0.704039
    outer loop
      vertex -132.003 125.89 4
      vertex -131.035 127.151 2.4
      vertex -132.325 126.173 4
    endloop
  endfacet
  facet normal 0.39505 0.590096 0.704075
    outer loop
      vertex -131.646 125.651 4
      vertex -131.035 127.151 2.4
      vertex -132.003 125.89 4
    endloop
  endfacet
  facet normal 0.226509 0.673147 0.703965
    outer loop
      vertex -130.651 126.929 2.4
      vertex -131.258 125.46 4
      vertex -130.44 126.858 2.4
    endloop
  endfacet
  facet normal 0 0.736619 0.676308
    outer loop
      vertex -131.258 125.46 4
      vertex -130.651 126.929 2.4
      vertex -131.259 125.46 4
    endloop
  endfacet
  facet normal 0.314264 0.636797 0.704079
    outer loop
      vertex -131.259 125.46 4
      vertex -130.651 126.929 2.4
      vertex -131.644 125.65 4
    endloop
  endfacet
  facet normal 0 0.712207 0.701969
    outer loop
      vertex -130.222 126.815 2.4
      vertex -130.431 125.238 4
      vertex -130.429 125.238 4
    endloop
  endfacet
  facet normal 0.137368 0.696426 0.704359
    outer loop
      vertex -130.431 125.238 4
      vertex -130.222 126.815 2.4
      vertex -130.44 126.858 2.4
    endloop
  endfacet
  facet normal 0.0463542 0.708557 0.704129
    outer loop
      vertex -130 125.21 4
      vertex -130 126.8 2.4
      vertex -130.428 125.238 4
    endloop
  endfacet
  facet normal -0.0463542 0.708557 0.704129
    outer loop
      vertex -129.572 125.238 4
      vertex -130 126.8 2.4
      vertex -130 125.21 4
    endloop
  endfacet
  facet normal 0 -0.712207 0.701969
    outer loop
      vertex -129.778 130.185 2.4
      vertex -129.569 131.762 4
      vertex -129.571 131.762 4
    endloop
  endfacet
  facet normal -0.137368 -0.696426 0.704359
    outer loop
      vertex -129.569 131.762 4
      vertex -129.778 130.185 2.4
      vertex -129.56 130.142 2.4
    endloop
  endfacet
  facet normal -0.0463542 -0.708557 0.704129
    outer loop
      vertex -129.572 131.762 4
      vertex -130 131.79 4
      vertex -130 130.2 2.4
    endloop
  endfacet
  facet normal 0 -0.712207 0.701969
    outer loop
      vertex -130.431 131.762 4
      vertex -130.222 130.185 2.4
      vertex -130.429 131.762 4
    endloop
  endfacet
  facet normal 0.137368 -0.696426 0.704359
    outer loop
      vertex -130.222 130.185 2.4
      vertex -130.431 131.762 4
      vertex -130.44 130.142 2.4
    endloop
  endfacet
  facet normal 0.533424 -0.468816 0.704039
    outer loop
      vertex -131.349 129.535 2.4
      vertex -132.327 130.825 4
      vertex -132.61 130.503 4
    endloop
  endfacet
  facet normal 0.590096 -0.39505 0.704075
    outer loop
      vertex -131.349 129.535 2.4
      vertex -132.61 130.503 4
      vertex -132.849 130.146 4
    endloop
  endfacet
  facet normal 0.736619 -0 0.676308
    outer loop
      vertex -133.04 129.758 4
      vertex -131.571 129.151 2.4
      vertex -133.04 129.759 4
    endloop
  endfacet
  facet normal 0.673147 -0.226509 0.703965
    outer loop
      vertex -131.571 129.151 2.4
      vertex -133.04 129.758 4
      vertex -131.642 128.94 2.4
    endloop
  endfacet
  facet normal 0.636797 -0.314264 0.704079
    outer loop
      vertex -131.571 129.151 2.4
      vertex -132.85 130.144 4
      vertex -133.04 129.759 4
    endloop
  endfacet
  facet normal 0.696426 -0.137368 0.704359
    outer loop
      vertex -133.262 128.931 4
      vertex -131.685 128.722 2.4
      vertex -131.642 128.94 2.4
    endloop
  endfacet
  facet normal 0.712207 0 0.701969
    outer loop
      vertex -131.685 128.722 2.4
      vertex -133.262 128.931 4
      vertex -133.262 128.929 4
    endloop
  endfacet
  facet normal 0.708557 -0.0463542 0.704129
    outer loop
      vertex -131.7 128.5 2.4
      vertex -133.262 128.928 4
      vertex -133.29 128.5 4
    endloop
  endfacet
  facet normal 0.708557 0.0463542 0.704129
    outer loop
      vertex -133.262 128.072 4
      vertex -131.7 128.5 2.4
      vertex -133.29 128.5 4
    endloop
  endfacet
  facet normal -0.590096 0.39505 0.704075
    outer loop
      vertex -127.39 126.497 4
      vertex -127.151 126.854 4
      vertex -128.651 127.465 2.4
    endloop
  endfacet
  facet normal -0.533424 0.468816 0.704039
    outer loop
      vertex -127.673 126.175 4
      vertex -127.39 126.497 4
      vertex -128.651 127.465 2.4
    endloop
  endfacet
  facet normal -0.39505 0.590096 0.704075
    outer loop
      vertex -128.354 125.651 4
      vertex -127.997 125.89 4
      vertex -128.965 127.151 2.4
    endloop
  endfacet
  facet normal 0.696278 0.138925 0.7042
    outer loop
      vertex -133.178 127.648 4
      vertex -131.642 128.06 2.4
      vertex -133.262 128.069 4
    endloop
  endfacet
  facet normal 0.672241 0.228496 0.704189
    outer loop
      vertex -133.04 127.242 4
      vertex -131.642 128.06 2.4
      vertex -133.178 127.648 4
    endloop
  endfacet
  facet normal 0.636797 0.314264 0.704079
    outer loop
      vertex -132.85 126.856 4
      vertex -131.571 127.849 2.4
      vertex -133.04 127.241 4
    endloop
  endfacet
  facet normal 0.590096 0.39505 0.704075
    outer loop
      vertex -132.61 126.497 4
      vertex -131.349 127.465 2.4
      vertex -132.849 126.854 4
    endloop
  endfacet
  facet normal 0.533424 0.468816 0.704039
    outer loop
      vertex -132.327 126.175 4
      vertex -131.349 127.465 2.4
      vertex -132.61 126.497 4
    endloop
  endfacet
  facet normal 0.469188 0.533024 0.704094
    outer loop
      vertex -131.202 127.298 2.4
      vertex -132.325 126.173 4
      vertex -131.035 127.151 2.4
    endloop
  endfacet
  facet normal 0.501631 0.501631 0.704792
    outer loop
      vertex -132.325 126.173 4
      vertex -131.202 127.298 2.4
      vertex -132.326 126.174 4
    endloop
  endfacet
  facet normal -0.468816 -0.533424 0.704039
    outer loop
      vertex -127.675 130.827 4
      vertex -127.997 131.11 4
      vertex -128.965 129.849 2.4
    endloop
  endfacet
  facet normal -0.696278 -0.138925 0.7042
    outer loop
      vertex -126.738 128.931 4
      vertex -126.822 129.352 4
      vertex -128.358 128.94 2.4
    endloop
  endfacet
  facet normal -0.510124 -0.510124 0.692493
    outer loop
      vertex -128.528 129.35 2.4
      vertex -127.15 130.144 4
      vertex -127.151 130.145 4
    endloop
  endfacet
  facet normal -0.635585 -0.316196 0.70431
    outer loop
      vertex -127.15 130.144 4
      vertex -128.528 129.35 2.4
      vertex -128.429 129.151 2.4
    endloop
  endfacet
  facet normal -0.138925 -0.696278 0.7042
    outer loop
      vertex -129.56 130.142 2.4
      vertex -129.148 131.678 4
      vertex -129.569 131.762 4
    endloop
  endfacet
  facet normal -0.228496 -0.672241 0.704189
    outer loop
      vertex -128.742 131.54 4
      vertex -129.148 131.678 4
      vertex -129.56 130.142 2.4
    endloop
  endfacet
  facet normal -0.39505 -0.590096 0.704075
    outer loop
      vertex -127.997 131.11 4
      vertex -128.354 131.349 4
      vertex -128.965 129.849 2.4
    endloop
  endfacet
  facet normal 0 -0.757951 0.652312
    outer loop
      vertex -129.15 129.972 2.4
      vertex -128.354 131.349 4
      vertex -128.355 131.349 4
    endloop
  endfacet
  facet normal -0.393042 -0.591161 0.704306
    outer loop
      vertex -128.354 131.349 4
      vertex -129.15 129.972 2.4
      vertex -128.965 129.849 2.4
    endloop
  endfacet
  facet normal 0.0463542 -0.708557 0.704129
    outer loop
      vertex -130 130.2 2.4
      vertex -130 131.79 4
      vertex -130.428 131.762 4
    endloop
  endfacet
  facet normal 0.138925 -0.696278 0.7042
    outer loop
      vertex -130.44 130.142 2.4
      vertex -130.431 131.762 4
      vertex -130.852 131.678 4
    endloop
  endfacet
  facet normal 0.228496 -0.672241 0.704189
    outer loop
      vertex -130.44 130.142 2.4
      vertex -130.852 131.678 4
      vertex -131.258 131.54 4
    endloop
  endfacet
  facet normal 0.314264 -0.636797 0.704079
    outer loop
      vertex -130.651 130.071 2.4
      vertex -131.259 131.54 4
      vertex -131.644 131.35 4
    endloop
  endfacet
  facet normal 0.39505 -0.590096 0.704075
    outer loop
      vertex -131.035 129.849 2.4
      vertex -131.646 131.349 4
      vertex -132.003 131.11 4
    endloop
  endfacet
  facet normal 0.468816 -0.533424 0.704039
    outer loop
      vertex -131.035 129.849 2.4
      vertex -132.003 131.11 4
      vertex -132.325 130.827 4
    endloop
  endfacet
  facet normal 0.501631 -0.501631 0.704792
    outer loop
      vertex -132.327 130.825 4
      vertex -131.202 129.702 2.4
      vertex -132.326 130.826 4
    endloop
  endfacet
  facet normal 0.533024 -0.469188 0.704094
    outer loop
      vertex -131.202 129.702 2.4
      vertex -132.327 130.825 4
      vertex -131.349 129.535 2.4
    endloop
  endfacet
  facet normal -0.635585 0.316196 0.70431
    outer loop
      vertex -128.528 127.65 2.4
      vertex -127.15 126.856 4
      vertex -128.429 127.849 2.4
    endloop
  endfacet
  facet normal -0.510124 0.510124 0.692493
    outer loop
      vertex -127.15 126.856 4
      vertex -128.528 127.65 2.4
      vertex -127.151 126.855 4
    endloop
  endfacet
  facet normal -0.757951 0 0.652312
    outer loop
      vertex -128.528 127.65 2.4
      vertex -127.151 126.854 4
      vertex -127.151 126.855 4
    endloop
  endfacet
  facet normal -0.591161 0.393042 0.704306
    outer loop
      vertex -127.151 126.854 4
      vertex -128.528 127.65 2.4
      vertex -128.651 127.465 2.4
    endloop
  endfacet
  facet normal -0.393042 0.591161 0.704306
    outer loop
      vertex -129.15 127.028 2.4
      vertex -128.354 125.651 4
      vertex -128.965 127.151 2.4
    endloop
  endfacet
  facet normal 0 0.757951 0.652312
    outer loop
      vertex -128.354 125.651 4
      vertex -129.15 127.028 2.4
      vertex -128.355 125.651 4
    endloop
  endfacet
  facet normal -0.510124 0.510124 0.692493
    outer loop
      vertex -129.15 127.028 2.4
      vertex -128.356 125.65 4
      vertex -128.355 125.651 4
    endloop
  endfacet
  facet normal -0.316196 0.635585 0.70431
    outer loop
      vertex -128.356 125.65 4
      vertex -129.15 127.028 2.4
      vertex -129.349 126.929 2.4
    endloop
  endfacet
  facet normal 0.591161 0.393042 0.704306
    outer loop
      vertex -131.472 127.65 2.4
      vertex -132.849 126.854 4
      vertex -131.349 127.465 2.4
    endloop
  endfacet
  facet normal 0.757951 -0 0.652312
    outer loop
      vertex -132.849 126.854 4
      vertex -131.472 127.65 2.4
      vertex -132.849 126.855 4
    endloop
  endfacet
  facet normal 0.635585 0.316196 0.70431
    outer loop
      vertex -132.85 126.856 4
      vertex -131.472 127.65 2.4
      vertex -131.571 127.849 2.4
    endloop
  endfacet
  facet normal 0.510124 0.510124 0.692493
    outer loop
      vertex -131.472 127.65 2.4
      vertex -132.85 126.856 4
      vertex -132.849 126.855 4
    endloop
  endfacet
  facet normal -0.672241 -0.228496 0.704189
    outer loop
      vertex -126.822 129.352 4
      vertex -126.96 129.758 4
      vertex -128.358 128.94 2.4
    endloop
  endfacet
  facet normal 0 -0.736619 0.676308
    outer loop
      vertex -128.742 131.54 4
      vertex -129.349 130.071 2.4
      vertex -128.741 131.54 4
    endloop
  endfacet
  facet normal -0.226509 -0.673147 0.703965
    outer loop
      vertex -129.349 130.071 2.4
      vertex -128.742 131.54 4
      vertex -129.56 130.142 2.4
    endloop
  endfacet
  facet normal -0.0478584 -0.708304 0.704284
    outer loop
      vertex -129.778 130.185 2.4
      vertex -129.572 131.762 4
      vertex -130 130.2 2.4
    endloop
  endfacet
  facet normal 0 -0.712207 0.701969
    outer loop
      vertex -129.572 131.762 4
      vertex -129.778 130.185 2.4
      vertex -129.571 131.762 4
    endloop
  endfacet
  facet normal 0 -0.757951 0.652312
    outer loop
      vertex -131.646 131.349 4
      vertex -130.85 129.972 2.4
      vertex -131.645 131.349 4
    endloop
  endfacet
  facet normal 0.393042 -0.591161 0.704306
    outer loop
      vertex -130.85 129.972 2.4
      vertex -131.646 131.349 4
      vertex -131.035 129.849 2.4
    endloop
  endfacet
  facet normal 0.316196 -0.635585 0.70431
    outer loop
      vertex -131.644 131.35 4
      vertex -130.85 129.972 2.4
      vertex -130.651 130.071 2.4
    endloop
  endfacet
  facet normal 0.510124 -0.510124 0.692493
    outer loop
      vertex -130.85 129.972 2.4
      vertex -131.644 131.35 4
      vertex -131.645 131.349 4
    endloop
  endfacet
  facet normal -0.533424 -0.468816 0.704039
    outer loop
      vertex -127.39 130.503 4
      vertex -127.673 130.825 4
      vertex -128.651 129.535 2.4
    endloop
  endfacet
  facet normal -0.590096 -0.39505 0.704075
    outer loop
      vertex -127.151 130.146 4
      vertex -127.39 130.503 4
      vertex -128.651 129.535 2.4
    endloop
  endfacet
  facet normal -0.712207 0 0.701969
    outer loop
      vertex -126.738 128.931 4
      vertex -128.315 128.722 2.4
      vertex -126.738 128.929 4
    endloop
  endfacet
  facet normal -0.696426 -0.137368 0.704359
    outer loop
      vertex -128.315 128.722 2.4
      vertex -126.738 128.931 4
      vertex -128.358 128.94 2.4
    endloop
  endfacet
  facet normal -0.510124 -0.510124 0.692493
    outer loop
      vertex -128.356 131.35 4
      vertex -129.15 129.972 2.4
      vertex -128.355 131.349 4
    endloop
  endfacet
  facet normal -0.316196 -0.635585 0.70431
    outer loop
      vertex -129.15 129.972 2.4
      vertex -128.356 131.35 4
      vertex -129.349 130.071 2.4
    endloop
  endfacet
  facet normal -0.501631 -0.501631 0.704792
    outer loop
      vertex -127.675 130.827 4
      vertex -128.798 129.702 2.4
      vertex -127.674 130.826 4
    endloop
  endfacet
  facet normal -0.469188 -0.533024 0.704094
    outer loop
      vertex -128.798 129.702 2.4
      vertex -127.675 130.827 4
      vertex -128.965 129.849 2.4
    endloop
  endfacet
  facet normal -0.501631 -0.501631 0.704792
    outer loop
      vertex -128.798 129.702 2.4
      vertex -127.673 130.825 4
      vertex -127.674 130.826 4
    endloop
  endfacet
  facet normal -0.533024 -0.469188 0.704094
    outer loop
      vertex -127.673 130.825 4
      vertex -128.798 129.702 2.4
      vertex -128.651 129.535 2.4
    endloop
  endfacet
  facet normal -0.636797 -0.314264 0.704079
    outer loop
      vertex -126.96 129.759 4
      vertex -127.15 130.144 4
      vertex -128.429 129.151 2.4
    endloop
  endfacet
  facet normal -0.736619 0 0.676308
    outer loop
      vertex -128.429 129.151 2.4
      vertex -126.96 129.758 4
      vertex -126.96 129.759 4
    endloop
  endfacet
  facet normal -0.673147 -0.226509 0.703965
    outer loop
      vertex -126.96 129.758 4
      vertex -128.429 129.151 2.4
      vertex -128.358 128.94 2.4
    endloop
  endfacet
  facet normal -0.553887 -0.832592 0
    outer loop
      vertex 0.849999 129.972 0
      vertex 1.03489 129.849 2
      vertex 0.849999 129.972 2
    endloop
  endfacet
  facet normal -0.553887 -0.832592 -0
    outer loop
      vertex 1.03489 129.849 2
      vertex 0.849999 129.972 0
      vertex 1.03489 129.849 0
    endloop
  endfacet
  facet normal 0.947128 -0.320856 0
    outer loop
      vertex -1.64207 128.94 2
      vertex -1.57059 129.151 0
      vertex -1.57059 129.151 2
    endloop
  endfacet
  facet normal 0.947128 -0.320856 0
    outer loop
      vertex -1.57059 129.151 0
      vertex -1.64207 128.94 2
      vertex -1.64207 128.94 0
    endloop
  endfacet
  facet normal 0.319508 0.947584 -0
    outer loop
      vertex -0.439992 126.858 0
      vertex -0.650561 126.929 2
      vertex -0.439992 126.858 2
    endloop
  endfacet
  facet normal 0.319508 0.947584 0
    outer loop
      vertex -0.650561 126.929 2
      vertex -0.439992 126.858 0
      vertex -0.650561 126.929 0
    endloop
  endfacet
  facet normal -0.444628 -0.895715 0
    outer loop
      vertex 0.650561 130.071 0
      vertex 0.849999 129.972 2
      vertex 0.650561 130.071 2
    endloop
  endfacet
  facet normal -0.444628 -0.895715 -0
    outer loop
      vertex 0.849999 129.972 2
      vertex 0.650561 130.071 0
      vertex 0.849999 129.972 0
    endloop
  endfacet
  facet normal 0.319508 -0.947584 0
    outer loop
      vertex -0.650561 130.071 0
      vertex -0.439992 130.142 2
      vertex -0.650561 130.071 2
    endloop
  endfacet
  facet normal 0.319508 -0.947584 0
    outer loop
      vertex -0.439992 130.142 2
      vertex -0.650561 130.071 0
      vertex -0.439992 130.142 0
    endloop
  endfacet
  facet normal 0.89649 -0.443064 0
    outer loop
      vertex -1.57059 129.151 2
      vertex -1.47224 129.35 0
      vertex -1.47224 129.35 2
    endloop
  endfacet
  facet normal 0.89649 -0.443064 0
    outer loop
      vertex -1.47224 129.35 0
      vertex -1.57059 129.151 2
      vertex -1.57059 129.151 0
    endloop
  endfacet
  facet normal 0.89649 0.443064 0
    outer loop
      vertex -1.47224 127.65 2
      vertex -1.57059 127.849 0
      vertex -1.57059 127.849 2
    endloop
  endfacet
  facet normal 0.89649 0.443064 0
    outer loop
      vertex -1.57059 127.849 0
      vertex -1.47224 127.65 2
      vertex -1.47224 127.65 0
    endloop
  endfacet
  facet normal -0.947128 -0.320856 0
    outer loop
      vertex 1.64207 128.94 0
      vertex 1.57059 129.151 2
      vertex 1.57059 129.151 0
    endloop
  endfacet
  facet normal -0.947128 -0.320856 0
    outer loop
      vertex 1.57059 129.151 2
      vertex 1.64207 128.94 0
      vertex 1.64207 128.94 2
    endloop
  endfacet
  facet normal -0.831621 -0.555343 0
    outer loop
      vertex 1.47224 129.35 0
      vertex 1.3487 129.535 2
      vertex 1.3487 129.535 0
    endloop
  endfacet
  facet normal -0.831621 -0.555343 0
    outer loop
      vertex 1.3487 129.535 2
      vertex 1.47224 129.35 0
      vertex 1.47224 129.35 2
    endloop
  endfacet
  facet normal -0.751472 -0.659765 0
    outer loop
      vertex 1.3487 129.535 0
      vertex 1.20208 129.702 2
      vertex 1.20208 129.702 0
    endloop
  endfacet
  facet normal -0.751472 -0.659765 0
    outer loop
      vertex 1.20208 129.702 2
      vertex 1.3487 129.535 0
      vertex 1.3487 129.535 2
    endloop
  endfacet
  facet normal -0.319508 -0.947584 0
    outer loop
      vertex 0.439992 130.142 0
      vertex 0.650561 130.071 2
      vertex 0.439992 130.142 2
    endloop
  endfacet
  facet normal -0.319508 -0.947584 -0
    outer loop
      vertex 0.650561 130.071 2
      vertex 0.439992 130.142 0
      vertex 0.650561 130.071 0
    endloop
  endfacet
  facet normal -0.0674459 -0.997723 0
    outer loop
      vertex 0 130.2 0
      vertex 0.221894 130.185 2
      vertex 0 130.2 2
    endloop
  endfacet
  facet normal -0.0674459 -0.997723 -0
    outer loop
      vertex 0.221894 130.185 2
      vertex 0 130.2 0
      vertex 0.221894 130.185 0
    endloop
  endfacet
  facet normal 0.751472 -0.659765 0
    outer loop
      vertex -1.3487 129.535 2
      vertex -1.20208 129.702 0
      vertex -1.20208 129.702 2
    endloop
  endfacet
  facet normal 0.751472 -0.659765 0
    outer loop
      vertex -1.20208 129.702 0
      vertex -1.3487 129.535 2
      vertex -1.3487 129.535 0
    endloop
  endfacet
  facet normal 0.660306 -0.750997 0
    outer loop
      vertex -1.20208 129.702 0
      vertex -1.03489 129.849 2
      vertex -1.20208 129.702 2
    endloop
  endfacet
  facet normal 0.660306 -0.750997 0
    outer loop
      vertex -1.03489 129.849 2
      vertex -1.20208 129.702 0
      vertex -1.03489 129.849 0
    endloop
  endfacet
  facet normal -0.997862 -0.0653555 0
    outer loop
      vertex 1.7 128.5 0
      vertex 1.68546 128.722 2
      vertex 1.68546 128.722 0
    endloop
  endfacet
  facet normal -0.997862 -0.0653555 0
    outer loop
      vertex 1.68546 128.722 2
      vertex 1.7 128.5 0
      vertex 1.7 128.5 2
    endloop
  endfacet
  facet normal -0.319508 0.947584 0
    outer loop
      vertex 0.650561 126.929 0
      vertex 0.439992 126.858 2
      vertex 0.650561 126.929 2
    endloop
  endfacet
  facet normal -0.319508 0.947584 0
    outer loop
      vertex 0.439992 126.858 2
      vertex 0.650561 126.929 0
      vertex 0.439992 126.858 0
    endloop
  endfacet
  facet normal -0.831621 0.555343 0
    outer loop
      vertex 1.3487 127.465 0
      vertex 1.47224 127.65 2
      vertex 1.47224 127.65 0
    endloop
  endfacet
  facet normal -0.831621 0.555343 0
    outer loop
      vertex 1.47224 127.65 2
      vertex 1.3487 127.465 0
      vertex 1.3487 127.465 2
    endloop
  endfacet
  facet normal -0.751472 0.659765 0
    outer loop
      vertex 1.20208 127.298 0
      vertex 1.3487 127.465 2
      vertex 1.3487 127.465 0
    endloop
  endfacet
  facet normal -0.751472 0.659765 0
    outer loop
      vertex 1.3487 127.465 2
      vertex 1.20208 127.298 0
      vertex 1.20208 127.298 2
    endloop
  endfacet
  facet normal 0.660306 0.750997 -0
    outer loop
      vertex -1.03489 127.151 0
      vertex -1.20208 127.298 2
      vertex -1.03489 127.151 2
    endloop
  endfacet
  facet normal 0.660306 0.750997 0
    outer loop
      vertex -1.20208 127.298 2
      vertex -1.03489 127.151 0
      vertex -1.20208 127.298 0
    endloop
  endfacet
  facet normal 0.980762 0.195208 0
    outer loop
      vertex -1.64207 128.06 2
      vertex -1.68546 128.278 0
      vertex -1.68546 128.278 2
    endloop
  endfacet
  facet normal 0.980762 0.195208 0
    outer loop
      vertex -1.68546 128.278 0
      vertex -1.64207 128.06 2
      vertex -1.64207 128.06 0
    endloop
  endfacet
  facet normal -0.980762 -0.195208 0
    outer loop
      vertex 1.68546 128.722 0
      vertex 1.64207 128.94 2
      vertex 1.64207 128.94 0
    endloop
  endfacet
  facet normal -0.980762 -0.195208 0
    outer loop
      vertex 1.64207 128.94 2
      vertex 1.68546 128.722 0
      vertex 1.68546 128.722 2
    endloop
  endfacet
  facet normal -0.89649 -0.443064 0
    outer loop
      vertex 1.57059 129.151 0
      vertex 1.47224 129.35 2
      vertex 1.47224 129.35 0
    endloop
  endfacet
  facet normal -0.89649 -0.443064 0
    outer loop
      vertex 1.47224 129.35 2
      vertex 1.57059 129.151 0
      vertex 1.57059 129.151 2
    endloop
  endfacet
  facet normal -0.660306 -0.750997 0
    outer loop
      vertex 1.03489 129.849 0
      vertex 1.20208 129.702 2
      vertex 1.03489 129.849 2
    endloop
  endfacet
  facet normal -0.660306 -0.750997 -0
    outer loop
      vertex 1.20208 129.702 2
      vertex 1.03489 129.849 0
      vertex 1.20208 129.702 0
    endloop
  endfacet
  facet normal -0.193435 -0.981113 0
    outer loop
      vertex 0.221894 130.185 0
      vertex 0.439992 130.142 2
      vertex 0.221894 130.185 2
    endloop
  endfacet
  facet normal -0.193435 -0.981113 -0
    outer loop
      vertex 0.439992 130.142 2
      vertex 0.221894 130.185 0
      vertex 0.439992 130.142 0
    endloop
  endfacet
  facet normal 0.997862 -0.0653555 0
    outer loop
      vertex -1.7 128.5 2
      vertex -1.68546 128.722 0
      vertex -1.68546 128.722 2
    endloop
  endfacet
  facet normal 0.997862 -0.0653555 0
    outer loop
      vertex -1.68546 128.722 0
      vertex -1.7 128.5 2
      vertex -1.7 128.5 0
    endloop
  endfacet
  facet normal 0.980762 -0.195208 0
    outer loop
      vertex -1.68546 128.722 2
      vertex -1.64207 128.94 0
      vertex -1.64207 128.94 2
    endloop
  endfacet
  facet normal 0.980762 -0.195208 0
    outer loop
      vertex -1.64207 128.94 0
      vertex -1.68546 128.722 2
      vertex -1.68546 128.722 0
    endloop
  endfacet
  facet normal 0.831621 -0.555343 0
    outer loop
      vertex -1.47224 129.35 2
      vertex -1.3487 129.535 0
      vertex -1.3487 129.535 2
    endloop
  endfacet
  facet normal 0.831621 -0.555343 0
    outer loop
      vertex -1.3487 129.535 0
      vertex -1.47224 129.35 2
      vertex -1.47224 129.35 0
    endloop
  endfacet
  facet normal 0.0674459 -0.997723 0
    outer loop
      vertex -0.221894 130.185 0
      vertex 0 130.2 2
      vertex -0.221894 130.185 2
    endloop
  endfacet
  facet normal 0.0674459 -0.997723 0
    outer loop
      vertex 0 130.2 2
      vertex -0.221894 130.185 0
      vertex 0 130.2 0
    endloop
  endfacet
  facet normal 0.193435 -0.981113 0
    outer loop
      vertex -0.439992 130.142 0
      vertex -0.221894 130.185 2
      vertex -0.439992 130.142 2
    endloop
  endfacet
  facet normal 0.193435 -0.981113 0
    outer loop
      vertex -0.221894 130.185 2
      vertex -0.439992 130.142 0
      vertex -0.221894 130.185 0
    endloop
  endfacet
  facet normal 0.444628 -0.895715 0
    outer loop
      vertex -0.849999 129.972 0
      vertex -0.650561 130.071 2
      vertex -0.849999 129.972 2
    endloop
  endfacet
  facet normal 0.444628 -0.895715 0
    outer loop
      vertex -0.650561 130.071 2
      vertex -0.849999 129.972 0
      vertex -0.650561 130.071 0
    endloop
  endfacet
  facet normal 0.553887 -0.832592 0
    outer loop
      vertex -1.03489 129.849 0
      vertex -0.849999 129.972 2
      vertex -1.03489 129.849 2
    endloop
  endfacet
  facet normal 0.553887 -0.832592 0
    outer loop
      vertex -0.849999 129.972 2
      vertex -1.03489 129.849 0
      vertex -0.849999 129.972 0
    endloop
  endfacet
  facet normal -0.997862 0.0653555 0
    outer loop
      vertex 1.68546 128.278 0
      vertex 1.7 128.5 2
      vertex 1.7 128.5 0
    endloop
  endfacet
  facet normal -0.997862 0.0653555 0
    outer loop
      vertex 1.7 128.5 2
      vertex 1.68546 128.278 0
      vertex 1.68546 128.278 2
    endloop
  endfacet
  facet normal -0.980762 0.195208 0
    outer loop
      vertex 1.64207 128.06 0
      vertex 1.68546 128.278 2
      vertex 1.68546 128.278 0
    endloop
  endfacet
  facet normal -0.980762 0.195208 0
    outer loop
      vertex 1.68546 128.278 2
      vertex 1.64207 128.06 0
      vertex 1.64207 128.06 2
    endloop
  endfacet
  facet normal -0.0674459 0.997723 0
    outer loop
      vertex 0.221894 126.815 0
      vertex 0 126.8 2
      vertex 0.221894 126.815 2
    endloop
  endfacet
  facet normal -0.0674459 0.997723 0
    outer loop
      vertex 0 126.8 2
      vertex 0.221894 126.815 0
      vertex 0 126.8 0
    endloop
  endfacet
  facet normal -0.193435 0.981113 0
    outer loop
      vertex 0.439992 126.858 0
      vertex 0.221894 126.815 2
      vertex 0.439992 126.858 2
    endloop
  endfacet
  facet normal -0.193435 0.981113 0
    outer loop
      vertex 0.221894 126.815 2
      vertex 0.439992 126.858 0
      vertex 0.221894 126.815 0
    endloop
  endfacet
  facet normal -0.444628 0.895715 0
    outer loop
      vertex 0.849999 127.028 0
      vertex 0.650561 126.929 2
      vertex 0.849999 127.028 2
    endloop
  endfacet
  facet normal -0.444628 0.895715 0
    outer loop
      vertex 0.650561 126.929 2
      vertex 0.849999 127.028 0
      vertex 0.650561 126.929 0
    endloop
  endfacet
  facet normal -0.660306 0.750997 0
    outer loop
      vertex 1.20208 127.298 0
      vertex 1.03489 127.151 2
      vertex 1.20208 127.298 2
    endloop
  endfacet
  facet normal -0.660306 0.750997 0
    outer loop
      vertex 1.03489 127.151 2
      vertex 1.20208 127.298 0
      vertex 1.03489 127.151 0
    endloop
  endfacet
  facet normal -0.553887 0.832592 0
    outer loop
      vertex 1.03489 127.151 0
      vertex 0.849999 127.028 2
      vertex 1.03489 127.151 2
    endloop
  endfacet
  facet normal -0.553887 0.832592 0
    outer loop
      vertex 0.849999 127.028 2
      vertex 1.03489 127.151 0
      vertex 0.849999 127.028 0
    endloop
  endfacet
  facet normal -0.947128 0.320856 0
    outer loop
      vertex 1.57059 127.849 0
      vertex 1.64207 128.06 2
      vertex 1.64207 128.06 0
    endloop
  endfacet
  facet normal -0.947128 0.320856 0
    outer loop
      vertex 1.64207 128.06 2
      vertex 1.57059 127.849 0
      vertex 1.57059 127.849 2
    endloop
  endfacet
  facet normal -0.89649 0.443064 0
    outer loop
      vertex 1.47224 127.65 0
      vertex 1.57059 127.849 2
      vertex 1.57059 127.849 0
    endloop
  endfacet
  facet normal -0.89649 0.443064 0
    outer loop
      vertex 1.57059 127.849 2
      vertex 1.47224 127.65 0
      vertex 1.47224 127.65 2
    endloop
  endfacet
  facet normal 0.193435 0.981113 -0
    outer loop
      vertex -0.221894 126.815 0
      vertex -0.439992 126.858 2
      vertex -0.221894 126.815 2
    endloop
  endfacet
  facet normal 0.193435 0.981113 0
    outer loop
      vertex -0.439992 126.858 2
      vertex -0.221894 126.815 0
      vertex -0.439992 126.858 0
    endloop
  endfacet
  facet normal 0.0674459 0.997723 -0
    outer loop
      vertex 0 126.8 0
      vertex -0.221894 126.815 2
      vertex 0 126.8 2
    endloop
  endfacet
  facet normal 0.0674459 0.997723 0
    outer loop
      vertex -0.221894 126.815 2
      vertex 0 126.8 0
      vertex -0.221894 126.815 0
    endloop
  endfacet
  facet normal 0.553887 0.832592 -0
    outer loop
      vertex -0.849999 127.028 0
      vertex -1.03489 127.151 2
      vertex -0.849999 127.028 2
    endloop
  endfacet
  facet normal 0.553887 0.832592 0
    outer loop
      vertex -1.03489 127.151 2
      vertex -0.849999 127.028 0
      vertex -1.03489 127.151 0
    endloop
  endfacet
  facet normal 0.444628 0.895715 -0
    outer loop
      vertex -0.650561 126.929 0
      vertex -0.849999 127.028 2
      vertex -0.650561 126.929 2
    endloop
  endfacet
  facet normal 0.444628 0.895715 0
    outer loop
      vertex -0.849999 127.028 2
      vertex -0.650561 126.929 0
      vertex -0.849999 127.028 0
    endloop
  endfacet
  facet normal 0.947128 0.320856 0
    outer loop
      vertex -1.57059 127.849 2
      vertex -1.64207 128.06 0
      vertex -1.64207 128.06 2
    endloop
  endfacet
  facet normal 0.947128 0.320856 0
    outer loop
      vertex -1.64207 128.06 0
      vertex -1.57059 127.849 2
      vertex -1.57059 127.849 0
    endloop
  endfacet
  facet normal 0.997862 0.0653555 0
    outer loop
      vertex -1.68546 128.278 2
      vertex -1.7 128.5 0
      vertex -1.7 128.5 2
    endloop
  endfacet
  facet normal 0.997862 0.0653555 0
    outer loop
      vertex -1.7 128.5 0
      vertex -1.68546 128.278 2
      vertex -1.68546 128.278 0
    endloop
  endfacet
  facet normal 0.751472 0.659765 0
    outer loop
      vertex -1.20208 127.298 2
      vertex -1.3487 127.465 0
      vertex -1.3487 127.465 2
    endloop
  endfacet
  facet normal 0.751472 0.659765 0
    outer loop
      vertex -1.3487 127.465 0
      vertex -1.20208 127.298 2
      vertex -1.20208 127.298 0
    endloop
  endfacet
  facet normal 0.831621 0.555343 0
    outer loop
      vertex -1.3487 127.465 2
      vertex -1.47224 127.65 0
      vertex -1.47224 127.65 2
    endloop
  endfacet
  facet normal 0.831621 0.555343 0
    outer loop
      vertex -1.47224 127.65 0
      vertex -1.3487 127.465 2
      vertex -1.3487 127.465 0
    endloop
  endfacet
  facet normal -0.555343 -0.831621 0
    outer loop
      vertex -183.65 1.47224 2
      vertex -183.465 1.3487 2.4
      vertex -183.65 1.47224 2.4
    endloop
  endfacet
  facet normal -0.555343 -0.831621 -0
    outer loop
      vertex -183.465 1.3487 2.4
      vertex -183.65 1.47224 2
      vertex -183.465 1.3487 2
    endloop
  endfacet
  facet normal 0.947584 -0.319508 0
    outer loop
      vertex -186.142 0.439992 2.4
      vertex -186.071 0.650561 2
      vertex -186.071 0.650561 2.4
    endloop
  endfacet
  facet normal 0.947584 -0.319508 0
    outer loop
      vertex -186.071 0.650561 2
      vertex -186.142 0.439992 2.4
      vertex -186.142 0.439992 2
    endloop
  endfacet
  facet normal 0.320856 0.947128 -0
    outer loop
      vertex -184.94 -1.64207 2
      vertex -185.151 -1.57059 2.4
      vertex -184.94 -1.64207 2.4
    endloop
  endfacet
  facet normal 0.320856 0.947128 0
    outer loop
      vertex -185.151 -1.57059 2.4
      vertex -184.94 -1.64207 2
      vertex -185.151 -1.57059 2
    endloop
  endfacet
  facet normal -0.443064 -0.89649 0
    outer loop
      vertex -183.849 1.57059 2
      vertex -183.65 1.47224 2.4
      vertex -183.849 1.57059 2.4
    endloop
  endfacet
  facet normal -0.443064 -0.89649 -0
    outer loop
      vertex -183.65 1.47224 2.4
      vertex -183.849 1.57059 2
      vertex -183.65 1.47224 2
    endloop
  endfacet
  facet normal 0.320856 -0.947128 0
    outer loop
      vertex -185.151 1.57059 2
      vertex -184.94 1.64207 2.4
      vertex -185.151 1.57059 2.4
    endloop
  endfacet
  facet normal 0.320856 -0.947128 0
    outer loop
      vertex -184.94 1.64207 2.4
      vertex -185.151 1.57059 2
      vertex -184.94 1.64207 2
    endloop
  endfacet
  facet normal 0.895715 -0.444628 0
    outer loop
      vertex -186.071 0.650561 2.4
      vertex -185.972 0.849999 2
      vertex -185.972 0.849999 2.4
    endloop
  endfacet
  facet normal 0.895715 -0.444628 0
    outer loop
      vertex -185.972 0.849999 2
      vertex -186.071 0.650561 2.4
      vertex -186.071 0.650561 2
    endloop
  endfacet
  facet normal 0.895715 0.444628 0
    outer loop
      vertex -185.972 -0.849999 2.4
      vertex -186.071 -0.650561 2
      vertex -186.071 -0.650561 2.4
    endloop
  endfacet
  facet normal 0.895715 0.444628 0
    outer loop
      vertex -186.071 -0.650561 2
      vertex -185.972 -0.849999 2.4
      vertex -185.972 -0.849999 2
    endloop
  endfacet
  facet normal -0.947584 -0.319508 0
    outer loop
      vertex -182.858 0.439992 2
      vertex -182.929 0.650561 2.4
      vertex -182.929 0.650561 2
    endloop
  endfacet
  facet normal -0.947584 -0.319508 0
    outer loop
      vertex -182.929 0.650561 2.4
      vertex -182.858 0.439992 2
      vertex -182.858 0.439992 2.4
    endloop
  endfacet
  facet normal -0.832592 -0.553887 0
    outer loop
      vertex -183.028 0.849999 2
      vertex -183.151 1.03489 2.4
      vertex -183.151 1.03489 2
    endloop
  endfacet
  facet normal -0.832592 -0.553887 0
    outer loop
      vertex -183.151 1.03489 2.4
      vertex -183.028 0.849999 2
      vertex -183.028 0.849999 2.4
    endloop
  endfacet
  facet normal -0.750997 -0.660306 0
    outer loop
      vertex -183.151 1.03489 2
      vertex -183.298 1.20208 2.4
      vertex -183.298 1.20208 2
    endloop
  endfacet
  facet normal -0.750997 -0.660306 0
    outer loop
      vertex -183.298 1.20208 2.4
      vertex -183.151 1.03489 2
      vertex -183.151 1.03489 2.4
    endloop
  endfacet
  facet normal -0.320856 -0.947128 0
    outer loop
      vertex -184.06 1.64207 2
      vertex -183.849 1.57059 2.4
      vertex -184.06 1.64207 2.4
    endloop
  endfacet
  facet normal -0.320856 -0.947128 -0
    outer loop
      vertex -183.849 1.57059 2.4
      vertex -184.06 1.64207 2
      vertex -183.849 1.57059 2
    endloop
  endfacet
  facet normal -0.0653555 -0.997862 0
    outer loop
      vertex -184.5 1.7 2
      vertex -184.278 1.68546 2.4
      vertex -184.5 1.7 2.4
    endloop
  endfacet
  facet normal -0.0653555 -0.997862 -0
    outer loop
      vertex -184.278 1.68546 2.4
      vertex -184.5 1.7 2
      vertex -184.278 1.68546 2
    endloop
  endfacet
  facet normal 0.750997 -0.660306 0
    outer loop
      vertex -185.849 1.03489 2.4
      vertex -185.702 1.20208 2
      vertex -185.702 1.20208 2.4
    endloop
  endfacet
  facet normal 0.750997 -0.660306 0
    outer loop
      vertex -185.702 1.20208 2
      vertex -185.849 1.03489 2.4
      vertex -185.849 1.03489 2
    endloop
  endfacet
  facet normal 0.659765 -0.751472 0
    outer loop
      vertex -185.702 1.20208 2
      vertex -185.535 1.3487 2.4
      vertex -185.702 1.20208 2.4
    endloop
  endfacet
  facet normal 0.659765 -0.751472 0
    outer loop
      vertex -185.535 1.3487 2.4
      vertex -185.702 1.20208 2
      vertex -185.535 1.3487 2
    endloop
  endfacet
  facet normal -0.997723 -0.0674459 0
    outer loop
      vertex -182.8 0 2
      vertex -182.815 0.221894 2.4
      vertex -182.815 0.221894 2
    endloop
  endfacet
  facet normal -0.997723 -0.0674459 0
    outer loop
      vertex -182.815 0.221894 2.4
      vertex -182.8 0 2
      vertex -182.8 0 2.4
    endloop
  endfacet
  facet normal -0.320856 0.947128 0
    outer loop
      vertex -183.849 -1.57059 2
      vertex -184.06 -1.64207 2.4
      vertex -183.849 -1.57059 2.4
    endloop
  endfacet
  facet normal -0.320856 0.947128 0
    outer loop
      vertex -184.06 -1.64207 2.4
      vertex -183.849 -1.57059 2
      vertex -184.06 -1.64207 2
    endloop
  endfacet
  facet normal -0.832592 0.553887 0
    outer loop
      vertex -183.151 -1.03489 2
      vertex -183.028 -0.849999 2.4
      vertex -183.028 -0.849999 2
    endloop
  endfacet
  facet normal -0.832592 0.553887 0
    outer loop
      vertex -183.028 -0.849999 2.4
      vertex -183.151 -1.03489 2
      vertex -183.151 -1.03489 2.4
    endloop
  endfacet
  facet normal -0.750997 0.660306 0
    outer loop
      vertex -183.298 -1.20208 2
      vertex -183.151 -1.03489 2.4
      vertex -183.151 -1.03489 2
    endloop
  endfacet
  facet normal -0.750997 0.660306 0
    outer loop
      vertex -183.151 -1.03489 2.4
      vertex -183.298 -1.20208 2
      vertex -183.298 -1.20208 2.4
    endloop
  endfacet
  facet normal 0.659765 0.751472 -0
    outer loop
      vertex -185.535 -1.3487 2
      vertex -185.702 -1.20208 2.4
      vertex -185.535 -1.3487 2.4
    endloop
  endfacet
  facet normal 0.659765 0.751472 0
    outer loop
      vertex -185.702 -1.20208 2.4
      vertex -185.535 -1.3487 2
      vertex -185.702 -1.20208 2
    endloop
  endfacet
  facet normal 0.981113 0.193435 0
    outer loop
      vertex -186.142 -0.439992 2.4
      vertex -186.185 -0.221894 2
      vertex -186.185 -0.221894 2.4
    endloop
  endfacet
  facet normal 0.981113 0.193435 0
    outer loop
      vertex -186.185 -0.221894 2
      vertex -186.142 -0.439992 2.4
      vertex -186.142 -0.439992 2
    endloop
  endfacet
  facet normal -0.981113 -0.193435 0
    outer loop
      vertex -182.815 0.221894 2
      vertex -182.858 0.439992 2.4
      vertex -182.858 0.439992 2
    endloop
  endfacet
  facet normal -0.981113 -0.193435 0
    outer loop
      vertex -182.858 0.439992 2.4
      vertex -182.815 0.221894 2
      vertex -182.815 0.221894 2.4
    endloop
  endfacet
  facet normal -0.895715 -0.444628 0
    outer loop
      vertex -182.929 0.650561 2
      vertex -183.028 0.849999 2.4
      vertex -183.028 0.849999 2
    endloop
  endfacet
  facet normal -0.895715 -0.444628 0
    outer loop
      vertex -183.028 0.849999 2.4
      vertex -182.929 0.650561 2
      vertex -182.929 0.650561 2.4
    endloop
  endfacet
  facet normal -0.659765 -0.751472 0
    outer loop
      vertex -183.465 1.3487 2
      vertex -183.298 1.20208 2.4
      vertex -183.465 1.3487 2.4
    endloop
  endfacet
  facet normal -0.659765 -0.751472 -0
    outer loop
      vertex -183.298 1.20208 2.4
      vertex -183.465 1.3487 2
      vertex -183.298 1.20208 2
    endloop
  endfacet
  facet normal -0.195208 -0.980762 0
    outer loop
      vertex -184.278 1.68546 2
      vertex -184.06 1.64207 2.4
      vertex -184.278 1.68546 2.4
    endloop
  endfacet
  facet normal -0.195208 -0.980762 -0
    outer loop
      vertex -184.06 1.64207 2.4
      vertex -184.278 1.68546 2
      vertex -184.06 1.64207 2
    endloop
  endfacet
  facet normal 0.997723 -0.0674459 0
    outer loop
      vertex -186.2 0 2.4
      vertex -186.185 0.221894 2
      vertex -186.185 0.221894 2.4
    endloop
  endfacet
  facet normal 0.997723 -0.0674459 0
    outer loop
      vertex -186.185 0.221894 2
      vertex -186.2 0 2.4
      vertex -186.2 0 2
    endloop
  endfacet
  facet normal 0.981113 -0.193435 0
    outer loop
      vertex -186.185 0.221894 2.4
      vertex -186.142 0.439992 2
      vertex -186.142 0.439992 2.4
    endloop
  endfacet
  facet normal 0.981113 -0.193435 0
    outer loop
      vertex -186.142 0.439992 2
      vertex -186.185 0.221894 2.4
      vertex -186.185 0.221894 2
    endloop
  endfacet
  facet normal 0.832592 -0.553887 0
    outer loop
      vertex -185.972 0.849999 2.4
      vertex -185.849 1.03489 2
      vertex -185.849 1.03489 2.4
    endloop
  endfacet
  facet normal 0.832592 -0.553887 0
    outer loop
      vertex -185.849 1.03489 2
      vertex -185.972 0.849999 2.4
      vertex -185.972 0.849999 2
    endloop
  endfacet
  facet normal 0.0653555 -0.997862 0
    outer loop
      vertex -184.722 1.68546 2
      vertex -184.5 1.7 2.4
      vertex -184.722 1.68546 2.4
    endloop
  endfacet
  facet normal 0.0653555 -0.997862 0
    outer loop
      vertex -184.5 1.7 2.4
      vertex -184.722 1.68546 2
      vertex -184.5 1.7 2
    endloop
  endfacet
  facet normal 0.195208 -0.980762 0
    outer loop
      vertex -184.94 1.64207 2
      vertex -184.722 1.68546 2.4
      vertex -184.94 1.64207 2.4
    endloop
  endfacet
  facet normal 0.195208 -0.980762 0
    outer loop
      vertex -184.722 1.68546 2.4
      vertex -184.94 1.64207 2
      vertex -184.722 1.68546 2
    endloop
  endfacet
  facet normal 0.443064 -0.89649 0
    outer loop
      vertex -185.35 1.47224 2
      vertex -185.151 1.57059 2.4
      vertex -185.35 1.47224 2.4
    endloop
  endfacet
  facet normal 0.443064 -0.89649 0
    outer loop
      vertex -185.151 1.57059 2.4
      vertex -185.35 1.47224 2
      vertex -185.151 1.57059 2
    endloop
  endfacet
  facet normal 0.555343 -0.831621 0
    outer loop
      vertex -185.535 1.3487 2
      vertex -185.35 1.47224 2.4
      vertex -185.535 1.3487 2.4
    endloop
  endfacet
  facet normal 0.555343 -0.831621 0
    outer loop
      vertex -185.35 1.47224 2.4
      vertex -185.535 1.3487 2
      vertex -185.35 1.47224 2
    endloop
  endfacet
  facet normal -0.997723 0.0674459 0
    outer loop
      vertex -182.815 -0.221894 2
      vertex -182.8 0 2.4
      vertex -182.8 0 2
    endloop
  endfacet
  facet normal -0.997723 0.0674459 0
    outer loop
      vertex -182.8 0 2.4
      vertex -182.815 -0.221894 2
      vertex -182.815 -0.221894 2.4
    endloop
  endfacet
  facet normal -0.981113 0.193435 0
    outer loop
      vertex -182.858 -0.439992 2
      vertex -182.815 -0.221894 2.4
      vertex -182.815 -0.221894 2
    endloop
  endfacet
  facet normal -0.981113 0.193435 0
    outer loop
      vertex -182.815 -0.221894 2.4
      vertex -182.858 -0.439992 2
      vertex -182.858 -0.439992 2.4
    endloop
  endfacet
  facet normal -0.0653555 0.997862 0
    outer loop
      vertex -184.278 -1.68546 2
      vertex -184.5 -1.7 2.4
      vertex -184.278 -1.68546 2.4
    endloop
  endfacet
  facet normal -0.0653555 0.997862 0
    outer loop
      vertex -184.5 -1.7 2.4
      vertex -184.278 -1.68546 2
      vertex -184.5 -1.7 2
    endloop
  endfacet
  facet normal -0.195208 0.980762 0
    outer loop
      vertex -184.06 -1.64207 2
      vertex -184.278 -1.68546 2.4
      vertex -184.06 -1.64207 2.4
    endloop
  endfacet
  facet normal -0.195208 0.980762 0
    outer loop
      vertex -184.278 -1.68546 2.4
      vertex -184.06 -1.64207 2
      vertex -184.278 -1.68546 2
    endloop
  endfacet
  facet normal -0.443064 0.89649 0
    outer loop
      vertex -183.65 -1.47224 2
      vertex -183.849 -1.57059 2.4
      vertex -183.65 -1.47224 2.4
    endloop
  endfacet
  facet normal -0.443064 0.89649 0
    outer loop
      vertex -183.849 -1.57059 2.4
      vertex -183.65 -1.47224 2
      vertex -183.849 -1.57059 2
    endloop
  endfacet
  facet normal -0.659765 0.751472 0
    outer loop
      vertex -183.298 -1.20208 2
      vertex -183.465 -1.3487 2.4
      vertex -183.298 -1.20208 2.4
    endloop
  endfacet
  facet normal -0.659765 0.751472 0
    outer loop
      vertex -183.465 -1.3487 2.4
      vertex -183.298 -1.20208 2
      vertex -183.465 -1.3487 2
    endloop
  endfacet
  facet normal -0.555343 0.831621 0
    outer loop
      vertex -183.465 -1.3487 2
      vertex -183.65 -1.47224 2.4
      vertex -183.465 -1.3487 2.4
    endloop
  endfacet
  facet normal -0.555343 0.831621 0
    outer loop
      vertex -183.65 -1.47224 2.4
      vertex -183.465 -1.3487 2
      vertex -183.65 -1.47224 2
    endloop
  endfacet
  facet normal -0.947584 0.319508 0
    outer loop
      vertex -182.929 -0.650561 2
      vertex -182.858 -0.439992 2.4
      vertex -182.858 -0.439992 2
    endloop
  endfacet
  facet normal -0.947584 0.319508 0
    outer loop
      vertex -182.858 -0.439992 2.4
      vertex -182.929 -0.650561 2
      vertex -182.929 -0.650561 2.4
    endloop
  endfacet
  facet normal -0.895715 0.444628 0
    outer loop
      vertex -183.028 -0.849999 2
      vertex -182.929 -0.650561 2.4
      vertex -182.929 -0.650561 2
    endloop
  endfacet
  facet normal -0.895715 0.444628 0
    outer loop
      vertex -182.929 -0.650561 2.4
      vertex -183.028 -0.849999 2
      vertex -183.028 -0.849999 2.4
    endloop
  endfacet
  facet normal 0.195208 0.980762 -0
    outer loop
      vertex -184.722 -1.68546 2
      vertex -184.94 -1.64207 2.4
      vertex -184.722 -1.68546 2.4
    endloop
  endfacet
  facet normal 0.195208 0.980762 0
    outer loop
      vertex -184.94 -1.64207 2.4
      vertex -184.722 -1.68546 2
      vertex -184.94 -1.64207 2
    endloop
  endfacet
  facet normal 0.0653555 0.997862 -0
    outer loop
      vertex -184.5 -1.7 2
      vertex -184.722 -1.68546 2.4
      vertex -184.5 -1.7 2.4
    endloop
  endfacet
  facet normal 0.0653555 0.997862 0
    outer loop
      vertex -184.722 -1.68546 2.4
      vertex -184.5 -1.7 2
      vertex -184.722 -1.68546 2
    endloop
  endfacet
  facet normal 0.555343 0.831621 -0
    outer loop
      vertex -185.35 -1.47224 2
      vertex -185.535 -1.3487 2.4
      vertex -185.35 -1.47224 2.4
    endloop
  endfacet
  facet normal 0.555343 0.831621 0
    outer loop
      vertex -185.535 -1.3487 2.4
      vertex -185.35 -1.47224 2
      vertex -185.535 -1.3487 2
    endloop
  endfacet
  facet normal 0.443064 0.89649 -0
    outer loop
      vertex -185.151 -1.57059 2
      vertex -185.35 -1.47224 2.4
      vertex -185.151 -1.57059 2.4
    endloop
  endfacet
  facet normal 0.443064 0.89649 0
    outer loop
      vertex -185.35 -1.47224 2.4
      vertex -185.151 -1.57059 2
      vertex -185.35 -1.47224 2
    endloop
  endfacet
  facet normal 0.947584 0.319508 0
    outer loop
      vertex -186.071 -0.650561 2.4
      vertex -186.142 -0.439992 2
      vertex -186.142 -0.439992 2.4
    endloop
  endfacet
  facet normal 0.947584 0.319508 0
    outer loop
      vertex -186.142 -0.439992 2
      vertex -186.071 -0.650561 2.4
      vertex -186.071 -0.650561 2
    endloop
  endfacet
  facet normal 0.997723 0.0674459 0
    outer loop
      vertex -186.185 -0.221894 2.4
      vertex -186.2 0 2
      vertex -186.2 0 2.4
    endloop
  endfacet
  facet normal 0.997723 0.0674459 0
    outer loop
      vertex -186.2 0 2
      vertex -186.185 -0.221894 2.4
      vertex -186.185 -0.221894 2
    endloop
  endfacet
  facet normal 0.750997 0.660306 0
    outer loop
      vertex -185.702 -1.20208 2.4
      vertex -185.849 -1.03489 2
      vertex -185.849 -1.03489 2.4
    endloop
  endfacet
  facet normal 0.750997 0.660306 0
    outer loop
      vertex -185.849 -1.03489 2
      vertex -185.702 -1.20208 2.4
      vertex -185.702 -1.20208 2
    endloop
  endfacet
  facet normal 0.832592 0.553887 0
    outer loop
      vertex -185.849 -1.03489 2.4
      vertex -185.972 -0.849999 2
      vertex -185.972 -0.849999 2.4
    endloop
  endfacet
  facet normal 0.832592 0.553887 0
    outer loop
      vertex -185.972 -0.849999 2
      vertex -185.849 -1.03489 2.4
      vertex -185.849 -1.03489 2
    endloop
  endfacet
  facet normal -0.672305 0.228399 0.704159
    outer loop
      vertex -181.46 -1.25774 4
      vertex -181.322 -0.85153 4
      vertex -182.858 -0.439992 2.4
    endloop
  endfacet
  facet normal -0.708558 -0.0463477 0.704129
    outer loop
      vertex -181.21 0 4
      vertex -181.238 0.42806 4
      vertex -182.8 0 2.4
    endloop
  endfacet
  facet normal -0.712207 0 0.701969
    outer loop
      vertex -182.815 0.221894 2.4
      vertex -181.238 0.42806 4
      vertex -181.238 0.429439 4
    endloop
  endfacet
  facet normal -0.708299 -0.0478809 0.704287
    outer loop
      vertex -181.238 0.42806 4
      vertex -182.815 0.221894 2.4
      vertex -182.8 0 2.4
    endloop
  endfacet
  facet normal -0.708299 0.0478809 0.704287
    outer loop
      vertex -182.815 -0.221894 2.4
      vertex -181.238 -0.42806 4
      vertex -182.8 0 2.4
    endloop
  endfacet
  facet normal -0.712207 0 0.701969
    outer loop
      vertex -181.238 -0.42806 4
      vertex -182.815 -0.221894 2.4
      vertex -181.238 -0.429439 4
    endloop
  endfacet
  facet normal 0.708299 0.0478809 0.704287
    outer loop
      vertex -187.762 -0.42806 4
      vertex -186.185 -0.221894 2.4
      vertex -186.2 0 2.4
    endloop
  endfacet
  facet normal 0.712207 0 0.701969
    outer loop
      vertex -186.185 -0.221894 2.4
      vertex -187.762 -0.42806 4
      vertex -187.762 -0.429439 4
    endloop
  endfacet
  facet normal 0.0636083 -0.706758 0.70459
    outer loop
      vertex -184.722 1.68546 2.4
      vertex -184.928 3.26201 4
      vertex -184.929 3.26192 4
    endloop
  endfacet
  facet normal 0.0464066 -0.708546 0.704137
    outer loop
      vertex -184.928 3.26201 4
      vertex -184.722 1.68546 2.4
      vertex -184.5 1.7 2.4
    endloop
  endfacet
  facet normal -0.0636083 0.706758 0.70459
    outer loop
      vertex -184.278 -1.68546 2.4
      vertex -184.072 -3.26201 4
      vertex -184.071 -3.26192 4
    endloop
  endfacet
  facet normal -0.0464066 0.708546 0.704137
    outer loop
      vertex -184.072 -3.26201 4
      vertex -184.278 -1.68546 2.4
      vertex -184.5 -1.7 2.4
    endloop
  endfacet
  facet normal 0.59104 -0.393194 0.704322
    outer loop
      vertex -187.349 1.64618 4
      vertex -185.972 0.849999 2.4
      vertex -185.849 1.03489 2.4
    endloop
  endfacet
  facet normal 0.757951 0 0.652312
    outer loop
      vertex -185.972 0.849999 2.4
      vertex -187.349 1.64618 4
      vertex -187.349 1.64503 4
    endloop
  endfacet
  facet normal -0.533263 0.468866 0.704127
    outer loop
      vertex -183.298 -1.20208 2.4
      vertex -182.173 -2.32539 4
      vertex -183.151 -1.03489 2.4
    endloop
  endfacet
  facet normal -0.511379 0.491711 0.704778
    outer loop
      vertex -182.173 -2.32539 4
      vertex -183.298 -1.20208 2.4
      vertex -182.174 -2.32643 4
    endloop
  endfacet
  facet normal -0.708558 0.0463477 0.704129
    outer loop
      vertex -181.238 -0.42806 4
      vertex -181.21 0 4
      vertex -182.8 0 2.4
    endloop
  endfacet
  facet normal 0.394336 0.590515 0.704125
    outer loop
      vertex -186.146 -2.84851 4
      vertex -185.35 -1.47224 2.4
      vertex -185.535 -1.3487 2.4
    endloop
  endfacet
  facet normal 0.434636 0.564463 0.701765
    outer loop
      vertex -185.35 -1.47224 2.4
      vertex -186.146 -2.84851 4
      vertex -186.145 -2.84928 4
    endloop
  endfacet
  facet normal 0.138439 0.696415 0.704159
    outer loop
      vertex -184.931 -3.26165 4
      vertex -184.94 -1.64207 2.4
      vertex -185.352 -3.17796 4
    endloop
  endfacet
  facet normal -0.313896 -0.636957 0.704099
    outer loop
      vertex -182.856 2.84989 4
      vertex -183.241 3.03962 4
      vertex -183.849 1.57059 2.4
    endloop
  endfacet
  facet normal 0.696278 -0.139012 0.704182
    outer loop
      vertex -186.142 0.439992 2.4
      vertex -187.678 0.85153 4
      vertex -187.762 0.430793 4
    endloop
  endfacet
  facet normal -0.672981 0.226917 0.703993
    outer loop
      vertex -182.929 -0.650561 2.4
      vertex -181.46 -1.25774 4
      vertex -182.858 -0.439992 2.4
    endloop
  endfacet
  facet normal -0.736619 0 0.676308
    outer loop
      vertex -181.46 -1.25774 4
      vertex -182.929 -0.650561 2.4
      vertex -181.46 -1.25905 4
    endloop
  endfacet
  facet normal -0.636675 0.314416 0.704122
    outer loop
      vertex -181.65 -1.64379 4
      vertex -181.46 -1.25905 4
      vertex -182.929 -0.650561 2.4
    endloop
  endfacet
  facet normal -0.477689 0.524933 0.704457
    outer loop
      vertex -183.298 -1.20208 2.4
      vertex -182.175 -2.32734 4
      vertex -182.174 -2.32643 4
    endloop
  endfacet
  facet normal -0.468494 0.533614 0.704109
    outer loop
      vertex -182.175 -2.32734 4
      vertex -183.298 -1.20208 2.4
      vertex -183.465 -1.3487 2.4
    endloop
  endfacet
  facet normal -0.138439 0.696415 0.704159
    outer loop
      vertex -183.648 -3.17796 4
      vertex -184.06 -1.64207 2.4
      vertex -184.069 -3.26165 4
    endloop
  endfacet
  facet normal -0.313896 0.636957 0.704099
    outer loop
      vertex -183.241 -3.03962 4
      vertex -182.856 -2.84989 4
      vertex -183.849 -1.57059 2.4
    endloop
  endfacet
  facet normal 0.672981 0.226917 0.703993
    outer loop
      vertex -187.54 -1.25774 4
      vertex -186.071 -0.650561 2.4
      vertex -186.142 -0.439992 2.4
    endloop
  endfacet
  facet normal 0.736619 0 0.676308
    outer loop
      vertex -186.071 -0.650561 2.4
      vertex -187.54 -1.25774 4
      vertex -187.54 -1.25905 4
    endloop
  endfacet
  facet normal 0.533263 0.468866 0.704127
    outer loop
      vertex -186.827 -2.32539 4
      vertex -185.702 -1.20208 2.4
      vertex -185.849 -1.03489 2.4
    endloop
  endfacet
  facet normal 0.511379 0.491711 0.704778
    outer loop
      vertex -185.702 -1.20208 2.4
      vertex -186.827 -2.32539 4
      vertex -186.826 -2.32643 4
    endloop
  endfacet
  facet normal 0.228338 0.672313 0.704171
    outer loop
      vertex -185.352 -3.17796 4
      vertex -184.94 -1.64207 2.4
      vertex -185.758 -3.04007 4
    endloop
  endfacet
  facet normal 0.314585 0.636526 0.704181
    outer loop
      vertex -185.35 -1.47224 2.4
      vertex -186.144 -2.84989 4
      vertex -185.151 -1.57059 2.4
    endloop
  endfacet
  facet normal 0.369432 0.605627 0.704795
    outer loop
      vertex -186.144 -2.84989 4
      vertex -185.35 -1.47224 2.4
      vertex -186.145 -2.84928 4
    endloop
  endfacet
  facet normal 0.0464066 0.708546 0.704137
    outer loop
      vertex -184.722 -1.68546 2.4
      vertex -184.928 -3.26201 4
      vertex -184.5 -1.7 2.4
    endloop
  endfacet
  facet normal 0.0636083 0.706758 0.70459
    outer loop
      vertex -184.928 -3.26201 4
      vertex -184.722 -1.68546 2.4
      vertex -184.929 -3.26192 4
    endloop
  endfacet
  facet normal -0.757951 0 0.652312
    outer loop
      vertex -181.651 1.64618 4
      vertex -183.028 0.849999 2.4
      vertex -181.651 1.64503 4
    endloop
  endfacet
  facet normal -0.59104 -0.393194 0.704322
    outer loop
      vertex -183.028 0.849999 2.4
      vertex -181.651 1.64618 4
      vertex -183.151 1.03489 2.4
    endloop
  endfacet
  facet normal 0.227836 -0.672542 0.704115
    outer loop
      vertex -185.758 3.04007 4
      vertex -185.151 1.57059 2.4
      vertex -184.94 1.64207 2.4
    endloop
  endfacet
  facet normal 0.291158 -0.647018 0.704695
    outer loop
      vertex -185.151 1.57059 2.4
      vertex -185.758 3.04007 4
      vertex -185.759 3.03962 4
    endloop
  endfacet
  facet normal 0.468494 -0.533614 0.704109
    outer loop
      vertex -186.825 2.32734 4
      vertex -185.702 1.20208 2.4
      vertex -185.535 1.3487 2.4
    endloop
  endfacet
  facet normal 0.477689 -0.524933 0.704457
    outer loop
      vertex -185.702 1.20208 2.4
      vertex -186.825 2.32734 4
      vertex -186.826 2.32643 4
    endloop
  endfacet
  facet normal 0.672305 -0.228399 0.704159
    outer loop
      vertex -186.142 0.439992 2.4
      vertex -187.54 1.25774 4
      vertex -187.678 0.85153 4
    endloop
  endfacet
  facet normal 0.555439 -0.447935 0.700601
    outer loop
      vertex -187.35 1.64379 4
      vertex -185.972 0.849999 2.4
      vertex -187.349 1.64503 4
    endloop
  endfacet
  facet normal 0.635897 -0.315656 0.70427
    outer loop
      vertex -185.972 0.849999 2.4
      vertex -187.35 1.64379 4
      vertex -186.071 0.650561 2.4
    endloop
  endfacet
  facet normal 0.712207 -0 0.701969
    outer loop
      vertex -187.762 0.42806 4
      vertex -186.185 0.221894 2.4
      vertex -187.762 0.429439 4
    endloop
  endfacet
  facet normal 0.708299 -0.0478809 0.704287
    outer loop
      vertex -186.185 0.221894 2.4
      vertex -187.762 0.42806 4
      vertex -186.2 0 2.4
    endloop
  endfacet
  facet normal -0.712207 0 0.701969
    outer loop
      vertex -182.815 -0.221894 2.4
      vertex -181.238 -0.430793 4
      vertex -181.238 -0.429439 4
    endloop
  endfacet
  facet normal -0.69644 0.137309 0.704356
    outer loop
      vertex -181.238 -0.430793 4
      vertex -182.815 -0.221894 2.4
      vertex -182.858 -0.439992 2.4
    endloop
  endfacet
  facet normal -0.696278 0.139012 0.704182
    outer loop
      vertex -181.322 -0.85153 4
      vertex -181.238 -0.430793 4
      vertex -182.858 -0.439992 2.4
    endloop
  endfacet
  facet normal -0.138609 0.696399 0.704142
    outer loop
      vertex -184.278 -1.68546 2.4
      vertex -184.069 -3.26165 4
      vertex -184.06 -1.64207 2.4
    endloop
  endfacet
  facet normal -0.0948979 0.702947 0.704883
    outer loop
      vertex -184.069 -3.26165 4
      vertex -184.278 -1.68546 2.4
      vertex -184.071 -3.26192 4
    endloop
  endfacet
  facet normal -0.228338 0.672313 0.704171
    outer loop
      vertex -183.648 -3.17796 4
      vertex -183.242 -3.04007 4
      vertex -184.06 -1.64207 2.4
    endloop
  endfacet
  facet normal -0.291158 0.647018 0.704695
    outer loop
      vertex -183.849 -1.57059 2.4
      vertex -183.242 -3.04007 4
      vertex -183.241 -3.03962 4
    endloop
  endfacet
  facet normal -0.227836 0.672542 0.704115
    outer loop
      vertex -183.242 -3.04007 4
      vertex -183.849 -1.57059 2.4
      vertex -184.06 -1.64207 2.4
    endloop
  endfacet
  facet normal -0.46861 0.53349 0.704126
    outer loop
      vertex -182.497 -2.61018 4
      vertex -182.175 -2.32734 4
      vertex -183.465 -1.3487 2.4
    endloop
  endfacet
  facet normal 0.69644 0.137309 0.704356
    outer loop
      vertex -186.185 -0.221894 2.4
      vertex -187.762 -0.430793 4
      vertex -186.142 -0.439992 2.4
    endloop
  endfacet
  facet normal 0.712207 -0 0.701969
    outer loop
      vertex -187.762 -0.430793 4
      vertex -186.185 -0.221894 2.4
      vertex -187.762 -0.429439 4
    endloop
  endfacet
  facet normal 0.46861 0.53349 0.704126
    outer loop
      vertex -186.503 -2.61018 4
      vertex -185.535 -1.3487 2.4
      vertex -186.825 -2.32734 4
    endloop
  endfacet
  facet normal 0.394252 0.590559 0.704134
    outer loop
      vertex -186.146 -2.84851 4
      vertex -185.535 -1.3487 2.4
      vertex -186.503 -2.61018 4
    endloop
  endfacet
  facet normal 0.227836 0.672542 0.704115
    outer loop
      vertex -185.151 -1.57059 2.4
      vertex -185.758 -3.04007 4
      vertex -184.94 -1.64207 2.4
    endloop
  endfacet
  facet normal 0.291158 0.647018 0.704695
    outer loop
      vertex -185.758 -3.04007 4
      vertex -185.151 -1.57059 2.4
      vertex -185.759 -3.03962 4
    endloop
  endfacet
  facet normal 0.313896 0.636957 0.704099
    outer loop
      vertex -185.759 -3.03962 4
      vertex -185.151 -1.57059 2.4
      vertex -186.144 -2.84989 4
    endloop
  endfacet
  facet normal 0.0948979 0.702947 0.704883
    outer loop
      vertex -184.722 -1.68546 2.4
      vertex -184.931 -3.26165 4
      vertex -184.929 -3.26192 4
    endloop
  endfacet
  facet normal 0.138609 0.696399 0.704142
    outer loop
      vertex -184.931 -3.26165 4
      vertex -184.722 -1.68546 2.4
      vertex -184.94 -1.64207 2.4
    endloop
  endfacet
  facet normal 0.046436 0.708541 0.70414
    outer loop
      vertex -184.5 -3.29006 4
      vertex -184.5 -1.7 2.4
      vertex -184.928 -3.26201 4
    endloop
  endfacet
  facet normal -0.046436 0.708541 0.70414
    outer loop
      vertex -184.072 -3.26201 4
      vertex -184.5 -1.7 2.4
      vertex -184.5 -3.29006 4
    endloop
  endfacet
  facet normal -0.0948979 -0.702947 0.704883
    outer loop
      vertex -184.278 1.68546 2.4
      vertex -184.069 3.26165 4
      vertex -184.071 3.26192 4
    endloop
  endfacet
  facet normal -0.138609 -0.696399 0.704142
    outer loop
      vertex -184.069 3.26165 4
      vertex -184.278 1.68546 2.4
      vertex -184.06 1.64207 2.4
    endloop
  endfacet
  facet normal -0.046436 -0.708541 0.70414
    outer loop
      vertex -184.072 3.26201 4
      vertex -184.5 3.29006 4
      vertex -184.5 1.7 2.4
    endloop
  endfacet
  facet normal 0.0948979 -0.702947 0.704883
    outer loop
      vertex -184.931 3.26165 4
      vertex -184.722 1.68546 2.4
      vertex -184.929 3.26192 4
    endloop
  endfacet
  facet normal 0.138609 -0.696399 0.704142
    outer loop
      vertex -184.722 1.68546 2.4
      vertex -184.931 3.26165 4
      vertex -184.94 1.64207 2.4
    endloop
  endfacet
  facet normal 0.533795 -0.468372 0.704053
    outer loop
      vertex -185.849 1.03489 2.4
      vertex -186.827 2.32539 4
      vertex -187.11 2.00286 4
    endloop
  endfacet
  facet normal 0.589928 -0.395292 0.704081
    outer loop
      vertex -185.849 1.03489 2.4
      vertex -187.11 2.00286 4
      vertex -187.349 1.64618 4
    endloop
  endfacet
  facet normal 0.736619 -0 0.676308
    outer loop
      vertex -187.54 1.25774 4
      vertex -186.071 0.650561 2.4
      vertex -187.54 1.25905 4
    endloop
  endfacet
  facet normal 0.672981 -0.226917 0.703993
    outer loop
      vertex -186.071 0.650561 2.4
      vertex -187.54 1.25774 4
      vertex -186.142 0.439992 2.4
    endloop
  endfacet
  facet normal 0.636675 -0.314416 0.704122
    outer loop
      vertex -186.071 0.650561 2.4
      vertex -187.35 1.64379 4
      vertex -187.54 1.25905 4
    endloop
  endfacet
  facet normal 0.69644 -0.137309 0.704356
    outer loop
      vertex -187.762 0.430793 4
      vertex -186.185 0.221894 2.4
      vertex -186.142 0.439992 2.4
    endloop
  endfacet
  facet normal 0.712207 0 0.701969
    outer loop
      vertex -186.185 0.221894 2.4
      vertex -187.762 0.430793 4
      vertex -187.762 0.429439 4
    endloop
  endfacet
  facet normal 0.708558 -0.0463477 0.704129
    outer loop
      vertex -186.2 0 2.4
      vertex -187.762 0.42806 4
      vertex -187.79 0 4
    endloop
  endfacet
  facet normal 0.708558 0.0463477 0.704129
    outer loop
      vertex -187.762 -0.42806 4
      vertex -186.2 0 2.4
      vertex -187.79 0 4
    endloop
  endfacet
  facet normal -0.589928 0.395292 0.704081
    outer loop
      vertex -181.89 -2.00286 4
      vertex -181.651 -1.64618 4
      vertex -183.151 -1.03489 2.4
    endloop
  endfacet
  facet normal -0.533795 0.468372 0.704053
    outer loop
      vertex -182.173 -2.32539 4
      vertex -181.89 -2.00286 4
      vertex -183.151 -1.03489 2.4
    endloop
  endfacet
  facet normal -0.394252 0.590559 0.704134
    outer loop
      vertex -182.854 -2.84851 4
      vertex -182.497 -2.61018 4
      vertex -183.465 -1.3487 2.4
    endloop
  endfacet
  facet normal 0.696278 0.139012 0.704182
    outer loop
      vertex -187.678 -0.85153 4
      vertex -186.142 -0.439992 2.4
      vertex -187.762 -0.430793 4
    endloop
  endfacet
  facet normal 0.672305 0.228399 0.704159
    outer loop
      vertex -187.54 -1.25774 4
      vertex -186.142 -0.439992 2.4
      vertex -187.678 -0.85153 4
    endloop
  endfacet
  facet normal 0.636675 0.314416 0.704122
    outer loop
      vertex -187.35 -1.64379 4
      vertex -186.071 -0.650561 2.4
      vertex -187.54 -1.25905 4
    endloop
  endfacet
  facet normal 0.589928 0.395292 0.704081
    outer loop
      vertex -187.11 -2.00286 4
      vertex -185.849 -1.03489 2.4
      vertex -187.349 -1.64618 4
    endloop
  endfacet
  facet normal 0.533795 0.468372 0.704053
    outer loop
      vertex -186.827 -2.32539 4
      vertex -185.849 -1.03489 2.4
      vertex -187.11 -2.00286 4
    endloop
  endfacet
  facet normal 0.468494 0.533614 0.704109
    outer loop
      vertex -185.702 -1.20208 2.4
      vertex -186.825 -2.32734 4
      vertex -185.535 -1.3487 2.4
    endloop
  endfacet
  facet normal 0.477689 0.524933 0.704457
    outer loop
      vertex -186.825 -2.32734 4
      vertex -185.702 -1.20208 2.4
      vertex -186.826 -2.32643 4
    endloop
  endfacet
  facet normal -0.46861 -0.53349 0.704126
    outer loop
      vertex -182.175 2.32734 4
      vertex -182.497 2.61018 4
      vertex -183.465 1.3487 2.4
    endloop
  endfacet
  facet normal -0.696278 -0.139012 0.704182
    outer loop
      vertex -181.238 0.430793 4
      vertex -181.322 0.85153 4
      vertex -182.858 0.439992 2.4
    endloop
  endfacet
  facet normal -0.555439 -0.447935 0.700601
    outer loop
      vertex -183.028 0.849999 2.4
      vertex -181.65 1.64379 4
      vertex -181.651 1.64503 4
    endloop
  endfacet
  facet normal -0.635897 -0.315656 0.70427
    outer loop
      vertex -181.65 1.64379 4
      vertex -183.028 0.849999 2.4
      vertex -182.929 0.650561 2.4
    endloop
  endfacet
  facet normal -0.138439 -0.696415 0.704159
    outer loop
      vertex -184.06 1.64207 2.4
      vertex -183.648 3.17796 4
      vertex -184.069 3.26165 4
    endloop
  endfacet
  facet normal -0.228338 -0.672313 0.704171
    outer loop
      vertex -183.242 3.04007 4
      vertex -183.648 3.17796 4
      vertex -184.06 1.64207 2.4
    endloop
  endfacet
  facet normal -0.394252 -0.590559 0.704134
    outer loop
      vertex -182.497 2.61018 4
      vertex -182.854 2.84851 4
      vertex -183.465 1.3487 2.4
    endloop
  endfacet
  facet normal -0.434636 -0.564463 0.701765
    outer loop
      vertex -183.65 1.47224 2.4
      vertex -182.854 2.84851 4
      vertex -182.855 2.84928 4
    endloop
  endfacet
  facet normal -0.394336 -0.590515 0.704125
    outer loop
      vertex -182.854 2.84851 4
      vertex -183.65 1.47224 2.4
      vertex -183.465 1.3487 2.4
    endloop
  endfacet
  facet normal 0.046436 -0.708541 0.70414
    outer loop
      vertex -184.5 1.7 2.4
      vertex -184.5 3.29006 4
      vertex -184.928 3.26201 4
    endloop
  endfacet
  facet normal 0.138439 -0.696415 0.704159
    outer loop
      vertex -184.94 1.64207 2.4
      vertex -184.931 3.26165 4
      vertex -185.352 3.17796 4
    endloop
  endfacet
  facet normal 0.228338 -0.672313 0.704171
    outer loop
      vertex -184.94 1.64207 2.4
      vertex -185.352 3.17796 4
      vertex -185.758 3.04007 4
    endloop
  endfacet
  facet normal 0.313896 -0.636957 0.704099
    outer loop
      vertex -185.151 1.57059 2.4
      vertex -185.759 3.03962 4
      vertex -186.144 2.84989 4
    endloop
  endfacet
  facet normal 0.394252 -0.590559 0.704134
    outer loop
      vertex -185.535 1.3487 2.4
      vertex -186.146 2.84851 4
      vertex -186.503 2.61018 4
    endloop
  endfacet
  facet normal 0.46861 -0.53349 0.704126
    outer loop
      vertex -185.535 1.3487 2.4
      vertex -186.503 2.61018 4
      vertex -186.825 2.32734 4
    endloop
  endfacet
  facet normal 0.511379 -0.491711 0.704778
    outer loop
      vertex -186.827 2.32539 4
      vertex -185.702 1.20208 2.4
      vertex -186.826 2.32643 4
    endloop
  endfacet
  facet normal 0.533263 -0.468866 0.704127
    outer loop
      vertex -185.702 1.20208 2.4
      vertex -186.827 2.32539 4
      vertex -185.849 1.03489 2.4
    endloop
  endfacet
  facet normal -0.635897 0.315656 0.70427
    outer loop
      vertex -183.028 -0.849999 2.4
      vertex -181.65 -1.64379 4
      vertex -182.929 -0.650561 2.4
    endloop
  endfacet
  facet normal -0.555439 0.447935 0.700601
    outer loop
      vertex -181.65 -1.64379 4
      vertex -183.028 -0.849999 2.4
      vertex -181.651 -1.64503 4
    endloop
  endfacet
  facet normal -0.757951 0 0.652312
    outer loop
      vertex -183.028 -0.849999 2.4
      vertex -181.651 -1.64618 4
      vertex -181.651 -1.64503 4
    endloop
  endfacet
  facet normal -0.59104 0.393194 0.704322
    outer loop
      vertex -181.651 -1.64618 4
      vertex -183.028 -0.849999 2.4
      vertex -183.151 -1.03489 2.4
    endloop
  endfacet
  facet normal -0.394336 0.590515 0.704125
    outer loop
      vertex -183.65 -1.47224 2.4
      vertex -182.854 -2.84851 4
      vertex -183.465 -1.3487 2.4
    endloop
  endfacet
  facet normal -0.434636 0.564463 0.701765
    outer loop
      vertex -182.854 -2.84851 4
      vertex -183.65 -1.47224 2.4
      vertex -182.855 -2.84928 4
    endloop
  endfacet
  facet normal -0.369432 0.605627 0.704795
    outer loop
      vertex -183.65 -1.47224 2.4
      vertex -182.856 -2.84989 4
      vertex -182.855 -2.84928 4
    endloop
  endfacet
  facet normal -0.314585 0.636526 0.704181
    outer loop
      vertex -182.856 -2.84989 4
      vertex -183.65 -1.47224 2.4
      vertex -183.849 -1.57059 2.4
    endloop
  endfacet
  facet normal 0.59104 0.393194 0.704322
    outer loop
      vertex -185.972 -0.849999 2.4
      vertex -187.349 -1.64618 4
      vertex -185.849 -1.03489 2.4
    endloop
  endfacet
  facet normal 0.757951 -0 0.652312
    outer loop
      vertex -187.349 -1.64618 4
      vertex -185.972 -0.849999 2.4
      vertex -187.349 -1.64503 4
    endloop
  endfacet
  facet normal 0.635897 0.315656 0.70427
    outer loop
      vertex -187.35 -1.64379 4
      vertex -185.972 -0.849999 2.4
      vertex -186.071 -0.650561 2.4
    endloop
  endfacet
  facet normal 0.555439 0.447935 0.700601
    outer loop
      vertex -185.972 -0.849999 2.4
      vertex -187.35 -1.64379 4
      vertex -187.349 -1.64503 4
    endloop
  endfacet
  facet normal -0.672305 -0.228399 0.704159
    outer loop
      vertex -181.322 0.85153 4
      vertex -181.46 1.25774 4
      vertex -182.858 0.439992 2.4
    endloop
  endfacet
  facet normal -0.291158 -0.647018 0.704695
    outer loop
      vertex -183.242 3.04007 4
      vertex -183.849 1.57059 2.4
      vertex -183.241 3.03962 4
    endloop
  endfacet
  facet normal -0.227836 -0.672542 0.704115
    outer loop
      vertex -183.849 1.57059 2.4
      vertex -183.242 3.04007 4
      vertex -184.06 1.64207 2.4
    endloop
  endfacet
  facet normal -0.0464066 -0.708546 0.704137
    outer loop
      vertex -184.278 1.68546 2.4
      vertex -184.072 3.26201 4
      vertex -184.5 1.7 2.4
    endloop
  endfacet
  facet normal -0.0636083 -0.706758 0.70459
    outer loop
      vertex -184.072 3.26201 4
      vertex -184.278 1.68546 2.4
      vertex -184.071 3.26192 4
    endloop
  endfacet
  facet normal 0.434636 -0.564463 0.701765
    outer loop
      vertex -186.146 2.84851 4
      vertex -185.35 1.47224 2.4
      vertex -186.145 2.84928 4
    endloop
  endfacet
  facet normal 0.394336 -0.590515 0.704125
    outer loop
      vertex -185.35 1.47224 2.4
      vertex -186.146 2.84851 4
      vertex -185.535 1.3487 2.4
    endloop
  endfacet
  facet normal 0.314585 -0.636526 0.704181
    outer loop
      vertex -186.144 2.84989 4
      vertex -185.35 1.47224 2.4
      vertex -185.151 1.57059 2.4
    endloop
  endfacet
  facet normal 0.369432 -0.605627 0.704795
    outer loop
      vertex -185.35 1.47224 2.4
      vertex -186.144 2.84989 4
      vertex -186.145 2.84928 4
    endloop
  endfacet
  facet normal -0.533795 -0.468372 0.704053
    outer loop
      vertex -181.89 2.00286 4
      vertex -182.173 2.32539 4
      vertex -183.151 1.03489 2.4
    endloop
  endfacet
  facet normal -0.589928 -0.395292 0.704081
    outer loop
      vertex -181.651 1.64618 4
      vertex -181.89 2.00286 4
      vertex -183.151 1.03489 2.4
    endloop
  endfacet
  facet normal -0.712207 0 0.701969
    outer loop
      vertex -181.238 0.430793 4
      vertex -182.815 0.221894 2.4
      vertex -181.238 0.429439 4
    endloop
  endfacet
  facet normal -0.69644 -0.137309 0.704356
    outer loop
      vertex -182.815 0.221894 2.4
      vertex -181.238 0.430793 4
      vertex -182.858 0.439992 2.4
    endloop
  endfacet
  facet normal -0.369432 -0.605627 0.704795
    outer loop
      vertex -182.856 2.84989 4
      vertex -183.65 1.47224 2.4
      vertex -182.855 2.84928 4
    endloop
  endfacet
  facet normal -0.314585 -0.636526 0.704181
    outer loop
      vertex -183.65 1.47224 2.4
      vertex -182.856 2.84989 4
      vertex -183.849 1.57059 2.4
    endloop
  endfacet
  facet normal -0.477689 -0.524933 0.704457
    outer loop
      vertex -182.175 2.32734 4
      vertex -183.298 1.20208 2.4
      vertex -182.174 2.32643 4
    endloop
  endfacet
  facet normal -0.468494 -0.533614 0.704109
    outer loop
      vertex -183.298 1.20208 2.4
      vertex -182.175 2.32734 4
      vertex -183.465 1.3487 2.4
    endloop
  endfacet
  facet normal -0.511379 -0.491711 0.704778
    outer loop
      vertex -183.298 1.20208 2.4
      vertex -182.173 2.32539 4
      vertex -182.174 2.32643 4
    endloop
  endfacet
  facet normal -0.533263 -0.468866 0.704127
    outer loop
      vertex -182.173 2.32539 4
      vertex -183.298 1.20208 2.4
      vertex -183.151 1.03489 2.4
    endloop
  endfacet
  facet normal -0.636675 -0.314416 0.704122
    outer loop
      vertex -181.46 1.25905 4
      vertex -181.65 1.64379 4
      vertex -182.929 0.650561 2.4
    endloop
  endfacet
  facet normal -0.736619 0 0.676308
    outer loop
      vertex -182.929 0.650561 2.4
      vertex -181.46 1.25774 4
      vertex -181.46 1.25905 4
    endloop
  endfacet
  facet normal -0.672981 -0.226917 0.703993
    outer loop
      vertex -181.46 1.25774 4
      vertex -182.929 0.650561 2.4
      vertex -182.858 0.439992 2.4
    endloop
  endfacet
  facet normal -0.555445 -0.831553 0
    outer loop
      vertex 0.849999 76.9722 1.2
      vertex 1.03489 76.8487 2
      vertex 0.849999 76.9722 2
    endloop
  endfacet
  facet normal -0.555445 -0.831553 -0
    outer loop
      vertex 1.03489 76.8487 2
      vertex 0.849999 76.9722 1.2
      vertex 1.03489 76.8487 1.2
    endloop
  endfacet
  facet normal 0.946943 -0.321403 0
    outer loop
      vertex -1.64207 75.94 2
      vertex -1.57059 76.1506 1.2
      vertex -1.57059 76.1506 2
    endloop
  endfacet
  facet normal 0.946943 -0.321403 0
    outer loop
      vertex -1.57059 76.1506 1.2
      vertex -1.64207 75.94 2
      vertex -1.64207 75.94 1.2
    endloop
  endfacet
  facet normal 0.321526 0.946901 -0
    outer loop
      vertex -0.439992 73.8579 1.2
      vertex -0.650561 73.9294 2
      vertex -0.439992 73.8579 2
    endloop
  endfacet
  facet normal 0.321526 0.946901 0
    outer loop
      vertex -0.650561 73.9294 2
      vertex -0.439992 73.8579 1.2
      vertex -0.650561 73.9294 1.2
    endloop
  endfacet
  facet normal -0.442463 -0.896787 0
    outer loop
      vertex 0.650561 77.0706 1.2
      vertex 0.849999 76.9722 2
      vertex 0.650561 77.0706 2
    endloop
  endfacet
  facet normal -0.442463 -0.896787 -0
    outer loop
      vertex 0.849999 76.9722 2
      vertex 0.650561 77.0706 1.2
      vertex 0.849999 76.9722 1.2
    endloop
  endfacet
  facet normal 0.321526 -0.946901 0
    outer loop
      vertex -0.650561 77.0706 1.2
      vertex -0.439992 77.1421 2
      vertex -0.650561 77.0706 2
    endloop
  endfacet
  facet normal 0.321526 -0.946901 0
    outer loop
      vertex -0.439992 77.1421 2
      vertex -0.650561 77.0706 1.2
      vertex -0.439992 77.1421 1.2
    endloop
  endfacet
  facet normal 0.896843 -0.442349 0
    outer loop
      vertex -1.57059 76.1506 2
      vertex -1.47224 76.35 1.2
      vertex -1.47224 76.35 2
    endloop
  endfacet
  facet normal 0.896843 -0.442349 0
    outer loop
      vertex -1.47224 76.35 1.2
      vertex -1.57059 76.1506 2
      vertex -1.57059 76.1506 1.2
    endloop
  endfacet
  facet normal 0.896843 0.442349 0
    outer loop
      vertex -1.47224 74.65 2
      vertex -1.57059 74.8494 1.2
      vertex -1.57059 74.8494 2
    endloop
  endfacet
  facet normal 0.896843 0.442349 0
    outer loop
      vertex -1.57059 74.8494 1.2
      vertex -1.47224 74.65 2
      vertex -1.47224 74.65 1.2
    endloop
  endfacet
  facet normal -0.946943 -0.321403 0
    outer loop
      vertex 1.64207 75.94 1.2
      vertex 1.57059 76.1506 2
      vertex 1.57059 76.1506 1.2
    endloop
  endfacet
  facet normal -0.946943 -0.321403 0
    outer loop
      vertex 1.57059 76.1506 2
      vertex 1.64207 75.94 1.2
      vertex 1.64207 75.94 2
    endloop
  endfacet
  facet normal -0.831483 -0.555551 0
    outer loop
      vertex 1.47224 76.35 1.2
      vertex 1.3487 76.5349 2
      vertex 1.3487 76.5349 1.2
    endloop
  endfacet
  facet normal -0.831483 -0.555551 0
    outer loop
      vertex 1.3487 76.5349 2
      vertex 1.47224 76.35 1.2
      vertex 1.47224 76.35 2
    endloop
  endfacet
  facet normal -0.751863 -0.659319 0
    outer loop
      vertex 1.3487 76.5349 1.2
      vertex 1.20208 76.7021 2
      vertex 1.20208 76.7021 1.2
    endloop
  endfacet
  facet normal -0.751863 -0.659319 0
    outer loop
      vertex 1.20208 76.7021 2
      vertex 1.3487 76.5349 1.2
      vertex 1.3487 76.5349 2
    endloop
  endfacet
  facet normal -0.321526 -0.946901 0
    outer loop
      vertex 0.439992 77.1421 1.2
      vertex 0.650561 77.0706 2
      vertex 0.439992 77.1421 2
    endloop
  endfacet
  facet normal -0.321526 -0.946901 -0
    outer loop
      vertex 0.650561 77.0706 2
      vertex 0.439992 77.1421 1.2
      vertex 0.650561 77.0706 1.2
    endloop
  endfacet
  facet normal -0.0652074 -0.997872 0
    outer loop
      vertex 0 77.2 1.2
      vertex 0.221894 77.1855 2
      vertex 0 77.2 2
    endloop
  endfacet
  facet normal -0.0652074 -0.997872 -0
    outer loop
      vertex 0.221894 77.1855 2
      vertex 0 77.2 1.2
      vertex 0.221894 77.1855 1.2
    endloop
  endfacet
  facet normal 0.751863 -0.659319 0
    outer loop
      vertex -1.3487 76.5349 2
      vertex -1.20208 76.7021 1.2
      vertex -1.20208 76.7021 2
    endloop
  endfacet
  facet normal 0.751863 -0.659319 0
    outer loop
      vertex -1.20208 76.7021 1.2
      vertex -1.3487 76.5349 2
      vertex -1.3487 76.5349 1.2
    endloop
  endfacet
  facet normal 0.659291 -0.751888 0
    outer loop
      vertex -1.20208 76.7021 1.2
      vertex -1.03489 76.8487 2
      vertex -1.20208 76.7021 2
    endloop
  endfacet
  facet normal 0.659291 -0.751888 0
    outer loop
      vertex -1.03489 76.8487 2
      vertex -1.20208 76.7021 1.2
      vertex -1.03489 76.8487 1.2
    endloop
  endfacet
  facet normal -0.99786 -0.0653848 0
    outer loop
      vertex 1.7 75.5 1.2
      vertex 1.68546 75.7219 2
      vertex 1.68546 75.7219 1.2
    endloop
  endfacet
  facet normal -0.99786 -0.0653848 0
    outer loop
      vertex 1.68546 75.7219 2
      vertex 1.7 75.5 1.2
      vertex 1.7 75.5 2
    endloop
  endfacet
  facet normal -0.321526 0.946901 0
    outer loop
      vertex 0.650561 73.9294 1.2
      vertex 0.439992 73.8579 2
      vertex 0.650561 73.9294 2
    endloop
  endfacet
  facet normal -0.321526 0.946901 0
    outer loop
      vertex 0.439992 73.8579 2
      vertex 0.650561 73.9294 1.2
      vertex 0.439992 73.8579 1.2
    endloop
  endfacet
  facet normal -0.831483 0.555551 0
    outer loop
      vertex 1.3487 74.4651 1.2
      vertex 1.47224 74.65 2
      vertex 1.47224 74.65 1.2
    endloop
  endfacet
  facet normal -0.831483 0.555551 0
    outer loop
      vertex 1.47224 74.65 2
      vertex 1.3487 74.4651 1.2
      vertex 1.3487 74.4651 2
    endloop
  endfacet
  facet normal -0.751863 0.659319 0
    outer loop
      vertex 1.20208 74.2979 1.2
      vertex 1.3487 74.4651 2
      vertex 1.3487 74.4651 1.2
    endloop
  endfacet
  facet normal -0.751863 0.659319 0
    outer loop
      vertex 1.3487 74.4651 2
      vertex 1.20208 74.2979 1.2
      vertex 1.20208 74.2979 2
    endloop
  endfacet
  facet normal 0.659291 0.751888 -0
    outer loop
      vertex -1.03489 74.1513 1.2
      vertex -1.20208 74.2979 2
      vertex -1.03489 74.1513 2
    endloop
  endfacet
  facet normal 0.659291 0.751888 0
    outer loop
      vertex -1.20208 74.2979 2
      vertex -1.03489 74.1513 1.2
      vertex -1.20208 74.2979 1.2
    endloop
  endfacet
  facet normal 0.980779 0.195122 0
    outer loop
      vertex -1.64207 75.06 2
      vertex -1.68546 75.2781 1.2
      vertex -1.68546 75.2781 2
    endloop
  endfacet
  facet normal 0.980779 0.195122 0
    outer loop
      vertex -1.68546 75.2781 1.2
      vertex -1.64207 75.06 2
      vertex -1.64207 75.06 1.2
    endloop
  endfacet
  facet normal -0.980779 -0.195122 0
    outer loop
      vertex 1.68546 75.7219 1.2
      vertex 1.64207 75.94 2
      vertex 1.64207 75.94 1.2
    endloop
  endfacet
  facet normal -0.980779 -0.195122 0
    outer loop
      vertex 1.64207 75.94 2
      vertex 1.68546 75.7219 1.2
      vertex 1.68546 75.7219 2
    endloop
  endfacet
  facet normal -0.896843 -0.442349 0
    outer loop
      vertex 1.57059 76.1506 1.2
      vertex 1.47224 76.35 2
      vertex 1.47224 76.35 1.2
    endloop
  endfacet
  facet normal -0.896843 -0.442349 0
    outer loop
      vertex 1.47224 76.35 2
      vertex 1.57059 76.1506 1.2
      vertex 1.57059 76.1506 2
    endloop
  endfacet
  facet normal -0.659291 -0.751888 0
    outer loop
      vertex 1.03489 76.8487 1.2
      vertex 1.20208 76.7021 2
      vertex 1.03489 76.8487 2
    endloop
  endfacet
  facet normal -0.659291 -0.751888 -0
    outer loop
      vertex 1.20208 76.7021 2
      vertex 1.03489 76.8487 1.2
      vertex 1.20208 76.7021 1.2
    endloop
  endfacet
  facet normal -0.195167 -0.98077 0
    outer loop
      vertex 0.221894 77.1855 1.2
      vertex 0.439992 77.1421 2
      vertex 0.221894 77.1855 2
    endloop
  endfacet
  facet normal -0.195167 -0.98077 -0
    outer loop
      vertex 0.439992 77.1421 2
      vertex 0.221894 77.1855 1.2
      vertex 0.439992 77.1421 1.2
    endloop
  endfacet
  facet normal 0.99786 -0.0653848 0
    outer loop
      vertex -1.7 75.5 2
      vertex -1.68546 75.7219 1.2
      vertex -1.68546 75.7219 2
    endloop
  endfacet
  facet normal 0.99786 -0.0653848 0
    outer loop
      vertex -1.68546 75.7219 1.2
      vertex -1.7 75.5 2
      vertex -1.7 75.5 1.2
    endloop
  endfacet
  facet normal 0.980779 -0.195122 0
    outer loop
      vertex -1.68546 75.7219 2
      vertex -1.64207 75.94 1.2
      vertex -1.64207 75.94 2
    endloop
  endfacet
  facet normal 0.980779 -0.195122 0
    outer loop
      vertex -1.64207 75.94 1.2
      vertex -1.68546 75.7219 2
      vertex -1.68546 75.7219 1.2
    endloop
  endfacet
  facet normal 0.831483 -0.555551 0
    outer loop
      vertex -1.47224 76.35 2
      vertex -1.3487 76.5349 1.2
      vertex -1.3487 76.5349 2
    endloop
  endfacet
  facet normal 0.831483 -0.555551 0
    outer loop
      vertex -1.3487 76.5349 1.2
      vertex -1.47224 76.35 2
      vertex -1.47224 76.35 1.2
    endloop
  endfacet
  facet normal 0.0652074 -0.997872 0
    outer loop
      vertex -0.221894 77.1855 1.2
      vertex 0 77.2 2
      vertex -0.221894 77.1855 2
    endloop
  endfacet
  facet normal 0.0652074 -0.997872 0
    outer loop
      vertex 0 77.2 2
      vertex -0.221894 77.1855 1.2
      vertex 0 77.2 1.2
    endloop
  endfacet
  facet normal 0.195167 -0.98077 0
    outer loop
      vertex -0.439992 77.1421 1.2
      vertex -0.221894 77.1855 2
      vertex -0.439992 77.1421 2
    endloop
  endfacet
  facet normal 0.195167 -0.98077 0
    outer loop
      vertex -0.221894 77.1855 2
      vertex -0.439992 77.1421 1.2
      vertex -0.221894 77.1855 1.2
    endloop
  endfacet
  facet normal 0.442463 -0.896787 0
    outer loop
      vertex -0.849999 76.9722 1.2
      vertex -0.650561 77.0706 2
      vertex -0.849999 76.9722 2
    endloop
  endfacet
  facet normal 0.442463 -0.896787 0
    outer loop
      vertex -0.650561 77.0706 2
      vertex -0.849999 76.9722 1.2
      vertex -0.650561 77.0706 1.2
    endloop
  endfacet
  facet normal 0.555445 -0.831553 0
    outer loop
      vertex -1.03489 76.8487 1.2
      vertex -0.849999 76.9722 2
      vertex -1.03489 76.8487 2
    endloop
  endfacet
  facet normal 0.555445 -0.831553 0
    outer loop
      vertex -0.849999 76.9722 2
      vertex -1.03489 76.8487 1.2
      vertex -0.849999 76.9722 1.2
    endloop
  endfacet
  facet normal -0.99786 0.0653848 0
    outer loop
      vertex 1.68546 75.2781 1.2
      vertex 1.7 75.5 2
      vertex 1.7 75.5 1.2
    endloop
  endfacet
  facet normal -0.99786 0.0653848 0
    outer loop
      vertex 1.7 75.5 2
      vertex 1.68546 75.2781 1.2
      vertex 1.68546 75.2781 2
    endloop
  endfacet
  facet normal -0.980779 0.195122 0
    outer loop
      vertex 1.64207 75.06 1.2
      vertex 1.68546 75.2781 2
      vertex 1.68546 75.2781 1.2
    endloop
  endfacet
  facet normal -0.980779 0.195122 0
    outer loop
      vertex 1.68546 75.2781 2
      vertex 1.64207 75.06 1.2
      vertex 1.64207 75.06 2
    endloop
  endfacet
  facet normal -0.0652074 0.997872 0
    outer loop
      vertex 0.221894 73.8145 1.2
      vertex 0 73.8 2
      vertex 0.221894 73.8145 2
    endloop
  endfacet
  facet normal -0.0652074 0.997872 0
    outer loop
      vertex 0 73.8 2
      vertex 0.221894 73.8145 1.2
      vertex 0 73.8 1.2
    endloop
  endfacet
  facet normal -0.195167 0.98077 0
    outer loop
      vertex 0.439992 73.8579 1.2
      vertex 0.221894 73.8145 2
      vertex 0.439992 73.8579 2
    endloop
  endfacet
  facet normal -0.195167 0.98077 0
    outer loop
      vertex 0.221894 73.8145 2
      vertex 0.439992 73.8579 1.2
      vertex 0.221894 73.8145 1.2
    endloop
  endfacet
  facet normal -0.442463 0.896787 0
    outer loop
      vertex 0.849999 74.0278 1.2
      vertex 0.650561 73.9294 2
      vertex 0.849999 74.0278 2
    endloop
  endfacet
  facet normal -0.442463 0.896787 0
    outer loop
      vertex 0.650561 73.9294 2
      vertex 0.849999 74.0278 1.2
      vertex 0.650561 73.9294 1.2
    endloop
  endfacet
  facet normal -0.659291 0.751888 0
    outer loop
      vertex 1.20208 74.2979 1.2
      vertex 1.03489 74.1513 2
      vertex 1.20208 74.2979 2
    endloop
  endfacet
  facet normal -0.659291 0.751888 0
    outer loop
      vertex 1.03489 74.1513 2
      vertex 1.20208 74.2979 1.2
      vertex 1.03489 74.1513 1.2
    endloop
  endfacet
  facet normal -0.555445 0.831553 0
    outer loop
      vertex 1.03489 74.1513 1.2
      vertex 0.849999 74.0278 2
      vertex 1.03489 74.1513 2
    endloop
  endfacet
  facet normal -0.555445 0.831553 0
    outer loop
      vertex 0.849999 74.0278 2
      vertex 1.03489 74.1513 1.2
      vertex 0.849999 74.0278 1.2
    endloop
  endfacet
  facet normal -0.946943 0.321403 0
    outer loop
      vertex 1.57059 74.8494 1.2
      vertex 1.64207 75.06 2
      vertex 1.64207 75.06 1.2
    endloop
  endfacet
  facet normal -0.946943 0.321403 0
    outer loop
      vertex 1.64207 75.06 2
      vertex 1.57059 74.8494 1.2
      vertex 1.57059 74.8494 2
    endloop
  endfacet
  facet normal -0.896843 0.442349 0
    outer loop
      vertex 1.47224 74.65 1.2
      vertex 1.57059 74.8494 2
      vertex 1.57059 74.8494 1.2
    endloop
  endfacet
  facet normal -0.896843 0.442349 0
    outer loop
      vertex 1.57059 74.8494 2
      vertex 1.47224 74.65 1.2
      vertex 1.47224 74.65 2
    endloop
  endfacet
  facet normal 0.195167 0.98077 -0
    outer loop
      vertex -0.221894 73.8145 1.2
      vertex -0.439992 73.8579 2
      vertex -0.221894 73.8145 2
    endloop
  endfacet
  facet normal 0.195167 0.98077 0
    outer loop
      vertex -0.439992 73.8579 2
      vertex -0.221894 73.8145 1.2
      vertex -0.439992 73.8579 1.2
    endloop
  endfacet
  facet normal 0.0652074 0.997872 -0
    outer loop
      vertex 0 73.8 1.2
      vertex -0.221894 73.8145 2
      vertex 0 73.8 2
    endloop
  endfacet
  facet normal 0.0652074 0.997872 0
    outer loop
      vertex -0.221894 73.8145 2
      vertex 0 73.8 1.2
      vertex -0.221894 73.8145 1.2
    endloop
  endfacet
  facet normal 0.555445 0.831553 -0
    outer loop
      vertex -0.849999 74.0278 1.2
      vertex -1.03489 74.1513 2
      vertex -0.849999 74.0278 2
    endloop
  endfacet
  facet normal 0.555445 0.831553 0
    outer loop
      vertex -1.03489 74.1513 2
      vertex -0.849999 74.0278 1.2
      vertex -1.03489 74.1513 1.2
    endloop
  endfacet
  facet normal 0.442463 0.896787 -0
    outer loop
      vertex -0.650561 73.9294 1.2
      vertex -0.849999 74.0278 2
      vertex -0.650561 73.9294 2
    endloop
  endfacet
  facet normal 0.442463 0.896787 0
    outer loop
      vertex -0.849999 74.0278 2
      vertex -0.650561 73.9294 1.2
      vertex -0.849999 74.0278 1.2
    endloop
  endfacet
  facet normal 0.946943 0.321403 0
    outer loop
      vertex -1.57059 74.8494 2
      vertex -1.64207 75.06 1.2
      vertex -1.64207 75.06 2
    endloop
  endfacet
  facet normal 0.946943 0.321403 0
    outer loop
      vertex -1.64207 75.06 1.2
      vertex -1.57059 74.8494 2
      vertex -1.57059 74.8494 1.2
    endloop
  endfacet
  facet normal 0.99786 0.0653848 0
    outer loop
      vertex -1.68546 75.2781 2
      vertex -1.7 75.5 1.2
      vertex -1.7 75.5 2
    endloop
  endfacet
  facet normal 0.99786 0.0653848 0
    outer loop
      vertex -1.7 75.5 1.2
      vertex -1.68546 75.2781 2
      vertex -1.68546 75.2781 1.2
    endloop
  endfacet
  facet normal 0.751863 0.659319 0
    outer loop
      vertex -1.20208 74.2979 2
      vertex -1.3487 74.4651 1.2
      vertex -1.3487 74.4651 2
    endloop
  endfacet
  facet normal 0.751863 0.659319 0
    outer loop
      vertex -1.3487 74.4651 1.2
      vertex -1.20208 74.2979 2
      vertex -1.20208 74.2979 1.2
    endloop
  endfacet
  facet normal 0.831483 0.555551 0
    outer loop
      vertex -1.3487 74.4651 2
      vertex -1.47224 74.65 1.2
      vertex -1.47224 74.65 2
    endloop
  endfacet
  facet normal 0.831483 0.555551 0
    outer loop
      vertex -1.47224 74.65 1.2
      vertex -1.3487 74.4651 2
      vertex -1.3487 74.4651 1.2
    endloop
  endfacet
  facet normal -0.499997 -0.866027 0
    outer loop
      vertex 0 78.6754 0
      vertex 2.75 77.0877 1.2
      vertex 0 78.6754 1.2
    endloop
  endfacet
  facet normal -0.499997 -0.866027 -0
    outer loop
      vertex 2.75 77.0877 1.2
      vertex 0 78.6754 0
      vertex 2.75 77.0877 0
    endloop
  endfacet
  facet normal 1 -0 0
    outer loop
      vertex -2.75 73.9123 1.2
      vertex -2.75 77.0877 0
      vertex -2.75 77.0877 1.2
    endloop
  endfacet
  facet normal 1 0 0
    outer loop
      vertex -2.75 77.0877 0
      vertex -2.75 73.9123 1.2
      vertex -2.75 73.9123 0
    endloop
  endfacet
  facet normal 0.499997 -0.866027 0
    outer loop
      vertex -2.75 77.0877 0
      vertex 0 78.6754 1.2
      vertex -2.75 77.0877 1.2
    endloop
  endfacet
  facet normal 0.499997 -0.866027 0
    outer loop
      vertex 0 78.6754 1.2
      vertex -2.75 77.0877 0
      vertex 0 78.6754 0
    endloop
  endfacet
  facet normal 0 0 -1
    outer loop
      vertex 2.75 73.9123 1.2
      vertex 1.7 75.5 1.2
      vertex 2.75 77.0877 1.2
    endloop
  endfacet
  facet normal 0 0 -1
    outer loop
      vertex 2.75 73.9123 1.2
      vertex 1.68546 75.2781 1.2
      vertex 1.7 75.5 1.2
    endloop
  endfacet
  facet normal 0 0 -1
    outer loop
      vertex 2.75 73.9123 1.2
      vertex 1.64207 75.06 1.2
      vertex 1.68546 75.2781 1.2
    endloop
  endfacet
  facet normal 0 0 -1
    outer loop
      vertex 2.75 73.9123 1.2
      vertex 1.57059 74.8494 1.2
      vertex 1.64207 75.06 1.2
    endloop
  endfacet
  facet normal 0 0 -1
    outer loop
      vertex 2.75 73.9123 1.2
      vertex 1.47224 74.65 1.2
      vertex 1.57059 74.8494 1.2
    endloop
  endfacet
  facet normal 0 0 -1
    outer loop
      vertex 2.75 73.9123 1.2
      vertex 1.3487 74.4651 1.2
      vertex 1.47224 74.65 1.2
    endloop
  endfacet
  facet normal 0 0 -1
    outer loop
      vertex 2.75 73.9123 1.2
      vertex 1.20208 74.2979 1.2
      vertex 1.3487 74.4651 1.2
    endloop
  endfacet
  facet normal 0 0 -1
    outer loop
      vertex 2.75 73.9123 1.2
      vertex 1.03489 74.1513 1.2
      vertex 1.20208 74.2979 1.2
    endloop
  endfacet
  facet normal 0 0 -1
    outer loop
      vertex 2.75 73.9123 1.2
      vertex 0.849999 74.0278 1.2
      vertex 1.03489 74.1513 1.2
    endloop
  endfacet
  facet normal 0 0 -1
    outer loop
      vertex 0 72.3246 1.2
      vertex 0.849999 74.0278 1.2
      vertex 2.75 73.9123 1.2
    endloop
  endfacet
  facet normal 0 0 -1
    outer loop
      vertex 0.849999 74.0278 1.2
      vertex 0 72.3246 1.2
      vertex 0.650561 73.9294 1.2
    endloop
  endfacet
  facet normal 0 0 -1
    outer loop
      vertex 0.650561 73.9294 1.2
      vertex 0 72.3246 1.2
      vertex 0.439992 73.8579 1.2
    endloop
  endfacet
  facet normal 0 0 -1
    outer loop
      vertex 0.439992 73.8579 1.2
      vertex 0 72.3246 1.2
      vertex 0.221894 73.8145 1.2
    endloop
  endfacet
  facet normal 0 0 -1
    outer loop
      vertex 0 72.3246 1.2
      vertex 0 73.8 1.2
      vertex 0.221894 73.8145 1.2
    endloop
  endfacet
  facet normal 0 0 -1
    outer loop
      vertex 0 72.3246 1.2
      vertex -0.221894 73.8145 1.2
      vertex 0 73.8 1.2
    endloop
  endfacet
  facet normal 0 0 -1
    outer loop
      vertex 0 72.3246 1.2
      vertex -0.439992 73.8579 1.2
      vertex -0.221894 73.8145 1.2
    endloop
  endfacet
  facet normal 0 0 -1
    outer loop
      vertex 0 72.3246 1.2
      vertex -0.650561 73.9294 1.2
      vertex -0.439992 73.8579 1.2
    endloop
  endfacet
  facet normal 0 0 -1
    outer loop
      vertex 0 72.3246 1.2
      vertex -0.849999 74.0278 1.2
      vertex -0.650561 73.9294 1.2
    endloop
  endfacet
  facet normal 0 0 -1
    outer loop
      vertex -2.75 73.9123 1.2
      vertex -0.849999 74.0278 1.2
      vertex 0 72.3246 1.2
    endloop
  endfacet
  facet normal -0 0 -1
    outer loop
      vertex -0.849999 74.0278 1.2
      vertex -2.75 73.9123 1.2
      vertex -1.03489 74.1513 1.2
    endloop
  endfacet
  facet normal -0 0 -1
    outer loop
      vertex -1.03489 74.1513 1.2
      vertex -2.75 73.9123 1.2
      vertex -1.20208 74.2979 1.2
    endloop
  endfacet
  facet normal -0 0 -1
    outer loop
      vertex -1.20208 74.2979 1.2
      vertex -2.75 73.9123 1.2
      vertex -1.3487 74.4651 1.2
    endloop
  endfacet
  facet normal -0 0 -1
    outer loop
      vertex -1.68546 75.2781 1.2
      vertex -2.75 73.9123 1.2
      vertex -1.7 75.5 1.2
    endloop
  endfacet
  facet normal -0 0 -1
    outer loop
      vertex -1.64207 75.06 1.2
      vertex -2.75 73.9123 1.2
      vertex -1.68546 75.2781 1.2
    endloop
  endfacet
  facet normal -0 0 -1
    outer loop
      vertex -1.57059 74.8494 1.2
      vertex -2.75 73.9123 1.2
      vertex -1.64207 75.06 1.2
    endloop
  endfacet
  facet normal -0 0 -1
    outer loop
      vertex -1.47224 74.65 1.2
      vertex -2.75 73.9123 1.2
      vertex -1.57059 74.8494 1.2
    endloop
  endfacet
  facet normal -0 0 -1
    outer loop
      vertex -1.3487 74.4651 1.2
      vertex -2.75 73.9123 1.2
      vertex -1.47224 74.65 1.2
    endloop
  endfacet
  facet normal 0 0 -1
    outer loop
      vertex 1.68546 75.7219 1.2
      vertex 2.75 77.0877 1.2
      vertex 1.7 75.5 1.2
    endloop
  endfacet
  facet normal 0 0 -1
    outer loop
      vertex 1.64207 75.94 1.2
      vertex 2.75 77.0877 1.2
      vertex 1.68546 75.7219 1.2
    endloop
  endfacet
  facet normal 0 0 -1
    outer loop
      vertex 1.57059 76.1506 1.2
      vertex 2.75 77.0877 1.2
      vertex 1.64207 75.94 1.2
    endloop
  endfacet
  facet normal 0 0 -1
    outer loop
      vertex 1.47224 76.35 1.2
      vertex 2.75 77.0877 1.2
      vertex 1.57059 76.1506 1.2
    endloop
  endfacet
  facet normal 0 0 -1
    outer loop
      vertex 1.3487 76.5349 1.2
      vertex 2.75 77.0877 1.2
      vertex 1.47224 76.35 1.2
    endloop
  endfacet
  facet normal 0 0 -1
    outer loop
      vertex 1.20208 76.7021 1.2
      vertex 2.75 77.0877 1.2
      vertex 1.3487 76.5349 1.2
    endloop
  endfacet
  facet normal 0 0 -1
    outer loop
      vertex 1.03489 76.8487 1.2
      vertex 2.75 77.0877 1.2
      vertex 1.20208 76.7021 1.2
    endloop
  endfacet
  facet normal 0 0 -1
    outer loop
      vertex 0.849999 76.9722 1.2
      vertex 2.75 77.0877 1.2
      vertex 1.03489 76.8487 1.2
    endloop
  endfacet
  facet normal 0 0 -1
    outer loop
      vertex 0 78.6754 1.2
      vertex 0.849999 76.9722 1.2
      vertex 0.650561 77.0706 1.2
    endloop
  endfacet
  facet normal 0 0 -1
    outer loop
      vertex 0 78.6754 1.2
      vertex 0.650561 77.0706 1.2
      vertex 0.439992 77.1421 1.2
    endloop
  endfacet
  facet normal 0 0 -1
    outer loop
      vertex 0 78.6754 1.2
      vertex 0.439992 77.1421 1.2
      vertex 0.221894 77.1855 1.2
    endloop
  endfacet
  facet normal 0 0 -1
    outer loop
      vertex 0 78.6754 1.2
      vertex 0.221894 77.1855 1.2
      vertex 0 77.2 1.2
    endloop
  endfacet
  facet normal 0 0 -1
    outer loop
      vertex 0.849999 76.9722 1.2
      vertex 0 78.6754 1.2
      vertex 2.75 77.0877 1.2
    endloop
  endfacet
  facet normal 0 0 -1
    outer loop
      vertex -0.221894 77.1855 1.2
      vertex 0 78.6754 1.2
      vertex 0 77.2 1.2
    endloop
  endfacet
  facet normal 0 0 -1
    outer loop
      vertex -0.439992 77.1421 1.2
      vertex 0 78.6754 1.2
      vertex -0.221894 77.1855 1.2
    endloop
  endfacet
  facet normal 0 0 -1
    outer loop
      vertex -0.650561 77.0706 1.2
      vertex 0 78.6754 1.2
      vertex -0.439992 77.1421 1.2
    endloop
  endfacet
  facet normal 0 0 -1
    outer loop
      vertex -0.849999 76.9722 1.2
      vertex 0 78.6754 1.2
      vertex -0.650561 77.0706 1.2
    endloop
  endfacet
  facet normal 0 0 -1
    outer loop
      vertex -2.75 77.0877 1.2
      vertex -0.849999 76.9722 1.2
      vertex -1.03489 76.8487 1.2
    endloop
  endfacet
  facet normal 0 0 -1
    outer loop
      vertex -2.75 77.0877 1.2
      vertex -1.03489 76.8487 1.2
      vertex -1.20208 76.7021 1.2
    endloop
  endfacet
  facet normal 0 0 -1
    outer loop
      vertex -2.75 77.0877 1.2
      vertex -1.20208 76.7021 1.2
      vertex -1.3487 76.5349 1.2
    endloop
  endfacet
  facet normal 0 0 -1
    outer loop
      vertex -2.75 77.0877 1.2
      vertex -1.3487 76.5349 1.2
      vertex -1.47224 76.35 1.2
    endloop
  endfacet
  facet normal 0 0 -1
    outer loop
      vertex -2.75 77.0877 1.2
      vertex -1.7 75.5 1.2
      vertex -2.75 73.9123 1.2
    endloop
  endfacet
  facet normal 0 0 -1
    outer loop
      vertex -1.7 75.5 1.2
      vertex -2.75 77.0877 1.2
      vertex -1.68546 75.7219 1.2
    endloop
  endfacet
  facet normal 0 0 -1
    outer loop
      vertex -1.68546 75.7219 1.2
      vertex -2.75 77.0877 1.2
      vertex -1.64207 75.94 1.2
    endloop
  endfacet
  facet normal 0 0 -1
    outer loop
      vertex -1.64207 75.94 1.2
      vertex -2.75 77.0877 1.2
      vertex -1.57059 76.1506 1.2
    endloop
  endfacet
  facet normal 0 0 -1
    outer loop
      vertex -0.849999 76.9722 1.2
      vertex -2.75 77.0877 1.2
      vertex 0 78.6754 1.2
    endloop
  endfacet
  facet normal 0 0 -1
    outer loop
      vertex -1.57059 76.1506 1.2
      vertex -2.75 77.0877 1.2
      vertex -1.47224 76.35 1.2
    endloop
  endfacet
  facet normal 0.499997 0.866027 -0
    outer loop
      vertex 0 72.3246 0
      vertex -2.75 73.9123 1.2
      vertex 0 72.3246 1.2
    endloop
  endfacet
  facet normal 0.499997 0.866027 0
    outer loop
      vertex -2.75 73.9123 1.2
      vertex 0 72.3246 0
      vertex -2.75 73.9123 0
    endloop
  endfacet
  facet normal -1 0 0
    outer loop
      vertex 2.75 73.9123 0
      vertex 2.75 77.0877 1.2
      vertex 2.75 77.0877 0
    endloop
  endfacet
  facet normal -1 -0 0
    outer loop
      vertex 2.75 77.0877 1.2
      vertex 2.75 73.9123 0
      vertex 2.75 73.9123 1.2
    endloop
  endfacet
  facet normal -0.499997 0.866027 0
    outer loop
      vertex 2.75 73.9123 0
      vertex 0 72.3246 1.2
      vertex 2.75 73.9123 1.2
    endloop
  endfacet
  facet normal -0.499997 0.866027 0
    outer loop
      vertex 0 72.3246 1.2
      vertex 2.75 73.9123 0
      vertex 0 72.3246 0
    endloop
  endfacet
  facet normal -0.555343 -0.831621 0
    outer loop
      vertex -159.65 1.47224 2
      vertex -159.465 1.3487 2.4
      vertex -159.65 1.47224 2.4
    endloop
  endfacet
  facet normal -0.555343 -0.831621 -0
    outer loop
      vertex -159.465 1.3487 2.4
      vertex -159.65 1.47224 2
      vertex -159.465 1.3487 2
    endloop
  endfacet
  facet normal 0.947584 -0.319508 0
    outer loop
      vertex -162.142 0.439992 2.4
      vertex -162.071 0.650561 2
      vertex -162.071 0.650561 2.4
    endloop
  endfacet
  facet normal 0.947584 -0.319508 0
    outer loop
      vertex -162.071 0.650561 2
      vertex -162.142 0.439992 2.4
      vertex -162.142 0.439992 2
    endloop
  endfacet
  facet normal 0.320856 0.947128 -0
    outer loop
      vertex -160.94 -1.64207 2
      vertex -161.151 -1.57059 2.4
      vertex -160.94 -1.64207 2.4
    endloop
  endfacet
  facet normal 0.320856 0.947128 0
    outer loop
      vertex -161.151 -1.57059 2.4
      vertex -160.94 -1.64207 2
      vertex -161.151 -1.57059 2
    endloop
  endfacet
  facet normal -0.443064 -0.89649 0
    outer loop
      vertex -159.849 1.57059 2
      vertex -159.65 1.47224 2.4
      vertex -159.849 1.57059 2.4
    endloop
  endfacet
  facet normal -0.443064 -0.89649 -0
    outer loop
      vertex -159.65 1.47224 2.4
      vertex -159.849 1.57059 2
      vertex -159.65 1.47224 2
    endloop
  endfacet
  facet normal 0.320856 -0.947128 0
    outer loop
      vertex -161.151 1.57059 2
      vertex -160.94 1.64207 2.4
      vertex -161.151 1.57059 2.4
    endloop
  endfacet
  facet normal 0.320856 -0.947128 0
    outer loop
      vertex -160.94 1.64207 2.4
      vertex -161.151 1.57059 2
      vertex -160.94 1.64207 2
    endloop
  endfacet
  facet normal 0.895715 -0.444628 0
    outer loop
      vertex -162.071 0.650561 2.4
      vertex -161.972 0.849999 2
      vertex -161.972 0.849999 2.4
    endloop
  endfacet
  facet normal 0.895715 -0.444628 0
    outer loop
      vertex -161.972 0.849999 2
      vertex -162.071 0.650561 2.4
      vertex -162.071 0.650561 2
    endloop
  endfacet
  facet normal 0.895715 0.444628 0
    outer loop
      vertex -161.972 -0.849999 2.4
      vertex -162.071 -0.650561 2
      vertex -162.071 -0.650561 2.4
    endloop
  endfacet
  facet normal 0.895715 0.444628 0
    outer loop
      vertex -162.071 -0.650561 2
      vertex -161.972 -0.849999 2.4
      vertex -161.972 -0.849999 2
    endloop
  endfacet
  facet normal -0.947584 -0.319508 0
    outer loop
      vertex -158.858 0.439992 2
      vertex -158.929 0.650561 2.4
      vertex -158.929 0.650561 2
    endloop
  endfacet
  facet normal -0.947584 -0.319508 0
    outer loop
      vertex -158.929 0.650561 2.4
      vertex -158.858 0.439992 2
      vertex -158.858 0.439992 2.4
    endloop
  endfacet
  facet normal -0.832592 -0.553887 0
    outer loop
      vertex -159.028 0.849999 2
      vertex -159.151 1.03489 2.4
      vertex -159.151 1.03489 2
    endloop
  endfacet
  facet normal -0.832592 -0.553887 0
    outer loop
      vertex -159.151 1.03489 2.4
      vertex -159.028 0.849999 2
      vertex -159.028 0.849999 2.4
    endloop
  endfacet
  facet normal -0.750997 -0.660306 0
    outer loop
      vertex -159.151 1.03489 2
      vertex -159.298 1.20208 2.4
      vertex -159.298 1.20208 2
    endloop
  endfacet
  facet normal -0.750997 -0.660306 0
    outer loop
      vertex -159.298 1.20208 2.4
      vertex -159.151 1.03489 2
      vertex -159.151 1.03489 2.4
    endloop
  endfacet
  facet normal -0.320856 -0.947128 0
    outer loop
      vertex -160.06 1.64207 2
      vertex -159.849 1.57059 2.4
      vertex -160.06 1.64207 2.4
    endloop
  endfacet
  facet normal -0.320856 -0.947128 -0
    outer loop
      vertex -159.849 1.57059 2.4
      vertex -160.06 1.64207 2
      vertex -159.849 1.57059 2
    endloop
  endfacet
  facet normal -0.0653555 -0.997862 0
    outer loop
      vertex -160.5 1.7 2
      vertex -160.278 1.68546 2.4
      vertex -160.5 1.7 2.4
    endloop
  endfacet
  facet normal -0.0653555 -0.997862 -0
    outer loop
      vertex -160.278 1.68546 2.4
      vertex -160.5 1.7 2
      vertex -160.278 1.68546 2
    endloop
  endfacet
  facet normal 0.750997 -0.660306 0
    outer loop
      vertex -161.849 1.03489 2.4
      vertex -161.702 1.20208 2
      vertex -161.702 1.20208 2.4
    endloop
  endfacet
  facet normal 0.750997 -0.660306 0
    outer loop
      vertex -161.702 1.20208 2
      vertex -161.849 1.03489 2.4
      vertex -161.849 1.03489 2
    endloop
  endfacet
  facet normal 0.659765 -0.751472 0
    outer loop
      vertex -161.702 1.20208 2
      vertex -161.535 1.3487 2.4
      vertex -161.702 1.20208 2.4
    endloop
  endfacet
  facet normal 0.659765 -0.751472 0
    outer loop
      vertex -161.535 1.3487 2.4
      vertex -161.702 1.20208 2
      vertex -161.535 1.3487 2
    endloop
  endfacet
  facet normal -0.997723 -0.0674459 0
    outer loop
      vertex -158.8 0 2
      vertex -158.815 0.221894 2.4
      vertex -158.815 0.221894 2
    endloop
  endfacet
  facet normal -0.997723 -0.0674459 0
    outer loop
      vertex -158.815 0.221894 2.4
      vertex -158.8 0 2
      vertex -158.8 0 2.4
    endloop
  endfacet
  facet normal -0.320856 0.947128 0
    outer loop
      vertex -159.849 -1.57059 2
      vertex -160.06 -1.64207 2.4
      vertex -159.849 -1.57059 2.4
    endloop
  endfacet
  facet normal -0.320856 0.947128 0
    outer loop
      vertex -160.06 -1.64207 2.4
      vertex -159.849 -1.57059 2
      vertex -160.06 -1.64207 2
    endloop
  endfacet
  facet normal -0.832592 0.553887 0
    outer loop
      vertex -159.151 -1.03489 2
      vertex -159.028 -0.849999 2.4
      vertex -159.028 -0.849999 2
    endloop
  endfacet
  facet normal -0.832592 0.553887 0
    outer loop
      vertex -159.028 -0.849999 2.4
      vertex -159.151 -1.03489 2
      vertex -159.151 -1.03489 2.4
    endloop
  endfacet
  facet normal -0.750997 0.660306 0
    outer loop
      vertex -159.298 -1.20208 2
      vertex -159.151 -1.03489 2.4
      vertex -159.151 -1.03489 2
    endloop
  endfacet
  facet normal -0.750997 0.660306 0
    outer loop
      vertex -159.151 -1.03489 2.4
      vertex -159.298 -1.20208 2
      vertex -159.298 -1.20208 2.4
    endloop
  endfacet
  facet normal 0.659765 0.751472 -0
    outer loop
      vertex -161.535 -1.3487 2
      vertex -161.702 -1.20208 2.4
      vertex -161.535 -1.3487 2.4
    endloop
  endfacet
  facet normal 0.659765 0.751472 0
    outer loop
      vertex -161.702 -1.20208 2.4
      vertex -161.535 -1.3487 2
      vertex -161.702 -1.20208 2
    endloop
  endfacet
  facet normal 0.981113 0.193435 0
    outer loop
      vertex -162.142 -0.439992 2.4
      vertex -162.185 -0.221894 2
      vertex -162.185 -0.221894 2.4
    endloop
  endfacet
  facet normal 0.981113 0.193435 0
    outer loop
      vertex -162.185 -0.221894 2
      vertex -162.142 -0.439992 2.4
      vertex -162.142 -0.439992 2
    endloop
  endfacet
  facet normal -0.981113 -0.193435 0
    outer loop
      vertex -158.815 0.221894 2
      vertex -158.858 0.439992 2.4
      vertex -158.858 0.439992 2
    endloop
  endfacet
  facet normal -0.981113 -0.193435 0
    outer loop
      vertex -158.858 0.439992 2.4
      vertex -158.815 0.221894 2
      vertex -158.815 0.221894 2.4
    endloop
  endfacet
  facet normal -0.895715 -0.444628 0
    outer loop
      vertex -158.929 0.650561 2
      vertex -159.028 0.849999 2.4
      vertex -159.028 0.849999 2
    endloop
  endfacet
  facet normal -0.895715 -0.444628 0
    outer loop
      vertex -159.028 0.849999 2.4
      vertex -158.929 0.650561 2
      vertex -158.929 0.650561 2.4
    endloop
  endfacet
  facet normal -0.659765 -0.751472 0
    outer loop
      vertex -159.465 1.3487 2
      vertex -159.298 1.20208 2.4
      vertex -159.465 1.3487 2.4
    endloop
  endfacet
  facet normal -0.659765 -0.751472 -0
    outer loop
      vertex -159.298 1.20208 2.4
      vertex -159.465 1.3487 2
      vertex -159.298 1.20208 2
    endloop
  endfacet
  facet normal -0.195208 -0.980762 0
    outer loop
      vertex -160.278 1.68546 2
      vertex -160.06 1.64207 2.4
      vertex -160.278 1.68546 2.4
    endloop
  endfacet
  facet normal -0.195208 -0.980762 -0
    outer loop
      vertex -160.06 1.64207 2.4
      vertex -160.278 1.68546 2
      vertex -160.06 1.64207 2
    endloop
  endfacet
  facet normal 0.997723 -0.0674459 0
    outer loop
      vertex -162.2 0 2.4
      vertex -162.185 0.221894 2
      vertex -162.185 0.221894 2.4
    endloop
  endfacet
  facet normal 0.997723 -0.0674459 0
    outer loop
      vertex -162.185 0.221894 2
      vertex -162.2 0 2.4
      vertex -162.2 0 2
    endloop
  endfacet
  facet normal 0.981113 -0.193435 0
    outer loop
      vertex -162.185 0.221894 2.4
      vertex -162.142 0.439992 2
      vertex -162.142 0.439992 2.4
    endloop
  endfacet
  facet normal 0.981113 -0.193435 0
    outer loop
      vertex -162.142 0.439992 2
      vertex -162.185 0.221894 2.4
      vertex -162.185 0.221894 2
    endloop
  endfacet
  facet normal 0.832592 -0.553887 0
    outer loop
      vertex -161.972 0.849999 2.4
      vertex -161.849 1.03489 2
      vertex -161.849 1.03489 2.4
    endloop
  endfacet
  facet normal 0.832592 -0.553887 0
    outer loop
      vertex -161.849 1.03489 2
      vertex -161.972 0.849999 2.4
      vertex -161.972 0.849999 2
    endloop
  endfacet
  facet normal 0.0653555 -0.997862 0
    outer loop
      vertex -160.722 1.68546 2
      vertex -160.5 1.7 2.4
      vertex -160.722 1.68546 2.4
    endloop
  endfacet
  facet normal 0.0653555 -0.997862 0
    outer loop
      vertex -160.5 1.7 2.4
      vertex -160.722 1.68546 2
      vertex -160.5 1.7 2
    endloop
  endfacet
  facet normal 0.195208 -0.980762 0
    outer loop
      vertex -160.94 1.64207 2
      vertex -160.722 1.68546 2.4
      vertex -160.94 1.64207 2.4
    endloop
  endfacet
  facet normal 0.195208 -0.980762 0
    outer loop
      vertex -160.722 1.68546 2.4
      vertex -160.94 1.64207 2
      vertex -160.722 1.68546 2
    endloop
  endfacet
  facet normal 0.443064 -0.89649 0
    outer loop
      vertex -161.35 1.47224 2
      vertex -161.151 1.57059 2.4
      vertex -161.35 1.47224 2.4
    endloop
  endfacet
  facet normal 0.443064 -0.89649 0
    outer loop
      vertex -161.151 1.57059 2.4
      vertex -161.35 1.47224 2
      vertex -161.151 1.57059 2
    endloop
  endfacet
  facet normal 0.555343 -0.831621 0
    outer loop
      vertex -161.535 1.3487 2
      vertex -161.35 1.47224 2.4
      vertex -161.535 1.3487 2.4
    endloop
  endfacet
  facet normal 0.555343 -0.831621 0
    outer loop
      vertex -161.35 1.47224 2.4
      vertex -161.535 1.3487 2
      vertex -161.35 1.47224 2
    endloop
  endfacet
  facet normal -0.997723 0.0674459 0
    outer loop
      vertex -158.815 -0.221894 2
      vertex -158.8 0 2.4
      vertex -158.8 0 2
    endloop
  endfacet
  facet normal -0.997723 0.0674459 0
    outer loop
      vertex -158.8 0 2.4
      vertex -158.815 -0.221894 2
      vertex -158.815 -0.221894 2.4
    endloop
  endfacet
  facet normal -0.981113 0.193435 0
    outer loop
      vertex -158.858 -0.439992 2
      vertex -158.815 -0.221894 2.4
      vertex -158.815 -0.221894 2
    endloop
  endfacet
  facet normal -0.981113 0.193435 0
    outer loop
      vertex -158.815 -0.221894 2.4
      vertex -158.858 -0.439992 2
      vertex -158.858 -0.439992 2.4
    endloop
  endfacet
  facet normal -0.0653555 0.997862 0
    outer loop
      vertex -160.278 -1.68546 2
      vertex -160.5 -1.7 2.4
      vertex -160.278 -1.68546 2.4
    endloop
  endfacet
  facet normal -0.0653555 0.997862 0
    outer loop
      vertex -160.5 -1.7 2.4
      vertex -160.278 -1.68546 2
      vertex -160.5 -1.7 2
    endloop
  endfacet
  facet normal -0.195208 0.980762 0
    outer loop
      vertex -160.06 -1.64207 2
      vertex -160.278 -1.68546 2.4
      vertex -160.06 -1.64207 2.4
    endloop
  endfacet
  facet normal -0.195208 0.980762 0
    outer loop
      vertex -160.278 -1.68546 2.4
      vertex -160.06 -1.64207 2
      vertex -160.278 -1.68546 2
    endloop
  endfacet
  facet normal -0.443064 0.89649 0
    outer loop
      vertex -159.65 -1.47224 2
      vertex -159.849 -1.57059 2.4
      vertex -159.65 -1.47224 2.4
    endloop
  endfacet
  facet normal -0.443064 0.89649 0
    outer loop
      vertex -159.849 -1.57059 2.4
      vertex -159.65 -1.47224 2
      vertex -159.849 -1.57059 2
    endloop
  endfacet
  facet normal -0.659765 0.751472 0
    outer loop
      vertex -159.298 -1.20208 2
      vertex -159.465 -1.3487 2.4
      vertex -159.298 -1.20208 2.4
    endloop
  endfacet
  facet normal -0.659765 0.751472 0
    outer loop
      vertex -159.465 -1.3487 2.4
      vertex -159.298 -1.20208 2
      vertex -159.465 -1.3487 2
    endloop
  endfacet
  facet normal -0.555343 0.831621 0
    outer loop
      vertex -159.465 -1.3487 2
      vertex -159.65 -1.47224 2.4
      vertex -159.465 -1.3487 2.4
    endloop
  endfacet
  facet normal -0.555343 0.831621 0
    outer loop
      vertex -159.65 -1.47224 2.4
      vertex -159.465 -1.3487 2
      vertex -159.65 -1.47224 2
    endloop
  endfacet
  facet normal -0.947584 0.319508 0
    outer loop
      vertex -158.929 -0.650561 2
      vertex -158.858 -0.439992 2.4
      vertex -158.858 -0.439992 2
    endloop
  endfacet
  facet normal -0.947584 0.319508 0
    outer loop
      vertex -158.858 -0.439992 2.4
      vertex -158.929 -0.650561 2
      vertex -158.929 -0.650561 2.4
    endloop
  endfacet
  facet normal -0.895715 0.444628 0
    outer loop
      vertex -159.028 -0.849999 2
      vertex -158.929 -0.650561 2.4
      vertex -158.929 -0.650561 2
    endloop
  endfacet
  facet normal -0.895715 0.444628 0
    outer loop
      vertex -158.929 -0.650561 2.4
      vertex -159.028 -0.849999 2
      vertex -159.028 -0.849999 2.4
    endloop
  endfacet
  facet normal 0.195208 0.980762 -0
    outer loop
      vertex -160.722 -1.68546 2
      vertex -160.94 -1.64207 2.4
      vertex -160.722 -1.68546 2.4
    endloop
  endfacet
  facet normal 0.195208 0.980762 0
    outer loop
      vertex -160.94 -1.64207 2.4
      vertex -160.722 -1.68546 2
      vertex -160.94 -1.64207 2
    endloop
  endfacet
  facet normal 0.0653555 0.997862 -0
    outer loop
      vertex -160.5 -1.7 2
      vertex -160.722 -1.68546 2.4
      vertex -160.5 -1.7 2.4
    endloop
  endfacet
  facet normal 0.0653555 0.997862 0
    outer loop
      vertex -160.722 -1.68546 2.4
      vertex -160.5 -1.7 2
      vertex -160.722 -1.68546 2
    endloop
  endfacet
  facet normal 0.555343 0.831621 -0
    outer loop
      vertex -161.35 -1.47224 2
      vertex -161.535 -1.3487 2.4
      vertex -161.35 -1.47224 2.4
    endloop
  endfacet
  facet normal 0.555343 0.831621 0
    outer loop
      vertex -161.535 -1.3487 2.4
      vertex -161.35 -1.47224 2
      vertex -161.535 -1.3487 2
    endloop
  endfacet
  facet normal 0.443064 0.89649 -0
    outer loop
      vertex -161.151 -1.57059 2
      vertex -161.35 -1.47224 2.4
      vertex -161.151 -1.57059 2.4
    endloop
  endfacet
  facet normal 0.443064 0.89649 0
    outer loop
      vertex -161.35 -1.47224 2.4
      vertex -161.151 -1.57059 2
      vertex -161.35 -1.47224 2
    endloop
  endfacet
  facet normal 0.947584 0.319508 0
    outer loop
      vertex -162.071 -0.650561 2.4
      vertex -162.142 -0.439992 2
      vertex -162.142 -0.439992 2.4
    endloop
  endfacet
  facet normal 0.947584 0.319508 0
    outer loop
      vertex -162.142 -0.439992 2
      vertex -162.071 -0.650561 2.4
      vertex -162.071 -0.650561 2
    endloop
  endfacet
  facet normal 0.997723 0.0674459 0
    outer loop
      vertex -162.185 -0.221894 2.4
      vertex -162.2 0 2
      vertex -162.2 0 2.4
    endloop
  endfacet
  facet normal 0.997723 0.0674459 0
    outer loop
      vertex -162.2 0 2
      vertex -162.185 -0.221894 2.4
      vertex -162.185 -0.221894 2
    endloop
  endfacet
  facet normal 0.750997 0.660306 0
    outer loop
      vertex -161.702 -1.20208 2.4
      vertex -161.849 -1.03489 2
      vertex -161.849 -1.03489 2.4
    endloop
  endfacet
  facet normal 0.750997 0.660306 0
    outer loop
      vertex -161.849 -1.03489 2
      vertex -161.702 -1.20208 2.4
      vertex -161.702 -1.20208 2
    endloop
  endfacet
  facet normal 0.832592 0.553887 0
    outer loop
      vertex -161.849 -1.03489 2.4
      vertex -161.972 -0.849999 2
      vertex -161.972 -0.849999 2.4
    endloop
  endfacet
  facet normal 0.832592 0.553887 0
    outer loop
      vertex -161.972 -0.849999 2
      vertex -161.849 -1.03489 2.4
      vertex -161.849 -1.03489 2
    endloop
  endfacet
  facet normal -0.672305 0.228399 0.704159
    outer loop
      vertex -157.46 -1.25774 4
      vertex -157.322 -0.85153 4
      vertex -158.858 -0.439992 2.4
    endloop
  endfacet
  facet normal -0.708558 -0.0463477 0.704129
    outer loop
      vertex -157.21 0 4
      vertex -157.238 0.42806 4
      vertex -158.8 0 2.4
    endloop
  endfacet
  facet normal -0.712207 0 0.701969
    outer loop
      vertex -158.815 0.221894 2.4
      vertex -157.238 0.42806 4
      vertex -157.238 0.429439 4
    endloop
  endfacet
  facet normal -0.708299 -0.0478809 0.704287
    outer loop
      vertex -157.238 0.42806 4
      vertex -158.815 0.221894 2.4
      vertex -158.8 0 2.4
    endloop
  endfacet
  facet normal -0.708299 0.0478809 0.704287
    outer loop
      vertex -158.815 -0.221894 2.4
      vertex -157.238 -0.42806 4
      vertex -158.8 0 2.4
    endloop
  endfacet
  facet normal -0.712207 0 0.701969
    outer loop
      vertex -157.238 -0.42806 4
      vertex -158.815 -0.221894 2.4
      vertex -157.238 -0.429439 4
    endloop
  endfacet
  facet normal 0.708299 0.0478809 0.704287
    outer loop
      vertex -163.762 -0.42806 4
      vertex -162.185 -0.221894 2.4
      vertex -162.2 0 2.4
    endloop
  endfacet
  facet normal 0.712207 0 0.701969
    outer loop
      vertex -162.185 -0.221894 2.4
      vertex -163.762 -0.42806 4
      vertex -163.762 -0.429439 4
    endloop
  endfacet
  facet normal 0.0636083 -0.706758 0.70459
    outer loop
      vertex -160.722 1.68546 2.4
      vertex -160.928 3.26201 4
      vertex -160.929 3.26192 4
    endloop
  endfacet
  facet normal 0.0464066 -0.708546 0.704137
    outer loop
      vertex -160.928 3.26201 4
      vertex -160.722 1.68546 2.4
      vertex -160.5 1.7 2.4
    endloop
  endfacet
  facet normal -0.0636083 0.706758 0.70459
    outer loop
      vertex -160.278 -1.68546 2.4
      vertex -160.072 -3.26201 4
      vertex -160.071 -3.26192 4
    endloop
  endfacet
  facet normal -0.0464066 0.708546 0.704137
    outer loop
      vertex -160.072 -3.26201 4
      vertex -160.278 -1.68546 2.4
      vertex -160.5 -1.7 2.4
    endloop
  endfacet
  facet normal 0.59104 -0.393194 0.704322
    outer loop
      vertex -163.349 1.64618 4
      vertex -161.972 0.849999 2.4
      vertex -161.849 1.03489 2.4
    endloop
  endfacet
  facet normal 0.757951 0 0.652312
    outer loop
      vertex -161.972 0.849999 2.4
      vertex -163.349 1.64618 4
      vertex -163.349 1.64503 4
    endloop
  endfacet
  facet normal -0.533263 0.468866 0.704127
    outer loop
      vertex -159.298 -1.20208 2.4
      vertex -158.173 -2.32539 4
      vertex -159.151 -1.03489 2.4
    endloop
  endfacet
  facet normal -0.511379 0.491711 0.704778
    outer loop
      vertex -158.173 -2.32539 4
      vertex -159.298 -1.20208 2.4
      vertex -158.174 -2.32643 4
    endloop
  endfacet
  facet normal -0.708558 0.0463477 0.704129
    outer loop
      vertex -157.238 -0.42806 4
      vertex -157.21 0 4
      vertex -158.8 0 2.4
    endloop
  endfacet
  facet normal 0.394336 0.590515 0.704125
    outer loop
      vertex -162.146 -2.84851 4
      vertex -161.35 -1.47224 2.4
      vertex -161.535 -1.3487 2.4
    endloop
  endfacet
  facet normal 0.434636 0.564463 0.701765
    outer loop
      vertex -161.35 -1.47224 2.4
      vertex -162.146 -2.84851 4
      vertex -162.145 -2.84928 4
    endloop
  endfacet
  facet normal 0.138439 0.696415 0.704159
    outer loop
      vertex -160.931 -3.26165 4
      vertex -160.94 -1.64207 2.4
      vertex -161.352 -3.17796 4
    endloop
  endfacet
  facet normal -0.313896 -0.636957 0.704099
    outer loop
      vertex -158.856 2.84989 4
      vertex -159.241 3.03962 4
      vertex -159.849 1.57059 2.4
    endloop
  endfacet
  facet normal 0.696278 -0.139012 0.704182
    outer loop
      vertex -162.142 0.439992 2.4
      vertex -163.678 0.85153 4
      vertex -163.762 0.430793 4
    endloop
  endfacet
  facet normal -0.672981 0.226917 0.703993
    outer loop
      vertex -158.929 -0.650561 2.4
      vertex -157.46 -1.25774 4
      vertex -158.858 -0.439992 2.4
    endloop
  endfacet
  facet normal -0.736619 0 0.676308
    outer loop
      vertex -157.46 -1.25774 4
      vertex -158.929 -0.650561 2.4
      vertex -157.46 -1.25905 4
    endloop
  endfacet
  facet normal -0.636675 0.314416 0.704122
    outer loop
      vertex -157.65 -1.64379 4
      vertex -157.46 -1.25905 4
      vertex -158.929 -0.650561 2.4
    endloop
  endfacet
  facet normal -0.477689 0.524933 0.704457
    outer loop
      vertex -159.298 -1.20208 2.4
      vertex -158.175 -2.32734 4
      vertex -158.174 -2.32643 4
    endloop
  endfacet
  facet normal -0.468494 0.533614 0.704109
    outer loop
      vertex -158.175 -2.32734 4
      vertex -159.298 -1.20208 2.4
      vertex -159.465 -1.3487 2.4
    endloop
  endfacet
  facet normal -0.138439 0.696415 0.704159
    outer loop
      vertex -159.648 -3.17796 4
      vertex -160.06 -1.64207 2.4
      vertex -160.069 -3.26165 4
    endloop
  endfacet
  facet normal -0.313896 0.636957 0.704099
    outer loop
      vertex -159.241 -3.03962 4
      vertex -158.856 -2.84989 4
      vertex -159.849 -1.57059 2.4
    endloop
  endfacet
  facet normal 0.672981 0.226917 0.703993
    outer loop
      vertex -163.54 -1.25774 4
      vertex -162.071 -0.650561 2.4
      vertex -162.142 -0.439992 2.4
    endloop
  endfacet
  facet normal 0.736619 0 0.676308
    outer loop
      vertex -162.071 -0.650561 2.4
      vertex -163.54 -1.25774 4
      vertex -163.54 -1.25905 4
    endloop
  endfacet
  facet normal 0.533263 0.468866 0.704127
    outer loop
      vertex -162.827 -2.32539 4
      vertex -161.702 -1.20208 2.4
      vertex -161.849 -1.03489 2.4
    endloop
  endfacet
  facet normal 0.511379 0.491711 0.704778
    outer loop
      vertex -161.702 -1.20208 2.4
      vertex -162.827 -2.32539 4
      vertex -162.826 -2.32643 4
    endloop
  endfacet
  facet normal 0.228338 0.672313 0.704171
    outer loop
      vertex -161.352 -3.17796 4
      vertex -160.94 -1.64207 2.4
      vertex -161.758 -3.04007 4
    endloop
  endfacet
  facet normal 0.314585 0.636526 0.704181
    outer loop
      vertex -161.35 -1.47224 2.4
      vertex -162.144 -2.84989 4
      vertex -161.151 -1.57059 2.4
    endloop
  endfacet
  facet normal 0.369432 0.605627 0.704795
    outer loop
      vertex -162.144 -2.84989 4
      vertex -161.35 -1.47224 2.4
      vertex -162.145 -2.84928 4
    endloop
  endfacet
  facet normal 0.0464066 0.708546 0.704137
    outer loop
      vertex -160.722 -1.68546 2.4
      vertex -160.928 -3.26201 4
      vertex -160.5 -1.7 2.4
    endloop
  endfacet
  facet normal 0.0636083 0.706758 0.70459
    outer loop
      vertex -160.928 -3.26201 4
      vertex -160.722 -1.68546 2.4
      vertex -160.929 -3.26192 4
    endloop
  endfacet
  facet normal -0.757951 0 0.652312
    outer loop
      vertex -157.651 1.64618 4
      vertex -159.028 0.849999 2.4
      vertex -157.651 1.64503 4
    endloop
  endfacet
  facet normal -0.59104 -0.393194 0.704322
    outer loop
      vertex -159.028 0.849999 2.4
      vertex -157.651 1.64618 4
      vertex -159.151 1.03489 2.4
    endloop
  endfacet
  facet normal 0.227836 -0.672542 0.704115
    outer loop
      vertex -161.758 3.04007 4
      vertex -161.151 1.57059 2.4
      vertex -160.94 1.64207 2.4
    endloop
  endfacet
  facet normal 0.291158 -0.647018 0.704695
    outer loop
      vertex -161.151 1.57059 2.4
      vertex -161.758 3.04007 4
      vertex -161.759 3.03962 4
    endloop
  endfacet
  facet normal 0.468494 -0.533614 0.704109
    outer loop
      vertex -162.825 2.32734 4
      vertex -161.702 1.20208 2.4
      vertex -161.535 1.3487 2.4
    endloop
  endfacet
  facet normal 0.477689 -0.524933 0.704457
    outer loop
      vertex -161.702 1.20208 2.4
      vertex -162.825 2.32734 4
      vertex -162.826 2.32643 4
    endloop
  endfacet
  facet normal 0.672305 -0.228399 0.704159
    outer loop
      vertex -162.142 0.439992 2.4
      vertex -163.54 1.25774 4
      vertex -163.678 0.85153 4
    endloop
  endfacet
  facet normal 0.555439 -0.447935 0.700601
    outer loop
      vertex -163.35 1.64379 4
      vertex -161.972 0.849999 2.4
      vertex -163.349 1.64503 4
    endloop
  endfacet
  facet normal 0.635897 -0.315656 0.70427
    outer loop
      vertex -161.972 0.849999 2.4
      vertex -163.35 1.64379 4
      vertex -162.071 0.650561 2.4
    endloop
  endfacet
  facet normal 0.712207 -0 0.701969
    outer loop
      vertex -163.762 0.42806 4
      vertex -162.185 0.221894 2.4
      vertex -163.762 0.429439 4
    endloop
  endfacet
  facet normal 0.708299 -0.0478809 0.704287
    outer loop
      vertex -162.185 0.221894 2.4
      vertex -163.762 0.42806 4
      vertex -162.2 0 2.4
    endloop
  endfacet
  facet normal -0.712207 0 0.701969
    outer loop
      vertex -158.815 -0.221894 2.4
      vertex -157.238 -0.430793 4
      vertex -157.238 -0.429439 4
    endloop
  endfacet
  facet normal -0.69644 0.137309 0.704356
    outer loop
      vertex -157.238 -0.430793 4
      vertex -158.815 -0.221894 2.4
      vertex -158.858 -0.439992 2.4
    endloop
  endfacet
  facet normal -0.696278 0.139012 0.704182
    outer loop
      vertex -157.322 -0.85153 4
      vertex -157.238 -0.430793 4
      vertex -158.858 -0.439992 2.4
    endloop
  endfacet
  facet normal -0.138609 0.696399 0.704142
    outer loop
      vertex -160.278 -1.68546 2.4
      vertex -160.069 -3.26165 4
      vertex -160.06 -1.64207 2.4
    endloop
  endfacet
  facet normal -0.0948979 0.702947 0.704883
    outer loop
      vertex -160.069 -3.26165 4
      vertex -160.278 -1.68546 2.4
      vertex -160.071 -3.26192 4
    endloop
  endfacet
  facet normal -0.228338 0.672313 0.704171
    outer loop
      vertex -159.648 -3.17796 4
      vertex -159.242 -3.04007 4
      vertex -160.06 -1.64207 2.4
    endloop
  endfacet
  facet normal -0.291158 0.647018 0.704695
    outer loop
      vertex -159.849 -1.57059 2.4
      vertex -159.242 -3.04007 4
      vertex -159.241 -3.03962 4
    endloop
  endfacet
  facet normal -0.227836 0.672542 0.704115
    outer loop
      vertex -159.242 -3.04007 4
      vertex -159.849 -1.57059 2.4
      vertex -160.06 -1.64207 2.4
    endloop
  endfacet
  facet normal -0.46861 0.53349 0.704126
    outer loop
      vertex -158.497 -2.61018 4
      vertex -158.175 -2.32734 4
      vertex -159.465 -1.3487 2.4
    endloop
  endfacet
  facet normal 0.69644 0.137309 0.704356
    outer loop
      vertex -162.185 -0.221894 2.4
      vertex -163.762 -0.430793 4
      vertex -162.142 -0.439992 2.4
    endloop
  endfacet
  facet normal 0.712207 -0 0.701969
    outer loop
      vertex -163.762 -0.430793 4
      vertex -162.185 -0.221894 2.4
      vertex -163.762 -0.429439 4
    endloop
  endfacet
  facet normal 0.46861 0.53349 0.704126
    outer loop
      vertex -162.503 -2.61018 4
      vertex -161.535 -1.3487 2.4
      vertex -162.825 -2.32734 4
    endloop
  endfacet
  facet normal 0.394252 0.590559 0.704134
    outer loop
      vertex -162.146 -2.84851 4
      vertex -161.535 -1.3487 2.4
      vertex -162.503 -2.61018 4
    endloop
  endfacet
  facet normal 0.227836 0.672542 0.704115
    outer loop
      vertex -161.151 -1.57059 2.4
      vertex -161.758 -3.04007 4
      vertex -160.94 -1.64207 2.4
    endloop
  endfacet
  facet normal 0.291158 0.647018 0.704695
    outer loop
      vertex -161.758 -3.04007 4
      vertex -161.151 -1.57059 2.4
      vertex -161.759 -3.03962 4
    endloop
  endfacet
  facet normal 0.313896 0.636957 0.704099
    outer loop
      vertex -161.759 -3.03962 4
      vertex -161.151 -1.57059 2.4
      vertex -162.144 -2.84989 4
    endloop
  endfacet
  facet normal 0.0948979 0.702947 0.704883
    outer loop
      vertex -160.722 -1.68546 2.4
      vertex -160.931 -3.26165 4
      vertex -160.929 -3.26192 4
    endloop
  endfacet
  facet normal 0.138609 0.696399 0.704142
    outer loop
      vertex -160.931 -3.26165 4
      vertex -160.722 -1.68546 2.4
      vertex -160.94 -1.64207 2.4
    endloop
  endfacet
  facet normal 0.046436 0.708541 0.70414
    outer loop
      vertex -160.5 -3.29006 4
      vertex -160.5 -1.7 2.4
      vertex -160.928 -3.26201 4
    endloop
  endfacet
  facet normal -0.046436 0.708541 0.70414
    outer loop
      vertex -160.072 -3.26201 4
      vertex -160.5 -1.7 2.4
      vertex -160.5 -3.29006 4
    endloop
  endfacet
  facet normal -0.0948979 -0.702947 0.704883
    outer loop
      vertex -160.278 1.68546 2.4
      vertex -160.069 3.26165 4
      vertex -160.071 3.26192 4
    endloop
  endfacet
  facet normal -0.138609 -0.696399 0.704142
    outer loop
      vertex -160.069 3.26165 4
      vertex -160.278 1.68546 2.4
      vertex -160.06 1.64207 2.4
    endloop
  endfacet
  facet normal -0.046436 -0.708541 0.70414
    outer loop
      vertex -160.072 3.26201 4
      vertex -160.5 3.29006 4
      vertex -160.5 1.7 2.4
    endloop
  endfacet
  facet normal 0.0948979 -0.702947 0.704883
    outer loop
      vertex -160.931 3.26165 4
      vertex -160.722 1.68546 2.4
      vertex -160.929 3.26192 4
    endloop
  endfacet
  facet normal 0.138609 -0.696399 0.704142
    outer loop
      vertex -160.722 1.68546 2.4
      vertex -160.931 3.26165 4
      vertex -160.94 1.64207 2.4
    endloop
  endfacet
  facet normal 0.533795 -0.468372 0.704053
    outer loop
      vertex -161.849 1.03489 2.4
      vertex -162.827 2.32539 4
      vertex -163.11 2.00286 4
    endloop
  endfacet
  facet normal 0.589928 -0.395292 0.704081
    outer loop
      vertex -161.849 1.03489 2.4
      vertex -163.11 2.00286 4
      vertex -163.349 1.64618 4
    endloop
  endfacet
  facet normal 0.736619 -0 0.676308
    outer loop
      vertex -163.54 1.25774 4
      vertex -162.071 0.650561 2.4
      vertex -163.54 1.25905 4
    endloop
  endfacet
  facet normal 0.672981 -0.226917 0.703993
    outer loop
      vertex -162.071 0.650561 2.4
      vertex -163.54 1.25774 4
      vertex -162.142 0.439992 2.4
    endloop
  endfacet
  facet normal 0.636675 -0.314416 0.704122
    outer loop
      vertex -162.071 0.650561 2.4
      vertex -163.35 1.64379 4
      vertex -163.54 1.25905 4
    endloop
  endfacet
  facet normal 0.69644 -0.137309 0.704356
    outer loop
      vertex -163.762 0.430793 4
      vertex -162.185 0.221894 2.4
      vertex -162.142 0.439992 2.4
    endloop
  endfacet
  facet normal 0.712207 0 0.701969
    outer loop
      vertex -162.185 0.221894 2.4
      vertex -163.762 0.430793 4
      vertex -163.762 0.429439 4
    endloop
  endfacet
  facet normal 0.708558 -0.0463477 0.704129
    outer loop
      vertex -162.2 0 2.4
      vertex -163.762 0.42806 4
      vertex -163.79 0 4
    endloop
  endfacet
  facet normal 0.708558 0.0463477 0.704129
    outer loop
      vertex -163.762 -0.42806 4
      vertex -162.2 0 2.4
      vertex -163.79 0 4
    endloop
  endfacet
  facet normal -0.589928 0.395292 0.704081
    outer loop
      vertex -157.89 -2.00286 4
      vertex -157.651 -1.64618 4
      vertex -159.151 -1.03489 2.4
    endloop
  endfacet
  facet normal -0.533795 0.468372 0.704053
    outer loop
      vertex -158.173 -2.32539 4
      vertex -157.89 -2.00286 4
      vertex -159.151 -1.03489 2.4
    endloop
  endfacet
  facet normal -0.394252 0.590559 0.704134
    outer loop
      vertex -158.854 -2.84851 4
      vertex -158.497 -2.61018 4
      vertex -159.465 -1.3487 2.4
    endloop
  endfacet
  facet normal 0.696278 0.139012 0.704182
    outer loop
      vertex -163.678 -0.85153 4
      vertex -162.142 -0.439992 2.4
      vertex -163.762 -0.430793 4
    endloop
  endfacet
  facet normal 0.672305 0.228399 0.704159
    outer loop
      vertex -163.54 -1.25774 4
      vertex -162.142 -0.439992 2.4
      vertex -163.678 -0.85153 4
    endloop
  endfacet
  facet normal 0.636675 0.314416 0.704122
    outer loop
      vertex -163.35 -1.64379 4
      vertex -162.071 -0.650561 2.4
      vertex -163.54 -1.25905 4
    endloop
  endfacet
  facet normal 0.589928 0.395292 0.704081
    outer loop
      vertex -163.11 -2.00286 4
      vertex -161.849 -1.03489 2.4
      vertex -163.349 -1.64618 4
    endloop
  endfacet
  facet normal 0.533795 0.468372 0.704053
    outer loop
      vertex -162.827 -2.32539 4
      vertex -161.849 -1.03489 2.4
      vertex -163.11 -2.00286 4
    endloop
  endfacet
  facet normal 0.468494 0.533614 0.704109
    outer loop
      vertex -161.702 -1.20208 2.4
      vertex -162.825 -2.32734 4
      vertex -161.535 -1.3487 2.4
    endloop
  endfacet
  facet normal 0.477689 0.524933 0.704457
    outer loop
      vertex -162.825 -2.32734 4
      vertex -161.702 -1.20208 2.4
      vertex -162.826 -2.32643 4
    endloop
  endfacet
  facet normal -0.46861 -0.53349 0.704126
    outer loop
      vertex -158.175 2.32734 4
      vertex -158.497 2.61018 4
      vertex -159.465 1.3487 2.4
    endloop
  endfacet
  facet normal -0.696278 -0.139012 0.704182
    outer loop
      vertex -157.238 0.430793 4
      vertex -157.322 0.85153 4
      vertex -158.858 0.439992 2.4
    endloop
  endfacet
  facet normal -0.555439 -0.447935 0.700601
    outer loop
      vertex -159.028 0.849999 2.4
      vertex -157.65 1.64379 4
      vertex -157.651 1.64503 4
    endloop
  endfacet
  facet normal -0.635897 -0.315656 0.70427
    outer loop
      vertex -157.65 1.64379 4
      vertex -159.028 0.849999 2.4
      vertex -158.929 0.650561 2.4
    endloop
  endfacet
  facet normal -0.138439 -0.696415 0.704159
    outer loop
      vertex -160.06 1.64207 2.4
      vertex -159.648 3.17796 4
      vertex -160.069 3.26165 4
    endloop
  endfacet
  facet normal -0.228338 -0.672313 0.704171
    outer loop
      vertex -159.242 3.04007 4
      vertex -159.648 3.17796 4
      vertex -160.06 1.64207 2.4
    endloop
  endfacet
  facet normal -0.394252 -0.590559 0.704134
    outer loop
      vertex -158.497 2.61018 4
      vertex -158.854 2.84851 4
      vertex -159.465 1.3487 2.4
    endloop
  endfacet
  facet normal -0.434636 -0.564463 0.701765
    outer loop
      vertex -159.65 1.47224 2.4
      vertex -158.854 2.84851 4
      vertex -158.855 2.84928 4
    endloop
  endfacet
  facet normal -0.394336 -0.590515 0.704125
    outer loop
      vertex -158.854 2.84851 4
      vertex -159.65 1.47224 2.4
      vertex -159.465 1.3487 2.4
    endloop
  endfacet
  facet normal 0.046436 -0.708541 0.70414
    outer loop
      vertex -160.5 1.7 2.4
      vertex -160.5 3.29006 4
      vertex -160.928 3.26201 4
    endloop
  endfacet
  facet normal 0.138439 -0.696415 0.704159
    outer loop
      vertex -160.94 1.64207 2.4
      vertex -160.931 3.26165 4
      vertex -161.352 3.17796 4
    endloop
  endfacet
  facet normal 0.228338 -0.672313 0.704171
    outer loop
      vertex -160.94 1.64207 2.4
      vertex -161.352 3.17796 4
      vertex -161.758 3.04007 4
    endloop
  endfacet
  facet normal 0.313896 -0.636957 0.704099
    outer loop
      vertex -161.151 1.57059 2.4
      vertex -161.759 3.03962 4
      vertex -162.144 2.84989 4
    endloop
  endfacet
  facet normal 0.394252 -0.590559 0.704134
    outer loop
      vertex -161.535 1.3487 2.4
      vertex -162.146 2.84851 4
      vertex -162.503 2.61018 4
    endloop
  endfacet
  facet normal 0.46861 -0.53349 0.704126
    outer loop
      vertex -161.535 1.3487 2.4
      vertex -162.503 2.61018 4
      vertex -162.825 2.32734 4
    endloop
  endfacet
  facet normal 0.511379 -0.491711 0.704778
    outer loop
      vertex -162.827 2.32539 4
      vertex -161.702 1.20208 2.4
      vertex -162.826 2.32643 4
    endloop
  endfacet
  facet normal 0.533263 -0.468866 0.704127
    outer loop
      vertex -161.702 1.20208 2.4
      vertex -162.827 2.32539 4
      vertex -161.849 1.03489 2.4
    endloop
  endfacet
  facet normal -0.635897 0.315656 0.70427
    outer loop
      vertex -159.028 -0.849999 2.4
      vertex -157.65 -1.64379 4
      vertex -158.929 -0.650561 2.4
    endloop
  endfacet
  facet normal -0.555439 0.447935 0.700601
    outer loop
      vertex -157.65 -1.64379 4
      vertex -159.028 -0.849999 2.4
      vertex -157.651 -1.64503 4
    endloop
  endfacet
  facet normal -0.757951 0 0.652312
    outer loop
      vertex -159.028 -0.849999 2.4
      vertex -157.651 -1.64618 4
      vertex -157.651 -1.64503 4
    endloop
  endfacet
  facet normal -0.59104 0.393194 0.704322
    outer loop
      vertex -157.651 -1.64618 4
      vertex -159.028 -0.849999 2.4
      vertex -159.151 -1.03489 2.4
    endloop
  endfacet
  facet normal -0.394336 0.590515 0.704125
    outer loop
      vertex -159.65 -1.47224 2.4
      vertex -158.854 -2.84851 4
      vertex -159.465 -1.3487 2.4
    endloop
  endfacet
  facet normal -0.434636 0.564463 0.701765
    outer loop
      vertex -158.854 -2.84851 4
      vertex -159.65 -1.47224 2.4
      vertex -158.855 -2.84928 4
    endloop
  endfacet
  facet normal -0.369432 0.605627 0.704795
    outer loop
      vertex -159.65 -1.47224 2.4
      vertex -158.856 -2.84989 4
      vertex -158.855 -2.84928 4
    endloop
  endfacet
  facet normal -0.314585 0.636526 0.704181
    outer loop
      vertex -158.856 -2.84989 4
      vertex -159.65 -1.47224 2.4
      vertex -159.849 -1.57059 2.4
    endloop
  endfacet
  facet normal 0.59104 0.393194 0.704322
    outer loop
      vertex -161.972 -0.849999 2.4
      vertex -163.349 -1.64618 4
      vertex -161.849 -1.03489 2.4
    endloop
  endfacet
  facet normal 0.757951 -0 0.652312
    outer loop
      vertex -163.349 -1.64618 4
      vertex -161.972 -0.849999 2.4
      vertex -163.349 -1.64503 4
    endloop
  endfacet
  facet normal 0.635897 0.315656 0.70427
    outer loop
      vertex -163.35 -1.64379 4
      vertex -161.972 -0.849999 2.4
      vertex -162.071 -0.650561 2.4
    endloop
  endfacet
  facet normal 0.555439 0.447935 0.700601
    outer loop
      vertex -161.972 -0.849999 2.4
      vertex -163.35 -1.64379 4
      vertex -163.349 -1.64503 4
    endloop
  endfacet
  facet normal -0.672305 -0.228399 0.704159
    outer loop
      vertex -157.322 0.85153 4
      vertex -157.46 1.25774 4
      vertex -158.858 0.439992 2.4
    endloop
  endfacet
  facet normal -0.291158 -0.647018 0.704695
    outer loop
      vertex -159.242 3.04007 4
      vertex -159.849 1.57059 2.4
      vertex -159.241 3.03962 4
    endloop
  endfacet
  facet normal -0.227836 -0.672542 0.704115
    outer loop
      vertex -159.849 1.57059 2.4
      vertex -159.242 3.04007 4
      vertex -160.06 1.64207 2.4
    endloop
  endfacet
  facet normal -0.0464066 -0.708546 0.704137
    outer loop
      vertex -160.278 1.68546 2.4
      vertex -160.072 3.26201 4
      vertex -160.5 1.7 2.4
    endloop
  endfacet
  facet normal -0.0636083 -0.706758 0.70459
    outer loop
      vertex -160.072 3.26201 4
      vertex -160.278 1.68546 2.4
      vertex -160.071 3.26192 4
    endloop
  endfacet
  facet normal 0.434636 -0.564463 0.701765
    outer loop
      vertex -162.146 2.84851 4
      vertex -161.35 1.47224 2.4
      vertex -162.145 2.84928 4
    endloop
  endfacet
  facet normal 0.394336 -0.590515 0.704125
    outer loop
      vertex -161.35 1.47224 2.4
      vertex -162.146 2.84851 4
      vertex -161.535 1.3487 2.4
    endloop
  endfacet
  facet normal 0.314585 -0.636526 0.704181
    outer loop
      vertex -162.144 2.84989 4
      vertex -161.35 1.47224 2.4
      vertex -161.151 1.57059 2.4
    endloop
  endfacet
  facet normal 0.369432 -0.605627 0.704795
    outer loop
      vertex -161.35 1.47224 2.4
      vertex -162.144 2.84989 4
      vertex -162.145 2.84928 4
    endloop
  endfacet
  facet normal -0.533795 -0.468372 0.704053
    outer loop
      vertex -157.89 2.00286 4
      vertex -158.173 2.32539 4
      vertex -159.151 1.03489 2.4
    endloop
  endfacet
  facet normal -0.589928 -0.395292 0.704081
    outer loop
      vertex -157.651 1.64618 4
      vertex -157.89 2.00286 4
      vertex -159.151 1.03489 2.4
    endloop
  endfacet
  facet normal -0.712207 0 0.701969
    outer loop
      vertex -157.238 0.430793 4
      vertex -158.815 0.221894 2.4
      vertex -157.238 0.429439 4
    endloop
  endfacet
  facet normal -0.69644 -0.137309 0.704356
    outer loop
      vertex -158.815 0.221894 2.4
      vertex -157.238 0.430793 4
      vertex -158.858 0.439992 2.4
    endloop
  endfacet
  facet normal -0.369432 -0.605627 0.704795
    outer loop
      vertex -158.856 2.84989 4
      vertex -159.65 1.47224 2.4
      vertex -158.855 2.84928 4
    endloop
  endfacet
  facet normal -0.314585 -0.636526 0.704181
    outer loop
      vertex -159.65 1.47224 2.4
      vertex -158.856 2.84989 4
      vertex -159.849 1.57059 2.4
    endloop
  endfacet
  facet normal -0.477689 -0.524933 0.704457
    outer loop
      vertex -158.175 2.32734 4
      vertex -159.298 1.20208 2.4
      vertex -158.174 2.32643 4
    endloop
  endfacet
  facet normal -0.468494 -0.533614 0.704109
    outer loop
      vertex -159.298 1.20208 2.4
      vertex -158.175 2.32734 4
      vertex -159.465 1.3487 2.4
    endloop
  endfacet
  facet normal -0.511379 -0.491711 0.704778
    outer loop
      vertex -159.298 1.20208 2.4
      vertex -158.173 2.32539 4
      vertex -158.174 2.32643 4
    endloop
  endfacet
  facet normal -0.533263 -0.468866 0.704127
    outer loop
      vertex -158.173 2.32539 4
      vertex -159.298 1.20208 2.4
      vertex -159.151 1.03489 2.4
    endloop
  endfacet
  facet normal -0.636675 -0.314416 0.704122
    outer loop
      vertex -157.46 1.25905 4
      vertex -157.65 1.64379 4
      vertex -158.929 0.650561 2.4
    endloop
  endfacet
  facet normal -0.736619 0 0.676308
    outer loop
      vertex -158.929 0.650561 2.4
      vertex -157.46 1.25774 4
      vertex -157.46 1.25905 4
    endloop
  endfacet
  facet normal -0.672981 -0.226917 0.703993
    outer loop
      vertex -157.46 1.25774 4
      vertex -158.929 0.650561 2.4
      vertex -158.858 0.439992 2.4
    endloop
  endfacet
  facet normal 0.0585 -0.892895 0.446448
    outer loop
      vertex -108.087 68.7943 0
      vertex -108 70.8 4
      vertex -108.435 70.7715 4
    endloop
  endfacet
  facet normal 0.0585 -0.892895 0.446448
    outer loop
      vertex -108 70.8 4
      vertex -108.087 68.7943 0
      vertex -108 68.8 0
    endloop
  endfacet
  facet normal 0.879359 -0.164366 0.446891
    outer loop
      vertex -111.47 67.7568 4
      vertex -109.466 67.6027 0
      vertex -111.466 67.7782 4
    endloop
  endfacet
  facet normal 0.877993 -0.172478 0.446519
    outer loop
      vertex -109.466 67.6027 0
      vertex -111.47 67.7568 4
      vertex -109.487 67.4958 0
    endloop
  endfacet
  facet normal 0 -0.894427 0.447214
    outer loop
      vertex -108 70.8 4
      vertex -10 69.8 2
      vertex -10 70.8 4
    endloop
  endfacet
  facet normal 0 -0.894427 0.447214
    outer loop
      vertex -108 68.8 0
      vertex -10 69.8 2
      vertex -108 70.8 4
    endloop
  endfacet
  facet normal 0 -0.894427 0.447214
    outer loop
      vertex 10 68.8 0
      vertex -10 69.8 2
      vertex -108 68.8 0
    endloop
  endfacet
  facet normal 0 -0.894427 0.447214
    outer loop
      vertex -10 69.8 2
      vertex 10 68.8 0
      vertex 10 69.8 2
    endloop
  endfacet
  facet normal 0.174501 -0.877629 0.446449
    outer loop
      vertex -108.388 68.7489 0
      vertex -108.478 70.7658 4
      vertex -108.906 70.6807 4
    endloop
  endfacet
  facet normal 0.175493 -0.877463 0.446387
    outer loop
      vertex -108.478 70.7658 4
      vertex -108.388 68.7489 0
      vertex -108.303 68.7659 0
    endloop
  endfacet
  facet normal 0.589824 -0.672912 0.446428
    outer loop
      vertex -109.061 68.3606 0
      vertex -110.147 70.0624 4
      vertex -110.475 69.7749 4
    endloop
  endfacet
  facet normal 0.587741 -0.674624 0.44659
    outer loop
      vertex -110.147 70.0624 4
      vertex -109.061 68.3606 0
      vertex -108.995 68.4181 0
    endloop
  endfacet
  facet normal 0.0608664 -0.892707 0.446509
    outer loop
      vertex -108.196 68.7871 0
      vertex -108.435 70.7715 4
      vertex -108.457 70.77 4
    endloop
  endfacet
  facet normal 0.0589775 -0.892854 0.446469
    outer loop
      vertex -108.435 70.7715 4
      vertex -108.196 68.7871 0
      vertex -108.087 68.7943 0
    endloop
  endfacet
  facet normal 0.287452 -0.847378 0.446455
    outer loop
      vertex -108.471 68.7208 0
      vertex -108.906 70.6807 4
      vertex -109.319 70.5406 4
    endloop
  endfacet
  facet normal 0.286938 -0.84754 0.446478
    outer loop
      vertex -108.906 70.6807 4
      vertex -108.471 68.7208 0
      vertex -108.388 68.7489 0
    endloop
  endfacet
  facet normal 0.29557 -0.844484 0.446637
    outer loop
      vertex -108.574 68.6858 0
      vertex -109.319 70.5406 4
      vertex -109.339 70.5336 4
    endloop
  endfacet
  facet normal 0.28789 -0.847219 0.446475
    outer loop
      vertex -109.319 70.5406 4
      vertex -108.574 68.6858 0
      vertex -108.471 68.7208 0
    endloop
  endfacet
  facet normal 0.802425 -0.395981 0.446445
    outer loop
      vertex -111.224 68.6589 4
      vertex -109.299 68.05 0
      vertex -111.031 69.05 4
    endloop
  endfacet
  facet normal 0.800857 -0.399404 0.446212
    outer loop
      vertex -109.299 68.05 0
      vertex -111.224 68.6589 4
      vertex -109.338 67.9718 0
    endloop
  endfacet
  facet normal 0.175493 -0.877463 0.446387
    outer loop
      vertex -108.303 68.7659 0
      vertex -108.457 70.77 4
      vertex -108.478 70.7658 4
    endloop
  endfacet
  facet normal 0.173907 -0.877739 0.446465
    outer loop
      vertex -108.457 70.77 4
      vertex -108.303 68.7659 0
      vertex -108.196 68.7871 0
    endloop
  endfacet
  facet normal 0.744235 -0.496841 0.446389
    outer loop
      vertex -111.031 69.05 4
      vertex -109.251 68.1225 0
      vertex -110.789 69.4125 4
    endloop
  endfacet
  facet normal 0.74607 -0.49395 0.446536
    outer loop
      vertex -109.251 68.1225 0
      vertex -111.031 69.05 4
      vertex -109.299 68.05 0
    endloop
  endfacet
  facet normal 0.39573 -0.802544 0.446454
    outer loop
      vertex -108.75 68.599 0
      vertex -109.359 70.5239 4
      vertex -109.75 70.3311 4
    endloop
  endfacet
  facet normal 0.396893 -0.802013 0.446376
    outer loop
      vertex -109.359 70.5239 4
      vertex -108.75 68.599 0
      vertex -108.672 68.6376 0
    endloop
  endfacet
  facet normal 0.67334 -0.589352 0.446406
    outer loop
      vertex -110.762 69.447 4
      vertex -109.061 68.3606 0
      vertex -110.475 69.7749 4
    endloop
  endfacet
  facet normal 0.674964 -0.587374 0.446559
    outer loop
      vertex -109.061 68.3606 0
      vertex -110.762 69.447 4
      vertex -109.118 68.2951 0
    endloop
  endfacet
  facet normal 0.892824 -0.0595079 0.446457
    outer loop
      vertex -111.5 67.3 4
      vertex -109.494 67.387 0
      vertex -111.471 67.7351 4
    endloop
  endfacet
  facet normal 0.89273 -0.0615676 0.446365
    outer loop
      vertex -109.494 67.387 0
      vertex -111.5 67.3 4
      vertex -109.5 67.3 0
    endloop
  endfacet
  facet normal 0.499173 -0.742571 0.446558
    outer loop
      vertex -108.913 68.49 0
      vertex -110.113 70.0888 4
      vertex -110.131 70.0767 4
    endloop
  endfacet
  facet normal 0.499737 -0.742184 0.446572
    outer loop
      vertex -110.113 70.0888 4
      vertex -108.913 68.49 0
      vertex -108.823 68.5506 0
    endloop
  endfacet
  facet normal 0.496785 -0.744256 0.446417
    outer loop
      vertex -108.823 68.5506 0
      vertex -109.75 70.3311 4
      vertex -110.113 70.0888 4
    endloop
  endfacet
  facet normal 0.494439 -0.745745 0.446536
    outer loop
      vertex -109.75 70.3311 4
      vertex -108.823 68.5506 0
      vertex -108.75 68.599 0
    endloop
  endfacet
  facet normal 0.39043 -0.805011 0.446679
    outer loop
      vertex -108.672 68.6376 0
      vertex -109.339 70.5336 4
      vertex -109.359 70.5239 4
    endloop
  endfacet
  facet normal 0.394918 -0.802946 0.446449
    outer loop
      vertex -109.339 70.5336 4
      vertex -108.672 68.6376 0
      vertex -108.574 68.6858 0
    endloop
  endfacet
  facet normal 0.796535 -0.408479 0.445733
    outer loop
      vertex -111.234 68.6394 4
      vertex -109.338 67.9718 0
      vertex -111.224 68.6589 4
    endloop
  endfacet
  facet normal 0.803239 -0.394228 0.446532
    outer loop
      vertex -109.338 67.9718 0
      vertex -111.234 68.6394 4
      vertex -109.386 67.874 0
    endloop
  endfacet
  facet normal 0.660622 -0.604228 0.445518
    outer loop
      vertex -110.777 69.4306 4
      vertex -109.118 68.2951 0
      vertex -110.762 69.447 4
    endloop
  endfacet
  facet normal 0.672388 -0.590389 0.44647
    outer loop
      vertex -109.118 68.2951 0
      vertex -110.777 69.4306 4
      vertex -109.19 68.2131 0
    endloop
  endfacet
  facet normal 0.877634 -0.174419 0.446471
    outer loop
      vertex -111.466 67.7782 4
      vertex -109.449 67.6882 0
      vertex -111.381 68.2059 4
    endloop
  endfacet
  facet normal 0.877621 -0.174498 0.446466
    outer loop
      vertex -109.449 67.6882 0
      vertex -111.466 67.7782 4
      vertex -109.466 67.6027 0
    endloop
  endfacet
  facet normal 0.847386 -0.287389 0.44648
    outer loop
      vertex -111.381 68.2059 4
      vertex -109.421 67.7708 0
      vertex -111.241 68.6187 4
    endloop
  endfacet
  facet normal 0.847426 -0.287263 0.446486
    outer loop
      vertex -109.421 67.7708 0
      vertex -111.381 68.2059 4
      vertex -109.449 67.6882 0
    endloop
  endfacet
  facet normal 0.894427 0 0.447214
    outer loop
      vertex -111.5 67.3 4
      vertex -110.5 10 2
      vertex -109.5 67.3 0
    endloop
  endfacet
  facet normal 0.894427 -0 0.447214
    outer loop
      vertex -111.5 -10 4
      vertex -110.5 10 2
      vertex -111.5 67.3 4
    endloop
  endfacet
  facet normal 0.894427 0 0.447214
    outer loop
      vertex -110.5 10 2
      vertex -111.5 -10 4
      vertex -110.5 -10 2
    endloop
  endfacet
  facet normal 0.894427 0 0.447214
    outer loop
      vertex -109.5 67.3 0
      vertex -110.5 10 2
      vertex -109.5 10 0
    endloop
  endfacet
  facet normal 0.59641 -0.667312 0.446082
    outer loop
      vertex -108.995 68.4181 0
      vertex -110.131 70.0767 4
      vertex -110.147 70.0624 4
    endloop
  endfacet
  facet normal 0.589914 -0.672781 0.446504
    outer loop
      vertex -110.131 70.0767 4
      vertex -108.995 68.4181 0
      vertex -108.913 68.49 0
    endloop
  endfacet
  facet normal 0.745811 -0.49446 0.446402
    outer loop
      vertex -110.789 69.4125 4
      vertex -109.19 68.2131 0
      vertex -110.777 69.4306 4
    endloop
  endfacet
  facet normal 0.742212 -0.499723 0.446541
    outer loop
      vertex -109.19 68.2131 0
      vertex -110.789 69.4125 4
      vertex -109.251 68.1225 0
    endloop
  endfacet
  facet normal 0.847648 -0.286644 0.446463
    outer loop
      vertex -111.241 68.6187 4
      vertex -109.386 67.874 0
      vertex -111.234 68.6394 4
    endloop
  endfacet
  facet normal 0.847386 -0.287389 0.44648
    outer loop
      vertex -109.386 67.874 0
      vertex -111.241 68.6187 4
      vertex -109.421 67.7708 0
    endloop
  endfacet
  facet normal 0.894112 -0.0412033 0.445944
    outer loop
      vertex -111.471 67.7351 4
      vertex -109.487 67.4958 0
      vertex -111.47 67.7568 4
    endloop
  endfacet
  facet normal 0.893004 -0.0574543 0.446367
    outer loop
      vertex -109.487 67.4958 0
      vertex -111.471 67.7351 4
      vertex -109.494 67.387 0
    endloop
  endfacet
  facet normal 0 0 -1
    outer loop
      vertex -110.5 -10 2
      vertex -158.8 0 2
      vertex -110.5 10 2
    endloop
  endfacet
  facet normal 0 0 -1
    outer loop
      vertex -110.5 -10 2
      vertex -158.815 -0.221894 2
      vertex -158.8 0 2
    endloop
  endfacet
  facet normal 0 0 -1
    outer loop
      vertex -110.5 -10 2
      vertex -158.858 -0.439992 2
      vertex -158.815 -0.221894 2
    endloop
  endfacet
  facet normal 0 0 -1
    outer loop
      vertex -110.5 -10 2
      vertex -158.929 -0.650561 2
      vertex -158.858 -0.439992 2
    endloop
  endfacet
  facet normal 0 0 -1
    outer loop
      vertex -110.5 -10 2
      vertex -159.028 -0.849999 2
      vertex -158.929 -0.650561 2
    endloop
  endfacet
  facet normal 0 0 -1
    outer loop
      vertex -110.5 -10 2
      vertex -159.151 -1.03489 2
      vertex -159.028 -0.849999 2
    endloop
  endfacet
  facet normal 0 0 -1
    outer loop
      vertex -110.5 -10 2
      vertex -159.298 -1.20208 2
      vertex -159.151 -1.03489 2
    endloop
  endfacet
  facet normal 0 0 -1
    outer loop
      vertex -110.5 -10 2
      vertex -159.465 -1.3487 2
      vertex -159.298 -1.20208 2
    endloop
  endfacet
  facet normal 0 0 -1
    outer loop
      vertex -110.5 -10 2
      vertex -159.65 -1.47224 2
      vertex -159.465 -1.3487 2
    endloop
  endfacet
  facet normal 0 0 -1
    outer loop
      vertex -110.5 -10 2
      vertex -159.849 -1.57059 2
      vertex -159.65 -1.47224 2
    endloop
  endfacet
  facet normal 0 0 -1
    outer loop
      vertex -110.5 -10 2
      vertex -160.06 -1.64207 2
      vertex -159.849 -1.57059 2
    endloop
  endfacet
  facet normal 0 0 -1
    outer loop
      vertex -110.5 -10 2
      vertex -160.278 -1.68546 2
      vertex -160.06 -1.64207 2
    endloop
  endfacet
  facet normal 0 0 -1
    outer loop
      vertex -190.5 -10 2
      vertex -160.278 -1.68546 2
      vertex -110.5 -10 2
    endloop
  endfacet
  facet normal 0 0 -1
    outer loop
      vertex -160.278 -1.68546 2
      vertex -190.5 -10 2
      vertex -160.5 -1.7 2
    endloop
  endfacet
  facet normal 0 0 -1
    outer loop
      vertex -162.185 -0.221894 2
      vertex -182.8 0 2
      vertex -162.2 0 2
    endloop
  endfacet
  facet normal 0 0 -1
    outer loop
      vertex -182.815 -0.221894 2
      vertex -162.185 -0.221894 2
      vertex -162.142 -0.439992 2
    endloop
  endfacet
  facet normal 0 0 -1
    outer loop
      vertex -182.858 -0.439992 2
      vertex -162.142 -0.439992 2
      vertex -162.071 -0.650561 2
    endloop
  endfacet
  facet normal 0 0 -1
    outer loop
      vertex -182.929 -0.650561 2
      vertex -162.071 -0.650561 2
      vertex -161.972 -0.849999 2
    endloop
  endfacet
  facet normal 0 0 -1
    outer loop
      vertex -183.028 -0.849999 2
      vertex -161.972 -0.849999 2
      vertex -161.849 -1.03489 2
    endloop
  endfacet
  facet normal 0 0 -1
    outer loop
      vertex -183.151 -1.03489 2
      vertex -161.849 -1.03489 2
      vertex -161.702 -1.20208 2
    endloop
  endfacet
  facet normal 0 0 -1
    outer loop
      vertex -183.298 -1.20208 2
      vertex -161.702 -1.20208 2
      vertex -161.535 -1.3487 2
    endloop
  endfacet
  facet normal 0 0 -1
    outer loop
      vertex -190.5 -10 2
      vertex -161.535 -1.3487 2
      vertex -161.35 -1.47224 2
    endloop
  endfacet
  facet normal 0 0 -1
    outer loop
      vertex -190.5 -10 2
      vertex -161.35 -1.47224 2
      vertex -161.151 -1.57059 2
    endloop
  endfacet
  facet normal 0 0 -1
    outer loop
      vertex -190.5 -10 2
      vertex -161.151 -1.57059 2
      vertex -160.94 -1.64207 2
    endloop
  endfacet
  facet normal 0 0 -1
    outer loop
      vertex -190.5 -10 2
      vertex -160.94 -1.64207 2
      vertex -160.722 -1.68546 2
    endloop
  endfacet
  facet normal -0 0 -1
    outer loop
      vertex -160.5 -1.7 2
      vertex -190.5 -10 2
      vertex -160.722 -1.68546 2
    endloop
  endfacet
  facet normal 0 0 -1
    outer loop
      vertex -162.185 -0.221894 2
      vertex -182.815 -0.221894 2
      vertex -182.8 0 2
    endloop
  endfacet
  facet normal 0 0 -1
    outer loop
      vertex -162.142 -0.439992 2
      vertex -182.858 -0.439992 2
      vertex -182.815 -0.221894 2
    endloop
  endfacet
  facet normal 0 0 -1
    outer loop
      vertex -162.071 -0.650561 2
      vertex -182.929 -0.650561 2
      vertex -182.858 -0.439992 2
    endloop
  endfacet
  facet normal 0 0 -1
    outer loop
      vertex -161.972 -0.849999 2
      vertex -183.028 -0.849999 2
      vertex -182.929 -0.650561 2
    endloop
  endfacet
  facet normal 0 0 -1
    outer loop
      vertex -161.849 -1.03489 2
      vertex -183.151 -1.03489 2
      vertex -183.028 -0.849999 2
    endloop
  endfacet
  facet normal 0 0 -1
    outer loop
      vertex -161.702 -1.20208 2
      vertex -183.298 -1.20208 2
      vertex -183.151 -1.03489 2
    endloop
  endfacet
  facet normal -0 0 -1
    outer loop
      vertex -161.535 -1.3487 2
      vertex -190.5 -10 2
      vertex -183.465 -1.3487 2
    endloop
  endfacet
  facet normal 0 0 -1
    outer loop
      vertex -161.535 -1.3487 2
      vertex -183.465 -1.3487 2
      vertex -183.298 -1.20208 2
    endloop
  endfacet
  facet normal 0 0 -1
    outer loop
      vertex -183.465 -1.3487 2
      vertex -190.5 -10 2
      vertex -183.65 -1.47224 2
    endloop
  endfacet
  facet normal 0 0 -1
    outer loop
      vertex -183.65 -1.47224 2
      vertex -190.5 -10 2
      vertex -183.849 -1.57059 2
    endloop
  endfacet
  facet normal 0 0 -1
    outer loop
      vertex -183.849 -1.57059 2
      vertex -190.5 -10 2
      vertex -184.06 -1.64207 2
    endloop
  endfacet
  facet normal 0 0 -1
    outer loop
      vertex -184.06 -1.64207 2
      vertex -190.5 -10 2
      vertex -184.278 -1.68546 2
    endloop
  endfacet
  facet normal 0 0 -1
    outer loop
      vertex -184.278 -1.68546 2
      vertex -190.5 -10 2
      vertex -184.5 -1.7 2
    endloop
  endfacet
  facet normal -0 0 -1
    outer loop
      vertex -186.185 -0.221894 2
      vertex -190.5 -10 2
      vertex -186.2 0 2
    endloop
  endfacet
  facet normal -0 0 -1
    outer loop
      vertex -186.142 -0.439992 2
      vertex -190.5 -10 2
      vertex -186.185 -0.221894 2
    endloop
  endfacet
  facet normal -0 0 -1
    outer loop
      vertex -186.071 -0.650561 2
      vertex -190.5 -10 2
      vertex -186.142 -0.439992 2
    endloop
  endfacet
  facet normal -0 0 -1
    outer loop
      vertex -185.972 -0.849999 2
      vertex -190.5 -10 2
      vertex -186.071 -0.650561 2
    endloop
  endfacet
  facet normal -0 0 -1
    outer loop
      vertex -185.849 -1.03489 2
      vertex -190.5 -10 2
      vertex -185.972 -0.849999 2
    endloop
  endfacet
  facet normal -0 0 -1
    outer loop
      vertex -185.702 -1.20208 2
      vertex -190.5 -10 2
      vertex -185.849 -1.03489 2
    endloop
  endfacet
  facet normal -0 0 -1
    outer loop
      vertex -185.535 -1.3487 2
      vertex -190.5 -10 2
      vertex -185.702 -1.20208 2
    endloop
  endfacet
  facet normal -0 0 -1
    outer loop
      vertex -185.35 -1.47224 2
      vertex -190.5 -10 2
      vertex -185.535 -1.3487 2
    endloop
  endfacet
  facet normal -0 0 -1
    outer loop
      vertex -185.151 -1.57059 2
      vertex -190.5 -10 2
      vertex -185.35 -1.47224 2
    endloop
  endfacet
  facet normal -0 0 -1
    outer loop
      vertex -184.94 -1.64207 2
      vertex -190.5 -10 2
      vertex -185.151 -1.57059 2
    endloop
  endfacet
  facet normal -0 0 -1
    outer loop
      vertex -184.722 -1.68546 2
      vertex -190.5 -10 2
      vertex -184.94 -1.64207 2
    endloop
  endfacet
  facet normal -0 0 -1
    outer loop
      vertex -184.5 -1.7 2
      vertex -190.5 -10 2
      vertex -184.722 -1.68546 2
    endloop
  endfacet
  facet normal 0 0 -1
    outer loop
      vertex -158.815 0.221894 2
      vertex -110.5 10 2
      vertex -158.8 0 2
    endloop
  endfacet
  facet normal 0 0 -1
    outer loop
      vertex -158.858 0.439992 2
      vertex -110.5 10 2
      vertex -158.815 0.221894 2
    endloop
  endfacet
  facet normal 0 0 -1
    outer loop
      vertex -158.929 0.650561 2
      vertex -110.5 10 2
      vertex -158.858 0.439992 2
    endloop
  endfacet
  facet normal 0 0 -1
    outer loop
      vertex -159.028 0.849999 2
      vertex -110.5 10 2
      vertex -158.929 0.650561 2
    endloop
  endfacet
  facet normal 0 0 -1
    outer loop
      vertex -159.151 1.03489 2
      vertex -110.5 10 2
      vertex -159.028 0.849999 2
    endloop
  endfacet
  facet normal 0 0 -1
    outer loop
      vertex -159.298 1.20208 2
      vertex -110.5 10 2
      vertex -159.151 1.03489 2
    endloop
  endfacet
  facet normal 0 0 -1
    outer loop
      vertex -159.465 1.3487 2
      vertex -110.5 10 2
      vertex -159.298 1.20208 2
    endloop
  endfacet
  facet normal 0 0 -1
    outer loop
      vertex -159.65 1.47224 2
      vertex -110.5 10 2
      vertex -159.465 1.3487 2
    endloop
  endfacet
  facet normal 0 0 -1
    outer loop
      vertex -159.849 1.57059 2
      vertex -110.5 10 2
      vertex -159.65 1.47224 2
    endloop
  endfacet
  facet normal 0 0 -1
    outer loop
      vertex -160.06 1.64207 2
      vertex -110.5 10 2
      vertex -159.849 1.57059 2
    endloop
  endfacet
  facet normal 0 0 -1
    outer loop
      vertex -160.278 1.68546 2
      vertex -110.5 10 2
      vertex -160.06 1.64207 2
    endloop
  endfacet
  facet normal 0 0 -1
    outer loop
      vertex -190.5 10 2
      vertex -160.278 1.68546 2
      vertex -160.5 1.7 2
    endloop
  endfacet
  facet normal 0 0 -1
    outer loop
      vertex -190.5 10 2
      vertex -160.5 1.7 2
      vertex -160.722 1.68546 2
    endloop
  endfacet
  facet normal 0 0 -1
    outer loop
      vertex -182.8 0 2
      vertex -162.185 0.221894 2
      vertex -162.2 0 2
    endloop
  endfacet
  facet normal 0 0 -1
    outer loop
      vertex -182.815 0.221894 2
      vertex -162.185 0.221894 2
      vertex -182.8 0 2
    endloop
  endfacet
  facet normal 0 0 -1
    outer loop
      vertex -162.185 0.221894 2
      vertex -182.815 0.221894 2
      vertex -162.142 0.439992 2
    endloop
  endfacet
  facet normal 0 0 -1
    outer loop
      vertex -182.858 0.439992 2
      vertex -162.142 0.439992 2
      vertex -182.815 0.221894 2
    endloop
  endfacet
  facet normal 0 0 -1
    outer loop
      vertex -162.142 0.439992 2
      vertex -182.858 0.439992 2
      vertex -162.071 0.650561 2
    endloop
  endfacet
  facet normal 0 0 -1
    outer loop
      vertex -182.929 0.650561 2
      vertex -162.071 0.650561 2
      vertex -182.858 0.439992 2
    endloop
  endfacet
  facet normal 0 0 -1
    outer loop
      vertex -162.071 0.650561 2
      vertex -182.929 0.650561 2
      vertex -161.972 0.849999 2
    endloop
  endfacet
  facet normal 0 0 -1
    outer loop
      vertex -183.028 0.849999 2
      vertex -161.972 0.849999 2
      vertex -182.929 0.650561 2
    endloop
  endfacet
  facet normal 0 0 -1
    outer loop
      vertex -161.972 0.849999 2
      vertex -183.028 0.849999 2
      vertex -161.849 1.03489 2
    endloop
  endfacet
  facet normal 0 0 -1
    outer loop
      vertex -183.151 1.03489 2
      vertex -161.849 1.03489 2
      vertex -183.028 0.849999 2
    endloop
  endfacet
  facet normal 0 0 -1
    outer loop
      vertex -161.849 1.03489 2
      vertex -183.151 1.03489 2
      vertex -161.702 1.20208 2
    endloop
  endfacet
  facet normal 0 0 -1
    outer loop
      vertex -183.298 1.20208 2
      vertex -161.702 1.20208 2
      vertex -183.151 1.03489 2
    endloop
  endfacet
  facet normal 0 0 -1
    outer loop
      vertex -161.702 1.20208 2
      vertex -183.298 1.20208 2
      vertex -161.535 1.3487 2
    endloop
  endfacet
  facet normal 0 0 -1
    outer loop
      vertex -183.465 1.3487 2
      vertex -161.535 1.3487 2
      vertex -183.298 1.20208 2
    endloop
  endfacet
  facet normal 0 0 -1
    outer loop
      vertex -190.5 10 2
      vertex -161.535 1.3487 2
      vertex -183.465 1.3487 2
    endloop
  endfacet
  facet normal 0 0 -1
    outer loop
      vertex -161.535 1.3487 2
      vertex -190.5 10 2
      vertex -161.35 1.47224 2
    endloop
  endfacet
  facet normal 0 0 -1
    outer loop
      vertex -161.35 1.47224 2
      vertex -190.5 10 2
      vertex -161.151 1.57059 2
    endloop
  endfacet
  facet normal 0 0 -1
    outer loop
      vertex -161.151 1.57059 2
      vertex -190.5 10 2
      vertex -160.94 1.64207 2
    endloop
  endfacet
  facet normal 0 0 -1
    outer loop
      vertex -160.94 1.64207 2
      vertex -190.5 10 2
      vertex -160.722 1.68546 2
    endloop
  endfacet
  facet normal 0 0 -1
    outer loop
      vertex -190.5 10 2
      vertex -183.465 1.3487 2
      vertex -183.65 1.47224 2
    endloop
  endfacet
  facet normal 0 0 -1
    outer loop
      vertex -190.5 10 2
      vertex -183.65 1.47224 2
      vertex -183.849 1.57059 2
    endloop
  endfacet
  facet normal 0 0 -1
    outer loop
      vertex -190.5 10 2
      vertex -183.849 1.57059 2
      vertex -184.06 1.64207 2
    endloop
  endfacet
  facet normal 0 0 -1
    outer loop
      vertex -190.5 10 2
      vertex -184.06 1.64207 2
      vertex -184.278 1.68546 2
    endloop
  endfacet
  facet normal 0 0 -1
    outer loop
      vertex -190.5 10 2
      vertex -184.278 1.68546 2
      vertex -184.5 1.7 2
    endloop
  endfacet
  facet normal 0 0 -1
    outer loop
      vertex -190.5 10 2
      vertex -184.5 1.7 2
      vertex -184.722 1.68546 2
    endloop
  endfacet
  facet normal 0 0 -1
    outer loop
      vertex -190.5 10 2
      vertex -186.2 0 2
      vertex -190.5 -10 2
    endloop
  endfacet
  facet normal 0 0 -1
    outer loop
      vertex -186.2 0 2
      vertex -190.5 10 2
      vertex -186.185 0.221894 2
    endloop
  endfacet
  facet normal 0 0 -1
    outer loop
      vertex -186.185 0.221894 2
      vertex -190.5 10 2
      vertex -186.142 0.439992 2
    endloop
  endfacet
  facet normal 0 0 -1
    outer loop
      vertex -160.278 1.68546 2
      vertex -190.5 10 2
      vertex -110.5 10 2
    endloop
  endfacet
  facet normal 0 0 -1
    outer loop
      vertex -184.94 1.64207 2
      vertex -190.5 10 2
      vertex -184.722 1.68546 2
    endloop
  endfacet
  facet normal 0 0 -1
    outer loop
      vertex -185.151 1.57059 2
      vertex -190.5 10 2
      vertex -184.94 1.64207 2
    endloop
  endfacet
  facet normal 0 0 -1
    outer loop
      vertex -185.35 1.47224 2
      vertex -190.5 10 2
      vertex -185.151 1.57059 2
    endloop
  endfacet
  facet normal 0 0 -1
    outer loop
      vertex -185.535 1.3487 2
      vertex -190.5 10 2
      vertex -185.35 1.47224 2
    endloop
  endfacet
  facet normal 0 0 -1
    outer loop
      vertex -185.702 1.20208 2
      vertex -190.5 10 2
      vertex -185.535 1.3487 2
    endloop
  endfacet
  facet normal 0 0 -1
    outer loop
      vertex -185.849 1.03489 2
      vertex -190.5 10 2
      vertex -185.702 1.20208 2
    endloop
  endfacet
  facet normal 0 0 -1
    outer loop
      vertex -185.972 0.849999 2
      vertex -190.5 10 2
      vertex -185.849 1.03489 2
    endloop
  endfacet
  facet normal 0 0 -1
    outer loop
      vertex -186.071 0.650561 2
      vertex -190.5 10 2
      vertex -185.972 0.849999 2
    endloop
  endfacet
  facet normal 0 0 -1
    outer loop
      vertex -186.142 0.439992 2
      vertex -190.5 10 2
      vertex -186.071 0.650561 2
    endloop
  endfacet
  facet normal 0 0 1
    outer loop
      vertex 1.57059 127.849 2
      vertex 10 134.5 2
      vertex 1.64207 128.06 2
    endloop
  endfacet
  facet normal 0 0 1
    outer loop
      vertex 10 69.8 2
      vertex 1.68546 75.7219 2
      vertex 1.7 75.5 2
    endloop
  endfacet
  facet normal 0 0 1
    outer loop
      vertex 1.47224 127.65 2
      vertex 10 134.5 2
      vertex 1.57059 127.849 2
    endloop
  endfacet
  facet normal 0 0 1
    outer loop
      vertex 10 69.8 2
      vertex 1.64207 75.94 2
      vertex 1.68546 75.7219 2
    endloop
  endfacet
  facet normal 0 0 1
    outer loop
      vertex 1.3487 127.465 2
      vertex 10 134.5 2
      vertex 1.47224 127.65 2
    endloop
  endfacet
  facet normal 0 0 1
    outer loop
      vertex 10 69.8 2
      vertex 1.57059 76.1506 2
      vertex 1.64207 75.94 2
    endloop
  endfacet
  facet normal 0 0 1
    outer loop
      vertex 1.20208 127.298 2
      vertex 10 134.5 2
      vertex 1.3487 127.465 2
    endloop
  endfacet
  facet normal 0 0 1
    outer loop
      vertex 10 69.8 2
      vertex 1.47224 76.35 2
      vertex 1.57059 76.1506 2
    endloop
  endfacet
  facet normal 0 0 1
    outer loop
      vertex 10 134.5 2
      vertex 1.20208 127.298 2
      vertex 10 69.8 2
    endloop
  endfacet
  facet normal 0 0 1
    outer loop
      vertex 10 69.8 2
      vertex 1.3487 76.5349 2
      vertex 1.47224 76.35 2
    endloop
  endfacet
  facet normal -0 0 1
    outer loop
      vertex 1.20208 76.7021 2
      vertex 10 69.8 2
      vertex 1.20208 127.298 2
    endloop
  endfacet
  facet normal 0 0 1
    outer loop
      vertex 10 69.8 2
      vertex 1.20208 76.7021 2
      vertex 1.3487 76.5349 2
    endloop
  endfacet
  facet normal -0 0 1
    outer loop
      vertex 1.03489 127.151 2
      vertex 1.20208 76.7021 2
      vertex 1.20208 127.298 2
    endloop
  endfacet
  facet normal 0 0 1
    outer loop
      vertex 1.03489 127.151 2
      vertex 1.03489 76.8487 2
      vertex 1.20208 76.7021 2
    endloop
  endfacet
  facet normal -0 0 1
    outer loop
      vertex 0.849999 127.028 2
      vertex 1.03489 76.8487 2
      vertex 1.03489 127.151 2
    endloop
  endfacet
  facet normal 0 0 1
    outer loop
      vertex 0.849999 127.028 2
      vertex 0.849999 76.9722 2
      vertex 1.03489 76.8487 2
    endloop
  endfacet
  facet normal -0 0 1
    outer loop
      vertex 0.650561 126.929 2
      vertex 0.849999 76.9722 2
      vertex 0.849999 127.028 2
    endloop
  endfacet
  facet normal 0 0 1
    outer loop
      vertex 0.650561 126.929 2
      vertex 0.650561 77.0706 2
      vertex 0.849999 76.9722 2
    endloop
  endfacet
  facet normal -0 0 1
    outer loop
      vertex 0.439992 126.858 2
      vertex 0.650561 77.0706 2
      vertex 0.650561 126.929 2
    endloop
  endfacet
  facet normal 0 0 1
    outer loop
      vertex 0.439992 126.858 2
      vertex 0.439992 77.1421 2
      vertex 0.650561 77.0706 2
    endloop
  endfacet
  facet normal -0 0 1
    outer loop
      vertex 0.221894 126.815 2
      vertex 0.439992 77.1421 2
      vertex 0.439992 126.858 2
    endloop
  endfacet
  facet normal 0 0 1
    outer loop
      vertex 0.221894 126.815 2
      vertex 0.221894 77.1855 2
      vertex 0.439992 77.1421 2
    endloop
  endfacet
  facet normal -0 0 1
    outer loop
      vertex 0 126.8 2
      vertex 0.221894 77.1855 2
      vertex 0.221894 126.815 2
    endloop
  endfacet
  facet normal 0 0 1
    outer loop
      vertex 0 126.8 2
      vertex 0 77.2 2
      vertex 0.221894 77.1855 2
    endloop
  endfacet
  facet normal 0 0 1
    outer loop
      vertex -0.221894 126.815 2
      vertex 0 77.2 2
      vertex 0 126.8 2
    endloop
  endfacet
  facet normal 0 0 1
    outer loop
      vertex -0.221894 126.815 2
      vertex -0.221894 77.1855 2
      vertex 0 77.2 2
    endloop
  endfacet
  facet normal 0 0 1
    outer loop
      vertex -0.439992 126.858 2
      vertex -0.221894 77.1855 2
      vertex -0.221894 126.815 2
    endloop
  endfacet
  facet normal 0 0 1
    outer loop
      vertex -0.439992 126.858 2
      vertex -0.439992 77.1421 2
      vertex -0.221894 77.1855 2
    endloop
  endfacet
  facet normal 0 0 1
    outer loop
      vertex -0.650561 126.929 2
      vertex -0.439992 77.1421 2
      vertex -0.439992 126.858 2
    endloop
  endfacet
  facet normal 0 0 1
    outer loop
      vertex -0.650561 126.929 2
      vertex -0.650561 77.0706 2
      vertex -0.439992 77.1421 2
    endloop
  endfacet
  facet normal 0 0 1
    outer loop
      vertex -0.849999 127.028 2
      vertex -0.650561 77.0706 2
      vertex -0.650561 126.929 2
    endloop
  endfacet
  facet normal 0 0 1
    outer loop
      vertex -0.849999 127.028 2
      vertex -0.849999 76.9722 2
      vertex -0.650561 77.0706 2
    endloop
  endfacet
  facet normal 0 0 1
    outer loop
      vertex -1.03489 127.151 2
      vertex -0.849999 76.9722 2
      vertex -0.849999 127.028 2
    endloop
  endfacet
  facet normal 0 0 1
    outer loop
      vertex -1.03489 127.151 2
      vertex -1.03489 76.8487 2
      vertex -0.849999 76.9722 2
    endloop
  endfacet
  facet normal 0 0 1
    outer loop
      vertex -1.20208 127.298 2
      vertex -1.03489 76.8487 2
      vertex -1.03489 127.151 2
    endloop
  endfacet
  facet normal 0 0 1
    outer loop
      vertex -1.20208 127.298 2
      vertex -1.20208 76.7021 2
      vertex -1.03489 76.8487 2
    endloop
  endfacet
  facet normal 0 0 1
    outer loop
      vertex -10 134.5 2
      vertex -1.20208 127.298 2
      vertex -1.3487 127.465 2
    endloop
  endfacet
  facet normal 0 0 1
    outer loop
      vertex -1.20208 127.298 2
      vertex -10 69.8 2
      vertex -1.20208 76.7021 2
    endloop
  endfacet
  facet normal 0 0 1
    outer loop
      vertex -10 134.5 2
      vertex -1.3487 127.465 2
      vertex -1.47224 127.65 2
    endloop
  endfacet
  facet normal 0 0 1
    outer loop
      vertex -1.20208 76.7021 2
      vertex -10 69.8 2
      vertex -1.3487 76.5349 2
    endloop
  endfacet
  facet normal 0 0 1
    outer loop
      vertex -10 134.5 2
      vertex -1.47224 127.65 2
      vertex -1.57059 127.849 2
    endloop
  endfacet
  facet normal 0 0 1
    outer loop
      vertex -1.3487 76.5349 2
      vertex -10 69.8 2
      vertex -1.47224 76.35 2
    endloop
  endfacet
  facet normal 0 0 1
    outer loop
      vertex -10 134.5 2
      vertex -1.57059 127.849 2
      vertex -1.64207 128.06 2
    endloop
  endfacet
  facet normal 0 0 1
    outer loop
      vertex -1.47224 76.35 2
      vertex -10 69.8 2
      vertex -1.57059 76.1506 2
    endloop
  endfacet
  facet normal 0 0 1
    outer loop
      vertex -10 134.5 2
      vertex -1.64207 128.06 2
      vertex -1.68546 128.278 2
    endloop
  endfacet
  facet normal 0 0 1
    outer loop
      vertex -1.57059 76.1506 2
      vertex -10 69.8 2
      vertex -1.64207 75.94 2
    endloop
  endfacet
  facet normal 0 0 1
    outer loop
      vertex -10 134.5 2
      vertex -1.68546 128.278 2
      vertex -1.7 128.5 2
    endloop
  endfacet
  facet normal 0 0 1
    outer loop
      vertex -1.64207 75.94 2
      vertex -10 69.8 2
      vertex -1.68546 75.7219 2
    endloop
  endfacet
  facet normal 0 0 1
    outer loop
      vertex 1.68546 128.278 2
      vertex 10 134.5 2
      vertex 1.7 128.5 2
    endloop
  endfacet
  facet normal 0 0 1
    outer loop
      vertex 10 134.5 2
      vertex 1.68546 128.722 2
      vertex 1.7 128.5 2
    endloop
  endfacet
  facet normal 0 0 1
    outer loop
      vertex 10 134.5 2
      vertex 1.64207 128.94 2
      vertex 1.68546 128.722 2
    endloop
  endfacet
  facet normal 0 0 1
    outer loop
      vertex 10 134.5 2
      vertex 1.57059 129.151 2
      vertex 1.64207 128.94 2
    endloop
  endfacet
  facet normal 0 0 1
    outer loop
      vertex 10 134.5 2
      vertex 1.47224 129.35 2
      vertex 1.57059 129.151 2
    endloop
  endfacet
  facet normal 0 0 1
    outer loop
      vertex 10 134.5 2
      vertex 1.3487 129.535 2
      vertex 1.47224 129.35 2
    endloop
  endfacet
  facet normal 0 0 1
    outer loop
      vertex 10 134.5 2
      vertex 1.20208 129.702 2
      vertex 1.3487 129.535 2
    endloop
  endfacet
  facet normal 0 0 1
    outer loop
      vertex 10 134.5 2
      vertex 1.03489 129.849 2
      vertex 1.20208 129.702 2
    endloop
  endfacet
  facet normal 0 0 1
    outer loop
      vertex 10 134.5 2
      vertex 0.849999 129.972 2
      vertex 1.03489 129.849 2
    endloop
  endfacet
  facet normal 0 0 1
    outer loop
      vertex 10 134.5 2
      vertex 0.650561 130.071 2
      vertex 0.849999 129.972 2
    endloop
  endfacet
  facet normal 0 0 1
    outer loop
      vertex 10 134.5 2
      vertex 0.439992 130.142 2
      vertex 0.650561 130.071 2
    endloop
  endfacet
  facet normal 0 0 1
    outer loop
      vertex 10 134.5 2
      vertex 0.221894 130.185 2
      vertex 0.439992 130.142 2
    endloop
  endfacet
  facet normal 0 0 1
    outer loop
      vertex 10 134.5 2
      vertex 0 130.2 2
      vertex 0.221894 130.185 2
    endloop
  endfacet
  facet normal -0 0 1
    outer loop
      vertex -10 134.5 2
      vertex 0 130.2 2
      vertex 10 134.5 2
    endloop
  endfacet
  facet normal 0 0 1
    outer loop
      vertex 0 130.2 2
      vertex -10 134.5 2
      vertex -0.221894 130.185 2
    endloop
  endfacet
  facet normal 0 0 1
    outer loop
      vertex -0.221894 130.185 2
      vertex -10 134.5 2
      vertex -0.439992 130.142 2
    endloop
  endfacet
  facet normal 0 0 1
    outer loop
      vertex -1.20208 127.298 2
      vertex -10 134.5 2
      vertex -10 69.8 2
    endloop
  endfacet
  facet normal 0 0 1
    outer loop
      vertex -1.68546 128.722 2
      vertex -10 134.5 2
      vertex -1.7 128.5 2
    endloop
  endfacet
  facet normal 0 0 1
    outer loop
      vertex -1.64207 128.94 2
      vertex -10 134.5 2
      vertex -1.68546 128.722 2
    endloop
  endfacet
  facet normal 0 0 1
    outer loop
      vertex -1.57059 129.151 2
      vertex -10 134.5 2
      vertex -1.64207 128.94 2
    endloop
  endfacet
  facet normal 0 0 1
    outer loop
      vertex -1.47224 129.35 2
      vertex -10 134.5 2
      vertex -1.57059 129.151 2
    endloop
  endfacet
  facet normal 0 0 1
    outer loop
      vertex -1.3487 129.535 2
      vertex -10 134.5 2
      vertex -1.47224 129.35 2
    endloop
  endfacet
  facet normal 0 0 1
    outer loop
      vertex -1.20208 129.702 2
      vertex -10 134.5 2
      vertex -1.3487 129.535 2
    endloop
  endfacet
  facet normal 0 0 1
    outer loop
      vertex -1.03489 129.849 2
      vertex -10 134.5 2
      vertex -1.20208 129.702 2
    endloop
  endfacet
  facet normal 0 0 1
    outer loop
      vertex -0.849999 129.972 2
      vertex -10 134.5 2
      vertex -1.03489 129.849 2
    endloop
  endfacet
  facet normal 0 0 1
    outer loop
      vertex -0.650561 130.071 2
      vertex -10 134.5 2
      vertex -0.849999 129.972 2
    endloop
  endfacet
  facet normal 0 0 1
    outer loop
      vertex -0.439992 130.142 2
      vertex -10 134.5 2
      vertex -0.650561 130.071 2
    endloop
  endfacet
  facet normal 0 0 1
    outer loop
      vertex 1.64207 128.06 2
      vertex 10 134.5 2
      vertex 1.68546 128.278 2
    endloop
  endfacet
  facet normal -0 0 1
    outer loop
      vertex 1.68546 75.2781 2
      vertex 10 69.8 2
      vertex 1.7 75.5 2
    endloop
  endfacet
  facet normal -0 0 1
    outer loop
      vertex 1.64207 75.06 2
      vertex 10 69.8 2
      vertex 1.68546 75.2781 2
    endloop
  endfacet
  facet normal -0 0 1
    outer loop
      vertex 1.57059 74.8494 2
      vertex 10 69.8 2
      vertex 1.64207 75.06 2
    endloop
  endfacet
  facet normal -0 0 1
    outer loop
      vertex 1.47224 74.65 2
      vertex 10 69.8 2
      vertex 1.57059 74.8494 2
    endloop
  endfacet
  facet normal -0 0 1
    outer loop
      vertex 1.3487 74.4651 2
      vertex 10 69.8 2
      vertex 1.47224 74.65 2
    endloop
  endfacet
  facet normal -0 0 1
    outer loop
      vertex 1.20208 74.2979 2
      vertex 10 69.8 2
      vertex 1.3487 74.4651 2
    endloop
  endfacet
  facet normal -0 0 1
    outer loop
      vertex 1.03489 74.1513 2
      vertex 10 69.8 2
      vertex 1.20208 74.2979 2
    endloop
  endfacet
  facet normal -0 0 1
    outer loop
      vertex 0.849999 74.0278 2
      vertex 10 69.8 2
      vertex 1.03489 74.1513 2
    endloop
  endfacet
  facet normal -0 0 1
    outer loop
      vertex 0.650561 73.9294 2
      vertex 10 69.8 2
      vertex 0.849999 74.0278 2
    endloop
  endfacet
  facet normal -0 0 1
    outer loop
      vertex 0.439992 73.8579 2
      vertex 10 69.8 2
      vertex 0.650561 73.9294 2
    endloop
  endfacet
  facet normal -0 0 1
    outer loop
      vertex 0.221894 73.8145 2
      vertex 10 69.8 2
      vertex 0.439992 73.8579 2
    endloop
  endfacet
  facet normal -0 0 1
    outer loop
      vertex 0 73.8 2
      vertex 10 69.8 2
      vertex 0.221894 73.8145 2
    endloop
  endfacet
  facet normal 0 0 1
    outer loop
      vertex -10 69.8 2
      vertex 0 73.8 2
      vertex -0.221894 73.8145 2
    endloop
  endfacet
  facet normal 0 0 1
    outer loop
      vertex -10 69.8 2
      vertex -0.221894 73.8145 2
      vertex -0.439992 73.8579 2
    endloop
  endfacet
  facet normal 0 0 1
    outer loop
      vertex -10 69.8 2
      vertex -0.439992 73.8579 2
      vertex -0.650561 73.9294 2
    endloop
  endfacet
  facet normal 0 0 1
    outer loop
      vertex -1.68546 75.7219 2
      vertex -10 69.8 2
      vertex -1.7 75.5 2
    endloop
  endfacet
  facet normal 0 0 1
    outer loop
      vertex 0 73.8 2
      vertex -10 69.8 2
      vertex 10 69.8 2
    endloop
  endfacet
  facet normal 0 0 1
    outer loop
      vertex -0.849999 74.0278 2
      vertex -10 69.8 2
      vertex -0.650561 73.9294 2
    endloop
  endfacet
  facet normal 0 0 1
    outer loop
      vertex -1.03489 74.1513 2
      vertex -10 69.8 2
      vertex -0.849999 74.0278 2
    endloop
  endfacet
  facet normal 0 0 1
    outer loop
      vertex -1.20208 74.2979 2
      vertex -10 69.8 2
      vertex -1.03489 74.1513 2
    endloop
  endfacet
  facet normal 0 0 1
    outer loop
      vertex -1.3487 74.4651 2
      vertex -10 69.8 2
      vertex -1.20208 74.2979 2
    endloop
  endfacet
  facet normal 0 0 1
    outer loop
      vertex -1.47224 74.65 2
      vertex -10 69.8 2
      vertex -1.3487 74.4651 2
    endloop
  endfacet
  facet normal 0 0 1
    outer loop
      vertex -1.57059 74.8494 2
      vertex -10 69.8 2
      vertex -1.47224 74.65 2
    endloop
  endfacet
  facet normal 0 0 1
    outer loop
      vertex -1.64207 75.06 2
      vertex -10 69.8 2
      vertex -1.57059 74.8494 2
    endloop
  endfacet
  facet normal 0 0 1
    outer loop
      vertex -1.68546 75.2781 2
      vertex -10 69.8 2
      vertex -1.64207 75.06 2
    endloop
  endfacet
  facet normal 0 0 1
    outer loop
      vertex -1.7 75.5 2
      vertex -10 69.8 2
      vertex -1.68546 75.2781 2
    endloop
  endfacet
  facet normal 1 -0 0
    outer loop
      vertex 10 69.8 2
      vertex 10 134.5 0
      vertex 10 134.5 2
    endloop
  endfacet
  facet normal 1 0 0
    outer loop
      vertex 10 134.5 0
      vertex 10 69.8 2
      vertex 10 68.8 0
    endloop
  endfacet
  facet normal 0 -1 0
    outer loop
      vertex -190.5 10 0
      vertex -110.5 10 2
      vertex -190.5 10 2
    endloop
  endfacet
  facet normal 0 -1 -0
    outer loop
      vertex -110.5 10 2
      vertex -190.5 10 0
      vertex -109.5 10 0
    endloop
  endfacet
  facet normal 1 -0 0
    outer loop
      vertex -10 70.8 4
      vertex -10 134.5 2
      vertex -10 134.5 4
    endloop
  endfacet
  facet normal 1 0 0
    outer loop
      vertex -10 134.5 2
      vertex -10 70.8 4
      vertex -10 69.8 2
    endloop
  endfacet
  facet normal 0 -1 0
    outer loop
      vertex -190.5 -10 2
      vertex -111.5 -10 4
      vertex -190.5 -10 4
    endloop
  endfacet
  facet normal 0 -1 -0
    outer loop
      vertex -111.5 -10 4
      vertex -190.5 -10 2
      vertex -110.5 -10 2
    endloop
  endfacet
endsolid OpenSCAD_Model
