solid OpenSCAD_Model
  facet normal 0 0.41270702980439616 -0.9108638249211752
    outer loop
      vertex 63 12 2.2284061199354483
      vertex 63 12.455375887533327 2.4347342502733547
      vertex 81 12 2.2284061199354483
    endloop
  endfacet
  facet normal 0 0.47139673682599714 -0.8819212643483554
    outer loop
      vertex 63 12.455375887533327 2.4347342502733547
      vertex 63 13.65 3.0732741416621217
      vertex 81 13.65 3.0732741416621217
    endloop
  endfacet
  facet normal 0 0.5280678506503669 -0.8492021815265796
    outer loop
      vertex 63 13.65 3.0732741416621217
      vertex 63 14.800303823505766 3.788579025337313
      vertex 81 14.800303823505766 3.788579025337313
    endloop
  endfacet
  facet normal 0 0.5824776968678018 -0.8128466845916156
    outer loop
      vertex 63 14.800303823505766 3.788579025337313
      vertex 63 15.901361580480518 4.5775858559714315
      vertex 81 15.901361580480518 4.5775858559714315
    endloop
  endfacet
  facet normal 0 0.41270702980439616 -0.9108638249211752
    outer loop
      vertex 81 12 2.2284061199354483
      vertex 63 12.455375887533327 2.4347342502733547
      vertex 81 12.455375887533327 2.4347342502733547
    endloop
  endfacet
  facet normal 0 0.47139673682599714 -0.8819212643483554
    outer loop
      vertex 63 12.455375887533327 2.4347342502733547
      vertex 81 13.65 3.0732741416621217
      vertex 81 12.455375887533327 2.4347342502733547
    endloop
  endfacet
  facet normal 0 0.5280678506503669 -0.8492021815265796
    outer loop
      vertex 63 13.65 3.0732741416621217
      vertex 81 14.800303823505766 3.788579025337313
      vertex 81 13.65 3.0732741416621217
    endloop
  endfacet
  facet normal 0 0.5824776968678018 -0.8128466845916156
    outer loop
      vertex 63 14.800303823505766 3.788579025337313
      vertex 81 15.901361580480518 4.5775858559714315
      vertex 81 14.800303823505766 3.788579025337313
    endloop
  endfacet
  facet normal 0 0.6343932841636472 -0.7730104533627356
    outer loop
      vertex 63 15.901361580480518 4.5775858559714315
      vertex 81 16.948458372571423 5.436915985185168
      vertex 81 15.901361580480518 4.5775858559714315
    endloop
  endfacet
  facet normal 0 0.6343932841636472 -0.7730104533627356
    outer loop
      vertex 63 15.901361580480518 4.5775858559714315
      vertex 63 16.948458372571423 5.436915985185168
      vertex 81 16.948458372571423 5.436915985185168
    endloop
  endfacet
  facet normal 0 0.6835923020228697 -0.7298640726978372
    outer loop
      vertex 63 16.948458372571423 5.436915985185168
      vertex 63 17.937110370561534 6.362889629438465
      vertex 81 17.937110370561534 6.362889629438465
    endloop
  endfacet
  facet normal 0 0.7298640726978372 -0.6835923020228697
    outer loop
      vertex 63 18.86308401481483 7.351541627428576
      vertex 81 18.86308401481483 7.351541627428576
      vertex 63 17.937110370561534 6.362889629438465
    endloop
  endfacet
  facet normal 0 0.7730104533627356 -0.6343932841636473
    outer loop
      vertex 63 19.72241414402857 8.398638419519482
      vertex 81 19.72241414402857 8.398638419519482
      vertex 63 18.86308401481483 7.351541627428576
    endloop
  endfacet
  facet normal 0 0.8128466845916156 -0.5824776968678018
    outer loop
      vertex 63 20.511420974662688 9.499696176494234
      vertex 81 20.511420974662688 9.499696176494234
      vertex 63 19.72241414402857 8.398638419519482
    endloop
  endfacet
  facet normal 0 0.8492021815265796 -0.5280678506503669
    outer loop
      vertex 63 21.22672585833788 10.65
      vertex 81 21.22672585833788 10.65
      vertex 63 20.511420974662688 9.499696176494234
    endloop
  endfacet
  facet normal 0 0.6835923020228697 -0.7298640726978372
    outer loop
      vertex 63 16.948458372571423 5.436915985185168
      vertex 81 17.937110370561534 6.362889629438465
      vertex 81 16.948458372571423 5.436915985185168
    endloop
  endfacet
  facet normal 0 0.7298640726978372 -0.6835923020228697
    outer loop
      vertex 63 17.937110370561534 6.362889629438465
      vertex 81 18.86308401481483 7.351541627428576
      vertex 81 17.937110370561534 6.362889629438465
    endloop
  endfacet
  facet normal 0 0.7730104533627356 -0.6343932841636473
    outer loop
      vertex 63 18.86308401481483 7.351541627428576
      vertex 81 19.72241414402857 8.398638419519482
      vertex 81 18.86308401481483 7.351541627428576
    endloop
  endfacet
  facet normal 0 0.8128466845916156 -0.5824776968678018
    outer loop
      vertex 63 19.72241414402857 8.398638419519482
      vertex 81 20.511420974662688 9.499696176494234
      vertex 81 19.72241414402857 8.398638419519482
    endloop
  endfacet
  facet normal 0 0.8492021815265796 -0.5280678506503669
    outer loop
      vertex 81 21.22672585833788 10.65
      vertex 81 20.511420974662688 9.499696176494234
      vertex 63 20.511420974662688 9.499696176494234
    endloop
  endfacet
  facet normal 0 0.8819212643483554 -0.47139673682599714
    outer loop
      vertex 63 21.865265749726646 11.844624112466674
      vertex 81 21.865265749726646 11.844624112466674
      vertex 63 21.22672585833788 10.65
    endloop
  endfacet
  facet normal 0 0.9108638249211752 -0.41270702980439583
    outer loop
      vertex 63 22.424306322983636 13.078452950042642
      vertex 81 22.424306322983636 13.078452950042642
      vertex 63 21.865265749726646 11.844624112466674
    endloop
  endfacet
  facet normal 0 0.9359059267573256 -0.35225004792123377
    outer loop
      vertex 63 22.901453680548688 14.346203068224556
      vertex 81 22.901453680548688 14.346203068224556
      vertex 63 22.424306322983636 13.078452950042642
    endloop
  endfacet
  facet normal 0 0.9569403357322085 -0.2902846772544631
    outer loop
      vertex 63 23.294664604183716 15.642445766377822
      vertex 81 23.294664604183716 15.642445766377822
      vertex 63 22.901453680548688 14.346203068224556
    endloop
  endfacet
  facet normal 0 0.9738769792773342 -0.22707626303437092
    outer loop
      vertex 63 23.60225530434687 16.961630334266147
      vertex 81 23.60225530434687 16.961630334266147
      vertex 63 23.294664604183716 15.642445766377822
    endloop
  endfacet
  facet normal 0 0.9866433320848789 -0.16289547339459018
    outer loop
      vertex 63 23.822908630437876 18.298107821044933
      vertex 81 23.822908630437876 18.298107821044933
      vertex 63 23.60225530434687 16.961630334266147
    endloop
  endfacet
  facet normal 0 0.8819212643483554 -0.47139673682599714
    outer loop
      vertex 63 21.22672585833788 10.65
      vertex 81 21.865265749726646 11.844624112466674
      vertex 81 21.22672585833788 10.65
    endloop
  endfacet
  facet normal 0 0.9108638249211752 -0.41270702980439583
    outer loop
      vertex 63 21.865265749726646 11.844624112466674
      vertex 81 22.424306322983636 13.078452950042642
      vertex 81 21.865265749726646 11.844624112466674
    endloop
  endfacet
  facet normal 0 0.9359059267573256 -0.35225004792123377
    outer loop
      vertex 63 22.424306322983636 13.078452950042642
      vertex 81 22.901453680548688 14.346203068224556
      vertex 81 22.424306322983636 13.078452950042642
    endloop
  endfacet
  facet normal 0 0.9569403357322085 -0.2902846772544631
    outer loop
      vertex 63 22.901453680548688 14.346203068224556
      vertex 81 23.294664604183716 15.642445766377822
      vertex 81 22.901453680548688 14.346203068224556
    endloop
  endfacet
  facet normal 0 0.9738769792773342 -0.22707626303437092
    outer loop
      vertex 63 23.294664604183716 15.642445766377822
      vertex 81 23.60225530434687 16.961630334266147
      vertex 81 23.294664604183716 15.642445766377822
    endloop
  endfacet
  facet normal 0 0.9866433320848789 -0.16289547339459018
    outer loop
      vertex 63 23.60225530434687 16.961630334266147
      vertex 81 23.822908630437876 18.298107821044933
      vertex 81 23.60225530434687 16.961630334266147
    endloop
  endfacet
  facet normal 0 0.9951847266721969 -0.09801714032956019
    outer loop
      vertex 63 23.955679711039092 19.646155224936038
      vertex 81 23.955679711039092 19.646155224936038
      vertex 63 23.822908630437876 18.298107821044933
    endloop
  endfacet
  facet normal 0 0.9994645874763656 -0.03271908282177624
    outer loop
      vertex 70.04347826086956 24 21
      vertex 63 23.955679711039092 19.646155224936038
      vertex 63 24 21
    endloop
  endfacet
  facet normal 0 0.9951847266721969 -0.09801714032956019
    outer loop
      vertex 63 23.822908630437876 18.298107821044933
      vertex 81 23.955679711039092 19.646155224936038
      vertex 81 23.822908630437876 18.298107821044933
    endloop
  endfacet
  facet normal 0 0.9994645874763657 -0.03271908282177624
    outer loop
      vertex 63 23.955679711039092 19.646155224936038
      vertex 81 24 21
      vertex 81 23.955679711039092 19.646155224936038
    endloop
  endfacet
  facet normal 0 0.9994645874763657 -0.03271908282177624
    outer loop
      vertex 70.04347826086956 24 21
      vertex 81 24 21
      vertex 63 23.955679711039092 19.646155224936038
    endloop
  endfacet
  facet normal 0 0.41270702980439616 -0.9108638249211752
    outer loop
      vertex 39 12 2.2284061199354483
      vertex 39 12.455375887533327 2.4347342502733547
      vertex 57 12 2.2284061199354483
    endloop
  endfacet
  facet normal 0 0.47139673682599714 -0.8819212643483554
    outer loop
      vertex 39 12.455375887533327 2.4347342502733547
      vertex 39 13.65 3.0732741416621217
      vertex 57 13.65 3.0732741416621217
    endloop
  endfacet
  facet normal 0 0.5280678506503669 -0.8492021815265796
    outer loop
      vertex 39 13.65 3.0732741416621217
      vertex 39 14.800303823505766 3.788579025337313
      vertex 57 14.800303823505766 3.788579025337313
    endloop
  endfacet
  facet normal 0 0.5824776968678018 -0.8128466845916156
    outer loop
      vertex 39 14.800303823505766 3.788579025337313
      vertex 39 15.901361580480518 4.5775858559714315
      vertex 57 15.901361580480518 4.5775858559714315
    endloop
  endfacet
  facet normal 0 0.41270702980439616 -0.9108638249211752
    outer loop
      vertex 57 12 2.2284061199354483
      vertex 39 12.455375887533327 2.4347342502733547
      vertex 57 12.455375887533327 2.4347342502733547
    endloop
  endfacet
  facet normal 0 0.47139673682599714 -0.8819212643483554
    outer loop
      vertex 39 12.455375887533327 2.4347342502733547
      vertex 57 13.65 3.0732741416621217
      vertex 57 12.455375887533327 2.4347342502733547
    endloop
  endfacet
  facet normal 0 0.5280678506503669 -0.8492021815265796
    outer loop
      vertex 39 13.65 3.0732741416621217
      vertex 57 14.800303823505766 3.788579025337313
      vertex 57 13.65 3.0732741416621217
    endloop
  endfacet
  facet normal 0 0.5824776968678018 -0.8128466845916156
    outer loop
      vertex 39 14.800303823505766 3.788579025337313
      vertex 57 15.901361580480518 4.5775858559714315
      vertex 57 14.800303823505766 3.788579025337313
    endloop
  endfacet
  facet normal 0 0.6343932841636472 -0.7730104533627356
    outer loop
      vertex 39 15.901361580480518 4.5775858559714315
      vertex 57 16.948458372571423 5.436915985185168
      vertex 57 15.901361580480518 4.5775858559714315
    endloop
  endfacet
  facet normal 0 0.6343932841636472 -0.7730104533627356
    outer loop
      vertex 39 15.901361580480518 4.5775858559714315
      vertex 39 16.948458372571423 5.436915985185168
      vertex 57 16.948458372571423 5.436915985185168
    endloop
  endfacet
  facet normal 0 0.6835923020228697 -0.7298640726978372
    outer loop
      vertex 39 16.948458372571423 5.436915985185168
      vertex 39 17.937110370561534 6.362889629438465
      vertex 57 17.937110370561534 6.362889629438465
    endloop
  endfacet
  facet normal 0 0.7298640726978372 -0.6835923020228697
    outer loop
      vertex 39 18.86308401481483 7.351541627428576
      vertex 57 18.86308401481483 7.351541627428576
      vertex 39 17.937110370561534 6.362889629438465
    endloop
  endfacet
  facet normal 0 0.7730104533627356 -0.6343932841636473
    outer loop
      vertex 39 19.72241414402857 8.398638419519482
      vertex 57 19.72241414402857 8.398638419519482
      vertex 39 18.86308401481483 7.351541627428576
    endloop
  endfacet
  facet normal 0 0.8128466845916156 -0.5824776968678018
    outer loop
      vertex 39 20.511420974662688 9.499696176494234
      vertex 57 20.511420974662688 9.499696176494234
      vertex 39 19.72241414402857 8.398638419519482
    endloop
  endfacet
  facet normal 0 0.8492021815265796 -0.5280678506503669
    outer loop
      vertex 39 21.22672585833788 10.65
      vertex 57 21.22672585833788 10.65
      vertex 39 20.511420974662688 9.499696176494234
    endloop
  endfacet
  facet normal 0 0.6835923020228697 -0.7298640726978372
    outer loop
      vertex 39 16.948458372571423 5.436915985185168
      vertex 57 17.937110370561534 6.362889629438465
      vertex 57 16.948458372571423 5.436915985185168
    endloop
  endfacet
  facet normal 0 0.7298640726978372 -0.6835923020228697
    outer loop
      vertex 39 17.937110370561534 6.362889629438465
      vertex 57 18.86308401481483 7.351541627428576
      vertex 57 17.937110370561534 6.362889629438465
    endloop
  endfacet
  facet normal 0 0.7730104533627356 -0.6343932841636473
    outer loop
      vertex 39 18.86308401481483 7.351541627428576
      vertex 57 19.72241414402857 8.398638419519482
      vertex 57 18.86308401481483 7.351541627428576
    endloop
  endfacet
  facet normal 0 0.8128466845916156 -0.5824776968678018
    outer loop
      vertex 39 19.72241414402857 8.398638419519482
      vertex 57 20.511420974662688 9.499696176494234
      vertex 57 19.72241414402857 8.398638419519482
    endloop
  endfacet
  facet normal 0 0.8492021815265796 -0.5280678506503669
    outer loop
      vertex 57 21.22672585833788 10.65
      vertex 57 20.511420974662688 9.499696176494234
      vertex 39 20.511420974662688 9.499696176494234
    endloop
  endfacet
  facet normal 0 0.8819212643483554 -0.47139673682599714
    outer loop
      vertex 39 21.865265749726646 11.844624112466674
      vertex 57 21.865265749726646 11.844624112466674
      vertex 39 21.22672585833788 10.65
    endloop
  endfacet
  facet normal 0 0.9108638249211752 -0.41270702980439583
    outer loop
      vertex 39 22.424306322983636 13.078452950042642
      vertex 57 22.424306322983636 13.078452950042642
      vertex 39 21.865265749726646 11.844624112466674
    endloop
  endfacet
  facet normal 0 0.9359059267573256 -0.35225004792123377
    outer loop
      vertex 39 22.901453680548688 14.346203068224556
      vertex 57 22.901453680548688 14.346203068224556
      vertex 39 22.424306322983636 13.078452950042642
    endloop
  endfacet
  facet normal 0 0.9569403357322085 -0.2902846772544631
    outer loop
      vertex 39 23.294664604183716 15.642445766377822
      vertex 57 23.294664604183716 15.642445766377822
      vertex 39 22.901453680548688 14.346203068224556
    endloop
  endfacet
  facet normal 0 0.9738769792773342 -0.22707626303437092
    outer loop
      vertex 39 23.60225530434687 16.961630334266147
      vertex 57 23.60225530434687 16.961630334266147
      vertex 39 23.294664604183716 15.642445766377822
    endloop
  endfacet
  facet normal 0 0.9866433320848789 -0.16289547339459018
    outer loop
      vertex 39 23.822908630437876 18.298107821044933
      vertex 57 23.822908630437876 18.298107821044933
      vertex 39 23.60225530434687 16.961630334266147
    endloop
  endfacet
  facet normal 0 0.8819212643483554 -0.47139673682599714
    outer loop
      vertex 39 21.22672585833788 10.65
      vertex 57 21.865265749726646 11.844624112466674
      vertex 57 21.22672585833788 10.65
    endloop
  endfacet
  facet normal 0 0.9108638249211752 -0.41270702980439583
    outer loop
      vertex 39 21.865265749726646 11.844624112466674
      vertex 57 22.424306322983636 13.078452950042642
      vertex 57 21.865265749726646 11.844624112466674
    endloop
  endfacet
  facet normal 0 0.9359059267573256 -0.35225004792123377
    outer loop
      vertex 39 22.424306322983636 13.078452950042642
      vertex 57 22.901453680548688 14.346203068224556
      vertex 57 22.424306322983636 13.078452950042642
    endloop
  endfacet
  facet normal 0 0.9569403357322085 -0.2902846772544631
    outer loop
      vertex 39 22.901453680548688 14.346203068224556
      vertex 57 23.294664604183716 15.642445766377822
      vertex 57 22.901453680548688 14.346203068224556
    endloop
  endfacet
  facet normal 0 0.9738769792773342 -0.22707626303437092
    outer loop
      vertex 39 23.294664604183716 15.642445766377822
      vertex 57 23.60225530434687 16.961630334266147
      vertex 57 23.294664604183716 15.642445766377822
    endloop
  endfacet
  facet normal 0 0.9866433320848789 -0.16289547339459018
    outer loop
      vertex 39 23.60225530434687 16.961630334266147
      vertex 57 23.822908630437876 18.298107821044933
      vertex 57 23.60225530434687 16.961630334266147
    endloop
  endfacet
  facet normal 0 0.9994645874763656 -0.03271908282177624
    outer loop
      vertex 46.04347826086956 24 21
      vertex 39 23.955679711039092 19.646155224936038
      vertex 39 24 21
    endloop
  endfacet
  facet normal 0 0.9951847266721969 -0.09801714032956019
    outer loop
      vertex 39 23.955679711039092 19.646155224936038
      vertex 57 23.955679711039092 19.646155224936038
      vertex 39 23.822908630437876 18.298107821044933
    endloop
  endfacet
  facet normal 0 0.9951847266721969 -0.09801714032956019
    outer loop
      vertex 39 23.822908630437876 18.298107821044933
      vertex 57 23.955679711039092 19.646155224936038
      vertex 57 23.822908630437876 18.298107821044933
    endloop
  endfacet
  facet normal 0 0.9994645874763657 -0.03271908282177624
    outer loop
      vertex 39 23.955679711039092 19.646155224936038
      vertex 57 24 21
      vertex 57 23.955679711039092 19.646155224936038
    endloop
  endfacet
  facet normal 0 0.9994645874763657 -0.03271908282177624
    outer loop
      vertex 46.04347826086956 24 21
      vertex 57 24 21
      vertex 39 23.955679711039092 19.646155224936038
    endloop
  endfacet
  facet normal 0 0.41270702980439616 -0.9108638249211752
    outer loop
      vertex 15 12 2.2284061199354483
      vertex 15 12.455375887533327 2.4347342502733547
      vertex 33 12 2.2284061199354483
    endloop
  endfacet
  facet normal 0 0.47139673682599714 -0.8819212643483554
    outer loop
      vertex 15 12.455375887533327 2.4347342502733547
      vertex 15 13.65 3.0732741416621217
      vertex 33 13.65 3.0732741416621217
    endloop
  endfacet
  facet normal 0 0.5280678506503669 -0.8492021815265796
    outer loop
      vertex 15 13.65 3.0732741416621217
      vertex 15 14.800303823505766 3.788579025337313
      vertex 33 14.800303823505766 3.788579025337313
    endloop
  endfacet
  facet normal 0 0.5824776968678018 -0.8128466845916156
    outer loop
      vertex 15 14.800303823505766 3.788579025337313
      vertex 15 15.901361580480518 4.5775858559714315
      vertex 33 15.901361580480518 4.5775858559714315
    endloop
  endfacet
  facet normal 0 0.41270702980439616 -0.9108638249211752
    outer loop
      vertex 33 12 2.2284061199354483
      vertex 15 12.455375887533327 2.4347342502733547
      vertex 33 12.455375887533327 2.4347342502733547
    endloop
  endfacet
  facet normal 0 0.47139673682599714 -0.8819212643483554
    outer loop
      vertex 15 12.455375887533327 2.4347342502733547
      vertex 33 13.65 3.0732741416621217
      vertex 33 12.455375887533327 2.4347342502733547
    endloop
  endfacet
  facet normal 0 0.5280678506503669 -0.8492021815265796
    outer loop
      vertex 15 13.65 3.0732741416621217
      vertex 33 14.800303823505766 3.788579025337313
      vertex 33 13.65 3.0732741416621217
    endloop
  endfacet
  facet normal 0 0.5824776968678018 -0.8128466845916156
    outer loop
      vertex 15 14.800303823505766 3.788579025337313
      vertex 33 15.901361580480518 4.5775858559714315
      vertex 33 14.800303823505766 3.788579025337313
    endloop
  endfacet
  facet normal 0 0.6343932841636472 -0.7730104533627356
    outer loop
      vertex 15 15.901361580480518 4.5775858559714315
      vertex 33 16.948458372571423 5.436915985185168
      vertex 33 15.901361580480518 4.5775858559714315
    endloop
  endfacet
  facet normal 0 0.6343932841636472 -0.7730104533627356
    outer loop
      vertex 15 15.901361580480518 4.5775858559714315
      vertex 15 16.948458372571423 5.436915985185168
      vertex 33 16.948458372571423 5.436915985185168
    endloop
  endfacet
  facet normal 0 0.6835923020228697 -0.7298640726978372
    outer loop
      vertex 15 16.948458372571423 5.436915985185168
      vertex 15 17.937110370561534 6.362889629438465
      vertex 33 17.937110370561534 6.362889629438465
    endloop
  endfacet
  facet normal 0 0.7298640726978372 -0.6835923020228697
    outer loop
      vertex 15 18.86308401481483 7.351541627428576
      vertex 33 18.86308401481483 7.351541627428576
      vertex 15 17.937110370561534 6.362889629438465
    endloop
  endfacet
  facet normal 0 0.7730104533627356 -0.6343932841636473
    outer loop
      vertex 15 19.72241414402857 8.398638419519482
      vertex 33 19.72241414402857 8.398638419519482
      vertex 15 18.86308401481483 7.351541627428576
    endloop
  endfacet
  facet normal 0 0.8128466845916156 -0.5824776968678018
    outer loop
      vertex 15 20.511420974662688 9.499696176494234
      vertex 33 20.511420974662688 9.499696176494234
      vertex 15 19.72241414402857 8.398638419519482
    endloop
  endfacet
  facet normal 0 0.8492021815265796 -0.5280678506503669
    outer loop
      vertex 15 21.22672585833788 10.65
      vertex 33 21.22672585833788 10.65
      vertex 15 20.511420974662688 9.499696176494234
    endloop
  endfacet
  facet normal 0 0.6835923020228697 -0.7298640726978372
    outer loop
      vertex 15 16.948458372571423 5.436915985185168
      vertex 33 17.937110370561534 6.362889629438465
      vertex 33 16.948458372571423 5.436915985185168
    endloop
  endfacet
  facet normal 0 0.7298640726978372 -0.6835923020228697
    outer loop
      vertex 15 17.937110370561534 6.362889629438465
      vertex 33 18.86308401481483 7.351541627428576
      vertex 33 17.937110370561534 6.362889629438465
    endloop
  endfacet
  facet normal 0 0.7730104533627356 -0.6343932841636473
    outer loop
      vertex 15 18.86308401481483 7.351541627428576
      vertex 33 19.72241414402857 8.398638419519482
      vertex 33 18.86308401481483 7.351541627428576
    endloop
  endfacet
  facet normal 0 0.8128466845916156 -0.5824776968678018
    outer loop
      vertex 15 19.72241414402857 8.398638419519482
      vertex 33 20.511420974662688 9.499696176494234
      vertex 33 19.72241414402857 8.398638419519482
    endloop
  endfacet
  facet normal 0 0.8492021815265796 -0.5280678506503669
    outer loop
      vertex 33 21.22672585833788 10.65
      vertex 33 20.511420974662688 9.499696176494234
      vertex 15 20.511420974662688 9.499696176494234
    endloop
  endfacet
  facet normal 0 0.8819212643483554 -0.47139673682599714
    outer loop
      vertex 15 21.865265749726646 11.844624112466674
      vertex 33 21.865265749726646 11.844624112466674
      vertex 15 21.22672585833788 10.65
    endloop
  endfacet
  facet normal 0 0.9108638249211752 -0.41270702980439583
    outer loop
      vertex 15 22.424306322983636 13.078452950042642
      vertex 33 22.424306322983636 13.078452950042642
      vertex 15 21.865265749726646 11.844624112466674
    endloop
  endfacet
  facet normal 0 0.9359059267573256 -0.35225004792123377
    outer loop
      vertex 15 22.901453680548688 14.346203068224556
      vertex 33 22.901453680548688 14.346203068224556
      vertex 15 22.424306322983636 13.078452950042642
    endloop
  endfacet
  facet normal 0 0.9569403357322085 -0.2902846772544631
    outer loop
      vertex 15 23.294664604183716 15.642445766377822
      vertex 33 23.294664604183716 15.642445766377822
      vertex 15 22.901453680548688 14.346203068224556
    endloop
  endfacet
  facet normal 0 0.9738769792773342 -0.22707626303437092
    outer loop
      vertex 15 23.60225530434687 16.961630334266147
      vertex 33 23.60225530434687 16.961630334266147
      vertex 15 23.294664604183716 15.642445766377822
    endloop
  endfacet
  facet normal 0 0.9866433320848789 -0.16289547339459018
    outer loop
      vertex 15 23.822908630437876 18.298107821044933
      vertex 33 23.822908630437876 18.298107821044933
      vertex 15 23.60225530434687 16.961630334266147
    endloop
  endfacet
  facet normal 0 0.8819212643483554 -0.47139673682599714
    outer loop
      vertex 15 21.22672585833788 10.65
      vertex 33 21.865265749726646 11.844624112466674
      vertex 33 21.22672585833788 10.65
    endloop
  endfacet
  facet normal 0 0.9108638249211752 -0.41270702980439583
    outer loop
      vertex 15 21.865265749726646 11.844624112466674
      vertex 33 22.424306322983636 13.078452950042642
      vertex 33 21.865265749726646 11.844624112466674
    endloop
  endfacet
  facet normal 0 0.9359059267573256 -0.35225004792123377
    outer loop
      vertex 15 22.424306322983636 13.078452950042642
      vertex 33 22.901453680548688 14.346203068224556
      vertex 33 22.424306322983636 13.078452950042642
    endloop
  endfacet
  facet normal 0 0.9569403357322085 -0.2902846772544631
    outer loop
      vertex 15 22.901453680548688 14.346203068224556
      vertex 33 23.294664604183716 15.642445766377822
      vertex 33 22.901453680548688 14.346203068224556
    endloop
  endfacet
  facet normal 0 0.9738769792773342 -0.22707626303437092
    outer loop
      vertex 15 23.294664604183716 15.642445766377822
      vertex 33 23.60225530434687 16.961630334266147
      vertex 33 23.294664604183716 15.642445766377822
    endloop
  endfacet
  facet normal 0 0.9866433320848789 -0.16289547339459018
    outer loop
      vertex 15 23.60225530434687 16.961630334266147
      vertex 33 23.822908630437876 18.298107821044933
      vertex 33 23.60225530434687 16.961630334266147
    endloop
  endfacet
  facet normal 0 0.9994645874763656 -0.03271908282177624
    outer loop
      vertex 22.043478260869566 24 21
      vertex 15 23.955679711039092 19.646155224936038
      vertex 15 24 21
    endloop
  endfacet
  facet normal 0 0.9951847266721969 -0.09801714032956019
    outer loop
      vertex 15 23.955679711039092 19.646155224936038
      vertex 33 23.955679711039092 19.646155224936038
      vertex 15 23.822908630437876 18.298107821044933
    endloop
  endfacet
  facet normal 0 0.9994645874763657 -0.03271908282177624
    outer loop
      vertex 22.043478260869566 24 21
      vertex 33 24 21
      vertex 15 23.955679711039092 19.646155224936038
    endloop
  endfacet
  facet normal 0 0.9951847266721969 -0.09801714032956019
    outer loop
      vertex 15 23.822908630437876 18.298107821044933
      vertex 33 23.955679711039092 19.646155224936038
      vertex 33 23.822908630437876 18.298107821044933
    endloop
  endfacet
  facet normal 0 0.9994645874763657 -0.03271908282177624
    outer loop
      vertex 15 23.955679711039092 19.646155224936038
      vertex 33 24 21
      vertex 33 23.955679711039092 19.646155224936038
    endloop
  endfacet
  facet normal 0 0.41270702980439616 -0.9108638249211752
    outer loop
      vertex -9 12 2.2284061199354483
      vertex -9 12.455375887533327 2.4347342502733547
      vertex 9 12 2.2284061199354483
    endloop
  endfacet
  facet normal 0 0.47139673682599714 -0.8819212643483554
    outer loop
      vertex -9 12.455375887533327 2.4347342502733547
      vertex -9 13.65 3.0732741416621217
      vertex 9 13.65 3.0732741416621217
    endloop
  endfacet
  facet normal 0 0.5280678506503669 -0.8492021815265796
    outer loop
      vertex -9 13.65 3.0732741416621217
      vertex -9 14.800303823505766 3.788579025337313
      vertex 9 14.800303823505766 3.788579025337313
    endloop
  endfacet
  facet normal 0 0.5824776968678018 -0.8128466845916156
    outer loop
      vertex -9 14.800303823505766 3.788579025337313
      vertex -9 15.901361580480518 4.5775858559714315
      vertex 9 15.901361580480518 4.5775858559714315
    endloop
  endfacet
  facet normal 0 0.41270702980439616 -0.9108638249211752
    outer loop
      vertex 9 12 2.2284061199354483
      vertex -9 12.455375887533327 2.4347342502733547
      vertex 9 12.455375887533327 2.4347342502733547
    endloop
  endfacet
  facet normal 0 0.47139673682599714 -0.8819212643483554
    outer loop
      vertex -9 12.455375887533327 2.4347342502733547
      vertex 9 13.65 3.0732741416621217
      vertex 9 12.455375887533327 2.4347342502733547
    endloop
  endfacet
  facet normal 0 0.5280678506503669 -0.8492021815265796
    outer loop
      vertex -9 13.65 3.0732741416621217
      vertex 9 14.800303823505766 3.788579025337313
      vertex 9 13.65 3.0732741416621217
    endloop
  endfacet
  facet normal 0 0.5824776968678018 -0.8128466845916156
    outer loop
      vertex -9 14.800303823505766 3.788579025337313
      vertex 9 15.901361580480518 4.5775858559714315
      vertex 9 14.800303823505766 3.788579025337313
    endloop
  endfacet
  facet normal 0 0.6343932841636472 -0.7730104533627356
    outer loop
      vertex -9 15.901361580480518 4.5775858559714315
      vertex 9 16.948458372571423 5.436915985185168
      vertex 9 15.901361580480518 4.5775858559714315
    endloop
  endfacet
  facet normal 0 0.6343932841636472 -0.7730104533627356
    outer loop
      vertex -9 15.901361580480518 4.5775858559714315
      vertex -9 16.948458372571423 5.436915985185168
      vertex 9 16.948458372571423 5.436915985185168
    endloop
  endfacet
  facet normal 0 0.6835923020228697 -0.7298640726978372
    outer loop
      vertex -9 16.948458372571423 5.436915985185168
      vertex -9 17.937110370561534 6.362889629438465
      vertex 9 17.937110370561534 6.362889629438465
    endloop
  endfacet
  facet normal 0 0.7298640726978372 -0.6835923020228697
    outer loop
      vertex -9 18.86308401481483 7.351541627428576
      vertex 9 18.86308401481483 7.351541627428576
      vertex -9 17.937110370561534 6.362889629438465
    endloop
  endfacet
  facet normal 0 0.7730104533627356 -0.6343932841636473
    outer loop
      vertex -9 19.72241414402857 8.398638419519482
      vertex 9 19.72241414402857 8.398638419519482
      vertex -9 18.86308401481483 7.351541627428576
    endloop
  endfacet
  facet normal 0 0.8128466845916156 -0.5824776968678018
    outer loop
      vertex -9 20.511420974662688 9.499696176494234
      vertex 9 20.511420974662688 9.499696176494234
      vertex -9 19.72241414402857 8.398638419519482
    endloop
  endfacet
  facet normal 0 0.8492021815265796 -0.5280678506503669
    outer loop
      vertex -9 21.22672585833788 10.65
      vertex 9 21.22672585833788 10.65
      vertex -9 20.511420974662688 9.499696176494234
    endloop
  endfacet
  facet normal 0 0.6835923020228697 -0.7298640726978372
    outer loop
      vertex -9 16.948458372571423 5.436915985185168
      vertex 9 17.937110370561534 6.362889629438465
      vertex 9 16.948458372571423 5.436915985185168
    endloop
  endfacet
  facet normal 0 0.7298640726978372 -0.6835923020228697
    outer loop
      vertex -9 17.937110370561534 6.362889629438465
      vertex 9 18.86308401481483 7.351541627428576
      vertex 9 17.937110370561534 6.362889629438465
    endloop
  endfacet
  facet normal 0 0.7730104533627356 -0.6343932841636473
    outer loop
      vertex -9 18.86308401481483 7.351541627428576
      vertex 9 19.72241414402857 8.398638419519482
      vertex 9 18.86308401481483 7.351541627428576
    endloop
  endfacet
  facet normal 0 0.8128466845916156 -0.5824776968678018
    outer loop
      vertex -9 19.72241414402857 8.398638419519482
      vertex 9 20.511420974662688 9.499696176494234
      vertex 9 19.72241414402857 8.398638419519482
    endloop
  endfacet
  facet normal 0 0.8492021815265796 -0.5280678506503669
    outer loop
      vertex 9 21.22672585833788 10.65
      vertex 9 20.511420974662688 9.499696176494234
      vertex -9 20.511420974662688 9.499696176494234
    endloop
  endfacet
  facet normal 0 0.8819212643483554 -0.47139673682599714
    outer loop
      vertex -9 21.865265749726646 11.844624112466674
      vertex 9 21.865265749726646 11.844624112466674
      vertex -9 21.22672585833788 10.65
    endloop
  endfacet
  facet normal 0 0.9108638249211752 -0.41270702980439583
    outer loop
      vertex -9 22.424306322983636 13.078452950042642
      vertex 9 22.424306322983636 13.078452950042642
      vertex -9 21.865265749726646 11.844624112466674
    endloop
  endfacet
  facet normal 0 0.9359059267573256 -0.35225004792123377
    outer loop
      vertex -9 22.901453680548688 14.346203068224556
      vertex 9 22.901453680548688 14.346203068224556
      vertex -9 22.424306322983636 13.078452950042642
    endloop
  endfacet
  facet normal 0 0.9569403357322085 -0.2902846772544631
    outer loop
      vertex -9 23.294664604183716 15.642445766377822
      vertex 9 23.294664604183716 15.642445766377822
      vertex -9 22.901453680548688 14.346203068224556
    endloop
  endfacet
  facet normal 0 0.9738769792773342 -0.22707626303437092
    outer loop
      vertex -9 23.60225530434687 16.961630334266147
      vertex 9 23.60225530434687 16.961630334266147
      vertex -9 23.294664604183716 15.642445766377822
    endloop
  endfacet
  facet normal 0 0.9866433320848789 -0.16289547339459018
    outer loop
      vertex -9 23.822908630437876 18.298107821044933
      vertex 9 23.822908630437876 18.298107821044933
      vertex -9 23.60225530434687 16.961630334266147
    endloop
  endfacet
  facet normal 0 0.8819212643483554 -0.47139673682599714
    outer loop
      vertex -9 21.22672585833788 10.65
      vertex 9 21.865265749726646 11.844624112466674
      vertex 9 21.22672585833788 10.65
    endloop
  endfacet
  facet normal 0 0.9108638249211752 -0.41270702980439583
    outer loop
      vertex -9 21.865265749726646 11.844624112466674
      vertex 9 22.424306322983636 13.078452950042642
      vertex 9 21.865265749726646 11.844624112466674
    endloop
  endfacet
  facet normal 0 0.9359059267573256 -0.35225004792123377
    outer loop
      vertex -9 22.424306322983636 13.078452950042642
      vertex 9 22.901453680548688 14.346203068224556
      vertex 9 22.424306322983636 13.078452950042642
    endloop
  endfacet
  facet normal 0 0.9569403357322085 -0.2902846772544631
    outer loop
      vertex -9 22.901453680548688 14.346203068224556
      vertex 9 23.294664604183716 15.642445766377822
      vertex 9 22.901453680548688 14.346203068224556
    endloop
  endfacet
  facet normal 0 0.9738769792773342 -0.22707626303437092
    outer loop
      vertex -9 23.294664604183716 15.642445766377822
      vertex 9 23.60225530434687 16.961630334266147
      vertex 9 23.294664604183716 15.642445766377822
    endloop
  endfacet
  facet normal 0 0.9866433320848789 -0.16289547339459018
    outer loop
      vertex -9 23.60225530434687 16.961630334266147
      vertex 9 23.822908630437876 18.298107821044933
      vertex 9 23.60225530434687 16.961630334266147
    endloop
  endfacet
  facet normal 0 0.9994645874763656 -0.03271908282177624
    outer loop
      vertex -1.9565217391304346 24 21
      vertex -9 23.955679711039092 19.646155224936038
      vertex -9 24 21
    endloop
  endfacet
  facet normal 0 0.9951847266721969 -0.09801714032956019
    outer loop
      vertex -9 23.955679711039092 19.646155224936038
      vertex 9 23.955679711039092 19.646155224936038
      vertex -9 23.822908630437876 18.298107821044933
    endloop
  endfacet
  facet normal 0 0.9994645874763657 -0.03271908282177624
    outer loop
      vertex -1.9565217391304346 24 21
      vertex 9 24 21
      vertex -9 23.955679711039092 19.646155224936038
    endloop
  endfacet
  facet normal 0 0.9951847266721969 -0.09801714032956019
    outer loop
      vertex -9 23.822908630437876 18.298107821044933
      vertex 9 23.955679711039092 19.646155224936038
      vertex 9 23.822908630437876 18.298107821044933
    endloop
  endfacet
  facet normal 0 0.9994645874763657 -0.03271908282177624
    outer loop
      vertex -9 23.955679711039092 19.646155224936038
      vertex 9 24 21
      vertex 9 23.955679711039092 19.646155224936038
    endloop
  endfacet
  facet normal 0 0.41270702980439616 -0.9108638249211752
    outer loop
      vertex 63 -6 2.2284061199354483
      vertex 63 -5.544624112466673 2.4347342502733547
      vertex 81 -6 2.2284061199354483
    endloop
  endfacet
  facet normal 0 0.47139673682599714 -0.8819212643483554
    outer loop
      vertex 63 -5.544624112466673 2.4347342502733547
      vertex 63 -4.35 3.0732741416621217
      vertex 81 -4.35 3.0732741416621217
    endloop
  endfacet
  facet normal 0 0.5280678506503669 -0.8492021815265796
    outer loop
      vertex 63 -4.35 3.0732741416621217
      vertex 63 -3.1996961764942338 3.788579025337313
      vertex 81 -3.1996961764942338 3.788579025337313
    endloop
  endfacet
  facet normal 0 0.5824776968678018 -0.8128466845916156
    outer loop
      vertex 63 -3.1996961764942338 3.788579025337313
      vertex 63 -2.0986384195194816 4.5775858559714315
      vertex 81 -2.0986384195194816 4.5775858559714315
    endloop
  endfacet
  facet normal 0 0.6343932841636466 -0.7730104533627362
    outer loop
      vertex 63 -2.0986384195194816 4.5775858559714315
      vertex 63 -1.0515416274285752 5.436915985185168
      vertex 81 -1.0515416274285752 5.436915985185168
    endloop
  endfacet
  facet normal 0 0.6835923020228697 -0.7298640726978372
    outer loop
      vertex 63 -1.0515416274285752 5.436915985185168
      vertex 63 -0.06288962943846421 6.362889629438465
      vertex 81 -0.06288962943846421 6.362889629438465
    endloop
  endfacet
  facet normal 0 0.7298640726978372 -0.6835923020228697
    outer loop
      vertex 63 0.8630840148148327 7.351541627428576
      vertex 81 0.8630840148148327 7.351541627428576
      vertex 63 -0.06288962943846421 6.362889629438465
    endloop
  endfacet
  facet normal 0 0.7730104533627362 -0.6343932841636466
    outer loop
      vertex 63 1.7224141440285692 8.398638419519482
      vertex 81 1.7224141440285692 8.398638419519482
      vertex 63 0.8630840148148327 7.351541627428576
    endloop
  endfacet
  facet normal 0 0.41270702980439616 -0.9108638249211752
    outer loop
      vertex 81 -6 2.2284061199354483
      vertex 63 -5.544624112466673 2.4347342502733547
      vertex 81 -5.544624112466673 2.4347342502733547
    endloop
  endfacet
  facet normal 0 0.47139673682599714 -0.8819212643483554
    outer loop
      vertex 63 -5.544624112466673 2.4347342502733547
      vertex 81 -4.35 3.0732741416621217
      vertex 81 -5.544624112466673 2.4347342502733547
    endloop
  endfacet
  facet normal 0 0.5280678506503669 -0.8492021815265796
    outer loop
      vertex 63 -4.35 3.0732741416621217
      vertex 81 -3.1996961764942338 3.788579025337313
      vertex 81 -4.35 3.0732741416621217
    endloop
  endfacet
  facet normal 0 0.5824776968678018 -0.8128466845916156
    outer loop
      vertex 63 -3.1996961764942338 3.788579025337313
      vertex 81 -2.0986384195194816 4.5775858559714315
      vertex 81 -3.1996961764942338 3.788579025337313
    endloop
  endfacet
  facet normal 0 0.6343932841636466 -0.7730104533627362
    outer loop
      vertex 63 -2.0986384195194816 4.5775858559714315
      vertex 81 -1.0515416274285752 5.436915985185168
      vertex 81 -2.0986384195194816 4.5775858559714315
    endloop
  endfacet
  facet normal 0 0.6835923020228697 -0.7298640726978372
    outer loop
      vertex 63 -1.0515416274285752 5.436915985185168
      vertex 81 -0.06288962943846421 6.362889629438465
      vertex 81 -1.0515416274285752 5.436915985185168
    endloop
  endfacet
  facet normal 0 0.7298640726978372 -0.6835923020228697
    outer loop
      vertex 63 -0.06288962943846421 6.362889629438465
      vertex 81 0.8630840148148327 7.351541627428576
      vertex 81 -0.06288962943846421 6.362889629438465
    endloop
  endfacet
  facet normal 0 0.7730104533627362 -0.6343932841636466
    outer loop
      vertex 63 0.8630840148148327 7.351541627428576
      vertex 81 1.7224141440285692 8.398638419519482
      vertex 81 0.8630840148148327 7.351541627428576
    endloop
  endfacet
  facet normal 0 0.8128466845916156 -0.5824776968678018
    outer loop
      vertex 63 2.5114209746626877 9.499696176494234
      vertex 81 2.5114209746626877 9.499696176494234
      vertex 63 1.7224141440285692 8.398638419519482
    endloop
  endfacet
  facet normal 0 0.8492021815265796 -0.5280678506503669
    outer loop
      vertex 63 3.226725858337879 10.65
      vertex 81 3.226725858337879 10.65
      vertex 63 2.5114209746626877 9.499696176494234
    endloop
  endfacet
  facet normal 0 0.8128466845916156 -0.5824776968678018
    outer loop
      vertex 63 1.7224141440285692 8.398638419519482
      vertex 81 2.5114209746626877 9.499696176494234
      vertex 81 1.7224141440285692 8.398638419519482
    endloop
  endfacet
  facet normal 0 0.8492021815265796 -0.5280678506503669
    outer loop
      vertex 81 3.226725858337879 10.65
      vertex 81 2.5114209746626877 9.499696176494234
      vertex 63 2.5114209746626877 9.499696176494234
    endloop
  endfacet
  facet normal 0 0.8819212643483554 -0.47139673682599714
    outer loop
      vertex 63 3.865265749726646 11.844624112466674
      vertex 81 3.865265749726646 11.844624112466674
      vertex 63 3.226725858337879 10.65
    endloop
  endfacet
  facet normal 0 0.9108638249211752 -0.41270702980439583
    outer loop
      vertex 63 4.424306322983636 13.078452950042642
      vertex 81 4.424306322983636 13.078452950042642
      vertex 63 3.865265749726646 11.844624112466674
    endloop
  endfacet
  facet normal 0 0.9359059267573256 -0.35225004792123377
    outer loop
      vertex 63 4.901453680548688 14.346203068224556
      vertex 81 4.901453680548688 14.346203068224556
      vertex 63 4.424306322983636 13.078452950042642
    endloop
  endfacet
  facet normal 0 0.9569403357322085 -0.2902846772544631
    outer loop
      vertex 63 5.2946646041837155 15.642445766377822
      vertex 81 5.2946646041837155 15.642445766377822
      vertex 63 4.901453680548688 14.346203068224556
    endloop
  endfacet
  facet normal 0 0.9738769792773342 -0.22707626303437092
    outer loop
      vertex 63 5.602255304346869 16.961630334266147
      vertex 81 5.602255304346869 16.961630334266147
      vertex 63 5.2946646041837155 15.642445766377822
    endloop
  endfacet
  facet normal 0 0.9866433320848789 -0.16289547339459018
    outer loop
      vertex 63 5.822908630437876 18.298107821044933
      vertex 81 5.822908630437876 18.298107821044933
      vertex 63 5.602255304346869 16.961630334266147
    endloop
  endfacet
  facet normal 0 0.8819212643483554 -0.47139673682599714
    outer loop
      vertex 63 3.226725858337879 10.65
      vertex 81 3.865265749726646 11.844624112466674
      vertex 81 3.226725858337879 10.65
    endloop
  endfacet
  facet normal 0 0.9108638249211752 -0.41270702980439583
    outer loop
      vertex 63 3.865265749726646 11.844624112466674
      vertex 81 4.424306322983636 13.078452950042642
      vertex 81 3.865265749726646 11.844624112466674
    endloop
  endfacet
  facet normal 0 0.9359059267573256 -0.35225004792123377
    outer loop
      vertex 63 4.424306322983636 13.078452950042642
      vertex 81 4.901453680548688 14.346203068224556
      vertex 81 4.424306322983636 13.078452950042642
    endloop
  endfacet
  facet normal 0 0.9569403357322085 -0.2902846772544631
    outer loop
      vertex 63 4.901453680548688 14.346203068224556
      vertex 81 5.2946646041837155 15.642445766377822
      vertex 81 4.901453680548688 14.346203068224556
    endloop
  endfacet
  facet normal 0 0.9738769792773342 -0.22707626303437092
    outer loop
      vertex 63 5.2946646041837155 15.642445766377822
      vertex 81 5.602255304346869 16.961630334266147
      vertex 81 5.2946646041837155 15.642445766377822
    endloop
  endfacet
  facet normal 0 0.9866433320848789 -0.16289547339459018
    outer loop
      vertex 63 5.602255304346869 16.961630334266147
      vertex 81 5.822908630437876 18.298107821044933
      vertex 81 5.602255304346869 16.961630334266147
    endloop
  endfacet
  facet normal 0 0.9951847266721969 -0.09801714032956019
    outer loop
      vertex 63 5.955679711039092 19.646155224936038
      vertex 81 5.955679711039092 19.646155224936038
      vertex 63 5.822908630437876 18.298107821044933
    endloop
  endfacet
  facet normal 0 0.9994645874763656 -0.03271908282177624
    outer loop
      vertex 70.04347826086956 6 21
      vertex 63 5.955679711039092 19.646155224936038
      vertex 63 6 21
    endloop
  endfacet
  facet normal 0 0.9951847266721969 -0.09801714032956019
    outer loop
      vertex 63 5.822908630437876 18.298107821044933
      vertex 81 5.955679711039092 19.646155224936038
      vertex 81 5.822908630437876 18.298107821044933
    endloop
  endfacet
  facet normal 0 0.9994645874763657 -0.03271908282177624
    outer loop
      vertex 63 5.955679711039092 19.646155224936038
      vertex 81 6 21
      vertex 81 5.955679711039092 19.646155224936038
    endloop
  endfacet
  facet normal 0 0.9994645874763657 -0.03271908282177624
    outer loop
      vertex 70.04347826086956 6 21
      vertex 81 6 21
      vertex 63 5.955679711039092 19.646155224936038
    endloop
  endfacet
  facet normal 0 0.41270702980439616 -0.9108638249211752
    outer loop
      vertex 39 -6 2.2284061199354483
      vertex 39 -5.544624112466673 2.4347342502733547
      vertex 57 -6 2.2284061199354483
    endloop
  endfacet
  facet normal 0 0.47139673682599714 -0.8819212643483554
    outer loop
      vertex 39 -5.544624112466673 2.4347342502733547
      vertex 39 -4.35 3.0732741416621217
      vertex 57 -4.35 3.0732741416621217
    endloop
  endfacet
  facet normal 0 0.5280678506503669 -0.8492021815265796
    outer loop
      vertex 39 -4.35 3.0732741416621217
      vertex 39 -3.1996961764942338 3.788579025337313
      vertex 57 -3.1996961764942338 3.788579025337313
    endloop
  endfacet
  facet normal 0 0.5824776968678018 -0.8128466845916156
    outer loop
      vertex 39 -3.1996961764942338 3.788579025337313
      vertex 39 -2.0986384195194816 4.5775858559714315
      vertex 57 -2.0986384195194816 4.5775858559714315
    endloop
  endfacet
  facet normal 0 0.6343932841636466 -0.7730104533627362
    outer loop
      vertex 39 -2.0986384195194816 4.5775858559714315
      vertex 39 -1.0515416274285752 5.436915985185168
      vertex 57 -1.0515416274285752 5.436915985185168
    endloop
  endfacet
  facet normal 0 0.6835923020228697 -0.7298640726978372
    outer loop
      vertex 39 -1.0515416274285752 5.436915985185168
      vertex 39 -0.06288962943846421 6.362889629438465
      vertex 57 -0.06288962943846421 6.362889629438465
    endloop
  endfacet
  facet normal 0 0.7298640726978372 -0.6835923020228697
    outer loop
      vertex 39 0.8630840148148327 7.351541627428576
      vertex 57 0.8630840148148327 7.351541627428576
      vertex 39 -0.06288962943846421 6.362889629438465
    endloop
  endfacet
  facet normal 0 0.7730104533627362 -0.6343932841636466
    outer loop
      vertex 39 1.7224141440285692 8.398638419519482
      vertex 57 1.7224141440285692 8.398638419519482
      vertex 39 0.8630840148148327 7.351541627428576
    endloop
  endfacet
  facet normal 0 0.41270702980439616 -0.9108638249211752
    outer loop
      vertex 57 -6 2.2284061199354483
      vertex 39 -5.544624112466673 2.4347342502733547
      vertex 57 -5.544624112466673 2.4347342502733547
    endloop
  endfacet
  facet normal 0 0.47139673682599714 -0.8819212643483554
    outer loop
      vertex 39 -5.544624112466673 2.4347342502733547
      vertex 57 -4.35 3.0732741416621217
      vertex 57 -5.544624112466673 2.4347342502733547
    endloop
  endfacet
  facet normal 0 0.5280678506503669 -0.8492021815265796
    outer loop
      vertex 39 -4.35 3.0732741416621217
      vertex 57 -3.1996961764942338 3.788579025337313
      vertex 57 -4.35 3.0732741416621217
    endloop
  endfacet
  facet normal 0 0.5824776968678018 -0.8128466845916156
    outer loop
      vertex 39 -3.1996961764942338 3.788579025337313
      vertex 57 -2.0986384195194816 4.5775858559714315
      vertex 57 -3.1996961764942338 3.788579025337313
    endloop
  endfacet
  facet normal 0 0.6343932841636466 -0.7730104533627362
    outer loop
      vertex 39 -2.0986384195194816 4.5775858559714315
      vertex 57 -1.0515416274285752 5.436915985185168
      vertex 57 -2.0986384195194816 4.5775858559714315
    endloop
  endfacet
  facet normal 0 0.6835923020228697 -0.7298640726978372
    outer loop
      vertex 39 -1.0515416274285752 5.436915985185168
      vertex 57 -0.06288962943846421 6.362889629438465
      vertex 57 -1.0515416274285752 5.436915985185168
    endloop
  endfacet
  facet normal 0 0.7298640726978372 -0.6835923020228697
    outer loop
      vertex 39 -0.06288962943846421 6.362889629438465
      vertex 57 0.8630840148148327 7.351541627428576
      vertex 57 -0.06288962943846421 6.362889629438465
    endloop
  endfacet
  facet normal 0 0.7730104533627362 -0.6343932841636466
    outer loop
      vertex 39 0.8630840148148327 7.351541627428576
      vertex 57 1.7224141440285692 8.398638419519482
      vertex 57 0.8630840148148327 7.351541627428576
    endloop
  endfacet
  facet normal 0 0.8128466845916156 -0.5824776968678018
    outer loop
      vertex 39 2.5114209746626877 9.499696176494234
      vertex 57 2.5114209746626877 9.499696176494234
      vertex 39 1.7224141440285692 8.398638419519482
    endloop
  endfacet
  facet normal 0 0.8492021815265796 -0.5280678506503669
    outer loop
      vertex 39 3.226725858337879 10.65
      vertex 57 3.226725858337879 10.65
      vertex 39 2.5114209746626877 9.499696176494234
    endloop
  endfacet
  facet normal 0 0.8128466845916156 -0.5824776968678018
    outer loop
      vertex 39 1.7224141440285692 8.398638419519482
      vertex 57 2.5114209746626877 9.499696176494234
      vertex 57 1.7224141440285692 8.398638419519482
    endloop
  endfacet
  facet normal 0 0.8492021815265796 -0.5280678506503669
    outer loop
      vertex 57 3.226725858337879 10.65
      vertex 57 2.5114209746626877 9.499696176494234
      vertex 39 2.5114209746626877 9.499696176494234
    endloop
  endfacet
  facet normal 0 0.8819212643483554 -0.47139673682599714
    outer loop
      vertex 39 3.865265749726646 11.844624112466674
      vertex 57 3.865265749726646 11.844624112466674
      vertex 39 3.226725858337879 10.65
    endloop
  endfacet
  facet normal 0 0.9108638249211752 -0.41270702980439583
    outer loop
      vertex 39 4.424306322983636 13.078452950042642
      vertex 57 4.424306322983636 13.078452950042642
      vertex 39 3.865265749726646 11.844624112466674
    endloop
  endfacet
  facet normal 0 0.9359059267573256 -0.35225004792123377
    outer loop
      vertex 39 4.901453680548688 14.346203068224556
      vertex 57 4.901453680548688 14.346203068224556
      vertex 39 4.424306322983636 13.078452950042642
    endloop
  endfacet
  facet normal 0 0.9569403357322085 -0.2902846772544631
    outer loop
      vertex 39 5.2946646041837155 15.642445766377822
      vertex 57 5.2946646041837155 15.642445766377822
      vertex 39 4.901453680548688 14.346203068224556
    endloop
  endfacet
  facet normal 0 0.9738769792773342 -0.22707626303437092
    outer loop
      vertex 39 5.602255304346869 16.961630334266147
      vertex 57 5.602255304346869 16.961630334266147
      vertex 39 5.2946646041837155 15.642445766377822
    endloop
  endfacet
  facet normal 0 0.9866433320848789 -0.16289547339459018
    outer loop
      vertex 39 5.822908630437876 18.298107821044933
      vertex 57 5.822908630437876 18.298107821044933
      vertex 39 5.602255304346869 16.961630334266147
    endloop
  endfacet
  facet normal 0 0.8819212643483554 -0.47139673682599714
    outer loop
      vertex 39 3.226725858337879 10.65
      vertex 57 3.865265749726646 11.844624112466674
      vertex 57 3.226725858337879 10.65
    endloop
  endfacet
  facet normal 0 0.9108638249211752 -0.41270702980439583
    outer loop
      vertex 39 3.865265749726646 11.844624112466674
      vertex 57 4.424306322983636 13.078452950042642
      vertex 57 3.865265749726646 11.844624112466674
    endloop
  endfacet
  facet normal 0 0.9359059267573256 -0.35225004792123377
    outer loop
      vertex 39 4.424306322983636 13.078452950042642
      vertex 57 4.901453680548688 14.346203068224556
      vertex 57 4.424306322983636 13.078452950042642
    endloop
  endfacet
  facet normal 0 0.9569403357322085 -0.2902846772544631
    outer loop
      vertex 39 4.901453680548688 14.346203068224556
      vertex 57 5.2946646041837155 15.642445766377822
      vertex 57 4.901453680548688 14.346203068224556
    endloop
  endfacet
  facet normal 0 0.9738769792773342 -0.22707626303437092
    outer loop
      vertex 39 5.2946646041837155 15.642445766377822
      vertex 57 5.602255304346869 16.961630334266147
      vertex 57 5.2946646041837155 15.642445766377822
    endloop
  endfacet
  facet normal 0 0.9866433320848789 -0.16289547339459018
    outer loop
      vertex 39 5.602255304346869 16.961630334266147
      vertex 57 5.822908630437876 18.298107821044933
      vertex 57 5.602255304346869 16.961630334266147
    endloop
  endfacet
  facet normal 0 0.9994645874763656 -0.03271908282177624
    outer loop
      vertex 46.04347826086956 6 21
      vertex 39 5.955679711039092 19.646155224936038
      vertex 39 6 21
    endloop
  endfacet
  facet normal 0 0.9951847266721969 -0.09801714032956019
    outer loop
      vertex 39 5.955679711039092 19.646155224936038
      vertex 57 5.955679711039092 19.646155224936038
      vertex 39 5.822908630437876 18.298107821044933
    endloop
  endfacet
  facet normal 0 0.9951847266721969 -0.09801714032956019
    outer loop
      vertex 39 5.822908630437876 18.298107821044933
      vertex 57 5.955679711039092 19.646155224936038
      vertex 57 5.822908630437876 18.298107821044933
    endloop
  endfacet
  facet normal 0 0.9994645874763657 -0.03271908282177624
    outer loop
      vertex 39 5.955679711039092 19.646155224936038
      vertex 57 6 21
      vertex 57 5.955679711039092 19.646155224936038
    endloop
  endfacet
  facet normal 0 0.9994645874763657 -0.03271908282177624
    outer loop
      vertex 46.04347826086956 6 21
      vertex 57 6 21
      vertex 39 5.955679711039092 19.646155224936038
    endloop
  endfacet
  facet normal 0 0.41270702980439616 -0.9108638249211752
    outer loop
      vertex -9 -6 2.2284061199354483
      vertex -9 -5.544624112466673 2.4347342502733547
      vertex 9 -6 2.2284061199354483
    endloop
  endfacet
  facet normal 0 0.47139673682599714 -0.8819212643483554
    outer loop
      vertex -9 -5.544624112466673 2.4347342502733547
      vertex -9 -4.35 3.0732741416621217
      vertex 9 -4.35 3.0732741416621217
    endloop
  endfacet
  facet normal 0 0.5280678506503669 -0.8492021815265796
    outer loop
      vertex -9 -4.35 3.0732741416621217
      vertex -9 -3.1996961764942338 3.788579025337313
      vertex 9 -3.1996961764942338 3.788579025337313
    endloop
  endfacet
  facet normal 0 0.5824776968678018 -0.8128466845916156
    outer loop
      vertex -9 -3.1996961764942338 3.788579025337313
      vertex -9 -2.0986384195194816 4.5775858559714315
      vertex 9 -2.0986384195194816 4.5775858559714315
    endloop
  endfacet
  facet normal 0 0.6343932841636466 -0.7730104533627362
    outer loop
      vertex -9 -2.0986384195194816 4.5775858559714315
      vertex -9 -1.0515416274285752 5.436915985185168
      vertex 9 -1.0515416274285752 5.436915985185168
    endloop
  endfacet
  facet normal 0 0.6835923020228697 -0.7298640726978372
    outer loop
      vertex -9 -1.0515416274285752 5.436915985185168
      vertex -9 -0.06288962943846421 6.362889629438465
      vertex 9 -0.06288962943846421 6.362889629438465
    endloop
  endfacet
  facet normal 0 0.7298640726978372 -0.6835923020228697
    outer loop
      vertex -9 0.8630840148148327 7.351541627428576
      vertex 9 0.8630840148148327 7.351541627428576
      vertex -9 -0.06288962943846421 6.362889629438465
    endloop
  endfacet
  facet normal 0 0.7730104533627362 -0.6343932841636466
    outer loop
      vertex -9 1.7224141440285692 8.398638419519482
      vertex 9 1.7224141440285692 8.398638419519482
      vertex -9 0.8630840148148327 7.351541627428576
    endloop
  endfacet
  facet normal 0 0.41270702980439616 -0.9108638249211752
    outer loop
      vertex 9 -6 2.2284061199354483
      vertex -9 -5.544624112466673 2.4347342502733547
      vertex 9 -5.544624112466673 2.4347342502733547
    endloop
  endfacet
  facet normal 0 0.47139673682599714 -0.8819212643483554
    outer loop
      vertex -9 -5.544624112466673 2.4347342502733547
      vertex 9 -4.35 3.0732741416621217
      vertex 9 -5.544624112466673 2.4347342502733547
    endloop
  endfacet
  facet normal 0 0.5280678506503669 -0.8492021815265796
    outer loop
      vertex -9 -4.35 3.0732741416621217
      vertex 9 -3.1996961764942338 3.788579025337313
      vertex 9 -4.35 3.0732741416621217
    endloop
  endfacet
  facet normal 0 0.5824776968678018 -0.8128466845916156
    outer loop
      vertex -9 -3.1996961764942338 3.788579025337313
      vertex 9 -2.0986384195194816 4.5775858559714315
      vertex 9 -3.1996961764942338 3.788579025337313
    endloop
  endfacet
  facet normal 0 0.6343932841636466 -0.7730104533627362
    outer loop
      vertex -9 -2.0986384195194816 4.5775858559714315
      vertex 9 -1.0515416274285752 5.436915985185168
      vertex 9 -2.0986384195194816 4.5775858559714315
    endloop
  endfacet
  facet normal 0 0.6835923020228697 -0.7298640726978372
    outer loop
      vertex -9 -1.0515416274285752 5.436915985185168
      vertex 9 -0.06288962943846421 6.362889629438465
      vertex 9 -1.0515416274285752 5.436915985185168
    endloop
  endfacet
  facet normal 0 0.7298640726978372 -0.6835923020228697
    outer loop
      vertex -9 -0.06288962943846421 6.362889629438465
      vertex 9 0.8630840148148327 7.351541627428576
      vertex 9 -0.06288962943846421 6.362889629438465
    endloop
  endfacet
  facet normal 0 0.7730104533627362 -0.6343932841636466
    outer loop
      vertex -9 0.8630840148148327 7.351541627428576
      vertex 9 1.7224141440285692 8.398638419519482
      vertex 9 0.8630840148148327 7.351541627428576
    endloop
  endfacet
  facet normal 0 0.8128466845916156 -0.5824776968678018
    outer loop
      vertex -9 2.5114209746626877 9.499696176494234
      vertex 9 2.5114209746626877 9.499696176494234
      vertex -9 1.7224141440285692 8.398638419519482
    endloop
  endfacet
  facet normal 0 0.8492021815265796 -0.5280678506503669
    outer loop
      vertex -9 3.226725858337879 10.65
      vertex 9 3.226725858337879 10.65
      vertex -9 2.5114209746626877 9.499696176494234
    endloop
  endfacet
  facet normal 0 0.8128466845916156 -0.5824776968678018
    outer loop
      vertex -9 1.7224141440285692 8.398638419519482
      vertex 9 2.5114209746626877 9.499696176494234
      vertex 9 1.7224141440285692 8.398638419519482
    endloop
  endfacet
  facet normal 0 0.8492021815265796 -0.5280678506503669
    outer loop
      vertex 9 3.226725858337879 10.65
      vertex 9 2.5114209746626877 9.499696176494234
      vertex -9 2.5114209746626877 9.499696176494234
    endloop
  endfacet
  facet normal 0 0.8819212643483554 -0.47139673682599714
    outer loop
      vertex -9 3.865265749726646 11.844624112466674
      vertex 9 3.865265749726646 11.844624112466674
      vertex -9 3.226725858337879 10.65
    endloop
  endfacet
  facet normal 0 0.9108638249211752 -0.41270702980439583
    outer loop
      vertex -9 4.424306322983636 13.078452950042642
      vertex 9 4.424306322983636 13.078452950042642
      vertex -9 3.865265749726646 11.844624112466674
    endloop
  endfacet
  facet normal 0 0.9359059267573256 -0.35225004792123377
    outer loop
      vertex -9 4.901453680548688 14.346203068224556
      vertex 9 4.901453680548688 14.346203068224556
      vertex -9 4.424306322983636 13.078452950042642
    endloop
  endfacet
  facet normal 0 0.9569403357322085 -0.2902846772544631
    outer loop
      vertex -9 5.2946646041837155 15.642445766377822
      vertex 9 5.2946646041837155 15.642445766377822
      vertex -9 4.901453680548688 14.346203068224556
    endloop
  endfacet
  facet normal 0 0.9738769792773342 -0.22707626303437092
    outer loop
      vertex -9 5.602255304346869 16.961630334266147
      vertex 9 5.602255304346869 16.961630334266147
      vertex -9 5.2946646041837155 15.642445766377822
    endloop
  endfacet
  facet normal 0 0.9866433320848789 -0.16289547339459018
    outer loop
      vertex -9 5.822908630437876 18.298107821044933
      vertex 9 5.822908630437876 18.298107821044933
      vertex -9 5.602255304346869 16.961630334266147
    endloop
  endfacet
  facet normal 0 0.8819212643483554 -0.47139673682599714
    outer loop
      vertex -9 3.226725858337879 10.65
      vertex 9 3.865265749726646 11.844624112466674
      vertex 9 3.226725858337879 10.65
    endloop
  endfacet
  facet normal 0 0.9108638249211752 -0.41270702980439583
    outer loop
      vertex -9 3.865265749726646 11.844624112466674
      vertex 9 4.424306322983636 13.078452950042642
      vertex 9 3.865265749726646 11.844624112466674
    endloop
  endfacet
  facet normal 0 0.9359059267573256 -0.35225004792123377
    outer loop
      vertex -9 4.424306322983636 13.078452950042642
      vertex 9 4.901453680548688 14.346203068224556
      vertex 9 4.424306322983636 13.078452950042642
    endloop
  endfacet
  facet normal 0 0.9569403357322085 -0.2902846772544631
    outer loop
      vertex -9 4.901453680548688 14.346203068224556
      vertex 9 5.2946646041837155 15.642445766377822
      vertex 9 4.901453680548688 14.346203068224556
    endloop
  endfacet
  facet normal 0 0.9738769792773342 -0.22707626303437092
    outer loop
      vertex -9 5.2946646041837155 15.642445766377822
      vertex 9 5.602255304346869 16.961630334266147
      vertex 9 5.2946646041837155 15.642445766377822
    endloop
  endfacet
  facet normal 0 0.9866433320848789 -0.16289547339459018
    outer loop
      vertex -9 5.602255304346869 16.961630334266147
      vertex 9 5.822908630437876 18.298107821044933
      vertex 9 5.602255304346869 16.961630334266147
    endloop
  endfacet
  facet normal 0 0.9994645874763656 -0.03271908282177624
    outer loop
      vertex -1.9565217391304346 6 21
      vertex -9 5.955679711039092 19.646155224936038
      vertex -9 6 21
    endloop
  endfacet
  facet normal 0 0.9951847266721969 -0.09801714032956019
    outer loop
      vertex -9 5.955679711039092 19.646155224936038
      vertex 9 5.955679711039092 19.646155224936038
      vertex -9 5.822908630437876 18.298107821044933
    endloop
  endfacet
  facet normal 0 0.9994645874763657 -0.03271908282177624
    outer loop
      vertex -1.9565217391304346 6 21
      vertex 9 6 21
      vertex -9 5.955679711039092 19.646155224936038
    endloop
  endfacet
  facet normal 0 0.9951847266721969 -0.09801714032956019
    outer loop
      vertex -9 5.822908630437876 18.298107821044933
      vertex 9 5.955679711039092 19.646155224936038
      vertex 9 5.822908630437876 18.298107821044933
    endloop
  endfacet
  facet normal 0 0.9994645874763657 -0.03271908282177624
    outer loop
      vertex -9 5.955679711039092 19.646155224936038
      vertex 9 6 21
      vertex 9 5.955679711039092 19.646155224936038
    endloop
  endfacet
  facet normal 0 0.41270702980439616 -0.9108638249211752
    outer loop
      vertex 15 -6 2.2284061199354483
      vertex 15 -5.544624112466673 2.4347342502733547
      vertex 33 -6 2.2284061199354483
    endloop
  endfacet
  facet normal 0 0.47139673682599714 -0.8819212643483554
    outer loop
      vertex 15 -5.544624112466673 2.4347342502733547
      vertex 15 -4.35 3.0732741416621217
      vertex 33 -4.35 3.0732741416621217
    endloop
  endfacet
  facet normal 0 0.5280678506503669 -0.8492021815265796
    outer loop
      vertex 15 -4.35 3.0732741416621217
      vertex 15 -3.1996961764942338 3.788579025337313
      vertex 33 -3.1996961764942338 3.788579025337313
    endloop
  endfacet
  facet normal 0 0.5824776968678018 -0.8128466845916156
    outer loop
      vertex 15 -3.1996961764942338 3.788579025337313
      vertex 15 -2.0986384195194816 4.5775858559714315
      vertex 33 -2.0986384195194816 4.5775858559714315
    endloop
  endfacet
  facet normal 0 0.6343932841636466 -0.7730104533627362
    outer loop
      vertex 15 -2.0986384195194816 4.5775858559714315
      vertex 15 -1.0515416274285752 5.436915985185168
      vertex 33 -1.0515416274285752 5.436915985185168
    endloop
  endfacet
  facet normal 0 0.6835923020228697 -0.7298640726978372
    outer loop
      vertex 15 -1.0515416274285752 5.436915985185168
      vertex 15 -0.06288962943846421 6.362889629438465
      vertex 33 -0.06288962943846421 6.362889629438465
    endloop
  endfacet
  facet normal 0 0.7298640726978372 -0.6835923020228697
    outer loop
      vertex 15 0.8630840148148327 7.351541627428576
      vertex 33 0.8630840148148327 7.351541627428576
      vertex 15 -0.06288962943846421 6.362889629438465
    endloop
  endfacet
  facet normal 0 0.7730104533627362 -0.6343932841636466
    outer loop
      vertex 15 1.7224141440285692 8.398638419519482
      vertex 33 1.7224141440285692 8.398638419519482
      vertex 15 0.8630840148148327 7.351541627428576
    endloop
  endfacet
  facet normal 0 0.41270702980439616 -0.9108638249211752
    outer loop
      vertex 33 -6 2.2284061199354483
      vertex 15 -5.544624112466673 2.4347342502733547
      vertex 33 -5.544624112466673 2.4347342502733547
    endloop
  endfacet
  facet normal 0 0.47139673682599714 -0.8819212643483554
    outer loop
      vertex 15 -5.544624112466673 2.4347342502733547
      vertex 33 -4.35 3.0732741416621217
      vertex 33 -5.544624112466673 2.4347342502733547
    endloop
  endfacet
  facet normal 0 0.5280678506503669 -0.8492021815265796
    outer loop
      vertex 15 -4.35 3.0732741416621217
      vertex 33 -3.1996961764942338 3.788579025337313
      vertex 33 -4.35 3.0732741416621217
    endloop
  endfacet
  facet normal 0 0.5824776968678018 -0.8128466845916156
    outer loop
      vertex 15 -3.1996961764942338 3.788579025337313
      vertex 33 -2.0986384195194816 4.5775858559714315
      vertex 33 -3.1996961764942338 3.788579025337313
    endloop
  endfacet
  facet normal 0 0.6343932841636466 -0.7730104533627362
    outer loop
      vertex 15 -2.0986384195194816 4.5775858559714315
      vertex 33 -1.0515416274285752 5.436915985185168
      vertex 33 -2.0986384195194816 4.5775858559714315
    endloop
  endfacet
  facet normal 0 0.6835923020228697 -0.7298640726978372
    outer loop
      vertex 15 -1.0515416274285752 5.436915985185168
      vertex 33 -0.06288962943846421 6.362889629438465
      vertex 33 -1.0515416274285752 5.436915985185168
    endloop
  endfacet
  facet normal 0 0.7298640726978372 -0.6835923020228697
    outer loop
      vertex 15 -0.06288962943846421 6.362889629438465
      vertex 33 0.8630840148148327 7.351541627428576
      vertex 33 -0.06288962943846421 6.362889629438465
    endloop
  endfacet
  facet normal 0 0.7730104533627362 -0.6343932841636466
    outer loop
      vertex 15 0.8630840148148327 7.351541627428576
      vertex 33 1.7224141440285692 8.398638419519482
      vertex 33 0.8630840148148327 7.351541627428576
    endloop
  endfacet
  facet normal 0 0.8128466845916156 -0.5824776968678018
    outer loop
      vertex 15 2.5114209746626877 9.499696176494234
      vertex 33 2.5114209746626877 9.499696176494234
      vertex 15 1.7224141440285692 8.398638419519482
    endloop
  endfacet
  facet normal 0 0.8492021815265796 -0.5280678506503669
    outer loop
      vertex 15 3.226725858337879 10.65
      vertex 33 3.226725858337879 10.65
      vertex 15 2.5114209746626877 9.499696176494234
    endloop
  endfacet
  facet normal 0 0.8128466845916156 -0.5824776968678018
    outer loop
      vertex 15 1.7224141440285692 8.398638419519482
      vertex 33 2.5114209746626877 9.499696176494234
      vertex 33 1.7224141440285692 8.398638419519482
    endloop
  endfacet
  facet normal 0 0.8492021815265796 -0.5280678506503669
    outer loop
      vertex 33 3.226725858337879 10.65
      vertex 33 2.5114209746626877 9.499696176494234
      vertex 15 2.5114209746626877 9.499696176494234
    endloop
  endfacet
  facet normal 0 0.8819212643483554 -0.47139673682599714
    outer loop
      vertex 15 3.865265749726646 11.844624112466674
      vertex 33 3.865265749726646 11.844624112466674
      vertex 15 3.226725858337879 10.65
    endloop
  endfacet
  facet normal 0 0.9108638249211752 -0.41270702980439583
    outer loop
      vertex 15 4.424306322983636 13.078452950042642
      vertex 33 4.424306322983636 13.078452950042642
      vertex 15 3.865265749726646 11.844624112466674
    endloop
  endfacet
  facet normal 0 0.9359059267573256 -0.35225004792123377
    outer loop
      vertex 15 4.901453680548688 14.346203068224556
      vertex 33 4.901453680548688 14.346203068224556
      vertex 15 4.424306322983636 13.078452950042642
    endloop
  endfacet
  facet normal 0 0.9569403357322085 -0.2902846772544631
    outer loop
      vertex 15 5.2946646041837155 15.642445766377822
      vertex 33 5.2946646041837155 15.642445766377822
      vertex 15 4.901453680548688 14.346203068224556
    endloop
  endfacet
  facet normal 0 0.9738769792773342 -0.22707626303437092
    outer loop
      vertex 15 5.602255304346869 16.961630334266147
      vertex 33 5.602255304346869 16.961630334266147
      vertex 15 5.2946646041837155 15.642445766377822
    endloop
  endfacet
  facet normal 0 0.9866433320848789 -0.16289547339459018
    outer loop
      vertex 15 5.822908630437876 18.298107821044933
      vertex 33 5.822908630437876 18.298107821044933
      vertex 15 5.602255304346869 16.961630334266147
    endloop
  endfacet
  facet normal 0 0.8819212643483554 -0.47139673682599714
    outer loop
      vertex 15 3.226725858337879 10.65
      vertex 33 3.865265749726646 11.844624112466674
      vertex 33 3.226725858337879 10.65
    endloop
  endfacet
  facet normal 0 0.9108638249211752 -0.41270702980439583
    outer loop
      vertex 15 3.865265749726646 11.844624112466674
      vertex 33 4.424306322983636 13.078452950042642
      vertex 33 3.865265749726646 11.844624112466674
    endloop
  endfacet
  facet normal 0 0.9359059267573256 -0.35225004792123377
    outer loop
      vertex 15 4.424306322983636 13.078452950042642
      vertex 33 4.901453680548688 14.346203068224556
      vertex 33 4.424306322983636 13.078452950042642
    endloop
  endfacet
  facet normal 0 0.9569403357322085 -0.2902846772544631
    outer loop
      vertex 15 4.901453680548688 14.346203068224556
      vertex 33 5.2946646041837155 15.642445766377822
      vertex 33 4.901453680548688 14.346203068224556
    endloop
  endfacet
  facet normal 0 0.9738769792773342 -0.22707626303437092
    outer loop
      vertex 15 5.2946646041837155 15.642445766377822
      vertex 33 5.602255304346869 16.961630334266147
      vertex 33 5.2946646041837155 15.642445766377822
    endloop
  endfacet
  facet normal 0 0.9866433320848789 -0.16289547339459018
    outer loop
      vertex 15 5.602255304346869 16.961630334266147
      vertex 33 5.822908630437876 18.298107821044933
      vertex 33 5.602255304346869 16.961630334266147
    endloop
  endfacet
  facet normal 0 0.9994645874763656 -0.03271908282177624
    outer loop
      vertex 22.043478260869566 6 21
      vertex 15 5.955679711039092 19.646155224936038
      vertex 15 6 21
    endloop
  endfacet
  facet normal 0 0.9951847266721969 -0.09801714032956019
    outer loop
      vertex 15 5.955679711039092 19.646155224936038
      vertex 33 5.955679711039092 19.646155224936038
      vertex 15 5.822908630437876 18.298107821044933
    endloop
  endfacet
  facet normal 0 0.9994645874763657 -0.03271908282177624
    outer loop
      vertex 22.043478260869566 6 21
      vertex 33 6 21
      vertex 15 5.955679711039092 19.646155224936038
    endloop
  endfacet
  facet normal 0 0.9951847266721969 -0.09801714032956019
    outer loop
      vertex 15 5.822908630437876 18.298107821044933
      vertex 33 5.955679711039092 19.646155224936038
      vertex 33 5.822908630437876 18.298107821044933
    endloop
  endfacet
  facet normal 0 0.9994645874763657 -0.03271908282177624
    outer loop
      vertex 15 5.955679711039092 19.646155224936038
      vertex 33 6 21
      vertex 33 5.955679711039092 19.646155224936038
    endloop
  endfacet
  facet normal -1 0 0
    outer loop
      vertex 63 12 34.5
      vertex 63 12.455375887533327 2.4347342502733547
      vertex 63 12 2.2284061199354483
    endloop
  endfacet
  facet normal 0 -1 0
    outer loop
      vertex 63 12 34.5
      vertex 63 12 2.2284061199354483
      vertex 81 12 2.2284061199354483
    endloop
  endfacet
  facet normal 1 0 0
    outer loop
      vertex 81 12 34.5
      vertex 81 12 2.2284061199354483
      vertex 81 12.455375887533327 2.4347342502733547
    endloop
  endfacet
  facet normal 1 0 0
    outer loop
      vertex 81 12 34.5
      vertex 81 12.455375887533327 2.4347342502733547
      vertex 81 13.65 3.0732741416621217
    endloop
  endfacet
  facet normal 1 0 0
    outer loop
      vertex 81 12 34.5
      vertex 81 13.65 3.0732741416621217
      vertex 81 14.800303823505766 3.788579025337313
    endloop
  endfacet
  facet normal 1 0 0
    outer loop
      vertex 81 12 34.5
      vertex 81 14.800303823505766 3.788579025337313
      vertex 81 15.901361580480518 4.5775858559714315
    endloop
  endfacet
  facet normal 1 0 0
    outer loop
      vertex 81 12 34.5
      vertex 81 15.901361580480518 4.5775858559714315
      vertex 81 16.948458372571423 5.436915985185168
    endloop
  endfacet
  facet normal 1 0 0
    outer loop
      vertex 81 12 34.5
      vertex 81 16.948458372571423 5.436915985185168
      vertex 81 17.937110370561534 6.362889629438465
    endloop
  endfacet
  facet normal 1 0 0
    outer loop
      vertex 81 12 34.5
      vertex 81 17.937110370561534 6.362889629438465
      vertex 81 18.86308401481483 7.351541627428576
    endloop
  endfacet
  facet normal -1 0 0
    outer loop
      vertex 63 16.948458372571423 5.436915985185168
      vertex 63 23.822908630437876 18.298107821044933
      vertex 63 17.937110370561534 6.362889629438465
    endloop
  endfacet
  facet normal -1 0 0
    outer loop
      vertex 63 18.86308401481483 7.351541627428576
      vertex 63 17.937110370561534 6.362889629438465
      vertex 63 23.60225530434687 16.961630334266147
    endloop
  endfacet
  facet normal -1 0 0
    outer loop
      vertex 63 24 34.5
      vertex 63 13.65 3.0732741416621217
      vertex 63 12.455375887533327 2.4347342502733547
    endloop
  endfacet
  facet normal -1 0 0
    outer loop
      vertex 63 24 34.5
      vertex 63 14.800303823505766 3.788579025337313
      vertex 63 13.65 3.0732741416621217
    endloop
  endfacet
  facet normal -1 0 0
    outer loop
      vertex 63 24 34.5
      vertex 63 15.901361580480518 4.5775858559714315
      vertex 63 14.800303823505766 3.788579025337313
    endloop
  endfacet
  facet normal -1 0 0
    outer loop
      vertex 63 24 34.5
      vertex 63 16.948458372571423 5.436915985185168
      vertex 63 15.901361580480518 4.5775858559714315
    endloop
  endfacet
  facet normal -1 0 0
    outer loop
      vertex 63 19.72241414402857 8.398638419519482
      vertex 63 18.86308401481483 7.351541627428576
      vertex 63 23.294664604183716 15.642445766377822
    endloop
  endfacet
  facet normal -1 0 0
    outer loop
      vertex 63 20.511420974662688 9.499696176494234
      vertex 63 19.72241414402857 8.398638419519482
      vertex 63 22.901453680548688 14.346203068224556
    endloop
  endfacet
  facet normal -1 0 0
    outer loop
      vertex 63 21.22672585833788 10.65
      vertex 63 20.511420974662688 9.499696176494234
      vertex 63 22.424306322983636 13.078452950042642
    endloop
  endfacet
  facet normal -1 0 0
    outer loop
      vertex 63 21.22672585833788 10.65
      vertex 63 22.424306322983636 13.078452950042642
      vertex 63 21.865265749726646 11.844624112466674
    endloop
  endfacet
  facet normal -1 0 0
    outer loop
      vertex 63 22.901453680548688 14.346203068224556
      vertex 63 22.424306322983636 13.078452950042642
      vertex 63 20.511420974662688 9.499696176494234
    endloop
  endfacet
  facet normal -1 0 0
    outer loop
      vertex 63 23.294664604183716 15.642445766377822
      vertex 63 22.901453680548688 14.346203068224556
      vertex 63 19.72241414402857 8.398638419519482
    endloop
  endfacet
  facet normal -1 0 0
    outer loop
      vertex 63 23.60225530434687 16.961630334266147
      vertex 63 23.294664604183716 15.642445766377822
      vertex 63 18.86308401481483 7.351541627428576
    endloop
  endfacet
  facet normal -1 0 0
    outer loop
      vertex 63 23.822908630437876 18.298107821044933
      vertex 63 23.60225530434687 16.961630334266147
      vertex 63 17.937110370561534 6.362889629438465
    endloop
  endfacet
  facet normal -1 0 0
    outer loop
      vertex 63 16.948458372571423 5.436915985185168
      vertex 63 23.955679711039092 19.646155224936038
      vertex 63 23.822908630437876 18.298107821044933
    endloop
  endfacet
  facet normal -1 0 0
    outer loop
      vertex 63 16.948458372571423 5.436915985185168
      vertex 63 24 21
      vertex 63 23.955679711039092 19.646155224936038
    endloop
  endfacet
  facet normal 1 0 0
    outer loop
      vertex 81 12 34.5
      vertex 81 18.86308401481483 7.351541627428576
      vertex 81 19.72241414402857 8.398638419519482
    endloop
  endfacet
  facet normal 1 0 0
    outer loop
      vertex 81 12 34.5
      vertex 81 19.72241414402857 8.398638419519482
      vertex 81 20.511420974662688 9.499696176494234
    endloop
  endfacet
  facet normal 1 0 0
    outer loop
      vertex 81 12 34.5
      vertex 81 20.511420974662688 9.499696176494234
      vertex 81 21.22672585833788 10.65
    endloop
  endfacet
  facet normal -1 0 0
    outer loop
      vertex 63 12 34.5
      vertex 63 24 34.5
      vertex 63 12.455375887533327 2.4347342502733547
    endloop
  endfacet
  facet normal 0 -1 0
    outer loop
      vertex 63 12 34.5
      vertex 81 12 2.2284061199354483
      vertex 81 12 34.5
    endloop
  endfacet
  facet normal 0 0 1
    outer loop
      vertex 63 12 34.5
      vertex 71 16.26794919243112 34.5
      vertex 70.78247714198255 16.41329331941753 34.5
    endloop
  endfacet
  facet normal 0 0 1
    outer loop
      vertex 63 12 34.5
      vertex 70.78247714198255 16.41329331941753 34.5
      vertex 70.58578643762691 16.585786437626904 34.5
    endloop
  endfacet
  facet normal 0 0 1
    outer loop
      vertex 63 12 34.5
      vertex 70.41329331941753 16.782477141982557 34.5
      vertex 70.26794919243112 17 34.5
    endloop
  endfacet
  facet normal 0 0 1
    outer loop
      vertex 63 12 34.5
      vertex 70.58578643762691 16.585786437626904 34.5
      vertex 70.41329331941753 16.782477141982557 34.5
    endloop
  endfacet
  facet normal 0 0 1
    outer loop
      vertex 63 12 34.5
      vertex 70.26794919243112 17 34.5
      vertex 70.15224093497743 17.23463313526982 34.5
    endloop
  endfacet
  facet normal 0 0 1
    outer loop
      vertex 63 12 34.5
      vertex 71.48236190979496 16.068148347421864 34.5
      vertex 71.23463313526982 16.152240934977428 34.5
    endloop
  endfacet
  facet normal 0 0 1
    outer loop
      vertex 63 12 34.5
      vertex 71.23463313526982 16.152240934977428 34.5
      vertex 71 16.26794919243112 34.5
    endloop
  endfacet
  facet normal 0 0 1
    outer loop
      vertex 63 12 34.5
      vertex 71.7389476155599 16.017110277252378 34.5
      vertex 71.48236190979496 16.068148347421864 34.5
    endloop
  endfacet
  facet normal 0 0 1
    outer loop
      vertex 63 12 34.5
      vertex 72 16 34.5
      vertex 71.7389476155599 16.017110277252378 34.5
    endloop
  endfacet
  facet normal 0 0 1
    outer loop
      vertex 63 12 34.5
      vertex 72.2610523844401 16.017110277252378 34.5
      vertex 72 16 34.5
    endloop
  endfacet
  facet normal 0 0 1
    outer loop
      vertex 63 12 34.5
      vertex 72.51763809020504 16.068148347421864 34.5
      vertex 72.2610523844401 16.017110277252378 34.5
    endloop
  endfacet
  facet normal 0 0 1
    outer loop
      vertex 63 12 34.5
      vertex 72.76536686473018 16.152240934977428 34.5
      vertex 72.51763809020504 16.068148347421864 34.5
    endloop
  endfacet
  facet normal 0 0 1
    outer loop
      vertex 63 12 34.5
      vertex 70.15224093497743 17.23463313526982 34.5
      vertex 70.06814834742187 17.48236190979496 34.5
    endloop
  endfacet
  facet normal 0 0 1
    outer loop
      vertex 63 12 34.5
      vertex 70.06814834742187 17.48236190979496 34.5
      vertex 70.01711027725239 17.738947615559898 34.5
    endloop
  endfacet
  facet normal 0 0 1
    outer loop
      vertex 63 12 34.5
      vertex 70.01711027725239 17.738947615559898 34.5
      vertex 70 18 34.5
    endloop
  endfacet
  facet normal 0 0 1
    outer loop
      vertex 63 12 34.5
      vertex 70 18 34.5
      vertex 70.01711027725239 18.261052384440102 34.5
    endloop
  endfacet
  facet normal 0 0 1
    outer loop
      vertex 63 12 34.5
      vertex 70.01711027725239 18.261052384440102 34.5
      vertex 70.06814834742187 18.51763809020504 34.5
    endloop
  endfacet
  facet normal 0 0 1
    outer loop
      vertex 63 12 34.5
      vertex 81 12 34.5
      vertex 72.76536686473018 16.152240934977428 34.5
    endloop
  endfacet
  facet normal 0 0 1
    outer loop
      vertex 81 12 34.5
      vertex 73 16.26794919243112 34.5
      vertex 72.76536686473018 16.152240934977428 34.5
    endloop
  endfacet
  facet normal 0 0 1
    outer loop
      vertex 81 12 34.5
      vertex 73.21752285801745 16.41329331941753 34.5
      vertex 73 16.26794919243112 34.5
    endloop
  endfacet
  facet normal 0 0 1
    outer loop
      vertex 81 12 34.5
      vertex 73.41421356237309 16.585786437626904 34.5
      vertex 73.21752285801745 16.41329331941753 34.5
    endloop
  endfacet
  facet normal 0 0 1
    outer loop
      vertex 81 12 34.5
      vertex 73.58670668058247 16.782477141982557 34.5
      vertex 73.41421356237309 16.585786437626904 34.5
    endloop
  endfacet
  facet normal 0 0 1
    outer loop
      vertex 81 12 34.5
      vertex 73.73205080756888 17 34.5
      vertex 73.58670668058247 16.782477141982557 34.5
    endloop
  endfacet
  facet normal 0 0 1
    outer loop
      vertex 81 12 34.5
      vertex 73.84775906502257 17.23463313526982 34.5
      vertex 73.73205080756888 17 34.5
    endloop
  endfacet
  facet normal 0 0 1
    outer loop
      vertex 81 12 34.5
      vertex 73.93185165257813 17.48236190979496 34.5
      vertex 73.84775906502257 17.23463313526982 34.5
    endloop
  endfacet
  facet normal -1 0 0
    outer loop
      vertex 63 24 34.5
      vertex 63 24 21
      vertex 63 16.948458372571423 5.436915985185168
    endloop
  endfacet
  facet normal 0 1 0
    outer loop
      vertex 63 24 34.5
      vertex 70.04347826086956 24 21
      vertex 63 24 21
    endloop
  endfacet
  facet normal 0 1 0
    outer loop
      vertex 63 24 34.5
      vertex 70.41329331941753 24 23.532477141982557
      vertex 70.04347826086956 24 21
    endloop
  endfacet
  facet normal 1 0 0
    outer loop
      vertex 81 12 34.5
      vertex 81 21.22672585833788 10.65
      vertex 81 21.865265749726646 11.844624112466674
    endloop
  endfacet
  facet normal 1 0 0
    outer loop
      vertex 81 12 34.5
      vertex 81 21.865265749726646 11.844624112466674
      vertex 81 22.424306322983636 13.078452950042642
    endloop
  endfacet
  facet normal 1 0 0
    outer loop
      vertex 81 12 34.5
      vertex 81 22.424306322983636 13.078452950042642
      vertex 81 22.901453680548688 14.346203068224556
    endloop
  endfacet
  facet normal 1 0 0
    outer loop
      vertex 81 12 34.5
      vertex 81 22.901453680548688 14.346203068224556
      vertex 81 23.294664604183716 15.642445766377822
    endloop
  endfacet
  facet normal 1 0 0
    outer loop
      vertex 81 12 34.5
      vertex 81 23.294664604183716 15.642445766377822
      vertex 81 23.60225530434687 16.961630334266147
    endloop
  endfacet
  facet normal 1 0 0
    outer loop
      vertex 81 12 34.5
      vertex 81 23.60225530434687 16.961630334266147
      vertex 81 23.822908630437876 18.298107821044933
    endloop
  endfacet
  facet normal 1 0 0
    outer loop
      vertex 81 12 34.5
      vertex 81 23.822908630437876 18.298107821044933
      vertex 81 23.955679711039092 19.646155224936038
    endloop
  endfacet
  facet normal 1 0 0
    outer loop
      vertex 81 12 34.5
      vertex 81 23.955679711039092 19.646155224936038
      vertex 81 24 21
    endloop
  endfacet
  facet normal 0 1 0
    outer loop
      vertex 70.04347826086956 24 21
      vertex 70.78247714198255 24 23.16329331941753
      vertex 71 24 23.01794919243112
    endloop
  endfacet
  facet normal 0 1 0
    outer loop
      vertex 70.04347826086956 24 21
      vertex 71 24 23.01794919243112
      vertex 71.23463313526982 24 22.902240934977428
    endloop
  endfacet
  facet normal 0 1 0
    outer loop
      vertex 70.04347826086956 24 21
      vertex 71.23463313526982 24 22.902240934977428
      vertex 71.48236190979496 24 22.818148347421864
    endloop
  endfacet
  facet normal 0 1 0
    outer loop
      vertex 70.04347826086956 24 21
      vertex 71.48236190979496 24 22.818148347421864
      vertex 71.7389476155599 24 22.767110277252378
    endloop
  endfacet
  facet normal 0 1 0
    outer loop
      vertex 70.04347826086956 24 21
      vertex 71.7389476155599 24 22.767110277252378
      vertex 72 24 22.75
    endloop
  endfacet
  facet normal 0 1 0
    outer loop
      vertex 70.04347826086956 24 21
      vertex 72 24 22.75
      vertex 72.2610523844401 24 22.767110277252378
    endloop
  endfacet
  facet normal 0 1 0
    outer loop
      vertex 70.04347826086956 24 21
      vertex 72.2610523844401 24 22.767110277252378
      vertex 72.51763809020504 24 22.818148347421864
    endloop
  endfacet
  facet normal 0 1 0
    outer loop
      vertex 70.04347826086956 24 21
      vertex 72.51763809020504 24 22.818148347421864
      vertex 72.76536686473018 24 22.902240934977428
    endloop
  endfacet
  facet normal 0 1 0
    outer loop
      vertex 70.04347826086956 24 21
      vertex 72.76536686473018 24 22.902240934977428
      vertex 81 24 21
    endloop
  endfacet
  facet normal 0 1 0
    outer loop
      vertex 81 24 21
      vertex 72.76536686473018 24 22.902240934977428
      vertex 73 24 23.01794919243112
    endloop
  endfacet
  facet normal 0 1 0
    outer loop
      vertex 81 24 21
      vertex 73 24 23.01794919243112
      vertex 73.21752285801745 24 23.16329331941753
    endloop
  endfacet
  facet normal 0 1 0
    outer loop
      vertex 70.04347826086956 24 21
      vertex 70.41329331941753 24 23.532477141982557
      vertex 70.58578643762691 24 23.335786437626904
    endloop
  endfacet
  facet normal 0 1 0
    outer loop
      vertex 70.04347826086956 24 21
      vertex 70.58578643762691 24 23.335786437626904
      vertex 70.78247714198255 24 23.16329331941753
    endloop
  endfacet
  facet normal 0 1 0
    outer loop
      vertex 81 24 21
      vertex 73.21752285801745 24 23.16329331941753
      vertex 73.41421356237309 24 23.335786437626904
    endloop
  endfacet
  facet normal 0 1 0
    outer loop
      vertex 81 24 21
      vertex 73.41421356237309 24 23.335786437626904
      vertex 73.58670668058247 24 23.532477141982557
    endloop
  endfacet
  facet normal 0 1 0
    outer loop
      vertex 81 24 21
      vertex 73.58670668058247 24 23.532477141982557
      vertex 73.73205080756888 24 23.75
    endloop
  endfacet
  facet normal 0 1 0
    outer loop
      vertex 81 24 21
      vertex 73.73205080756888 24 23.75
      vertex 73.84775906502257 24 23.98463313526982
    endloop
  endfacet
  facet normal 0 1 0
    outer loop
      vertex 81 24 21
      vertex 73.84775906502257 24 23.98463313526982
      vertex 73.93185165257813 24 24.23236190979496
    endloop
  endfacet
  facet normal 0 1 0
    outer loop
      vertex 81 24 21
      vertex 73.93185165257813 24 24.23236190979496
      vertex 73.98288972274761 24 24.488947615559898
    endloop
  endfacet
  facet normal 0 1 0
    outer loop
      vertex 81 24 21
      vertex 73.98288972274761 24 24.488947615559898
      vertex 74 24 24.75
    endloop
  endfacet
  facet normal 0 1 0
    outer loop
      vertex 81 24 21
      vertex 74 24 24.75
      vertex 73.98288972274761 24 25.011052384440102
    endloop
  endfacet
  facet normal 0 1 0
    outer loop
      vertex 81 24 21
      vertex 73.98288972274761 24 25.011052384440102
      vertex 73.93185165257813 24 25.26763809020504
    endloop
  endfacet
  facet normal 0 1 0
    outer loop
      vertex 81 24 21
      vertex 73.93185165257813 24 25.26763809020504
      vertex 73.84775906502257 24 25.51536686473018
    endloop
  endfacet
  facet normal 0 1 0
    outer loop
      vertex 81 24 21
      vertex 73.84775906502257 24 25.51536686473018
      vertex 73.73205080756888 24 25.75
    endloop
  endfacet
  facet normal 0 0 1
    outer loop
      vertex 63 12 34.5
      vertex 70.06814834742187 18.51763809020504 34.5
      vertex 63 24 34.5
    endloop
  endfacet
  facet normal 0 1 0
    outer loop
      vertex 63 24 34.5
      vertex 70.26794919243112 24 23.75
      vertex 70.41329331941753 24 23.532477141982557
    endloop
  endfacet
  facet normal 0 1 0
    outer loop
      vertex 63 24 34.5
      vertex 70.15224093497743 24 23.98463313526982
      vertex 70.26794919243112 24 23.75
    endloop
  endfacet
  facet normal 0 1 0
    outer loop
      vertex 63 24 34.5
      vertex 70.06814834742187 24 24.23236190979496
      vertex 70.15224093497743 24 23.98463313526982
    endloop
  endfacet
  facet normal 0 1 0
    outer loop
      vertex 63 24 34.5
      vertex 70.01711027725239 24 24.488947615559898
      vertex 70.06814834742187 24 24.23236190979496
    endloop
  endfacet
  facet normal 0 1 0
    outer loop
      vertex 63 24 34.5
      vertex 70 24 24.75
      vertex 70.01711027725239 24 24.488947615559898
    endloop
  endfacet
  facet normal 0 1 0
    outer loop
      vertex 63 24 34.5
      vertex 70.01711027725239 24 25.011052384440102
      vertex 70 24 24.75
    endloop
  endfacet
  facet normal 0 1 0
    outer loop
      vertex 63 24 34.5
      vertex 70.06814834742187 24 25.26763809020504
      vertex 70.01711027725239 24 25.011052384440102
    endloop
  endfacet
  facet normal 0 1 0
    outer loop
      vertex 63 24 34.5
      vertex 70.15224093497743 24 25.51536686473018
      vertex 70.06814834742187 24 25.26763809020504
    endloop
  endfacet
  facet normal 0 1 0
    outer loop
      vertex 63 24 34.5
      vertex 70.26794919243112 24 25.75
      vertex 70.15224093497743 24 25.51536686473018
    endloop
  endfacet
  facet normal 0 1 0
    outer loop
      vertex 63 24 34.5
      vertex 70.41329331941753 24 25.967522858017443
      vertex 70.26794919243112 24 25.75
    endloop
  endfacet
  facet normal 0 1 0
    outer loop
      vertex 63 24 34.5
      vertex 70.58578643762691 24 26.164213562373096
      vertex 70.41329331941753 24 25.967522858017443
    endloop
  endfacet
  facet normal 0 1 0
    outer loop
      vertex 63 24 34.5
      vertex 70.78247714198255 24 26.33670668058247
      vertex 70.58578643762691 24 26.164213562373096
    endloop
  endfacet
  facet normal 0 1 0
    outer loop
      vertex 63 24 34.5
      vertex 71 24 26.48205080756888
      vertex 70.78247714198255 24 26.33670668058247
    endloop
  endfacet
  facet normal 0 1 0
    outer loop
      vertex 63 24 34.5
      vertex 71.23463313526982 24 26.597759065022572
      vertex 71 24 26.48205080756888
    endloop
  endfacet
  facet normal 0 1 0
    outer loop
      vertex 63 24 34.5
      vertex 71.48236190979496 24 26.681851652578136
      vertex 71.23463313526982 24 26.597759065022572
    endloop
  endfacet
  facet normal 0 1 0
    outer loop
      vertex 63 24 34.5
      vertex 71.7389476155599 24 26.732889722747622
      vertex 71.48236190979496 24 26.681851652578136
    endloop
  endfacet
  facet normal 0 1 0
    outer loop
      vertex 63 24 34.5
      vertex 72 24 26.75
      vertex 71.7389476155599 24 26.732889722747622
    endloop
  endfacet
  facet normal 0 0 1
    outer loop
      vertex 63 24 34.5
      vertex 70.06814834742187 18.51763809020504 34.5
      vertex 70.15224093497743 18.76536686473018 34.5
    endloop
  endfacet
  facet normal 0 0 1
    outer loop
      vertex 63 24 34.5
      vertex 70.15224093497743 18.76536686473018 34.5
      vertex 70.26794919243112 19 34.5
    endloop
  endfacet
  facet normal 0 0 1
    outer loop
      vertex 63 24 34.5
      vertex 70.26794919243112 19 34.5
      vertex 70.41329331941753 19.217522858017443 34.5
    endloop
  endfacet
  facet normal 0 0 1
    outer loop
      vertex 63 24 34.5
      vertex 70.41329331941753 19.217522858017443 34.5
      vertex 70.58578643762691 19.414213562373096 34.5
    endloop
  endfacet
  facet normal 0 0 1
    outer loop
      vertex 63 24 34.5
      vertex 70.58578643762691 19.414213562373096 34.5
      vertex 70.78247714198255 19.58670668058247 34.5
    endloop
  endfacet
  facet normal 0 0 1
    outer loop
      vertex 63 24 34.5
      vertex 70.78247714198255 19.58670668058247 34.5
      vertex 71 19.73205080756888 34.5
    endloop
  endfacet
  facet normal 0 0 1
    outer loop
      vertex 63 24 34.5
      vertex 71 19.73205080756888 34.5
      vertex 71.23463313526982 19.847759065022572 34.5
    endloop
  endfacet
  facet normal 1 0 0
    outer loop
      vertex 81 12 34.5
      vertex 81 24 21
      vertex 81 24 34.5
    endloop
  endfacet
  facet normal 0 0 1
    outer loop
      vertex 81 12 34.5
      vertex 81 24 34.5
      vertex 73.93185165257813 17.48236190979496 34.5
    endloop
  endfacet
  facet normal 0 0 1
    outer loop
      vertex 81 24 34.5
      vertex 73.98288972274761 17.738947615559898 34.5
      vertex 73.93185165257813 17.48236190979496 34.5
    endloop
  endfacet
  facet normal 0 0 1
    outer loop
      vertex 81 24 34.5
      vertex 74 18 34.5
      vertex 73.98288972274761 17.738947615559898 34.5
    endloop
  endfacet
  facet normal 0 0 1
    outer loop
      vertex 81 24 34.5
      vertex 73.98288972274761 18.261052384440102 34.5
      vertex 74 18 34.5
    endloop
  endfacet
  facet normal 0 1 0
    outer loop
      vertex 81 24 34.5
      vertex 72.2610523844401 24 26.732889722747622
      vertex 72 24 26.75
    endloop
  endfacet
  facet normal 0 1 0
    outer loop
      vertex 81 24 34.5
      vertex 72.51763809020504 24 26.681851652578136
      vertex 72.2610523844401 24 26.732889722747622
    endloop
  endfacet
  facet normal 0 1 0
    outer loop
      vertex 81 24 34.5
      vertex 81 24 21
      vertex 73.73205080756888 24 25.75
    endloop
  endfacet
  facet normal 0 1 0
    outer loop
      vertex 81 24 34.5
      vertex 73.58670668058247 24 25.967522858017443
      vertex 73.41421356237309 24 26.164213562373096
    endloop
  endfacet
  facet normal 0 1 0
    outer loop
      vertex 81 24 34.5
      vertex 73.73205080756888 24 25.75
      vertex 73.58670668058247 24 25.967522858017443
    endloop
  endfacet
  facet normal 0 1 0
    outer loop
      vertex 81 24 34.5
      vertex 73 24 26.48205080756888
      vertex 72.76536686473018 24 26.597759065022572
    endloop
  endfacet
  facet normal 0 1 0
    outer loop
      vertex 81 24 34.5
      vertex 73.41421356237309 24 26.164213562373096
      vertex 73.21752285801745 24 26.33670668058247
    endloop
  endfacet
  facet normal 0 1 0
    outer loop
      vertex 81 24 34.5
      vertex 73.21752285801745 24 26.33670668058247
      vertex 73 24 26.48205080756888
    endloop
  endfacet
  facet normal 0 1 0
    outer loop
      vertex 81 24 34.5
      vertex 72.76536686473018 24 26.597759065022572
      vertex 72.51763809020504 24 26.681851652578136
    endloop
  endfacet
  facet normal 0 0 1
    outer loop
      vertex 81 24 34.5
      vertex 71.23463313526982 19.847759065022572 34.5
      vertex 71.48236190979496 19.931851652578136 34.5
    endloop
  endfacet
  facet normal 0 0 1
    outer loop
      vertex 81 24 34.5
      vertex 71.48236190979496 19.931851652578136 34.5
      vertex 71.7389476155599 19.982889722747622 34.5
    endloop
  endfacet
  facet normal 0 0 1
    outer loop
      vertex 81 24 34.5
      vertex 71.7389476155599 19.982889722747622 34.5
      vertex 72 20 34.5
    endloop
  endfacet
  facet normal 0 0 1
    outer loop
      vertex 81 24 34.5
      vertex 72 20 34.5
      vertex 72.2610523844401 19.982889722747622 34.5
    endloop
  endfacet
  facet normal 0 0 1
    outer loop
      vertex 81 24 34.5
      vertex 72.2610523844401 19.982889722747622 34.5
      vertex 72.51763809020504 19.931851652578136 34.5
    endloop
  endfacet
  facet normal 0 1 0
    outer loop
      vertex 63 24 34.5
      vertex 81 24 34.5
      vertex 72 24 26.75
    endloop
  endfacet
  facet normal 0 0 1
    outer loop
      vertex 63 24 34.5
      vertex 71.23463313526982 19.847759065022572 34.5
      vertex 81 24 34.5
    endloop
  endfacet
  facet normal 0 0 1
    outer loop
      vertex 81 24 34.5
      vertex 73.93185165257813 18.51763809020504 34.5
      vertex 73.98288972274761 18.261052384440102 34.5
    endloop
  endfacet
  facet normal 0 0 1
    outer loop
      vertex 81 24 34.5
      vertex 73.84775906502257 18.76536686473018 34.5
      vertex 73.93185165257813 18.51763809020504 34.5
    endloop
  endfacet
  facet normal 0 0 1
    outer loop
      vertex 81 24 34.5
      vertex 73.73205080756888 19 34.5
      vertex 73.84775906502257 18.76536686473018 34.5
    endloop
  endfacet
  facet normal 0 0 1
    outer loop
      vertex 81 24 34.5
      vertex 73.41421356237309 19.414213562373096 34.5
      vertex 73.58670668058247 19.217522858017443 34.5
    endloop
  endfacet
  facet normal 0 0 1
    outer loop
      vertex 81 24 34.5
      vertex 73.21752285801745 19.58670668058247 34.5
      vertex 73.41421356237309 19.414213562373096 34.5
    endloop
  endfacet
  facet normal 0 0 1
    outer loop
      vertex 81 24 34.5
      vertex 73 19.73205080756888 34.5
      vertex 73.21752285801745 19.58670668058247 34.5
    endloop
  endfacet
  facet normal 0 0 1
    outer loop
      vertex 81 24 34.5
      vertex 73.58670668058247 19.217522858017443 34.5
      vertex 73.73205080756888 19 34.5
    endloop
  endfacet
  facet normal 0 0 1
    outer loop
      vertex 81 24 34.5
      vertex 72.51763809020504 19.931851652578136 34.5
      vertex 72.76536686473018 19.847759065022572 34.5
    endloop
  endfacet
  facet normal 0 0 1
    outer loop
      vertex 81 24 34.5
      vertex 72.76536686473018 19.847759065022572 34.5
      vertex 73 19.73205080756888 34.5
    endloop
  endfacet
  facet normal -1 0 0
    outer loop
      vertex 39 12 34.5
      vertex 39 12.455375887533327 2.4347342502733547
      vertex 39 12 2.2284061199354483
    endloop
  endfacet
  facet normal 0 -1 0
    outer loop
      vertex 39 12 34.5
      vertex 39 12 2.2284061199354483
      vertex 57 12 2.2284061199354483
    endloop
  endfacet
  facet normal 1 0 0
    outer loop
      vertex 57 12 34.5
      vertex 57 12 2.2284061199354483
      vertex 57 12.455375887533327 2.4347342502733547
    endloop
  endfacet
  facet normal 1 0 0
    outer loop
      vertex 57 12 34.5
      vertex 57 12.455375887533327 2.4347342502733547
      vertex 57 13.65 3.0732741416621217
    endloop
  endfacet
  facet normal 1 0 0
    outer loop
      vertex 57 12 34.5
      vertex 57 13.65 3.0732741416621217
      vertex 57 14.800303823505766 3.788579025337313
    endloop
  endfacet
  facet normal 1 0 0
    outer loop
      vertex 57 12 34.5
      vertex 57 14.800303823505766 3.788579025337313
      vertex 57 15.901361580480518 4.5775858559714315
    endloop
  endfacet
  facet normal 1 0 0
    outer loop
      vertex 57 12 34.5
      vertex 57 15.901361580480518 4.5775858559714315
      vertex 57 16.948458372571423 5.436915985185168
    endloop
  endfacet
  facet normal 1 0 0
    outer loop
      vertex 57 12 34.5
      vertex 57 16.948458372571423 5.436915985185168
      vertex 57 17.937110370561534 6.362889629438465
    endloop
  endfacet
  facet normal 1 0 0
    outer loop
      vertex 57 12 34.5
      vertex 57 17.937110370561534 6.362889629438465
      vertex 57 18.86308401481483 7.351541627428576
    endloop
  endfacet
  facet normal -1 0 0
    outer loop
      vertex 39 16.948458372571423 5.436915985185168
      vertex 39 23.822908630437876 18.298107821044933
      vertex 39 17.937110370561534 6.362889629438465
    endloop
  endfacet
  facet normal -1 0 0
    outer loop
      vertex 39 18.86308401481483 7.351541627428576
      vertex 39 17.937110370561534 6.362889629438465
      vertex 39 23.60225530434687 16.961630334266147
    endloop
  endfacet
  facet normal -1 0 0
    outer loop
      vertex 39 24 34.5
      vertex 39 13.65 3.0732741416621217
      vertex 39 12.455375887533327 2.4347342502733547
    endloop
  endfacet
  facet normal -1 0 0
    outer loop
      vertex 39 24 34.5
      vertex 39 14.800303823505766 3.788579025337313
      vertex 39 13.65 3.0732741416621217
    endloop
  endfacet
  facet normal -1 0 0
    outer loop
      vertex 39 24 34.5
      vertex 39 15.901361580480518 4.5775858559714315
      vertex 39 14.800303823505766 3.788579025337313
    endloop
  endfacet
  facet normal -1 0 0
    outer loop
      vertex 39 24 34.5
      vertex 39 16.948458372571423 5.436915985185168
      vertex 39 15.901361580480518 4.5775858559714315
    endloop
  endfacet
  facet normal -1 0 0
    outer loop
      vertex 39 19.72241414402857 8.398638419519482
      vertex 39 18.86308401481483 7.351541627428576
      vertex 39 23.294664604183716 15.642445766377822
    endloop
  endfacet
  facet normal -1 0 0
    outer loop
      vertex 39 20.511420974662688 9.499696176494234
      vertex 39 19.72241414402857 8.398638419519482
      vertex 39 22.901453680548688 14.346203068224556
    endloop
  endfacet
  facet normal -1 0 0
    outer loop
      vertex 39 21.22672585833788 10.65
      vertex 39 20.511420974662688 9.499696176494234
      vertex 39 22.424306322983636 13.078452950042642
    endloop
  endfacet
  facet normal -1 0 0
    outer loop
      vertex 39 21.22672585833788 10.65
      vertex 39 22.424306322983636 13.078452950042642
      vertex 39 21.865265749726646 11.844624112466674
    endloop
  endfacet
  facet normal -1 0 0
    outer loop
      vertex 39 22.901453680548688 14.346203068224556
      vertex 39 22.424306322983636 13.078452950042642
      vertex 39 20.511420974662688 9.499696176494234
    endloop
  endfacet
  facet normal -1 0 0
    outer loop
      vertex 39 23.294664604183716 15.642445766377822
      vertex 39 22.901453680548688 14.346203068224556
      vertex 39 19.72241414402857 8.398638419519482
    endloop
  endfacet
  facet normal -1 0 0
    outer loop
      vertex 39 23.60225530434687 16.961630334266147
      vertex 39 23.294664604183716 15.642445766377822
      vertex 39 18.86308401481483 7.351541627428576
    endloop
  endfacet
  facet normal -1 0 0
    outer loop
      vertex 39 23.822908630437876 18.298107821044933
      vertex 39 23.60225530434687 16.961630334266147
      vertex 39 17.937110370561534 6.362889629438465
    endloop
  endfacet
  facet normal -1 0 0
    outer loop
      vertex 39 16.948458372571423 5.436915985185168
      vertex 39 23.955679711039092 19.646155224936038
      vertex 39 23.822908630437876 18.298107821044933
    endloop
  endfacet
  facet normal -1 0 0
    outer loop
      vertex 39 16.948458372571423 5.436915985185168
      vertex 39 24 21
      vertex 39 23.955679711039092 19.646155224936038
    endloop
  endfacet
  facet normal 1 0 0
    outer loop
      vertex 57 12 34.5
      vertex 57 18.86308401481483 7.351541627428576
      vertex 57 19.72241414402857 8.398638419519482
    endloop
  endfacet
  facet normal 1 0 0
    outer loop
      vertex 57 12 34.5
      vertex 57 19.72241414402857 8.398638419519482
      vertex 57 20.511420974662688 9.499696176494234
    endloop
  endfacet
  facet normal 1 0 0
    outer loop
      vertex 57 12 34.5
      vertex 57 20.511420974662688 9.499696176494234
      vertex 57 21.22672585833788 10.65
    endloop
  endfacet
  facet normal -1 0 0
    outer loop
      vertex 39 12 34.5
      vertex 39 24 34.5
      vertex 39 12.455375887533327 2.4347342502733547
    endloop
  endfacet
  facet normal 0 -1 0
    outer loop
      vertex 39 12 34.5
      vertex 57 12 2.2284061199354483
      vertex 57 12 34.5
    endloop
  endfacet
  facet normal 0 0 1
    outer loop
      vertex 39 12 34.5
      vertex 47.23463313526982 16.152240934977428 34.5
      vertex 47 16.26794919243112 34.5
    endloop
  endfacet
  facet normal 0 0 1
    outer loop
      vertex 39 12 34.5
      vertex 47 16.26794919243112 34.5
      vertex 46.78247714198256 16.41329331941753 34.5
    endloop
  endfacet
  facet normal 0 0 1
    outer loop
      vertex 39 12 34.5
      vertex 46.78247714198256 16.41329331941753 34.5
      vertex 46.58578643762691 16.585786437626904 34.5
    endloop
  endfacet
  facet normal 0 0 1
    outer loop
      vertex 39 12 34.5
      vertex 46.58578643762691 16.585786437626904 34.5
      vertex 46.41329331941753 16.782477141982557 34.5
    endloop
  endfacet
  facet normal 0 0 1
    outer loop
      vertex 39 12 34.5
      vertex 46.41329331941753 16.782477141982557 34.5
      vertex 46.267949192431125 17 34.5
    endloop
  endfacet
  facet normal 0 0 1
    outer loop
      vertex 39 12 34.5
      vertex 46.267949192431125 17 34.5
      vertex 46.15224093497743 17.23463313526982 34.5
    endloop
  endfacet
  facet normal 0 0 1
    outer loop
      vertex 39 12 34.5
      vertex 46.06814834742186 17.48236190979496 34.5
      vertex 46.01711027725238 17.738947615559898 34.5
    endloop
  endfacet
  facet normal 0 0 1
    outer loop
      vertex 39 12 34.5
      vertex 46.01711027725238 17.738947615559898 34.5
      vertex 46 18 34.5
    endloop
  endfacet
  facet normal 0 0 1
    outer loop
      vertex 39 12 34.5
      vertex 46.15224093497743 17.23463313526982 34.5
      vertex 46.06814834742186 17.48236190979496 34.5
    endloop
  endfacet
  facet normal 0 0 1
    outer loop
      vertex 39 12 34.5
      vertex 46 18 34.5
      vertex 46.01711027725238 18.261052384440102 34.5
    endloop
  endfacet
  facet normal 0 0 1
    outer loop
      vertex 39 12 34.5
      vertex 46.01711027725238 18.261052384440102 34.5
      vertex 46.06814834742186 18.51763809020504 34.5
    endloop
  endfacet
  facet normal 0 0 1
    outer loop
      vertex 39 12 34.5
      vertex 47.48236190979496 16.068148347421864 34.5
      vertex 47.23463313526982 16.152240934977428 34.5
    endloop
  endfacet
  facet normal 0 0 1
    outer loop
      vertex 39 12 34.5
      vertex 47.738947615559894 16.017110277252378 34.5
      vertex 47.48236190979496 16.068148347421864 34.5
    endloop
  endfacet
  facet normal 0 0 1
    outer loop
      vertex 39 12 34.5
      vertex 48 16 34.5
      vertex 47.738947615559894 16.017110277252378 34.5
    endloop
  endfacet
  facet normal 0 0 1
    outer loop
      vertex 39 12 34.5
      vertex 48.261052384440106 16.017110277252378 34.5
      vertex 48 16 34.5
    endloop
  endfacet
  facet normal 0 0 1
    outer loop
      vertex 39 12 34.5
      vertex 48.51763809020504 16.068148347421864 34.5
      vertex 48.261052384440106 16.017110277252378 34.5
    endloop
  endfacet
  facet normal 0 0 1
    outer loop
      vertex 39 12 34.5
      vertex 48.76536686473018 16.152240934977428 34.5
      vertex 48.51763809020504 16.068148347421864 34.5
    endloop
  endfacet
  facet normal 0 0 1
    outer loop
      vertex 39 12 34.5
      vertex 57 12 34.5
      vertex 48.76536686473018 16.152240934977428 34.5
    endloop
  endfacet
  facet normal 0 0 1
    outer loop
      vertex 57 12 34.5
      vertex 49 16.26794919243112 34.5
      vertex 48.76536686473018 16.152240934977428 34.5
    endloop
  endfacet
  facet normal 0 0 1
    outer loop
      vertex 57 12 34.5
      vertex 49.21752285801744 16.41329331941753 34.5
      vertex 49 16.26794919243112 34.5
    endloop
  endfacet
  facet normal 0 0 1
    outer loop
      vertex 57 12 34.5
      vertex 49.41421356237309 16.585786437626904 34.5
      vertex 49.21752285801744 16.41329331941753 34.5
    endloop
  endfacet
  facet normal 0 0 1
    outer loop
      vertex 57 12 34.5
      vertex 49.58670668058247 16.782477141982557 34.5
      vertex 49.41421356237309 16.585786437626904 34.5
    endloop
  endfacet
  facet normal 0 0 1
    outer loop
      vertex 57 12 34.5
      vertex 49.732050807568875 17 34.5
      vertex 49.58670668058247 16.782477141982557 34.5
    endloop
  endfacet
  facet normal 0 0 1
    outer loop
      vertex 57 12 34.5
      vertex 49.84775906502257 17.23463313526982 34.5
      vertex 49.732050807568875 17 34.5
    endloop
  endfacet
  facet normal 0 0 1
    outer loop
      vertex 57 12 34.5
      vertex 49.93185165257814 17.48236190979496 34.5
      vertex 49.84775906502257 17.23463313526982 34.5
    endloop
  endfacet
  facet normal -1 0 0
    outer loop
      vertex 39 24 34.5
      vertex 39 24 21
      vertex 39 16.948458372571423 5.436915985185168
    endloop
  endfacet
  facet normal 0 1 0
    outer loop
      vertex 46.04347826086956 24 21
      vertex 46.78247714198256 24 23.16329331941753
      vertex 47 24 23.01794919243112
    endloop
  endfacet
  facet normal 0 1 0
    outer loop
      vertex 46.04347826086956 24 21
      vertex 47 24 23.01794919243112
      vertex 47.23463313526982 24 22.902240934977428
    endloop
  endfacet
  facet normal 0 1 0
    outer loop
      vertex 46.04347826086956 24 21
      vertex 47.23463313526982 24 22.902240934977428
      vertex 47.48236190979496 24 22.818148347421864
    endloop
  endfacet
  facet normal 0 1 0
    outer loop
      vertex 46.04347826086956 24 21
      vertex 47.48236190979496 24 22.818148347421864
      vertex 47.738947615559894 24 22.767110277252378
    endloop
  endfacet
  facet normal 0 1 0
    outer loop
      vertex 39 24 34.5
      vertex 46.04347826086956 24 21
      vertex 39 24 21
    endloop
  endfacet
  facet normal 0 1 0
    outer loop
      vertex 46.04347826086956 24 21
      vertex 46.58578643762691 24 23.335786437626904
      vertex 46.78247714198256 24 23.16329331941753
    endloop
  endfacet
  facet normal 0 1 0
    outer loop
      vertex 46.04347826086956 24 21
      vertex 46.41329331941753 24 23.532477141982557
      vertex 46.58578643762691 24 23.335786437626904
    endloop
  endfacet
  facet normal 0 1 0
    outer loop
      vertex 39 24 34.5
      vertex 46.41329331941753 24 23.532477141982557
      vertex 46.04347826086956 24 21
    endloop
  endfacet
  facet normal 1 0 0
    outer loop
      vertex 57 12 34.5
      vertex 57 21.22672585833788 10.65
      vertex 57 21.865265749726646 11.844624112466674
    endloop
  endfacet
  facet normal 1 0 0
    outer loop
      vertex 57 12 34.5
      vertex 57 21.865265749726646 11.844624112466674
      vertex 57 22.424306322983636 13.078452950042642
    endloop
  endfacet
  facet normal 1 0 0
    outer loop
      vertex 57 12 34.5
      vertex 57 22.424306322983636 13.078452950042642
      vertex 57 22.901453680548688 14.346203068224556
    endloop
  endfacet
  facet normal 1 0 0
    outer loop
      vertex 57 12 34.5
      vertex 57 22.901453680548688 14.346203068224556
      vertex 57 23.294664604183716 15.642445766377822
    endloop
  endfacet
  facet normal 1 0 0
    outer loop
      vertex 57 12 34.5
      vertex 57 23.294664604183716 15.642445766377822
      vertex 57 23.60225530434687 16.961630334266147
    endloop
  endfacet
  facet normal 1 0 0
    outer loop
      vertex 57 12 34.5
      vertex 57 23.60225530434687 16.961630334266147
      vertex 57 23.822908630437876 18.298107821044933
    endloop
  endfacet
  facet normal 1 0 0
    outer loop
      vertex 57 12 34.5
      vertex 57 23.822908630437876 18.298107821044933
      vertex 57 23.955679711039092 19.646155224936038
    endloop
  endfacet
  facet normal 1 0 0
    outer loop
      vertex 57 12 34.5
      vertex 57 23.955679711039092 19.646155224936038
      vertex 57 24 21
    endloop
  endfacet
  facet normal 0 1 0
    outer loop
      vertex 46.04347826086956 24 21
      vertex 47.738947615559894 24 22.767110277252378
      vertex 48 24 22.75
    endloop
  endfacet
  facet normal 0 1 0
    outer loop
      vertex 46.04347826086956 24 21
      vertex 48 24 22.75
      vertex 48.261052384440106 24 22.767110277252378
    endloop
  endfacet
  facet normal 0 1 0
    outer loop
      vertex 46.04347826086956 24 21
      vertex 48.261052384440106 24 22.767110277252378
      vertex 48.51763809020504 24 22.818148347421864
    endloop
  endfacet
  facet normal 0 1 0
    outer loop
      vertex 46.04347826086956 24 21
      vertex 48.51763809020504 24 22.818148347421864
      vertex 48.76536686473018 24 22.902240934977428
    endloop
  endfacet
  facet normal 0 1 0
    outer loop
      vertex 46.04347826086956 24 21
      vertex 48.76536686473018 24 22.902240934977428
      vertex 57 24 21
    endloop
  endfacet
  facet normal 0 1 0
    outer loop
      vertex 57 24 21
      vertex 48.76536686473018 24 22.902240934977428
      vertex 49 24 23.01794919243112
    endloop
  endfacet
  facet normal 0 1 0
    outer loop
      vertex 57 24 21
      vertex 49 24 23.01794919243112
      vertex 49.21752285801744 24 23.16329331941753
    endloop
  endfacet
  facet normal 0 1 0
    outer loop
      vertex 57 24 21
      vertex 49.21752285801744 24 23.16329331941753
      vertex 49.41421356237309 24 23.335786437626904
    endloop
  endfacet
  facet normal 0 1 0
    outer loop
      vertex 57 24 21
      vertex 49.41421356237309 24 23.335786437626904
      vertex 49.58670668058247 24 23.532477141982557
    endloop
  endfacet
  facet normal 0 1 0
    outer loop
      vertex 57 24 21
      vertex 49.58670668058247 24 23.532477141982557
      vertex 49.732050807568875 24 23.75
    endloop
  endfacet
  facet normal 0 1 0
    outer loop
      vertex 57 24 21
      vertex 49.732050807568875 24 23.75
      vertex 49.84775906502257 24 23.98463313526982
    endloop
  endfacet
  facet normal 0 1 0
    outer loop
      vertex 57 24 21
      vertex 49.84775906502257 24 23.98463313526982
      vertex 49.93185165257814 24 24.23236190979496
    endloop
  endfacet
  facet normal 0 1 0
    outer loop
      vertex 57 24 21
      vertex 49.93185165257814 24 24.23236190979496
      vertex 49.98288972274762 24 24.488947615559898
    endloop
  endfacet
  facet normal 0 1 0
    outer loop
      vertex 57 24 21
      vertex 49.98288972274762 24 24.488947615559898
      vertex 50 24 24.75
    endloop
  endfacet
  facet normal 0 1 0
    outer loop
      vertex 57 24 21
      vertex 50 24 24.75
      vertex 49.98288972274762 24 25.011052384440102
    endloop
  endfacet
  facet normal 0 1 0
    outer loop
      vertex 57 24 21
      vertex 49.98288972274762 24 25.011052384440102
      vertex 49.93185165257814 24 25.26763809020504
    endloop
  endfacet
  facet normal 0 1 0
    outer loop
      vertex 57 24 21
      vertex 49.93185165257814 24 25.26763809020504
      vertex 49.84775906502257 24 25.51536686473018
    endloop
  endfacet
  facet normal 0 1 0
    outer loop
      vertex 57 24 21
      vertex 49.84775906502257 24 25.51536686473018
      vertex 49.732050807568875 24 25.75
    endloop
  endfacet
  facet normal 0 0 1
    outer loop
      vertex 39 12 34.5
      vertex 46.06814834742186 18.51763809020504 34.5
      vertex 39 24 34.5
    endloop
  endfacet
  facet normal 0 1 0
    outer loop
      vertex 39 24 34.5
      vertex 46.267949192431125 24 23.75
      vertex 46.41329331941753 24 23.532477141982557
    endloop
  endfacet
  facet normal 0 1 0
    outer loop
      vertex 39 24 34.5
      vertex 46.15224093497743 24 23.98463313526982
      vertex 46.267949192431125 24 23.75
    endloop
  endfacet
  facet normal 0 1 0
    outer loop
      vertex 39 24 34.5
      vertex 46.01711027725238 24 24.488947615559898
      vertex 46.06814834742186 24 24.23236190979496
    endloop
  endfacet
  facet normal 0 1 0
    outer loop
      vertex 39 24 34.5
      vertex 46 24 24.75
      vertex 46.01711027725238 24 24.488947615559898
    endloop
  endfacet
  facet normal 0 1 0
    outer loop
      vertex 39 24 34.5
      vertex 46.06814834742186 24 24.23236190979496
      vertex 46.15224093497743 24 23.98463313526982
    endloop
  endfacet
  facet normal 0 1 0
    outer loop
      vertex 39 24 34.5
      vertex 46.01711027725238 24 25.011052384440102
      vertex 46 24 24.75
    endloop
  endfacet
  facet normal 0 1 0
    outer loop
      vertex 39 24 34.5
      vertex 46.06814834742186 24 25.26763809020504
      vertex 46.01711027725238 24 25.011052384440102
    endloop
  endfacet
  facet normal 0 1 0
    outer loop
      vertex 39 24 34.5
      vertex 46.15224093497743 24 25.51536686473018
      vertex 46.06814834742186 24 25.26763809020504
    endloop
  endfacet
  facet normal 0 1 0
    outer loop
      vertex 39 24 34.5
      vertex 46.267949192431125 24 25.75
      vertex 46.15224093497743 24 25.51536686473018
    endloop
  endfacet
  facet normal 0 1 0
    outer loop
      vertex 39 24 34.5
      vertex 46.41329331941753 24 25.967522858017443
      vertex 46.267949192431125 24 25.75
    endloop
  endfacet
  facet normal 0 1 0
    outer loop
      vertex 39 24 34.5
      vertex 46.58578643762691 24 26.164213562373096
      vertex 46.41329331941753 24 25.967522858017443
    endloop
  endfacet
  facet normal 0 1 0
    outer loop
      vertex 39 24 34.5
      vertex 46.78247714198256 24 26.33670668058247
      vertex 46.58578643762691 24 26.164213562373096
    endloop
  endfacet
  facet normal 0 1 0
    outer loop
      vertex 39 24 34.5
      vertex 47 24 26.48205080756888
      vertex 46.78247714198256 24 26.33670668058247
    endloop
  endfacet
  facet normal 0 1 0
    outer loop
      vertex 39 24 34.5
      vertex 47.23463313526982 24 26.597759065022572
      vertex 47 24 26.48205080756888
    endloop
  endfacet
  facet normal 0 1 0
    outer loop
      vertex 39 24 34.5
      vertex 47.48236190979496 24 26.681851652578136
      vertex 47.23463313526982 24 26.597759065022572
    endloop
  endfacet
  facet normal 0 1 0
    outer loop
      vertex 39 24 34.5
      vertex 47.738947615559894 24 26.732889722747622
      vertex 47.48236190979496 24 26.681851652578136
    endloop
  endfacet
  facet normal 0 1 0
    outer loop
      vertex 39 24 34.5
      vertex 48 24 26.75
      vertex 47.738947615559894 24 26.732889722747622
    endloop
  endfacet
  facet normal 0 0 1
    outer loop
      vertex 39 24 34.5
      vertex 46.06814834742186 18.51763809020504 34.5
      vertex 46.15224093497743 18.76536686473018 34.5
    endloop
  endfacet
  facet normal 0 0 1
    outer loop
      vertex 39 24 34.5
      vertex 46.15224093497743 18.76536686473018 34.5
      vertex 46.267949192431125 19 34.5
    endloop
  endfacet
  facet normal 0 0 1
    outer loop
      vertex 39 24 34.5
      vertex 46.267949192431125 19 34.5
      vertex 46.41329331941753 19.217522858017443 34.5
    endloop
  endfacet
  facet normal 0 0 1
    outer loop
      vertex 39 24 34.5
      vertex 46.41329331941753 19.217522858017443 34.5
      vertex 46.58578643762691 19.414213562373096 34.5
    endloop
  endfacet
  facet normal 0 0 1
    outer loop
      vertex 39 24 34.5
      vertex 46.58578643762691 19.414213562373096 34.5
      vertex 46.78247714198256 19.58670668058247 34.5
    endloop
  endfacet
  facet normal 0 0 1
    outer loop
      vertex 39 24 34.5
      vertex 46.78247714198256 19.58670668058247 34.5
      vertex 47 19.73205080756888 34.5
    endloop
  endfacet
  facet normal 0 0 1
    outer loop
      vertex 39 24 34.5
      vertex 47 19.73205080756888 34.5
      vertex 47.23463313526982 19.847759065022572 34.5
    endloop
  endfacet
  facet normal 1 0 0
    outer loop
      vertex 57 12 34.5
      vertex 57 24 21
      vertex 57 24 34.5
    endloop
  endfacet
  facet normal 0 0 1
    outer loop
      vertex 57 24 34.5
      vertex 49.98288972274762 17.738947615559898 34.5
      vertex 49.93185165257814 17.48236190979496 34.5
    endloop
  endfacet
  facet normal 0 0 1
    outer loop
      vertex 57 24 34.5
      vertex 50 18 34.5
      vertex 49.98288972274762 17.738947615559898 34.5
    endloop
  endfacet
  facet normal 0 0 1
    outer loop
      vertex 57 24 34.5
      vertex 49.98288972274762 18.261052384440102 34.5
      vertex 50 18 34.5
    endloop
  endfacet
  facet normal 0 0 1
    outer loop
      vertex 57 12 34.5
      vertex 57 24 34.5
      vertex 49.93185165257814 17.48236190979496 34.5
    endloop
  endfacet
  facet normal 0 1 0
    outer loop
      vertex 57 24 34.5
      vertex 48.261052384440106 24 26.732889722747622
      vertex 48 24 26.75
    endloop
  endfacet
  facet normal 0 1 0
    outer loop
      vertex 57 24 34.5
      vertex 48.51763809020504 24 26.681851652578136
      vertex 48.261052384440106 24 26.732889722747622
    endloop
  endfacet
  facet normal 0 1 0
    outer loop
      vertex 57 24 34.5
      vertex 48.76536686473018 24 26.597759065022572
      vertex 48.51763809020504 24 26.681851652578136
    endloop
  endfacet
  facet normal 0 1 0
    outer loop
      vertex 57 24 34.5
      vertex 49.732050807568875 24 25.75
      vertex 49.58670668058247 24 25.967522858017443
    endloop
  endfacet
  facet normal 0 1 0
    outer loop
      vertex 57 24 34.5
      vertex 49.58670668058247 24 25.967522858017443
      vertex 49.41421356237309 24 26.164213562373096
    endloop
  endfacet
  facet normal 0 1 0
    outer loop
      vertex 57 24 34.5
      vertex 49 24 26.48205080756888
      vertex 48.76536686473018 24 26.597759065022572
    endloop
  endfacet
  facet normal 0 1 0
    outer loop
      vertex 57 24 34.5
      vertex 49.21752285801744 24 26.33670668058247
      vertex 49 24 26.48205080756888
    endloop
  endfacet
  facet normal 0 1 0
    outer loop
      vertex 57 24 34.5
      vertex 49.41421356237309 24 26.164213562373096
      vertex 49.21752285801744 24 26.33670668058247
    endloop
  endfacet
  facet normal 0 1 0
    outer loop
      vertex 57 24 34.5
      vertex 57 24 21
      vertex 49.732050807568875 24 25.75
    endloop
  endfacet
  facet normal 0 0 1
    outer loop
      vertex 57 24 34.5
      vertex 49.93185165257814 18.51763809020504 34.5
      vertex 49.98288972274762 18.261052384440102 34.5
    endloop
  endfacet
  facet normal 0 0 1
    outer loop
      vertex 57 24 34.5
      vertex 49.84775906502257 18.76536686473018 34.5
      vertex 49.93185165257814 18.51763809020504 34.5
    endloop
  endfacet
  facet normal 0 0 1
    outer loop
      vertex 57 24 34.5
      vertex 49.732050807568875 19 34.5
      vertex 49.84775906502257 18.76536686473018 34.5
    endloop
  endfacet
  facet normal 0 0 1
    outer loop
      vertex 57 24 34.5
      vertex 49.58670668058247 19.217522858017443 34.5
      vertex 49.732050807568875 19 34.5
    endloop
  endfacet
  facet normal 0 0 1
    outer loop
      vertex 57 24 34.5
      vertex 49.41421356237309 19.414213562373096 34.5
      vertex 49.58670668058247 19.217522858017443 34.5
    endloop
  endfacet
  facet normal 0 0 1
    outer loop
      vertex 57 24 34.5
      vertex 49 19.73205080756888 34.5
      vertex 49.21752285801744 19.58670668058247 34.5
    endloop
  endfacet
  facet normal 0 0 1
    outer loop
      vertex 57 24 34.5
      vertex 49.21752285801744 19.58670668058247 34.5
      vertex 49.41421356237309 19.414213562373096 34.5
    endloop
  endfacet
  facet normal 0 0 1
    outer loop
      vertex 57 24 34.5
      vertex 47.23463313526982 19.847759065022572 34.5
      vertex 47.48236190979496 19.931851652578136 34.5
    endloop
  endfacet
  facet normal 0 0 1
    outer loop
      vertex 57 24 34.5
      vertex 47.48236190979496 19.931851652578136 34.5
      vertex 47.738947615559894 19.982889722747622 34.5
    endloop
  endfacet
  facet normal 0 0 1
    outer loop
      vertex 57 24 34.5
      vertex 47.738947615559894 19.982889722747622 34.5
      vertex 48 20 34.5
    endloop
  endfacet
  facet normal 0 0 1
    outer loop
      vertex 57 24 34.5
      vertex 48 20 34.5
      vertex 48.261052384440106 19.982889722747622 34.5
    endloop
  endfacet
  facet normal 0 0 1
    outer loop
      vertex 57 24 34.5
      vertex 48.51763809020504 19.931851652578136 34.5
      vertex 48.76536686473018 19.847759065022572 34.5
    endloop
  endfacet
  facet normal 0 0 1
    outer loop
      vertex 57 24 34.5
      vertex 48.261052384440106 19.982889722747622 34.5
      vertex 48.51763809020504 19.931851652578136 34.5
    endloop
  endfacet
  facet normal 0 0 1
    outer loop
      vertex 57 24 34.5
      vertex 48.76536686473018 19.847759065022572 34.5
      vertex 49 19.73205080756888 34.5
    endloop
  endfacet
  facet normal 0 1 0
    outer loop
      vertex 39 24 34.5
      vertex 57 24 34.5
      vertex 48 24 26.75
    endloop
  endfacet
  facet normal 0 0 1
    outer loop
      vertex 39 24 34.5
      vertex 47.23463313526982 19.847759065022572 34.5
      vertex 57 24 34.5
    endloop
  endfacet
  facet normal -1 0 0
    outer loop
      vertex 15 12 34.5
      vertex 15 12.455375887533327 2.4347342502733547
      vertex 15 12 2.2284061199354483
    endloop
  endfacet
  facet normal 0 -1 0
    outer loop
      vertex 15 12 34.5
      vertex 15 12 2.2284061199354483
      vertex 33 12 2.2284061199354483
    endloop
  endfacet
  facet normal 1 0 0
    outer loop
      vertex 33 12 34.5
      vertex 33 12 2.2284061199354483
      vertex 33 12.455375887533327 2.4347342502733547
    endloop
  endfacet
  facet normal 1 0 0
    outer loop
      vertex 33 12 34.5
      vertex 33 12.455375887533327 2.4347342502733547
      vertex 33 13.65 3.0732741416621217
    endloop
  endfacet
  facet normal 1 0 0
    outer loop
      vertex 33 12 34.5
      vertex 33 13.65 3.0732741416621217
      vertex 33 14.800303823505766 3.788579025337313
    endloop
  endfacet
  facet normal 1 0 0
    outer loop
      vertex 33 12 34.5
      vertex 33 14.800303823505766 3.788579025337313
      vertex 33 15.901361580480518 4.5775858559714315
    endloop
  endfacet
  facet normal 1 0 0
    outer loop
      vertex 33 12 34.5
      vertex 33 15.901361580480518 4.5775858559714315
      vertex 33 16.948458372571423 5.436915985185168
    endloop
  endfacet
  facet normal 1 0 0
    outer loop
      vertex 33 12 34.5
      vertex 33 16.948458372571423 5.436915985185168
      vertex 33 17.937110370561534 6.362889629438465
    endloop
  endfacet
  facet normal 1 0 0
    outer loop
      vertex 33 12 34.5
      vertex 33 17.937110370561534 6.362889629438465
      vertex 33 18.86308401481483 7.351541627428576
    endloop
  endfacet
  facet normal -1 0 0
    outer loop
      vertex 15 16.948458372571423 5.436915985185168
      vertex 15 23.822908630437876 18.298107821044933
      vertex 15 17.937110370561534 6.362889629438465
    endloop
  endfacet
  facet normal -1 0 0
    outer loop
      vertex 15 18.86308401481483 7.351541627428576
      vertex 15 17.937110370561534 6.362889629438465
      vertex 15 23.60225530434687 16.961630334266147
    endloop
  endfacet
  facet normal -1 0 0
    outer loop
      vertex 15 24 34.5
      vertex 15 13.65 3.0732741416621217
      vertex 15 12.455375887533327 2.4347342502733547
    endloop
  endfacet
  facet normal -1 0 0
    outer loop
      vertex 15 24 34.5
      vertex 15 14.800303823505766 3.788579025337313
      vertex 15 13.65 3.0732741416621217
    endloop
  endfacet
  facet normal -1 0 0
    outer loop
      vertex 15 24 34.5
      vertex 15 15.901361580480518 4.5775858559714315
      vertex 15 14.800303823505766 3.788579025337313
    endloop
  endfacet
  facet normal -1 0 0
    outer loop
      vertex 15 24 34.5
      vertex 15 16.948458372571423 5.436915985185168
      vertex 15 15.901361580480518 4.5775858559714315
    endloop
  endfacet
  facet normal -1 0 0
    outer loop
      vertex 15 19.72241414402857 8.398638419519482
      vertex 15 18.86308401481483 7.351541627428576
      vertex 15 23.294664604183716 15.642445766377822
    endloop
  endfacet
  facet normal -1 0 0
    outer loop
      vertex 15 20.511420974662688 9.499696176494234
      vertex 15 19.72241414402857 8.398638419519482
      vertex 15 22.901453680548688 14.346203068224556
    endloop
  endfacet
  facet normal -1 0 0
    outer loop
      vertex 15 21.22672585833788 10.65
      vertex 15 20.511420974662688 9.499696176494234
      vertex 15 22.424306322983636 13.078452950042642
    endloop
  endfacet
  facet normal -1 0 0
    outer loop
      vertex 15 21.22672585833788 10.65
      vertex 15 22.424306322983636 13.078452950042642
      vertex 15 21.865265749726646 11.844624112466674
    endloop
  endfacet
  facet normal -1 0 0
    outer loop
      vertex 15 22.901453680548688 14.346203068224556
      vertex 15 22.424306322983636 13.078452950042642
      vertex 15 20.511420974662688 9.499696176494234
    endloop
  endfacet
  facet normal -1 0 0
    outer loop
      vertex 15 23.294664604183716 15.642445766377822
      vertex 15 22.901453680548688 14.346203068224556
      vertex 15 19.72241414402857 8.398638419519482
    endloop
  endfacet
  facet normal -1 0 0
    outer loop
      vertex 15 23.60225530434687 16.961630334266147
      vertex 15 23.294664604183716 15.642445766377822
      vertex 15 18.86308401481483 7.351541627428576
    endloop
  endfacet
  facet normal -1 0 0
    outer loop
      vertex 15 23.822908630437876 18.298107821044933
      vertex 15 23.60225530434687 16.961630334266147
      vertex 15 17.937110370561534 6.362889629438465
    endloop
  endfacet
  facet normal -1 0 0
    outer loop
      vertex 15 16.948458372571423 5.436915985185168
      vertex 15 23.955679711039092 19.646155224936038
      vertex 15 23.822908630437876 18.298107821044933
    endloop
  endfacet
  facet normal -1 0 0
    outer loop
      vertex 15 16.948458372571423 5.436915985185168
      vertex 15 24 21
      vertex 15 23.955679711039092 19.646155224936038
    endloop
  endfacet
  facet normal 1 0 0
    outer loop
      vertex 33 12 34.5
      vertex 33 18.86308401481483 7.351541627428576
      vertex 33 19.72241414402857 8.398638419519482
    endloop
  endfacet
  facet normal 1 0 0
    outer loop
      vertex 33 12 34.5
      vertex 33 19.72241414402857 8.398638419519482
      vertex 33 20.511420974662688 9.499696176494234
    endloop
  endfacet
  facet normal 1 0 0
    outer loop
      vertex 33 12 34.5
      vertex 33 20.511420974662688 9.499696176494234
      vertex 33 21.22672585833788 10.65
    endloop
  endfacet
  facet normal -1 0 0
    outer loop
      vertex 15 12 34.5
      vertex 15 24 34.5
      vertex 15 12.455375887533327 2.4347342502733547
    endloop
  endfacet
  facet normal 0 -1 0
    outer loop
      vertex 15 12 34.5
      vertex 33 12 2.2284061199354483
      vertex 33 12 34.5
    endloop
  endfacet
  facet normal 0 0 1
    outer loop
      vertex 15 12 34.5
      vertex 33 12 34.5
      vertex 24.76536686473018 16.152240934977428 34.5
    endloop
  endfacet
  facet normal 0 0 1
    outer loop
      vertex 15 12 34.5
      vertex 23.23463313526982 16.152240934977428 34.5
      vertex 23 16.26794919243112 34.5
    endloop
  endfacet
  facet normal 0 0 1
    outer loop
      vertex 15 12 34.5
      vertex 22.782477141982557 16.41329331941753 34.5
      vertex 22.585786437626904 16.585786437626904 34.5
    endloop
  endfacet
  facet normal 0 0 1
    outer loop
      vertex 15 12 34.5
      vertex 23 16.26794919243112 34.5
      vertex 22.782477141982557 16.41329331941753 34.5
    endloop
  endfacet
  facet normal 0 0 1
    outer loop
      vertex 15 12 34.5
      vertex 22.26794919243112 17 34.5
      vertex 22.152240934977428 17.23463313526982 34.5
    endloop
  endfacet
  facet normal 0 0 1
    outer loop
      vertex 15 12 34.5
      vertex 22.585786437626904 16.585786437626904 34.5
      vertex 22.41329331941753 16.782477141982557 34.5
    endloop
  endfacet
  facet normal 0 0 1
    outer loop
      vertex 15 12 34.5
      vertex 22.41329331941753 16.782477141982557 34.5
      vertex 22.26794919243112 17 34.5
    endloop
  endfacet
  facet normal 0 0 1
    outer loop
      vertex 15 12 34.5
      vertex 23.48236190979496 16.068148347421864 34.5
      vertex 23.23463313526982 16.152240934977428 34.5
    endloop
  endfacet
  facet normal 0 0 1
    outer loop
      vertex 15 12 34.5
      vertex 23.738947615559898 16.017110277252378 34.5
      vertex 23.48236190979496 16.068148347421864 34.5
    endloop
  endfacet
  facet normal 0 0 1
    outer loop
      vertex 15 12 34.5
      vertex 24 16 34.5
      vertex 23.738947615559898 16.017110277252378 34.5
    endloop
  endfacet
  facet normal 0 0 1
    outer loop
      vertex 15 12 34.5
      vertex 24.261052384440102 16.017110277252378 34.5
      vertex 24 16 34.5
    endloop
  endfacet
  facet normal 0 0 1
    outer loop
      vertex 15 12 34.5
      vertex 24.51763809020504 16.068148347421864 34.5
      vertex 24.261052384440102 16.017110277252378 34.5
    endloop
  endfacet
  facet normal 0 0 1
    outer loop
      vertex 15 12 34.5
      vertex 24.76536686473018 16.152240934977428 34.5
      vertex 24.51763809020504 16.068148347421864 34.5
    endloop
  endfacet
  facet normal 0 0 1
    outer loop
      vertex 15 12 34.5
      vertex 22.152240934977428 17.23463313526982 34.5
      vertex 22.068148347421864 17.48236190979496 34.5
    endloop
  endfacet
  facet normal 0 0 1
    outer loop
      vertex 15 12 34.5
      vertex 22.068148347421864 17.48236190979496 34.5
      vertex 22.017110277252378 17.738947615559898 34.5
    endloop
  endfacet
  facet normal 0 0 1
    outer loop
      vertex 15 12 34.5
      vertex 22.017110277252378 17.738947615559898 34.5
      vertex 22 18 34.5
    endloop
  endfacet
  facet normal 0 0 1
    outer loop
      vertex 15 12 34.5
      vertex 22 18 34.5
      vertex 22.017110277252378 18.261052384440102 34.5
    endloop
  endfacet
  facet normal 0 0 1
    outer loop
      vertex 15 12 34.5
      vertex 22.017110277252378 18.261052384440102 34.5
      vertex 22.068148347421864 18.51763809020504 34.5
    endloop
  endfacet
  facet normal 0 0 1
    outer loop
      vertex 33 12 34.5
      vertex 25 16.26794919243112 34.5
      vertex 24.76536686473018 16.152240934977428 34.5
    endloop
  endfacet
  facet normal 0 0 1
    outer loop
      vertex 33 12 34.5
      vertex 25.217522858017443 16.41329331941753 34.5
      vertex 25 16.26794919243112 34.5
    endloop
  endfacet
  facet normal 0 0 1
    outer loop
      vertex 33 12 34.5
      vertex 25.414213562373096 16.585786437626904 34.5
      vertex 25.217522858017443 16.41329331941753 34.5
    endloop
  endfacet
  facet normal 0 0 1
    outer loop
      vertex 33 12 34.5
      vertex 25.58670668058247 16.782477141982557 34.5
      vertex 25.414213562373096 16.585786437626904 34.5
    endloop
  endfacet
  facet normal 0 0 1
    outer loop
      vertex 33 12 34.5
      vertex 25.73205080756888 17 34.5
      vertex 25.58670668058247 16.782477141982557 34.5
    endloop
  endfacet
  facet normal 0 0 1
    outer loop
      vertex 33 12 34.5
      vertex 25.847759065022572 17.23463313526982 34.5
      vertex 25.73205080756888 17 34.5
    endloop
  endfacet
  facet normal 0 0 1
    outer loop
      vertex 33 12 34.5
      vertex 25.931851652578136 17.48236190979496 34.5
      vertex 25.847759065022572 17.23463313526982 34.5
    endloop
  endfacet
  facet normal -1 0 0
    outer loop
      vertex 15 24 34.5
      vertex 15 24 21
      vertex 15 16.948458372571423 5.436915985185168
    endloop
  endfacet
  facet normal 0 1 0
    outer loop
      vertex 22.043478260869566 24 21
      vertex 22.782477141982557 24 23.16329331941753
      vertex 23 24 23.01794919243112
    endloop
  endfacet
  facet normal 0 1 0
    outer loop
      vertex 22.043478260869566 24 21
      vertex 23.23463313526982 24 22.902240934977428
      vertex 23.48236190979496 24 22.818148347421864
    endloop
  endfacet
  facet normal 0 1 0
    outer loop
      vertex 22.043478260869566 24 21
      vertex 23 24 23.01794919243112
      vertex 23.23463313526982 24 22.902240934977428
    endloop
  endfacet
  facet normal 0 1 0
    outer loop
      vertex 22.043478260869566 24 21
      vertex 23.48236190979496 24 22.818148347421864
      vertex 23.738947615559898 24 22.767110277252378
    endloop
  endfacet
  facet normal 0 1 0
    outer loop
      vertex 22.043478260869566 24 21
      vertex 23.738947615559898 24 22.767110277252378
      vertex 24 24 22.75
    endloop
  endfacet
  facet normal 0 1 0
    outer loop
      vertex 22.043478260869566 24 21
      vertex 24 24 22.75
      vertex 24.261052384440102 24 22.767110277252378
    endloop
  endfacet
  facet normal 0 1 0
    outer loop
      vertex 22.043478260869566 24 21
      vertex 24.261052384440102 24 22.767110277252378
      vertex 24.51763809020504 24 22.818148347421864
    endloop
  endfacet
  facet normal 0 1 0
    outer loop
      vertex 22.043478260869566 24 21
      vertex 24.51763809020504 24 22.818148347421864
      vertex 24.76536686473018 24 22.902240934977428
    endloop
  endfacet
  facet normal 0 1 0
    outer loop
      vertex 15 24 34.5
      vertex 22.043478260869566 24 21
      vertex 15 24 21
    endloop
  endfacet
  facet normal 0 1 0
    outer loop
      vertex 22.043478260869566 24 21
      vertex 22.585786437626904 24 23.335786437626904
      vertex 22.782477141982557 24 23.16329331941753
    endloop
  endfacet
  facet normal 0 1 0
    outer loop
      vertex 22.043478260869566 24 21
      vertex 22.41329331941753 24 23.532477141982557
      vertex 22.585786437626904 24 23.335786437626904
    endloop
  endfacet
  facet normal 0 1 0
    outer loop
      vertex 15 24 34.5
      vertex 22.41329331941753 24 23.532477141982557
      vertex 22.043478260869566 24 21
    endloop
  endfacet
  facet normal 1 0 0
    outer loop
      vertex 33 12 34.5
      vertex 33 21.22672585833788 10.65
      vertex 33 21.865265749726646 11.844624112466674
    endloop
  endfacet
  facet normal 1 0 0
    outer loop
      vertex 33 12 34.5
      vertex 33 21.865265749726646 11.844624112466674
      vertex 33 22.424306322983636 13.078452950042642
    endloop
  endfacet
  facet normal 1 0 0
    outer loop
      vertex 33 12 34.5
      vertex 33 22.424306322983636 13.078452950042642
      vertex 33 22.901453680548688 14.346203068224556
    endloop
  endfacet
  facet normal 1 0 0
    outer loop
      vertex 33 12 34.5
      vertex 33 22.901453680548688 14.346203068224556
      vertex 33 23.294664604183716 15.642445766377822
    endloop
  endfacet
  facet normal 1 0 0
    outer loop
      vertex 33 12 34.5
      vertex 33 23.294664604183716 15.642445766377822
      vertex 33 23.60225530434687 16.961630334266147
    endloop
  endfacet
  facet normal 1 0 0
    outer loop
      vertex 33 12 34.5
      vertex 33 23.60225530434687 16.961630334266147
      vertex 33 23.822908630437876 18.298107821044933
    endloop
  endfacet
  facet normal 1 0 0
    outer loop
      vertex 33 12 34.5
      vertex 33 23.822908630437876 18.298107821044933
      vertex 33 23.955679711039092 19.646155224936038
    endloop
  endfacet
  facet normal 1 0 0
    outer loop
      vertex 33 12 34.5
      vertex 33 23.955679711039092 19.646155224936038
      vertex 33 24 21
    endloop
  endfacet
  facet normal 0 1 0
    outer loop
      vertex 22.043478260869566 24 21
      vertex 24.76536686473018 24 22.902240934977428
      vertex 33 24 21
    endloop
  endfacet
  facet normal 0 1 0
    outer loop
      vertex 33 24 21
      vertex 24.76536686473018 24 22.902240934977428
      vertex 25 24 23.01794919243112
    endloop
  endfacet
  facet normal 0 1 0
    outer loop
      vertex 33 24 21
      vertex 25 24 23.01794919243112
      vertex 25.217522858017443 24 23.16329331941753
    endloop
  endfacet
  facet normal 0 1 0
    outer loop
      vertex 33 24 21
      vertex 25.217522858017443 24 23.16329331941753
      vertex 25.414213562373096 24 23.335786437626904
    endloop
  endfacet
  facet normal 0 1 0
    outer loop
      vertex 33 24 21
      vertex 25.414213562373096 24 23.335786437626904
      vertex 25.58670668058247 24 23.532477141982557
    endloop
  endfacet
  facet normal 0 1 0
    outer loop
      vertex 33 24 21
      vertex 25.58670668058247 24 23.532477141982557
      vertex 25.73205080756888 24 23.75
    endloop
  endfacet
  facet normal 0 1 0
    outer loop
      vertex 33 24 21
      vertex 25.73205080756888 24 23.75
      vertex 25.847759065022572 24 23.98463313526982
    endloop
  endfacet
  facet normal 0 1 0
    outer loop
      vertex 33 24 21
      vertex 25.847759065022572 24 23.98463313526982
      vertex 25.931851652578136 24 24.23236190979496
    endloop
  endfacet
  facet normal 0 1 0
    outer loop
      vertex 33 24 21
      vertex 25.931851652578136 24 24.23236190979496
      vertex 25.982889722747622 24 24.488947615559898
    endloop
  endfacet
  facet normal 0 1 0
    outer loop
      vertex 33 24 21
      vertex 25.982889722747622 24 24.488947615559898
      vertex 26 24 24.75
    endloop
  endfacet
  facet normal 0 1 0
    outer loop
      vertex 33 24 21
      vertex 26 24 24.75
      vertex 25.982889722747622 24 25.011052384440102
    endloop
  endfacet
  facet normal 0 1 0
    outer loop
      vertex 33 24 21
      vertex 25.982889722747622 24 25.011052384440102
      vertex 25.931851652578136 24 25.26763809020504
    endloop
  endfacet
  facet normal 0 1 0
    outer loop
      vertex 33 24 21
      vertex 25.931851652578136 24 25.26763809020504
      vertex 25.847759065022572 24 25.51536686473018
    endloop
  endfacet
  facet normal 0 1 0
    outer loop
      vertex 33 24 21
      vertex 25.847759065022572 24 25.51536686473018
      vertex 25.73205080756888 24 25.75
    endloop
  endfacet
  facet normal 0 0 1
    outer loop
      vertex 15 12 34.5
      vertex 22.068148347421864 18.51763809020504 34.5
      vertex 15 24 34.5
    endloop
  endfacet
  facet normal 0 1 0
    outer loop
      vertex 15 24 34.5
      vertex 22.152240934977428 24 23.98463313526982
      vertex 22.26794919243112 24 23.75
    endloop
  endfacet
  facet normal 0 1 0
    outer loop
      vertex 15 24 34.5
      vertex 22.26794919243112 24 23.75
      vertex 22.41329331941753 24 23.532477141982557
    endloop
  endfacet
  facet normal 0 1 0
    outer loop
      vertex 15 24 34.5
      vertex 22.068148347421864 24 24.23236190979496
      vertex 22.152240934977428 24 23.98463313526982
    endloop
  endfacet
  facet normal 0 1 0
    outer loop
      vertex 15 24 34.5
      vertex 22.017110277252378 24 24.488947615559898
      vertex 22.068148347421864 24 24.23236190979496
    endloop
  endfacet
  facet normal 0 1 0
    outer loop
      vertex 15 24 34.5
      vertex 22 24 24.75
      vertex 22.017110277252378 24 24.488947615559898
    endloop
  endfacet
  facet normal 0 1 0
    outer loop
      vertex 15 24 34.5
      vertex 22.017110277252378 24 25.011052384440102
      vertex 22 24 24.75
    endloop
  endfacet
  facet normal 0 1 0
    outer loop
      vertex 15 24 34.5
      vertex 22.068148347421864 24 25.26763809020504
      vertex 22.017110277252378 24 25.011052384440102
    endloop
  endfacet
  facet normal 0 1 0
    outer loop
      vertex 15 24 34.5
      vertex 22.152240934977428 24 25.51536686473018
      vertex 22.068148347421864 24 25.26763809020504
    endloop
  endfacet
  facet normal 0 1 0
    outer loop
      vertex 15 24 34.5
      vertex 22.26794919243112 24 25.75
      vertex 22.152240934977428 24 25.51536686473018
    endloop
  endfacet
  facet normal 0 1 0
    outer loop
      vertex 15 24 34.5
      vertex 22.41329331941753 24 25.967522858017443
      vertex 22.26794919243112 24 25.75
    endloop
  endfacet
  facet normal 0 1 0
    outer loop
      vertex 15 24 34.5
      vertex 22.585786437626904 24 26.164213562373096
      vertex 22.41329331941753 24 25.967522858017443
    endloop
  endfacet
  facet normal 0 1 0
    outer loop
      vertex 15 24 34.5
      vertex 22.782477141982557 24 26.33670668058247
      vertex 22.585786437626904 24 26.164213562373096
    endloop
  endfacet
  facet normal 0 1 0
    outer loop
      vertex 15 24 34.5
      vertex 23 24 26.48205080756888
      vertex 22.782477141982557 24 26.33670668058247
    endloop
  endfacet
  facet normal 0 1 0
    outer loop
      vertex 15 24 34.5
      vertex 23.23463313526982 24 26.597759065022572
      vertex 23 24 26.48205080756888
    endloop
  endfacet
  facet normal 0 1 0
    outer loop
      vertex 15 24 34.5
      vertex 23.48236190979496 24 26.681851652578136
      vertex 23.23463313526982 24 26.597759065022572
    endloop
  endfacet
  facet normal 0 1 0
    outer loop
      vertex 15 24 34.5
      vertex 23.738947615559898 24 26.732889722747622
      vertex 23.48236190979496 24 26.681851652578136
    endloop
  endfacet
  facet normal 0 1 0
    outer loop
      vertex 15 24 34.5
      vertex 24 24 26.75
      vertex 23.738947615559898 24 26.732889722747622
    endloop
  endfacet
  facet normal 0 0 1
    outer loop
      vertex 15 24 34.5
      vertex 22.068148347421864 18.51763809020504 34.5
      vertex 22.152240934977428 18.76536686473018 34.5
    endloop
  endfacet
  facet normal 0 0 1
    outer loop
      vertex 15 24 34.5
      vertex 22.152240934977428 18.76536686473018 34.5
      vertex 22.26794919243112 19 34.5
    endloop
  endfacet
  facet normal 0 0 1
    outer loop
      vertex 15 24 34.5
      vertex 22.26794919243112 19 34.5
      vertex 22.41329331941753 19.217522858017443 34.5
    endloop
  endfacet
  facet normal 0 0 1
    outer loop
      vertex 15 24 34.5
      vertex 22.41329331941753 19.217522858017443 34.5
      vertex 22.585786437626904 19.414213562373096 34.5
    endloop
  endfacet
  facet normal 0 0 1
    outer loop
      vertex 15 24 34.5
      vertex 22.585786437626904 19.414213562373096 34.5
      vertex 22.782477141982557 19.58670668058247 34.5
    endloop
  endfacet
  facet normal 0 0 1
    outer loop
      vertex 15 24 34.5
      vertex 22.782477141982557 19.58670668058247 34.5
      vertex 23 19.73205080756888 34.5
    endloop
  endfacet
  facet normal 0 0 1
    outer loop
      vertex 15 24 34.5
      vertex 23 19.73205080756888 34.5
      vertex 23.23463313526982 19.847759065022572 34.5
    endloop
  endfacet
  facet normal 0 1 0
    outer loop
      vertex 15 24 34.5
      vertex 33 24 34.5
      vertex 24 24 26.75
    endloop
  endfacet
  facet normal 0 0 1
    outer loop
      vertex 15 24 34.5
      vertex 23.23463313526982 19.847759065022572 34.5
      vertex 33 24 34.5
    endloop
  endfacet
  facet normal 1 0 0
    outer loop
      vertex 33 12 34.5
      vertex 33 24 21
      vertex 33 24 34.5
    endloop
  endfacet
  facet normal 0 0 1
    outer loop
      vertex 33 24 34.5
      vertex 25.982889722747622 17.738947615559898 34.5
      vertex 25.931851652578136 17.48236190979496 34.5
    endloop
  endfacet
  facet normal 0 0 1
    outer loop
      vertex 33 24 34.5
      vertex 26 18 34.5
      vertex 25.982889722747622 17.738947615559898 34.5
    endloop
  endfacet
  facet normal 0 0 1
    outer loop
      vertex 33 24 34.5
      vertex 25.982889722747622 18.261052384440102 34.5
      vertex 26 18 34.5
    endloop
  endfacet
  facet normal 0 0 1
    outer loop
      vertex 33 12 34.5
      vertex 33 24 34.5
      vertex 25.931851652578136 17.48236190979496 34.5
    endloop
  endfacet
  facet normal 0 1 0
    outer loop
      vertex 33 24 34.5
      vertex 24.261052384440102 24 26.732889722747622
      vertex 24 24 26.75
    endloop
  endfacet
  facet normal 0 1 0
    outer loop
      vertex 33 24 34.5
      vertex 24.51763809020504 24 26.681851652578136
      vertex 24.261052384440102 24 26.732889722747622
    endloop
  endfacet
  facet normal 0 1 0
    outer loop
      vertex 33 24 34.5
      vertex 24.76536686473018 24 26.597759065022572
      vertex 24.51763809020504 24 26.681851652578136
    endloop
  endfacet
  facet normal 0 1 0
    outer loop
      vertex 33 24 34.5
      vertex 25.73205080756888 24 25.75
      vertex 25.58670668058247 24 25.967522858017443
    endloop
  endfacet
  facet normal 0 1 0
    outer loop
      vertex 33 24 34.5
      vertex 25.58670668058247 24 25.967522858017443
      vertex 25.414213562373096 24 26.164213562373096
    endloop
  endfacet
  facet normal 0 1 0
    outer loop
      vertex 33 24 34.5
      vertex 25.414213562373096 24 26.164213562373096
      vertex 25.217522858017443 24 26.33670668058247
    endloop
  endfacet
  facet normal 0 1 0
    outer loop
      vertex 33 24 34.5
      vertex 25 24 26.48205080756888
      vertex 24.76536686473018 24 26.597759065022572
    endloop
  endfacet
  facet normal 0 1 0
    outer loop
      vertex 33 24 34.5
      vertex 25.217522858017443 24 26.33670668058247
      vertex 25 24 26.48205080756888
    endloop
  endfacet
  facet normal 0 1 0
    outer loop
      vertex 33 24 34.5
      vertex 33 24 21
      vertex 25.73205080756888 24 25.75
    endloop
  endfacet
  facet normal 0 0 1
    outer loop
      vertex 33 24 34.5
      vertex 23.23463313526982 19.847759065022572 34.5
      vertex 23.48236190979496 19.931851652578136 34.5
    endloop
  endfacet
  facet normal 0 0 1
    outer loop
      vertex 33 24 34.5
      vertex 23.48236190979496 19.931851652578136 34.5
      vertex 23.738947615559898 19.982889722747622 34.5
    endloop
  endfacet
  facet normal 0 0 1
    outer loop
      vertex 33 24 34.5
      vertex 23.738947615559898 19.982889722747622 34.5
      vertex 24 20 34.5
    endloop
  endfacet
  facet normal 0 0 1
    outer loop
      vertex 33 24 34.5
      vertex 24 20 34.5
      vertex 24.261052384440102 19.982889722747622 34.5
    endloop
  endfacet
  facet normal 0 0 1
    outer loop
      vertex 33 24 34.5
      vertex 24.51763809020504 19.931851652578136 34.5
      vertex 24.76536686473018 19.847759065022572 34.5
    endloop
  endfacet
  facet normal 0 0 1
    outer loop
      vertex 33 24 34.5
      vertex 24.261052384440102 19.982889722747622 34.5
      vertex 24.51763809020504 19.931851652578136 34.5
    endloop
  endfacet
  facet normal 0 0 1
    outer loop
      vertex 33 24 34.5
      vertex 25.847759065022572 18.76536686473018 34.5
      vertex 25.931851652578136 18.51763809020504 34.5
    endloop
  endfacet
  facet normal 0 0 1
    outer loop
      vertex 33 24 34.5
      vertex 25.73205080756888 19 34.5
      vertex 25.847759065022572 18.76536686473018 34.5
    endloop
  endfacet
  facet normal 0 0 1
    outer loop
      vertex 33 24 34.5
      vertex 25.931851652578136 18.51763809020504 34.5
      vertex 25.982889722747622 18.261052384440102 34.5
    endloop
  endfacet
  facet normal 0 0 1
    outer loop
      vertex 33 24 34.5
      vertex 25.58670668058247 19.217522858017443 34.5
      vertex 25.73205080756888 19 34.5
    endloop
  endfacet
  facet normal 0 0 1
    outer loop
      vertex 33 24 34.5
      vertex 25.414213562373096 19.414213562373096 34.5
      vertex 25.58670668058247 19.217522858017443 34.5
    endloop
  endfacet
  facet normal 0 0 1
    outer loop
      vertex 33 24 34.5
      vertex 25.217522858017443 19.58670668058247 34.5
      vertex 25.414213562373096 19.414213562373096 34.5
    endloop
  endfacet
  facet normal 0 0 1
    outer loop
      vertex 33 24 34.5
      vertex 25 19.73205080756888 34.5
      vertex 25.217522858017443 19.58670668058247 34.5
    endloop
  endfacet
  facet normal 0 0 1
    outer loop
      vertex 33 24 34.5
      vertex 24.76536686473018 19.847759065022572 34.5
      vertex 25 19.73205080756888 34.5
    endloop
  endfacet
  facet normal -1 0 0
    outer loop
      vertex -9 12 34.5
      vertex -9 12.455375887533327 2.4347342502733547
      vertex -9 12 2.2284061199354483
    endloop
  endfacet
  facet normal 0 -1 0
    outer loop
      vertex -9 12 34.5
      vertex -9 12 2.2284061199354483
      vertex 9 12 2.2284061199354483
    endloop
  endfacet
  facet normal 1 0 0
    outer loop
      vertex 9 12 34.5
      vertex 9 12 2.2284061199354483
      vertex 9 12.455375887533327 2.4347342502733547
    endloop
  endfacet
  facet normal 1 0 0
    outer loop
      vertex 9 12 34.5
      vertex 9 12.455375887533327 2.4347342502733547
      vertex 9 13.65 3.0732741416621217
    endloop
  endfacet
  facet normal 1 0 0
    outer loop
      vertex 9 12 34.5
      vertex 9 13.65 3.0732741416621217
      vertex 9 14.800303823505766 3.788579025337313
    endloop
  endfacet
  facet normal 1 0 0
    outer loop
      vertex 9 12 34.5
      vertex 9 14.800303823505766 3.788579025337313
      vertex 9 15.901361580480518 4.5775858559714315
    endloop
  endfacet
  facet normal 1 0 0
    outer loop
      vertex 9 12 34.5
      vertex 9 15.901361580480518 4.5775858559714315
      vertex 9 16.948458372571423 5.436915985185168
    endloop
  endfacet
  facet normal 1 0 0
    outer loop
      vertex 9 12 34.5
      vertex 9 16.948458372571423 5.436915985185168
      vertex 9 17.937110370561534 6.362889629438465
    endloop
  endfacet
  facet normal 1 0 0
    outer loop
      vertex 9 12 34.5
      vertex 9 17.937110370561534 6.362889629438465
      vertex 9 18.86308401481483 7.351541627428576
    endloop
  endfacet
  facet normal -1 0 0
    outer loop
      vertex -9 16.948458372571423 5.436915985185168
      vertex -9 23.822908630437876 18.298107821044933
      vertex -9 17.937110370561534 6.362889629438465
    endloop
  endfacet
  facet normal -1 0 0
    outer loop
      vertex -9 18.86308401481483 7.351541627428576
      vertex -9 17.937110370561534 6.362889629438465
      vertex -9 23.60225530434687 16.961630334266147
    endloop
  endfacet
  facet normal -1 0 0
    outer loop
      vertex -9 24 34.5
      vertex -9 13.65 3.0732741416621217
      vertex -9 12.455375887533327 2.4347342502733547
    endloop
  endfacet
  facet normal -1 0 0
    outer loop
      vertex -9 24 34.5
      vertex -9 14.800303823505766 3.788579025337313
      vertex -9 13.65 3.0732741416621217
    endloop
  endfacet
  facet normal -1 0 0
    outer loop
      vertex -9 24 34.5
      vertex -9 15.901361580480518 4.5775858559714315
      vertex -9 14.800303823505766 3.788579025337313
    endloop
  endfacet
  facet normal -1 0 0
    outer loop
      vertex -9 24 34.5
      vertex -9 16.948458372571423 5.436915985185168
      vertex -9 15.901361580480518 4.5775858559714315
    endloop
  endfacet
  facet normal -1 0 0
    outer loop
      vertex -9 19.72241414402857 8.398638419519482
      vertex -9 18.86308401481483 7.351541627428576
      vertex -9 23.294664604183716 15.642445766377822
    endloop
  endfacet
  facet normal -1 0 0
    outer loop
      vertex -9 20.511420974662688 9.499696176494234
      vertex -9 19.72241414402857 8.398638419519482
      vertex -9 22.901453680548688 14.346203068224556
    endloop
  endfacet
  facet normal -1 0 0
    outer loop
      vertex -9 21.22672585833788 10.65
      vertex -9 20.511420974662688 9.499696176494234
      vertex -9 22.424306322983636 13.078452950042642
    endloop
  endfacet
  facet normal -1 0 0
    outer loop
      vertex -9 21.22672585833788 10.65
      vertex -9 22.424306322983636 13.078452950042642
      vertex -9 21.865265749726646 11.844624112466674
    endloop
  endfacet
  facet normal -1 0 0
    outer loop
      vertex -9 22.901453680548688 14.346203068224556
      vertex -9 22.424306322983636 13.078452950042642
      vertex -9 20.511420974662688 9.499696176494234
    endloop
  endfacet
  facet normal -1 0 0
    outer loop
      vertex -9 23.294664604183716 15.642445766377822
      vertex -9 22.901453680548688 14.346203068224556
      vertex -9 19.72241414402857 8.398638419519482
    endloop
  endfacet
  facet normal -1 0 0
    outer loop
      vertex -9 23.60225530434687 16.961630334266147
      vertex -9 23.294664604183716 15.642445766377822
      vertex -9 18.86308401481483 7.351541627428576
    endloop
  endfacet
  facet normal -1 0 0
    outer loop
      vertex -9 23.822908630437876 18.298107821044933
      vertex -9 23.60225530434687 16.961630334266147
      vertex -9 17.937110370561534 6.362889629438465
    endloop
  endfacet
  facet normal -1 0 0
    outer loop
      vertex -9 16.948458372571423 5.436915985185168
      vertex -9 23.955679711039092 19.646155224936038
      vertex -9 23.822908630437876 18.298107821044933
    endloop
  endfacet
  facet normal -1 0 0
    outer loop
      vertex -9 16.948458372571423 5.436915985185168
      vertex -9 24 21
      vertex -9 23.955679711039092 19.646155224936038
    endloop
  endfacet
  facet normal 1 0 0
    outer loop
      vertex 9 12 34.5
      vertex 9 18.86308401481483 7.351541627428576
      vertex 9 19.72241414402857 8.398638419519482
    endloop
  endfacet
  facet normal 1 0 0
    outer loop
      vertex 9 12 34.5
      vertex 9 19.72241414402857 8.398638419519482
      vertex 9 20.511420974662688 9.499696176494234
    endloop
  endfacet
  facet normal 1 0 0
    outer loop
      vertex 9 12 34.5
      vertex 9 20.511420974662688 9.499696176494234
      vertex 9 21.22672585833788 10.65
    endloop
  endfacet
  facet normal -1 0 0
    outer loop
      vertex -9 12 34.5
      vertex -9 24 34.5
      vertex -9 12.455375887533327 2.4347342502733547
    endloop
  endfacet
  facet normal 0 -1 0
    outer loop
      vertex -9 12 34.5
      vertex 9 12 2.2284061199354483
      vertex 9 12 34.5
    endloop
  endfacet
  facet normal 0 0 1
    outer loop
      vertex -9 12 34.5
      vertex -0.5176380902050415 16.068148347421864 34.5
      vertex -0.7653668647301796 16.152240934977428 34.5
    endloop
  endfacet
  facet normal 0 0 1
    outer loop
      vertex -9 12 34.5
      vertex -0.7653668647301796 16.152240934977428 34.5
      vertex -1 16.26794919243112 34.5
    endloop
  endfacet
  facet normal 0 0 1
    outer loop
      vertex -9 12 34.5
      vertex -1 16.26794919243112 34.5
      vertex -1.2175228580174413 16.41329331941753 34.5
    endloop
  endfacet
  facet normal 0 0 1
    outer loop
      vertex -9 12 34.5
      vertex -1.2175228580174413 16.41329331941753 34.5
      vertex -1.4142135623730951 16.585786437626904 34.5
    endloop
  endfacet
  facet normal 0 0 1
    outer loop
      vertex -9 12 34.5
      vertex -1.5867066805824703 16.782477141982557 34.5
      vertex -1.7320508075688772 17 34.5
    endloop
  endfacet
  facet normal 0 0 1
    outer loop
      vertex -9 12 34.5
      vertex -1.7320508075688772 17 34.5
      vertex -1.8477590650225735 17.23463313526982 34.5
    endloop
  endfacet
  facet normal 0 0 1
    outer loop
      vertex -9 12 34.5
      vertex -1.4142135623730951 16.585786437626904 34.5
      vertex -1.5867066805824703 16.782477141982557 34.5
    endloop
  endfacet
  facet normal 0 0 1
    outer loop
      vertex -9 12 34.5
      vertex -1.8477590650225735 17.23463313526982 34.5
      vertex -1.9318516525781366 17.48236190979496 34.5
    endloop
  endfacet
  facet normal 0 0 1
    outer loop
      vertex -9 12 34.5
      vertex -1.9318516525781366 17.48236190979496 34.5
      vertex -1.9828897227476208 17.738947615559898 34.5
    endloop
  endfacet
  facet normal 0 0 1
    outer loop
      vertex -9 12 34.5
      vertex -1.9828897227476208 17.738947615559898 34.5
      vertex -2 18 34.5
    endloop
  endfacet
  facet normal 0 0 1
    outer loop
      vertex -9 12 34.5
      vertex -2 18 34.5
      vertex -1.9828897227476208 18.261052384440102 34.5
    endloop
  endfacet
  facet normal 0 0 1
    outer loop
      vertex -9 12 34.5
      vertex -1.9828897227476208 18.261052384440102 34.5
      vertex -1.9318516525781366 18.51763809020504 34.5
    endloop
  endfacet
  facet normal 0 0 1
    outer loop
      vertex -9 12 34.5
      vertex 9 12 34.5
      vertex 0.7653668647301796 16.152240934977428 34.5
    endloop
  endfacet
  facet normal 0 0 1
    outer loop
      vertex -9 12 34.5
      vertex -0.26105238444010315 16.017110277252378 34.5
      vertex -0.5176380902050415 16.068148347421864 34.5
    endloop
  endfacet
  facet normal 0 0 1
    outer loop
      vertex -9 12 34.5
      vertex 0 16 34.5
      vertex -0.26105238444010315 16.017110277252378 34.5
    endloop
  endfacet
  facet normal 0 0 1
    outer loop
      vertex -9 12 34.5
      vertex 0.26105238444010315 16.017110277252378 34.5
      vertex 0 16 34.5
    endloop
  endfacet
  facet normal 0 0 1
    outer loop
      vertex -9 12 34.5
      vertex 0.5176380902050415 16.068148347421864 34.5
      vertex 0.26105238444010315 16.017110277252378 34.5
    endloop
  endfacet
  facet normal 0 0 1
    outer loop
      vertex -9 12 34.5
      vertex 0.7653668647301796 16.152240934977428 34.5
      vertex 0.5176380902050415 16.068148347421864 34.5
    endloop
  endfacet
  facet normal 0 0 1
    outer loop
      vertex 9 12 34.5
      vertex 1 16.26794919243112 34.5
      vertex 0.7653668647301796 16.152240934977428 34.5
    endloop
  endfacet
  facet normal 0 0 1
    outer loop
      vertex 9 12 34.5
      vertex 1.2175228580174413 16.41329331941753 34.5
      vertex 1 16.26794919243112 34.5
    endloop
  endfacet
  facet normal 0 0 1
    outer loop
      vertex 9 12 34.5
      vertex 1.4142135623730951 16.585786437626904 34.5
      vertex 1.2175228580174413 16.41329331941753 34.5
    endloop
  endfacet
  facet normal 0 0 1
    outer loop
      vertex 9 12 34.5
      vertex 1.5867066805824703 16.782477141982557 34.5
      vertex 1.4142135623730951 16.585786437626904 34.5
    endloop
  endfacet
  facet normal 0 0 1
    outer loop
      vertex 9 12 34.5
      vertex 1.7320508075688772 17 34.5
      vertex 1.5867066805824703 16.782477141982557 34.5
    endloop
  endfacet
  facet normal 0 0 1
    outer loop
      vertex 9 12 34.5
      vertex 1.8477590650225735 17.23463313526982 34.5
      vertex 1.7320508075688772 17 34.5
    endloop
  endfacet
  facet normal 0 0 1
    outer loop
      vertex 9 12 34.5
      vertex 1.9318516525781366 17.48236190979496 34.5
      vertex 1.8477590650225735 17.23463313526982 34.5
    endloop
  endfacet
  facet normal -1 0 0
    outer loop
      vertex -9 24 34.5
      vertex -9 24 21
      vertex -9 16.948458372571423 5.436915985185168
    endloop
  endfacet
  facet normal 0 1 0
    outer loop
      vertex -1.9565217391304346 24 21
      vertex -1.2175228580174413 24 23.16329331941753
      vertex -1 24 23.01794919243112
    endloop
  endfacet
  facet normal 0 1 0
    outer loop
      vertex -1.9565217391304346 24 21
      vertex -0.7653668647301796 24 22.902240934977428
      vertex -0.5176380902050415 24 22.818148347421864
    endloop
  endfacet
  facet normal 0 1 0
    outer loop
      vertex -1.9565217391304346 24 21
      vertex -1 24 23.01794919243112
      vertex -0.7653668647301796 24 22.902240934977428
    endloop
  endfacet
  facet normal 0 1 0
    outer loop
      vertex -1.9565217391304346 24 21
      vertex -0.5176380902050415 24 22.818148347421864
      vertex -0.26105238444010315 24 22.767110277252378
    endloop
  endfacet
  facet normal 0 1 0
    outer loop
      vertex -1.9565217391304346 24 21
      vertex -0.26105238444010315 24 22.767110277252378
      vertex 0 24 22.75
    endloop
  endfacet
  facet normal 0 1 0
    outer loop
      vertex -1.9565217391304346 24 21
      vertex 0 24 22.75
      vertex 0.26105238444010315 24 22.767110277252378
    endloop
  endfacet
  facet normal 0 1 0
    outer loop
      vertex -1.9565217391304346 24 21
      vertex 0.26105238444010315 24 22.767110277252378
      vertex 0.5176380902050415 24 22.818148347421864
    endloop
  endfacet
  facet normal 0 1 0
    outer loop
      vertex -1.9565217391304346 24 21
      vertex 0.5176380902050415 24 22.818148347421864
      vertex 0.7653668647301796 24 22.902240934977428
    endloop
  endfacet
  facet normal 0 1 0
    outer loop
      vertex -9 24 34.5
      vertex -1.9565217391304346 24 21
      vertex -9 24 21
    endloop
  endfacet
  facet normal 0 1 0
    outer loop
      vertex -9 24 34.5
      vertex -1.5867066805824703 24 23.532477141982557
      vertex -1.9565217391304346 24 21
    endloop
  endfacet
  facet normal 0 1 0
    outer loop
      vertex -1.9565217391304346 24 21
      vertex -1.5867066805824703 24 23.532477141982557
      vertex -1.4142135623730951 24 23.335786437626904
    endloop
  endfacet
  facet normal 0 1 0
    outer loop
      vertex -1.9565217391304346 24 21
      vertex -1.4142135623730951 24 23.335786437626904
      vertex -1.2175228580174413 24 23.16329331941753
    endloop
  endfacet
  facet normal 1 0 0
    outer loop
      vertex 9 12 34.5
      vertex 9 21.22672585833788 10.65
      vertex 9 21.865265749726646 11.844624112466674
    endloop
  endfacet
  facet normal 1 0 0
    outer loop
      vertex 9 12 34.5
      vertex 9 21.865265749726646 11.844624112466674
      vertex 9 22.424306322983636 13.078452950042642
    endloop
  endfacet
  facet normal 1 0 0
    outer loop
      vertex 9 12 34.5
      vertex 9 22.424306322983636 13.078452950042642
      vertex 9 22.901453680548688 14.346203068224556
    endloop
  endfacet
  facet normal 1 0 0
    outer loop
      vertex 9 12 34.5
      vertex 9 22.901453680548688 14.346203068224556
      vertex 9 23.294664604183716 15.642445766377822
    endloop
  endfacet
  facet normal 1 0 0
    outer loop
      vertex 9 12 34.5
      vertex 9 23.294664604183716 15.642445766377822
      vertex 9 23.60225530434687 16.961630334266147
    endloop
  endfacet
  facet normal 1 0 0
    outer loop
      vertex 9 12 34.5
      vertex 9 23.60225530434687 16.961630334266147
      vertex 9 23.822908630437876 18.298107821044933
    endloop
  endfacet
  facet normal 1 0 0
    outer loop
      vertex 9 12 34.5
      vertex 9 23.822908630437876 18.298107821044933
      vertex 9 23.955679711039092 19.646155224936038
    endloop
  endfacet
  facet normal 1 0 0
    outer loop
      vertex 9 12 34.5
      vertex 9 23.955679711039092 19.646155224936038
      vertex 9 24 21
    endloop
  endfacet
  facet normal 0 1 0
    outer loop
      vertex -1.9565217391304346 24 21
      vertex 0.7653668647301796 24 22.902240934977428
      vertex 9 24 21
    endloop
  endfacet
  facet normal 0 1 0
    outer loop
      vertex 9 24 21
      vertex 0.7653668647301796 24 22.902240934977428
      vertex 1 24 23.01794919243112
    endloop
  endfacet
  facet normal 0 1 0
    outer loop
      vertex 9 24 21
      vertex 1 24 23.01794919243112
      vertex 1.2175228580174413 24 23.16329331941753
    endloop
  endfacet
  facet normal 0 1 0
    outer loop
      vertex 9 24 21
      vertex 1.2175228580174413 24 23.16329331941753
      vertex 1.4142135623730951 24 23.335786437626904
    endloop
  endfacet
  facet normal 0 1 0
    outer loop
      vertex 9 24 21
      vertex 1.4142135623730951 24 23.335786437626904
      vertex 1.5867066805824703 24 23.532477141982557
    endloop
  endfacet
  facet normal 0 1 0
    outer loop
      vertex 9 24 21
      vertex 1.5867066805824703 24 23.532477141982557
      vertex 1.7320508075688772 24 23.75
    endloop
  endfacet
  facet normal 0 1 0
    outer loop
      vertex 9 24 21
      vertex 1.7320508075688772 24 23.75
      vertex 1.8477590650225735 24 23.98463313526982
    endloop
  endfacet
  facet normal 0 1 0
    outer loop
      vertex 9 24 21
      vertex 1.8477590650225735 24 23.98463313526982
      vertex 1.9318516525781366 24 24.23236190979496
    endloop
  endfacet
  facet normal 0 1 0
    outer loop
      vertex 9 24 21
      vertex 1.9318516525781366 24 24.23236190979496
      vertex 1.9828897227476208 24 24.488947615559898
    endloop
  endfacet
  facet normal 0 1 0
    outer loop
      vertex 9 24 21
      vertex 1.9828897227476208 24 24.488947615559898
      vertex 2 24 24.75
    endloop
  endfacet
  facet normal 0 1 0
    outer loop
      vertex 9 24 21
      vertex 2 24 24.75
      vertex 1.9828897227476208 24 25.011052384440102
    endloop
  endfacet
  facet normal 0 1 0
    outer loop
      vertex 9 24 21
      vertex 1.9828897227476208 24 25.011052384440102
      vertex 1.9318516525781366 24 25.26763809020504
    endloop
  endfacet
  facet normal 0 1 0
    outer loop
      vertex 9 24 21
      vertex 1.9318516525781366 24 25.26763809020504
      vertex 1.8477590650225735 24 25.51536686473018
    endloop
  endfacet
  facet normal 0 1 0
    outer loop
      vertex 9 24 21
      vertex 1.8477590650225735 24 25.51536686473018
      vertex 1.7320508075688772 24 25.75
    endloop
  endfacet
  facet normal 0 0 1
    outer loop
      vertex -9 12 34.5
      vertex -1.9318516525781366 18.51763809020504 34.5
      vertex -9 24 34.5
    endloop
  endfacet
  facet normal 0 1 0
    outer loop
      vertex -9 24 34.5
      vertex -1.7320508075688772 24 23.75
      vertex -1.5867066805824703 24 23.532477141982557
    endloop
  endfacet
  facet normal 0 1 0
    outer loop
      vertex -9 24 34.5
      vertex -1.8477590650225735 24 23.98463313526982
      vertex -1.7320508075688772 24 23.75
    endloop
  endfacet
  facet normal 0 1 0
    outer loop
      vertex -9 24 34.5
      vertex -1.9318516525781366 24 24.23236190979496
      vertex -1.8477590650225735 24 23.98463313526982
    endloop
  endfacet
  facet normal 0 1 0
    outer loop
      vertex -9 24 34.5
      vertex -1.9828897227476208 24 24.488947615559898
      vertex -1.9318516525781366 24 24.23236190979496
    endloop
  endfacet
  facet normal 0 1 0
    outer loop
      vertex -9 24 34.5
      vertex -2 24 24.75
      vertex -1.9828897227476208 24 24.488947615559898
    endloop
  endfacet
  facet normal 0 1 0
    outer loop
      vertex -9 24 34.5
      vertex -1.9828897227476208 24 25.011052384440102
      vertex -2 24 24.75
    endloop
  endfacet
  facet normal 0 1 0
    outer loop
      vertex -9 24 34.5
      vertex -1.9318516525781366 24 25.26763809020504
      vertex -1.9828897227476208 24 25.011052384440102
    endloop
  endfacet
  facet normal 0 1 0
    outer loop
      vertex -9 24 34.5
      vertex -1.8477590650225735 24 25.51536686473018
      vertex -1.9318516525781366 24 25.26763809020504
    endloop
  endfacet
  facet normal 0 1 0
    outer loop
      vertex -9 24 34.5
      vertex -1.7320508075688772 24 25.75
      vertex -1.8477590650225735 24 25.51536686473018
    endloop
  endfacet
  facet normal 0 1 0
    outer loop
      vertex -9 24 34.5
      vertex -1.5867066805824703 24 25.967522858017443
      vertex -1.7320508075688772 24 25.75
    endloop
  endfacet
  facet normal 0 1 0
    outer loop
      vertex -9 24 34.5
      vertex -1.4142135623730951 24 26.164213562373096
      vertex -1.5867066805824703 24 25.967522858017443
    endloop
  endfacet
  facet normal 0 1 0
    outer loop
      vertex -9 24 34.5
      vertex -1.2175228580174413 24 26.33670668058247
      vertex -1.4142135623730951 24 26.164213562373096
    endloop
  endfacet
  facet normal 0 1 0
    outer loop
      vertex -9 24 34.5
      vertex -1 24 26.48205080756888
      vertex -1.2175228580174413 24 26.33670668058247
    endloop
  endfacet
  facet normal 0 1 0
    outer loop
      vertex -9 24 34.5
      vertex -0.7653668647301796 24 26.597759065022572
      vertex -1 24 26.48205080756888
    endloop
  endfacet
  facet normal 0 1 0
    outer loop
      vertex -9 24 34.5
      vertex -0.5176380902050415 24 26.681851652578136
      vertex -0.7653668647301796 24 26.597759065022572
    endloop
  endfacet
  facet normal 0 1 0
    outer loop
      vertex -9 24 34.5
      vertex -0.26105238444010315 24 26.732889722747622
      vertex -0.5176380902050415 24 26.681851652578136
    endloop
  endfacet
  facet normal 0 1 0
    outer loop
      vertex -9 24 34.5
      vertex 0 24 26.75
      vertex -0.26105238444010315 24 26.732889722747622
    endloop
  endfacet
  facet normal 0 0 1
    outer loop
      vertex -9 24 34.5
      vertex -1.9318516525781366 18.51763809020504 34.5
      vertex -1.8477590650225735 18.76536686473018 34.5
    endloop
  endfacet
  facet normal 0 0 1
    outer loop
      vertex -9 24 34.5
      vertex -1.8477590650225735 18.76536686473018 34.5
      vertex -1.7320508075688772 19 34.5
    endloop
  endfacet
  facet normal 0 0 1
    outer loop
      vertex -9 24 34.5
      vertex -1.7320508075688772 19 34.5
      vertex -1.5867066805824703 19.217522858017443 34.5
    endloop
  endfacet
  facet normal 0 0 1
    outer loop
      vertex -9 24 34.5
      vertex -1.5867066805824703 19.217522858017443 34.5
      vertex -1.4142135623730951 19.414213562373096 34.5
    endloop
  endfacet
  facet normal 0 0 1
    outer loop
      vertex -9 24 34.5
      vertex -1.4142135623730951 19.414213562373096 34.5
      vertex -1.2175228580174413 19.58670668058247 34.5
    endloop
  endfacet
  facet normal 0 0 1
    outer loop
      vertex -9 24 34.5
      vertex -1.2175228580174413 19.58670668058247 34.5
      vertex -1 19.73205080756888 34.5
    endloop
  endfacet
  facet normal 0 0 1
    outer loop
      vertex -9 24 34.5
      vertex -1 19.73205080756888 34.5
      vertex -0.7653668647301796 19.847759065022572 34.5
    endloop
  endfacet
  facet normal 0 1 0
    outer loop
      vertex -9 24 34.5
      vertex 9 24 34.5
      vertex 0 24 26.75
    endloop
  endfacet
  facet normal 0 0 1
    outer loop
      vertex -9 24 34.5
      vertex -0.7653668647301796 19.847759065022572 34.5
      vertex 9 24 34.5
    endloop
  endfacet
  facet normal 1 0 0
    outer loop
      vertex 9 12 34.5
      vertex 9 24 21
      vertex 9 24 34.5
    endloop
  endfacet
  facet normal 0 0 1
    outer loop
      vertex 9 12 34.5
      vertex 9 24 34.5
      vertex 1.9318516525781366 17.48236190979496 34.5
    endloop
  endfacet
  facet normal 0 0 1
    outer loop
      vertex 9 24 34.5
      vertex 1.9828897227476208 17.738947615559898 34.5
      vertex 1.9318516525781366 17.48236190979496 34.5
    endloop
  endfacet
  facet normal 0 0 1
    outer loop
      vertex 9 24 34.5
      vertex 2 18 34.5
      vertex 1.9828897227476208 17.738947615559898 34.5
    endloop
  endfacet
  facet normal 0 0 1
    outer loop
      vertex 9 24 34.5
      vertex 1.9828897227476208 18.261052384440102 34.5
      vertex 2 18 34.5
    endloop
  endfacet
  facet normal 0 1 0
    outer loop
      vertex 9 24 34.5
      vertex 9 24 21
      vertex 1.7320508075688772 24 25.75
    endloop
  endfacet
  facet normal 0 1 0
    outer loop
      vertex 9 24 34.5
      vertex 1 24 26.48205080756888
      vertex 0.7653668647301796 24 26.597759065022572
    endloop
  endfacet
  facet normal 0 1 0
    outer loop
      vertex 9 24 34.5
      vertex 0.26105238444010315 24 26.732889722747622
      vertex 0 24 26.75
    endloop
  endfacet
  facet normal 0 1 0
    outer loop
      vertex 9 24 34.5
      vertex 0.5176380902050415 24 26.681851652578136
      vertex 0.26105238444010315 24 26.732889722747622
    endloop
  endfacet
  facet normal 0 1 0
    outer loop
      vertex 9 24 34.5
      vertex 0.7653668647301796 24 26.597759065022572
      vertex 0.5176380902050415 24 26.681851652578136
    endloop
  endfacet
  facet normal 0 1 0
    outer loop
      vertex 9 24 34.5
      vertex 1.5867066805824703 24 25.967522858017443
      vertex 1.4142135623730951 24 26.164213562373096
    endloop
  endfacet
  facet normal 0 1 0
    outer loop
      vertex 9 24 34.5
      vertex 1.7320508075688772 24 25.75
      vertex 1.5867066805824703 24 25.967522858017443
    endloop
  endfacet
  facet normal 0 1 0
    outer loop
      vertex 9 24 34.5
      vertex 1.4142135623730951 24 26.164213562373096
      vertex 1.2175228580174413 24 26.33670668058247
    endloop
  endfacet
  facet normal 0 1 0
    outer loop
      vertex 9 24 34.5
      vertex 1.2175228580174413 24 26.33670668058247
      vertex 1 24 26.48205080756888
    endloop
  endfacet
  facet normal 0 0 1
    outer loop
      vertex 9 24 34.5
      vertex 1.9318516525781366 18.51763809020504 34.5
      vertex 1.9828897227476208 18.261052384440102 34.5
    endloop
  endfacet
  facet normal 0 0 1
    outer loop
      vertex 9 24 34.5
      vertex 1.8477590650225735 18.76536686473018 34.5
      vertex 1.9318516525781366 18.51763809020504 34.5
    endloop
  endfacet
  facet normal 0 0 1
    outer loop
      vertex 9 24 34.5
      vertex 1.7320508075688772 19 34.5
      vertex 1.8477590650225735 18.76536686473018 34.5
    endloop
  endfacet
  facet normal 0 0 1
    outer loop
      vertex 9 24 34.5
      vertex 1.4142135623730951 19.414213562373096 34.5
      vertex 1.5867066805824703 19.217522858017443 34.5
    endloop
  endfacet
  facet normal 0 0 1
    outer loop
      vertex 9 24 34.5
      vertex 1.5867066805824703 19.217522858017443 34.5
      vertex 1.7320508075688772 19 34.5
    endloop
  endfacet
  facet normal 0 0 1
    outer loop
      vertex 9 24 34.5
      vertex 1.2175228580174413 19.58670668058247 34.5
      vertex 1.4142135623730951 19.414213562373096 34.5
    endloop
  endfacet
  facet normal 0 0 1
    outer loop
      vertex 9 24 34.5
      vertex 1 19.73205080756888 34.5
      vertex 1.2175228580174413 19.58670668058247 34.5
    endloop
  endfacet
  facet normal 0 0 1
    outer loop
      vertex 9 24 34.5
      vertex -0.7653668647301796 19.847759065022572 34.5
      vertex -0.5176380902050415 19.931851652578136 34.5
    endloop
  endfacet
  facet normal 0 0 1
    outer loop
      vertex 9 24 34.5
      vertex -0.5176380902050415 19.931851652578136 34.5
      vertex -0.26105238444010315 19.982889722747622 34.5
    endloop
  endfacet
  facet normal 0 0 1
    outer loop
      vertex 9 24 34.5
      vertex -0.26105238444010315 19.982889722747622 34.5
      vertex 0 20 34.5
    endloop
  endfacet
  facet normal 0 0 1
    outer loop
      vertex 9 24 34.5
      vertex 0 20 34.5
      vertex 0.26105238444010315 19.982889722747622 34.5
    endloop
  endfacet
  facet normal 0 0 1
    outer loop
      vertex 9 24 34.5
      vertex 0.26105238444010315 19.982889722747622 34.5
      vertex 0.5176380902050415 19.931851652578136 34.5
    endloop
  endfacet
  facet normal 0 0 1
    outer loop
      vertex 9 24 34.5
      vertex 0.5176380902050415 19.931851652578136 34.5
      vertex 0.7653668647301796 19.847759065022572 34.5
    endloop
  endfacet
  facet normal 0 0 1
    outer loop
      vertex 9 24 34.5
      vertex 0.7653668647301796 19.847759065022572 34.5
      vertex 1 19.73205080756888 34.5
    endloop
  endfacet
  facet normal -1 0 0
    outer loop
      vertex 63 -6 34.5
      vertex 63 -5.544624112466673 2.4347342502733547
      vertex 63 -6 2.2284061199354483
    endloop
  endfacet
  facet normal 0 -1 0
    outer loop
      vertex 63 -6 34.5
      vertex 63 -6 2.2284061199354483
      vertex 81 -6 2.2284061199354483
    endloop
  endfacet
  facet normal -1 0 0
    outer loop
      vertex 63 6 34.5
      vertex 63 -4.35 3.0732741416621217
      vertex 63 -5.544624112466673 2.4347342502733547
    endloop
  endfacet
  facet normal -1 0 0
    outer loop
      vertex 63 6 34.5
      vertex 63 -3.1996961764942338 3.788579025337313
      vertex 63 -4.35 3.0732741416621217
    endloop
  endfacet
  facet normal -1 0 0
    outer loop
      vertex 63 6 34.5
      vertex 63 -2.0986384195194816 4.5775858559714315
      vertex 63 -3.1996961764942338 3.788579025337313
    endloop
  endfacet
  facet normal -1 0 0
    outer loop
      vertex 63 6 34.5
      vertex 63 -1.0515416274285752 5.436915985185168
      vertex 63 -2.0986384195194816 4.5775858559714315
    endloop
  endfacet
  facet normal 1 0 0
    outer loop
      vertex 81 -6 34.5
      vertex 81 -6 2.2284061199354483
      vertex 81 -5.544624112466673 2.4347342502733547
    endloop
  endfacet
  facet normal 1 0 0
    outer loop
      vertex 81 -6 34.5
      vertex 81 -5.544624112466673 2.4347342502733547
      vertex 81 -4.35 3.0732741416621217
    endloop
  endfacet
  facet normal 1 0 0
    outer loop
      vertex 81 -6 34.5
      vertex 81 -4.35 3.0732741416621217
      vertex 81 -3.1996961764942338 3.788579025337313
    endloop
  endfacet
  facet normal 1 0 0
    outer loop
      vertex 81 -6 34.5
      vertex 81 -3.1996961764942338 3.788579025337313
      vertex 81 -2.0986384195194816 4.5775858559714315
    endloop
  endfacet
  facet normal 1 0 0
    outer loop
      vertex 81 -6 34.5
      vertex 81 -2.0986384195194816 4.5775858559714315
      vertex 81 -1.0515416274285752 5.436915985185168
    endloop
  endfacet
  facet normal 1 0 0
    outer loop
      vertex 81 -6 34.5
      vertex 81 -1.0515416274285752 5.436915985185168
      vertex 81 -0.06288962943846421 6.362889629438465
    endloop
  endfacet
  facet normal 1 0 0
    outer loop
      vertex 81 -6 34.5
      vertex 81 -0.06288962943846421 6.362889629438465
      vertex 81 0.8630840148148327 7.351541627428576
    endloop
  endfacet
  facet normal 1 0 0
    outer loop
      vertex 81 -6 34.5
      vertex 81 0.8630840148148327 7.351541627428576
      vertex 81 1.7224141440285692 8.398638419519482
    endloop
  endfacet
  facet normal 1 0 0
    outer loop
      vertex 81 -6 34.5
      vertex 81 1.7224141440285692 8.398638419519482
      vertex 81 2.5114209746626877 9.499696176494234
    endloop
  endfacet
  facet normal 1 0 0
    outer loop
      vertex 81 -6 34.5
      vertex 81 2.5114209746626877 9.499696176494234
      vertex 81 3.226725858337879 10.65
    endloop
  endfacet
  facet normal -1 0 0
    outer loop
      vertex 63 -1.0515416274285752 5.436915985185168
      vertex 63 5.822908630437876 18.298107821044933
      vertex 63 -0.06288962943846421 6.362889629438465
    endloop
  endfacet
  facet normal -1 0 0
    outer loop
      vertex 63 0.8630840148148327 7.351541627428576
      vertex 63 -0.06288962943846421 6.362889629438465
      vertex 63 5.602255304346869 16.961630334266147
    endloop
  endfacet
  facet normal -1 0 0
    outer loop
      vertex 63 1.7224141440285692 8.398638419519482
      vertex 63 0.8630840148148327 7.351541627428576
      vertex 63 5.2946646041837155 15.642445766377822
    endloop
  endfacet
  facet normal -1 0 0
    outer loop
      vertex 63 2.5114209746626877 9.499696176494234
      vertex 63 1.7224141440285692 8.398638419519482
      vertex 63 4.901453680548688 14.346203068224556
    endloop
  endfacet
  facet normal -1 0 0
    outer loop
      vertex 63 3.226725858337879 10.65
      vertex 63 2.5114209746626877 9.499696176494234
      vertex 63 4.424306322983636 13.078452950042642
    endloop
  endfacet
  facet normal -1 0 0
    outer loop
      vertex 63 3.226725858337879 10.65
      vertex 63 4.424306322983636 13.078452950042642
      vertex 63 3.865265749726646 11.844624112466674
    endloop
  endfacet
  facet normal -1 0 0
    outer loop
      vertex 63 4.901453680548688 14.346203068224556
      vertex 63 4.424306322983636 13.078452950042642
      vertex 63 2.5114209746626877 9.499696176494234
    endloop
  endfacet
  facet normal -1 0 0
    outer loop
      vertex 63 5.2946646041837155 15.642445766377822
      vertex 63 4.901453680548688 14.346203068224556
      vertex 63 1.7224141440285692 8.398638419519482
    endloop
  endfacet
  facet normal -1 0 0
    outer loop
      vertex 63 5.602255304346869 16.961630334266147
      vertex 63 5.2946646041837155 15.642445766377822
      vertex 63 0.8630840148148327 7.351541627428576
    endloop
  endfacet
  facet normal -1 0 0
    outer loop
      vertex 63 5.822908630437876 18.298107821044933
      vertex 63 5.602255304346869 16.961630334266147
      vertex 63 -0.06288962943846421 6.362889629438465
    endloop
  endfacet
  facet normal -1 0 0
    outer loop
      vertex 63 -1.0515416274285752 5.436915985185168
      vertex 63 5.955679711039092 19.646155224936038
      vertex 63 5.822908630437876 18.298107821044933
    endloop
  endfacet
  facet normal -1 0 0
    outer loop
      vertex 63 -1.0515416274285752 5.436915985185168
      vertex 63 6 21
      vertex 63 5.955679711039092 19.646155224936038
    endloop
  endfacet
  facet normal -1 0 0
    outer loop
      vertex 63 -6 34.5
      vertex 63 6 34.5
      vertex 63 -5.544624112466673 2.4347342502733547
    endloop
  endfacet
  facet normal 0 -1 0
    outer loop
      vertex 63 -6 34.5
      vertex 81 -6 2.2284061199354483
      vertex 81 -6 34.5
    endloop
  endfacet
  facet normal 1 0 0
    outer loop
      vertex 81 -6 34.5
      vertex 81 3.226725858337879 10.65
      vertex 81 3.865265749726646 11.844624112466674
    endloop
  endfacet
  facet normal 1 0 0
    outer loop
      vertex 81 -6 34.5
      vertex 81 3.865265749726646 11.844624112466674
      vertex 81 4.424306322983636 13.078452950042642
    endloop
  endfacet
  facet normal 1 0 0
    outer loop
      vertex 81 -6 34.5
      vertex 81 4.424306322983636 13.078452950042642
      vertex 81 4.901453680548688 14.346203068224556
    endloop
  endfacet
  facet normal 1 0 0
    outer loop
      vertex 81 -6 34.5
      vertex 81 4.901453680548688 14.346203068224556
      vertex 81 5.2946646041837155 15.642445766377822
    endloop
  endfacet
  facet normal 0 0 1
    outer loop
      vertex 63 -6 34.5
      vertex 71.23463313526982 -1.8477590650225735 34.5
      vertex 71 -1.7320508075688772 34.5
    endloop
  endfacet
  facet normal 0 0 1
    outer loop
      vertex 63 -6 34.5
      vertex 71.48236190979496 -1.9318516525781366 34.5
      vertex 71.23463313526982 -1.8477590650225735 34.5
    endloop
  endfacet
  facet normal 0 0 1
    outer loop
      vertex 63 -6 34.5
      vertex 71.7389476155599 -1.9828897227476208 34.5
      vertex 71.48236190979496 -1.9318516525781366 34.5
    endloop
  endfacet
  facet normal 0 0 1
    outer loop
      vertex 63 -6 34.5
      vertex 72 -2 34.5
      vertex 71.7389476155599 -1.9828897227476208 34.5
    endloop
  endfacet
  facet normal 0 0 1
    outer loop
      vertex 63 -6 34.5
      vertex 72.2610523844401 -1.9828897227476208 34.5
      vertex 72 -2 34.5
    endloop
  endfacet
  facet normal 0 0 1
    outer loop
      vertex 63 -6 34.5
      vertex 72.51763809020504 -1.9318516525781366 34.5
      vertex 72.2610523844401 -1.9828897227476208 34.5
    endloop
  endfacet
  facet normal 0 0 1
    outer loop
      vertex 63 -6 34.5
      vertex 72.76536686473018 -1.8477590650225735 34.5
      vertex 72.51763809020504 -1.9318516525781366 34.5
    endloop
  endfacet
  facet normal 0 0 1
    outer loop
      vertex 63 -6 34.5
      vertex 71 -1.7320508075688772 34.5
      vertex 70.78247714198255 -1.5867066805824703 34.5
    endloop
  endfacet
  facet normal 0 0 1
    outer loop
      vertex 63 -6 34.5
      vertex 70.78247714198255 -1.5867066805824703 34.5
      vertex 70.58578643762691 -1.4142135623730951 34.5
    endloop
  endfacet
  facet normal 0 0 1
    outer loop
      vertex 63 -6 34.5
      vertex 70.41329331941753 -1.2175228580174413 34.5
      vertex 70.26794919243112 -1 34.5
    endloop
  endfacet
  facet normal 0 0 1
    outer loop
      vertex 63 -6 34.5
      vertex 70.58578643762691 -1.4142135623730951 34.5
      vertex 70.41329331941753 -1.2175228580174413 34.5
    endloop
  endfacet
  facet normal 0 0 1
    outer loop
      vertex 63 -6 34.5
      vertex 70.26794919243112 -1 34.5
      vertex 70.15224093497743 -0.7653668647301796 34.5
    endloop
  endfacet
  facet normal 0 0 1
    outer loop
      vertex 63 -6 34.5
      vertex 70.15224093497743 -0.7653668647301796 34.5
      vertex 70.06814834742187 -0.5176380902050415 34.5
    endloop
  endfacet
  facet normal 0 0 1
    outer loop
      vertex 63 -6 34.5
      vertex 70.06814834742187 -0.5176380902050415 34.5
      vertex 70.01711027725239 -0.26105238444010315 34.5
    endloop
  endfacet
  facet normal 0 0 1
    outer loop
      vertex 63 -6 34.5
      vertex 70.01711027725239 -0.26105238444010315 34.5
      vertex 70 0 34.5
    endloop
  endfacet
  facet normal 0 0 1
    outer loop
      vertex 63 -6 34.5
      vertex 70 0 34.5
      vertex 70.01711027725239 0.26105238444010315 34.5
    endloop
  endfacet
  facet normal 0 0 1
    outer loop
      vertex 63 -6 34.5
      vertex 70.01711027725239 0.26105238444010315 34.5
      vertex 70.06814834742187 0.5176380902050415 34.5
    endloop
  endfacet
  facet normal 0 0 1
    outer loop
      vertex 63 -6 34.5
      vertex 70.06814834742187 0.5176380902050415 34.5
      vertex 63 6 34.5
    endloop
  endfacet
  facet normal 0 0 1
    outer loop
      vertex 63 -6 34.5
      vertex 81 -6 34.5
      vertex 72.76536686473018 -1.8477590650225735 34.5
    endloop
  endfacet
  facet normal 0 0 1
    outer loop
      vertex 81 -6 34.5
      vertex 73 -1.7320508075688772 34.5
      vertex 72.76536686473018 -1.8477590650225735 34.5
    endloop
  endfacet
  facet normal 0 0 1
    outer loop
      vertex 81 -6 34.5
      vertex 73.21752285801745 -1.5867066805824703 34.5
      vertex 73 -1.7320508075688772 34.5
    endloop
  endfacet
  facet normal 0 0 1
    outer loop
      vertex 81 -6 34.5
      vertex 73.41421356237309 -1.4142135623730951 34.5
      vertex 73.21752285801745 -1.5867066805824703 34.5
    endloop
  endfacet
  facet normal 0 0 1
    outer loop
      vertex 81 -6 34.5
      vertex 73.58670668058247 -1.2175228580174413 34.5
      vertex 73.41421356237309 -1.4142135623730951 34.5
    endloop
  endfacet
  facet normal 0 0 1
    outer loop
      vertex 81 -6 34.5
      vertex 73.73205080756888 -1 34.5
      vertex 73.58670668058247 -1.2175228580174413 34.5
    endloop
  endfacet
  facet normal 0 0 1
    outer loop
      vertex 81 -6 34.5
      vertex 73.84775906502257 -0.7653668647301796 34.5
      vertex 73.73205080756888 -1 34.5
    endloop
  endfacet
  facet normal 0 0 1
    outer loop
      vertex 81 -6 34.5
      vertex 73.93185165257813 -0.5176380902050415 34.5
      vertex 73.84775906502257 -0.7653668647301796 34.5
    endloop
  endfacet
  facet normal 0 0 1
    outer loop
      vertex 81 -6 34.5
      vertex 81 6 34.5
      vertex 73.93185165257813 -0.5176380902050415 34.5
    endloop
  endfacet
  facet normal -1 0 0
    outer loop
      vertex 63 6 34.5
      vertex 63 6 21
      vertex 63 -1.0515416274285752 5.436915985185168
    endloop
  endfacet
  facet normal 0 1 0
    outer loop
      vertex 63 6 34.5
      vertex 70.04347826086956 6 21
      vertex 63 6 21
    endloop
  endfacet
  facet normal 0 1 0
    outer loop
      vertex 63 6 34.5
      vertex 70.41329331941753 6 23.532477141982557
      vertex 70.04347826086956 6 21
    endloop
  endfacet
  facet normal 1 0 0
    outer loop
      vertex 81 -6 34.5
      vertex 81 5.2946646041837155 15.642445766377822
      vertex 81 5.602255304346869 16.961630334266147
    endloop
  endfacet
  facet normal 1 0 0
    outer loop
      vertex 81 -6 34.5
      vertex 81 5.602255304346869 16.961630334266147
      vertex 81 5.822908630437876 18.298107821044933
    endloop
  endfacet
  facet normal 1 0 0
    outer loop
      vertex 81 -6 34.5
      vertex 81 5.822908630437876 18.298107821044933
      vertex 81 5.955679711039092 19.646155224936038
    endloop
  endfacet
  facet normal 1 0 0
    outer loop
      vertex 81 -6 34.5
      vertex 81 5.955679711039092 19.646155224936038
      vertex 81 6 21
    endloop
  endfacet
  facet normal 0 1 0
    outer loop
      vertex 70.04347826086956 6 21
      vertex 70.78247714198255 6 23.16329331941753
      vertex 71 6 23.01794919243112
    endloop
  endfacet
  facet normal 0 1 0
    outer loop
      vertex 70.04347826086956 6 21
      vertex 71 6 23.01794919243112
      vertex 71.23463313526982 6 22.902240934977428
    endloop
  endfacet
  facet normal 0 1 0
    outer loop
      vertex 70.04347826086956 6 21
      vertex 71.23463313526982 6 22.902240934977428
      vertex 71.48236190979496 6 22.818148347421864
    endloop
  endfacet
  facet normal 0 1 0
    outer loop
      vertex 70.04347826086956 6 21
      vertex 71.48236190979496 6 22.818148347421864
      vertex 71.7389476155599 6 22.767110277252378
    endloop
  endfacet
  facet normal 0 1 0
    outer loop
      vertex 70.04347826086956 6 21
      vertex 71.7389476155599 6 22.767110277252378
      vertex 72 6 22.75
    endloop
  endfacet
  facet normal 0 1 0
    outer loop
      vertex 70.04347826086956 6 21
      vertex 72 6 22.75
      vertex 72.2610523844401 6 22.767110277252378
    endloop
  endfacet
  facet normal 0 1 0
    outer loop
      vertex 70.04347826086956 6 21
      vertex 72.2610523844401 6 22.767110277252378
      vertex 72.51763809020504 6 22.818148347421864
    endloop
  endfacet
  facet normal 0 1 0
    outer loop
      vertex 70.04347826086956 6 21
      vertex 72.51763809020504 6 22.818148347421864
      vertex 72.76536686473018 6 22.902240934977428
    endloop
  endfacet
  facet normal 0 1 0
    outer loop
      vertex 70.04347826086956 6 21
      vertex 72.76536686473018 6 22.902240934977428
      vertex 81 6 21
    endloop
  endfacet
  facet normal 0 1 0
    outer loop
      vertex 81 6 21
      vertex 72.76536686473018 6 22.902240934977428
      vertex 73 6 23.01794919243112
    endloop
  endfacet
  facet normal 0 1 0
    outer loop
      vertex 81 6 21
      vertex 73 6 23.01794919243112
      vertex 73.21752285801745 6 23.16329331941753
    endloop
  endfacet
  facet normal 0 1 0
    outer loop
      vertex 70.04347826086956 6 21
      vertex 70.41329331941753 6 23.532477141982557
      vertex 70.58578643762691 6 23.335786437626904
    endloop
  endfacet
  facet normal 0 1 0
    outer loop
      vertex 70.04347826086956 6 21
      vertex 70.58578643762691 6 23.335786437626904
      vertex 70.78247714198255 6 23.16329331941753
    endloop
  endfacet
  facet normal 0 1 0
    outer loop
      vertex 81 6 21
      vertex 73.21752285801745 6 23.16329331941753
      vertex 73.41421356237309 6 23.335786437626904
    endloop
  endfacet
  facet normal 0 1 0
    outer loop
      vertex 81 6 21
      vertex 73.41421356237309 6 23.335786437626904
      vertex 73.58670668058247 6 23.532477141982557
    endloop
  endfacet
  facet normal 0 1 0
    outer loop
      vertex 81 6 21
      vertex 73.58670668058247 6 23.532477141982557
      vertex 73.73205080756888 6 23.75
    endloop
  endfacet
  facet normal 0 1 0
    outer loop
      vertex 81 6 21
      vertex 73.73205080756888 6 23.75
      vertex 73.84775906502257 6 23.98463313526982
    endloop
  endfacet
  facet normal 0 1 0
    outer loop
      vertex 81 6 21
      vertex 73.84775906502257 6 23.98463313526982
      vertex 73.93185165257813 6 24.23236190979496
    endloop
  endfacet
  facet normal 0 1 0
    outer loop
      vertex 81 6 21
      vertex 73.93185165257813 6 24.23236190979496
      vertex 73.98288972274761 6 24.488947615559898
    endloop
  endfacet
  facet normal 0 1 0
    outer loop
      vertex 81 6 21
      vertex 73.98288972274761 6 24.488947615559898
      vertex 74 6 24.75
    endloop
  endfacet
  facet normal 0 1 0
    outer loop
      vertex 81 6 21
      vertex 74 6 24.75
      vertex 73.98288972274761 6 25.011052384440102
    endloop
  endfacet
  facet normal 0 1 0
    outer loop
      vertex 81 6 21
      vertex 73.98288972274761 6 25.011052384440102
      vertex 73.93185165257813 6 25.26763809020504
    endloop
  endfacet
  facet normal 0 1 0
    outer loop
      vertex 81 6 21
      vertex 73.93185165257813 6 25.26763809020504
      vertex 73.84775906502257 6 25.51536686473018
    endloop
  endfacet
  facet normal 0 1 0
    outer loop
      vertex 81 6 21
      vertex 73.84775906502257 6 25.51536686473018
      vertex 73.73205080756888 6 25.75
    endloop
  endfacet
  facet normal 0 0 1
    outer loop
      vertex 63 6 34.5
      vertex 70.06814834742187 0.5176380902050415 34.5
      vertex 70.15224093497743 0.7653668647301796 34.5
    endloop
  endfacet
  facet normal 0 0 1
    outer loop
      vertex 63 6 34.5
      vertex 70.15224093497743 0.7653668647301796 34.5
      vertex 70.26794919243112 1 34.5
    endloop
  endfacet
  facet normal 0 0 1
    outer loop
      vertex 63 6 34.5
      vertex 70.26794919243112 1 34.5
      vertex 70.41329331941753 1.2175228580174413 34.5
    endloop
  endfacet
  facet normal 0 0 1
    outer loop
      vertex 63 6 34.5
      vertex 70.41329331941753 1.2175228580174413 34.5
      vertex 70.58578643762691 1.4142135623730951 34.5
    endloop
  endfacet
  facet normal 0 0 1
    outer loop
      vertex 63 6 34.5
      vertex 70.58578643762691 1.4142135623730951 34.5
      vertex 70.78247714198255 1.5867066805824703 34.5
    endloop
  endfacet
  facet normal 0 0 1
    outer loop
      vertex 63 6 34.5
      vertex 70.78247714198255 1.5867066805824703 34.5
      vertex 71 1.7320508075688772 34.5
    endloop
  endfacet
  facet normal 0 0 1
    outer loop
      vertex 63 6 34.5
      vertex 71 1.7320508075688772 34.5
      vertex 71.23463313526982 1.8477590650225735 34.5
    endloop
  endfacet
  facet normal 0 1 0
    outer loop
      vertex 63 6 34.5
      vertex 70.26794919243112 6 23.75
      vertex 70.41329331941753 6 23.532477141982557
    endloop
  endfacet
  facet normal 0 1 0
    outer loop
      vertex 63 6 34.5
      vertex 70.15224093497743 6 23.98463313526982
      vertex 70.26794919243112 6 23.75
    endloop
  endfacet
  facet normal 0 1 0
    outer loop
      vertex 63 6 34.5
      vertex 70.06814834742187 6 24.23236190979496
      vertex 70.15224093497743 6 23.98463313526982
    endloop
  endfacet
  facet normal 0 1 0
    outer loop
      vertex 63 6 34.5
      vertex 70.01711027725239 6 24.488947615559898
      vertex 70.06814834742187 6 24.23236190979496
    endloop
  endfacet
  facet normal 0 1 0
    outer loop
      vertex 63 6 34.5
      vertex 70 6 24.75
      vertex 70.01711027725239 6 24.488947615559898
    endloop
  endfacet
  facet normal 0 1 0
    outer loop
      vertex 63 6 34.5
      vertex 70.01711027725239 6 25.011052384440102
      vertex 70 6 24.75
    endloop
  endfacet
  facet normal 0 1 0
    outer loop
      vertex 63 6 34.5
      vertex 70.06814834742187 6 25.26763809020504
      vertex 70.01711027725239 6 25.011052384440102
    endloop
  endfacet
  facet normal 0 1 0
    outer loop
      vertex 63 6 34.5
      vertex 70.15224093497743 6 25.51536686473018
      vertex 70.06814834742187 6 25.26763809020504
    endloop
  endfacet
  facet normal 0 1 0
    outer loop
      vertex 63 6 34.5
      vertex 70.26794919243112 6 25.75
      vertex 70.15224093497743 6 25.51536686473018
    endloop
  endfacet
  facet normal 0 1 0
    outer loop
      vertex 63 6 34.5
      vertex 70.41329331941753 6 25.967522858017443
      vertex 70.26794919243112 6 25.75
    endloop
  endfacet
  facet normal 0 1 0
    outer loop
      vertex 63 6 34.5
      vertex 70.58578643762691 6 26.164213562373096
      vertex 70.41329331941753 6 25.967522858017443
    endloop
  endfacet
  facet normal 0 1 0
    outer loop
      vertex 63 6 34.5
      vertex 70.78247714198255 6 26.33670668058247
      vertex 70.58578643762691 6 26.164213562373096
    endloop
  endfacet
  facet normal 0 1 0
    outer loop
      vertex 63 6 34.5
      vertex 71 6 26.48205080756888
      vertex 70.78247714198255 6 26.33670668058247
    endloop
  endfacet
  facet normal 0 1 0
    outer loop
      vertex 63 6 34.5
      vertex 71.23463313526982 6 26.597759065022572
      vertex 71 6 26.48205080756888
    endloop
  endfacet
  facet normal 0 1 0
    outer loop
      vertex 63 6 34.5
      vertex 71.48236190979496 6 26.681851652578136
      vertex 71.23463313526982 6 26.597759065022572
    endloop
  endfacet
  facet normal 0 1 0
    outer loop
      vertex 63 6 34.5
      vertex 71.7389476155599 6 26.732889722747622
      vertex 71.48236190979496 6 26.681851652578136
    endloop
  endfacet
  facet normal 0 1 0
    outer loop
      vertex 63 6 34.5
      vertex 72 6 26.75
      vertex 71.7389476155599 6 26.732889722747622
    endloop
  endfacet
  facet normal 1 0 0
    outer loop
      vertex 81 -6 34.5
      vertex 81 6 21
      vertex 81 6 34.5
    endloop
  endfacet
  facet normal 0 0 1
    outer loop
      vertex 81 6 34.5
      vertex 71.23463313526982 1.8477590650225735 34.5
      vertex 71.48236190979496 1.9318516525781366 34.5
    endloop
  endfacet
  facet normal 0 0 1
    outer loop
      vertex 81 6 34.5
      vertex 71.48236190979496 1.9318516525781366 34.5
      vertex 71.7389476155599 1.9828897227476208 34.5
    endloop
  endfacet
  facet normal 0 0 1
    outer loop
      vertex 81 6 34.5
      vertex 71.7389476155599 1.9828897227476208 34.5
      vertex 72 2 34.5
    endloop
  endfacet
  facet normal 0 0 1
    outer loop
      vertex 81 6 34.5
      vertex 72 2 34.5
      vertex 72.2610523844401 1.9828897227476208 34.5
    endloop
  endfacet
  facet normal 0 0 1
    outer loop
      vertex 81 6 34.5
      vertex 72.2610523844401 1.9828897227476208 34.5
      vertex 72.51763809020504 1.9318516525781366 34.5
    endloop
  endfacet
  facet normal 0 0 1
    outer loop
      vertex 63 6 34.5
      vertex 71.23463313526982 1.8477590650225735 34.5
      vertex 81 6 34.5
    endloop
  endfacet
  facet normal 0 0 1
    outer loop
      vertex 81 6 34.5
      vertex 73.98288972274761 -0.26105238444010315 34.5
      vertex 73.93185165257813 -0.5176380902050415 34.5
    endloop
  endfacet
  facet normal 0 0 1
    outer loop
      vertex 81 6 34.5
      vertex 74 0 34.5
      vertex 73.98288972274761 -0.26105238444010315 34.5
    endloop
  endfacet
  facet normal 0 0 1
    outer loop
      vertex 81 6 34.5
      vertex 73.98288972274761 0.26105238444010315 34.5
      vertex 74 0 34.5
    endloop
  endfacet
  facet normal 0 0 1
    outer loop
      vertex 81 6 34.5
      vertex 73.93185165257813 0.5176380902050415 34.5
      vertex 73.98288972274761 0.26105238444010315 34.5
    endloop
  endfacet
  facet normal 0 0 1
    outer loop
      vertex 81 6 34.5
      vertex 73.84775906502257 0.7653668647301796 34.5
      vertex 73.93185165257813 0.5176380902050415 34.5
    endloop
  endfacet
  facet normal 0 0 1
    outer loop
      vertex 81 6 34.5
      vertex 73.41421356237309 1.4142135623730951 34.5
      vertex 73.58670668058247 1.2175228580174413 34.5
    endloop
  endfacet
  facet normal 0 0 1
    outer loop
      vertex 81 6 34.5
      vertex 73.73205080756888 1 34.5
      vertex 73.84775906502257 0.7653668647301796 34.5
    endloop
  endfacet
  facet normal 0 0 1
    outer loop
      vertex 81 6 34.5
      vertex 73.58670668058247 1.2175228580174413 34.5
      vertex 73.73205080756888 1 34.5
    endloop
  endfacet
  facet normal 0 0 1
    outer loop
      vertex 81 6 34.5
      vertex 73.21752285801745 1.5867066805824703 34.5
      vertex 73.41421356237309 1.4142135623730951 34.5
    endloop
  endfacet
  facet normal 0 0 1
    outer loop
      vertex 81 6 34.5
      vertex 73 1.7320508075688772 34.5
      vertex 73.21752285801745 1.5867066805824703 34.5
    endloop
  endfacet
  facet normal 0 0 1
    outer loop
      vertex 81 6 34.5
      vertex 72.76536686473018 1.8477590650225735 34.5
      vertex 73 1.7320508075688772 34.5
    endloop
  endfacet
  facet normal 0 0 1
    outer loop
      vertex 81 6 34.5
      vertex 72.51763809020504 1.9318516525781366 34.5
      vertex 72.76536686473018 1.8477590650225735 34.5
    endloop
  endfacet
  facet normal 0 1 0
    outer loop
      vertex 81 6 34.5
      vertex 72.2610523844401 6 26.732889722747622
      vertex 72 6 26.75
    endloop
  endfacet
  facet normal 0 1 0
    outer loop
      vertex 81 6 34.5
      vertex 72.51763809020504 6 26.681851652578136
      vertex 72.2610523844401 6 26.732889722747622
    endloop
  endfacet
  facet normal 0 1 0
    outer loop
      vertex 81 6 34.5
      vertex 81 6 21
      vertex 73.73205080756888 6 25.75
    endloop
  endfacet
  facet normal 0 1 0
    outer loop
      vertex 81 6 34.5
      vertex 73.58670668058247 6 25.967522858017443
      vertex 73.41421356237309 6 26.164213562373096
    endloop
  endfacet
  facet normal 0 1 0
    outer loop
      vertex 81 6 34.5
      vertex 73.73205080756888 6 25.75
      vertex 73.58670668058247 6 25.967522858017443
    endloop
  endfacet
  facet normal 0 1 0
    outer loop
      vertex 81 6 34.5
      vertex 73 6 26.48205080756888
      vertex 72.76536686473018 6 26.597759065022572
    endloop
  endfacet
  facet normal 0 1 0
    outer loop
      vertex 81 6 34.5
      vertex 73.41421356237309 6 26.164213562373096
      vertex 73.21752285801745 6 26.33670668058247
    endloop
  endfacet
  facet normal 0 1 0
    outer loop
      vertex 81 6 34.5
      vertex 73.21752285801745 6 26.33670668058247
      vertex 73 6 26.48205080756888
    endloop
  endfacet
  facet normal 0 1 0
    outer loop
      vertex 81 6 34.5
      vertex 72.76536686473018 6 26.597759065022572
      vertex 72.51763809020504 6 26.681851652578136
    endloop
  endfacet
  facet normal 0 1 0
    outer loop
      vertex 63 6 34.5
      vertex 81 6 34.5
      vertex 72 6 26.75
    endloop
  endfacet
  facet normal -1 0 0
    outer loop
      vertex 39 -6 34.5
      vertex 39 -5.544624112466673 2.4347342502733547
      vertex 39 -6 2.2284061199354483
    endloop
  endfacet
  facet normal 0 -1 0
    outer loop
      vertex 39 -6 34.5
      vertex 39 -6 2.2284061199354483
      vertex 57 -6 2.2284061199354483
    endloop
  endfacet
  facet normal -1 0 0
    outer loop
      vertex 39 6 34.5
      vertex 39 -4.35 3.0732741416621217
      vertex 39 -5.544624112466673 2.4347342502733547
    endloop
  endfacet
  facet normal -1 0 0
    outer loop
      vertex 39 6 34.5
      vertex 39 -3.1996961764942338 3.788579025337313
      vertex 39 -4.35 3.0732741416621217
    endloop
  endfacet
  facet normal -1 0 0
    outer loop
      vertex 39 6 34.5
      vertex 39 -2.0986384195194816 4.5775858559714315
      vertex 39 -3.1996961764942338 3.788579025337313
    endloop
  endfacet
  facet normal -1 0 0
    outer loop
      vertex 39 6 34.5
      vertex 39 -1.0515416274285752 5.436915985185168
      vertex 39 -2.0986384195194816 4.5775858559714315
    endloop
  endfacet
  facet normal 1 0 0
    outer loop
      vertex 57 -6 34.5
      vertex 57 -6 2.2284061199354483
      vertex 57 -5.544624112466673 2.4347342502733547
    endloop
  endfacet
  facet normal 1 0 0
    outer loop
      vertex 57 -6 34.5
      vertex 57 -5.544624112466673 2.4347342502733547
      vertex 57 -4.35 3.0732741416621217
    endloop
  endfacet
  facet normal 1 0 0
    outer loop
      vertex 57 -6 34.5
      vertex 57 -4.35 3.0732741416621217
      vertex 57 -3.1996961764942338 3.788579025337313
    endloop
  endfacet
  facet normal 1 0 0
    outer loop
      vertex 57 -6 34.5
      vertex 57 -3.1996961764942338 3.788579025337313
      vertex 57 -2.0986384195194816 4.5775858559714315
    endloop
  endfacet
  facet normal 1 0 0
    outer loop
      vertex 57 -6 34.5
      vertex 57 -2.0986384195194816 4.5775858559714315
      vertex 57 -1.0515416274285752 5.436915985185168
    endloop
  endfacet
  facet normal 1 0 0
    outer loop
      vertex 57 -6 34.5
      vertex 57 -1.0515416274285752 5.436915985185168
      vertex 57 -0.06288962943846421 6.362889629438465
    endloop
  endfacet
  facet normal 1 0 0
    outer loop
      vertex 57 -6 34.5
      vertex 57 -0.06288962943846421 6.362889629438465
      vertex 57 0.8630840148148327 7.351541627428576
    endloop
  endfacet
  facet normal 1 0 0
    outer loop
      vertex 57 -6 34.5
      vertex 57 0.8630840148148327 7.351541627428576
      vertex 57 1.7224141440285692 8.398638419519482
    endloop
  endfacet
  facet normal 1 0 0
    outer loop
      vertex 57 -6 34.5
      vertex 57 1.7224141440285692 8.398638419519482
      vertex 57 2.5114209746626877 9.499696176494234
    endloop
  endfacet
  facet normal 1 0 0
    outer loop
      vertex 57 -6 34.5
      vertex 57 2.5114209746626877 9.499696176494234
      vertex 57 3.226725858337879 10.65
    endloop
  endfacet
  facet normal -1 0 0
    outer loop
      vertex 39 -1.0515416274285752 5.436915985185168
      vertex 39 5.822908630437876 18.298107821044933
      vertex 39 -0.06288962943846421 6.362889629438465
    endloop
  endfacet
  facet normal -1 0 0
    outer loop
      vertex 39 0.8630840148148327 7.351541627428576
      vertex 39 -0.06288962943846421 6.362889629438465
      vertex 39 5.602255304346869 16.961630334266147
    endloop
  endfacet
  facet normal -1 0 0
    outer loop
      vertex 39 1.7224141440285692 8.398638419519482
      vertex 39 0.8630840148148327 7.351541627428576
      vertex 39 5.2946646041837155 15.642445766377822
    endloop
  endfacet
  facet normal -1 0 0
    outer loop
      vertex 39 2.5114209746626877 9.499696176494234
      vertex 39 1.7224141440285692 8.398638419519482
      vertex 39 4.901453680548688 14.346203068224556
    endloop
  endfacet
  facet normal -1 0 0
    outer loop
      vertex 39 3.226725858337879 10.65
      vertex 39 2.5114209746626877 9.499696176494234
      vertex 39 4.424306322983636 13.078452950042642
    endloop
  endfacet
  facet normal -1 0 0
    outer loop
      vertex 39 3.226725858337879 10.65
      vertex 39 4.424306322983636 13.078452950042642
      vertex 39 3.865265749726646 11.844624112466674
    endloop
  endfacet
  facet normal -1 0 0
    outer loop
      vertex 39 4.901453680548688 14.346203068224556
      vertex 39 4.424306322983636 13.078452950042642
      vertex 39 2.5114209746626877 9.499696176494234
    endloop
  endfacet
  facet normal -1 0 0
    outer loop
      vertex 39 5.2946646041837155 15.642445766377822
      vertex 39 4.901453680548688 14.346203068224556
      vertex 39 1.7224141440285692 8.398638419519482
    endloop
  endfacet
  facet normal -1 0 0
    outer loop
      vertex 39 5.602255304346869 16.961630334266147
      vertex 39 5.2946646041837155 15.642445766377822
      vertex 39 0.8630840148148327 7.351541627428576
    endloop
  endfacet
  facet normal -1 0 0
    outer loop
      vertex 39 5.822908630437876 18.298107821044933
      vertex 39 5.602255304346869 16.961630334266147
      vertex 39 -0.06288962943846421 6.362889629438465
    endloop
  endfacet
  facet normal -1 0 0
    outer loop
      vertex 39 -1.0515416274285752 5.436915985185168
      vertex 39 5.955679711039092 19.646155224936038
      vertex 39 5.822908630437876 18.298107821044933
    endloop
  endfacet
  facet normal -1 0 0
    outer loop
      vertex 39 -1.0515416274285752 5.436915985185168
      vertex 39 6 21
      vertex 39 5.955679711039092 19.646155224936038
    endloop
  endfacet
  facet normal -1 0 0
    outer loop
      vertex 39 -6 34.5
      vertex 39 6 34.5
      vertex 39 -5.544624112466673 2.4347342502733547
    endloop
  endfacet
  facet normal 0 -1 0
    outer loop
      vertex 39 -6 34.5
      vertex 57 -6 2.2284061199354483
      vertex 57 -6 34.5
    endloop
  endfacet
  facet normal 1 0 0
    outer loop
      vertex 57 -6 34.5
      vertex 57 3.226725858337879 10.65
      vertex 57 3.865265749726646 11.844624112466674
    endloop
  endfacet
  facet normal 1 0 0
    outer loop
      vertex 57 -6 34.5
      vertex 57 3.865265749726646 11.844624112466674
      vertex 57 4.424306322983636 13.078452950042642
    endloop
  endfacet
  facet normal 1 0 0
    outer loop
      vertex 57 -6 34.5
      vertex 57 4.424306322983636 13.078452950042642
      vertex 57 4.901453680548688 14.346203068224556
    endloop
  endfacet
  facet normal 1 0 0
    outer loop
      vertex 57 -6 34.5
      vertex 57 4.901453680548688 14.346203068224556
      vertex 57 5.2946646041837155 15.642445766377822
    endloop
  endfacet
  facet normal 0 0 1
    outer loop
      vertex 39 -6 34.5
      vertex 47.23463313526982 -1.8477590650225735 34.5
      vertex 47 -1.7320508075688772 34.5
    endloop
  endfacet
  facet normal 0 0 1
    outer loop
      vertex 39 -6 34.5
      vertex 47 -1.7320508075688772 34.5
      vertex 46.78247714198256 -1.5867066805824703 34.5
    endloop
  endfacet
  facet normal 0 0 1
    outer loop
      vertex 39 -6 34.5
      vertex 46.78247714198256 -1.5867066805824703 34.5
      vertex 46.58578643762691 -1.4142135623730951 34.5
    endloop
  endfacet
  facet normal 0 0 1
    outer loop
      vertex 39 -6 34.5
      vertex 46.58578643762691 -1.4142135623730951 34.5
      vertex 46.41329331941753 -1.2175228580174413 34.5
    endloop
  endfacet
  facet normal 0 0 1
    outer loop
      vertex 39 -6 34.5
      vertex 46.41329331941753 -1.2175228580174413 34.5
      vertex 46.267949192431125 -1 34.5
    endloop
  endfacet
  facet normal 0 0 1
    outer loop
      vertex 39 -6 34.5
      vertex 46.06814834742186 -0.5176380902050415 34.5
      vertex 46.01711027725238 -0.26105238444010315 34.5
    endloop
  endfacet
  facet normal 0 0 1
    outer loop
      vertex 39 -6 34.5
      vertex 46.267949192431125 -1 34.5
      vertex 46.15224093497743 -0.7653668647301796 34.5
    endloop
  endfacet
  facet normal 0 0 1
    outer loop
      vertex 39 -6 34.5
      vertex 46.15224093497743 -0.7653668647301796 34.5
      vertex 46.06814834742186 -0.5176380902050415 34.5
    endloop
  endfacet
  facet normal 0 0 1
    outer loop
      vertex 39 -6 34.5
      vertex 47.738947615559894 -1.9828897227476208 34.5
      vertex 47.48236190979496 -1.9318516525781366 34.5
    endloop
  endfacet
  facet normal 0 0 1
    outer loop
      vertex 39 -6 34.5
      vertex 47.48236190979496 -1.9318516525781366 34.5
      vertex 47.23463313526982 -1.8477590650225735 34.5
    endloop
  endfacet
  facet normal 0 0 1
    outer loop
      vertex 39 -6 34.5
      vertex 48 -2 34.5
      vertex 47.738947615559894 -1.9828897227476208 34.5
    endloop
  endfacet
  facet normal 0 0 1
    outer loop
      vertex 39 -6 34.5
      vertex 48.261052384440106 -1.9828897227476208 34.5
      vertex 48 -2 34.5
    endloop
  endfacet
  facet normal 0 0 1
    outer loop
      vertex 39 -6 34.5
      vertex 48.51763809020504 -1.9318516525781366 34.5
      vertex 48.261052384440106 -1.9828897227476208 34.5
    endloop
  endfacet
  facet normal 0 0 1
    outer loop
      vertex 39 -6 34.5
      vertex 48.76536686473018 -1.8477590650225735 34.5
      vertex 48.51763809020504 -1.9318516525781366 34.5
    endloop
  endfacet
  facet normal 0 0 1
    outer loop
      vertex 39 -6 34.5
      vertex 46.06814834742186 0.5176380902050415 34.5
      vertex 39 6 34.5
    endloop
  endfacet
  facet normal 0 0 1
    outer loop
      vertex 39 -6 34.5
      vertex 46.01711027725238 -0.26105238444010315 34.5
      vertex 46 0 34.5
    endloop
  endfacet
  facet normal 0 0 1
    outer loop
      vertex 39 -6 34.5
      vertex 46 0 34.5
      vertex 46.01711027725238 0.26105238444010315 34.5
    endloop
  endfacet
  facet normal 0 0 1
    outer loop
      vertex 39 -6 34.5
      vertex 46.01711027725238 0.26105238444010315 34.5
      vertex 46.06814834742186 0.5176380902050415 34.5
    endloop
  endfacet
  facet normal 0 0 1
    outer loop
      vertex 39 -6 34.5
      vertex 57 -6 34.5
      vertex 48.76536686473018 -1.8477590650225735 34.5
    endloop
  endfacet
  facet normal 0 0 1
    outer loop
      vertex 57 -6 34.5
      vertex 49 -1.7320508075688772 34.5
      vertex 48.76536686473018 -1.8477590650225735 34.5
    endloop
  endfacet
  facet normal 0 0 1
    outer loop
      vertex 57 -6 34.5
      vertex 49.21752285801744 -1.5867066805824703 34.5
      vertex 49 -1.7320508075688772 34.5
    endloop
  endfacet
  facet normal 0 0 1
    outer loop
      vertex 57 -6 34.5
      vertex 49.41421356237309 -1.4142135623730951 34.5
      vertex 49.21752285801744 -1.5867066805824703 34.5
    endloop
  endfacet
  facet normal 0 0 1
    outer loop
      vertex 57 -6 34.5
      vertex 49.58670668058247 -1.2175228580174413 34.5
      vertex 49.41421356237309 -1.4142135623730951 34.5
    endloop
  endfacet
  facet normal 0 0 1
    outer loop
      vertex 57 -6 34.5
      vertex 49.732050807568875 -1 34.5
      vertex 49.58670668058247 -1.2175228580174413 34.5
    endloop
  endfacet
  facet normal 0 0 1
    outer loop
      vertex 57 -6 34.5
      vertex 49.84775906502257 -0.7653668647301796 34.5
      vertex 49.732050807568875 -1 34.5
    endloop
  endfacet
  facet normal 0 0 1
    outer loop
      vertex 57 -6 34.5
      vertex 49.93185165257814 -0.5176380902050415 34.5
      vertex 49.84775906502257 -0.7653668647301796 34.5
    endloop
  endfacet
  facet normal 0 0 1
    outer loop
      vertex 57 -6 34.5
      vertex 57 6 34.5
      vertex 49.93185165257814 -0.5176380902050415 34.5
    endloop
  endfacet
  facet normal -1 0 0
    outer loop
      vertex 39 6 34.5
      vertex 39 6 21
      vertex 39 -1.0515416274285752 5.436915985185168
    endloop
  endfacet
  facet normal 0 1 0
    outer loop
      vertex 46.04347826086956 6 21
      vertex 46.78247714198256 6 23.16329331941753
      vertex 47 6 23.01794919243112
    endloop
  endfacet
  facet normal 0 1 0
    outer loop
      vertex 46.04347826086956 6 21
      vertex 47 6 23.01794919243112
      vertex 47.23463313526982 6 22.902240934977428
    endloop
  endfacet
  facet normal 0 1 0
    outer loop
      vertex 46.04347826086956 6 21
      vertex 47.23463313526982 6 22.902240934977428
      vertex 47.48236190979496 6 22.818148347421864
    endloop
  endfacet
  facet normal 0 1 0
    outer loop
      vertex 46.04347826086956 6 21
      vertex 47.48236190979496 6 22.818148347421864
      vertex 47.738947615559894 6 22.767110277252378
    endloop
  endfacet
  facet normal 0 1 0
    outer loop
      vertex 39 6 34.5
      vertex 46.04347826086956 6 21
      vertex 39 6 21
    endloop
  endfacet
  facet normal 0 1 0
    outer loop
      vertex 46.04347826086956 6 21
      vertex 46.58578643762691 6 23.335786437626904
      vertex 46.78247714198256 6 23.16329331941753
    endloop
  endfacet
  facet normal 0 1 0
    outer loop
      vertex 46.04347826086956 6 21
      vertex 46.41329331941753 6 23.532477141982557
      vertex 46.58578643762691 6 23.335786437626904
    endloop
  endfacet
  facet normal 0 1 0
    outer loop
      vertex 39 6 34.5
      vertex 46.41329331941753 6 23.532477141982557
      vertex 46.04347826086956 6 21
    endloop
  endfacet
  facet normal 1 0 0
    outer loop
      vertex 57 -6 34.5
      vertex 57 5.2946646041837155 15.642445766377822
      vertex 57 5.602255304346869 16.961630334266147
    endloop
  endfacet
  facet normal 1 0 0
    outer loop
      vertex 57 -6 34.5
      vertex 57 5.602255304346869 16.961630334266147
      vertex 57 5.822908630437876 18.298107821044933
    endloop
  endfacet
  facet normal 1 0 0
    outer loop
      vertex 57 -6 34.5
      vertex 57 5.822908630437876 18.298107821044933
      vertex 57 5.955679711039092 19.646155224936038
    endloop
  endfacet
  facet normal 1 0 0
    outer loop
      vertex 57 -6 34.5
      vertex 57 5.955679711039092 19.646155224936038
      vertex 57 6 21
    endloop
  endfacet
  facet normal 0 1 0
    outer loop
      vertex 46.04347826086956 6 21
      vertex 47.738947615559894 6 22.767110277252378
      vertex 48 6 22.75
    endloop
  endfacet
  facet normal 0 1 0
    outer loop
      vertex 46.04347826086956 6 21
      vertex 48 6 22.75
      vertex 48.261052384440106 6 22.767110277252378
    endloop
  endfacet
  facet normal 0 1 0
    outer loop
      vertex 46.04347826086956 6 21
      vertex 48.261052384440106 6 22.767110277252378
      vertex 48.51763809020504 6 22.818148347421864
    endloop
  endfacet
  facet normal 0 1 0
    outer loop
      vertex 46.04347826086956 6 21
      vertex 48.51763809020504 6 22.818148347421864
      vertex 48.76536686473018 6 22.902240934977428
    endloop
  endfacet
  facet normal 0 1 0
    outer loop
      vertex 46.04347826086956 6 21
      vertex 48.76536686473018 6 22.902240934977428
      vertex 57 6 21
    endloop
  endfacet
  facet normal 0 1 0
    outer loop
      vertex 57 6 21
      vertex 48.76536686473018 6 22.902240934977428
      vertex 49 6 23.01794919243112
    endloop
  endfacet
  facet normal 0 1 0
    outer loop
      vertex 57 6 21
      vertex 49 6 23.01794919243112
      vertex 49.21752285801744 6 23.16329331941753
    endloop
  endfacet
  facet normal 0 1 0
    outer loop
      vertex 57 6 21
      vertex 49.21752285801744 6 23.16329331941753
      vertex 49.41421356237309 6 23.335786437626904
    endloop
  endfacet
  facet normal 0 1 0
    outer loop
      vertex 57 6 21
      vertex 49.41421356237309 6 23.335786437626904
      vertex 49.58670668058247 6 23.532477141982557
    endloop
  endfacet
  facet normal 0 1 0
    outer loop
      vertex 57 6 21
      vertex 49.58670668058247 6 23.532477141982557
      vertex 49.732050807568875 6 23.75
    endloop
  endfacet
  facet normal 0 1 0
    outer loop
      vertex 57 6 21
      vertex 49.732050807568875 6 23.75
      vertex 49.84775906502257 6 23.98463313526982
    endloop
  endfacet
  facet normal 0 1 0
    outer loop
      vertex 57 6 21
      vertex 49.84775906502257 6 23.98463313526982
      vertex 49.93185165257814 6 24.23236190979496
    endloop
  endfacet
  facet normal 0 1 0
    outer loop
      vertex 57 6 21
      vertex 49.93185165257814 6 24.23236190979496
      vertex 49.98288972274762 6 24.488947615559898
    endloop
  endfacet
  facet normal 0 1 0
    outer loop
      vertex 57 6 21
      vertex 49.98288972274762 6 24.488947615559898
      vertex 50 6 24.75
    endloop
  endfacet
  facet normal 0 1 0
    outer loop
      vertex 57 6 21
      vertex 50 6 24.75
      vertex 49.98288972274762 6 25.011052384440102
    endloop
  endfacet
  facet normal 0 1 0
    outer loop
      vertex 57 6 21
      vertex 49.98288972274762 6 25.011052384440102
      vertex 49.93185165257814 6 25.26763809020504
    endloop
  endfacet
  facet normal 0 1 0
    outer loop
      vertex 57 6 21
      vertex 49.93185165257814 6 25.26763809020504
      vertex 49.84775906502257 6 25.51536686473018
    endloop
  endfacet
  facet normal 0 1 0
    outer loop
      vertex 57 6 21
      vertex 49.84775906502257 6 25.51536686473018
      vertex 49.732050807568875 6 25.75
    endloop
  endfacet
  facet normal 0 0 1
    outer loop
      vertex 39 6 34.5
      vertex 46.06814834742186 0.5176380902050415 34.5
      vertex 46.15224093497743 0.7653668647301796 34.5
    endloop
  endfacet
  facet normal 0 0 1
    outer loop
      vertex 39 6 34.5
      vertex 46.15224093497743 0.7653668647301796 34.5
      vertex 46.267949192431125 1 34.5
    endloop
  endfacet
  facet normal 0 0 1
    outer loop
      vertex 39 6 34.5
      vertex 46.267949192431125 1 34.5
      vertex 46.41329331941753 1.2175228580174413 34.5
    endloop
  endfacet
  facet normal 0 0 1
    outer loop
      vertex 39 6 34.5
      vertex 46.41329331941753 1.2175228580174413 34.5
      vertex 46.58578643762691 1.4142135623730951 34.5
    endloop
  endfacet
  facet normal 0 0 1
    outer loop
      vertex 39 6 34.5
      vertex 46.58578643762691 1.4142135623730951 34.5
      vertex 46.78247714198256 1.5867066805824703 34.5
    endloop
  endfacet
  facet normal 0 0 1
    outer loop
      vertex 39 6 34.5
      vertex 46.78247714198256 1.5867066805824703 34.5
      vertex 47 1.7320508075688772 34.5
    endloop
  endfacet
  facet normal 0 0 1
    outer loop
      vertex 39 6 34.5
      vertex 47 1.7320508075688772 34.5
      vertex 47.23463313526982 1.8477590650225735 34.5
    endloop
  endfacet
  facet normal 0 1 0
    outer loop
      vertex 39 6 34.5
      vertex 46.267949192431125 6 23.75
      vertex 46.41329331941753 6 23.532477141982557
    endloop
  endfacet
  facet normal 0 1 0
    outer loop
      vertex 39 6 34.5
      vertex 46.15224093497743 6 23.98463313526982
      vertex 46.267949192431125 6 23.75
    endloop
  endfacet
  facet normal 0 1 0
    outer loop
      vertex 39 6 34.5
      vertex 46.01711027725238 6 24.488947615559898
      vertex 46.06814834742186 6 24.23236190979496
    endloop
  endfacet
  facet normal 0 1 0
    outer loop
      vertex 39 6 34.5
      vertex 46 6 24.75
      vertex 46.01711027725238 6 24.488947615559898
    endloop
  endfacet
  facet normal 0 1 0
    outer loop
      vertex 39 6 34.5
      vertex 46.06814834742186 6 24.23236190979496
      vertex 46.15224093497743 6 23.98463313526982
    endloop
  endfacet
  facet normal 0 1 0
    outer loop
      vertex 39 6 34.5
      vertex 46.01711027725238 6 25.011052384440102
      vertex 46 6 24.75
    endloop
  endfacet
  facet normal 0 1 0
    outer loop
      vertex 39 6 34.5
      vertex 46.06814834742186 6 25.26763809020504
      vertex 46.01711027725238 6 25.011052384440102
    endloop
  endfacet
  facet normal 0 1 0
    outer loop
      vertex 39 6 34.5
      vertex 46.15224093497743 6 25.51536686473018
      vertex 46.06814834742186 6 25.26763809020504
    endloop
  endfacet
  facet normal 0 1 0
    outer loop
      vertex 39 6 34.5
      vertex 46.267949192431125 6 25.75
      vertex 46.15224093497743 6 25.51536686473018
    endloop
  endfacet
  facet normal 0 1 0
    outer loop
      vertex 39 6 34.5
      vertex 46.41329331941753 6 25.967522858017443
      vertex 46.267949192431125 6 25.75
    endloop
  endfacet
  facet normal 0 1 0
    outer loop
      vertex 39 6 34.5
      vertex 46.58578643762691 6 26.164213562373096
      vertex 46.41329331941753 6 25.967522858017443
    endloop
  endfacet
  facet normal 0 1 0
    outer loop
      vertex 39 6 34.5
      vertex 46.78247714198256 6 26.33670668058247
      vertex 46.58578643762691 6 26.164213562373096
    endloop
  endfacet
  facet normal 0 1 0
    outer loop
      vertex 39 6 34.5
      vertex 47 6 26.48205080756888
      vertex 46.78247714198256 6 26.33670668058247
    endloop
  endfacet
  facet normal 0 1 0
    outer loop
      vertex 39 6 34.5
      vertex 47.23463313526982 6 26.597759065022572
      vertex 47 6 26.48205080756888
    endloop
  endfacet
  facet normal 0 1 0
    outer loop
      vertex 39 6 34.5
      vertex 47.48236190979496 6 26.681851652578136
      vertex 47.23463313526982 6 26.597759065022572
    endloop
  endfacet
  facet normal 0 1 0
    outer loop
      vertex 39 6 34.5
      vertex 47.738947615559894 6 26.732889722747622
      vertex 47.48236190979496 6 26.681851652578136
    endloop
  endfacet
  facet normal 0 1 0
    outer loop
      vertex 39 6 34.5
      vertex 48 6 26.75
      vertex 47.738947615559894 6 26.732889722747622
    endloop
  endfacet
  facet normal 1 0 0
    outer loop
      vertex 57 -6 34.5
      vertex 57 6 21
      vertex 57 6 34.5
    endloop
  endfacet
  facet normal 0 0 1
    outer loop
      vertex 57 6 34.5
      vertex 49.98288972274762 -0.26105238444010315 34.5
      vertex 49.93185165257814 -0.5176380902050415 34.5
    endloop
  endfacet
  facet normal 0 0 1
    outer loop
      vertex 57 6 34.5
      vertex 50 0 34.5
      vertex 49.98288972274762 -0.26105238444010315 34.5
    endloop
  endfacet
  facet normal 0 0 1
    outer loop
      vertex 57 6 34.5
      vertex 49.98288972274762 0.26105238444010315 34.5
      vertex 50 0 34.5
    endloop
  endfacet
  facet normal 0 0 1
    outer loop
      vertex 57 6 34.5
      vertex 49.93185165257814 0.5176380902050415 34.5
      vertex 49.98288972274762 0.26105238444010315 34.5
    endloop
  endfacet
  facet normal 0 0 1
    outer loop
      vertex 57 6 34.5
      vertex 49.84775906502257 0.7653668647301796 34.5
      vertex 49.93185165257814 0.5176380902050415 34.5
    endloop
  endfacet
  facet normal 0 0 1
    outer loop
      vertex 57 6 34.5
      vertex 47.23463313526982 1.8477590650225735 34.5
      vertex 47.48236190979496 1.9318516525781366 34.5
    endloop
  endfacet
  facet normal 0 0 1
    outer loop
      vertex 57 6 34.5
      vertex 47.48236190979496 1.9318516525781366 34.5
      vertex 47.738947615559894 1.9828897227476208 34.5
    endloop
  endfacet
  facet normal 0 0 1
    outer loop
      vertex 57 6 34.5
      vertex 47.738947615559894 1.9828897227476208 34.5
      vertex 48 2 34.5
    endloop
  endfacet
  facet normal 0 0 1
    outer loop
      vertex 57 6 34.5
      vertex 48 2 34.5
      vertex 48.261052384440106 1.9828897227476208 34.5
    endloop
  endfacet
  facet normal 0 0 1
    outer loop
      vertex 57 6 34.5
      vertex 48.261052384440106 1.9828897227476208 34.5
      vertex 48.51763809020504 1.9318516525781366 34.5
    endloop
  endfacet
  facet normal 0 0 1
    outer loop
      vertex 57 6 34.5
      vertex 48.51763809020504 1.9318516525781366 34.5
      vertex 48.76536686473018 1.8477590650225735 34.5
    endloop
  endfacet
  facet normal 0 0 1
    outer loop
      vertex 57 6 34.5
      vertex 49.58670668058247 1.2175228580174413 34.5
      vertex 49.732050807568875 1 34.5
    endloop
  endfacet
  facet normal 0 0 1
    outer loop
      vertex 57 6 34.5
      vertex 49.41421356237309 1.4142135623730951 34.5
      vertex 49.58670668058247 1.2175228580174413 34.5
    endloop
  endfacet
  facet normal 0 0 1
    outer loop
      vertex 57 6 34.5
      vertex 49.732050807568875 1 34.5
      vertex 49.84775906502257 0.7653668647301796 34.5
    endloop
  endfacet
  facet normal 0 0 1
    outer loop
      vertex 57 6 34.5
      vertex 49 1.7320508075688772 34.5
      vertex 49.21752285801744 1.5867066805824703 34.5
    endloop
  endfacet
  facet normal 0 0 1
    outer loop
      vertex 57 6 34.5
      vertex 49.21752285801744 1.5867066805824703 34.5
      vertex 49.41421356237309 1.4142135623730951 34.5
    endloop
  endfacet
  facet normal 0 0 1
    outer loop
      vertex 57 6 34.5
      vertex 48.76536686473018 1.8477590650225735 34.5
      vertex 49 1.7320508075688772 34.5
    endloop
  endfacet
  facet normal 0 0 1
    outer loop
      vertex 39 6 34.5
      vertex 47.23463313526982 1.8477590650225735 34.5
      vertex 57 6 34.5
    endloop
  endfacet
  facet normal 0 1 0
    outer loop
      vertex 57 6 34.5
      vertex 48.261052384440106 6 26.732889722747622
      vertex 48 6 26.75
    endloop
  endfacet
  facet normal 0 1 0
    outer loop
      vertex 57 6 34.5
      vertex 48.51763809020504 6 26.681851652578136
      vertex 48.261052384440106 6 26.732889722747622
    endloop
  endfacet
  facet normal 0 1 0
    outer loop
      vertex 57 6 34.5
      vertex 48.76536686473018 6 26.597759065022572
      vertex 48.51763809020504 6 26.681851652578136
    endloop
  endfacet
  facet normal 0 1 0
    outer loop
      vertex 57 6 34.5
      vertex 49.732050807568875 6 25.75
      vertex 49.58670668058247 6 25.967522858017443
    endloop
  endfacet
  facet normal 0 1 0
    outer loop
      vertex 57 6 34.5
      vertex 49.58670668058247 6 25.967522858017443
      vertex 49.41421356237309 6 26.164213562373096
    endloop
  endfacet
  facet normal 0 1 0
    outer loop
      vertex 57 6 34.5
      vertex 49 6 26.48205080756888
      vertex 48.76536686473018 6 26.597759065022572
    endloop
  endfacet
  facet normal 0 1 0
    outer loop
      vertex 57 6 34.5
      vertex 49.21752285801744 6 26.33670668058247
      vertex 49 6 26.48205080756888
    endloop
  endfacet
  facet normal 0 1 0
    outer loop
      vertex 57 6 34.5
      vertex 49.41421356237309 6 26.164213562373096
      vertex 49.21752285801744 6 26.33670668058247
    endloop
  endfacet
  facet normal 0 1 0
    outer loop
      vertex 57 6 34.5
      vertex 57 6 21
      vertex 49.732050807568875 6 25.75
    endloop
  endfacet
  facet normal 0 1 0
    outer loop
      vertex 39 6 34.5
      vertex 57 6 34.5
      vertex 48 6 26.75
    endloop
  endfacet
  facet normal -1 0 0
    outer loop
      vertex -9 -6 34.5
      vertex -9 -5.544624112466673 2.4347342502733547
      vertex -9 -6 2.2284061199354483
    endloop
  endfacet
  facet normal 0 -1 0
    outer loop
      vertex -9 -6 34.5
      vertex -9 -6 2.2284061199354483
      vertex 9 -6 2.2284061199354483
    endloop
  endfacet
  facet normal -1 0 0
    outer loop
      vertex -9 6 34.5
      vertex -9 -4.35 3.0732741416621217
      vertex -9 -5.544624112466673 2.4347342502733547
    endloop
  endfacet
  facet normal -1 0 0
    outer loop
      vertex -9 6 34.5
      vertex -9 -3.1996961764942338 3.788579025337313
      vertex -9 -4.35 3.0732741416621217
    endloop
  endfacet
  facet normal -1 0 0
    outer loop
      vertex -9 6 34.5
      vertex -9 -2.0986384195194816 4.5775858559714315
      vertex -9 -3.1996961764942338 3.788579025337313
    endloop
  endfacet
  facet normal -1 0 0
    outer loop
      vertex -9 6 34.5
      vertex -9 -1.0515416274285752 5.436915985185168
      vertex -9 -2.0986384195194816 4.5775858559714315
    endloop
  endfacet
  facet normal 1 0 0
    outer loop
      vertex 9 -6 34.5
      vertex 9 -6 2.2284061199354483
      vertex 9 -5.544624112466673 2.4347342502733547
    endloop
  endfacet
  facet normal 1 0 0
    outer loop
      vertex 9 -6 34.5
      vertex 9 -5.544624112466673 2.4347342502733547
      vertex 9 -4.35 3.0732741416621217
    endloop
  endfacet
  facet normal 1 0 0
    outer loop
      vertex 9 -6 34.5
      vertex 9 -4.35 3.0732741416621217
      vertex 9 -3.1996961764942338 3.788579025337313
    endloop
  endfacet
  facet normal 1 0 0
    outer loop
      vertex 9 -6 34.5
      vertex 9 -3.1996961764942338 3.788579025337313
      vertex 9 -2.0986384195194816 4.5775858559714315
    endloop
  endfacet
  facet normal 1 0 0
    outer loop
      vertex 9 -6 34.5
      vertex 9 -2.0986384195194816 4.5775858559714315
      vertex 9 -1.0515416274285752 5.436915985185168
    endloop
  endfacet
  facet normal 1 0 0
    outer loop
      vertex 9 -6 34.5
      vertex 9 -1.0515416274285752 5.436915985185168
      vertex 9 -0.06288962943846421 6.362889629438465
    endloop
  endfacet
  facet normal 1 0 0
    outer loop
      vertex 9 -6 34.5
      vertex 9 -0.06288962943846421 6.362889629438465
      vertex 9 0.8630840148148327 7.351541627428576
    endloop
  endfacet
  facet normal 1 0 0
    outer loop
      vertex 9 -6 34.5
      vertex 9 0.8630840148148327 7.351541627428576
      vertex 9 1.7224141440285692 8.398638419519482
    endloop
  endfacet
  facet normal 1 0 0
    outer loop
      vertex 9 -6 34.5
      vertex 9 1.7224141440285692 8.398638419519482
      vertex 9 2.5114209746626877 9.499696176494234
    endloop
  endfacet
  facet normal 1 0 0
    outer loop
      vertex 9 -6 34.5
      vertex 9 2.5114209746626877 9.499696176494234
      vertex 9 3.226725858337879 10.65
    endloop
  endfacet
  facet normal -1 0 0
    outer loop
      vertex -9 -1.0515416274285752 5.436915985185168
      vertex -9 5.822908630437876 18.298107821044933
      vertex -9 -0.06288962943846421 6.362889629438465
    endloop
  endfacet
  facet normal -1 0 0
    outer loop
      vertex -9 0.8630840148148327 7.351541627428576
      vertex -9 -0.06288962943846421 6.362889629438465
      vertex -9 5.602255304346869 16.961630334266147
    endloop
  endfacet
  facet normal -1 0 0
    outer loop
      vertex -9 1.7224141440285692 8.398638419519482
      vertex -9 0.8630840148148327 7.351541627428576
      vertex -9 5.2946646041837155 15.642445766377822
    endloop
  endfacet
  facet normal -1 0 0
    outer loop
      vertex -9 2.5114209746626877 9.499696176494234
      vertex -9 1.7224141440285692 8.398638419519482
      vertex -9 4.901453680548688 14.346203068224556
    endloop
  endfacet
  facet normal -1 0 0
    outer loop
      vertex -9 3.226725858337879 10.65
      vertex -9 2.5114209746626877 9.499696176494234
      vertex -9 4.424306322983636 13.078452950042642
    endloop
  endfacet
  facet normal -1 0 0
    outer loop
      vertex -9 3.226725858337879 10.65
      vertex -9 4.424306322983636 13.078452950042642
      vertex -9 3.865265749726646 11.844624112466674
    endloop
  endfacet
  facet normal -1 0 0
    outer loop
      vertex -9 4.901453680548688 14.346203068224556
      vertex -9 4.424306322983636 13.078452950042642
      vertex -9 2.5114209746626877 9.499696176494234
    endloop
  endfacet
  facet normal -1 0 0
    outer loop
      vertex -9 5.2946646041837155 15.642445766377822
      vertex -9 4.901453680548688 14.346203068224556
      vertex -9 1.7224141440285692 8.398638419519482
    endloop
  endfacet
  facet normal -1 0 0
    outer loop
      vertex -9 5.602255304346869 16.961630334266147
      vertex -9 5.2946646041837155 15.642445766377822
      vertex -9 0.8630840148148327 7.351541627428576
    endloop
  endfacet
  facet normal -1 0 0
    outer loop
      vertex -9 5.822908630437876 18.298107821044933
      vertex -9 5.602255304346869 16.961630334266147
      vertex -9 -0.06288962943846421 6.362889629438465
    endloop
  endfacet
  facet normal -1 0 0
    outer loop
      vertex -9 -1.0515416274285752 5.436915985185168
      vertex -9 5.955679711039092 19.646155224936038
      vertex -9 5.822908630437876 18.298107821044933
    endloop
  endfacet
  facet normal -1 0 0
    outer loop
      vertex -9 -1.0515416274285752 5.436915985185168
      vertex -9 6 21
      vertex -9 5.955679711039092 19.646155224936038
    endloop
  endfacet
  facet normal -1 0 0
    outer loop
      vertex -9 -6 34.5
      vertex -9 6 34.5
      vertex -9 -5.544624112466673 2.4347342502733547
    endloop
  endfacet
  facet normal 0 -1 0
    outer loop
      vertex -9 -6 34.5
      vertex 9 -6 2.2284061199354483
      vertex 9 -6 34.5
    endloop
  endfacet
  facet normal 1 0 0
    outer loop
      vertex 9 -6 34.5
      vertex 9 3.226725858337879 10.65
      vertex 9 3.865265749726646 11.844624112466674
    endloop
  endfacet
  facet normal 1 0 0
    outer loop
      vertex 9 -6 34.5
      vertex 9 3.865265749726646 11.844624112466674
      vertex 9 4.424306322983636 13.078452950042642
    endloop
  endfacet
  facet normal 1 0 0
    outer loop
      vertex 9 -6 34.5
      vertex 9 4.424306322983636 13.078452950042642
      vertex 9 4.901453680548688 14.346203068224556
    endloop
  endfacet
  facet normal 1 0 0
    outer loop
      vertex 9 -6 34.5
      vertex 9 4.901453680548688 14.346203068224556
      vertex 9 5.2946646041837155 15.642445766377822
    endloop
  endfacet
  facet normal 0 0 1
    outer loop
      vertex -9 -6 34.5
      vertex -0.7653668647301796 -1.8477590650225735 34.5
      vertex -1 -1.7320508075688772 34.5
    endloop
  endfacet
  facet normal 0 0 1
    outer loop
      vertex -9 -6 34.5
      vertex -0.5176380902050415 -1.9318516525781366 34.5
      vertex -0.7653668647301796 -1.8477590650225735 34.5
    endloop
  endfacet
  facet normal 0 0 1
    outer loop
      vertex -9 -6 34.5
      vertex -1.5867066805824703 -1.2175228580174413 34.5
      vertex -1.7320508075688772 -1 34.5
    endloop
  endfacet
  facet normal 0 0 1
    outer loop
      vertex -9 -6 34.5
      vertex -1 -1.7320508075688772 34.5
      vertex -1.2175228580174413 -1.5867066805824703 34.5
    endloop
  endfacet
  facet normal 0 0 1
    outer loop
      vertex -9 -6 34.5
      vertex -1.2175228580174413 -1.5867066805824703 34.5
      vertex -1.4142135623730951 -1.4142135623730951 34.5
    endloop
  endfacet
  facet normal 0 0 1
    outer loop
      vertex -9 -6 34.5
      vertex -1.4142135623730951 -1.4142135623730951 34.5
      vertex -1.5867066805824703 -1.2175228580174413 34.5
    endloop
  endfacet
  facet normal 0 0 1
    outer loop
      vertex -9 -6 34.5
      vertex -1.7320508075688772 -1 34.5
      vertex -1.8477590650225735 -0.7653668647301796 34.5
    endloop
  endfacet
  facet normal 0 0 1
    outer loop
      vertex -9 -6 34.5
      vertex -1.8477590650225735 -0.7653668647301796 34.5
      vertex -1.9318516525781366 -0.5176380902050415 34.5
    endloop
  endfacet
  facet normal 0 0 1
    outer loop
      vertex -9 -6 34.5
      vertex -1.9318516525781366 -0.5176380902050415 34.5
      vertex -1.9828897227476208 -0.26105238444010315 34.5
    endloop
  endfacet
  facet normal 0 0 1
    outer loop
      vertex -9 -6 34.5
      vertex 9 -6 34.5
      vertex 0.7653668647301796 -1.8477590650225735 34.5
    endloop
  endfacet
  facet normal 0 0 1
    outer loop
      vertex -9 -6 34.5
      vertex -0.26105238444010315 -1.9828897227476208 34.5
      vertex -0.5176380902050415 -1.9318516525781366 34.5
    endloop
  endfacet
  facet normal 0 0 1
    outer loop
      vertex -9 -6 34.5
      vertex 0 -2 34.5
      vertex -0.26105238444010315 -1.9828897227476208 34.5
    endloop
  endfacet
  facet normal 0 0 1
    outer loop
      vertex -9 -6 34.5
      vertex 0.26105238444010315 -1.9828897227476208 34.5
      vertex 0 -2 34.5
    endloop
  endfacet
  facet normal 0 0 1
    outer loop
      vertex -9 -6 34.5
      vertex 0.5176380902050415 -1.9318516525781366 34.5
      vertex 0.26105238444010315 -1.9828897227476208 34.5
    endloop
  endfacet
  facet normal 0 0 1
    outer loop
      vertex -9 -6 34.5
      vertex 0.7653668647301796 -1.8477590650225735 34.5
      vertex 0.5176380902050415 -1.9318516525781366 34.5
    endloop
  endfacet
  facet normal 0 0 1
    outer loop
      vertex -9 -6 34.5
      vertex -1.9828897227476208 -0.26105238444010315 34.5
      vertex -2 0 34.5
    endloop
  endfacet
  facet normal 0 0 1
    outer loop
      vertex -9 -6 34.5
      vertex -2 0 34.5
      vertex -1.9828897227476208 0.26105238444010315 34.5
    endloop
  endfacet
  facet normal 0 0 1
    outer loop
      vertex -9 -6 34.5
      vertex -1.9828897227476208 0.26105238444010315 34.5
      vertex -1.9318516525781366 0.5176380902050415 34.5
    endloop
  endfacet
  facet normal 0 0 1
    outer loop
      vertex -9 -6 34.5
      vertex -1.9318516525781366 0.5176380902050415 34.5
      vertex -9 6 34.5
    endloop
  endfacet
  facet normal 0 0 1
    outer loop
      vertex 9 -6 34.5
      vertex 1 -1.7320508075688772 34.5
      vertex 0.7653668647301796 -1.8477590650225735 34.5
    endloop
  endfacet
  facet normal 0 0 1
    outer loop
      vertex 9 -6 34.5
      vertex 1.2175228580174413 -1.5867066805824703 34.5
      vertex 1 -1.7320508075688772 34.5
    endloop
  endfacet
  facet normal 0 0 1
    outer loop
      vertex 9 -6 34.5
      vertex 1.4142135623730951 -1.4142135623730951 34.5
      vertex 1.2175228580174413 -1.5867066805824703 34.5
    endloop
  endfacet
  facet normal 0 0 1
    outer loop
      vertex 9 -6 34.5
      vertex 1.5867066805824703 -1.2175228580174413 34.5
      vertex 1.4142135623730951 -1.4142135623730951 34.5
    endloop
  endfacet
  facet normal 0 0 1
    outer loop
      vertex 9 -6 34.5
      vertex 1.7320508075688772 -1 34.5
      vertex 1.5867066805824703 -1.2175228580174413 34.5
    endloop
  endfacet
  facet normal 0 0 1
    outer loop
      vertex 9 -6 34.5
      vertex 1.8477590650225735 -0.7653668647301796 34.5
      vertex 1.7320508075688772 -1 34.5
    endloop
  endfacet
  facet normal 0 0 1
    outer loop
      vertex 9 -6 34.5
      vertex 1.9318516525781366 -0.5176380902050415 34.5
      vertex 1.8477590650225735 -0.7653668647301796 34.5
    endloop
  endfacet
  facet normal 0 0 1
    outer loop
      vertex 9 -6 34.5
      vertex 9 6 34.5
      vertex 1.9318516525781366 -0.5176380902050415 34.5
    endloop
  endfacet
  facet normal -1 0 0
    outer loop
      vertex -9 6 34.5
      vertex -9 6 21
      vertex -9 -1.0515416274285752 5.436915985185168
    endloop
  endfacet
  facet normal 0 1 0
    outer loop
      vertex -1.9565217391304346 6 21
      vertex -1.2175228580174413 6 23.16329331941753
      vertex -1 6 23.01794919243112
    endloop
  endfacet
  facet normal 0 1 0
    outer loop
      vertex -1.9565217391304346 6 21
      vertex -0.7653668647301796 6 22.902240934977428
      vertex -0.5176380902050415 6 22.818148347421864
    endloop
  endfacet
  facet normal 0 1 0
    outer loop
      vertex -1.9565217391304346 6 21
      vertex -1 6 23.01794919243112
      vertex -0.7653668647301796 6 22.902240934977428
    endloop
  endfacet
  facet normal 0 1 0
    outer loop
      vertex -1.9565217391304346 6 21
      vertex -0.5176380902050415 6 22.818148347421864
      vertex -0.26105238444010315 6 22.767110277252378
    endloop
  endfacet
  facet normal 0 1 0
    outer loop
      vertex -1.9565217391304346 6 21
      vertex -0.26105238444010315 6 22.767110277252378
      vertex 0 6 22.75
    endloop
  endfacet
  facet normal 0 1 0
    outer loop
      vertex -1.9565217391304346 6 21
      vertex 0 6 22.75
      vertex 0.26105238444010315 6 22.767110277252378
    endloop
  endfacet
  facet normal 0 1 0
    outer loop
      vertex -1.9565217391304346 6 21
      vertex 0.26105238444010315 6 22.767110277252378
      vertex 0.5176380902050415 6 22.818148347421864
    endloop
  endfacet
  facet normal 0 1 0
    outer loop
      vertex -1.9565217391304346 6 21
      vertex 0.5176380902050415 6 22.818148347421864
      vertex 0.7653668647301796 6 22.902240934977428
    endloop
  endfacet
  facet normal 0 1 0
    outer loop
      vertex -9 6 34.5
      vertex -1.9565217391304346 6 21
      vertex -9 6 21
    endloop
  endfacet
  facet normal 0 1 0
    outer loop
      vertex -9 6 34.5
      vertex -1.5867066805824703 6 23.532477141982557
      vertex -1.9565217391304346 6 21
    endloop
  endfacet
  facet normal 0 1 0
    outer loop
      vertex -1.9565217391304346 6 21
      vertex -1.5867066805824703 6 23.532477141982557
      vertex -1.4142135623730951 6 23.335786437626904
    endloop
  endfacet
  facet normal 0 1 0
    outer loop
      vertex -1.9565217391304346 6 21
      vertex -1.4142135623730951 6 23.335786437626904
      vertex -1.2175228580174413 6 23.16329331941753
    endloop
  endfacet
  facet normal 1 0 0
    outer loop
      vertex 9 -6 34.5
      vertex 9 5.2946646041837155 15.642445766377822
      vertex 9 5.602255304346869 16.961630334266147
    endloop
  endfacet
  facet normal 1 0 0
    outer loop
      vertex 9 -6 34.5
      vertex 9 5.602255304346869 16.961630334266147
      vertex 9 5.822908630437876 18.298107821044933
    endloop
  endfacet
  facet normal 1 0 0
    outer loop
      vertex 9 -6 34.5
      vertex 9 5.822908630437876 18.298107821044933
      vertex 9 5.955679711039092 19.646155224936038
    endloop
  endfacet
  facet normal 1 0 0
    outer loop
      vertex 9 -6 34.5
      vertex 9 5.955679711039092 19.646155224936038
      vertex 9 6 21
    endloop
  endfacet
  facet normal 0 1 0
    outer loop
      vertex -1.9565217391304346 6 21
      vertex 0.7653668647301796 6 22.902240934977428
      vertex 9 6 21
    endloop
  endfacet
  facet normal 0 1 0
    outer loop
      vertex 9 6 21
      vertex 0.7653668647301796 6 22.902240934977428
      vertex 1 6 23.01794919243112
    endloop
  endfacet
  facet normal 0 1 0
    outer loop
      vertex 9 6 21
      vertex 1 6 23.01794919243112
      vertex 1.2175228580174413 6 23.16329331941753
    endloop
  endfacet
  facet normal 0 1 0
    outer loop
      vertex 9 6 21
      vertex 1.2175228580174413 6 23.16329331941753
      vertex 1.4142135623730951 6 23.335786437626904
    endloop
  endfacet
  facet normal 0 1 0
    outer loop
      vertex 9 6 21
      vertex 1.4142135623730951 6 23.335786437626904
      vertex 1.5867066805824703 6 23.532477141982557
    endloop
  endfacet
  facet normal 0 1 0
    outer loop
      vertex 9 6 21
      vertex 1.5867066805824703 6 23.532477141982557
      vertex 1.7320508075688772 6 23.75
    endloop
  endfacet
  facet normal 0 1 0
    outer loop
      vertex 9 6 21
      vertex 1.7320508075688772 6 23.75
      vertex 1.8477590650225735 6 23.98463313526982
    endloop
  endfacet
  facet normal 0 1 0
    outer loop
      vertex 9 6 21
      vertex 1.8477590650225735 6 23.98463313526982
      vertex 1.9318516525781366 6 24.23236190979496
    endloop
  endfacet
  facet normal 0 1 0
    outer loop
      vertex 9 6 21
      vertex 1.9318516525781366 6 24.23236190979496
      vertex 1.9828897227476208 6 24.488947615559898
    endloop
  endfacet
  facet normal 0 1 0
    outer loop
      vertex 9 6 21
      vertex 1.9828897227476208 6 24.488947615559898
      vertex 2 6 24.75
    endloop
  endfacet
  facet normal 0 1 0
    outer loop
      vertex 9 6 21
      vertex 2 6 24.75
      vertex 1.9828897227476208 6 25.011052384440102
    endloop
  endfacet
  facet normal 0 1 0
    outer loop
      vertex 9 6 21
      vertex 1.9828897227476208 6 25.011052384440102
      vertex 1.9318516525781366 6 25.26763809020504
    endloop
  endfacet
  facet normal 0 1 0
    outer loop
      vertex 9 6 21
      vertex 1.9318516525781366 6 25.26763809020504
      vertex 1.8477590650225735 6 25.51536686473018
    endloop
  endfacet
  facet normal 0 1 0
    outer loop
      vertex 9 6 21
      vertex 1.8477590650225735 6 25.51536686473018
      vertex 1.7320508075688772 6 25.75
    endloop
  endfacet
  facet normal 0 0 1
    outer loop
      vertex -9 6 34.5
      vertex -1.9318516525781366 0.5176380902050415 34.5
      vertex -1.8477590650225735 0.7653668647301796 34.5
    endloop
  endfacet
  facet normal 0 0 1
    outer loop
      vertex -9 6 34.5
      vertex -1.8477590650225735 0.7653668647301796 34.5
      vertex -1.7320508075688772 1 34.5
    endloop
  endfacet
  facet normal 0 0 1
    outer loop
      vertex -9 6 34.5
      vertex -1.7320508075688772 1 34.5
      vertex -1.5867066805824703 1.2175228580174413 34.5
    endloop
  endfacet
  facet normal 0 0 1
    outer loop
      vertex -9 6 34.5
      vertex -1.5867066805824703 1.2175228580174413 34.5
      vertex -1.4142135623730951 1.4142135623730951 34.5
    endloop
  endfacet
  facet normal 0 0 1
    outer loop
      vertex -9 6 34.5
      vertex -1.4142135623730951 1.4142135623730951 34.5
      vertex -1.2175228580174413 1.5867066805824703 34.5
    endloop
  endfacet
  facet normal 0 0 1
    outer loop
      vertex -9 6 34.5
      vertex -1.2175228580174413 1.5867066805824703 34.5
      vertex -1 1.7320508075688772 34.5
    endloop
  endfacet
  facet normal 0 0 1
    outer loop
      vertex -9 6 34.5
      vertex -1 1.7320508075688772 34.5
      vertex -0.7653668647301796 1.8477590650225735 34.5
    endloop
  endfacet
  facet normal 0 0 1
    outer loop
      vertex -9 6 34.5
      vertex -0.7653668647301796 1.8477590650225735 34.5
      vertex 9 6 34.5
    endloop
  endfacet
  facet normal 0 1 0
    outer loop
      vertex -9 6 34.5
      vertex -1.7320508075688772 6 23.75
      vertex -1.5867066805824703 6 23.532477141982557
    endloop
  endfacet
  facet normal 0 1 0
    outer loop
      vertex -9 6 34.5
      vertex -1.8477590650225735 6 23.98463313526982
      vertex -1.7320508075688772 6 23.75
    endloop
  endfacet
  facet normal 0 1 0
    outer loop
      vertex -9 6 34.5
      vertex -1.9318516525781366 6 24.23236190979496
      vertex -1.8477590650225735 6 23.98463313526982
    endloop
  endfacet
  facet normal 0 1 0
    outer loop
      vertex -9 6 34.5
      vertex -1.9828897227476208 6 24.488947615559898
      vertex -1.9318516525781366 6 24.23236190979496
    endloop
  endfacet
  facet normal 0 1 0
    outer loop
      vertex -9 6 34.5
      vertex -2 6 24.75
      vertex -1.9828897227476208 6 24.488947615559898
    endloop
  endfacet
  facet normal 0 1 0
    outer loop
      vertex -9 6 34.5
      vertex -1.9828897227476208 6 25.011052384440102
      vertex -2 6 24.75
    endloop
  endfacet
  facet normal 0 1 0
    outer loop
      vertex -9 6 34.5
      vertex -1.9318516525781366 6 25.26763809020504
      vertex -1.9828897227476208 6 25.011052384440102
    endloop
  endfacet
  facet normal 0 1 0
    outer loop
      vertex -9 6 34.5
      vertex -1.8477590650225735 6 25.51536686473018
      vertex -1.9318516525781366 6 25.26763809020504
    endloop
  endfacet
  facet normal 0 1 0
    outer loop
      vertex -9 6 34.5
      vertex -1.7320508075688772 6 25.75
      vertex -1.8477590650225735 6 25.51536686473018
    endloop
  endfacet
  facet normal 0 1 0
    outer loop
      vertex -9 6 34.5
      vertex -1.5867066805824703 6 25.967522858017443
      vertex -1.7320508075688772 6 25.75
    endloop
  endfacet
  facet normal 0 1 0
    outer loop
      vertex -9 6 34.5
      vertex -1.4142135623730951 6 26.164213562373096
      vertex -1.5867066805824703 6 25.967522858017443
    endloop
  endfacet
  facet normal 0 1 0
    outer loop
      vertex -9 6 34.5
      vertex -1.2175228580174413 6 26.33670668058247
      vertex -1.4142135623730951 6 26.164213562373096
    endloop
  endfacet
  facet normal 0 1 0
    outer loop
      vertex -9 6 34.5
      vertex -1 6 26.48205080756888
      vertex -1.2175228580174413 6 26.33670668058247
    endloop
  endfacet
  facet normal 0 1 0
    outer loop
      vertex -9 6 34.5
      vertex -0.7653668647301796 6 26.597759065022572
      vertex -1 6 26.48205080756888
    endloop
  endfacet
  facet normal 0 1 0
    outer loop
      vertex -9 6 34.5
      vertex -0.5176380902050415 6 26.681851652578136
      vertex -0.7653668647301796 6 26.597759065022572
    endloop
  endfacet
  facet normal 0 1 0
    outer loop
      vertex -9 6 34.5
      vertex -0.26105238444010315 6 26.732889722747622
      vertex -0.5176380902050415 6 26.681851652578136
    endloop
  endfacet
  facet normal 0 1 0
    outer loop
      vertex -9 6 34.5
      vertex 0 6 26.75
      vertex -0.26105238444010315 6 26.732889722747622
    endloop
  endfacet
  facet normal 0 1 0
    outer loop
      vertex -9 6 34.5
      vertex 9 6 34.5
      vertex 0 6 26.75
    endloop
  endfacet
  facet normal 1 0 0
    outer loop
      vertex 9 -6 34.5
      vertex 9 6 21
      vertex 9 6 34.5
    endloop
  endfacet
  facet normal 0 0 1
    outer loop
      vertex 9 6 34.5
      vertex 1.9828897227476208 -0.26105238444010315 34.5
      vertex 1.9318516525781366 -0.5176380902050415 34.5
    endloop
  endfacet
  facet normal 0 0 1
    outer loop
      vertex 9 6 34.5
      vertex 2 0 34.5
      vertex 1.9828897227476208 -0.26105238444010315 34.5
    endloop
  endfacet
  facet normal 0 0 1
    outer loop
      vertex 9 6 34.5
      vertex 1.9828897227476208 0.26105238444010315 34.5
      vertex 2 0 34.5
    endloop
  endfacet
  facet normal 0 0 1
    outer loop
      vertex 9 6 34.5
      vertex 1.9318516525781366 0.5176380902050415 34.5
      vertex 1.9828897227476208 0.26105238444010315 34.5
    endloop
  endfacet
  facet normal 0 0 1
    outer loop
      vertex 9 6 34.5
      vertex 1.8477590650225735 0.7653668647301796 34.5
      vertex 1.9318516525781366 0.5176380902050415 34.5
    endloop
  endfacet
  facet normal 0 0 1
    outer loop
      vertex 9 6 34.5
      vertex -0.7653668647301796 1.8477590650225735 34.5
      vertex -0.5176380902050415 1.9318516525781366 34.5
    endloop
  endfacet
  facet normal 0 0 1
    outer loop
      vertex 9 6 34.5
      vertex -0.5176380902050415 1.9318516525781366 34.5
      vertex -0.26105238444010315 1.9828897227476208 34.5
    endloop
  endfacet
  facet normal 0 0 1
    outer loop
      vertex 9 6 34.5
      vertex -0.26105238444010315 1.9828897227476208 34.5
      vertex 0 2 34.5
    endloop
  endfacet
  facet normal 0 0 1
    outer loop
      vertex 9 6 34.5
      vertex 0 2 34.5
      vertex 0.26105238444010315 1.9828897227476208 34.5
    endloop
  endfacet
  facet normal 0 0 1
    outer loop
      vertex 9 6 34.5
      vertex 0.26105238444010315 1.9828897227476208 34.5
      vertex 0.5176380902050415 1.9318516525781366 34.5
    endloop
  endfacet
  facet normal 0 0 1
    outer loop
      vertex 9 6 34.5
      vertex 0.7653668647301796 1.8477590650225735 34.5
      vertex 1 1.7320508075688772 34.5
    endloop
  endfacet
  facet normal 0 0 1
    outer loop
      vertex 9 6 34.5
      vertex 0.5176380902050415 1.9318516525781366 34.5
      vertex 0.7653668647301796 1.8477590650225735 34.5
    endloop
  endfacet
  facet normal 0 0 1
    outer loop
      vertex 9 6 34.5
      vertex 1.7320508075688772 1 34.5
      vertex 1.8477590650225735 0.7653668647301796 34.5
    endloop
  endfacet
  facet normal 0 0 1
    outer loop
      vertex 9 6 34.5
      vertex 1.4142135623730951 1.4142135623730951 34.5
      vertex 1.5867066805824703 1.2175228580174413 34.5
    endloop
  endfacet
  facet normal 0 0 1
    outer loop
      vertex 9 6 34.5
      vertex 1.5867066805824703 1.2175228580174413 34.5
      vertex 1.7320508075688772 1 34.5
    endloop
  endfacet
  facet normal 0 0 1
    outer loop
      vertex 9 6 34.5
      vertex 1.2175228580174413 1.5867066805824703 34.5
      vertex 1.4142135623730951 1.4142135623730951 34.5
    endloop
  endfacet
  facet normal 0 0 1
    outer loop
      vertex 9 6 34.5
      vertex 1 1.7320508075688772 34.5
      vertex 1.2175228580174413 1.5867066805824703 34.5
    endloop
  endfacet
  facet normal 0 1 0
    outer loop
      vertex 9 6 34.5
      vertex 9 6 21
      vertex 1.7320508075688772 6 25.75
    endloop
  endfacet
  facet normal 0 1 0
    outer loop
      vertex 9 6 34.5
      vertex 1 6 26.48205080756888
      vertex 0.7653668647301796 6 26.597759065022572
    endloop
  endfacet
  facet normal 0 1 0
    outer loop
      vertex 9 6 34.5
      vertex 0.26105238444010315 6 26.732889722747622
      vertex 0 6 26.75
    endloop
  endfacet
  facet normal 0 1 0
    outer loop
      vertex 9 6 34.5
      vertex 0.5176380902050415 6 26.681851652578136
      vertex 0.26105238444010315 6 26.732889722747622
    endloop
  endfacet
  facet normal 0 1 0
    outer loop
      vertex 9 6 34.5
      vertex 0.7653668647301796 6 26.597759065022572
      vertex 0.5176380902050415 6 26.681851652578136
    endloop
  endfacet
  facet normal 0 1 0
    outer loop
      vertex 9 6 34.5
      vertex 1.5867066805824703 6 25.967522858017443
      vertex 1.4142135623730951 6 26.164213562373096
    endloop
  endfacet
  facet normal 0 1 0
    outer loop
      vertex 9 6 34.5
      vertex 1.7320508075688772 6 25.75
      vertex 1.5867066805824703 6 25.967522858017443
    endloop
  endfacet
  facet normal 0 1 0
    outer loop
      vertex 9 6 34.5
      vertex 1.4142135623730951 6 26.164213562373096
      vertex 1.2175228580174413 6 26.33670668058247
    endloop
  endfacet
  facet normal 0 1 0
    outer loop
      vertex 9 6 34.5
      vertex 1.2175228580174413 6 26.33670668058247
      vertex 1 6 26.48205080756888
    endloop
  endfacet
  facet normal -1 0 0
    outer loop
      vertex 15 -6 34.5
      vertex 15 -5.544624112466673 2.4347342502733547
      vertex 15 -6 2.2284061199354483
    endloop
  endfacet
  facet normal 0 -1 0
    outer loop
      vertex 15 -6 34.5
      vertex 15 -6 2.2284061199354483
      vertex 33 -6 2.2284061199354483
    endloop
  endfacet
  facet normal -1 0 0
    outer loop
      vertex 15 6 34.5
      vertex 15 -4.35 3.0732741416621217
      vertex 15 -5.544624112466673 2.4347342502733547
    endloop
  endfacet
  facet normal -1 0 0
    outer loop
      vertex 15 6 34.5
      vertex 15 -3.1996961764942338 3.788579025337313
      vertex 15 -4.35 3.0732741416621217
    endloop
  endfacet
  facet normal -1 0 0
    outer loop
      vertex 15 6 34.5
      vertex 15 -2.0986384195194816 4.5775858559714315
      vertex 15 -3.1996961764942338 3.788579025337313
    endloop
  endfacet
  facet normal -1 0 0
    outer loop
      vertex 15 6 34.5
      vertex 15 -1.0515416274285752 5.436915985185168
      vertex 15 -2.0986384195194816 4.5775858559714315
    endloop
  endfacet
  facet normal 1 0 0
    outer loop
      vertex 33 -6 34.5
      vertex 33 -6 2.2284061199354483
      vertex 33 -5.544624112466673 2.4347342502733547
    endloop
  endfacet
  facet normal 1 0 0
    outer loop
      vertex 33 -6 34.5
      vertex 33 -5.544624112466673 2.4347342502733547
      vertex 33 -4.35 3.0732741416621217
    endloop
  endfacet
  facet normal 1 0 0
    outer loop
      vertex 33 -6 34.5
      vertex 33 -4.35 3.0732741416621217
      vertex 33 -3.1996961764942338 3.788579025337313
    endloop
  endfacet
  facet normal 1 0 0
    outer loop
      vertex 33 -6 34.5
      vertex 33 -3.1996961764942338 3.788579025337313
      vertex 33 -2.0986384195194816 4.5775858559714315
    endloop
  endfacet
  facet normal 1 0 0
    outer loop
      vertex 33 -6 34.5
      vertex 33 -2.0986384195194816 4.5775858559714315
      vertex 33 -1.0515416274285752 5.436915985185168
    endloop
  endfacet
  facet normal 1 0 0
    outer loop
      vertex 33 -6 34.5
      vertex 33 -1.0515416274285752 5.436915985185168
      vertex 33 -0.06288962943846421 6.362889629438465
    endloop
  endfacet
  facet normal 1 0 0
    outer loop
      vertex 33 -6 34.5
      vertex 33 -0.06288962943846421 6.362889629438465
      vertex 33 0.8630840148148327 7.351541627428576
    endloop
  endfacet
  facet normal 1 0 0
    outer loop
      vertex 33 -6 34.5
      vertex 33 0.8630840148148327 7.351541627428576
      vertex 33 1.7224141440285692 8.398638419519482
    endloop
  endfacet
  facet normal 1 0 0
    outer loop
      vertex 33 -6 34.5
      vertex 33 1.7224141440285692 8.398638419519482
      vertex 33 2.5114209746626877 9.499696176494234
    endloop
  endfacet
  facet normal 1 0 0
    outer loop
      vertex 33 -6 34.5
      vertex 33 2.5114209746626877 9.499696176494234
      vertex 33 3.226725858337879 10.65
    endloop
  endfacet
  facet normal -1 0 0
    outer loop
      vertex 15 -1.0515416274285752 5.436915985185168
      vertex 15 5.822908630437876 18.298107821044933
      vertex 15 -0.06288962943846421 6.362889629438465
    endloop
  endfacet
  facet normal -1 0 0
    outer loop
      vertex 15 0.8630840148148327 7.351541627428576
      vertex 15 -0.06288962943846421 6.362889629438465
      vertex 15 5.602255304346869 16.961630334266147
    endloop
  endfacet
  facet normal -1 0 0
    outer loop
      vertex 15 1.7224141440285692 8.398638419519482
      vertex 15 0.8630840148148327 7.351541627428576
      vertex 15 5.2946646041837155 15.642445766377822
    endloop
  endfacet
  facet normal -1 0 0
    outer loop
      vertex 15 2.5114209746626877 9.499696176494234
      vertex 15 1.7224141440285692 8.398638419519482
      vertex 15 4.901453680548688 14.346203068224556
    endloop
  endfacet
  facet normal -1 0 0
    outer loop
      vertex 15 3.226725858337879 10.65
      vertex 15 2.5114209746626877 9.499696176494234
      vertex 15 4.424306322983636 13.078452950042642
    endloop
  endfacet
  facet normal -1 0 0
    outer loop
      vertex 15 3.226725858337879 10.65
      vertex 15 4.424306322983636 13.078452950042642
      vertex 15 3.865265749726646 11.844624112466674
    endloop
  endfacet
  facet normal -1 0 0
    outer loop
      vertex 15 4.901453680548688 14.346203068224556
      vertex 15 4.424306322983636 13.078452950042642
      vertex 15 2.5114209746626877 9.499696176494234
    endloop
  endfacet
  facet normal -1 0 0
    outer loop
      vertex 15 5.2946646041837155 15.642445766377822
      vertex 15 4.901453680548688 14.346203068224556
      vertex 15 1.7224141440285692 8.398638419519482
    endloop
  endfacet
  facet normal -1 0 0
    outer loop
      vertex 15 5.602255304346869 16.961630334266147
      vertex 15 5.2946646041837155 15.642445766377822
      vertex 15 0.8630840148148327 7.351541627428576
    endloop
  endfacet
  facet normal -1 0 0
    outer loop
      vertex 15 5.822908630437876 18.298107821044933
      vertex 15 5.602255304346869 16.961630334266147
      vertex 15 -0.06288962943846421 6.362889629438465
    endloop
  endfacet
  facet normal -1 0 0
    outer loop
      vertex 15 -1.0515416274285752 5.436915985185168
      vertex 15 5.955679711039092 19.646155224936038
      vertex 15 5.822908630437876 18.298107821044933
    endloop
  endfacet
  facet normal -1 0 0
    outer loop
      vertex 15 -1.0515416274285752 5.436915985185168
      vertex 15 6 21
      vertex 15 5.955679711039092 19.646155224936038
    endloop
  endfacet
  facet normal -1 0 0
    outer loop
      vertex 15 -6 34.5
      vertex 15 6 34.5
      vertex 15 -5.544624112466673 2.4347342502733547
    endloop
  endfacet
  facet normal 0 -1 0
    outer loop
      vertex 15 -6 34.5
      vertex 33 -6 2.2284061199354483
      vertex 33 -6 34.5
    endloop
  endfacet
  facet normal 1 0 0
    outer loop
      vertex 33 -6 34.5
      vertex 33 3.226725858337879 10.65
      vertex 33 3.865265749726646 11.844624112466674
    endloop
  endfacet
  facet normal 1 0 0
    outer loop
      vertex 33 -6 34.5
      vertex 33 3.865265749726646 11.844624112466674
      vertex 33 4.424306322983636 13.078452950042642
    endloop
  endfacet
  facet normal 1 0 0
    outer loop
      vertex 33 -6 34.5
      vertex 33 4.424306322983636 13.078452950042642
      vertex 33 4.901453680548688 14.346203068224556
    endloop
  endfacet
  facet normal 1 0 0
    outer loop
      vertex 33 -6 34.5
      vertex 33 4.901453680548688 14.346203068224556
      vertex 33 5.2946646041837155 15.642445766377822
    endloop
  endfacet
  facet normal 0 0 1
    outer loop
      vertex 15 -6 34.5
      vertex 33 -6 34.5
      vertex 24.76536686473018 -1.8477590650225735 34.5
    endloop
  endfacet
  facet normal 0 0 1
    outer loop
      vertex 15 -6 34.5
      vertex 23.23463313526982 -1.8477590650225735 34.5
      vertex 23 -1.7320508075688772 34.5
    endloop
  endfacet
  facet normal 0 0 1
    outer loop
      vertex 15 -6 34.5
      vertex 23.738947615559898 -1.9828897227476208 34.5
      vertex 23.48236190979496 -1.9318516525781366 34.5
    endloop
  endfacet
  facet normal 0 0 1
    outer loop
      vertex 15 -6 34.5
      vertex 23.48236190979496 -1.9318516525781366 34.5
      vertex 23.23463313526982 -1.8477590650225735 34.5
    endloop
  endfacet
  facet normal 0 0 1
    outer loop
      vertex 15 -6 34.5
      vertex 24 -2 34.5
      vertex 23.738947615559898 -1.9828897227476208 34.5
    endloop
  endfacet
  facet normal 0 0 1
    outer loop
      vertex 15 -6 34.5
      vertex 24.261052384440102 -1.9828897227476208 34.5
      vertex 24 -2 34.5
    endloop
  endfacet
  facet normal 0 0 1
    outer loop
      vertex 15 -6 34.5
      vertex 24.51763809020504 -1.9318516525781366 34.5
      vertex 24.261052384440102 -1.9828897227476208 34.5
    endloop
  endfacet
  facet normal 0 0 1
    outer loop
      vertex 15 -6 34.5
      vertex 24.76536686473018 -1.8477590650225735 34.5
      vertex 24.51763809020504 -1.9318516525781366 34.5
    endloop
  endfacet
  facet normal 0 0 1
    outer loop
      vertex 15 -6 34.5
      vertex 22.782477141982557 -1.5867066805824703 34.5
      vertex 22.585786437626904 -1.4142135623730951 34.5
    endloop
  endfacet
  facet normal 0 0 1
    outer loop
      vertex 15 -6 34.5
      vertex 23 -1.7320508075688772 34.5
      vertex 22.782477141982557 -1.5867066805824703 34.5
    endloop
  endfacet
  facet normal 0 0 1
    outer loop
      vertex 15 -6 34.5
      vertex 22.585786437626904 -1.4142135623730951 34.5
      vertex 22.41329331941753 -1.2175228580174413 34.5
    endloop
  endfacet
  facet normal 0 0 1
    outer loop
      vertex 15 -6 34.5
      vertex 22.41329331941753 -1.2175228580174413 34.5
      vertex 22.26794919243112 -1 34.5
    endloop
  endfacet
  facet normal 0 0 1
    outer loop
      vertex 15 -6 34.5
      vertex 22.26794919243112 -1 34.5
      vertex 22.152240934977428 -0.7653668647301796 34.5
    endloop
  endfacet
  facet normal 0 0 1
    outer loop
      vertex 15 -6 34.5
      vertex 22.152240934977428 -0.7653668647301796 34.5
      vertex 22.068148347421864 -0.5176380902050415 34.5
    endloop
  endfacet
  facet normal 0 0 1
    outer loop
      vertex 15 -6 34.5
      vertex 22.068148347421864 -0.5176380902050415 34.5
      vertex 22.017110277252378 -0.26105238444010315 34.5
    endloop
  endfacet
  facet normal 0 0 1
    outer loop
      vertex 15 -6 34.5
      vertex 22.068148347421864 0.5176380902050415 34.5
      vertex 15 6 34.5
    endloop
  endfacet
  facet normal 0 0 1
    outer loop
      vertex 15 -6 34.5
      vertex 22.017110277252378 -0.26105238444010315 34.5
      vertex 22 0 34.5
    endloop
  endfacet
  facet normal 0 0 1
    outer loop
      vertex 15 -6 34.5
      vertex 22 0 34.5
      vertex 22.017110277252378 0.26105238444010315 34.5
    endloop
  endfacet
  facet normal 0 0 1
    outer loop
      vertex 15 -6 34.5
      vertex 22.017110277252378 0.26105238444010315 34.5
      vertex 22.068148347421864 0.5176380902050415 34.5
    endloop
  endfacet
  facet normal 0 0 1
    outer loop
      vertex 33 -6 34.5
      vertex 25 -1.7320508075688772 34.5
      vertex 24.76536686473018 -1.8477590650225735 34.5
    endloop
  endfacet
  facet normal 0 0 1
    outer loop
      vertex 33 -6 34.5
      vertex 25.217522858017443 -1.5867066805824703 34.5
      vertex 25 -1.7320508075688772 34.5
    endloop
  endfacet
  facet normal 0 0 1
    outer loop
      vertex 33 -6 34.5
      vertex 25.414213562373096 -1.4142135623730951 34.5
      vertex 25.217522858017443 -1.5867066805824703 34.5
    endloop
  endfacet
  facet normal 0 0 1
    outer loop
      vertex 33 -6 34.5
      vertex 25.58670668058247 -1.2175228580174413 34.5
      vertex 25.414213562373096 -1.4142135623730951 34.5
    endloop
  endfacet
  facet normal 0 0 1
    outer loop
      vertex 33 -6 34.5
      vertex 25.73205080756888 -1 34.5
      vertex 25.58670668058247 -1.2175228580174413 34.5
    endloop
  endfacet
  facet normal 0 0 1
    outer loop
      vertex 33 -6 34.5
      vertex 25.847759065022572 -0.7653668647301796 34.5
      vertex 25.73205080756888 -1 34.5
    endloop
  endfacet
  facet normal 0 0 1
    outer loop
      vertex 33 -6 34.5
      vertex 25.931851652578136 -0.5176380902050415 34.5
      vertex 25.847759065022572 -0.7653668647301796 34.5
    endloop
  endfacet
  facet normal 0 0 1
    outer loop
      vertex 33 -6 34.5
      vertex 33 6 34.5
      vertex 25.931851652578136 -0.5176380902050415 34.5
    endloop
  endfacet
  facet normal -1 0 0
    outer loop
      vertex 15 6 34.5
      vertex 15 6 21
      vertex 15 -1.0515416274285752 5.436915985185168
    endloop
  endfacet
  facet normal 0 1 0
    outer loop
      vertex 22.043478260869566 6 21
      vertex 22.782477141982557 6 23.16329331941753
      vertex 23 6 23.01794919243112
    endloop
  endfacet
  facet normal 0 1 0
    outer loop
      vertex 22.043478260869566 6 21
      vertex 23.23463313526982 6 22.902240934977428
      vertex 23.48236190979496 6 22.818148347421864
    endloop
  endfacet
  facet normal 0 1 0
    outer loop
      vertex 22.043478260869566 6 21
      vertex 23 6 23.01794919243112
      vertex 23.23463313526982 6 22.902240934977428
    endloop
  endfacet
  facet normal 0 1 0
    outer loop
      vertex 22.043478260869566 6 21
      vertex 23.48236190979496 6 22.818148347421864
      vertex 23.738947615559898 6 22.767110277252378
    endloop
  endfacet
  facet normal 0 1 0
    outer loop
      vertex 22.043478260869566 6 21
      vertex 23.738947615559898 6 22.767110277252378
      vertex 24 6 22.75
    endloop
  endfacet
  facet normal 0 1 0
    outer loop
      vertex 22.043478260869566 6 21
      vertex 24 6 22.75
      vertex 24.261052384440102 6 22.767110277252378
    endloop
  endfacet
  facet normal 0 1 0
    outer loop
      vertex 22.043478260869566 6 21
      vertex 24.261052384440102 6 22.767110277252378
      vertex 24.51763809020504 6 22.818148347421864
    endloop
  endfacet
  facet normal 0 1 0
    outer loop
      vertex 22.043478260869566 6 21
      vertex 24.51763809020504 6 22.818148347421864
      vertex 24.76536686473018 6 22.902240934977428
    endloop
  endfacet
  facet normal 0 1 0
    outer loop
      vertex 15 6 34.5
      vertex 22.043478260869566 6 21
      vertex 15 6 21
    endloop
  endfacet
  facet normal 0 1 0
    outer loop
      vertex 22.043478260869566 6 21
      vertex 22.585786437626904 6 23.335786437626904
      vertex 22.782477141982557 6 23.16329331941753
    endloop
  endfacet
  facet normal 0 1 0
    outer loop
      vertex 22.043478260869566 6 21
      vertex 22.41329331941753 6 23.532477141982557
      vertex 22.585786437626904 6 23.335786437626904
    endloop
  endfacet
  facet normal 0 1 0
    outer loop
      vertex 15 6 34.5
      vertex 22.41329331941753 6 23.532477141982557
      vertex 22.043478260869566 6 21
    endloop
  endfacet
  facet normal 1 0 0
    outer loop
      vertex 33 -6 34.5
      vertex 33 5.2946646041837155 15.642445766377822
      vertex 33 5.602255304346869 16.961630334266147
    endloop
  endfacet
  facet normal 1 0 0
    outer loop
      vertex 33 -6 34.5
      vertex 33 5.602255304346869 16.961630334266147
      vertex 33 5.822908630437876 18.298107821044933
    endloop
  endfacet
  facet normal 1 0 0
    outer loop
      vertex 33 -6 34.5
      vertex 33 5.822908630437876 18.298107821044933
      vertex 33 5.955679711039092 19.646155224936038
    endloop
  endfacet
  facet normal 1 0 0
    outer loop
      vertex 33 -6 34.5
      vertex 33 5.955679711039092 19.646155224936038
      vertex 33 6 21
    endloop
  endfacet
  facet normal 0 1 0
    outer loop
      vertex 22.043478260869566 6 21
      vertex 24.76536686473018 6 22.902240934977428
      vertex 33 6 21
    endloop
  endfacet
  facet normal 0 1 0
    outer loop
      vertex 33 6 21
      vertex 24.76536686473018 6 22.902240934977428
      vertex 25 6 23.01794919243112
    endloop
  endfacet
  facet normal 0 1 0
    outer loop
      vertex 33 6 21
      vertex 25 6 23.01794919243112
      vertex 25.217522858017443 6 23.16329331941753
    endloop
  endfacet
  facet normal 0 1 0
    outer loop
      vertex 33 6 21
      vertex 25.217522858017443 6 23.16329331941753
      vertex 25.414213562373096 6 23.335786437626904
    endloop
  endfacet
  facet normal 0 1 0
    outer loop
      vertex 33 6 21
      vertex 25.414213562373096 6 23.335786437626904
      vertex 25.58670668058247 6 23.532477141982557
    endloop
  endfacet
  facet normal 0 1 0
    outer loop
      vertex 33 6 21
      vertex 25.58670668058247 6 23.532477141982557
      vertex 25.73205080756888 6 23.75
    endloop
  endfacet
  facet normal 0 1 0
    outer loop
      vertex 33 6 21
      vertex 25.73205080756888 6 23.75
      vertex 25.847759065022572 6 23.98463313526982
    endloop
  endfacet
  facet normal 0 1 0
    outer loop
      vertex 33 6 21
      vertex 25.847759065022572 6 23.98463313526982
      vertex 25.931851652578136 6 24.23236190979496
    endloop
  endfacet
  facet normal 0 1 0
    outer loop
      vertex 33 6 21
      vertex 25.931851652578136 6 24.23236190979496
      vertex 25.982889722747622 6 24.488947615559898
    endloop
  endfacet
  facet normal 0 1 0
    outer loop
      vertex 33 6 21
      vertex 25.982889722747622 6 24.488947615559898
      vertex 26 6 24.75
    endloop
  endfacet
  facet normal 0 1 0
    outer loop
      vertex 33 6 21
      vertex 26 6 24.75
      vertex 25.982889722747622 6 25.011052384440102
    endloop
  endfacet
  facet normal 0 1 0
    outer loop
      vertex 33 6 21
      vertex 25.982889722747622 6 25.011052384440102
      vertex 25.931851652578136 6 25.26763809020504
    endloop
  endfacet
  facet normal 0 1 0
    outer loop
      vertex 33 6 21
      vertex 25.931851652578136 6 25.26763809020504
      vertex 25.847759065022572 6 25.51536686473018
    endloop
  endfacet
  facet normal 0 1 0
    outer loop
      vertex 33 6 21
      vertex 25.847759065022572 6 25.51536686473018
      vertex 25.73205080756888 6 25.75
    endloop
  endfacet
  facet normal 0 0 1
    outer loop
      vertex 15 6 34.5
      vertex 22.068148347421864 0.5176380902050415 34.5
      vertex 22.152240934977428 0.7653668647301796 34.5
    endloop
  endfacet
  facet normal 0 0 1
    outer loop
      vertex 15 6 34.5
      vertex 22.152240934977428 0.7653668647301796 34.5
      vertex 22.26794919243112 1 34.5
    endloop
  endfacet
  facet normal 0 0 1
    outer loop
      vertex 15 6 34.5
      vertex 22.26794919243112 1 34.5
      vertex 22.41329331941753 1.2175228580174413 34.5
    endloop
  endfacet
  facet normal 0 0 1
    outer loop
      vertex 15 6 34.5
      vertex 22.41329331941753 1.2175228580174413 34.5
      vertex 22.585786437626904 1.4142135623730951 34.5
    endloop
  endfacet
  facet normal 0 0 1
    outer loop
      vertex 15 6 34.5
      vertex 22.585786437626904 1.4142135623730951 34.5
      vertex 22.782477141982557 1.5867066805824703 34.5
    endloop
  endfacet
  facet normal 0 0 1
    outer loop
      vertex 15 6 34.5
      vertex 22.782477141982557 1.5867066805824703 34.5
      vertex 23 1.7320508075688772 34.5
    endloop
  endfacet
  facet normal 0 0 1
    outer loop
      vertex 15 6 34.5
      vertex 23 1.7320508075688772 34.5
      vertex 23.23463313526982 1.8477590650225735 34.5
    endloop
  endfacet
  facet normal 0 0 1
    outer loop
      vertex 15 6 34.5
      vertex 23.23463313526982 1.8477590650225735 34.5
      vertex 33 6 34.5
    endloop
  endfacet
  facet normal 0 1 0
    outer loop
      vertex 15 6 34.5
      vertex 22.152240934977428 6 23.98463313526982
      vertex 22.26794919243112 6 23.75
    endloop
  endfacet
  facet normal 0 1 0
    outer loop
      vertex 15 6 34.5
      vertex 22.26794919243112 6 23.75
      vertex 22.41329331941753 6 23.532477141982557
    endloop
  endfacet
  facet normal 0 1 0
    outer loop
      vertex 15 6 34.5
      vertex 22.068148347421864 6 24.23236190979496
      vertex 22.152240934977428 6 23.98463313526982
    endloop
  endfacet
  facet normal 0 1 0
    outer loop
      vertex 15 6 34.5
      vertex 22.017110277252378 6 24.488947615559898
      vertex 22.068148347421864 6 24.23236190979496
    endloop
  endfacet
  facet normal 0 1 0
    outer loop
      vertex 15 6 34.5
      vertex 22 6 24.75
      vertex 22.017110277252378 6 24.488947615559898
    endloop
  endfacet
  facet normal 0 1 0
    outer loop
      vertex 15 6 34.5
      vertex 22.017110277252378 6 25.011052384440102
      vertex 22 6 24.75
    endloop
  endfacet
  facet normal 0 1 0
    outer loop
      vertex 15 6 34.5
      vertex 22.068148347421864 6 25.26763809020504
      vertex 22.017110277252378 6 25.011052384440102
    endloop
  endfacet
  facet normal 0 1 0
    outer loop
      vertex 15 6 34.5
      vertex 22.152240934977428 6 25.51536686473018
      vertex 22.068148347421864 6 25.26763809020504
    endloop
  endfacet
  facet normal 0 1 0
    outer loop
      vertex 15 6 34.5
      vertex 22.26794919243112 6 25.75
      vertex 22.152240934977428 6 25.51536686473018
    endloop
  endfacet
  facet normal 0 1 0
    outer loop
      vertex 15 6 34.5
      vertex 22.41329331941753 6 25.967522858017443
      vertex 22.26794919243112 6 25.75
    endloop
  endfacet
  facet normal 0 1 0
    outer loop
      vertex 15 6 34.5
      vertex 22.585786437626904 6 26.164213562373096
      vertex 22.41329331941753 6 25.967522858017443
    endloop
  endfacet
  facet normal 0 1 0
    outer loop
      vertex 15 6 34.5
      vertex 22.782477141982557 6 26.33670668058247
      vertex 22.585786437626904 6 26.164213562373096
    endloop
  endfacet
  facet normal 0 1 0
    outer loop
      vertex 15 6 34.5
      vertex 23 6 26.48205080756888
      vertex 22.782477141982557 6 26.33670668058247
    endloop
  endfacet
  facet normal 0 1 0
    outer loop
      vertex 15 6 34.5
      vertex 23.23463313526982 6 26.597759065022572
      vertex 23 6 26.48205080756888
    endloop
  endfacet
  facet normal 0 1 0
    outer loop
      vertex 15 6 34.5
      vertex 23.48236190979496 6 26.681851652578136
      vertex 23.23463313526982 6 26.597759065022572
    endloop
  endfacet
  facet normal 0 1 0
    outer loop
      vertex 15 6 34.5
      vertex 23.738947615559898 6 26.732889722747622
      vertex 23.48236190979496 6 26.681851652578136
    endloop
  endfacet
  facet normal 0 1 0
    outer loop
      vertex 15 6 34.5
      vertex 24 6 26.75
      vertex 23.738947615559898 6 26.732889722747622
    endloop
  endfacet
  facet normal 0 1 0
    outer loop
      vertex 15 6 34.5
      vertex 33 6 34.5
      vertex 24 6 26.75
    endloop
  endfacet
  facet normal 1 0 0
    outer loop
      vertex 33 -6 34.5
      vertex 33 6 21
      vertex 33 6 34.5
    endloop
  endfacet
  facet normal 0 0 1
    outer loop
      vertex 33 6 34.5
      vertex 23.23463313526982 1.8477590650225735 34.5
      vertex 23.48236190979496 1.9318516525781366 34.5
    endloop
  endfacet
  facet normal 0 0 1
    outer loop
      vertex 33 6 34.5
      vertex 23.48236190979496 1.9318516525781366 34.5
      vertex 23.738947615559898 1.9828897227476208 34.5
    endloop
  endfacet
  facet normal 0 0 1
    outer loop
      vertex 33 6 34.5
      vertex 23.738947615559898 1.9828897227476208 34.5
      vertex 24 2 34.5
    endloop
  endfacet
  facet normal 0 0 1
    outer loop
      vertex 33 6 34.5
      vertex 24 2 34.5
      vertex 24.261052384440102 1.9828897227476208 34.5
    endloop
  endfacet
  facet normal 0 0 1
    outer loop
      vertex 33 6 34.5
      vertex 24.261052384440102 1.9828897227476208 34.5
      vertex 24.51763809020504 1.9318516525781366 34.5
    endloop
  endfacet
  facet normal 0 0 1
    outer loop
      vertex 33 6 34.5
      vertex 24.51763809020504 1.9318516525781366 34.5
      vertex 24.76536686473018 1.8477590650225735 34.5
    endloop
  endfacet
  facet normal 0 0 1
    outer loop
      vertex 33 6 34.5
      vertex 25.982889722747622 -0.26105238444010315 34.5
      vertex 25.931851652578136 -0.5176380902050415 34.5
    endloop
  endfacet
  facet normal 0 0 1
    outer loop
      vertex 33 6 34.5
      vertex 26 0 34.5
      vertex 25.982889722747622 -0.26105238444010315 34.5
    endloop
  endfacet
  facet normal 0 0 1
    outer loop
      vertex 33 6 34.5
      vertex 25.847759065022572 0.7653668647301796 34.5
      vertex 25.931851652578136 0.5176380902050415 34.5
    endloop
  endfacet
  facet normal 0 0 1
    outer loop
      vertex 33 6 34.5
      vertex 25.982889722747622 0.26105238444010315 34.5
      vertex 26 0 34.5
    endloop
  endfacet
  facet normal 0 0 1
    outer loop
      vertex 33 6 34.5
      vertex 25.931851652578136 0.5176380902050415 34.5
      vertex 25.982889722747622 0.26105238444010315 34.5
    endloop
  endfacet
  facet normal 0 0 1
    outer loop
      vertex 33 6 34.5
      vertex 25.73205080756888 1 34.5
      vertex 25.847759065022572 0.7653668647301796 34.5
    endloop
  endfacet
  facet normal 0 0 1
    outer loop
      vertex 33 6 34.5
      vertex 25.58670668058247 1.2175228580174413 34.5
      vertex 25.73205080756888 1 34.5
    endloop
  endfacet
  facet normal 0 0 1
    outer loop
      vertex 33 6 34.5
      vertex 25.414213562373096 1.4142135623730951 34.5
      vertex 25.58670668058247 1.2175228580174413 34.5
    endloop
  endfacet
  facet normal 0 0 1
    outer loop
      vertex 33 6 34.5
      vertex 25.217522858017443 1.5867066805824703 34.5
      vertex 25.414213562373096 1.4142135623730951 34.5
    endloop
  endfacet
  facet normal 0 0 1
    outer loop
      vertex 33 6 34.5
      vertex 25 1.7320508075688772 34.5
      vertex 25.217522858017443 1.5867066805824703 34.5
    endloop
  endfacet
  facet normal 0 0 1
    outer loop
      vertex 33 6 34.5
      vertex 24.76536686473018 1.8477590650225735 34.5
      vertex 25 1.7320508075688772 34.5
    endloop
  endfacet
  facet normal 0 1 0
    outer loop
      vertex 33 6 34.5
      vertex 24.261052384440102 6 26.732889722747622
      vertex 24 6 26.75
    endloop
  endfacet
  facet normal 0 1 0
    outer loop
      vertex 33 6 34.5
      vertex 24.51763809020504 6 26.681851652578136
      vertex 24.261052384440102 6 26.732889722747622
    endloop
  endfacet
  facet normal 0 1 0
    outer loop
      vertex 33 6 34.5
      vertex 24.76536686473018 6 26.597759065022572
      vertex 24.51763809020504 6 26.681851652578136
    endloop
  endfacet
  facet normal 0 1 0
    outer loop
      vertex 33 6 34.5
      vertex 25.73205080756888 6 25.75
      vertex 25.58670668058247 6 25.967522858017443
    endloop
  endfacet
  facet normal 0 1 0
    outer loop
      vertex 33 6 34.5
      vertex 25.58670668058247 6 25.967522858017443
      vertex 25.414213562373096 6 26.164213562373096
    endloop
  endfacet
  facet normal 0 1 0
    outer loop
      vertex 33 6 34.5
      vertex 25.414213562373096 6 26.164213562373096
      vertex 25.217522858017443 6 26.33670668058247
    endloop
  endfacet
  facet normal 0 1 0
    outer loop
      vertex 33 6 34.5
      vertex 25 6 26.48205080756888
      vertex 24.76536686473018 6 26.597759065022572
    endloop
  endfacet
  facet normal 0 1 0
    outer loop
      vertex 33 6 34.5
      vertex 25.217522858017443 6 26.33670668058247
      vertex 25 6 26.48205080756888
    endloop
  endfacet
  facet normal 0 1 0
    outer loop
      vertex 33 6 34.5
      vertex 33 6 21
      vertex 25.73205080756888 6 25.75
    endloop
  endfacet
  facet normal 0.44228869021899825 0.8968727415326899 0
    outer loop
      vertex 71.23463313526982 16.152240934977428 28.5
      vertex 71 16.26794919243112 28.5
      vertex 71 16.26794919243112 34.5
    endloop
  endfacet
  facet normal 0.555570233019598 0.831469612302548 0
    outer loop
      vertex 70.78247714198255 16.41329331941753 28.5
      vertex 70.78247714198255 16.41329331941753 34.5
      vertex 71 16.26794919243112 28.5
    endloop
  endfacet
  facet normal 0.06540312923013841 0.9978589232386038 0
    outer loop
      vertex 71.7389476155599 16.017110277252378 28.5
      vertex 71.7389476155599 16.017110277252378 34.5
      vertex 72 16 28.5
    endloop
  endfacet
  facet normal -0.06540312923013841 0.9978589232386038 0
    outer loop
      vertex 72 16 28.5
      vertex 72 16 34.5
      vertex 72.2610523844401 16.017110277252378 28.5
    endloop
  endfacet
  facet normal 0.32143946530315676 0.9469301294951074 0
    outer loop
      vertex 71.23463313526982 16.152240934977428 28.5
      vertex 71.23463313526982 16.152240934977428 34.5
      vertex 71.48236190979496 16.068148347421864 28.5
    endloop
  endfacet
  facet normal 0.1950903220161393 0.9807852804032283 0
    outer loop
      vertex 71.48236190979496 16.068148347421864 28.5
      vertex 71.48236190979496 16.068148347421864 34.5
      vertex 71.7389476155599 16.017110277252378 28.5
    endloop
  endfacet
  facet normal -0.1950903220161393 0.9807852804032283 0
    outer loop
      vertex 72.2610523844401 16.017110277252378 28.5
      vertex 72.2610523844401 16.017110277252378 34.5
      vertex 72.51763809020504 16.068148347421864 28.5
    endloop
  endfacet
  facet normal -0.32143946530315676 0.9469301294951074 0
    outer loop
      vertex 72.51763809020504 16.068148347421864 28.5
      vertex 72.51763809020504 16.068148347421864 34.5
      vertex 72.76536686473018 16.152240934977428 28.5
    endloop
  endfacet
  facet normal -0.44228869021899825 0.8968727415326899 0
    outer loop
      vertex 72.76536686473018 16.152240934977428 28.5
      vertex 72.76536686473018 16.152240934977428 34.5
      vertex 73 16.26794919243112 28.5
    endloop
  endfacet
  facet normal -0.555570233019598 0.831469612302548 0
    outer loop
      vertex 73 16.26794919243112 28.5
      vertex 73 16.26794919243112 34.5
      vertex 73.21752285801745 16.41329331941753 28.5
    endloop
  endfacet
  facet normal -0.6593458151000808 0.7518398074789668 0
    outer loop
      vertex 73.21752285801745 16.41329331941753 28.5
      vertex 73.21752285801745 16.41329331941753 34.5
      vertex 73.41421356237309 16.585786437626904 28.5
    endloop
  endfacet
  facet normal 0.6593458151000808 0.7518398074789668 0
    outer loop
      vertex 70.78247714198255 16.41329331941753 28.5
      vertex 70.58578643762691 16.585786437626904 34.5
      vertex 70.78247714198255 16.41329331941753 34.5
    endloop
  endfacet
  facet normal 0.555570233019598 0.831469612302548 0
    outer loop
      vertex 71 16.26794919243112 28.5
      vertex 70.78247714198255 16.41329331941753 34.5
      vertex 71 16.26794919243112 34.5
    endloop
  endfacet
  facet normal 0.06540312923013841 0.9978589232386038 0
    outer loop
      vertex 72 16 28.5
      vertex 71.7389476155599 16.017110277252378 34.5
      vertex 72 16 34.5
    endloop
  endfacet
  facet normal -0.06540312923013841 0.9978589232386038 0
    outer loop
      vertex 72.2610523844401 16.017110277252378 28.5
      vertex 72 16 34.5
      vertex 72.2610523844401 16.017110277252378 34.5
    endloop
  endfacet
  facet normal 0.32143946530315676 0.9469301294951074 0
    outer loop
      vertex 71.48236190979496 16.068148347421864 28.5
      vertex 71.23463313526982 16.152240934977428 34.5
      vertex 71.48236190979496 16.068148347421864 34.5
    endloop
  endfacet
  facet normal 0.44228869021899825 0.8968727415326899 0
    outer loop
      vertex 71.23463313526982 16.152240934977428 28.5
      vertex 71 16.26794919243112 34.5
      vertex 71.23463313526982 16.152240934977428 34.5
    endloop
  endfacet
  facet normal 0.1950903220161393 0.9807852804032283 0
    outer loop
      vertex 71.7389476155599 16.017110277252378 28.5
      vertex 71.48236190979496 16.068148347421864 34.5
      vertex 71.7389476155599 16.017110277252378 34.5
    endloop
  endfacet
  facet normal -0.1950903220161393 0.9807852804032283 0
    outer loop
      vertex 72.51763809020504 16.068148347421864 28.5
      vertex 72.2610523844401 16.017110277252378 34.5
      vertex 72.51763809020504 16.068148347421864 34.5
    endloop
  endfacet
  facet normal -0.32143946530315676 0.9469301294951074 0
    outer loop
      vertex 72.76536686473018 16.152240934977428 28.5
      vertex 72.51763809020504 16.068148347421864 34.5
      vertex 72.76536686473018 16.152240934977428 34.5
    endloop
  endfacet
  facet normal -0.44228869021899825 0.8968727415326899 0
    outer loop
      vertex 73 16.26794919243112 28.5
      vertex 72.76536686473018 16.152240934977428 34.5
      vertex 73 16.26794919243112 34.5
    endloop
  endfacet
  facet normal -0.555570233019598 0.831469612302548 0
    outer loop
      vertex 73.21752285801745 16.41329331941753 28.5
      vertex 73 16.26794919243112 34.5
      vertex 73.21752285801745 16.41329331941753 34.5
    endloop
  endfacet
  facet normal 0 0 1
    outer loop
      vertex 71.23463313526982 16.152240934977428 28.5
      vertex 71.23463313526982 19.847759065022572 28.5
      vertex 71 16.26794919243112 28.5
    endloop
  endfacet
  facet normal 0 0 1
    outer loop
      vertex 71.23463313526982 16.152240934977428 28.5
      vertex 71.48236190979496 16.068148347421864 28.5
      vertex 71.48236190979496 19.931851652578136 28.5
    endloop
  endfacet
  facet normal 0 0 1
    outer loop
      vertex 71.48236190979496 16.068148347421864 28.5
      vertex 71.7389476155599 16.017110277252378 28.5
      vertex 71.7389476155599 19.982889722747622 28.5
    endloop
  endfacet
  facet normal 0 0 1
    outer loop
      vertex 71.7389476155599 16.017110277252378 28.5
      vertex 72 16 28.5
      vertex 72 20 28.5
    endloop
  endfacet
  facet normal 0 0 1
    outer loop
      vertex 72 16 28.5
      vertex 72.2610523844401 16.017110277252378 28.5
      vertex 72.2610523844401 19.982889722747622 28.5
    endloop
  endfacet
  facet normal 0 0 1
    outer loop
      vertex 72.2610523844401 16.017110277252378 28.5
      vertex 72.51763809020504 16.068148347421864 28.5
      vertex 72.51763809020504 19.931851652578136 28.5
    endloop
  endfacet
  facet normal 0 0 1
    outer loop
      vertex 70.26794919243112 17 28.5
      vertex 70.41329331941753 16.782477141982557 28.5
      vertex 70.41329331941753 19.217522858017443 28.5
    endloop
  endfacet
  facet normal 0 0 1
    outer loop
      vertex 70.26794919243112 17 28.5
      vertex 70.26794919243112 19 28.5
      vertex 70.15224093497743 17.23463313526982 28.5
    endloop
  endfacet
  facet normal 0 0 1
    outer loop
      vertex 70.15224093497743 17.23463313526982 28.5
      vertex 70.15224093497743 18.76536686473018 28.5
      vertex 70.06814834742187 17.48236190979496 28.5
    endloop
  endfacet
  facet normal 0 0 1
    outer loop
      vertex 70.58578643762691 16.585786437626904 28.5
      vertex 70.78247714198255 16.41329331941753 28.5
      vertex 70.78247714198255 19.58670668058247 28.5
    endloop
  endfacet
  facet normal 0 0 1
    outer loop
      vertex 70.58578643762691 16.585786437626904 28.5
      vertex 70.58578643762691 19.414213562373096 28.5
      vertex 70.41329331941753 16.782477141982557 28.5
    endloop
  endfacet
  facet normal 0 0 1
    outer loop
      vertex 70.78247714198255 16.41329331941753 28.5
      vertex 71 16.26794919243112 28.5
      vertex 71 19.73205080756888 28.5
    endloop
  endfacet
  facet normal 0 0 1
    outer loop
      vertex 70.06814834742187 17.48236190979496 28.5
      vertex 70.06814834742187 18.51763809020504 28.5
      vertex 70.01711027725239 17.738947615559898 28.5
    endloop
  endfacet
  facet normal 0 0 1
    outer loop
      vertex 70.01711027725239 17.738947615559898 28.5
      vertex 70.01711027725239 18.261052384440102 28.5
      vertex 70 18 28.5
    endloop
  endfacet
  facet normal 0 0 1
    outer loop
      vertex 70.01711027725239 17.738947615559898 28.5
      vertex 70.06814834742187 18.51763809020504 28.5
      vertex 70.01711027725239 18.261052384440102 28.5
    endloop
  endfacet
  facet normal 0 0 1
    outer loop
      vertex 70.06814834742187 17.48236190979496 28.5
      vertex 70.15224093497743 18.76536686473018 28.5
      vertex 70.06814834742187 18.51763809020504 28.5
    endloop
  endfacet
  facet normal 0 0 1
    outer loop
      vertex 70.15224093497743 17.23463313526982 28.5
      vertex 70.26794919243112 19 28.5
      vertex 70.15224093497743 18.76536686473018 28.5
    endloop
  endfacet
  facet normal 0 0 1
    outer loop
      vertex 72.51763809020504 16.068148347421864 28.5
      vertex 72.76536686473018 16.152240934977428 28.5
      vertex 72.76536686473018 19.847759065022572 28.5
    endloop
  endfacet
  facet normal 0 0 1
    outer loop
      vertex 72.76536686473018 16.152240934977428 28.5
      vertex 73 16.26794919243112 28.5
      vertex 73 19.73205080756888 28.5
    endloop
  endfacet
  facet normal 0 0 1
    outer loop
      vertex 73 16.26794919243112 28.5
      vertex 73.21752285801745 16.41329331941753 28.5
      vertex 73.21752285801745 19.58670668058247 28.5
    endloop
  endfacet
  facet normal 0 0 1
    outer loop
      vertex 73.21752285801745 16.41329331941753 28.5
      vertex 73.41421356237309 16.585786437626904 28.5
      vertex 73.41421356237309 19.414213562373096 28.5
    endloop
  endfacet
  facet normal 0 0 1
    outer loop
      vertex 73.41421356237309 16.585786437626904 28.5
      vertex 73.58670668058247 16.782477141982557 28.5
      vertex 73.58670668058247 19.217522858017443 28.5
    endloop
  endfacet
  facet normal 0 0 1
    outer loop
      vertex 73.58670668058247 16.782477141982557 28.5
      vertex 73.73205080756888 17 28.5
      vertex 73.73205080756888 19 28.5
    endloop
  endfacet
  facet normal 0 0 1
    outer loop
      vertex 73.73205080756888 17 28.5
      vertex 73.84775906502257 17.23463313526982 28.5
      vertex 73.84775906502257 18.76536686473018 28.5
    endloop
  endfacet
  facet normal 0 0 1
    outer loop
      vertex 73.84775906502257 17.23463313526982 28.5
      vertex 73.93185165257813 17.48236190979496 28.5
      vertex 73.93185165257813 18.51763809020504 28.5
    endloop
  endfacet
  facet normal 0 0 1
    outer loop
      vertex 73.93185165257813 17.48236190979496 28.5
      vertex 73.98288972274761 17.738947615559898 28.5
      vertex 73.98288972274761 18.261052384440102 28.5
    endloop
  endfacet
  facet normal 0 0 1
    outer loop
      vertex 73.93185165257813 17.48236190979496 28.5
      vertex 73.98288972274761 18.261052384440102 28.5
      vertex 73.93185165257813 18.51763809020504 28.5
    endloop
  endfacet
  facet normal 0 0 1
    outer loop
      vertex 73.73205080756888 17 28.5
      vertex 73.84775906502257 18.76536686473018 28.5
      vertex 73.73205080756888 19 28.5
    endloop
  endfacet
  facet normal 0 0 1
    outer loop
      vertex 73.84775906502257 17.23463313526982 28.5
      vertex 73.93185165257813 18.51763809020504 28.5
      vertex 73.84775906502257 18.76536686473018 28.5
    endloop
  endfacet
  facet normal 0 0 1
    outer loop
      vertex 73.58670668058247 16.782477141982557 28.5
      vertex 73.73205080756888 19 28.5
      vertex 73.58670668058247 19.217522858017443 28.5
    endloop
  endfacet
  facet normal 0 0 1
    outer loop
      vertex 73.98288972274761 17.738947615559898 28.5
      vertex 74 18 28.5
      vertex 73.98288972274761 18.261052384440102 28.5
    endloop
  endfacet
  facet normal 0 0 1
    outer loop
      vertex 70.26794919243112 17 28.5
      vertex 70.41329331941753 19.217522858017443 28.5
      vertex 70.26794919243112 19 28.5
    endloop
  endfacet
  facet normal 0 0 1
    outer loop
      vertex 70.41329331941753 16.782477141982557 28.5
      vertex 70.58578643762691 19.414213562373096 28.5
      vertex 70.41329331941753 19.217522858017443 28.5
    endloop
  endfacet
  facet normal 0 0 1
    outer loop
      vertex 70.58578643762691 16.585786437626904 28.5
      vertex 70.78247714198255 19.58670668058247 28.5
      vertex 70.58578643762691 19.414213562373096 28.5
    endloop
  endfacet
  facet normal 0 0 1
    outer loop
      vertex 70.78247714198255 16.41329331941753 28.5
      vertex 71 19.73205080756888 28.5
      vertex 70.78247714198255 19.58670668058247 28.5
    endloop
  endfacet
  facet normal 0 0 1
    outer loop
      vertex 71 16.26794919243112 28.5
      vertex 71.23463313526982 19.847759065022572 28.5
      vertex 71 19.73205080756888 28.5
    endloop
  endfacet
  facet normal 0 0 1
    outer loop
      vertex 71.23463313526982 16.152240934977428 28.5
      vertex 71.48236190979496 19.931851652578136 28.5
      vertex 71.23463313526982 19.847759065022572 28.5
    endloop
  endfacet
  facet normal 0 0 1
    outer loop
      vertex 71.48236190979496 16.068148347421864 28.5
      vertex 71.7389476155599 19.982889722747622 28.5
      vertex 71.48236190979496 19.931851652578136 28.5
    endloop
  endfacet
  facet normal 0 0 1
    outer loop
      vertex 71.7389476155599 16.017110277252378 28.5
      vertex 72 20 28.5
      vertex 71.7389476155599 19.982889722747622 28.5
    endloop
  endfacet
  facet normal 0 0 1
    outer loop
      vertex 72 16 28.5
      vertex 72.2610523844401 19.982889722747622 28.5
      vertex 72 20 28.5
    endloop
  endfacet
  facet normal 0 0 1
    outer loop
      vertex 72.2610523844401 16.017110277252378 28.5
      vertex 72.51763809020504 19.931851652578136 28.5
      vertex 72.2610523844401 19.982889722747622 28.5
    endloop
  endfacet
  facet normal 0 0 1
    outer loop
      vertex 72.76536686473018 16.152240934977428 28.5
      vertex 73 19.73205080756888 28.5
      vertex 72.76536686473018 19.847759065022572 28.5
    endloop
  endfacet
  facet normal 0 0 1
    outer loop
      vertex 73 16.26794919243112 28.5
      vertex 73.21752285801745 19.58670668058247 28.5
      vertex 73 19.73205080756888 28.5
    endloop
  endfacet
  facet normal 0 0 1
    outer loop
      vertex 72.51763809020504 16.068148347421864 28.5
      vertex 72.76536686473018 19.847759065022572 28.5
      vertex 72.51763809020504 19.931851652578136 28.5
    endloop
  endfacet
  facet normal 0 0 1
    outer loop
      vertex 73.21752285801745 16.41329331941753 28.5
      vertex 73.41421356237309 19.414213562373096 28.5
      vertex 73.21752285801745 19.58670668058247 28.5
    endloop
  endfacet
  facet normal 0 0 1
    outer loop
      vertex 73.41421356237309 16.585786437626904 28.5
      vertex 73.58670668058247 19.217522858017443 28.5
      vertex 73.41421356237309 19.414213562373096 28.5
    endloop
  endfacet
  facet normal 0.8314696123025314 0.555570233019623 0
    outer loop
      vertex 70.26794919243112 17 28.5
      vertex 70.26794919243112 17 34.5
      vertex 70.41329331941753 16.782477141982557 28.5
    endloop
  endfacet
  facet normal 0.6593458151000808 0.7518398074789668 0
    outer loop
      vertex 70.58578643762691 16.585786437626904 28.5
      vertex 70.58578643762691 16.585786437626904 34.5
      vertex 70.78247714198255 16.41329331941753 28.5
    endloop
  endfacet
  facet normal 0.7518398074789787 0.6593458151000674 0
    outer loop
      vertex 70.58578643762691 16.585786437626904 28.5
      vertex 70.41329331941753 16.782477141982557 28.5
      vertex 70.41329331941753 16.782477141982557 34.5
    endloop
  endfacet
  facet normal 0.8968727415326979 0.4422886902189819 0
    outer loop
      vertex 70.26794919243112 17 28.5
      vertex 70.15224093497743 17.23463313526982 28.5
      vertex 70.15224093497743 17.23463313526982 34.5
    endloop
  endfacet
  facet normal 0.94693012949511 0.3214394653031487 0
    outer loop
      vertex 70.15224093497743 17.23463313526982 28.5
      vertex 70.06814834742187 17.48236190979496 28.5
      vertex 70.06814834742187 17.48236190979496 34.5
    endloop
  endfacet
  facet normal 0.9807852804032313 0.1950903220161236 0
    outer loop
      vertex 70.06814834742187 17.48236190979496 28.5
      vertex 70.01711027725239 17.738947615559898 28.5
      vertex 70.01711027725239 17.738947615559898 34.5
    endloop
  endfacet
  facet normal 0.9978589232386019 0.06540312923016633 0
    outer loop
      vertex 70.01711027725239 17.738947615559898 28.5
      vertex 70 18 28.5
      vertex 70 18 34.5
    endloop
  endfacet
  facet normal 0.9978589232386019 -0.06540312923016633 0
    outer loop
      vertex 70 18 28.5
      vertex 70.01711027725239 18.261052384440102 28.5
      vertex 70.01711027725239 18.261052384440102 34.5
    endloop
  endfacet
  facet normal -0.7518398074789787 0.6593458151000674 0
    outer loop
      vertex 73.41421356237309 16.585786437626904 28.5
      vertex 73.41421356237309 16.585786437626904 34.5
      vertex 73.58670668058247 16.782477141982557 28.5
    endloop
  endfacet
  facet normal -0.8314696123025314 0.555570233019623 0
    outer loop
      vertex 73.58670668058247 16.782477141982557 28.5
      vertex 73.58670668058247 16.782477141982557 34.5
      vertex 73.73205080756888 17 28.5
    endloop
  endfacet
  facet normal -0.8968727415326979 0.4422886902189819 0
    outer loop
      vertex 73.73205080756888 17 28.5
      vertex 73.73205080756888 17 34.5
      vertex 73.84775906502257 17.23463313526982 28.5
    endloop
  endfacet
  facet normal -0.94693012949511 0.3214394653031487 0
    outer loop
      vertex 73.84775906502257 17.23463313526982 28.5
      vertex 73.84775906502257 17.23463313526982 34.5
      vertex 73.93185165257813 17.48236190979496 28.5
    endloop
  endfacet
  facet normal -0.9807852804032313 0.1950903220161236 0
    outer loop
      vertex 73.93185165257813 17.48236190979496 28.5
      vertex 73.93185165257813 17.48236190979496 34.5
      vertex 73.98288972274761 17.738947615559898 28.5
    endloop
  endfacet
  facet normal -0.9807852804032313 -0.1950903220161236 0
    outer loop
      vertex 73.93185165257813 18.51763809020504 28.5
      vertex 73.98288972274761 18.261052384440102 28.5
      vertex 73.98288972274761 18.261052384440102 34.5
    endloop
  endfacet
  facet normal -0.9978589232386019 0.06540312923016633 0
    outer loop
      vertex 73.98288972274761 17.738947615559898 28.5
      vertex 73.98288972274761 17.738947615559898 34.5
      vertex 74 18 28.5
    endloop
  endfacet
  facet normal -0.9978589232386019 -0.06540312923016633 0
    outer loop
      vertex 74 18 28.5
      vertex 74 18 34.5
      vertex 73.98288972274761 18.261052384440102 28.5
    endloop
  endfacet
  facet normal 0.8314696123025314 0.555570233019623 0
    outer loop
      vertex 70.41329331941753 16.782477141982557 28.5
      vertex 70.26794919243112 17 34.5
      vertex 70.41329331941753 16.782477141982557 34.5
    endloop
  endfacet
  facet normal 0.7518398074789787 0.6593458151000674 0
    outer loop
      vertex 70.58578643762691 16.585786437626904 28.5
      vertex 70.41329331941753 16.782477141982557 34.5
      vertex 70.58578643762691 16.585786437626904 34.5
    endloop
  endfacet
  facet normal 0.8968727415326979 0.4422886902189819 0
    outer loop
      vertex 70.26794919243112 17 28.5
      vertex 70.15224093497743 17.23463313526982 34.5
      vertex 70.26794919243112 17 34.5
    endloop
  endfacet
  facet normal 0.94693012949511 0.3214394653031487 0
    outer loop
      vertex 70.15224093497743 17.23463313526982 28.5
      vertex 70.06814834742187 17.48236190979496 34.5
      vertex 70.15224093497743 17.23463313526982 34.5
    endloop
  endfacet
  facet normal 0.9807852804032313 0.1950903220161236 0
    outer loop
      vertex 70.06814834742187 17.48236190979496 28.5
      vertex 70.01711027725239 17.738947615559898 34.5
      vertex 70.06814834742187 17.48236190979496 34.5
    endloop
  endfacet
  facet normal 0.9978589232386019 0.06540312923016633 0
    outer loop
      vertex 70.01711027725239 17.738947615559898 28.5
      vertex 70 18 34.5
      vertex 70.01711027725239 17.738947615559898 34.5
    endloop
  endfacet
  facet normal 0.9978589232386019 -0.06540312923016633 0
    outer loop
      vertex 70 18 28.5
      vertex 70.01711027725239 18.261052384440102 34.5
      vertex 70 18 34.5
    endloop
  endfacet
  facet normal 0.9807852804032313 -0.1950903220161236 0
    outer loop
      vertex 70.01711027725239 18.261052384440102 28.5
      vertex 70.06814834742187 18.51763809020504 34.5
      vertex 70.01711027725239 18.261052384440102 34.5
    endloop
  endfacet
  facet normal -0.6593458151000808 0.7518398074789668 0
    outer loop
      vertex 73.41421356237309 16.585786437626904 28.5
      vertex 73.21752285801745 16.41329331941753 34.5
      vertex 73.41421356237309 16.585786437626904 34.5
    endloop
  endfacet
  facet normal -0.7518398074789787 0.6593458151000674 0
    outer loop
      vertex 73.58670668058247 16.782477141982557 28.5
      vertex 73.41421356237309 16.585786437626904 34.5
      vertex 73.58670668058247 16.782477141982557 34.5
    endloop
  endfacet
  facet normal -0.8314696123025314 0.555570233019623 0
    outer loop
      vertex 73.73205080756888 17 28.5
      vertex 73.58670668058247 16.782477141982557 34.5
      vertex 73.73205080756888 17 34.5
    endloop
  endfacet
  facet normal -0.8968727415326979 0.4422886902189819 0
    outer loop
      vertex 73.84775906502257 17.23463313526982 28.5
      vertex 73.73205080756888 17 34.5
      vertex 73.84775906502257 17.23463313526982 34.5
    endloop
  endfacet
  facet normal -0.94693012949511 0.3214394653031487 0
    outer loop
      vertex 73.93185165257813 17.48236190979496 28.5
      vertex 73.84775906502257 17.23463313526982 34.5
      vertex 73.93185165257813 17.48236190979496 34.5
    endloop
  endfacet
  facet normal -0.9807852804032313 0.1950903220161236 0
    outer loop
      vertex 73.98288972274761 17.738947615559898 28.5
      vertex 73.93185165257813 17.48236190979496 34.5
      vertex 73.98288972274761 17.738947615559898 34.5
    endloop
  endfacet
  facet normal -0.9978589232386019 0.06540312923016633 0
    outer loop
      vertex 74 18 28.5
      vertex 73.98288972274761 17.738947615559898 34.5
      vertex 74 18 34.5
    endloop
  endfacet
  facet normal -0.9978589232386019 -0.06540312923016633 0
    outer loop
      vertex 73.98288972274761 18.261052384440102 28.5
      vertex 74 18 34.5
      vertex 73.98288972274761 18.261052384440102 34.5
    endloop
  endfacet
  facet normal 0.9807852804032313 -0.1950903220161236 0
    outer loop
      vertex 70.01711027725239 18.261052384440102 28.5
      vertex 70.06814834742187 18.51763809020504 28.5
      vertex 70.06814834742187 18.51763809020504 34.5
    endloop
  endfacet
  facet normal 0.94693012949511 -0.3214394653031487 0
    outer loop
      vertex 70.06814834742187 18.51763809020504 28.5
      vertex 70.15224093497743 18.76536686473018 28.5
      vertex 70.15224093497743 18.76536686473018 34.5
    endloop
  endfacet
  facet normal 0.8968727415326979 -0.4422886902189819 0
    outer loop
      vertex 70.15224093497743 18.76536686473018 28.5
      vertex 70.26794919243112 19 28.5
      vertex 70.26794919243112 19 34.5
    endloop
  endfacet
  facet normal 0.8314696123025314 -0.555570233019623 0
    outer loop
      vertex 70.26794919243112 19 28.5
      vertex 70.41329331941753 19.217522858017443 28.5
      vertex 70.41329331941753 19.217522858017443 34.5
    endloop
  endfacet
  facet normal 0.7518398074789787 -0.6593458151000674 0
    outer loop
      vertex 70.41329331941753 19.217522858017443 28.5
      vertex 70.58578643762691 19.414213562373096 28.5
      vertex 70.58578643762691 19.414213562373096 34.5
    endloop
  endfacet
  facet normal 0.6593458151000808 -0.7518398074789668 0
    outer loop
      vertex 70.58578643762691 19.414213562373096 28.5
      vertex 70.78247714198255 19.58670668058247 28.5
      vertex 70.78247714198255 19.58670668058247 34.5
    endloop
  endfacet
  facet normal 0.555570233019598 -0.831469612302548 0
    outer loop
      vertex 70.78247714198255 19.58670668058247 28.5
      vertex 71 19.73205080756888 28.5
      vertex 71 19.73205080756888 34.5
    endloop
  endfacet
  facet normal 0.44228869021899825 -0.8968727415326899 0
    outer loop
      vertex 71 19.73205080756888 28.5
      vertex 71.23463313526982 19.847759065022572 28.5
      vertex 71.23463313526982 19.847759065022572 34.5
    endloop
  endfacet
  facet normal 0.32143946530315676 -0.9469301294951074 0
    outer loop
      vertex 71.23463313526982 19.847759065022572 28.5
      vertex 71.48236190979496 19.931851652578136 28.5
      vertex 71.48236190979496 19.931851652578136 34.5
    endloop
  endfacet
  facet normal 0.1950903220161393 -0.9807852804032283 0
    outer loop
      vertex 71.48236190979496 19.931851652578136 28.5
      vertex 71.7389476155599 19.982889722747622 28.5
      vertex 71.7389476155599 19.982889722747622 34.5
    endloop
  endfacet
  facet normal 0.06540312923013841 -0.9978589232386038 0
    outer loop
      vertex 71.7389476155599 19.982889722747622 28.5
      vertex 72 20 28.5
      vertex 72 20 34.5
    endloop
  endfacet
  facet normal -0.06540312923013841 -0.9978589232386038 0
    outer loop
      vertex 72 20 28.5
      vertex 72.2610523844401 19.982889722747622 28.5
      vertex 72.2610523844401 19.982889722747622 34.5
    endloop
  endfacet
  facet normal -0.1950903220161393 -0.9807852804032283 0
    outer loop
      vertex 72.2610523844401 19.982889722747622 28.5
      vertex 72.51763809020504 19.931851652578136 28.5
      vertex 72.51763809020504 19.931851652578136 34.5
    endloop
  endfacet
  facet normal -0.94693012949511 -0.3214394653031487 0
    outer loop
      vertex 73.93185165257813 18.51763809020504 28.5
      vertex 73.93185165257813 18.51763809020504 34.5
      vertex 73.84775906502257 18.76536686473018 28.5
    endloop
  endfacet
  facet normal -0.8968727415326979 -0.4422886902189819 0
    outer loop
      vertex 73.84775906502257 18.76536686473018 28.5
      vertex 73.84775906502257 18.76536686473018 34.5
      vertex 73.73205080756888 19 28.5
    endloop
  endfacet
  facet normal -0.8314696123025314 -0.555570233019623 0
    outer loop
      vertex 73.58670668058247 19.217522858017443 28.5
      vertex 73.73205080756888 19 28.5
      vertex 73.73205080756888 19 34.5
    endloop
  endfacet
  facet normal -0.7518398074789787 -0.6593458151000674 0
    outer loop
      vertex 73.58670668058247 19.217522858017443 28.5
      vertex 73.58670668058247 19.217522858017443 34.5
      vertex 73.41421356237309 19.414213562373096 28.5
    endloop
  endfacet
  facet normal -0.555570233019598 -0.831469612302548 0
    outer loop
      vertex 73 19.73205080756888 28.5
      vertex 73.21752285801745 19.58670668058247 28.5
      vertex 73.21752285801745 19.58670668058247 34.5
    endloop
  endfacet
  facet normal -0.44228869021899825 -0.8968727415326899 0
    outer loop
      vertex 73 19.73205080756888 28.5
      vertex 73 19.73205080756888 34.5
      vertex 72.76536686473018 19.847759065022572 28.5
    endloop
  endfacet
  facet normal -0.6593458151000808 -0.7518398074789668 0
    outer loop
      vertex 73.21752285801745 19.58670668058247 28.5
      vertex 73.41421356237309 19.414213562373096 28.5
      vertex 73.41421356237309 19.414213562373096 34.5
    endloop
  endfacet
  facet normal -0.32143946530315676 -0.9469301294951074 0
    outer loop
      vertex 72.51763809020504 19.931851652578136 28.5
      vertex 72.76536686473018 19.847759065022572 28.5
      vertex 72.76536686473018 19.847759065022572 34.5
    endloop
  endfacet
  facet normal 0.94693012949511 -0.3214394653031487 0
    outer loop
      vertex 70.06814834742187 18.51763809020504 28.5
      vertex 70.15224093497743 18.76536686473018 34.5
      vertex 70.06814834742187 18.51763809020504 34.5
    endloop
  endfacet
  facet normal 0.8968727415326979 -0.4422886902189819 0
    outer loop
      vertex 70.15224093497743 18.76536686473018 28.5
      vertex 70.26794919243112 19 34.5
      vertex 70.15224093497743 18.76536686473018 34.5
    endloop
  endfacet
  facet normal 0.8314696123025314 -0.555570233019623 0
    outer loop
      vertex 70.26794919243112 19 28.5
      vertex 70.41329331941753 19.217522858017443 34.5
      vertex 70.26794919243112 19 34.5
    endloop
  endfacet
  facet normal 0.7518398074789787 -0.6593458151000674 0
    outer loop
      vertex 70.41329331941753 19.217522858017443 28.5
      vertex 70.58578643762691 19.414213562373096 34.5
      vertex 70.41329331941753 19.217522858017443 34.5
    endloop
  endfacet
  facet normal 0.6593458151000808 -0.7518398074789668 0
    outer loop
      vertex 70.58578643762691 19.414213562373096 28.5
      vertex 70.78247714198255 19.58670668058247 34.5
      vertex 70.58578643762691 19.414213562373096 34.5
    endloop
  endfacet
  facet normal 0.555570233019598 -0.831469612302548 0
    outer loop
      vertex 70.78247714198255 19.58670668058247 28.5
      vertex 71 19.73205080756888 34.5
      vertex 70.78247714198255 19.58670668058247 34.5
    endloop
  endfacet
  facet normal 0.44228869021899825 -0.8968727415326899 0
    outer loop
      vertex 71 19.73205080756888 28.5
      vertex 71.23463313526982 19.847759065022572 34.5
      vertex 71 19.73205080756888 34.5
    endloop
  endfacet
  facet normal 0.32143946530315676 -0.9469301294951074 0
    outer loop
      vertex 71.23463313526982 19.847759065022572 28.5
      vertex 71.48236190979496 19.931851652578136 34.5
      vertex 71.23463313526982 19.847759065022572 34.5
    endloop
  endfacet
  facet normal 0.1950903220161393 -0.9807852804032283 0
    outer loop
      vertex 71.48236190979496 19.931851652578136 28.5
      vertex 71.7389476155599 19.982889722747622 34.5
      vertex 71.48236190979496 19.931851652578136 34.5
    endloop
  endfacet
  facet normal 0.06540312923013841 -0.9978589232386038 0
    outer loop
      vertex 71.7389476155599 19.982889722747622 28.5
      vertex 72 20 34.5
      vertex 71.7389476155599 19.982889722747622 34.5
    endloop
  endfacet
  facet normal -0.06540312923013841 -0.9978589232386038 0
    outer loop
      vertex 72 20 28.5
      vertex 72.2610523844401 19.982889722747622 34.5
      vertex 72 20 34.5
    endloop
  endfacet
  facet normal -0.1950903220161393 -0.9807852804032283 0
    outer loop
      vertex 72.2610523844401 19.982889722747622 28.5
      vertex 72.51763809020504 19.931851652578136 34.5
      vertex 72.2610523844401 19.982889722747622 34.5
    endloop
  endfacet
  facet normal -0.9807852804032313 -0.1950903220161236 0
    outer loop
      vertex 73.93185165257813 18.51763809020504 28.5
      vertex 73.98288972274761 18.261052384440102 34.5
      vertex 73.93185165257813 18.51763809020504 34.5
    endloop
  endfacet
  facet normal -0.94693012949511 -0.3214394653031487 0
    outer loop
      vertex 73.84775906502257 18.76536686473018 28.5
      vertex 73.93185165257813 18.51763809020504 34.5
      vertex 73.84775906502257 18.76536686473018 34.5
    endloop
  endfacet
  facet normal -0.8968727415326979 -0.4422886902189819 0
    outer loop
      vertex 73.73205080756888 19 28.5
      vertex 73.84775906502257 18.76536686473018 34.5
      vertex 73.73205080756888 19 34.5
    endloop
  endfacet
  facet normal -0.8314696123025314 -0.555570233019623 0
    outer loop
      vertex 73.58670668058247 19.217522858017443 28.5
      vertex 73.73205080756888 19 34.5
      vertex 73.58670668058247 19.217522858017443 34.5
    endloop
  endfacet
  facet normal -0.555570233019598 -0.831469612302548 0
    outer loop
      vertex 73 19.73205080756888 28.5
      vertex 73.21752285801745 19.58670668058247 34.5
      vertex 73 19.73205080756888 34.5
    endloop
  endfacet
  facet normal -0.7518398074789787 -0.6593458151000674 0
    outer loop
      vertex 73.41421356237309 19.414213562373096 28.5
      vertex 73.58670668058247 19.217522858017443 34.5
      vertex 73.41421356237309 19.414213562373096 34.5
    endloop
  endfacet
  facet normal -0.6593458151000808 -0.7518398074789668 0
    outer loop
      vertex 73.21752285801745 19.58670668058247 28.5
      vertex 73.41421356237309 19.414213562373096 34.5
      vertex 73.21752285801745 19.58670668058247 34.5
    endloop
  endfacet
  facet normal -0.44228869021899825 -0.8968727415326899 0
    outer loop
      vertex 72.76536686473018 19.847759065022572 28.5
      vertex 73 19.73205080756888 34.5
      vertex 72.76536686473018 19.847759065022572 34.5
    endloop
  endfacet
  facet normal -0.32143946530315676 -0.9469301294951074 0
    outer loop
      vertex 72.51763809020504 19.931851652578136 28.5
      vertex 72.76536686473018 19.847759065022572 34.5
      vertex 72.51763809020504 19.931851652578136 34.5
    endloop
  endfacet
  facet normal 0.44228869021899825 0.8968727415326899 0
    outer loop
      vertex 47.23463313526982 16.152240934977428 28.5
      vertex 47 16.26794919243112 28.5
      vertex 47 16.26794919243112 34.5
    endloop
  endfacet
  facet normal 0.5555702330196105 0.8314696123025397 0
    outer loop
      vertex 46.78247714198256 16.41329331941753 28.5
      vertex 46.78247714198256 16.41329331941753 34.5
      vertex 47 16.26794919243112 28.5
    endloop
  endfacet
  facet normal 0.44228869021899825 0.8968727415326899 0
    outer loop
      vertex 47.23463313526982 16.152240934977428 28.5
      vertex 47 16.26794919243112 34.5
      vertex 47.23463313526982 16.152240934977428 34.5
    endloop
  endfacet
  facet normal 0.6593458151000674 0.7518398074789787 0
    outer loop
      vertex 46.78247714198256 16.41329331941753 28.5
      vertex 46.58578643762691 16.585786437626904 34.5
      vertex 46.78247714198256 16.41329331941753 34.5
    endloop
  endfacet
  facet normal 0.5555702330196105 0.8314696123025397 0
    outer loop
      vertex 47 16.26794919243112 28.5
      vertex 46.78247714198256 16.41329331941753 34.5
      vertex 47 16.26794919243112 34.5
    endloop
  endfacet
  facet normal 0.06540312923013841 0.9978589232386038 0
    outer loop
      vertex 47.738947615559894 16.017110277252378 28.5
      vertex 47.738947615559894 16.017110277252378 34.5
      vertex 48 16 28.5
    endloop
  endfacet
  facet normal -0.06540312923013841 0.9978589232386038 0
    outer loop
      vertex 48 16 28.5
      vertex 48 16 34.5
      vertex 48.261052384440106 16.017110277252378 28.5
    endloop
  endfacet
  facet normal 0.32143946530315676 0.9469301294951074 0
    outer loop
      vertex 47.23463313526982 16.152240934977428 28.5
      vertex 47.23463313526982 16.152240934977428 34.5
      vertex 47.48236190979496 16.068148347421864 28.5
    endloop
  endfacet
  facet normal 0.1950903220161393 0.9807852804032283 0
    outer loop
      vertex 47.48236190979496 16.068148347421864 28.5
      vertex 47.48236190979496 16.068148347421864 34.5
      vertex 47.738947615559894 16.017110277252378 28.5
    endloop
  endfacet
  facet normal -0.1950903220161393 0.9807852804032283 0
    outer loop
      vertex 48.261052384440106 16.017110277252378 28.5
      vertex 48.261052384440106 16.017110277252378 34.5
      vertex 48.51763809020504 16.068148347421864 28.5
    endloop
  endfacet
  facet normal -0.32143946530315676 0.9469301294951074 0
    outer loop
      vertex 48.51763809020504 16.068148347421864 28.5
      vertex 48.51763809020504 16.068148347421864 34.5
      vertex 48.76536686473018 16.152240934977428 28.5
    endloop
  endfacet
  facet normal -0.44228869021899825 0.8968727415326899 0
    outer loop
      vertex 48.76536686473018 16.152240934977428 28.5
      vertex 48.76536686473018 16.152240934977428 34.5
      vertex 49 16.26794919243112 28.5
    endloop
  endfacet
  facet normal -0.5555702330196105 0.8314696123025397 0
    outer loop
      vertex 49 16.26794919243112 28.5
      vertex 49 16.26794919243112 34.5
      vertex 49.21752285801744 16.41329331941753 28.5
    endloop
  endfacet
  facet normal -0.6593458151000674 0.7518398074789787 0
    outer loop
      vertex 49.21752285801744 16.41329331941753 28.5
      vertex 49.21752285801744 16.41329331941753 34.5
      vertex 49.41421356237309 16.585786437626904 28.5
    endloop
  endfacet
  facet normal 0.06540312923013841 0.9978589232386038 0
    outer loop
      vertex 48 16 28.5
      vertex 47.738947615559894 16.017110277252378 34.5
      vertex 48 16 34.5
    endloop
  endfacet
  facet normal -0.06540312923013841 0.9978589232386038 0
    outer loop
      vertex 48.261052384440106 16.017110277252378 28.5
      vertex 48 16 34.5
      vertex 48.261052384440106 16.017110277252378 34.5
    endloop
  endfacet
  facet normal 0.32143946530315676 0.9469301294951074 0
    outer loop
      vertex 47.48236190979496 16.068148347421864 28.5
      vertex 47.23463313526982 16.152240934977428 34.5
      vertex 47.48236190979496 16.068148347421864 34.5
    endloop
  endfacet
  facet normal 0.1950903220161393 0.9807852804032283 0
    outer loop
      vertex 47.738947615559894 16.017110277252378 28.5
      vertex 47.48236190979496 16.068148347421864 34.5
      vertex 47.738947615559894 16.017110277252378 34.5
    endloop
  endfacet
  facet normal -0.1950903220161393 0.9807852804032283 0
    outer loop
      vertex 48.51763809020504 16.068148347421864 28.5
      vertex 48.261052384440106 16.017110277252378 34.5
      vertex 48.51763809020504 16.068148347421864 34.5
    endloop
  endfacet
  facet normal -0.32143946530315676 0.9469301294951074 0
    outer loop
      vertex 48.76536686473018 16.152240934977428 28.5
      vertex 48.51763809020504 16.068148347421864 34.5
      vertex 48.76536686473018 16.152240934977428 34.5
    endloop
  endfacet
  facet normal -0.44228869021899825 0.8968727415326899 0
    outer loop
      vertex 49 16.26794919243112 28.5
      vertex 48.76536686473018 16.152240934977428 34.5
      vertex 49 16.26794919243112 34.5
    endloop
  endfacet
  facet normal -0.5555702330196105 0.8314696123025397 0
    outer loop
      vertex 49.21752285801744 16.41329331941753 28.5
      vertex 49 16.26794919243112 34.5
      vertex 49.21752285801744 16.41329331941753 34.5
    endloop
  endfacet
  facet normal 0 0 1
    outer loop
      vertex 47.23463313526982 16.152240934977428 28.5
      vertex 47.23463313526982 19.847759065022572 28.5
      vertex 47 16.26794919243112 28.5
    endloop
  endfacet
  facet normal 0 0 1
    outer loop
      vertex 46.267949192431125 17 28.5
      vertex 46.41329331941753 16.782477141982557 28.5
      vertex 46.41329331941753 19.217522858017443 28.5
    endloop
  endfacet
  facet normal 0 0 1
    outer loop
      vertex 46.58578643762691 16.585786437626904 28.5
      vertex 46.58578643762691 19.414213562373096 28.5
      vertex 46.41329331941753 16.782477141982557 28.5
    endloop
  endfacet
  facet normal 0 0 1
    outer loop
      vertex 46.15224093497743 17.23463313526982 28.5
      vertex 46.15224093497743 18.76536686473018 28.5
      vertex 46.06814834742186 17.48236190979496 28.5
    endloop
  endfacet
  facet normal 0 0 1
    outer loop
      vertex 46.267949192431125 17 28.5
      vertex 46.267949192431125 19 28.5
      vertex 46.15224093497743 17.23463313526982 28.5
    endloop
  endfacet
  facet normal 0 0 1
    outer loop
      vertex 46.58578643762691 16.585786437626904 28.5
      vertex 46.78247714198256 16.41329331941753 28.5
      vertex 46.78247714198256 19.58670668058247 28.5
    endloop
  endfacet
  facet normal 0 0 1
    outer loop
      vertex 46.78247714198256 16.41329331941753 28.5
      vertex 47 16.26794919243112 28.5
      vertex 47 19.73205080756888 28.5
    endloop
  endfacet
  facet normal 0 0 1
    outer loop
      vertex 46.01711027725238 17.738947615559898 28.5
      vertex 46.01711027725238 18.261052384440102 28.5
      vertex 46 18 28.5
    endloop
  endfacet
  facet normal 0 0 1
    outer loop
      vertex 46.06814834742186 17.48236190979496 28.5
      vertex 46.06814834742186 18.51763809020504 28.5
      vertex 46.01711027725238 17.738947615559898 28.5
    endloop
  endfacet
  facet normal 0 0 1
    outer loop
      vertex 46.01711027725238 17.738947615559898 28.5
      vertex 46.06814834742186 18.51763809020504 28.5
      vertex 46.01711027725238 18.261052384440102 28.5
    endloop
  endfacet
  facet normal 0 0 1
    outer loop
      vertex 46.06814834742186 17.48236190979496 28.5
      vertex 46.15224093497743 18.76536686473018 28.5
      vertex 46.06814834742186 18.51763809020504 28.5
    endloop
  endfacet
  facet normal 0 0 1
    outer loop
      vertex 46.15224093497743 17.23463313526982 28.5
      vertex 46.267949192431125 19 28.5
      vertex 46.15224093497743 18.76536686473018 28.5
    endloop
  endfacet
  facet normal 0 0 1
    outer loop
      vertex 46.267949192431125 17 28.5
      vertex 46.41329331941753 19.217522858017443 28.5
      vertex 46.267949192431125 19 28.5
    endloop
  endfacet
  facet normal 0 0 1
    outer loop
      vertex 46.41329331941753 16.782477141982557 28.5
      vertex 46.58578643762691 19.414213562373096 28.5
      vertex 46.41329331941753 19.217522858017443 28.5
    endloop
  endfacet
  facet normal 0 0 1
    outer loop
      vertex 46.58578643762691 16.585786437626904 28.5
      vertex 46.78247714198256 19.58670668058247 28.5
      vertex 46.58578643762691 19.414213562373096 28.5
    endloop
  endfacet
  facet normal 0 0 1
    outer loop
      vertex 46.78247714198256 16.41329331941753 28.5
      vertex 47 19.73205080756888 28.5
      vertex 46.78247714198256 19.58670668058247 28.5
    endloop
  endfacet
  facet normal 0 0 1
    outer loop
      vertex 47 16.26794919243112 28.5
      vertex 47.23463313526982 19.847759065022572 28.5
      vertex 47 19.73205080756888 28.5
    endloop
  endfacet
  facet normal 0.7518398074789652 0.6593458151000827 0
    outer loop
      vertex 46.58578643762691 16.585786437626904 28.5
      vertex 46.41329331941753 16.782477141982557 28.5
      vertex 46.41329331941753 16.782477141982557 34.5
    endloop
  endfacet
  facet normal 0.8314696123025563 0.5555702330195854 0
    outer loop
      vertex 46.267949192431125 17 28.5
      vertex 46.267949192431125 17 34.5
      vertex 46.41329331941753 16.782477141982557 28.5
    endloop
  endfacet
  facet normal 0.6593458151000674 0.7518398074789787 0
    outer loop
      vertex 46.58578643762691 16.585786437626904 28.5
      vertex 46.58578643762691 16.585786437626904 34.5
      vertex 46.78247714198256 16.41329331941753 28.5
    endloop
  endfacet
  facet normal 0.8968727415326871 0.44228869021900374 0
    outer loop
      vertex 46.267949192431125 17 28.5
      vertex 46.15224093497743 17.23463313526982 28.5
      vertex 46.15224093497743 17.23463313526982 34.5
    endloop
  endfacet
  facet normal 0.9469301294951017 0.321439465303173 0
    outer loop
      vertex 46.15224093497743 17.23463313526982 28.5
      vertex 46.06814834742186 17.48236190979496 28.5
      vertex 46.06814834742186 17.48236190979496 34.5
    endloop
  endfacet
  facet normal 0.9807852804032313 0.1950903220161236 0
    outer loop
      vertex 46.06814834742186 17.48236190979496 28.5
      vertex 46.01711027725238 17.738947615559898 28.5
      vertex 46.01711027725238 17.738947615559898 34.5
    endloop
  endfacet
  facet normal 0.9978589232386038 0.0654031292301393 0
    outer loop
      vertex 46.01711027725238 17.738947615559898 28.5
      vertex 46 18 28.5
      vertex 46 18 34.5
    endloop
  endfacet
  facet normal 0.9978589232386038 -0.0654031292301393 0
    outer loop
      vertex 46 18 28.5
      vertex 46.01711027725238 18.261052384440102 28.5
      vertex 46.01711027725238 18.261052384440102 34.5
    endloop
  endfacet
  facet normal 0.7518398074789652 0.6593458151000827 0
    outer loop
      vertex 46.58578643762691 16.585786437626904 28.5
      vertex 46.41329331941753 16.782477141982557 34.5
      vertex 46.58578643762691 16.585786437626904 34.5
    endloop
  endfacet
  facet normal 0.8314696123025563 0.5555702330195854 0
    outer loop
      vertex 46.41329331941753 16.782477141982557 28.5
      vertex 46.267949192431125 17 34.5
      vertex 46.41329331941753 16.782477141982557 34.5
    endloop
  endfacet
  facet normal 0.8968727415326871 0.44228869021900374 0
    outer loop
      vertex 46.267949192431125 17 28.5
      vertex 46.15224093497743 17.23463313526982 34.5
      vertex 46.267949192431125 17 34.5
    endloop
  endfacet
  facet normal 0.9469301294951017 0.321439465303173 0
    outer loop
      vertex 46.15224093497743 17.23463313526982 28.5
      vertex 46.06814834742186 17.48236190979496 34.5
      vertex 46.15224093497743 17.23463313526982 34.5
    endloop
  endfacet
  facet normal 0.9807852804032313 0.1950903220161236 0
    outer loop
      vertex 46.06814834742186 17.48236190979496 28.5
      vertex 46.01711027725238 17.738947615559898 34.5
      vertex 46.06814834742186 17.48236190979496 34.5
    endloop
  endfacet
  facet normal 0.9978589232386038 0.0654031292301393 0
    outer loop
      vertex 46.01711027725238 17.738947615559898 28.5
      vertex 46 18 34.5
      vertex 46.01711027725238 17.738947615559898 34.5
    endloop
  endfacet
  facet normal 0.9978589232386038 -0.0654031292301393 0
    outer loop
      vertex 46 18 28.5
      vertex 46.01711027725238 18.261052384440102 34.5
      vertex 46 18 34.5
    endloop
  endfacet
  facet normal 0.9807852804032313 -0.1950903220161236 0
    outer loop
      vertex 46.01711027725238 18.261052384440102 28.5
      vertex 46.06814834742186 18.51763809020504 34.5
      vertex 46.01711027725238 18.261052384440102 34.5
    endloop
  endfacet
  facet normal 0.9807852804032313 -0.1950903220161236 0
    outer loop
      vertex 46.01711027725238 18.261052384440102 28.5
      vertex 46.06814834742186 18.51763809020504 28.5
      vertex 46.06814834742186 18.51763809020504 34.5
    endloop
  endfacet
  facet normal 0.9469301294951017 -0.321439465303173 0
    outer loop
      vertex 46.06814834742186 18.51763809020504 28.5
      vertex 46.15224093497743 18.76536686473018 28.5
      vertex 46.15224093497743 18.76536686473018 34.5
    endloop
  endfacet
  facet normal 0.8968727415326871 -0.44228869021900374 0
    outer loop
      vertex 46.15224093497743 18.76536686473018 28.5
      vertex 46.267949192431125 19 28.5
      vertex 46.267949192431125 19 34.5
    endloop
  endfacet
  facet normal 0.8314696123025563 -0.5555702330195854 0
    outer loop
      vertex 46.267949192431125 19 28.5
      vertex 46.41329331941753 19.217522858017443 28.5
      vertex 46.41329331941753 19.217522858017443 34.5
    endloop
  endfacet
  facet normal 0.7518398074789652 -0.6593458151000827 0
    outer loop
      vertex 46.41329331941753 19.217522858017443 28.5
      vertex 46.58578643762691 19.414213562373096 28.5
      vertex 46.58578643762691 19.414213562373096 34.5
    endloop
  endfacet
  facet normal 0.6593458151000674 -0.7518398074789787 0
    outer loop
      vertex 46.58578643762691 19.414213562373096 28.5
      vertex 46.78247714198256 19.58670668058247 28.5
      vertex 46.78247714198256 19.58670668058247 34.5
    endloop
  endfacet
  facet normal 0.5555702330196105 -0.8314696123025397 0
    outer loop
      vertex 46.78247714198256 19.58670668058247 28.5
      vertex 47 19.73205080756888 28.5
      vertex 47 19.73205080756888 34.5
    endloop
  endfacet
  facet normal 0.44228869021899825 -0.8968727415326899 0
    outer loop
      vertex 47 19.73205080756888 28.5
      vertex 47.23463313526982 19.847759065022572 28.5
      vertex 47.23463313526982 19.847759065022572 34.5
    endloop
  endfacet
  facet normal 0.9469301294951017 -0.321439465303173 0
    outer loop
      vertex 46.06814834742186 18.51763809020504 28.5
      vertex 46.15224093497743 18.76536686473018 34.5
      vertex 46.06814834742186 18.51763809020504 34.5
    endloop
  endfacet
  facet normal 0.8968727415326871 -0.44228869021900374 0
    outer loop
      vertex 46.15224093497743 18.76536686473018 28.5
      vertex 46.267949192431125 19 34.5
      vertex 46.15224093497743 18.76536686473018 34.5
    endloop
  endfacet
  facet normal 0.8314696123025563 -0.5555702330195854 0
    outer loop
      vertex 46.267949192431125 19 28.5
      vertex 46.41329331941753 19.217522858017443 34.5
      vertex 46.267949192431125 19 34.5
    endloop
  endfacet
  facet normal 0.7518398074789652 -0.6593458151000827 0
    outer loop
      vertex 46.41329331941753 19.217522858017443 28.5
      vertex 46.58578643762691 19.414213562373096 34.5
      vertex 46.41329331941753 19.217522858017443 34.5
    endloop
  endfacet
  facet normal 0.6593458151000674 -0.7518398074789787 0
    outer loop
      vertex 46.58578643762691 19.414213562373096 28.5
      vertex 46.78247714198256 19.58670668058247 34.5
      vertex 46.58578643762691 19.414213562373096 34.5
    endloop
  endfacet
  facet normal 0.5555702330196105 -0.8314696123025397 0
    outer loop
      vertex 46.78247714198256 19.58670668058247 28.5
      vertex 47 19.73205080756888 34.5
      vertex 46.78247714198256 19.58670668058247 34.5
    endloop
  endfacet
  facet normal 0.44228869021899825 -0.8968727415326899 0
    outer loop
      vertex 47 19.73205080756888 28.5
      vertex 47.23463313526982 19.847759065022572 34.5
      vertex 47 19.73205080756888 34.5
    endloop
  endfacet
  facet normal 0 0 1
    outer loop
      vertex 47.23463313526982 16.152240934977428 28.5
      vertex 47.48236190979496 16.068148347421864 28.5
      vertex 47.48236190979496 19.931851652578136 28.5
    endloop
  endfacet
  facet normal 0 0 1
    outer loop
      vertex 47.48236190979496 16.068148347421864 28.5
      vertex 47.738947615559894 16.017110277252378 28.5
      vertex 47.738947615559894 19.982889722747622 28.5
    endloop
  endfacet
  facet normal 0 0 1
    outer loop
      vertex 47.738947615559894 16.017110277252378 28.5
      vertex 48 16 28.5
      vertex 48 20 28.5
    endloop
  endfacet
  facet normal 0 0 1
    outer loop
      vertex 48 16 28.5
      vertex 48.261052384440106 16.017110277252378 28.5
      vertex 48.261052384440106 19.982889722747622 28.5
    endloop
  endfacet
  facet normal 0 0 1
    outer loop
      vertex 48.261052384440106 16.017110277252378 28.5
      vertex 48.51763809020504 16.068148347421864 28.5
      vertex 48.51763809020504 19.931851652578136 28.5
    endloop
  endfacet
  facet normal 0 0 1
    outer loop
      vertex 48.51763809020504 16.068148347421864 28.5
      vertex 48.76536686473018 16.152240934977428 28.5
      vertex 48.76536686473018 19.847759065022572 28.5
    endloop
  endfacet
  facet normal 0 0 1
    outer loop
      vertex 48.76536686473018 16.152240934977428 28.5
      vertex 49 16.26794919243112 28.5
      vertex 49 19.73205080756888 28.5
    endloop
  endfacet
  facet normal 0 0 1
    outer loop
      vertex 49 16.26794919243112 28.5
      vertex 49.21752285801744 16.41329331941753 28.5
      vertex 49.21752285801744 19.58670668058247 28.5
    endloop
  endfacet
  facet normal 0 0 1
    outer loop
      vertex 49.21752285801744 16.41329331941753 28.5
      vertex 49.41421356237309 16.585786437626904 28.5
      vertex 49.41421356237309 19.414213562373096 28.5
    endloop
  endfacet
  facet normal 0 0 1
    outer loop
      vertex 49.41421356237309 16.585786437626904 28.5
      vertex 49.58670668058247 16.782477141982557 28.5
      vertex 49.58670668058247 19.217522858017443 28.5
    endloop
  endfacet
  facet normal 0 0 1
    outer loop
      vertex 49.58670668058247 16.782477141982557 28.5
      vertex 49.732050807568875 17 28.5
      vertex 49.732050807568875 19 28.5
    endloop
  endfacet
  facet normal 0 0 1
    outer loop
      vertex 49.732050807568875 17 28.5
      vertex 49.84775906502257 17.23463313526982 28.5
      vertex 49.84775906502257 18.76536686473018 28.5
    endloop
  endfacet
  facet normal 0 0 1
    outer loop
      vertex 49.84775906502257 17.23463313526982 28.5
      vertex 49.93185165257814 17.48236190979496 28.5
      vertex 49.93185165257814 18.51763809020504 28.5
    endloop
  endfacet
  facet normal 0 0 1
    outer loop
      vertex 49.93185165257814 17.48236190979496 28.5
      vertex 49.98288972274762 17.738947615559898 28.5
      vertex 49.98288972274762 18.261052384440102 28.5
    endloop
  endfacet
  facet normal 0 0 1
    outer loop
      vertex 49.98288972274762 17.738947615559898 28.5
      vertex 50 18 28.5
      vertex 49.98288972274762 18.261052384440102 28.5
    endloop
  endfacet
  facet normal 0 0 1
    outer loop
      vertex 49.93185165257814 17.48236190979496 28.5
      vertex 49.98288972274762 18.261052384440102 28.5
      vertex 49.93185165257814 18.51763809020504 28.5
    endloop
  endfacet
  facet normal 0 0 1
    outer loop
      vertex 49.58670668058247 16.782477141982557 28.5
      vertex 49.732050807568875 19 28.5
      vertex 49.58670668058247 19.217522858017443 28.5
    endloop
  endfacet
  facet normal 0 0 1
    outer loop
      vertex 49.84775906502257 17.23463313526982 28.5
      vertex 49.93185165257814 18.51763809020504 28.5
      vertex 49.84775906502257 18.76536686473018 28.5
    endloop
  endfacet
  facet normal 0 0 1
    outer loop
      vertex 49.732050807568875 17 28.5
      vertex 49.84775906502257 18.76536686473018 28.5
      vertex 49.732050807568875 19 28.5
    endloop
  endfacet
  facet normal 0 0 1
    outer loop
      vertex 47.23463313526982 16.152240934977428 28.5
      vertex 47.48236190979496 19.931851652578136 28.5
      vertex 47.23463313526982 19.847759065022572 28.5
    endloop
  endfacet
  facet normal 0 0 1
    outer loop
      vertex 47.48236190979496 16.068148347421864 28.5
      vertex 47.738947615559894 19.982889722747622 28.5
      vertex 47.48236190979496 19.931851652578136 28.5
    endloop
  endfacet
  facet normal 0 0 1
    outer loop
      vertex 47.738947615559894 16.017110277252378 28.5
      vertex 48 20 28.5
      vertex 47.738947615559894 19.982889722747622 28.5
    endloop
  endfacet
  facet normal 0 0 1
    outer loop
      vertex 48 16 28.5
      vertex 48.261052384440106 19.982889722747622 28.5
      vertex 48 20 28.5
    endloop
  endfacet
  facet normal 0 0 1
    outer loop
      vertex 48.261052384440106 16.017110277252378 28.5
      vertex 48.51763809020504 19.931851652578136 28.5
      vertex 48.261052384440106 19.982889722747622 28.5
    endloop
  endfacet
  facet normal 0 0 1
    outer loop
      vertex 48.51763809020504 16.068148347421864 28.5
      vertex 48.76536686473018 19.847759065022572 28.5
      vertex 48.51763809020504 19.931851652578136 28.5
    endloop
  endfacet
  facet normal 0 0 1
    outer loop
      vertex 48.76536686473018 16.152240934977428 28.5
      vertex 49 19.73205080756888 28.5
      vertex 48.76536686473018 19.847759065022572 28.5
    endloop
  endfacet
  facet normal 0 0 1
    outer loop
      vertex 49.21752285801744 16.41329331941753 28.5
      vertex 49.41421356237309 19.414213562373096 28.5
      vertex 49.21752285801744 19.58670668058247 28.5
    endloop
  endfacet
  facet normal 0 0 1
    outer loop
      vertex 49 16.26794919243112 28.5
      vertex 49.21752285801744 19.58670668058247 28.5
      vertex 49 19.73205080756888 28.5
    endloop
  endfacet
  facet normal 0 0 1
    outer loop
      vertex 49.41421356237309 16.585786437626904 28.5
      vertex 49.58670668058247 19.217522858017443 28.5
      vertex 49.41421356237309 19.414213562373096 28.5
    endloop
  endfacet
  facet normal -0.7518398074789652 0.6593458151000827 0
    outer loop
      vertex 49.41421356237309 16.585786437626904 28.5
      vertex 49.41421356237309 16.585786437626904 34.5
      vertex 49.58670668058247 16.782477141982557 28.5
    endloop
  endfacet
  facet normal -0.8314696123025563 0.5555702330195854 0
    outer loop
      vertex 49.58670668058247 16.782477141982557 28.5
      vertex 49.58670668058247 16.782477141982557 34.5
      vertex 49.732050807568875 17 28.5
    endloop
  endfacet
  facet normal -0.8968727415326871 0.44228869021900374 0
    outer loop
      vertex 49.732050807568875 17 28.5
      vertex 49.732050807568875 17 34.5
      vertex 49.84775906502257 17.23463313526982 28.5
    endloop
  endfacet
  facet normal -0.9469301294951017 0.321439465303173 0
    outer loop
      vertex 49.84775906502257 17.23463313526982 28.5
      vertex 49.84775906502257 17.23463313526982 34.5
      vertex 49.93185165257814 17.48236190979496 28.5
    endloop
  endfacet
  facet normal -0.9807852804032313 0.1950903220161236 0
    outer loop
      vertex 49.93185165257814 17.48236190979496 28.5
      vertex 49.93185165257814 17.48236190979496 34.5
      vertex 49.98288972274762 17.738947615559898 28.5
    endloop
  endfacet
  facet normal -0.9978589232386038 0.0654031292301393 0
    outer loop
      vertex 49.98288972274762 17.738947615559898 28.5
      vertex 49.98288972274762 17.738947615559898 34.5
      vertex 50 18 28.5
    endloop
  endfacet
  facet normal -0.9978589232386038 -0.0654031292301393 0
    outer loop
      vertex 50 18 28.5
      vertex 50 18 34.5
      vertex 49.98288972274762 18.261052384440102 28.5
    endloop
  endfacet
  facet normal -0.9807852804032313 -0.1950903220161236 0
    outer loop
      vertex 49.93185165257814 18.51763809020504 28.5
      vertex 49.98288972274762 18.261052384440102 28.5
      vertex 49.98288972274762 18.261052384440102 34.5
    endloop
  endfacet
  facet normal -0.6593458151000674 0.7518398074789787 0
    outer loop
      vertex 49.41421356237309 16.585786437626904 28.5
      vertex 49.21752285801744 16.41329331941753 34.5
      vertex 49.41421356237309 16.585786437626904 34.5
    endloop
  endfacet
  facet normal -0.7518398074789652 0.6593458151000827 0
    outer loop
      vertex 49.58670668058247 16.782477141982557 28.5
      vertex 49.41421356237309 16.585786437626904 34.5
      vertex 49.58670668058247 16.782477141982557 34.5
    endloop
  endfacet
  facet normal -0.8314696123025563 0.5555702330195854 0
    outer loop
      vertex 49.732050807568875 17 28.5
      vertex 49.58670668058247 16.782477141982557 34.5
      vertex 49.732050807568875 17 34.5
    endloop
  endfacet
  facet normal -0.8968727415326871 0.44228869021900374 0
    outer loop
      vertex 49.84775906502257 17.23463313526982 28.5
      vertex 49.732050807568875 17 34.5
      vertex 49.84775906502257 17.23463313526982 34.5
    endloop
  endfacet
  facet normal -0.9469301294951017 0.321439465303173 0
    outer loop
      vertex 49.93185165257814 17.48236190979496 28.5
      vertex 49.84775906502257 17.23463313526982 34.5
      vertex 49.93185165257814 17.48236190979496 34.5
    endloop
  endfacet
  facet normal -0.9807852804032313 0.1950903220161236 0
    outer loop
      vertex 49.98288972274762 17.738947615559898 28.5
      vertex 49.93185165257814 17.48236190979496 34.5
      vertex 49.98288972274762 17.738947615559898 34.5
    endloop
  endfacet
  facet normal -0.9978589232386038 0.0654031292301393 0
    outer loop
      vertex 50 18 28.5
      vertex 49.98288972274762 17.738947615559898 34.5
      vertex 50 18 34.5
    endloop
  endfacet
  facet normal -0.9978589232386038 -0.0654031292301393 0
    outer loop
      vertex 49.98288972274762 18.261052384440102 28.5
      vertex 50 18 34.5
      vertex 49.98288972274762 18.261052384440102 34.5
    endloop
  endfacet
  facet normal -0.9469301294951017 -0.321439465303173 0
    outer loop
      vertex 49.93185165257814 18.51763809020504 28.5
      vertex 49.93185165257814 18.51763809020504 34.5
      vertex 49.84775906502257 18.76536686473018 28.5
    endloop
  endfacet
  facet normal -0.8968727415326871 -0.44228869021900374 0
    outer loop
      vertex 49.84775906502257 18.76536686473018 28.5
      vertex 49.84775906502257 18.76536686473018 34.5
      vertex 49.732050807568875 19 28.5
    endloop
  endfacet
  facet normal -0.8314696123025563 -0.5555702330195854 0
    outer loop
      vertex 49.58670668058247 19.217522858017443 28.5
      vertex 49.732050807568875 19 28.5
      vertex 49.732050807568875 19 34.5
    endloop
  endfacet
  facet normal -0.7518398074789652 -0.6593458151000827 0
    outer loop
      vertex 49.58670668058247 19.217522858017443 28.5
      vertex 49.58670668058247 19.217522858017443 34.5
      vertex 49.41421356237309 19.414213562373096 28.5
    endloop
  endfacet
  facet normal 0.32143946530315676 -0.9469301294951074 0
    outer loop
      vertex 47.23463313526982 19.847759065022572 28.5
      vertex 47.48236190979496 19.931851652578136 28.5
      vertex 47.48236190979496 19.931851652578136 34.5
    endloop
  endfacet
  facet normal 0.1950903220161393 -0.9807852804032283 0
    outer loop
      vertex 47.48236190979496 19.931851652578136 28.5
      vertex 47.738947615559894 19.982889722747622 28.5
      vertex 47.738947615559894 19.982889722747622 34.5
    endloop
  endfacet
  facet normal 0.06540312923013841 -0.9978589232386038 0
    outer loop
      vertex 47.738947615559894 19.982889722747622 28.5
      vertex 48 20 28.5
      vertex 48 20 34.5
    endloop
  endfacet
  facet normal -0.06540312923013841 -0.9978589232386038 0
    outer loop
      vertex 48 20 28.5
      vertex 48.261052384440106 19.982889722747622 28.5
      vertex 48.261052384440106 19.982889722747622 34.5
    endloop
  endfacet
  facet normal -0.1950903220161393 -0.9807852804032283 0
    outer loop
      vertex 48.261052384440106 19.982889722747622 28.5
      vertex 48.51763809020504 19.931851652578136 28.5
      vertex 48.51763809020504 19.931851652578136 34.5
    endloop
  endfacet
  facet normal -0.6593458151000674 -0.7518398074789787 0
    outer loop
      vertex 49.21752285801744 19.58670668058247 28.5
      vertex 49.41421356237309 19.414213562373096 28.5
      vertex 49.41421356237309 19.414213562373096 34.5
    endloop
  endfacet
  facet normal -0.44228869021899825 -0.8968727415326899 0
    outer loop
      vertex 49 19.73205080756888 28.5
      vertex 49 19.73205080756888 34.5
      vertex 48.76536686473018 19.847759065022572 28.5
    endloop
  endfacet
  facet normal -0.5555702330196105 -0.8314696123025397 0
    outer loop
      vertex 49 19.73205080756888 28.5
      vertex 49.21752285801744 19.58670668058247 28.5
      vertex 49.21752285801744 19.58670668058247 34.5
    endloop
  endfacet
  facet normal -0.32143946530315676 -0.9469301294951074 0
    outer loop
      vertex 48.51763809020504 19.931851652578136 28.5
      vertex 48.76536686473018 19.847759065022572 28.5
      vertex 48.76536686473018 19.847759065022572 34.5
    endloop
  endfacet
  facet normal -0.9807852804032313 -0.1950903220161236 0
    outer loop
      vertex 49.93185165257814 18.51763809020504 28.5
      vertex 49.98288972274762 18.261052384440102 34.5
      vertex 49.93185165257814 18.51763809020504 34.5
    endloop
  endfacet
  facet normal -0.9469301294951017 -0.321439465303173 0
    outer loop
      vertex 49.84775906502257 18.76536686473018 28.5
      vertex 49.93185165257814 18.51763809020504 34.5
      vertex 49.84775906502257 18.76536686473018 34.5
    endloop
  endfacet
  facet normal -0.8968727415326871 -0.44228869021900374 0
    outer loop
      vertex 49.732050807568875 19 28.5
      vertex 49.84775906502257 18.76536686473018 34.5
      vertex 49.732050807568875 19 34.5
    endloop
  endfacet
  facet normal -0.8314696123025563 -0.5555702330195854 0
    outer loop
      vertex 49.58670668058247 19.217522858017443 28.5
      vertex 49.732050807568875 19 34.5
      vertex 49.58670668058247 19.217522858017443 34.5
    endloop
  endfacet
  facet normal 0.32143946530315676 -0.9469301294951074 0
    outer loop
      vertex 47.23463313526982 19.847759065022572 28.5
      vertex 47.48236190979496 19.931851652578136 34.5
      vertex 47.23463313526982 19.847759065022572 34.5
    endloop
  endfacet
  facet normal 0.1950903220161393 -0.9807852804032283 0
    outer loop
      vertex 47.48236190979496 19.931851652578136 28.5
      vertex 47.738947615559894 19.982889722747622 34.5
      vertex 47.48236190979496 19.931851652578136 34.5
    endloop
  endfacet
  facet normal 0.06540312923013841 -0.9978589232386038 0
    outer loop
      vertex 47.738947615559894 19.982889722747622 28.5
      vertex 48 20 34.5
      vertex 47.738947615559894 19.982889722747622 34.5
    endloop
  endfacet
  facet normal -0.06540312923013841 -0.9978589232386038 0
    outer loop
      vertex 48 20 28.5
      vertex 48.261052384440106 19.982889722747622 34.5
      vertex 48 20 34.5
    endloop
  endfacet
  facet normal -0.1950903220161393 -0.9807852804032283 0
    outer loop
      vertex 48.261052384440106 19.982889722747622 28.5
      vertex 48.51763809020504 19.931851652578136 34.5
      vertex 48.261052384440106 19.982889722747622 34.5
    endloop
  endfacet
  facet normal -0.32143946530315676 -0.9469301294951074 0
    outer loop
      vertex 48.51763809020504 19.931851652578136 28.5
      vertex 48.76536686473018 19.847759065022572 34.5
      vertex 48.51763809020504 19.931851652578136 34.5
    endloop
  endfacet
  facet normal -0.6593458151000674 -0.7518398074789787 0
    outer loop
      vertex 49.21752285801744 19.58670668058247 28.5
      vertex 49.41421356237309 19.414213562373096 34.5
      vertex 49.21752285801744 19.58670668058247 34.5
    endloop
  endfacet
  facet normal -0.5555702330196105 -0.8314696123025397 0
    outer loop
      vertex 49 19.73205080756888 28.5
      vertex 49.21752285801744 19.58670668058247 34.5
      vertex 49 19.73205080756888 34.5
    endloop
  endfacet
  facet normal -0.7518398074789652 -0.6593458151000827 0
    outer loop
      vertex 49.41421356237309 19.414213562373096 28.5
      vertex 49.58670668058247 19.217522858017443 34.5
      vertex 49.41421356237309 19.414213562373096 34.5
    endloop
  endfacet
  facet normal -0.44228869021899825 -0.8968727415326899 0
    outer loop
      vertex 48.76536686473018 19.847759065022572 28.5
      vertex 49 19.73205080756888 34.5
      vertex 48.76536686473018 19.847759065022572 34.5
    endloop
  endfacet
  facet normal 0.3214394653031609 0.9469301294951059 0
    outer loop
      vertex 23.23463313526982 16.152240934977428 28.5
      vertex 23.23463313526982 16.152240934977428 34.5
      vertex 23.48236190979496 16.068148347421864 28.5
    endloop
  endfacet
  facet normal 0.44228869021899286 0.8968727415326926 0
    outer loop
      vertex 23.23463313526982 16.152240934977428 28.5
      vertex 23 16.26794919243112 28.5
      vertex 23 16.26794919243112 34.5
    endloop
  endfacet
  facet normal 0.5555702330196042 0.8314696123025439 0
    outer loop
      vertex 22.782477141982557 16.41329331941753 28.5
      vertex 22.782477141982557 16.41329331941753 34.5
      vertex 23 16.26794919243112 28.5
    endloop
  endfacet
  facet normal 0.0654031292301393 0.9978589232386038 0
    outer loop
      vertex 23.738947615559898 16.017110277252378 28.5
      vertex 23.738947615559898 16.017110277252378 34.5
      vertex 24 16 28.5
    endloop
  endfacet
  facet normal -0.0654031292301393 0.9978589232386038 0
    outer loop
      vertex 24 16 28.5
      vertex 24 16 34.5
      vertex 24.261052384440102 16.017110277252378 28.5
    endloop
  endfacet
  facet normal 0.19509032201613669 0.9807852804032289 0
    outer loop
      vertex 23.48236190979496 16.068148347421864 28.5
      vertex 23.48236190979496 16.068148347421864 34.5
      vertex 23.738947615559898 16.017110277252378 28.5
    endloop
  endfacet
  facet normal -0.19509032201613669 0.9807852804032289 0
    outer loop
      vertex 24.261052384440102 16.017110277252378 28.5
      vertex 24.261052384440102 16.017110277252378 34.5
      vertex 24.51763809020504 16.068148347421864 28.5
    endloop
  endfacet
  facet normal -0.3214394653031609 0.9469301294951059 0
    outer loop
      vertex 24.51763809020504 16.068148347421864 28.5
      vertex 24.51763809020504 16.068148347421864 34.5
      vertex 24.76536686473018 16.152240934977428 28.5
    endloop
  endfacet
  facet normal 0.44228869021899286 0.8968727415326926 0
    outer loop
      vertex 23.23463313526982 16.152240934977428 28.5
      vertex 23 16.26794919243112 34.5
      vertex 23.23463313526982 16.152240934977428 34.5
    endloop
  endfacet
  facet normal 0.5555702330196042 0.8314696123025439 0
    outer loop
      vertex 23 16.26794919243112 28.5
      vertex 22.782477141982557 16.41329331941753 34.5
      vertex 23 16.26794919243112 34.5
    endloop
  endfacet
  facet normal 0.6593458151000674 0.7518398074789787 0
    outer loop
      vertex 22.782477141982557 16.41329331941753 28.5
      vertex 22.585786437626904 16.585786437626904 34.5
      vertex 22.782477141982557 16.41329331941753 34.5
    endloop
  endfacet
  facet normal 0.0654031292301393 0.9978589232386038 0
    outer loop
      vertex 24 16 28.5
      vertex 23.738947615559898 16.017110277252378 34.5
      vertex 24 16 34.5
    endloop
  endfacet
  facet normal -0.0654031292301393 0.9978589232386038 0
    outer loop
      vertex 24.261052384440102 16.017110277252378 28.5
      vertex 24 16 34.5
      vertex 24.261052384440102 16.017110277252378 34.5
    endloop
  endfacet
  facet normal 0.3214394653031609 0.9469301294951059 0
    outer loop
      vertex 23.48236190979496 16.068148347421864 28.5
      vertex 23.23463313526982 16.152240934977428 34.5
      vertex 23.48236190979496 16.068148347421864 34.5
    endloop
  endfacet
  facet normal 0.19509032201613669 0.9807852804032289 0
    outer loop
      vertex 23.738947615559898 16.017110277252378 28.5
      vertex 23.48236190979496 16.068148347421864 34.5
      vertex 23.738947615559898 16.017110277252378 34.5
    endloop
  endfacet
  facet normal -0.19509032201613669 0.9807852804032289 0
    outer loop
      vertex 24.51763809020504 16.068148347421864 28.5
      vertex 24.261052384440102 16.017110277252378 34.5
      vertex 24.51763809020504 16.068148347421864 34.5
    endloop
  endfacet
  facet normal -0.3214394653031609 0.9469301294951059 0
    outer loop
      vertex 24.76536686473018 16.152240934977428 28.5
      vertex 24.51763809020504 16.068148347421864 34.5
      vertex 24.76536686473018 16.152240934977428 34.5
    endloop
  endfacet
  facet normal -0.44228869021899286 0.8968727415326926 0
    outer loop
      vertex 24.76536686473018 16.152240934977428 28.5
      vertex 24.76536686473018 16.152240934977428 34.5
      vertex 25 16.26794919243112 28.5
    endloop
  endfacet
  facet normal -0.5555702330196042 0.8314696123025439 0
    outer loop
      vertex 25 16.26794919243112 28.5
      vertex 25 16.26794919243112 34.5
      vertex 25.217522858017443 16.41329331941753 28.5
    endloop
  endfacet
  facet normal -0.6593458151000674 0.7518398074789787 0
    outer loop
      vertex 25.217522858017443 16.41329331941753 28.5
      vertex 25.217522858017443 16.41329331941753 34.5
      vertex 25.414213562373096 16.585786437626904 28.5
    endloop
  endfacet
  facet normal -0.44228869021899286 0.8968727415326926 0
    outer loop
      vertex 25 16.26794919243112 28.5
      vertex 24.76536686473018 16.152240934977428 34.5
      vertex 25 16.26794919243112 34.5
    endloop
  endfacet
  facet normal -0.5555702330196042 0.8314696123025439 0
    outer loop
      vertex 25.217522858017443 16.41329331941753 28.5
      vertex 25 16.26794919243112 34.5
      vertex 25.217522858017443 16.41329331941753 34.5
    endloop
  endfacet
  facet normal 0 0 1
    outer loop
      vertex 23.23463313526982 16.152240934977428 28.5
      vertex 23.23463313526982 19.847759065022572 28.5
      vertex 23 16.26794919243112 28.5
    endloop
  endfacet
  facet normal 0 0 1
    outer loop
      vertex 23.23463313526982 16.152240934977428 28.5
      vertex 23.48236190979496 16.068148347421864 28.5
      vertex 23.48236190979496 19.931851652578136 28.5
    endloop
  endfacet
  facet normal 0 0 1
    outer loop
      vertex 23.48236190979496 16.068148347421864 28.5
      vertex 23.738947615559898 16.017110277252378 28.5
      vertex 23.738947615559898 19.982889722747622 28.5
    endloop
  endfacet
  facet normal 0 0 1
    outer loop
      vertex 23.738947615559898 16.017110277252378 28.5
      vertex 24 16 28.5
      vertex 24 20 28.5
    endloop
  endfacet
  facet normal 0 0 1
    outer loop
      vertex 24 16 28.5
      vertex 24.261052384440102 16.017110277252378 28.5
      vertex 24.261052384440102 19.982889722747622 28.5
    endloop
  endfacet
  facet normal 0 0 1
    outer loop
      vertex 24.261052384440102 16.017110277252378 28.5
      vertex 24.51763809020504 16.068148347421864 28.5
      vertex 24.51763809020504 19.931851652578136 28.5
    endloop
  endfacet
  facet normal 0 0 1
    outer loop
      vertex 24.51763809020504 16.068148347421864 28.5
      vertex 24.76536686473018 16.152240934977428 28.5
      vertex 24.76536686473018 19.847759065022572 28.5
    endloop
  endfacet
  facet normal 0 0 1
    outer loop
      vertex 22.26794919243112 17 28.5
      vertex 22.41329331941753 16.782477141982557 28.5
      vertex 22.41329331941753 19.217522858017443 28.5
    endloop
  endfacet
  facet normal 0 0 1
    outer loop
      vertex 22.585786437626904 16.585786437626904 28.5
      vertex 22.585786437626904 19.414213562373096 28.5
      vertex 22.41329331941753 16.782477141982557 28.5
    endloop
  endfacet
  facet normal 0 0 1
    outer loop
      vertex 22.26794919243112 17 28.5
      vertex 22.26794919243112 19 28.5
      vertex 22.152240934977428 17.23463313526982 28.5
    endloop
  endfacet
  facet normal 0 0 1
    outer loop
      vertex 22.152240934977428 17.23463313526982 28.5
      vertex 22.152240934977428 18.76536686473018 28.5
      vertex 22.068148347421864 17.48236190979496 28.5
    endloop
  endfacet
  facet normal 0 0 1
    outer loop
      vertex 22.585786437626904 16.585786437626904 28.5
      vertex 22.782477141982557 16.41329331941753 28.5
      vertex 22.782477141982557 19.58670668058247 28.5
    endloop
  endfacet
  facet normal 0 0 1
    outer loop
      vertex 22.782477141982557 16.41329331941753 28.5
      vertex 23 16.26794919243112 28.5
      vertex 23 19.73205080756888 28.5
    endloop
  endfacet
  facet normal 0 0 1
    outer loop
      vertex 22.068148347421864 17.48236190979496 28.5
      vertex 22.068148347421864 18.51763809020504 28.5
      vertex 22.017110277252378 17.738947615559898 28.5
    endloop
  endfacet
  facet normal 0 0 1
    outer loop
      vertex 22.017110277252378 17.738947615559898 28.5
      vertex 22.017110277252378 18.261052384440102 28.5
      vertex 22 18 28.5
    endloop
  endfacet
  facet normal 0 0 1
    outer loop
      vertex 22.017110277252378 17.738947615559898 28.5
      vertex 22.068148347421864 18.51763809020504 28.5
      vertex 22.017110277252378 18.261052384440102 28.5
    endloop
  endfacet
  facet normal 0 0 1
    outer loop
      vertex 22.068148347421864 17.48236190979496 28.5
      vertex 22.152240934977428 18.76536686473018 28.5
      vertex 22.068148347421864 18.51763809020504 28.5
    endloop
  endfacet
  facet normal 0 0 1
    outer loop
      vertex 22.152240934977428 17.23463313526982 28.5
      vertex 22.26794919243112 19 28.5
      vertex 22.152240934977428 18.76536686473018 28.5
    endloop
  endfacet
  facet normal 0 0 1
    outer loop
      vertex 22.26794919243112 17 28.5
      vertex 22.41329331941753 19.217522858017443 28.5
      vertex 22.26794919243112 19 28.5
    endloop
  endfacet
  facet normal 0 0 1
    outer loop
      vertex 22.41329331941753 16.782477141982557 28.5
      vertex 22.585786437626904 19.414213562373096 28.5
      vertex 22.41329331941753 19.217522858017443 28.5
    endloop
  endfacet
  facet normal 0 0 1
    outer loop
      vertex 22.585786437626904 16.585786437626904 28.5
      vertex 22.782477141982557 19.58670668058247 28.5
      vertex 22.585786437626904 19.414213562373096 28.5
    endloop
  endfacet
  facet normal 0 0 1
    outer loop
      vertex 22.782477141982557 16.41329331941753 28.5
      vertex 23 19.73205080756888 28.5
      vertex 22.782477141982557 19.58670668058247 28.5
    endloop
  endfacet
  facet normal 0 0 1
    outer loop
      vertex 23 16.26794919243112 28.5
      vertex 23.23463313526982 19.847759065022572 28.5
      vertex 23 19.73205080756888 28.5
    endloop
  endfacet
  facet normal 0 0 1
    outer loop
      vertex 23.23463313526982 16.152240934977428 28.5
      vertex 23.48236190979496 19.931851652578136 28.5
      vertex 23.23463313526982 19.847759065022572 28.5
    endloop
  endfacet
  facet normal 0 0 1
    outer loop
      vertex 23.48236190979496 16.068148347421864 28.5
      vertex 23.738947615559898 19.982889722747622 28.5
      vertex 23.48236190979496 19.931851652578136 28.5
    endloop
  endfacet
  facet normal 0 0 1
    outer loop
      vertex 23.738947615559898 16.017110277252378 28.5
      vertex 24 20 28.5
      vertex 23.738947615559898 19.982889722747622 28.5
    endloop
  endfacet
  facet normal 0 0 1
    outer loop
      vertex 24 16 28.5
      vertex 24.261052384440102 19.982889722747622 28.5
      vertex 24 20 28.5
    endloop
  endfacet
  facet normal 0 0 1
    outer loop
      vertex 24.261052384440102 16.017110277252378 28.5
      vertex 24.51763809020504 19.931851652578136 28.5
      vertex 24.261052384440102 19.982889722747622 28.5
    endloop
  endfacet
  facet normal 0 0 1
    outer loop
      vertex 24.51763809020504 16.068148347421864 28.5
      vertex 24.76536686473018 19.847759065022572 28.5
      vertex 24.51763809020504 19.931851652578136 28.5
    endloop
  endfacet
  facet normal 0.7518398074789787 0.6593458151000674 0
    outer loop
      vertex 22.585786437626904 16.585786437626904 28.5
      vertex 22.41329331941753 16.782477141982557 28.5
      vertex 22.41329331941753 16.782477141982557 34.5
    endloop
  endfacet
  facet normal 0.8314696123025439 0.5555702330196042 0
    outer loop
      vertex 22.26794919243112 17 28.5
      vertex 22.26794919243112 17 34.5
      vertex 22.41329331941753 16.782477141982557 28.5
    endloop
  endfacet
  facet normal 0.6593458151000674 0.7518398074789787 0
    outer loop
      vertex 22.585786437626904 16.585786437626904 28.5
      vertex 22.585786437626904 16.585786437626904 34.5
      vertex 22.782477141982557 16.41329331941753 28.5
    endloop
  endfacet
  facet normal 0.8968727415326926 0.44228869021899286 0
    outer loop
      vertex 22.26794919243112 17 28.5
      vertex 22.152240934977428 17.23463313526982 28.5
      vertex 22.152240934977428 17.23463313526982 34.5
    endloop
  endfacet
  facet normal 0.9469301294951059 0.3214394653031609 0
    outer loop
      vertex 22.152240934977428 17.23463313526982 28.5
      vertex 22.068148347421864 17.48236190979496 28.5
      vertex 22.068148347421864 17.48236190979496 34.5
    endloop
  endfacet
  facet normal 0.9807852804032289 0.19509032201613669 0
    outer loop
      vertex 22.068148347421864 17.48236190979496 28.5
      vertex 22.017110277252378 17.738947615559898 28.5
      vertex 22.017110277252378 17.738947615559898 34.5
    endloop
  endfacet
  facet normal 0.9978589232386038 0.0654031292301393 0
    outer loop
      vertex 22.017110277252378 17.738947615559898 28.5
      vertex 22 18 28.5
      vertex 22 18 34.5
    endloop
  endfacet
  facet normal 0.9978589232386038 -0.0654031292301393 0
    outer loop
      vertex 22 18 28.5
      vertex 22.017110277252378 18.261052384440102 28.5
      vertex 22.017110277252378 18.261052384440102 34.5
    endloop
  endfacet
  facet normal 0.7518398074789787 0.6593458151000674 0
    outer loop
      vertex 22.585786437626904 16.585786437626904 28.5
      vertex 22.41329331941753 16.782477141982557 34.5
      vertex 22.585786437626904 16.585786437626904 34.5
    endloop
  endfacet
  facet normal 0.8314696123025439 0.5555702330196042 0
    outer loop
      vertex 22.41329331941753 16.782477141982557 28.5
      vertex 22.26794919243112 17 34.5
      vertex 22.41329331941753 16.782477141982557 34.5
    endloop
  endfacet
  facet normal 0.8968727415326926 0.44228869021899286 0
    outer loop
      vertex 22.26794919243112 17 28.5
      vertex 22.152240934977428 17.23463313526982 34.5
      vertex 22.26794919243112 17 34.5
    endloop
  endfacet
  facet normal 0.9469301294951059 0.3214394653031609 0
    outer loop
      vertex 22.152240934977428 17.23463313526982 28.5
      vertex 22.068148347421864 17.48236190979496 34.5
      vertex 22.152240934977428 17.23463313526982 34.5
    endloop
  endfacet
  facet normal 0.9807852804032289 0.19509032201613669 0
    outer loop
      vertex 22.068148347421864 17.48236190979496 28.5
      vertex 22.017110277252378 17.738947615559898 34.5
      vertex 22.068148347421864 17.48236190979496 34.5
    endloop
  endfacet
  facet normal 0.9978589232386038 0.0654031292301393 0
    outer loop
      vertex 22.017110277252378 17.738947615559898 28.5
      vertex 22 18 34.5
      vertex 22.017110277252378 17.738947615559898 34.5
    endloop
  endfacet
  facet normal 0.9978589232386038 -0.0654031292301393 0
    outer loop
      vertex 22 18 28.5
      vertex 22.017110277252378 18.261052384440102 34.5
      vertex 22 18 34.5
    endloop
  endfacet
  facet normal 0.9807852804032289 -0.19509032201613669 0
    outer loop
      vertex 22.017110277252378 18.261052384440102 28.5
      vertex 22.068148347421864 18.51763809020504 34.5
      vertex 22.017110277252378 18.261052384440102 34.5
    endloop
  endfacet
  facet normal 0.9807852804032289 -0.19509032201613669 0
    outer loop
      vertex 22.017110277252378 18.261052384440102 28.5
      vertex 22.068148347421864 18.51763809020504 28.5
      vertex 22.068148347421864 18.51763809020504 34.5
    endloop
  endfacet
  facet normal 0.9469301294951059 -0.3214394653031609 0
    outer loop
      vertex 22.068148347421864 18.51763809020504 28.5
      vertex 22.152240934977428 18.76536686473018 28.5
      vertex 22.152240934977428 18.76536686473018 34.5
    endloop
  endfacet
  facet normal 0.8968727415326926 -0.44228869021899286 0
    outer loop
      vertex 22.152240934977428 18.76536686473018 28.5
      vertex 22.26794919243112 19 28.5
      vertex 22.26794919243112 19 34.5
    endloop
  endfacet
  facet normal 0.8314696123025439 -0.5555702330196042 0
    outer loop
      vertex 22.26794919243112 19 28.5
      vertex 22.41329331941753 19.217522858017443 28.5
      vertex 22.41329331941753 19.217522858017443 34.5
    endloop
  endfacet
  facet normal 0.7518398074789787 -0.6593458151000674 0
    outer loop
      vertex 22.41329331941753 19.217522858017443 28.5
      vertex 22.585786437626904 19.414213562373096 28.5
      vertex 22.585786437626904 19.414213562373096 34.5
    endloop
  endfacet
  facet normal 0.6593458151000674 -0.7518398074789787 0
    outer loop
      vertex 22.585786437626904 19.414213562373096 28.5
      vertex 22.782477141982557 19.58670668058247 28.5
      vertex 22.782477141982557 19.58670668058247 34.5
    endloop
  endfacet
  facet normal 0.5555702330196042 -0.8314696123025439 0
    outer loop
      vertex 22.782477141982557 19.58670668058247 28.5
      vertex 23 19.73205080756888 28.5
      vertex 23 19.73205080756888 34.5
    endloop
  endfacet
  facet normal 0.44228869021899286 -0.8968727415326926 0
    outer loop
      vertex 23 19.73205080756888 28.5
      vertex 23.23463313526982 19.847759065022572 28.5
      vertex 23.23463313526982 19.847759065022572 34.5
    endloop
  endfacet
  facet normal 0.3214394653031609 -0.9469301294951059 0
    outer loop
      vertex 23.23463313526982 19.847759065022572 28.5
      vertex 23.48236190979496 19.931851652578136 28.5
      vertex 23.48236190979496 19.931851652578136 34.5
    endloop
  endfacet
  facet normal 0.19509032201613669 -0.9807852804032289 0
    outer loop
      vertex 23.48236190979496 19.931851652578136 28.5
      vertex 23.738947615559898 19.982889722747622 28.5
      vertex 23.738947615559898 19.982889722747622 34.5
    endloop
  endfacet
  facet normal 0.0654031292301393 -0.9978589232386038 0
    outer loop
      vertex 23.738947615559898 19.982889722747622 28.5
      vertex 24 20 28.5
      vertex 24 20 34.5
    endloop
  endfacet
  facet normal -0.0654031292301393 -0.9978589232386038 0
    outer loop
      vertex 24 20 28.5
      vertex 24.261052384440102 19.982889722747622 28.5
      vertex 24.261052384440102 19.982889722747622 34.5
    endloop
  endfacet
  facet normal -0.3214394653031609 -0.9469301294951059 0
    outer loop
      vertex 24.51763809020504 19.931851652578136 28.5
      vertex 24.76536686473018 19.847759065022572 28.5
      vertex 24.76536686473018 19.847759065022572 34.5
    endloop
  endfacet
  facet normal -0.19509032201613669 -0.9807852804032289 0
    outer loop
      vertex 24.261052384440102 19.982889722747622 28.5
      vertex 24.51763809020504 19.931851652578136 28.5
      vertex 24.51763809020504 19.931851652578136 34.5
    endloop
  endfacet
  facet normal 0.9469301294951059 -0.3214394653031609 0
    outer loop
      vertex 22.068148347421864 18.51763809020504 28.5
      vertex 22.152240934977428 18.76536686473018 34.5
      vertex 22.068148347421864 18.51763809020504 34.5
    endloop
  endfacet
  facet normal 0.8968727415326926 -0.44228869021899286 0
    outer loop
      vertex 22.152240934977428 18.76536686473018 28.5
      vertex 22.26794919243112 19 34.5
      vertex 22.152240934977428 18.76536686473018 34.5
    endloop
  endfacet
  facet normal 0.8314696123025439 -0.5555702330196042 0
    outer loop
      vertex 22.26794919243112 19 28.5
      vertex 22.41329331941753 19.217522858017443 34.5
      vertex 22.26794919243112 19 34.5
    endloop
  endfacet
  facet normal 0.7518398074789787 -0.6593458151000674 0
    outer loop
      vertex 22.41329331941753 19.217522858017443 28.5
      vertex 22.585786437626904 19.414213562373096 34.5
      vertex 22.41329331941753 19.217522858017443 34.5
    endloop
  endfacet
  facet normal 0.6593458151000674 -0.7518398074789787 0
    outer loop
      vertex 22.585786437626904 19.414213562373096 28.5
      vertex 22.782477141982557 19.58670668058247 34.5
      vertex 22.585786437626904 19.414213562373096 34.5
    endloop
  endfacet
  facet normal 0.5555702330196042 -0.8314696123025439 0
    outer loop
      vertex 22.782477141982557 19.58670668058247 28.5
      vertex 23 19.73205080756888 34.5
      vertex 22.782477141982557 19.58670668058247 34.5
    endloop
  endfacet
  facet normal 0.44228869021899286 -0.8968727415326926 0
    outer loop
      vertex 23 19.73205080756888 28.5
      vertex 23.23463313526982 19.847759065022572 34.5
      vertex 23 19.73205080756888 34.5
    endloop
  endfacet
  facet normal 0.3214394653031609 -0.9469301294951059 0
    outer loop
      vertex 23.23463313526982 19.847759065022572 28.5
      vertex 23.48236190979496 19.931851652578136 34.5
      vertex 23.23463313526982 19.847759065022572 34.5
    endloop
  endfacet
  facet normal 0.19509032201613669 -0.9807852804032289 0
    outer loop
      vertex 23.48236190979496 19.931851652578136 28.5
      vertex 23.738947615559898 19.982889722747622 34.5
      vertex 23.48236190979496 19.931851652578136 34.5
    endloop
  endfacet
  facet normal 0.0654031292301393 -0.9978589232386038 0
    outer loop
      vertex 23.738947615559898 19.982889722747622 28.5
      vertex 24 20 34.5
      vertex 23.738947615559898 19.982889722747622 34.5
    endloop
  endfacet
  facet normal -0.0654031292301393 -0.9978589232386038 0
    outer loop
      vertex 24 20 28.5
      vertex 24.261052384440102 19.982889722747622 34.5
      vertex 24 20 34.5
    endloop
  endfacet
  facet normal -0.19509032201613669 -0.9807852804032289 0
    outer loop
      vertex 24.261052384440102 19.982889722747622 28.5
      vertex 24.51763809020504 19.931851652578136 34.5
      vertex 24.261052384440102 19.982889722747622 34.5
    endloop
  endfacet
  facet normal -0.3214394653031609 -0.9469301294951059 0
    outer loop
      vertex 24.51763809020504 19.931851652578136 28.5
      vertex 24.76536686473018 19.847759065022572 34.5
      vertex 24.51763809020504 19.931851652578136 34.5
    endloop
  endfacet
  facet normal 0 0 1
    outer loop
      vertex 24.76536686473018 16.152240934977428 28.5
      vertex 25 16.26794919243112 28.5
      vertex 25 19.73205080756888 28.5
    endloop
  endfacet
  facet normal 0 0 1
    outer loop
      vertex 25 16.26794919243112 28.5
      vertex 25.217522858017443 16.41329331941753 28.5
      vertex 25.217522858017443 19.58670668058247 28.5
    endloop
  endfacet
  facet normal 0 0 1
    outer loop
      vertex 25.217522858017443 16.41329331941753 28.5
      vertex 25.414213562373096 16.585786437626904 28.5
      vertex 25.414213562373096 19.414213562373096 28.5
    endloop
  endfacet
  facet normal 0 0 1
    outer loop
      vertex 25.414213562373096 16.585786437626904 28.5
      vertex 25.58670668058247 16.782477141982557 28.5
      vertex 25.58670668058247 19.217522858017443 28.5
    endloop
  endfacet
  facet normal 0 0 1
    outer loop
      vertex 25.58670668058247 16.782477141982557 28.5
      vertex 25.73205080756888 17 28.5
      vertex 25.73205080756888 19 28.5
    endloop
  endfacet
  facet normal 0 0 1
    outer loop
      vertex 25.73205080756888 17 28.5
      vertex 25.847759065022572 17.23463313526982 28.5
      vertex 25.847759065022572 18.76536686473018 28.5
    endloop
  endfacet
  facet normal 0 0 1
    outer loop
      vertex 25.847759065022572 17.23463313526982 28.5
      vertex 25.931851652578136 17.48236190979496 28.5
      vertex 25.931851652578136 18.51763809020504 28.5
    endloop
  endfacet
  facet normal 0 0 1
    outer loop
      vertex 25.931851652578136 17.48236190979496 28.5
      vertex 25.982889722747622 17.738947615559898 28.5
      vertex 25.982889722747622 18.261052384440102 28.5
    endloop
  endfacet
  facet normal 0 0 1
    outer loop
      vertex 25.982889722747622 17.738947615559898 28.5
      vertex 26 18 28.5
      vertex 25.982889722747622 18.261052384440102 28.5
    endloop
  endfacet
  facet normal 0 0 1
    outer loop
      vertex 25.931851652578136 17.48236190979496 28.5
      vertex 25.982889722747622 18.261052384440102 28.5
      vertex 25.931851652578136 18.51763809020504 28.5
    endloop
  endfacet
  facet normal 0 0 1
    outer loop
      vertex 25.73205080756888 17 28.5
      vertex 25.847759065022572 18.76536686473018 28.5
      vertex 25.73205080756888 19 28.5
    endloop
  endfacet
  facet normal 0 0 1
    outer loop
      vertex 25.58670668058247 16.782477141982557 28.5
      vertex 25.73205080756888 19 28.5
      vertex 25.58670668058247 19.217522858017443 28.5
    endloop
  endfacet
  facet normal 0 0 1
    outer loop
      vertex 25.847759065022572 17.23463313526982 28.5
      vertex 25.931851652578136 18.51763809020504 28.5
      vertex 25.847759065022572 18.76536686473018 28.5
    endloop
  endfacet
  facet normal 0 0 1
    outer loop
      vertex 24.76536686473018 16.152240934977428 28.5
      vertex 25 19.73205080756888 28.5
      vertex 24.76536686473018 19.847759065022572 28.5
    endloop
  endfacet
  facet normal 0 0 1
    outer loop
      vertex 25 16.26794919243112 28.5
      vertex 25.217522858017443 19.58670668058247 28.5
      vertex 25 19.73205080756888 28.5
    endloop
  endfacet
  facet normal 0 0 1
    outer loop
      vertex 25.217522858017443 16.41329331941753 28.5
      vertex 25.414213562373096 19.414213562373096 28.5
      vertex 25.217522858017443 19.58670668058247 28.5
    endloop
  endfacet
  facet normal 0 0 1
    outer loop
      vertex 25.414213562373096 16.585786437626904 28.5
      vertex 25.58670668058247 19.217522858017443 28.5
      vertex 25.414213562373096 19.414213562373096 28.5
    endloop
  endfacet
  facet normal -0.7518398074789787 0.6593458151000674 0
    outer loop
      vertex 25.414213562373096 16.585786437626904 28.5
      vertex 25.414213562373096 16.585786437626904 34.5
      vertex 25.58670668058247 16.782477141982557 28.5
    endloop
  endfacet
  facet normal -0.8314696123025439 0.5555702330196042 0
    outer loop
      vertex 25.58670668058247 16.782477141982557 28.5
      vertex 25.58670668058247 16.782477141982557 34.5
      vertex 25.73205080756888 17 28.5
    endloop
  endfacet
  facet normal -0.8968727415326926 0.44228869021899286 0
    outer loop
      vertex 25.73205080756888 17 28.5
      vertex 25.73205080756888 17 34.5
      vertex 25.847759065022572 17.23463313526982 28.5
    endloop
  endfacet
  facet normal -0.9469301294951059 0.3214394653031609 0
    outer loop
      vertex 25.847759065022572 17.23463313526982 28.5
      vertex 25.847759065022572 17.23463313526982 34.5
      vertex 25.931851652578136 17.48236190979496 28.5
    endloop
  endfacet
  facet normal -0.9807852804032289 0.19509032201613669 0
    outer loop
      vertex 25.931851652578136 17.48236190979496 28.5
      vertex 25.931851652578136 17.48236190979496 34.5
      vertex 25.982889722747622 17.738947615559898 28.5
    endloop
  endfacet
  facet normal -0.9978589232386038 0.0654031292301393 0
    outer loop
      vertex 25.982889722747622 17.738947615559898 28.5
      vertex 25.982889722747622 17.738947615559898 34.5
      vertex 26 18 28.5
    endloop
  endfacet
  facet normal -0.9978589232386038 -0.0654031292301393 0
    outer loop
      vertex 26 18 28.5
      vertex 26 18 34.5
      vertex 25.982889722747622 18.261052384440102 28.5
    endloop
  endfacet
  facet normal -0.9807852804032289 -0.19509032201613669 0
    outer loop
      vertex 25.931851652578136 18.51763809020504 28.5
      vertex 25.982889722747622 18.261052384440102 28.5
      vertex 25.982889722747622 18.261052384440102 34.5
    endloop
  endfacet
  facet normal -0.6593458151000674 0.7518398074789787 0
    outer loop
      vertex 25.414213562373096 16.585786437626904 28.5
      vertex 25.217522858017443 16.41329331941753 34.5
      vertex 25.414213562373096 16.585786437626904 34.5
    endloop
  endfacet
  facet normal -0.7518398074789787 0.6593458151000674 0
    outer loop
      vertex 25.58670668058247 16.782477141982557 28.5
      vertex 25.414213562373096 16.585786437626904 34.5
      vertex 25.58670668058247 16.782477141982557 34.5
    endloop
  endfacet
  facet normal -0.8314696123025439 0.5555702330196042 0
    outer loop
      vertex 25.73205080756888 17 28.5
      vertex 25.58670668058247 16.782477141982557 34.5
      vertex 25.73205080756888 17 34.5
    endloop
  endfacet
  facet normal -0.8968727415326926 0.44228869021899286 0
    outer loop
      vertex 25.847759065022572 17.23463313526982 28.5
      vertex 25.73205080756888 17 34.5
      vertex 25.847759065022572 17.23463313526982 34.5
    endloop
  endfacet
  facet normal -0.9469301294951059 0.3214394653031609 0
    outer loop
      vertex 25.931851652578136 17.48236190979496 28.5
      vertex 25.847759065022572 17.23463313526982 34.5
      vertex 25.931851652578136 17.48236190979496 34.5
    endloop
  endfacet
  facet normal -0.9807852804032289 0.19509032201613669 0
    outer loop
      vertex 25.982889722747622 17.738947615559898 28.5
      vertex 25.931851652578136 17.48236190979496 34.5
      vertex 25.982889722747622 17.738947615559898 34.5
    endloop
  endfacet
  facet normal -0.9978589232386038 0.0654031292301393 0
    outer loop
      vertex 26 18 28.5
      vertex 25.982889722747622 17.738947615559898 34.5
      vertex 26 18 34.5
    endloop
  endfacet
  facet normal -0.9978589232386038 -0.0654031292301393 0
    outer loop
      vertex 25.982889722747622 18.261052384440102 28.5
      vertex 26 18 34.5
      vertex 25.982889722747622 18.261052384440102 34.5
    endloop
  endfacet
  facet normal -0.9469301294951059 -0.3214394653031609 0
    outer loop
      vertex 25.931851652578136 18.51763809020504 28.5
      vertex 25.931851652578136 18.51763809020504 34.5
      vertex 25.847759065022572 18.76536686473018 28.5
    endloop
  endfacet
  facet normal -0.8968727415326926 -0.44228869021899286 0
    outer loop
      vertex 25.847759065022572 18.76536686473018 28.5
      vertex 25.847759065022572 18.76536686473018 34.5
      vertex 25.73205080756888 19 28.5
    endloop
  endfacet
  facet normal -0.8314696123025439 -0.5555702330196042 0
    outer loop
      vertex 25.58670668058247 19.217522858017443 28.5
      vertex 25.73205080756888 19 28.5
      vertex 25.73205080756888 19 34.5
    endloop
  endfacet
  facet normal -0.7518398074789787 -0.6593458151000674 0
    outer loop
      vertex 25.58670668058247 19.217522858017443 28.5
      vertex 25.58670668058247 19.217522858017443 34.5
      vertex 25.414213562373096 19.414213562373096 28.5
    endloop
  endfacet
  facet normal -0.6593458151000674 -0.7518398074789787 0
    outer loop
      vertex 25.217522858017443 19.58670668058247 28.5
      vertex 25.414213562373096 19.414213562373096 28.5
      vertex 25.414213562373096 19.414213562373096 34.5
    endloop
  endfacet
  facet normal -0.44228869021899286 -0.8968727415326926 0
    outer loop
      vertex 25 19.73205080756888 28.5
      vertex 25 19.73205080756888 34.5
      vertex 24.76536686473018 19.847759065022572 28.5
    endloop
  endfacet
  facet normal -0.5555702330196042 -0.8314696123025439 0
    outer loop
      vertex 25 19.73205080756888 28.5
      vertex 25.217522858017443 19.58670668058247 28.5
      vertex 25.217522858017443 19.58670668058247 34.5
    endloop
  endfacet
  facet normal -0.9807852804032289 -0.19509032201613669 0
    outer loop
      vertex 25.931851652578136 18.51763809020504 28.5
      vertex 25.982889722747622 18.261052384440102 34.5
      vertex 25.931851652578136 18.51763809020504 34.5
    endloop
  endfacet
  facet normal -0.9469301294951059 -0.3214394653031609 0
    outer loop
      vertex 25.847759065022572 18.76536686473018 28.5
      vertex 25.931851652578136 18.51763809020504 34.5
      vertex 25.847759065022572 18.76536686473018 34.5
    endloop
  endfacet
  facet normal -0.8968727415326926 -0.44228869021899286 0
    outer loop
      vertex 25.73205080756888 19 28.5
      vertex 25.847759065022572 18.76536686473018 34.5
      vertex 25.73205080756888 19 34.5
    endloop
  endfacet
  facet normal -0.8314696123025439 -0.5555702330196042 0
    outer loop
      vertex 25.58670668058247 19.217522858017443 28.5
      vertex 25.73205080756888 19 34.5
      vertex 25.58670668058247 19.217522858017443 34.5
    endloop
  endfacet
  facet normal -0.6593458151000674 -0.7518398074789787 0
    outer loop
      vertex 25.217522858017443 19.58670668058247 28.5
      vertex 25.414213562373096 19.414213562373096 34.5
      vertex 25.217522858017443 19.58670668058247 34.5
    endloop
  endfacet
  facet normal -0.5555702330196042 -0.8314696123025439 0
    outer loop
      vertex 25 19.73205080756888 28.5
      vertex 25.217522858017443 19.58670668058247 34.5
      vertex 25 19.73205080756888 34.5
    endloop
  endfacet
  facet normal -0.7518398074789787 -0.6593458151000674 0
    outer loop
      vertex 25.414213562373096 19.414213562373096 28.5
      vertex 25.58670668058247 19.217522858017443 34.5
      vertex 25.414213562373096 19.414213562373096 34.5
    endloop
  endfacet
  facet normal -0.44228869021899286 -0.8968727415326926 0
    outer loop
      vertex 24.76536686473018 19.847759065022572 28.5
      vertex 25 19.73205080756888 34.5
      vertex 24.76536686473018 19.847759065022572 34.5
    endloop
  endfacet
  facet normal 0.4422886902189933 0.8968727415326921 0
    outer loop
      vertex -0.7653668647301796 16.152240934977428 28.5
      vertex -1 16.26794919243112 28.5
      vertex -1 16.26794919243112 34.5
    endloop
  endfacet
  facet normal 0.3214394653031626 0.9469301294951054 0
    outer loop
      vertex -0.7653668647301796 16.152240934977428 28.5
      vertex -0.7653668647301796 16.152240934977428 34.5
      vertex -0.5176380902050415 16.068148347421864 28.5
    endloop
  endfacet
  facet normal 0.5555702330196066 0.8314696123025423 0
    outer loop
      vertex -1.2175228580174413 16.41329331941753 28.5
      vertex -1.2175228580174413 16.41329331941753 34.5
      vertex -1 16.26794919243112 28.5
    endloop
  endfacet
  facet normal 0.06540312923013908 0.9978589232386038 0
    outer loop
      vertex -0.26105238444010315 16.017110277252378 28.5
      vertex -0.26105238444010315 16.017110277252378 34.5
      vertex 0 16 28.5
    endloop
  endfacet
  facet normal -0.06540312923013908 0.9978589232386038 0
    outer loop
      vertex 0 16 28.5
      vertex 0 16 34.5
      vertex 0.26105238444010315 16.017110277252378 28.5
    endloop
  endfacet
  facet normal 0.19509032201613605 0.9807852804032289 0
    outer loop
      vertex -0.5176380902050415 16.068148347421864 28.5
      vertex -0.5176380902050415 16.068148347421864 34.5
      vertex -0.26105238444010315 16.017110277252378 28.5
    endloop
  endfacet
  facet normal -0.19509032201613605 0.9807852804032289 0
    outer loop
      vertex 0.26105238444010315 16.017110277252378 28.5
      vertex 0.26105238444010315 16.017110277252378 34.5
      vertex 0.5176380902050415 16.068148347421864 28.5
    endloop
  endfacet
  facet normal -0.3214394653031626 0.9469301294951054 0
    outer loop
      vertex 0.5176380902050415 16.068148347421864 28.5
      vertex 0.5176380902050415 16.068148347421864 34.5
      vertex 0.7653668647301796 16.152240934977428 28.5
    endloop
  endfacet
  facet normal -0.4422886902189933 0.8968727415326921 0
    outer loop
      vertex 0.7653668647301796 16.152240934977428 28.5
      vertex 0.7653668647301796 16.152240934977428 34.5
      vertex 1 16.26794919243112 28.5
    endloop
  endfacet
  facet normal -0.5555702330196066 0.8314696123025423 0
    outer loop
      vertex 1 16.26794919243112 28.5
      vertex 1 16.26794919243112 34.5
      vertex 1.2175228580174413 16.41329331941753 28.5
    endloop
  endfacet
  facet normal -0.6593458151000662 0.7518398074789798 0
    outer loop
      vertex 1.2175228580174413 16.41329331941753 28.5
      vertex 1.2175228580174413 16.41329331941753 34.5
      vertex 1.4142135623730951 16.585786437626904 28.5
    endloop
  endfacet
  facet normal 0.6593458151000662 0.7518398074789798 0
    outer loop
      vertex -1.2175228580174413 16.41329331941753 28.5
      vertex -1.4142135623730951 16.585786437626904 34.5
      vertex -1.2175228580174413 16.41329331941753 34.5
    endloop
  endfacet
  facet normal 0.3214394653031626 0.9469301294951054 0
    outer loop
      vertex -0.5176380902050415 16.068148347421864 28.5
      vertex -0.7653668647301796 16.152240934977428 34.5
      vertex -0.5176380902050415 16.068148347421864 34.5
    endloop
  endfacet
  facet normal 0.4422886902189933 0.8968727415326921 0
    outer loop
      vertex -0.7653668647301796 16.152240934977428 28.5
      vertex -1 16.26794919243112 34.5
      vertex -0.7653668647301796 16.152240934977428 34.5
    endloop
  endfacet
  facet normal 0.5555702330196066 0.8314696123025423 0
    outer loop
      vertex -1 16.26794919243112 28.5
      vertex -1.2175228580174413 16.41329331941753 34.5
      vertex -1 16.26794919243112 34.5
    endloop
  endfacet
  facet normal 0.06540312923013908 0.9978589232386038 0
    outer loop
      vertex 0 16 28.5
      vertex -0.26105238444010315 16.017110277252378 34.5
      vertex 0 16 34.5
    endloop
  endfacet
  facet normal -0.06540312923013908 0.9978589232386038 0
    outer loop
      vertex 0.26105238444010315 16.017110277252378 28.5
      vertex 0 16 34.5
      vertex 0.26105238444010315 16.017110277252378 34.5
    endloop
  endfacet
  facet normal 0.19509032201613605 0.9807852804032289 0
    outer loop
      vertex -0.26105238444010315 16.017110277252378 28.5
      vertex -0.5176380902050415 16.068148347421864 34.5
      vertex -0.26105238444010315 16.017110277252378 34.5
    endloop
  endfacet
  facet normal -0.19509032201613605 0.9807852804032289 0
    outer loop
      vertex 0.5176380902050415 16.068148347421864 28.5
      vertex 0.26105238444010315 16.017110277252378 34.5
      vertex 0.5176380902050415 16.068148347421864 34.5
    endloop
  endfacet
  facet normal -0.3214394653031626 0.9469301294951054 0
    outer loop
      vertex 0.7653668647301796 16.152240934977428 28.5
      vertex 0.5176380902050415 16.068148347421864 34.5
      vertex 0.7653668647301796 16.152240934977428 34.5
    endloop
  endfacet
  facet normal -0.4422886902189933 0.8968727415326921 0
    outer loop
      vertex 1 16.26794919243112 28.5
      vertex 0.7653668647301796 16.152240934977428 34.5
      vertex 1 16.26794919243112 34.5
    endloop
  endfacet
  facet normal -0.5555702330196066 0.8314696123025423 0
    outer loop
      vertex 1.2175228580174413 16.41329331941753 28.5
      vertex 1 16.26794919243112 34.5
      vertex 1.2175228580174413 16.41329331941753 34.5
    endloop
  endfacet
  facet normal 0 0 1
    outer loop
      vertex -0.7653668647301796 16.152240934977428 28.5
      vertex -0.7653668647301796 19.847759065022572 28.5
      vertex -1 16.26794919243112 28.5
    endloop
  endfacet
  facet normal 0 0 1
    outer loop
      vertex -0.7653668647301796 16.152240934977428 28.5
      vertex -0.5176380902050415 16.068148347421864 28.5
      vertex -0.5176380902050415 19.931851652578136 28.5
    endloop
  endfacet
  facet normal 0 0 1
    outer loop
      vertex -1.9828897227476208 17.738947615559898 28.5
      vertex -1.9828897227476208 18.261052384440102 28.5
      vertex -2 18 28.5
    endloop
  endfacet
  facet normal 0 0 1
    outer loop
      vertex -1.7320508075688772 17 28.5
      vertex -1.5867066805824703 16.782477141982557 28.5
      vertex -1.5867066805824703 19.217522858017443 28.5
    endloop
  endfacet
  facet normal 0 0 1
    outer loop
      vertex -1.4142135623730951 16.585786437626904 28.5
      vertex -1.2175228580174413 16.41329331941753 28.5
      vertex -1.2175228580174413 19.58670668058247 28.5
    endloop
  endfacet
  facet normal 0 0 1
    outer loop
      vertex -1.4142135623730951 16.585786437626904 28.5
      vertex -1.4142135623730951 19.414213562373096 28.5
      vertex -1.5867066805824703 16.782477141982557 28.5
    endloop
  endfacet
  facet normal 0 0 1
    outer loop
      vertex -1.7320508075688772 17 28.5
      vertex -1.7320508075688772 19 28.5
      vertex -1.8477590650225735 17.23463313526982 28.5
    endloop
  endfacet
  facet normal 0 0 1
    outer loop
      vertex -1.8477590650225735 17.23463313526982 28.5
      vertex -1.8477590650225735 18.76536686473018 28.5
      vertex -1.9318516525781366 17.48236190979496 28.5
    endloop
  endfacet
  facet normal 0 0 1
    outer loop
      vertex -1.2175228580174413 16.41329331941753 28.5
      vertex -1 16.26794919243112 28.5
      vertex -1 19.73205080756888 28.5
    endloop
  endfacet
  facet normal 0 0 1
    outer loop
      vertex -1.9318516525781366 17.48236190979496 28.5
      vertex -1.9318516525781366 18.51763809020504 28.5
      vertex -1.9828897227476208 17.738947615559898 28.5
    endloop
  endfacet
  facet normal 0 0 1
    outer loop
      vertex -1.9828897227476208 17.738947615559898 28.5
      vertex -1.9318516525781366 18.51763809020504 28.5
      vertex -1.9828897227476208 18.261052384440102 28.5
    endloop
  endfacet
  facet normal 0 0 1
    outer loop
      vertex -1.9318516525781366 17.48236190979496 28.5
      vertex -1.8477590650225735 18.76536686473018 28.5
      vertex -1.9318516525781366 18.51763809020504 28.5
    endloop
  endfacet
  facet normal 0 0 1
    outer loop
      vertex -1.8477590650225735 17.23463313526982 28.5
      vertex -1.7320508075688772 19 28.5
      vertex -1.8477590650225735 18.76536686473018 28.5
    endloop
  endfacet
  facet normal 0 0 1
    outer loop
      vertex -0.5176380902050415 16.068148347421864 28.5
      vertex -0.26105238444010315 16.017110277252378 28.5
      vertex -0.26105238444010315 19.982889722747622 28.5
    endloop
  endfacet
  facet normal 0 0 1
    outer loop
      vertex -0.26105238444010315 16.017110277252378 28.5
      vertex 0 16 28.5
      vertex 0 20 28.5
    endloop
  endfacet
  facet normal 0 0 1
    outer loop
      vertex 0 16 28.5
      vertex 0.26105238444010315 16.017110277252378 28.5
      vertex 0.26105238444010315 19.982889722747622 28.5
    endloop
  endfacet
  facet normal 0 0 1
    outer loop
      vertex 0.26105238444010315 16.017110277252378 28.5
      vertex 0.5176380902050415 16.068148347421864 28.5
      vertex 0.5176380902050415 19.931851652578136 28.5
    endloop
  endfacet
  facet normal 0 0 1
    outer loop
      vertex 0.5176380902050415 16.068148347421864 28.5
      vertex 0.7653668647301796 16.152240934977428 28.5
      vertex 0.7653668647301796 19.847759065022572 28.5
    endloop
  endfacet
  facet normal 0 0 1
    outer loop
      vertex 0.7653668647301796 16.152240934977428 28.5
      vertex 1 16.26794919243112 28.5
      vertex 1 19.73205080756888 28.5
    endloop
  endfacet
  facet normal 0 0 1
    outer loop
      vertex 1 16.26794919243112 28.5
      vertex 1.2175228580174413 16.41329331941753 28.5
      vertex 1.2175228580174413 19.58670668058247 28.5
    endloop
  endfacet
  facet normal 0 0 1
    outer loop
      vertex 1.2175228580174413 16.41329331941753 28.5
      vertex 1.4142135623730951 16.585786437626904 28.5
      vertex 1.4142135623730951 19.414213562373096 28.5
    endloop
  endfacet
  facet normal 0 0 1
    outer loop
      vertex 1.4142135623730951 16.585786437626904 28.5
      vertex 1.5867066805824703 16.782477141982557 28.5
      vertex 1.5867066805824703 19.217522858017443 28.5
    endloop
  endfacet
  facet normal 0 0 1
    outer loop
      vertex 1.5867066805824703 16.782477141982557 28.5
      vertex 1.7320508075688772 17 28.5
      vertex 1.7320508075688772 19 28.5
    endloop
  endfacet
  facet normal 0 0 1
    outer loop
      vertex 1.7320508075688772 17 28.5
      vertex 1.8477590650225735 17.23463313526982 28.5
      vertex 1.8477590650225735 18.76536686473018 28.5
    endloop
  endfacet
  facet normal 0 0 1
    outer loop
      vertex 1.8477590650225735 17.23463313526982 28.5
      vertex 1.9318516525781366 17.48236190979496 28.5
      vertex 1.9318516525781366 18.51763809020504 28.5
    endloop
  endfacet
  facet normal 0 0 1
    outer loop
      vertex 1.9318516525781366 17.48236190979496 28.5
      vertex 1.9828897227476208 17.738947615559898 28.5
      vertex 1.9828897227476208 18.261052384440102 28.5
    endloop
  endfacet
  facet normal 0 0 1
    outer loop
      vertex 1.9828897227476208 17.738947615559898 28.5
      vertex 2 18 28.5
      vertex 1.9828897227476208 18.261052384440102 28.5
    endloop
  endfacet
  facet normal 0 0 1
    outer loop
      vertex 1.9318516525781366 17.48236190979496 28.5
      vertex 1.9828897227476208 18.261052384440102 28.5
      vertex 1.9318516525781366 18.51763809020504 28.5
    endloop
  endfacet
  facet normal 0 0 1
    outer loop
      vertex 1.8477590650225735 17.23463313526982 28.5
      vertex 1.9318516525781366 18.51763809020504 28.5
      vertex 1.8477590650225735 18.76536686473018 28.5
    endloop
  endfacet
  facet normal 0 0 1
    outer loop
      vertex 1.7320508075688772 17 28.5
      vertex 1.8477590650225735 18.76536686473018 28.5
      vertex 1.7320508075688772 19 28.5
    endloop
  endfacet
  facet normal 0 0 1
    outer loop
      vertex 1.5867066805824703 16.782477141982557 28.5
      vertex 1.7320508075688772 19 28.5
      vertex 1.5867066805824703 19.217522858017443 28.5
    endloop
  endfacet
  facet normal 0 0 1
    outer loop
      vertex -1.7320508075688772 17 28.5
      vertex -1.5867066805824703 19.217522858017443 28.5
      vertex -1.7320508075688772 19 28.5
    endloop
  endfacet
  facet normal 0 0 1
    outer loop
      vertex -1.5867066805824703 16.782477141982557 28.5
      vertex -1.4142135623730951 19.414213562373096 28.5
      vertex -1.5867066805824703 19.217522858017443 28.5
    endloop
  endfacet
  facet normal 0 0 1
    outer loop
      vertex -1.4142135623730951 16.585786437626904 28.5
      vertex -1.2175228580174413 19.58670668058247 28.5
      vertex -1.4142135623730951 19.414213562373096 28.5
    endloop
  endfacet
  facet normal 0 0 1
    outer loop
      vertex -1.2175228580174413 16.41329331941753 28.5
      vertex -1 19.73205080756888 28.5
      vertex -1.2175228580174413 19.58670668058247 28.5
    endloop
  endfacet
  facet normal 0 0 1
    outer loop
      vertex -1 16.26794919243112 28.5
      vertex -0.7653668647301796 19.847759065022572 28.5
      vertex -1 19.73205080756888 28.5
    endloop
  endfacet
  facet normal 0 0 1
    outer loop
      vertex -0.7653668647301796 16.152240934977428 28.5
      vertex -0.5176380902050415 19.931851652578136 28.5
      vertex -0.7653668647301796 19.847759065022572 28.5
    endloop
  endfacet
  facet normal 0 0 1
    outer loop
      vertex -0.5176380902050415 16.068148347421864 28.5
      vertex -0.26105238444010315 19.982889722747622 28.5
      vertex -0.5176380902050415 19.931851652578136 28.5
    endloop
  endfacet
  facet normal 0 0 1
    outer loop
      vertex -0.26105238444010315 16.017110277252378 28.5
      vertex 0 20 28.5
      vertex -0.26105238444010315 19.982889722747622 28.5
    endloop
  endfacet
  facet normal 0 0 1
    outer loop
      vertex 0 16 28.5
      vertex 0.26105238444010315 19.982889722747622 28.5
      vertex 0 20 28.5
    endloop
  endfacet
  facet normal 0 0 1
    outer loop
      vertex 0.7653668647301796 16.152240934977428 28.5
      vertex 1 19.73205080756888 28.5
      vertex 0.7653668647301796 19.847759065022572 28.5
    endloop
  endfacet
  facet normal 0 0 1
    outer loop
      vertex 0.26105238444010315 16.017110277252378 28.5
      vertex 0.5176380902050415 19.931851652578136 28.5
      vertex 0.26105238444010315 19.982889722747622 28.5
    endloop
  endfacet
  facet normal 0 0 1
    outer loop
      vertex 0.5176380902050415 16.068148347421864 28.5
      vertex 0.7653668647301796 19.847759065022572 28.5
      vertex 0.5176380902050415 19.931851652578136 28.5
    endloop
  endfacet
  facet normal 0 0 1
    outer loop
      vertex 1 16.26794919243112 28.5
      vertex 1.2175228580174413 19.58670668058247 28.5
      vertex 1 19.73205080756888 28.5
    endloop
  endfacet
  facet normal 0 0 1
    outer loop
      vertex 1.2175228580174413 16.41329331941753 28.5
      vertex 1.4142135623730951 19.414213562373096 28.5
      vertex 1.2175228580174413 19.58670668058247 28.5
    endloop
  endfacet
  facet normal 0 0 1
    outer loop
      vertex 1.4142135623730951 16.585786437626904 28.5
      vertex 1.5867066805824703 19.217522858017443 28.5
      vertex 1.4142135623730951 19.414213562373096 28.5
    endloop
  endfacet
  facet normal 0.6593458151000662 0.7518398074789798 0
    outer loop
      vertex -1.4142135623730951 16.585786437626904 28.5
      vertex -1.4142135623730951 16.585786437626904 34.5
      vertex -1.2175228580174413 16.41329331941753 28.5
    endloop
  endfacet
  facet normal 0.7518398074789766 0.6593458151000698 0
    outer loop
      vertex -1.4142135623730951 16.585786437626904 28.5
      vertex -1.5867066805824703 16.782477141982557 28.5
      vertex -1.5867066805824703 16.782477141982557 34.5
    endloop
  endfacet
  facet normal 0.831469612302547 0.5555702330195995 0
    outer loop
      vertex -1.7320508075688772 17 28.5
      vertex -1.7320508075688772 17 34.5
      vertex -1.5867066805824703 16.782477141982557 28.5
    endloop
  endfacet
  facet normal 0.8968727415326885 0.442288690219001 0
    outer loop
      vertex -1.7320508075688772 17 28.5
      vertex -1.8477590650225735 17.23463313526982 28.5
      vertex -1.8477590650225735 17.23463313526982 34.5
    endloop
  endfacet
  facet normal 0.9469301294951062 0.32143946530316014 0
    outer loop
      vertex -1.8477590650225735 17.23463313526982 28.5
      vertex -1.9318516525781366 17.48236190979496 28.5
      vertex -1.9318516525781366 17.48236190979496 34.5
    endloop
  endfacet
  facet normal 0.9978589232386035 0.06540312923014352 0
    outer loop
      vertex -1.9828897227476208 17.738947615559898 28.5
      vertex -2 18 28.5
      vertex -2 18 34.5
    endloop
  endfacet
  facet normal 0.9978589232386035 -0.06540312923014352 0
    outer loop
      vertex -2 18 28.5
      vertex -1.9828897227476208 18.261052384440102 28.5
      vertex -1.9828897227476208 18.261052384440102 34.5
    endloop
  endfacet
  facet normal 0.9807852804032303 0.19509032201612853 0
    outer loop
      vertex -1.9318516525781366 17.48236190979496 28.5
      vertex -1.9828897227476208 17.738947615559898 28.5
      vertex -1.9828897227476208 17.738947615559898 34.5
    endloop
  endfacet
  facet normal -0.7518398074789766 0.6593458151000698 0
    outer loop
      vertex 1.4142135623730951 16.585786437626904 28.5
      vertex 1.4142135623730951 16.585786437626904 34.5
      vertex 1.5867066805824703 16.782477141982557 28.5
    endloop
  endfacet
  facet normal -0.831469612302547 0.5555702330195995 0
    outer loop
      vertex 1.5867066805824703 16.782477141982557 28.5
      vertex 1.5867066805824703 16.782477141982557 34.5
      vertex 1.7320508075688772 17 28.5
    endloop
  endfacet
  facet normal -0.8968727415326885 0.442288690219001 0
    outer loop
      vertex 1.7320508075688772 17 28.5
      vertex 1.7320508075688772 17 34.5
      vertex 1.8477590650225735 17.23463313526982 28.5
    endloop
  endfacet
  facet normal -0.9469301294951062 0.32143946530316014 0
    outer loop
      vertex 1.8477590650225735 17.23463313526982 28.5
      vertex 1.8477590650225735 17.23463313526982 34.5
      vertex 1.9318516525781366 17.48236190979496 28.5
    endloop
  endfacet
  facet normal -0.9807852804032303 0.19509032201612853 0
    outer loop
      vertex 1.9318516525781366 17.48236190979496 28.5
      vertex 1.9318516525781366 17.48236190979496 34.5
      vertex 1.9828897227476208 17.738947615559898 28.5
    endloop
  endfacet
  facet normal -0.9978589232386035 0.06540312923014352 0
    outer loop
      vertex 1.9828897227476208 17.738947615559898 28.5
      vertex 1.9828897227476208 17.738947615559898 34.5
      vertex 2 18 28.5
    endloop
  endfacet
  facet normal -0.9978589232386035 -0.06540312923014352 0
    outer loop
      vertex 2 18 28.5
      vertex 2 18 34.5
      vertex 1.9828897227476208 18.261052384440102 28.5
    endloop
  endfacet
  facet normal -0.9807852804032303 -0.19509032201612853 0
    outer loop
      vertex 1.9318516525781366 18.51763809020504 28.5
      vertex 1.9828897227476208 18.261052384440102 28.5
      vertex 1.9828897227476208 18.261052384440102 34.5
    endloop
  endfacet
  facet normal 0.7518398074789766 0.6593458151000698 0
    outer loop
      vertex -1.4142135623730951 16.585786437626904 28.5
      vertex -1.5867066805824703 16.782477141982557 34.5
      vertex -1.4142135623730951 16.585786437626904 34.5
    endloop
  endfacet
  facet normal 0.831469612302547 0.5555702330195995 0
    outer loop
      vertex -1.5867066805824703 16.782477141982557 28.5
      vertex -1.7320508075688772 17 34.5
      vertex -1.5867066805824703 16.782477141982557 34.5
    endloop
  endfacet
  facet normal 0.8968727415326885 0.442288690219001 0
    outer loop
      vertex -1.7320508075688772 17 28.5
      vertex -1.8477590650225735 17.23463313526982 34.5
      vertex -1.7320508075688772 17 34.5
    endloop
  endfacet
  facet normal 0.9469301294951062 0.32143946530316014 0
    outer loop
      vertex -1.8477590650225735 17.23463313526982 28.5
      vertex -1.9318516525781366 17.48236190979496 34.5
      vertex -1.8477590650225735 17.23463313526982 34.5
    endloop
  endfacet
  facet normal 0.9978589232386035 0.06540312923014352 0
    outer loop
      vertex -1.9828897227476208 17.738947615559898 28.5
      vertex -2 18 34.5
      vertex -1.9828897227476208 17.738947615559898 34.5
    endloop
  endfacet
  facet normal 0.9978589232386035 -0.06540312923014352 0
    outer loop
      vertex -2 18 28.5
      vertex -1.9828897227476208 18.261052384440102 34.5
      vertex -2 18 34.5
    endloop
  endfacet
  facet normal 0.9807852804032303 0.19509032201612853 0
    outer loop
      vertex -1.9318516525781366 17.48236190979496 28.5
      vertex -1.9828897227476208 17.738947615559898 34.5
      vertex -1.9318516525781366 17.48236190979496 34.5
    endloop
  endfacet
  facet normal 0.9807852804032303 -0.19509032201612853 0
    outer loop
      vertex -1.9828897227476208 18.261052384440102 28.5
      vertex -1.9318516525781366 18.51763809020504 34.5
      vertex -1.9828897227476208 18.261052384440102 34.5
    endloop
  endfacet
  facet normal -0.6593458151000662 0.7518398074789798 0
    outer loop
      vertex 1.4142135623730951 16.585786437626904 28.5
      vertex 1.2175228580174413 16.41329331941753 34.5
      vertex 1.4142135623730951 16.585786437626904 34.5
    endloop
  endfacet
  facet normal -0.7518398074789766 0.6593458151000698 0
    outer loop
      vertex 1.5867066805824703 16.782477141982557 28.5
      vertex 1.4142135623730951 16.585786437626904 34.5
      vertex 1.5867066805824703 16.782477141982557 34.5
    endloop
  endfacet
  facet normal -0.831469612302547 0.5555702330195995 0
    outer loop
      vertex 1.7320508075688772 17 28.5
      vertex 1.5867066805824703 16.782477141982557 34.5
      vertex 1.7320508075688772 17 34.5
    endloop
  endfacet
  facet normal -0.8968727415326885 0.442288690219001 0
    outer loop
      vertex 1.8477590650225735 17.23463313526982 28.5
      vertex 1.7320508075688772 17 34.5
      vertex 1.8477590650225735 17.23463313526982 34.5
    endloop
  endfacet
  facet normal -0.9469301294951062 0.32143946530316014 0
    outer loop
      vertex 1.9318516525781366 17.48236190979496 28.5
      vertex 1.8477590650225735 17.23463313526982 34.5
      vertex 1.9318516525781366 17.48236190979496 34.5
    endloop
  endfacet
  facet normal -0.9807852804032303 0.19509032201612853 0
    outer loop
      vertex 1.9828897227476208 17.738947615559898 28.5
      vertex 1.9318516525781366 17.48236190979496 34.5
      vertex 1.9828897227476208 17.738947615559898 34.5
    endloop
  endfacet
  facet normal -0.9978589232386035 0.06540312923014352 0
    outer loop
      vertex 2 18 28.5
      vertex 1.9828897227476208 17.738947615559898 34.5
      vertex 2 18 34.5
    endloop
  endfacet
  facet normal -0.9978589232386035 -0.06540312923014352 0
    outer loop
      vertex 1.9828897227476208 18.261052384440102 28.5
      vertex 2 18 34.5
      vertex 1.9828897227476208 18.261052384440102 34.5
    endloop
  endfacet
  facet normal 0.9807852804032303 -0.19509032201612853 0
    outer loop
      vertex -1.9828897227476208 18.261052384440102 28.5
      vertex -1.9318516525781366 18.51763809020504 28.5
      vertex -1.9318516525781366 18.51763809020504 34.5
    endloop
  endfacet
  facet normal 0.9469301294951062 -0.32143946530316014 0
    outer loop
      vertex -1.9318516525781366 18.51763809020504 28.5
      vertex -1.8477590650225735 18.76536686473018 28.5
      vertex -1.8477590650225735 18.76536686473018 34.5
    endloop
  endfacet
  facet normal 0.8968727415326885 -0.442288690219001 0
    outer loop
      vertex -1.8477590650225735 18.76536686473018 28.5
      vertex -1.7320508075688772 19 28.5
      vertex -1.7320508075688772 19 34.5
    endloop
  endfacet
  facet normal 0.831469612302547 -0.5555702330195995 0
    outer loop
      vertex -1.7320508075688772 19 28.5
      vertex -1.5867066805824703 19.217522858017443 28.5
      vertex -1.5867066805824703 19.217522858017443 34.5
    endloop
  endfacet
  facet normal 0.7518398074789766 -0.6593458151000698 0
    outer loop
      vertex -1.5867066805824703 19.217522858017443 28.5
      vertex -1.4142135623730951 19.414213562373096 28.5
      vertex -1.4142135623730951 19.414213562373096 34.5
    endloop
  endfacet
  facet normal 0.6593458151000662 -0.7518398074789798 0
    outer loop
      vertex -1.4142135623730951 19.414213562373096 28.5
      vertex -1.2175228580174413 19.58670668058247 28.5
      vertex -1.2175228580174413 19.58670668058247 34.5
    endloop
  endfacet
  facet normal 0.5555702330196066 -0.8314696123025423 0
    outer loop
      vertex -1.2175228580174413 19.58670668058247 28.5
      vertex -1 19.73205080756888 28.5
      vertex -1 19.73205080756888 34.5
    endloop
  endfacet
  facet normal 0.4422886902189933 -0.8968727415326921 0
    outer loop
      vertex -1 19.73205080756888 28.5
      vertex -0.7653668647301796 19.847759065022572 28.5
      vertex -0.7653668647301796 19.847759065022572 34.5
    endloop
  endfacet
  facet normal 0.3214394653031626 -0.9469301294951054 0
    outer loop
      vertex -0.7653668647301796 19.847759065022572 28.5
      vertex -0.5176380902050415 19.931851652578136 28.5
      vertex -0.5176380902050415 19.931851652578136 34.5
    endloop
  endfacet
  facet normal -0.9469301294951062 -0.32143946530316014 0
    outer loop
      vertex 1.9318516525781366 18.51763809020504 28.5
      vertex 1.9318516525781366 18.51763809020504 34.5
      vertex 1.8477590650225735 18.76536686473018 28.5
    endloop
  endfacet
  facet normal -0.8968727415326885 -0.442288690219001 0
    outer loop
      vertex 1.8477590650225735 18.76536686473018 28.5
      vertex 1.8477590650225735 18.76536686473018 34.5
      vertex 1.7320508075688772 19 28.5
    endloop
  endfacet
  facet normal -0.7518398074789766 -0.6593458151000698 0
    outer loop
      vertex 1.5867066805824703 19.217522858017443 28.5
      vertex 1.5867066805824703 19.217522858017443 34.5
      vertex 1.4142135623730951 19.414213562373096 28.5
    endloop
  endfacet
  facet normal -0.831469612302547 -0.5555702330195995 0
    outer loop
      vertex 1.5867066805824703 19.217522858017443 28.5
      vertex 1.7320508075688772 19 28.5
      vertex 1.7320508075688772 19 34.5
    endloop
  endfacet
  facet normal 0.19509032201613605 -0.9807852804032289 0
    outer loop
      vertex -0.5176380902050415 19.931851652578136 28.5
      vertex -0.26105238444010315 19.982889722747622 28.5
      vertex -0.26105238444010315 19.982889722747622 34.5
    endloop
  endfacet
  facet normal 0.06540312923013908 -0.9978589232386038 0
    outer loop
      vertex -0.26105238444010315 19.982889722747622 28.5
      vertex 0 20 28.5
      vertex 0 20 34.5
    endloop
  endfacet
  facet normal -0.06540312923013908 -0.9978589232386038 0
    outer loop
      vertex 0 20 28.5
      vertex 0.26105238444010315 19.982889722747622 28.5
      vertex 0.26105238444010315 19.982889722747622 34.5
    endloop
  endfacet
  facet normal -0.19509032201613605 -0.9807852804032289 0
    outer loop
      vertex 0.26105238444010315 19.982889722747622 28.5
      vertex 0.5176380902050415 19.931851652578136 28.5
      vertex 0.5176380902050415 19.931851652578136 34.5
    endloop
  endfacet
  facet normal -0.3214394653031626 -0.9469301294951054 0
    outer loop
      vertex 0.5176380902050415 19.931851652578136 28.5
      vertex 0.7653668647301796 19.847759065022572 28.5
      vertex 0.7653668647301796 19.847759065022572 34.5
    endloop
  endfacet
  facet normal -0.6593458151000662 -0.7518398074789798 0
    outer loop
      vertex 1.2175228580174413 19.58670668058247 28.5
      vertex 1.4142135623730951 19.414213562373096 28.5
      vertex 1.4142135623730951 19.414213562373096 34.5
    endloop
  endfacet
  facet normal -0.5555702330196066 -0.8314696123025423 0
    outer loop
      vertex 1 19.73205080756888 28.5
      vertex 1.2175228580174413 19.58670668058247 28.5
      vertex 1.2175228580174413 19.58670668058247 34.5
    endloop
  endfacet
  facet normal -0.4422886902189933 -0.8968727415326921 0
    outer loop
      vertex 1 19.73205080756888 28.5
      vertex 1 19.73205080756888 34.5
      vertex 0.7653668647301796 19.847759065022572 28.5
    endloop
  endfacet
  facet normal 0.9469301294951062 -0.32143946530316014 0
    outer loop
      vertex -1.9318516525781366 18.51763809020504 28.5
      vertex -1.8477590650225735 18.76536686473018 34.5
      vertex -1.9318516525781366 18.51763809020504 34.5
    endloop
  endfacet
  facet normal 0.8968727415326885 -0.442288690219001 0
    outer loop
      vertex -1.8477590650225735 18.76536686473018 28.5
      vertex -1.7320508075688772 19 34.5
      vertex -1.8477590650225735 18.76536686473018 34.5
    endloop
  endfacet
  facet normal 0.831469612302547 -0.5555702330195995 0
    outer loop
      vertex -1.7320508075688772 19 28.5
      vertex -1.5867066805824703 19.217522858017443 34.5
      vertex -1.7320508075688772 19 34.5
    endloop
  endfacet
  facet normal 0.7518398074789766 -0.6593458151000698 0
    outer loop
      vertex -1.5867066805824703 19.217522858017443 28.5
      vertex -1.4142135623730951 19.414213562373096 34.5
      vertex -1.5867066805824703 19.217522858017443 34.5
    endloop
  endfacet
  facet normal 0.6593458151000662 -0.7518398074789798 0
    outer loop
      vertex -1.4142135623730951 19.414213562373096 28.5
      vertex -1.2175228580174413 19.58670668058247 34.5
      vertex -1.4142135623730951 19.414213562373096 34.5
    endloop
  endfacet
  facet normal 0.5555702330196066 -0.8314696123025423 0
    outer loop
      vertex -1.2175228580174413 19.58670668058247 28.5
      vertex -1 19.73205080756888 34.5
      vertex -1.2175228580174413 19.58670668058247 34.5
    endloop
  endfacet
  facet normal 0.4422886902189933 -0.8968727415326921 0
    outer loop
      vertex -1 19.73205080756888 28.5
      vertex -0.7653668647301796 19.847759065022572 34.5
      vertex -1 19.73205080756888 34.5
    endloop
  endfacet
  facet normal 0.3214394653031626 -0.9469301294951054 0
    outer loop
      vertex -0.7653668647301796 19.847759065022572 28.5
      vertex -0.5176380902050415 19.931851652578136 34.5
      vertex -0.7653668647301796 19.847759065022572 34.5
    endloop
  endfacet
  facet normal -0.9807852804032303 -0.19509032201612853 0
    outer loop
      vertex 1.9318516525781366 18.51763809020504 28.5
      vertex 1.9828897227476208 18.261052384440102 34.5
      vertex 1.9318516525781366 18.51763809020504 34.5
    endloop
  endfacet
  facet normal -0.9469301294951062 -0.32143946530316014 0
    outer loop
      vertex 1.8477590650225735 18.76536686473018 28.5
      vertex 1.9318516525781366 18.51763809020504 34.5
      vertex 1.8477590650225735 18.76536686473018 34.5
    endloop
  endfacet
  facet normal -0.8968727415326885 -0.442288690219001 0
    outer loop
      vertex 1.7320508075688772 19 28.5
      vertex 1.8477590650225735 18.76536686473018 34.5
      vertex 1.7320508075688772 19 34.5
    endloop
  endfacet
  facet normal -0.831469612302547 -0.5555702330195995 0
    outer loop
      vertex 1.5867066805824703 19.217522858017443 28.5
      vertex 1.7320508075688772 19 34.5
      vertex 1.5867066805824703 19.217522858017443 34.5
    endloop
  endfacet
  facet normal 0.19509032201613605 -0.9807852804032289 0
    outer loop
      vertex -0.5176380902050415 19.931851652578136 28.5
      vertex -0.26105238444010315 19.982889722747622 34.5
      vertex -0.5176380902050415 19.931851652578136 34.5
    endloop
  endfacet
  facet normal 0.06540312923013908 -0.9978589232386038 0
    outer loop
      vertex -0.26105238444010315 19.982889722747622 28.5
      vertex 0 20 34.5
      vertex -0.26105238444010315 19.982889722747622 34.5
    endloop
  endfacet
  facet normal -0.06540312923013908 -0.9978589232386038 0
    outer loop
      vertex 0 20 28.5
      vertex 0.26105238444010315 19.982889722747622 34.5
      vertex 0 20 34.5
    endloop
  endfacet
  facet normal -0.19509032201613605 -0.9807852804032289 0
    outer loop
      vertex 0.26105238444010315 19.982889722747622 28.5
      vertex 0.5176380902050415 19.931851652578136 34.5
      vertex 0.26105238444010315 19.982889722747622 34.5
    endloop
  endfacet
  facet normal -0.4422886902189933 -0.8968727415326921 0
    outer loop
      vertex 0.7653668647301796 19.847759065022572 28.5
      vertex 1 19.73205080756888 34.5
      vertex 0.7653668647301796 19.847759065022572 34.5
    endloop
  endfacet
  facet normal -0.3214394653031626 -0.9469301294951054 0
    outer loop
      vertex 0.5176380902050415 19.931851652578136 28.5
      vertex 0.7653668647301796 19.847759065022572 34.5
      vertex 0.5176380902050415 19.931851652578136 34.5
    endloop
  endfacet
  facet normal -0.7518398074789766 -0.6593458151000698 0
    outer loop
      vertex 1.4142135623730951 19.414213562373096 28.5
      vertex 1.5867066805824703 19.217522858017443 34.5
      vertex 1.4142135623730951 19.414213562373096 34.5
    endloop
  endfacet
  facet normal -0.6593458151000662 -0.7518398074789798 0
    outer loop
      vertex 1.2175228580174413 19.58670668058247 28.5
      vertex 1.4142135623730951 19.414213562373096 34.5
      vertex 1.2175228580174413 19.58670668058247 34.5
    endloop
  endfacet
  facet normal -0.5555702330196066 -0.8314696123025423 0
    outer loop
      vertex 1 19.73205080756888 28.5
      vertex 1.2175228580174413 19.58670668058247 34.5
      vertex 1 19.73205080756888 34.5
    endloop
  endfacet
  facet normal 0 0 1
    outer loop
      vertex 70.58578643762691 -1.4142135623730951 28.5
      vertex 70.58578643762691 1.4142135623730951 28.5
      vertex 70.41329331941753 -1.2175228580174413 28.5
    endloop
  endfacet
  facet normal 0 0 1
    outer loop
      vertex 70.58578643762691 -1.4142135623730951 28.5
      vertex 70.78247714198255 -1.5867066805824703 28.5
      vertex 70.78247714198255 1.5867066805824703 28.5
    endloop
  endfacet
  facet normal 0 0 1
    outer loop
      vertex 70.78247714198255 -1.5867066805824703 28.5
      vertex 71 -1.7320508075688772 28.5
      vertex 71 1.7320508075688772 28.5
    endloop
  endfacet
  facet normal 0 0 1
    outer loop
      vertex 71.23463313526982 -1.8477590650225735 28.5
      vertex 71.48236190979496 -1.9318516525781366 28.5
      vertex 71.48236190979496 1.9318516525781366 28.5
    endloop
  endfacet
  facet normal 0 0 1
    outer loop
      vertex 71.48236190979496 -1.9318516525781366 28.5
      vertex 71.7389476155599 -1.9828897227476208 28.5
      vertex 71.7389476155599 1.9828897227476208 28.5
    endloop
  endfacet
  facet normal 0 0 1
    outer loop
      vertex 71.23463313526982 -1.8477590650225735 28.5
      vertex 71.23463313526982 1.8477590650225735 28.5
      vertex 71 -1.7320508075688772 28.5
    endloop
  endfacet
  facet normal 0 0 1
    outer loop
      vertex 71.7389476155599 -1.9828897227476208 28.5
      vertex 72 -2 28.5
      vertex 72 2 28.5
    endloop
  endfacet
  facet normal 0 0 1
    outer loop
      vertex 72 -2 28.5
      vertex 72.2610523844401 -1.9828897227476208 28.5
      vertex 72.2610523844401 1.9828897227476208 28.5
    endloop
  endfacet
  facet normal 0 0 1
    outer loop
      vertex 72.2610523844401 -1.9828897227476208 28.5
      vertex 72.51763809020504 -1.9318516525781366 28.5
      vertex 72.51763809020504 1.9318516525781366 28.5
    endloop
  endfacet
  facet normal 0 0 1
    outer loop
      vertex 72.51763809020504 -1.9318516525781366 28.5
      vertex 72.76536686473018 -1.8477590650225735 28.5
      vertex 72.76536686473018 1.8477590650225735 28.5
    endloop
  endfacet
  facet normal 0 0 1
    outer loop
      vertex 72.76536686473018 -1.8477590650225735 28.5
      vertex 73 -1.7320508075688772 28.5
      vertex 73 1.7320508075688772 28.5
    endloop
  endfacet
  facet normal 0 0 1
    outer loop
      vertex 73 -1.7320508075688772 28.5
      vertex 73.21752285801745 -1.5867066805824703 28.5
      vertex 73.21752285801745 1.5867066805824703 28.5
    endloop
  endfacet
  facet normal 0 0 1
    outer loop
      vertex 73.21752285801745 -1.5867066805824703 28.5
      vertex 73.41421356237309 -1.4142135623730951 28.5
      vertex 73.41421356237309 1.4142135623730951 28.5
    endloop
  endfacet
  facet normal 0 0 1
    outer loop
      vertex 73.41421356237309 -1.4142135623730951 28.5
      vertex 73.58670668058247 -1.2175228580174413 28.5
      vertex 73.58670668058247 1.2175228580174413 28.5
    endloop
  endfacet
  facet normal 0 0 1
    outer loop
      vertex 73.58670668058247 -1.2175228580174413 28.5
      vertex 73.73205080756888 -1 28.5
      vertex 73.73205080756888 1 28.5
    endloop
  endfacet
  facet normal 0 0 1
    outer loop
      vertex 70.26794919243112 -1 28.5
      vertex 70.41329331941753 -1.2175228580174413 28.5
      vertex 70.41329331941753 1.2175228580174413 28.5
    endloop
  endfacet
  facet normal 0 0 1
    outer loop
      vertex 70.26794919243112 -1 28.5
      vertex 70.26794919243112 1 28.5
      vertex 70.15224093497743 -0.7653668647301796 28.5
    endloop
  endfacet
  facet normal 0 0 1
    outer loop
      vertex 70.15224093497743 -0.7653668647301796 28.5
      vertex 70.15224093497743 0.7653668647301796 28.5
      vertex 70.06814834742187 -0.5176380902050415 28.5
    endloop
  endfacet
  facet normal 0 0 1
    outer loop
      vertex 70.06814834742187 -0.5176380902050415 28.5
      vertex 70.06814834742187 0.5176380902050415 28.5
      vertex 70.01711027725239 -0.26105238444010315 28.5
    endloop
  endfacet
  facet normal 0 0 1
    outer loop
      vertex 70.01711027725239 -0.26105238444010315 28.5
      vertex 70.01711027725239 0.26105238444010315 28.5
      vertex 70 0 28.5
    endloop
  endfacet
  facet normal 0 0 1
    outer loop
      vertex 70.01711027725239 -0.26105238444010315 28.5
      vertex 70.06814834742187 0.5176380902050415 28.5
      vertex 70.01711027725239 0.26105238444010315 28.5
    endloop
  endfacet
  facet normal 0 0 1
    outer loop
      vertex 70.06814834742187 -0.5176380902050415 28.5
      vertex 70.15224093497743 0.7653668647301796 28.5
      vertex 70.06814834742187 0.5176380902050415 28.5
    endloop
  endfacet
  facet normal 0 0 1
    outer loop
      vertex 70.15224093497743 -0.7653668647301796 28.5
      vertex 70.26794919243112 1 28.5
      vertex 70.15224093497743 0.7653668647301796 28.5
    endloop
  endfacet
  facet normal 0 0 1
    outer loop
      vertex 70.26794919243112 -1 28.5
      vertex 70.41329331941753 1.2175228580174413 28.5
      vertex 70.26794919243112 1 28.5
    endloop
  endfacet
  facet normal 0 0 1
    outer loop
      vertex 70.41329331941753 -1.2175228580174413 28.5
      vertex 70.58578643762691 1.4142135623730951 28.5
      vertex 70.41329331941753 1.2175228580174413 28.5
    endloop
  endfacet
  facet normal 0 0 1
    outer loop
      vertex 70.58578643762691 -1.4142135623730951 28.5
      vertex 70.78247714198255 1.5867066805824703 28.5
      vertex 70.58578643762691 1.4142135623730951 28.5
    endloop
  endfacet
  facet normal 0 0 1
    outer loop
      vertex 70.78247714198255 -1.5867066805824703 28.5
      vertex 71 1.7320508075688772 28.5
      vertex 70.78247714198255 1.5867066805824703 28.5
    endloop
  endfacet
  facet normal 0 0 1
    outer loop
      vertex 71 -1.7320508075688772 28.5
      vertex 71.23463313526982 1.8477590650225735 28.5
      vertex 71 1.7320508075688772 28.5
    endloop
  endfacet
  facet normal 0 0 1
    outer loop
      vertex 71.23463313526982 -1.8477590650225735 28.5
      vertex 71.48236190979496 1.9318516525781366 28.5
      vertex 71.23463313526982 1.8477590650225735 28.5
    endloop
  endfacet
  facet normal 0 0 1
    outer loop
      vertex 71.48236190979496 -1.9318516525781366 28.5
      vertex 71.7389476155599 1.9828897227476208 28.5
      vertex 71.48236190979496 1.9318516525781366 28.5
    endloop
  endfacet
  facet normal 0 0 1
    outer loop
      vertex 71.7389476155599 -1.9828897227476208 28.5
      vertex 72 2 28.5
      vertex 71.7389476155599 1.9828897227476208 28.5
    endloop
  endfacet
  facet normal 0 0 1
    outer loop
      vertex 72 -2 28.5
      vertex 72.2610523844401 1.9828897227476208 28.5
      vertex 72 2 28.5
    endloop
  endfacet
  facet normal 0 0 1
    outer loop
      vertex 72.2610523844401 -1.9828897227476208 28.5
      vertex 72.51763809020504 1.9318516525781366 28.5
      vertex 72.2610523844401 1.9828897227476208 28.5
    endloop
  endfacet
  facet normal 0 0 1
    outer loop
      vertex 73.73205080756888 -1 28.5
      vertex 73.84775906502257 -0.7653668647301796 28.5
      vertex 73.84775906502257 0.7653668647301796 28.5
    endloop
  endfacet
  facet normal 0 0 1
    outer loop
      vertex 73.84775906502257 -0.7653668647301796 28.5
      vertex 73.93185165257813 -0.5176380902050415 28.5
      vertex 73.93185165257813 0.5176380902050415 28.5
    endloop
  endfacet
  facet normal 0 0 1
    outer loop
      vertex 73.93185165257813 -0.5176380902050415 28.5
      vertex 73.98288972274761 -0.26105238444010315 28.5
      vertex 73.98288972274761 0.26105238444010315 28.5
    endloop
  endfacet
  facet normal 0 0 1
    outer loop
      vertex 73.93185165257813 -0.5176380902050415 28.5
      vertex 73.98288972274761 0.26105238444010315 28.5
      vertex 73.93185165257813 0.5176380902050415 28.5
    endloop
  endfacet
  facet normal 0 0 1
    outer loop
      vertex 73 -1.7320508075688772 28.5
      vertex 73.21752285801745 1.5867066805824703 28.5
      vertex 73 1.7320508075688772 28.5
    endloop
  endfacet
  facet normal 0 0 1
    outer loop
      vertex 73.84775906502257 -0.7653668647301796 28.5
      vertex 73.93185165257813 0.5176380902050415 28.5
      vertex 73.84775906502257 0.7653668647301796 28.5
    endloop
  endfacet
  facet normal 0 0 1
    outer loop
      vertex 73.73205080756888 -1 28.5
      vertex 73.84775906502257 0.7653668647301796 28.5
      vertex 73.73205080756888 1 28.5
    endloop
  endfacet
  facet normal 0 0 1
    outer loop
      vertex 73.41421356237309 -1.4142135623730951 28.5
      vertex 73.58670668058247 1.2175228580174413 28.5
      vertex 73.41421356237309 1.4142135623730951 28.5
    endloop
  endfacet
  facet normal 0 0 1
    outer loop
      vertex 73.21752285801745 -1.5867066805824703 28.5
      vertex 73.41421356237309 1.4142135623730951 28.5
      vertex 73.21752285801745 1.5867066805824703 28.5
    endloop
  endfacet
  facet normal 0 0 1
    outer loop
      vertex 73.58670668058247 -1.2175228580174413 28.5
      vertex 73.73205080756888 1 28.5
      vertex 73.58670668058247 1.2175228580174413 28.5
    endloop
  endfacet
  facet normal 0 0 1
    outer loop
      vertex 73.98288972274761 -0.26105238444010315 28.5
      vertex 74 0 28.5
      vertex 73.98288972274761 0.26105238444010315 28.5
    endloop
  endfacet
  facet normal 0 0 1
    outer loop
      vertex 72.51763809020504 -1.9318516525781366 28.5
      vertex 72.76536686473018 1.8477590650225735 28.5
      vertex 72.51763809020504 1.9318516525781366 28.5
    endloop
  endfacet
  facet normal 0 0 1
    outer loop
      vertex 72.76536686473018 -1.8477590650225735 28.5
      vertex 73 1.7320508075688772 28.5
      vertex 72.76536686473018 1.8477590650225735 28.5
    endloop
  endfacet
  facet normal 0.4422886902190064 0.8968727415326858 0
    outer loop
      vertex 71.23463313526982 -1.8477590650225735 28.5
      vertex 71 -1.7320508075688772 28.5
      vertex 71 -1.7320508075688772 34.5
    endloop
  endfacet
  facet normal 0.5555702330195933 0.8314696123025512 0
    outer loop
      vertex 70.78247714198255 -1.5867066805824703 28.5
      vertex 70.78247714198255 -1.5867066805824703 34.5
      vertex 71 -1.7320508075688772 28.5
    endloop
  endfacet
  facet normal 0.6593458151000834 0.7518398074789648 0
    outer loop
      vertex 70.58578643762691 -1.4142135623730951 28.5
      vertex 70.58578643762691 -1.4142135623730951 34.5
      vertex 70.78247714198255 -1.5867066805824703 28.5
    endloop
  endfacet
  facet normal 0.321439465303156 0.9469301294951076 0
    outer loop
      vertex 71.23463313526982 -1.8477590650225735 28.5
      vertex 71.23463313526982 -1.8477590650225735 34.5
      vertex 71.48236190979496 -1.9318516525781366 28.5
    endloop
  endfacet
  facet normal 0.19509032201613113 0.98078528040323 0
    outer loop
      vertex 71.48236190979496 -1.9318516525781366 28.5
      vertex 71.48236190979496 -1.9318516525781366 34.5
      vertex 71.7389476155599 -1.9828897227476208 28.5
    endloop
  endfacet
  facet normal 0.06540312923014263 0.9978589232386036 0
    outer loop
      vertex 71.7389476155599 -1.9828897227476208 28.5
      vertex 71.7389476155599 -1.9828897227476208 34.5
      vertex 72 -2 28.5
    endloop
  endfacet
  facet normal -0.06540312923014263 0.9978589232386036 0
    outer loop
      vertex 72 -2 28.5
      vertex 72 -2 34.5
      vertex 72.2610523844401 -1.9828897227476208 28.5
    endloop
  endfacet
  facet normal -0.19509032201613113 0.98078528040323 0
    outer loop
      vertex 72.2610523844401 -1.9828897227476208 28.5
      vertex 72.2610523844401 -1.9828897227476208 34.5
      vertex 72.51763809020504 -1.9318516525781366 28.5
    endloop
  endfacet
  facet normal 0.8314696123025297 0.5555702330196254 0
    outer loop
      vertex 70.26794919243112 -1 28.5
      vertex 70.26794919243112 -1 34.5
      vertex 70.41329331941753 -1.2175228580174413 28.5
    endloop
  endfacet
  facet normal 0.7518398074789798 0.6593458151000662 0
    outer loop
      vertex 70.58578643762691 -1.4142135623730951 28.5
      vertex 70.41329331941753 -1.2175228580174413 28.5
      vertex 70.41329331941753 -1.2175228580174413 34.5
    endloop
  endfacet
  facet normal 0.8968727415326976 0.44228869021898237 0
    outer loop
      vertex 70.26794919243112 -1 28.5
      vertex 70.15224093497743 -0.7653668647301796 28.5
      vertex 70.15224093497743 -0.7653668647301796 34.5
    endloop
  endfacet
  facet normal 0.9469301294951094 0.3214394653031504 0
    outer loop
      vertex 70.15224093497743 -0.7653668647301796 28.5
      vertex 70.06814834742187 -0.5176380902050415 28.5
      vertex 70.06814834742187 -0.5176380902050415 34.5
    endloop
  endfacet
  facet normal -0.321439465303156 0.9469301294951076 0
    outer loop
      vertex 72.51763809020504 -1.9318516525781366 28.5
      vertex 72.51763809020504 -1.9318516525781366 34.5
      vertex 72.76536686473018 -1.8477590650225735 28.5
    endloop
  endfacet
  facet normal -0.4422886902190064 0.8968727415326858 0
    outer loop
      vertex 72.76536686473018 -1.8477590650225735 28.5
      vertex 72.76536686473018 -1.8477590650225735 34.5
      vertex 73 -1.7320508075688772 28.5
    endloop
  endfacet
  facet normal -0.5555702330195933 0.8314696123025512 0
    outer loop
      vertex 73 -1.7320508075688772 28.5
      vertex 73 -1.7320508075688772 34.5
      vertex 73.21752285801745 -1.5867066805824703 28.5
    endloop
  endfacet
  facet normal -0.6593458151000834 0.7518398074789648 0
    outer loop
      vertex 73.21752285801745 -1.5867066805824703 28.5
      vertex 73.21752285801745 -1.5867066805824703 34.5
      vertex 73.41421356237309 -1.4142135623730951 28.5
    endloop
  endfacet
  facet normal -0.7518398074789798 0.6593458151000662 0
    outer loop
      vertex 73.41421356237309 -1.4142135623730951 28.5
      vertex 73.41421356237309 -1.4142135623730951 34.5
      vertex 73.58670668058247 -1.2175228580174413 28.5
    endloop
  endfacet
  facet normal -0.8314696123025297 0.5555702330196254 0
    outer loop
      vertex 73.58670668058247 -1.2175228580174413 28.5
      vertex 73.58670668058247 -1.2175228580174413 34.5
      vertex 73.73205080756888 -1 28.5
    endloop
  endfacet
  facet normal -0.8968727415326976 0.44228869021898237 0
    outer loop
      vertex 73.73205080756888 -1 28.5
      vertex 73.73205080756888 -1 34.5
      vertex 73.84775906502257 -0.7653668647301796 28.5
    endloop
  endfacet
  facet normal -0.9469301294951094 0.3214394653031504 0
    outer loop
      vertex 73.84775906502257 -0.7653668647301796 28.5
      vertex 73.84775906502257 -0.7653668647301796 34.5
      vertex 73.93185165257813 -0.5176380902050415 28.5
    endloop
  endfacet
  facet normal -0.9807852804032315 0.19509032201612297 0
    outer loop
      vertex 73.93185165257813 -0.5176380902050415 28.5
      vertex 73.93185165257813 -0.5176380902050415 34.5
      vertex 73.98288972274761 -0.26105238444010315 28.5
    endloop
  endfacet
  facet normal 0.5555702330195933 0.8314696123025512 0
    outer loop
      vertex 71 -1.7320508075688772 28.5
      vertex 70.78247714198255 -1.5867066805824703 34.5
      vertex 71 -1.7320508075688772 34.5
    endloop
  endfacet
  facet normal 0.6593458151000834 0.7518398074789648 0
    outer loop
      vertex 70.78247714198255 -1.5867066805824703 28.5
      vertex 70.58578643762691 -1.4142135623730951 34.5
      vertex 70.78247714198255 -1.5867066805824703 34.5
    endloop
  endfacet
  facet normal 0.7518398074789798 0.6593458151000662 0
    outer loop
      vertex 70.58578643762691 -1.4142135623730951 28.5
      vertex 70.41329331941753 -1.2175228580174413 34.5
      vertex 70.58578643762691 -1.4142135623730951 34.5
    endloop
  endfacet
  facet normal 0.321439465303156 0.9469301294951076 0
    outer loop
      vertex 71.48236190979496 -1.9318516525781366 28.5
      vertex 71.23463313526982 -1.8477590650225735 34.5
      vertex 71.48236190979496 -1.9318516525781366 34.5
    endloop
  endfacet
  facet normal 0.4422886902190064 0.8968727415326858 0
    outer loop
      vertex 71.23463313526982 -1.8477590650225735 28.5
      vertex 71 -1.7320508075688772 34.5
      vertex 71.23463313526982 -1.8477590650225735 34.5
    endloop
  endfacet
  facet normal 0.19509032201613113 0.98078528040323 0
    outer loop
      vertex 71.7389476155599 -1.9828897227476208 28.5
      vertex 71.48236190979496 -1.9318516525781366 34.5
      vertex 71.7389476155599 -1.9828897227476208 34.5
    endloop
  endfacet
  facet normal 0.06540312923014263 0.9978589232386036 0
    outer loop
      vertex 72 -2 28.5
      vertex 71.7389476155599 -1.9828897227476208 34.5
      vertex 72 -2 34.5
    endloop
  endfacet
  facet normal -0.06540312923014263 0.9978589232386036 0
    outer loop
      vertex 72.2610523844401 -1.9828897227476208 28.5
      vertex 72 -2 34.5
      vertex 72.2610523844401 -1.9828897227476208 34.5
    endloop
  endfacet
  facet normal -0.19509032201613113 0.98078528040323 0
    outer loop
      vertex 72.51763809020504 -1.9318516525781366 28.5
      vertex 72.2610523844401 -1.9828897227476208 34.5
      vertex 72.51763809020504 -1.9318516525781366 34.5
    endloop
  endfacet
  facet normal 0.8314696123025297 0.5555702330196254 0
    outer loop
      vertex 70.41329331941753 -1.2175228580174413 28.5
      vertex 70.26794919243112 -1 34.5
      vertex 70.41329331941753 -1.2175228580174413 34.5
    endloop
  endfacet
  facet normal 0.8968727415326976 0.44228869021898237 0
    outer loop
      vertex 70.26794919243112 -1 28.5
      vertex 70.15224093497743 -0.7653668647301796 34.5
      vertex 70.26794919243112 -1 34.5
    endloop
  endfacet
  facet normal 0.9469301294951094 0.3214394653031504 0
    outer loop
      vertex 70.15224093497743 -0.7653668647301796 28.5
      vertex 70.06814834742187 -0.5176380902050415 34.5
      vertex 70.15224093497743 -0.7653668647301796 34.5
    endloop
  endfacet
  facet normal 0.9807852804032315 0.19509032201612297 0
    outer loop
      vertex 70.06814834742187 -0.5176380902050415 28.5
      vertex 70.01711027725239 -0.26105238444010315 34.5
      vertex 70.06814834742187 -0.5176380902050415 34.5
    endloop
  endfacet
  facet normal -0.321439465303156 0.9469301294951076 0
    outer loop
      vertex 72.76536686473018 -1.8477590650225735 28.5
      vertex 72.51763809020504 -1.9318516525781366 34.5
      vertex 72.76536686473018 -1.8477590650225735 34.5
    endloop
  endfacet
  facet normal -0.4422886902190064 0.8968727415326858 0
    outer loop
      vertex 73 -1.7320508075688772 28.5
      vertex 72.76536686473018 -1.8477590650225735 34.5
      vertex 73 -1.7320508075688772 34.5
    endloop
  endfacet
  facet normal -0.5555702330195933 0.8314696123025512 0
    outer loop
      vertex 73.21752285801745 -1.5867066805824703 28.5
      vertex 73 -1.7320508075688772 34.5
      vertex 73.21752285801745 -1.5867066805824703 34.5
    endloop
  endfacet
  facet normal -0.6593458151000834 0.7518398074789648 0
    outer loop
      vertex 73.41421356237309 -1.4142135623730951 28.5
      vertex 73.21752285801745 -1.5867066805824703 34.5
      vertex 73.41421356237309 -1.4142135623730951 34.5
    endloop
  endfacet
  facet normal -0.7518398074789798 0.6593458151000662 0
    outer loop
      vertex 73.58670668058247 -1.2175228580174413 28.5
      vertex 73.41421356237309 -1.4142135623730951 34.5
      vertex 73.58670668058247 -1.2175228580174413 34.5
    endloop
  endfacet
  facet normal -0.8314696123025297 0.5555702330196254 0
    outer loop
      vertex 73.73205080756888 -1 28.5
      vertex 73.58670668058247 -1.2175228580174413 34.5
      vertex 73.73205080756888 -1 34.5
    endloop
  endfacet
  facet normal -0.8968727415326976 0.44228869021898237 0
    outer loop
      vertex 73.84775906502257 -0.7653668647301796 28.5
      vertex 73.73205080756888 -1 34.5
      vertex 73.84775906502257 -0.7653668647301796 34.5
    endloop
  endfacet
  facet normal -0.9469301294951094 0.3214394653031504 0
    outer loop
      vertex 73.93185165257813 -0.5176380902050415 28.5
      vertex 73.84775906502257 -0.7653668647301796 34.5
      vertex 73.93185165257813 -0.5176380902050415 34.5
    endloop
  endfacet
  facet normal 0.9807852804032315 0.19509032201612297 0
    outer loop
      vertex 70.06814834742187 -0.5176380902050415 28.5
      vertex 70.01711027725239 -0.26105238444010315 28.5
      vertex 70.01711027725239 -0.26105238444010315 34.5
    endloop
  endfacet
  facet normal 0.9978589232386019 0.06540312923016611 0
    outer loop
      vertex 70.01711027725239 -0.26105238444010315 28.5
      vertex 70 0 28.5
      vertex 70 0 34.5
    endloop
  endfacet
  facet normal 0.9978589232386019 -0.06540312923016611 0
    outer loop
      vertex 70 0 28.5
      vertex 70.01711027725239 0.26105238444010315 28.5
      vertex 70.01711027725239 0.26105238444010315 34.5
    endloop
  endfacet
  facet normal 0.9807852804032315 -0.19509032201612297 0
    outer loop
      vertex 70.01711027725239 0.26105238444010315 28.5
      vertex 70.06814834742187 0.5176380902050415 28.5
      vertex 70.06814834742187 0.5176380902050415 34.5
    endloop
  endfacet
  facet normal 0.9469301294951094 -0.3214394653031504 0
    outer loop
      vertex 70.06814834742187 0.5176380902050415 28.5
      vertex 70.15224093497743 0.7653668647301796 28.5
      vertex 70.15224093497743 0.7653668647301796 34.5
    endloop
  endfacet
  facet normal 0.8968727415326976 -0.44228869021898237 0
    outer loop
      vertex 70.15224093497743 0.7653668647301796 28.5
      vertex 70.26794919243112 1 28.5
      vertex 70.26794919243112 1 34.5
    endloop
  endfacet
  facet normal 0.8314696123025297 -0.5555702330196254 0
    outer loop
      vertex 70.26794919243112 1 28.5
      vertex 70.41329331941753 1.2175228580174413 28.5
      vertex 70.41329331941753 1.2175228580174413 34.5
    endloop
  endfacet
  facet normal 0.7518398074789798 -0.6593458151000662 0
    outer loop
      vertex 70.41329331941753 1.2175228580174413 28.5
      vertex 70.58578643762691 1.4142135623730951 28.5
      vertex 70.58578643762691 1.4142135623730951 34.5
    endloop
  endfacet
  facet normal -0.9807852804032315 -0.19509032201612297 0
    outer loop
      vertex 73.93185165257813 0.5176380902050415 28.5
      vertex 73.98288972274761 0.26105238444010315 28.5
      vertex 73.98288972274761 0.26105238444010315 34.5
    endloop
  endfacet
  facet normal -0.9978589232386019 0.06540312923016611 0
    outer loop
      vertex 73.98288972274761 -0.26105238444010315 28.5
      vertex 73.98288972274761 -0.26105238444010315 34.5
      vertex 74 0 28.5
    endloop
  endfacet
  facet normal -0.9978589232386019 -0.06540312923016611 0
    outer loop
      vertex 74 0 28.5
      vertex 74 0 34.5
      vertex 73.98288972274761 0.26105238444010315 28.5
    endloop
  endfacet
  facet normal -0.9469301294951094 -0.3214394653031504 0
    outer loop
      vertex 73.93185165257813 0.5176380902050415 28.5
      vertex 73.93185165257813 0.5176380902050415 34.5
      vertex 73.84775906502257 0.7653668647301796 28.5
    endloop
  endfacet
  facet normal -0.8968727415326976 -0.44228869021898237 0
    outer loop
      vertex 73.84775906502257 0.7653668647301796 28.5
      vertex 73.84775906502257 0.7653668647301796 34.5
      vertex 73.73205080756888 1 28.5
    endloop
  endfacet
  facet normal -0.8314696123025297 -0.5555702330196254 0
    outer loop
      vertex 73.58670668058247 1.2175228580174413 28.5
      vertex 73.73205080756888 1 28.5
      vertex 73.73205080756888 1 34.5
    endloop
  endfacet
  facet normal -0.7518398074789798 -0.6593458151000662 0
    outer loop
      vertex 73.58670668058247 1.2175228580174413 28.5
      vertex 73.58670668058247 1.2175228580174413 34.5
      vertex 73.41421356237309 1.4142135623730951 28.5
    endloop
  endfacet
  facet normal -0.6593458151000834 -0.7518398074789648 0
    outer loop
      vertex 73.21752285801745 1.5867066805824703 28.5
      vertex 73.41421356237309 1.4142135623730951 28.5
      vertex 73.41421356237309 1.4142135623730951 34.5
    endloop
  endfacet
  facet normal 0.9978589232386019 0.06540312923016611 0
    outer loop
      vertex 70.01711027725239 -0.26105238444010315 28.5
      vertex 70 0 34.5
      vertex 70.01711027725239 -0.26105238444010315 34.5
    endloop
  endfacet
  facet normal 0.9978589232386019 -0.06540312923016611 0
    outer loop
      vertex 70 0 28.5
      vertex 70.01711027725239 0.26105238444010315 34.5
      vertex 70 0 34.5
    endloop
  endfacet
  facet normal 0.9807852804032315 -0.19509032201612297 0
    outer loop
      vertex 70.01711027725239 0.26105238444010315 28.5
      vertex 70.06814834742187 0.5176380902050415 34.5
      vertex 70.01711027725239 0.26105238444010315 34.5
    endloop
  endfacet
  facet normal 0.9469301294951094 -0.3214394653031504 0
    outer loop
      vertex 70.06814834742187 0.5176380902050415 28.5
      vertex 70.15224093497743 0.7653668647301796 34.5
      vertex 70.06814834742187 0.5176380902050415 34.5
    endloop
  endfacet
  facet normal 0.8968727415326976 -0.44228869021898237 0
    outer loop
      vertex 70.15224093497743 0.7653668647301796 28.5
      vertex 70.26794919243112 1 34.5
      vertex 70.15224093497743 0.7653668647301796 34.5
    endloop
  endfacet
  facet normal 0.8314696123025297 -0.5555702330196254 0
    outer loop
      vertex 70.26794919243112 1 28.5
      vertex 70.41329331941753 1.2175228580174413 34.5
      vertex 70.26794919243112 1 34.5
    endloop
  endfacet
  facet normal 0.7518398074789798 -0.6593458151000662 0
    outer loop
      vertex 70.41329331941753 1.2175228580174413 28.5
      vertex 70.58578643762691 1.4142135623730951 34.5
      vertex 70.41329331941753 1.2175228580174413 34.5
    endloop
  endfacet
  facet normal 0.6593458151000834 -0.7518398074789648 0
    outer loop
      vertex 70.58578643762691 1.4142135623730951 28.5
      vertex 70.78247714198255 1.5867066805824703 34.5
      vertex 70.58578643762691 1.4142135623730951 34.5
    endloop
  endfacet
  facet normal -0.9807852804032315 0.19509032201612297 0
    outer loop
      vertex 73.98288972274761 -0.26105238444010315 28.5
      vertex 73.93185165257813 -0.5176380902050415 34.5
      vertex 73.98288972274761 -0.26105238444010315 34.5
    endloop
  endfacet
  facet normal -0.9807852804032315 -0.19509032201612297 0
    outer loop
      vertex 73.93185165257813 0.5176380902050415 28.5
      vertex 73.98288972274761 0.26105238444010315 34.5
      vertex 73.93185165257813 0.5176380902050415 34.5
    endloop
  endfacet
  facet normal -0.9978589232386019 0.06540312923016611 0
    outer loop
      vertex 74 0 28.5
      vertex 73.98288972274761 -0.26105238444010315 34.5
      vertex 74 0 34.5
    endloop
  endfacet
  facet normal -0.9978589232386019 -0.06540312923016611 0
    outer loop
      vertex 73.98288972274761 0.26105238444010315 28.5
      vertex 74 0 34.5
      vertex 73.98288972274761 0.26105238444010315 34.5
    endloop
  endfacet
  facet normal -0.9469301294951094 -0.3214394653031504 0
    outer loop
      vertex 73.84775906502257 0.7653668647301796 28.5
      vertex 73.93185165257813 0.5176380902050415 34.5
      vertex 73.84775906502257 0.7653668647301796 34.5
    endloop
  endfacet
  facet normal -0.8968727415326976 -0.44228869021898237 0
    outer loop
      vertex 73.73205080756888 1 28.5
      vertex 73.84775906502257 0.7653668647301796 34.5
      vertex 73.73205080756888 1 34.5
    endloop
  endfacet
  facet normal -0.8314696123025297 -0.5555702330196254 0
    outer loop
      vertex 73.58670668058247 1.2175228580174413 28.5
      vertex 73.73205080756888 1 34.5
      vertex 73.58670668058247 1.2175228580174413 34.5
    endloop
  endfacet
  facet normal -0.7518398074789798 -0.6593458151000662 0
    outer loop
      vertex 73.41421356237309 1.4142135623730951 28.5
      vertex 73.58670668058247 1.2175228580174413 34.5
      vertex 73.41421356237309 1.4142135623730951 34.5
    endloop
  endfacet
  facet normal 0.6593458151000834 -0.7518398074789648 0
    outer loop
      vertex 70.58578643762691 1.4142135623730951 28.5
      vertex 70.78247714198255 1.5867066805824703 28.5
      vertex 70.78247714198255 1.5867066805824703 34.5
    endloop
  endfacet
  facet normal 0.5555702330195933 -0.8314696123025512 0
    outer loop
      vertex 70.78247714198255 1.5867066805824703 28.5
      vertex 71 1.7320508075688772 28.5
      vertex 71 1.7320508075688772 34.5
    endloop
  endfacet
  facet normal 0.4422886902190064 -0.8968727415326858 0
    outer loop
      vertex 71 1.7320508075688772 28.5
      vertex 71.23463313526982 1.8477590650225735 28.5
      vertex 71.23463313526982 1.8477590650225735 34.5
    endloop
  endfacet
  facet normal 0.321439465303156 -0.9469301294951076 0
    outer loop
      vertex 71.23463313526982 1.8477590650225735 28.5
      vertex 71.48236190979496 1.9318516525781366 28.5
      vertex 71.48236190979496 1.9318516525781366 34.5
    endloop
  endfacet
  facet normal 0.19509032201613113 -0.98078528040323 0
    outer loop
      vertex 71.48236190979496 1.9318516525781366 28.5
      vertex 71.7389476155599 1.9828897227476208 28.5
      vertex 71.7389476155599 1.9828897227476208 34.5
    endloop
  endfacet
  facet normal -0.19509032201613113 -0.98078528040323 0
    outer loop
      vertex 72.2610523844401 1.9828897227476208 28.5
      vertex 72.51763809020504 1.9318516525781366 28.5
      vertex 72.51763809020504 1.9318516525781366 34.5
    endloop
  endfacet
  facet normal 0.06540312923014263 -0.9978589232386036 0
    outer loop
      vertex 71.7389476155599 1.9828897227476208 28.5
      vertex 72 2 28.5
      vertex 72 2 34.5
    endloop
  endfacet
  facet normal -0.06540312923014263 -0.9978589232386036 0
    outer loop
      vertex 72 2 28.5
      vertex 72.2610523844401 1.9828897227476208 28.5
      vertex 72.2610523844401 1.9828897227476208 34.5
    endloop
  endfacet
  facet normal -0.5555702330195933 -0.8314696123025512 0
    outer loop
      vertex 73 1.7320508075688772 28.5
      vertex 73.21752285801745 1.5867066805824703 28.5
      vertex 73.21752285801745 1.5867066805824703 34.5
    endloop
  endfacet
  facet normal -0.321439465303156 -0.9469301294951076 0
    outer loop
      vertex 72.51763809020504 1.9318516525781366 28.5
      vertex 72.76536686473018 1.8477590650225735 28.5
      vertex 72.76536686473018 1.8477590650225735 34.5
    endloop
  endfacet
  facet normal -0.4422886902190064 -0.8968727415326858 0
    outer loop
      vertex 73 1.7320508075688772 28.5
      vertex 73 1.7320508075688772 34.5
      vertex 72.76536686473018 1.8477590650225735 28.5
    endloop
  endfacet
  facet normal 0.5555702330195933 -0.8314696123025512 0
    outer loop
      vertex 70.78247714198255 1.5867066805824703 28.5
      vertex 71 1.7320508075688772 34.5
      vertex 70.78247714198255 1.5867066805824703 34.5
    endloop
  endfacet
  facet normal 0.4422886902190064 -0.8968727415326858 0
    outer loop
      vertex 71 1.7320508075688772 28.5
      vertex 71.23463313526982 1.8477590650225735 34.5
      vertex 71 1.7320508075688772 34.5
    endloop
  endfacet
  facet normal 0.321439465303156 -0.9469301294951076 0
    outer loop
      vertex 71.23463313526982 1.8477590650225735 28.5
      vertex 71.48236190979496 1.9318516525781366 34.5
      vertex 71.23463313526982 1.8477590650225735 34.5
    endloop
  endfacet
  facet normal 0.19509032201613113 -0.98078528040323 0
    outer loop
      vertex 71.48236190979496 1.9318516525781366 28.5
      vertex 71.7389476155599 1.9828897227476208 34.5
      vertex 71.48236190979496 1.9318516525781366 34.5
    endloop
  endfacet
  facet normal -0.19509032201613113 -0.98078528040323 0
    outer loop
      vertex 72.2610523844401 1.9828897227476208 28.5
      vertex 72.51763809020504 1.9318516525781366 34.5
      vertex 72.2610523844401 1.9828897227476208 34.5
    endloop
  endfacet
  facet normal 0.06540312923014263 -0.9978589232386036 0
    outer loop
      vertex 71.7389476155599 1.9828897227476208 28.5
      vertex 72 2 34.5
      vertex 71.7389476155599 1.9828897227476208 34.5
    endloop
  endfacet
  facet normal -0.06540312923014263 -0.9978589232386036 0
    outer loop
      vertex 72 2 28.5
      vertex 72.2610523844401 1.9828897227476208 34.5
      vertex 72 2 34.5
    endloop
  endfacet
  facet normal -0.5555702330195933 -0.8314696123025512 0
    outer loop
      vertex 73 1.7320508075688772 28.5
      vertex 73.21752285801745 1.5867066805824703 34.5
      vertex 73 1.7320508075688772 34.5
    endloop
  endfacet
  facet normal -0.4422886902190064 -0.8968727415326858 0
    outer loop
      vertex 72.76536686473018 1.8477590650225735 28.5
      vertex 73 1.7320508075688772 34.5
      vertex 72.76536686473018 1.8477590650225735 34.5
    endloop
  endfacet
  facet normal -0.321439465303156 -0.9469301294951076 0
    outer loop
      vertex 72.51763809020504 1.9318516525781366 28.5
      vertex 72.76536686473018 1.8477590650225735 34.5
      vertex 72.51763809020504 1.9318516525781366 34.5
    endloop
  endfacet
  facet normal -0.6593458151000834 -0.7518398074789648 0
    outer loop
      vertex 73.21752285801745 1.5867066805824703 28.5
      vertex 73.41421356237309 1.4142135623730951 34.5
      vertex 73.21752285801745 1.5867066805824703 34.5
    endloop
  endfacet
  facet normal 0 0 1
    outer loop
      vertex 46.58578643762691 -1.4142135623730951 28.5
      vertex 46.58578643762691 1.4142135623730951 28.5
      vertex 46.41329331941753 -1.2175228580174413 28.5
    endloop
  endfacet
  facet normal 0 0 1
    outer loop
      vertex 46.58578643762691 -1.4142135623730951 28.5
      vertex 46.78247714198256 -1.5867066805824703 28.5
      vertex 46.78247714198256 1.5867066805824703 28.5
    endloop
  endfacet
  facet normal 0 0 1
    outer loop
      vertex 46.78247714198256 -1.5867066805824703 28.5
      vertex 47 -1.7320508075688772 28.5
      vertex 47 1.7320508075688772 28.5
    endloop
  endfacet
  facet normal 0 0 1
    outer loop
      vertex 47.23463313526982 -1.8477590650225735 28.5
      vertex 47.23463313526982 1.8477590650225735 28.5
      vertex 47 -1.7320508075688772 28.5
    endloop
  endfacet
  facet normal 0 0 1
    outer loop
      vertex 46.15224093497743 -0.7653668647301796 28.5
      vertex 46.15224093497743 0.7653668647301796 28.5
      vertex 46.06814834742186 -0.5176380902050415 28.5
    endloop
  endfacet
  facet normal 0 0 1
    outer loop
      vertex 46.267949192431125 -1 28.5
      vertex 46.41329331941753 -1.2175228580174413 28.5
      vertex 46.41329331941753 1.2175228580174413 28.5
    endloop
  endfacet
  facet normal 0 0 1
    outer loop
      vertex 46.267949192431125 -1 28.5
      vertex 46.267949192431125 1 28.5
      vertex 46.15224093497743 -0.7653668647301796 28.5
    endloop
  endfacet
  facet normal 0 0 1
    outer loop
      vertex 46.06814834742186 -0.5176380902050415 28.5
      vertex 46.06814834742186 0.5176380902050415 28.5
      vertex 46.01711027725238 -0.26105238444010315 28.5
    endloop
  endfacet
  facet normal 0 0 1
    outer loop
      vertex 46.01711027725238 -0.26105238444010315 28.5
      vertex 46.01711027725238 0.26105238444010315 28.5
      vertex 46 0 28.5
    endloop
  endfacet
  facet normal 0 0 1
    outer loop
      vertex 46.01711027725238 -0.26105238444010315 28.5
      vertex 46.06814834742186 0.5176380902050415 28.5
      vertex 46.01711027725238 0.26105238444010315 28.5
    endloop
  endfacet
  facet normal 0 0 1
    outer loop
      vertex 46.06814834742186 -0.5176380902050415 28.5
      vertex 46.15224093497743 0.7653668647301796 28.5
      vertex 46.06814834742186 0.5176380902050415 28.5
    endloop
  endfacet
  facet normal 0 0 1
    outer loop
      vertex 46.15224093497743 -0.7653668647301796 28.5
      vertex 46.267949192431125 1 28.5
      vertex 46.15224093497743 0.7653668647301796 28.5
    endloop
  endfacet
  facet normal 0 0 1
    outer loop
      vertex 46.267949192431125 -1 28.5
      vertex 46.41329331941753 1.2175228580174413 28.5
      vertex 46.267949192431125 1 28.5
    endloop
  endfacet
  facet normal 0 0 1
    outer loop
      vertex 46.41329331941753 -1.2175228580174413 28.5
      vertex 46.58578643762691 1.4142135623730951 28.5
      vertex 46.41329331941753 1.2175228580174413 28.5
    endloop
  endfacet
  facet normal 0 0 1
    outer loop
      vertex 46.58578643762691 -1.4142135623730951 28.5
      vertex 46.78247714198256 1.5867066805824703 28.5
      vertex 46.58578643762691 1.4142135623730951 28.5
    endloop
  endfacet
  facet normal 0 0 1
    outer loop
      vertex 46.78247714198256 -1.5867066805824703 28.5
      vertex 47 1.7320508075688772 28.5
      vertex 46.78247714198256 1.5867066805824703 28.5
    endloop
  endfacet
  facet normal 0 0 1
    outer loop
      vertex 47 -1.7320508075688772 28.5
      vertex 47.23463313526982 1.8477590650225735 28.5
      vertex 47 1.7320508075688772 28.5
    endloop
  endfacet
  facet normal 0.5555702330196057 0.8314696123025428 0
    outer loop
      vertex 46.78247714198256 -1.5867066805824703 28.5
      vertex 46.78247714198256 -1.5867066805824703 34.5
      vertex 47 -1.7320508075688772 28.5
    endloop
  endfacet
  facet normal 0.4422886902190064 0.8968727415326858 0
    outer loop
      vertex 47.23463313526982 -1.8477590650225735 28.5
      vertex 47 -1.7320508075688772 28.5
      vertex 47 -1.7320508075688772 34.5
    endloop
  endfacet
  facet normal 0.6593458151000698 0.7518398074789766 0
    outer loop
      vertex 46.58578643762691 -1.4142135623730951 28.5
      vertex 46.58578643762691 -1.4142135623730951 34.5
      vertex 46.78247714198256 -1.5867066805824703 28.5
    endloop
  endfacet
  facet normal 0.7518398074789664 0.6593458151000815 0
    outer loop
      vertex 46.58578643762691 -1.4142135623730951 28.5
      vertex 46.41329331941753 -1.2175228580174413 28.5
      vertex 46.41329331941753 -1.2175228580174413 34.5
    endloop
  endfacet
  facet normal 0.8314696123025549 0.5555702330195879 0
    outer loop
      vertex 46.267949192431125 -1 28.5
      vertex 46.267949192431125 -1 34.5
      vertex 46.41329331941753 -1.2175228580174413 28.5
    endloop
  endfacet
  facet normal 0.8968727415326868 0.44228869021900424 0
    outer loop
      vertex 46.267949192431125 -1 28.5
      vertex 46.15224093497743 -0.7653668647301796 28.5
      vertex 46.15224093497743 -0.7653668647301796 34.5
    endloop
  endfacet
  facet normal 0.9469301294951011 0.3214394653031747 0
    outer loop
      vertex 46.15224093497743 -0.7653668647301796 28.5
      vertex 46.06814834742186 -0.5176380902050415 28.5
      vertex 46.06814834742186 -0.5176380902050415 34.5
    endloop
  endfacet
  facet normal 0.4422886902190064 0.8968727415326858 0
    outer loop
      vertex 47.23463313526982 -1.8477590650225735 28.5
      vertex 47 -1.7320508075688772 34.5
      vertex 47.23463313526982 -1.8477590650225735 34.5
    endloop
  endfacet
  facet normal 0.7518398074789664 0.6593458151000815 0
    outer loop
      vertex 46.58578643762691 -1.4142135623730951 28.5
      vertex 46.41329331941753 -1.2175228580174413 34.5
      vertex 46.58578643762691 -1.4142135623730951 34.5
    endloop
  endfacet
  facet normal 0.5555702330196057 0.8314696123025428 0
    outer loop
      vertex 47 -1.7320508075688772 28.5
      vertex 46.78247714198256 -1.5867066805824703 34.5
      vertex 47 -1.7320508075688772 34.5
    endloop
  endfacet
  facet normal 0.6593458151000698 0.7518398074789766 0
    outer loop
      vertex 46.78247714198256 -1.5867066805824703 28.5
      vertex 46.58578643762691 -1.4142135623730951 34.5
      vertex 46.78247714198256 -1.5867066805824703 34.5
    endloop
  endfacet
  facet normal 0.8314696123025549 0.5555702330195879 0
    outer loop
      vertex 46.41329331941753 -1.2175228580174413 28.5
      vertex 46.267949192431125 -1 34.5
      vertex 46.41329331941753 -1.2175228580174413 34.5
    endloop
  endfacet
  facet normal 0.8968727415326868 0.44228869021900424 0
    outer loop
      vertex 46.267949192431125 -1 28.5
      vertex 46.15224093497743 -0.7653668647301796 34.5
      vertex 46.267949192431125 -1 34.5
    endloop
  endfacet
  facet normal 0.9469301294951011 0.3214394653031747 0
    outer loop
      vertex 46.15224093497743 -0.7653668647301796 28.5
      vertex 46.06814834742186 -0.5176380902050415 34.5
      vertex 46.15224093497743 -0.7653668647301796 34.5
    endloop
  endfacet
  facet normal 0.9807852804032315 0.19509032201612297 0
    outer loop
      vertex 46.06814834742186 -0.5176380902050415 28.5
      vertex 46.01711027725238 -0.26105238444010315 34.5
      vertex 46.06814834742186 -0.5176380902050415 34.5
    endloop
  endfacet
  facet normal 0.9807852804032315 0.19509032201612297 0
    outer loop
      vertex 46.06814834742186 -0.5176380902050415 28.5
      vertex 46.01711027725238 -0.26105238444010315 28.5
      vertex 46.01711027725238 -0.26105238444010315 34.5
    endloop
  endfacet
  facet normal 0.9978589232386038 0.06540312923013908 0
    outer loop
      vertex 46.01711027725238 -0.26105238444010315 28.5
      vertex 46 0 28.5
      vertex 46 0 34.5
    endloop
  endfacet
  facet normal 0.9978589232386038 -0.06540312923013908 0
    outer loop
      vertex 46 0 28.5
      vertex 46.01711027725238 0.26105238444010315 28.5
      vertex 46.01711027725238 0.26105238444010315 34.5
    endloop
  endfacet
  facet normal 0.9807852804032315 -0.19509032201612297 0
    outer loop
      vertex 46.01711027725238 0.26105238444010315 28.5
      vertex 46.06814834742186 0.5176380902050415 28.5
      vertex 46.06814834742186 0.5176380902050415 34.5
    endloop
  endfacet
  facet normal 0.9469301294951011 -0.3214394653031747 0
    outer loop
      vertex 46.06814834742186 0.5176380902050415 28.5
      vertex 46.15224093497743 0.7653668647301796 28.5
      vertex 46.15224093497743 0.7653668647301796 34.5
    endloop
  endfacet
  facet normal 0.8968727415326868 -0.44228869021900424 0
    outer loop
      vertex 46.15224093497743 0.7653668647301796 28.5
      vertex 46.267949192431125 1 28.5
      vertex 46.267949192431125 1 34.5
    endloop
  endfacet
  facet normal 0.8314696123025549 -0.5555702330195879 0
    outer loop
      vertex 46.267949192431125 1 28.5
      vertex 46.41329331941753 1.2175228580174413 28.5
      vertex 46.41329331941753 1.2175228580174413 34.5
    endloop
  endfacet
  facet normal 0.7518398074789664 -0.6593458151000815 0
    outer loop
      vertex 46.41329331941753 1.2175228580174413 28.5
      vertex 46.58578643762691 1.4142135623730951 28.5
      vertex 46.58578643762691 1.4142135623730951 34.5
    endloop
  endfacet
  facet normal 0.9978589232386038 0.06540312923013908 0
    outer loop
      vertex 46.01711027725238 -0.26105238444010315 28.5
      vertex 46 0 34.5
      vertex 46.01711027725238 -0.26105238444010315 34.5
    endloop
  endfacet
  facet normal 0.9978589232386038 -0.06540312923013908 0
    outer loop
      vertex 46 0 28.5
      vertex 46.01711027725238 0.26105238444010315 34.5
      vertex 46 0 34.5
    endloop
  endfacet
  facet normal 0.9807852804032315 -0.19509032201612297 0
    outer loop
      vertex 46.01711027725238 0.26105238444010315 28.5
      vertex 46.06814834742186 0.5176380902050415 34.5
      vertex 46.01711027725238 0.26105238444010315 34.5
    endloop
  endfacet
  facet normal 0.9469301294951011 -0.3214394653031747 0
    outer loop
      vertex 46.06814834742186 0.5176380902050415 28.5
      vertex 46.15224093497743 0.7653668647301796 34.5
      vertex 46.06814834742186 0.5176380902050415 34.5
    endloop
  endfacet
  facet normal 0.8968727415326868 -0.44228869021900424 0
    outer loop
      vertex 46.15224093497743 0.7653668647301796 28.5
      vertex 46.267949192431125 1 34.5
      vertex 46.15224093497743 0.7653668647301796 34.5
    endloop
  endfacet
  facet normal 0.8314696123025549 -0.5555702330195879 0
    outer loop
      vertex 46.267949192431125 1 28.5
      vertex 46.41329331941753 1.2175228580174413 34.5
      vertex 46.267949192431125 1 34.5
    endloop
  endfacet
  facet normal 0.7518398074789664 -0.6593458151000815 0
    outer loop
      vertex 46.41329331941753 1.2175228580174413 28.5
      vertex 46.58578643762691 1.4142135623730951 34.5
      vertex 46.41329331941753 1.2175228580174413 34.5
    endloop
  endfacet
  facet normal 0.6593458151000698 -0.7518398074789766 0
    outer loop
      vertex 46.58578643762691 1.4142135623730951 28.5
      vertex 46.78247714198256 1.5867066805824703 34.5
      vertex 46.58578643762691 1.4142135623730951 34.5
    endloop
  endfacet
  facet normal 0 0 1
    outer loop
      vertex 47.23463313526982 -1.8477590650225735 28.5
      vertex 47.48236190979496 -1.9318516525781366 28.5
      vertex 47.48236190979496 1.9318516525781366 28.5
    endloop
  endfacet
  facet normal 0 0 1
    outer loop
      vertex 47.48236190979496 -1.9318516525781366 28.5
      vertex 47.738947615559894 -1.9828897227476208 28.5
      vertex 47.738947615559894 1.9828897227476208 28.5
    endloop
  endfacet
  facet normal 0 0 1
    outer loop
      vertex 47.738947615559894 -1.9828897227476208 28.5
      vertex 48 -2 28.5
      vertex 48 2 28.5
    endloop
  endfacet
  facet normal 0 0 1
    outer loop
      vertex 48 -2 28.5
      vertex 48.261052384440106 -1.9828897227476208 28.5
      vertex 48.261052384440106 1.9828897227476208 28.5
    endloop
  endfacet
  facet normal 0 0 1
    outer loop
      vertex 48.261052384440106 -1.9828897227476208 28.5
      vertex 48.51763809020504 -1.9318516525781366 28.5
      vertex 48.51763809020504 1.9318516525781366 28.5
    endloop
  endfacet
  facet normal 0 0 1
    outer loop
      vertex 48.51763809020504 -1.9318516525781366 28.5
      vertex 48.76536686473018 -1.8477590650225735 28.5
      vertex 48.76536686473018 1.8477590650225735 28.5
    endloop
  endfacet
  facet normal 0 0 1
    outer loop
      vertex 48.76536686473018 -1.8477590650225735 28.5
      vertex 49 -1.7320508075688772 28.5
      vertex 49 1.7320508075688772 28.5
    endloop
  endfacet
  facet normal 0 0 1
    outer loop
      vertex 49 -1.7320508075688772 28.5
      vertex 49.21752285801744 -1.5867066805824703 28.5
      vertex 49.21752285801744 1.5867066805824703 28.5
    endloop
  endfacet
  facet normal 0 0 1
    outer loop
      vertex 49.21752285801744 -1.5867066805824703 28.5
      vertex 49.41421356237309 -1.4142135623730951 28.5
      vertex 49.41421356237309 1.4142135623730951 28.5
    endloop
  endfacet
  facet normal 0 0 1
    outer loop
      vertex 49.41421356237309 -1.4142135623730951 28.5
      vertex 49.58670668058247 -1.2175228580174413 28.5
      vertex 49.58670668058247 1.2175228580174413 28.5
    endloop
  endfacet
  facet normal 0 0 1
    outer loop
      vertex 49.58670668058247 -1.2175228580174413 28.5
      vertex 49.732050807568875 -1 28.5
      vertex 49.732050807568875 1 28.5
    endloop
  endfacet
  facet normal 0 0 1
    outer loop
      vertex 49.732050807568875 -1 28.5
      vertex 49.84775906502257 -0.7653668647301796 28.5
      vertex 49.84775906502257 0.7653668647301796 28.5
    endloop
  endfacet
  facet normal 0 0 1
    outer loop
      vertex 49.84775906502257 -0.7653668647301796 28.5
      vertex 49.93185165257814 -0.5176380902050415 28.5
      vertex 49.93185165257814 0.5176380902050415 28.5
    endloop
  endfacet
  facet normal 0 0 1
    outer loop
      vertex 49.93185165257814 -0.5176380902050415 28.5
      vertex 49.98288972274762 -0.26105238444010315 28.5
      vertex 49.98288972274762 0.26105238444010315 28.5
    endloop
  endfacet
  facet normal 0 0 1
    outer loop
      vertex 49.98288972274762 -0.26105238444010315 28.5
      vertex 50 0 28.5
      vertex 49.98288972274762 0.26105238444010315 28.5
    endloop
  endfacet
  facet normal 0 0 1
    outer loop
      vertex 49.93185165257814 -0.5176380902050415 28.5
      vertex 49.98288972274762 0.26105238444010315 28.5
      vertex 49.93185165257814 0.5176380902050415 28.5
    endloop
  endfacet
  facet normal 0 0 1
    outer loop
      vertex 49 -1.7320508075688772 28.5
      vertex 49.21752285801744 1.5867066805824703 28.5
      vertex 49 1.7320508075688772 28.5
    endloop
  endfacet
  facet normal 0 0 1
    outer loop
      vertex 49.21752285801744 -1.5867066805824703 28.5
      vertex 49.41421356237309 1.4142135623730951 28.5
      vertex 49.21752285801744 1.5867066805824703 28.5
    endloop
  endfacet
  facet normal 0 0 1
    outer loop
      vertex 49.84775906502257 -0.7653668647301796 28.5
      vertex 49.93185165257814 0.5176380902050415 28.5
      vertex 49.84775906502257 0.7653668647301796 28.5
    endloop
  endfacet
  facet normal 0 0 1
    outer loop
      vertex 49.732050807568875 -1 28.5
      vertex 49.84775906502257 0.7653668647301796 28.5
      vertex 49.732050807568875 1 28.5
    endloop
  endfacet
  facet normal 0 0 1
    outer loop
      vertex 49.41421356237309 -1.4142135623730951 28.5
      vertex 49.58670668058247 1.2175228580174413 28.5
      vertex 49.41421356237309 1.4142135623730951 28.5
    endloop
  endfacet
  facet normal 0 0 1
    outer loop
      vertex 49.58670668058247 -1.2175228580174413 28.5
      vertex 49.732050807568875 1 28.5
      vertex 49.58670668058247 1.2175228580174413 28.5
    endloop
  endfacet
  facet normal 0 0 1
    outer loop
      vertex 47.23463313526982 -1.8477590650225735 28.5
      vertex 47.48236190979496 1.9318516525781366 28.5
      vertex 47.23463313526982 1.8477590650225735 28.5
    endloop
  endfacet
  facet normal 0 0 1
    outer loop
      vertex 47.48236190979496 -1.9318516525781366 28.5
      vertex 47.738947615559894 1.9828897227476208 28.5
      vertex 47.48236190979496 1.9318516525781366 28.5
    endloop
  endfacet
  facet normal 0 0 1
    outer loop
      vertex 47.738947615559894 -1.9828897227476208 28.5
      vertex 48 2 28.5
      vertex 47.738947615559894 1.9828897227476208 28.5
    endloop
  endfacet
  facet normal 0 0 1
    outer loop
      vertex 48 -2 28.5
      vertex 48.261052384440106 1.9828897227476208 28.5
      vertex 48 2 28.5
    endloop
  endfacet
  facet normal 0 0 1
    outer loop
      vertex 48.261052384440106 -1.9828897227476208 28.5
      vertex 48.51763809020504 1.9318516525781366 28.5
      vertex 48.261052384440106 1.9828897227476208 28.5
    endloop
  endfacet
  facet normal 0 0 1
    outer loop
      vertex 48.51763809020504 -1.9318516525781366 28.5
      vertex 48.76536686473018 1.8477590650225735 28.5
      vertex 48.51763809020504 1.9318516525781366 28.5
    endloop
  endfacet
  facet normal 0 0 1
    outer loop
      vertex 48.76536686473018 -1.8477590650225735 28.5
      vertex 49 1.7320508075688772 28.5
      vertex 48.76536686473018 1.8477590650225735 28.5
    endloop
  endfacet
  facet normal 0.19509032201613113 0.98078528040323 0
    outer loop
      vertex 47.48236190979496 -1.9318516525781366 28.5
      vertex 47.48236190979496 -1.9318516525781366 34.5
      vertex 47.738947615559894 -1.9828897227476208 28.5
    endloop
  endfacet
  facet normal 0.321439465303156 0.9469301294951076 0
    outer loop
      vertex 47.23463313526982 -1.8477590650225735 28.5
      vertex 47.23463313526982 -1.8477590650225735 34.5
      vertex 47.48236190979496 -1.9318516525781366 28.5
    endloop
  endfacet
  facet normal 0.06540312923014263 0.9978589232386036 0
    outer loop
      vertex 47.738947615559894 -1.9828897227476208 28.5
      vertex 47.738947615559894 -1.9828897227476208 34.5
      vertex 48 -2 28.5
    endloop
  endfacet
  facet normal -0.06540312923014263 0.9978589232386036 0
    outer loop
      vertex 48 -2 28.5
      vertex 48 -2 34.5
      vertex 48.261052384440106 -1.9828897227476208 28.5
    endloop
  endfacet
  facet normal -0.19509032201613113 0.98078528040323 0
    outer loop
      vertex 48.261052384440106 -1.9828897227476208 28.5
      vertex 48.261052384440106 -1.9828897227476208 34.5
      vertex 48.51763809020504 -1.9318516525781366 28.5
    endloop
  endfacet
  facet normal -0.321439465303156 0.9469301294951076 0
    outer loop
      vertex 48.51763809020504 -1.9318516525781366 28.5
      vertex 48.51763809020504 -1.9318516525781366 34.5
      vertex 48.76536686473018 -1.8477590650225735 28.5
    endloop
  endfacet
  facet normal -0.4422886902190064 0.8968727415326858 0
    outer loop
      vertex 48.76536686473018 -1.8477590650225735 28.5
      vertex 48.76536686473018 -1.8477590650225735 34.5
      vertex 49 -1.7320508075688772 28.5
    endloop
  endfacet
  facet normal -0.5555702330196057 0.8314696123025428 0
    outer loop
      vertex 49 -1.7320508075688772 28.5
      vertex 49 -1.7320508075688772 34.5
      vertex 49.21752285801744 -1.5867066805824703 28.5
    endloop
  endfacet
  facet normal -0.6593458151000698 0.7518398074789766 0
    outer loop
      vertex 49.21752285801744 -1.5867066805824703 28.5
      vertex 49.21752285801744 -1.5867066805824703 34.5
      vertex 49.41421356237309 -1.4142135623730951 28.5
    endloop
  endfacet
  facet normal -0.7518398074789664 0.6593458151000815 0
    outer loop
      vertex 49.41421356237309 -1.4142135623730951 28.5
      vertex 49.41421356237309 -1.4142135623730951 34.5
      vertex 49.58670668058247 -1.2175228580174413 28.5
    endloop
  endfacet
  facet normal -0.8314696123025549 0.5555702330195879 0
    outer loop
      vertex 49.58670668058247 -1.2175228580174413 28.5
      vertex 49.58670668058247 -1.2175228580174413 34.5
      vertex 49.732050807568875 -1 28.5
    endloop
  endfacet
  facet normal -0.8968727415326868 0.44228869021900424 0
    outer loop
      vertex 49.732050807568875 -1 28.5
      vertex 49.732050807568875 -1 34.5
      vertex 49.84775906502257 -0.7653668647301796 28.5
    endloop
  endfacet
  facet normal -0.9469301294951011 0.3214394653031747 0
    outer loop
      vertex 49.84775906502257 -0.7653668647301796 28.5
      vertex 49.84775906502257 -0.7653668647301796 34.5
      vertex 49.93185165257814 -0.5176380902050415 28.5
    endloop
  endfacet
  facet normal -0.9807852804032315 0.19509032201612297 0
    outer loop
      vertex 49.93185165257814 -0.5176380902050415 28.5
      vertex 49.93185165257814 -0.5176380902050415 34.5
      vertex 49.98288972274762 -0.26105238444010315 28.5
    endloop
  endfacet
  facet normal 0.321439465303156 0.9469301294951076 0
    outer loop
      vertex 47.48236190979496 -1.9318516525781366 28.5
      vertex 47.23463313526982 -1.8477590650225735 34.5
      vertex 47.48236190979496 -1.9318516525781366 34.5
    endloop
  endfacet
  facet normal 0.19509032201613113 0.98078528040323 0
    outer loop
      vertex 47.738947615559894 -1.9828897227476208 28.5
      vertex 47.48236190979496 -1.9318516525781366 34.5
      vertex 47.738947615559894 -1.9828897227476208 34.5
    endloop
  endfacet
  facet normal 0.06540312923014263 0.9978589232386036 0
    outer loop
      vertex 48 -2 28.5
      vertex 47.738947615559894 -1.9828897227476208 34.5
      vertex 48 -2 34.5
    endloop
  endfacet
  facet normal -0.06540312923014263 0.9978589232386036 0
    outer loop
      vertex 48.261052384440106 -1.9828897227476208 28.5
      vertex 48 -2 34.5
      vertex 48.261052384440106 -1.9828897227476208 34.5
    endloop
  endfacet
  facet normal -0.19509032201613113 0.98078528040323 0
    outer loop
      vertex 48.51763809020504 -1.9318516525781366 28.5
      vertex 48.261052384440106 -1.9828897227476208 34.5
      vertex 48.51763809020504 -1.9318516525781366 34.5
    endloop
  endfacet
  facet normal -0.321439465303156 0.9469301294951076 0
    outer loop
      vertex 48.76536686473018 -1.8477590650225735 28.5
      vertex 48.51763809020504 -1.9318516525781366 34.5
      vertex 48.76536686473018 -1.8477590650225735 34.5
    endloop
  endfacet
  facet normal -0.4422886902190064 0.8968727415326858 0
    outer loop
      vertex 49 -1.7320508075688772 28.5
      vertex 48.76536686473018 -1.8477590650225735 34.5
      vertex 49 -1.7320508075688772 34.5
    endloop
  endfacet
  facet normal -0.5555702330196057 0.8314696123025428 0
    outer loop
      vertex 49.21752285801744 -1.5867066805824703 28.5
      vertex 49 -1.7320508075688772 34.5
      vertex 49.21752285801744 -1.5867066805824703 34.5
    endloop
  endfacet
  facet normal -0.6593458151000698 0.7518398074789766 0
    outer loop
      vertex 49.41421356237309 -1.4142135623730951 28.5
      vertex 49.21752285801744 -1.5867066805824703 34.5
      vertex 49.41421356237309 -1.4142135623730951 34.5
    endloop
  endfacet
  facet normal -0.7518398074789664 0.6593458151000815 0
    outer loop
      vertex 49.58670668058247 -1.2175228580174413 28.5
      vertex 49.41421356237309 -1.4142135623730951 34.5
      vertex 49.58670668058247 -1.2175228580174413 34.5
    endloop
  endfacet
  facet normal -0.8314696123025549 0.5555702330195879 0
    outer loop
      vertex 49.732050807568875 -1 28.5
      vertex 49.58670668058247 -1.2175228580174413 34.5
      vertex 49.732050807568875 -1 34.5
    endloop
  endfacet
  facet normal -0.8968727415326868 0.44228869021900424 0
    outer loop
      vertex 49.84775906502257 -0.7653668647301796 28.5
      vertex 49.732050807568875 -1 34.5
      vertex 49.84775906502257 -0.7653668647301796 34.5
    endloop
  endfacet
  facet normal -0.9469301294951011 0.3214394653031747 0
    outer loop
      vertex 49.93185165257814 -0.5176380902050415 28.5
      vertex 49.84775906502257 -0.7653668647301796 34.5
      vertex 49.93185165257814 -0.5176380902050415 34.5
    endloop
  endfacet
  facet normal -0.9978589232386038 0.06540312923013908 0
    outer loop
      vertex 49.98288972274762 -0.26105238444010315 28.5
      vertex 49.98288972274762 -0.26105238444010315 34.5
      vertex 50 0 28.5
    endloop
  endfacet
  facet normal -0.9978589232386038 -0.06540312923013908 0
    outer loop
      vertex 50 0 28.5
      vertex 50 0 34.5
      vertex 49.98288972274762 0.26105238444010315 28.5
    endloop
  endfacet
  facet normal -0.9807852804032315 -0.19509032201612297 0
    outer loop
      vertex 49.93185165257814 0.5176380902050415 28.5
      vertex 49.98288972274762 0.26105238444010315 28.5
      vertex 49.98288972274762 0.26105238444010315 34.5
    endloop
  endfacet
  facet normal -0.9469301294951011 -0.3214394653031747 0
    outer loop
      vertex 49.93185165257814 0.5176380902050415 28.5
      vertex 49.93185165257814 0.5176380902050415 34.5
      vertex 49.84775906502257 0.7653668647301796 28.5
    endloop
  endfacet
  facet normal -0.8968727415326868 -0.44228869021900424 0
    outer loop
      vertex 49.84775906502257 0.7653668647301796 28.5
      vertex 49.84775906502257 0.7653668647301796 34.5
      vertex 49.732050807568875 1 28.5
    endloop
  endfacet
  facet normal -0.6593458151000698 -0.7518398074789766 0
    outer loop
      vertex 49.21752285801744 1.5867066805824703 28.5
      vertex 49.41421356237309 1.4142135623730951 28.5
      vertex 49.41421356237309 1.4142135623730951 34.5
    endloop
  endfacet
  facet normal -0.8314696123025549 -0.5555702330195879 0
    outer loop
      vertex 49.58670668058247 1.2175228580174413 28.5
      vertex 49.732050807568875 1 28.5
      vertex 49.732050807568875 1 34.5
    endloop
  endfacet
  facet normal -0.7518398074789664 -0.6593458151000815 0
    outer loop
      vertex 49.58670668058247 1.2175228580174413 28.5
      vertex 49.58670668058247 1.2175228580174413 34.5
      vertex 49.41421356237309 1.4142135623730951 28.5
    endloop
  endfacet
  facet normal -0.9807852804032315 0.19509032201612297 0
    outer loop
      vertex 49.98288972274762 -0.26105238444010315 28.5
      vertex 49.93185165257814 -0.5176380902050415 34.5
      vertex 49.98288972274762 -0.26105238444010315 34.5
    endloop
  endfacet
  facet normal -0.9978589232386038 0.06540312923013908 0
    outer loop
      vertex 50 0 28.5
      vertex 49.98288972274762 -0.26105238444010315 34.5
      vertex 50 0 34.5
    endloop
  endfacet
  facet normal -0.9978589232386038 -0.06540312923013908 0
    outer loop
      vertex 49.98288972274762 0.26105238444010315 28.5
      vertex 50 0 34.5
      vertex 49.98288972274762 0.26105238444010315 34.5
    endloop
  endfacet
  facet normal -0.9807852804032315 -0.19509032201612297 0
    outer loop
      vertex 49.93185165257814 0.5176380902050415 28.5
      vertex 49.98288972274762 0.26105238444010315 34.5
      vertex 49.93185165257814 0.5176380902050415 34.5
    endloop
  endfacet
  facet normal -0.9469301294951011 -0.3214394653031747 0
    outer loop
      vertex 49.84775906502257 0.7653668647301796 28.5
      vertex 49.93185165257814 0.5176380902050415 34.5
      vertex 49.84775906502257 0.7653668647301796 34.5
    endloop
  endfacet
  facet normal -0.8968727415326868 -0.44228869021900424 0
    outer loop
      vertex 49.732050807568875 1 28.5
      vertex 49.84775906502257 0.7653668647301796 34.5
      vertex 49.732050807568875 1 34.5
    endloop
  endfacet
  facet normal -0.8314696123025549 -0.5555702330195879 0
    outer loop
      vertex 49.58670668058247 1.2175228580174413 28.5
      vertex 49.732050807568875 1 34.5
      vertex 49.58670668058247 1.2175228580174413 34.5
    endloop
  endfacet
  facet normal -0.7518398074789664 -0.6593458151000815 0
    outer loop
      vertex 49.41421356237309 1.4142135623730951 28.5
      vertex 49.58670668058247 1.2175228580174413 34.5
      vertex 49.41421356237309 1.4142135623730951 34.5
    endloop
  endfacet
  facet normal 0.6593458151000698 -0.7518398074789766 0
    outer loop
      vertex 46.58578643762691 1.4142135623730951 28.5
      vertex 46.78247714198256 1.5867066805824703 28.5
      vertex 46.78247714198256 1.5867066805824703 34.5
    endloop
  endfacet
  facet normal 0.5555702330196057 -0.8314696123025428 0
    outer loop
      vertex 46.78247714198256 1.5867066805824703 28.5
      vertex 47 1.7320508075688772 28.5
      vertex 47 1.7320508075688772 34.5
    endloop
  endfacet
  facet normal 0.4422886902190064 -0.8968727415326858 0
    outer loop
      vertex 47 1.7320508075688772 28.5
      vertex 47.23463313526982 1.8477590650225735 28.5
      vertex 47.23463313526982 1.8477590650225735 34.5
    endloop
  endfacet
  facet normal 0.5555702330196057 -0.8314696123025428 0
    outer loop
      vertex 46.78247714198256 1.5867066805824703 28.5
      vertex 47 1.7320508075688772 34.5
      vertex 46.78247714198256 1.5867066805824703 34.5
    endloop
  endfacet
  facet normal 0.4422886902190064 -0.8968727415326858 0
    outer loop
      vertex 47 1.7320508075688772 28.5
      vertex 47.23463313526982 1.8477590650225735 34.5
      vertex 47 1.7320508075688772 34.5
    endloop
  endfacet
  facet normal 0.321439465303156 -0.9469301294951076 0
    outer loop
      vertex 47.23463313526982 1.8477590650225735 28.5
      vertex 47.48236190979496 1.9318516525781366 28.5
      vertex 47.48236190979496 1.9318516525781366 34.5
    endloop
  endfacet
  facet normal 0.19509032201613113 -0.98078528040323 0
    outer loop
      vertex 47.48236190979496 1.9318516525781366 28.5
      vertex 47.738947615559894 1.9828897227476208 28.5
      vertex 47.738947615559894 1.9828897227476208 34.5
    endloop
  endfacet
  facet normal -0.19509032201613113 -0.98078528040323 0
    outer loop
      vertex 48.261052384440106 1.9828897227476208 28.5
      vertex 48.51763809020504 1.9318516525781366 28.5
      vertex 48.51763809020504 1.9318516525781366 34.5
    endloop
  endfacet
  facet normal 0.06540312923014263 -0.9978589232386036 0
    outer loop
      vertex 47.738947615559894 1.9828897227476208 28.5
      vertex 48 2 28.5
      vertex 48 2 34.5
    endloop
  endfacet
  facet normal -0.06540312923014263 -0.9978589232386036 0
    outer loop
      vertex 48 2 28.5
      vertex 48.261052384440106 1.9828897227476208 28.5
      vertex 48.261052384440106 1.9828897227476208 34.5
    endloop
  endfacet
  facet normal -0.5555702330196057 -0.8314696123025428 0
    outer loop
      vertex 49 1.7320508075688772 28.5
      vertex 49.21752285801744 1.5867066805824703 28.5
      vertex 49.21752285801744 1.5867066805824703 34.5
    endloop
  endfacet
  facet normal -0.4422886902190064 -0.8968727415326858 0
    outer loop
      vertex 49 1.7320508075688772 28.5
      vertex 49 1.7320508075688772 34.5
      vertex 48.76536686473018 1.8477590650225735 28.5
    endloop
  endfacet
  facet normal -0.321439465303156 -0.9469301294951076 0
    outer loop
      vertex 48.51763809020504 1.9318516525781366 28.5
      vertex 48.76536686473018 1.8477590650225735 28.5
      vertex 48.76536686473018 1.8477590650225735 34.5
    endloop
  endfacet
  facet normal 0.321439465303156 -0.9469301294951076 0
    outer loop
      vertex 47.23463313526982 1.8477590650225735 28.5
      vertex 47.48236190979496 1.9318516525781366 34.5
      vertex 47.23463313526982 1.8477590650225735 34.5
    endloop
  endfacet
  facet normal 0.19509032201613113 -0.98078528040323 0
    outer loop
      vertex 47.48236190979496 1.9318516525781366 28.5
      vertex 47.738947615559894 1.9828897227476208 34.5
      vertex 47.48236190979496 1.9318516525781366 34.5
    endloop
  endfacet
  facet normal -0.19509032201613113 -0.98078528040323 0
    outer loop
      vertex 48.261052384440106 1.9828897227476208 28.5
      vertex 48.51763809020504 1.9318516525781366 34.5
      vertex 48.261052384440106 1.9828897227476208 34.5
    endloop
  endfacet
  facet normal -0.321439465303156 -0.9469301294951076 0
    outer loop
      vertex 48.51763809020504 1.9318516525781366 28.5
      vertex 48.76536686473018 1.8477590650225735 34.5
      vertex 48.51763809020504 1.9318516525781366 34.5
    endloop
  endfacet
  facet normal 0.06540312923014263 -0.9978589232386036 0
    outer loop
      vertex 47.738947615559894 1.9828897227476208 28.5
      vertex 48 2 34.5
      vertex 47.738947615559894 1.9828897227476208 34.5
    endloop
  endfacet
  facet normal -0.06540312923014263 -0.9978589232386036 0
    outer loop
      vertex 48 2 28.5
      vertex 48.261052384440106 1.9828897227476208 34.5
      vertex 48 2 34.5
    endloop
  endfacet
  facet normal -0.6593458151000698 -0.7518398074789766 0
    outer loop
      vertex 49.21752285801744 1.5867066805824703 28.5
      vertex 49.41421356237309 1.4142135623730951 34.5
      vertex 49.21752285801744 1.5867066805824703 34.5
    endloop
  endfacet
  facet normal -0.5555702330196057 -0.8314696123025428 0
    outer loop
      vertex 49 1.7320508075688772 28.5
      vertex 49.21752285801744 1.5867066805824703 34.5
      vertex 49 1.7320508075688772 34.5
    endloop
  endfacet
  facet normal -0.4422886902190064 -0.8968727415326858 0
    outer loop
      vertex 48.76536686473018 1.8477590650225735 28.5
      vertex 49 1.7320508075688772 34.5
      vertex 48.76536686473018 1.8477590650225735 34.5
    endloop
  endfacet
  facet normal 0 0 1
    outer loop
      vertex -1.4142135623730951 -1.4142135623730951 28.5
      vertex -1.4142135623730951 1.4142135623730951 28.5
      vertex -1.5867066805824703 -1.2175228580174413 28.5
    endloop
  endfacet
  facet normal 0 0 1
    outer loop
      vertex -1.4142135623730951 -1.4142135623730951 28.5
      vertex -1.2175228580174413 -1.5867066805824703 28.5
      vertex -1.2175228580174413 1.5867066805824703 28.5
    endloop
  endfacet
  facet normal 0 0 1
    outer loop
      vertex -0.7653668647301796 -1.8477590650225735 28.5
      vertex -0.5176380902050415 -1.9318516525781366 28.5
      vertex -0.5176380902050415 1.9318516525781366 28.5
    endloop
  endfacet
  facet normal 0 0 1
    outer loop
      vertex -1.2175228580174413 -1.5867066805824703 28.5
      vertex -1 -1.7320508075688772 28.5
      vertex -1 1.7320508075688772 28.5
    endloop
  endfacet
  facet normal 0 0 1
    outer loop
      vertex -0.7653668647301796 -1.8477590650225735 28.5
      vertex -0.7653668647301796 1.8477590650225735 28.5
      vertex -1 -1.7320508075688772 28.5
    endloop
  endfacet
  facet normal 0 0 1
    outer loop
      vertex -0.5176380902050415 -1.9318516525781366 28.5
      vertex -0.26105238444010315 -1.9828897227476208 28.5
      vertex -0.26105238444010315 1.9828897227476208 28.5
    endloop
  endfacet
  facet normal 0 0 1
    outer loop
      vertex -0.26105238444010315 -1.9828897227476208 28.5
      vertex 0 -2 28.5
      vertex 0 2 28.5
    endloop
  endfacet
  facet normal 0 0 1
    outer loop
      vertex 0 -2 28.5
      vertex 0.26105238444010315 -1.9828897227476208 28.5
      vertex 0.26105238444010315 1.9828897227476208 28.5
    endloop
  endfacet
  facet normal 0 0 1
    outer loop
      vertex 0.26105238444010315 -1.9828897227476208 28.5
      vertex 0.5176380902050415 -1.9318516525781366 28.5
      vertex 0.5176380902050415 1.9318516525781366 28.5
    endloop
  endfacet
  facet normal 0 0 1
    outer loop
      vertex 0.5176380902050415 -1.9318516525781366 28.5
      vertex 0.7653668647301796 -1.8477590650225735 28.5
      vertex 0.7653668647301796 1.8477590650225735 28.5
    endloop
  endfacet
  facet normal 0 0 1
    outer loop
      vertex 0.7653668647301796 -1.8477590650225735 28.5
      vertex 1 -1.7320508075688772 28.5
      vertex 1 1.7320508075688772 28.5
    endloop
  endfacet
  facet normal 0 0 1
    outer loop
      vertex 1 -1.7320508075688772 28.5
      vertex 1.2175228580174413 -1.5867066805824703 28.5
      vertex 1.2175228580174413 1.5867066805824703 28.5
    endloop
  endfacet
  facet normal 0 0 1
    outer loop
      vertex 1.2175228580174413 -1.5867066805824703 28.5
      vertex 1.4142135623730951 -1.4142135623730951 28.5
      vertex 1.4142135623730951 1.4142135623730951 28.5
    endloop
  endfacet
  facet normal 0 0 1
    outer loop
      vertex 1.4142135623730951 -1.4142135623730951 28.5
      vertex 1.5867066805824703 -1.2175228580174413 28.5
      vertex 1.5867066805824703 1.2175228580174413 28.5
    endloop
  endfacet
  facet normal 0 0 1
    outer loop
      vertex 1.5867066805824703 -1.2175228580174413 28.5
      vertex 1.7320508075688772 -1 28.5
      vertex 1.7320508075688772 1 28.5
    endloop
  endfacet
  facet normal 0 0 1
    outer loop
      vertex -1.9828897227476208 -0.26105238444010315 28.5
      vertex -1.9828897227476208 0.26105238444010315 28.5
      vertex -2 0 28.5
    endloop
  endfacet
  facet normal 0 0 1
    outer loop
      vertex -1.7320508075688772 -1 28.5
      vertex -1.5867066805824703 -1.2175228580174413 28.5
      vertex -1.5867066805824703 1.2175228580174413 28.5
    endloop
  endfacet
  facet normal 0 0 1
    outer loop
      vertex -1.8477590650225735 -0.7653668647301796 28.5
      vertex -1.8477590650225735 0.7653668647301796 28.5
      vertex -1.9318516525781366 -0.5176380902050415 28.5
    endloop
  endfacet
  facet normal 0 0 1
    outer loop
      vertex -1.7320508075688772 -1 28.5
      vertex -1.7320508075688772 1 28.5
      vertex -1.8477590650225735 -0.7653668647301796 28.5
    endloop
  endfacet
  facet normal 0 0 1
    outer loop
      vertex -1.9318516525781366 -0.5176380902050415 28.5
      vertex -1.9318516525781366 0.5176380902050415 28.5
      vertex -1.9828897227476208 -0.26105238444010315 28.5
    endloop
  endfacet
  facet normal 0 0 1
    outer loop
      vertex -1.9828897227476208 -0.26105238444010315 28.5
      vertex -1.9318516525781366 0.5176380902050415 28.5
      vertex -1.9828897227476208 0.26105238444010315 28.5
    endloop
  endfacet
  facet normal 0 0 1
    outer loop
      vertex -1.9318516525781366 -0.5176380902050415 28.5
      vertex -1.8477590650225735 0.7653668647301796 28.5
      vertex -1.9318516525781366 0.5176380902050415 28.5
    endloop
  endfacet
  facet normal 0 0 1
    outer loop
      vertex -1.8477590650225735 -0.7653668647301796 28.5
      vertex -1.7320508075688772 1 28.5
      vertex -1.8477590650225735 0.7653668647301796 28.5
    endloop
  endfacet
  facet normal 0 0 1
    outer loop
      vertex -1.7320508075688772 -1 28.5
      vertex -1.5867066805824703 1.2175228580174413 28.5
      vertex -1.7320508075688772 1 28.5
    endloop
  endfacet
  facet normal 0 0 1
    outer loop
      vertex -1.5867066805824703 -1.2175228580174413 28.5
      vertex -1.4142135623730951 1.4142135623730951 28.5
      vertex -1.5867066805824703 1.2175228580174413 28.5
    endloop
  endfacet
  facet normal 0 0 1
    outer loop
      vertex -1.4142135623730951 -1.4142135623730951 28.5
      vertex -1.2175228580174413 1.5867066805824703 28.5
      vertex -1.4142135623730951 1.4142135623730951 28.5
    endloop
  endfacet
  facet normal 0 0 1
    outer loop
      vertex -1.2175228580174413 -1.5867066805824703 28.5
      vertex -1 1.7320508075688772 28.5
      vertex -1.2175228580174413 1.5867066805824703 28.5
    endloop
  endfacet
  facet normal 0 0 1
    outer loop
      vertex -1 -1.7320508075688772 28.5
      vertex -0.7653668647301796 1.8477590650225735 28.5
      vertex -1 1.7320508075688772 28.5
    endloop
  endfacet
  facet normal 0 0 1
    outer loop
      vertex -0.7653668647301796 -1.8477590650225735 28.5
      vertex -0.5176380902050415 1.9318516525781366 28.5
      vertex -0.7653668647301796 1.8477590650225735 28.5
    endloop
  endfacet
  facet normal 0 0 1
    outer loop
      vertex 1.7320508075688772 -1 28.5
      vertex 1.8477590650225735 -0.7653668647301796 28.5
      vertex 1.8477590650225735 0.7653668647301796 28.5
    endloop
  endfacet
  facet normal 0 0 1
    outer loop
      vertex 1.8477590650225735 -0.7653668647301796 28.5
      vertex 1.9318516525781366 -0.5176380902050415 28.5
      vertex 1.9318516525781366 0.5176380902050415 28.5
    endloop
  endfacet
  facet normal 0 0 1
    outer loop
      vertex 1.9318516525781366 -0.5176380902050415 28.5
      vertex 1.9828897227476208 -0.26105238444010315 28.5
      vertex 1.9828897227476208 0.26105238444010315 28.5
    endloop
  endfacet
  facet normal 0 0 1
    outer loop
      vertex 1.9828897227476208 -0.26105238444010315 28.5
      vertex 2 0 28.5
      vertex 1.9828897227476208 0.26105238444010315 28.5
    endloop
  endfacet
  facet normal 0 0 1
    outer loop
      vertex 1.9318516525781366 -0.5176380902050415 28.5
      vertex 1.9828897227476208 0.26105238444010315 28.5
      vertex 1.9318516525781366 0.5176380902050415 28.5
    endloop
  endfacet
  facet normal 0 0 1
    outer loop
      vertex 1 -1.7320508075688772 28.5
      vertex 1.2175228580174413 1.5867066805824703 28.5
      vertex 1 1.7320508075688772 28.5
    endloop
  endfacet
  facet normal 0 0 1
    outer loop
      vertex 1.4142135623730951 -1.4142135623730951 28.5
      vertex 1.5867066805824703 1.2175228580174413 28.5
      vertex 1.4142135623730951 1.4142135623730951 28.5
    endloop
  endfacet
  facet normal 0 0 1
    outer loop
      vertex 1.2175228580174413 -1.5867066805824703 28.5
      vertex 1.4142135623730951 1.4142135623730951 28.5
      vertex 1.2175228580174413 1.5867066805824703 28.5
    endloop
  endfacet
  facet normal 0 0 1
    outer loop
      vertex 1.8477590650225735 -0.7653668647301796 28.5
      vertex 1.9318516525781366 0.5176380902050415 28.5
      vertex 1.8477590650225735 0.7653668647301796 28.5
    endloop
  endfacet
  facet normal 0 0 1
    outer loop
      vertex 1.7320508075688772 -1 28.5
      vertex 1.8477590650225735 0.7653668647301796 28.5
      vertex 1.7320508075688772 1 28.5
    endloop
  endfacet
  facet normal 0 0 1
    outer loop
      vertex 1.5867066805824703 -1.2175228580174413 28.5
      vertex 1.7320508075688772 1 28.5
      vertex 1.5867066805824703 1.2175228580174413 28.5
    endloop
  endfacet
  facet normal 0 0 1
    outer loop
      vertex -0.5176380902050415 -1.9318516525781366 28.5
      vertex -0.26105238444010315 1.9828897227476208 28.5
      vertex -0.5176380902050415 1.9318516525781366 28.5
    endloop
  endfacet
  facet normal 0 0 1
    outer loop
      vertex -0.26105238444010315 -1.9828897227476208 28.5
      vertex 0 2 28.5
      vertex -0.26105238444010315 1.9828897227476208 28.5
    endloop
  endfacet
  facet normal 0 0 1
    outer loop
      vertex 0 -2 28.5
      vertex 0.26105238444010315 1.9828897227476208 28.5
      vertex 0 2 28.5
    endloop
  endfacet
  facet normal 0 0 1
    outer loop
      vertex 0.26105238444010315 -1.9828897227476208 28.5
      vertex 0.5176380902050415 1.9318516525781366 28.5
      vertex 0.26105238444010315 1.9828897227476208 28.5
    endloop
  endfacet
  facet normal 0 0 1
    outer loop
      vertex 0.5176380902050415 -1.9318516525781366 28.5
      vertex 0.7653668647301796 1.8477590650225735 28.5
      vertex 0.5176380902050415 1.9318516525781366 28.5
    endloop
  endfacet
  facet normal 0 0 1
    outer loop
      vertex 0.7653668647301796 -1.8477590650225735 28.5
      vertex 1 1.7320508075688772 28.5
      vertex 0.7653668647301796 1.8477590650225735 28.5
    endloop
  endfacet
  facet normal 0.3214394653031618 0.9469301294951057 0
    outer loop
      vertex -0.7653668647301796 -1.8477590650225735 28.5
      vertex -0.7653668647301796 -1.8477590650225735 34.5
      vertex -0.5176380902050415 -1.9318516525781366 28.5
    endloop
  endfacet
  facet normal 0.6593458151000686 0.7518398074789777 0
    outer loop
      vertex -1.4142135623730951 -1.4142135623730951 28.5
      vertex -1.4142135623730951 -1.4142135623730951 34.5
      vertex -1.2175228580174413 -1.5867066805824703 28.5
    endloop
  endfacet
  facet normal 0.44228869021900147 0.8968727415326881 0
    outer loop
      vertex -0.7653668647301796 -1.8477590650225735 28.5
      vertex -1 -1.7320508075688772 28.5
      vertex -1 -1.7320508075688772 34.5
    endloop
  endfacet
  facet normal 0.555570233019602 0.8314696123025455 0
    outer loop
      vertex -1.2175228580174413 -1.5867066805824703 28.5
      vertex -1.2175228580174413 -1.5867066805824703 34.5
      vertex -1 -1.7320508075688772 28.5
    endloop
  endfacet
  facet normal 0.7518398074789777 0.6593458151000686 0
    outer loop
      vertex -1.4142135623730951 -1.4142135623730951 28.5
      vertex -1.5867066805824703 -1.2175228580174413 28.5
      vertex -1.5867066805824703 -1.2175228580174413 34.5
    endloop
  endfacet
  facet normal 0.8314696123025455 0.555570233019602 0
    outer loop
      vertex -1.7320508075688772 -1 28.5
      vertex -1.7320508075688772 -1 34.5
      vertex -1.5867066805824703 -1.2175228580174413 28.5
    endloop
  endfacet
  facet normal 0.8968727415326881 0.44228869021900147 0
    outer loop
      vertex -1.7320508075688772 -1 28.5
      vertex -1.8477590650225735 -0.7653668647301796 28.5
      vertex -1.8477590650225735 -0.7653668647301796 34.5
    endloop
  endfacet
  facet normal 0.9469301294951057 0.3214394653031618 0
    outer loop
      vertex -1.8477590650225735 -0.7653668647301796 28.5
      vertex -1.9318516525781366 -0.5176380902050415 28.5
      vertex -1.9318516525781366 -0.5176380902050415 34.5
    endloop
  endfacet
  facet normal 0.1950903220161279 0.9807852804032305 0
    outer loop
      vertex -0.5176380902050415 -1.9318516525781366 28.5
      vertex -0.5176380902050415 -1.9318516525781366 34.5
      vertex -0.26105238444010315 -1.9828897227476208 28.5
    endloop
  endfacet
  facet normal 0.0654031292301433 0.9978589232386035 0
    outer loop
      vertex -0.26105238444010315 -1.9828897227476208 28.5
      vertex -0.26105238444010315 -1.9828897227476208 34.5
      vertex 0 -2 28.5
    endloop
  endfacet
  facet normal -0.0654031292301433 0.9978589232386035 0
    outer loop
      vertex 0 -2 28.5
      vertex 0 -2 34.5
      vertex 0.26105238444010315 -1.9828897227476208 28.5
    endloop
  endfacet
  facet normal -0.1950903220161279 0.9807852804032305 0
    outer loop
      vertex 0.26105238444010315 -1.9828897227476208 28.5
      vertex 0.26105238444010315 -1.9828897227476208 34.5
      vertex 0.5176380902050415 -1.9318516525781366 28.5
    endloop
  endfacet
  facet normal -0.3214394653031618 0.9469301294951057 0
    outer loop
      vertex 0.5176380902050415 -1.9318516525781366 28.5
      vertex 0.5176380902050415 -1.9318516525781366 34.5
      vertex 0.7653668647301796 -1.8477590650225735 28.5
    endloop
  endfacet
  facet normal -0.44228869021900147 0.8968727415326881 0
    outer loop
      vertex 0.7653668647301796 -1.8477590650225735 28.5
      vertex 0.7653668647301796 -1.8477590650225735 34.5
      vertex 1 -1.7320508075688772 28.5
    endloop
  endfacet
  facet normal -0.555570233019602 0.8314696123025455 0
    outer loop
      vertex 1 -1.7320508075688772 28.5
      vertex 1 -1.7320508075688772 34.5
      vertex 1.2175228580174413 -1.5867066805824703 28.5
    endloop
  endfacet
  facet normal -0.6593458151000686 0.7518398074789777 0
    outer loop
      vertex 1.2175228580174413 -1.5867066805824703 28.5
      vertex 1.2175228580174413 -1.5867066805824703 34.5
      vertex 1.4142135623730951 -1.4142135623730951 28.5
    endloop
  endfacet
  facet normal -0.7518398074789777 0.6593458151000686 0
    outer loop
      vertex 1.4142135623730951 -1.4142135623730951 28.5
      vertex 1.4142135623730951 -1.4142135623730951 34.5
      vertex 1.5867066805824703 -1.2175228580174413 28.5
    endloop
  endfacet
  facet normal -0.8314696123025455 0.555570233019602 0
    outer loop
      vertex 1.5867066805824703 -1.2175228580174413 28.5
      vertex 1.5867066805824703 -1.2175228580174413 34.5
      vertex 1.7320508075688772 -1 28.5
    endloop
  endfacet
  facet normal -0.8968727415326881 0.44228869021900147 0
    outer loop
      vertex 1.7320508075688772 -1 28.5
      vertex 1.7320508075688772 -1 34.5
      vertex 1.8477590650225735 -0.7653668647301796 28.5
    endloop
  endfacet
  facet normal -0.9469301294951057 0.3214394653031618 0
    outer loop
      vertex 1.8477590650225735 -0.7653668647301796 28.5
      vertex 1.8477590650225735 -0.7653668647301796 34.5
      vertex 1.9318516525781366 -0.5176380902050415 28.5
    endloop
  endfacet
  facet normal -0.9807852804032305 0.1950903220161279 0
    outer loop
      vertex 1.9318516525781366 -0.5176380902050415 28.5
      vertex 1.9318516525781366 -0.5176380902050415 34.5
      vertex 1.9828897227476208 -0.26105238444010315 28.5
    endloop
  endfacet
  facet normal 0.3214394653031618 0.9469301294951057 0
    outer loop
      vertex -0.5176380902050415 -1.9318516525781366 28.5
      vertex -0.7653668647301796 -1.8477590650225735 34.5
      vertex -0.5176380902050415 -1.9318516525781366 34.5
    endloop
  endfacet
  facet normal 0.44228869021900147 0.8968727415326881 0
    outer loop
      vertex -0.7653668647301796 -1.8477590650225735 28.5
      vertex -1 -1.7320508075688772 34.5
      vertex -0.7653668647301796 -1.8477590650225735 34.5
    endloop
  endfacet
  facet normal 0.6593458151000686 0.7518398074789777 0
    outer loop
      vertex -1.2175228580174413 -1.5867066805824703 28.5
      vertex -1.4142135623730951 -1.4142135623730951 34.5
      vertex -1.2175228580174413 -1.5867066805824703 34.5
    endloop
  endfacet
  facet normal 0.7518398074789777 0.6593458151000686 0
    outer loop
      vertex -1.4142135623730951 -1.4142135623730951 28.5
      vertex -1.5867066805824703 -1.2175228580174413 34.5
      vertex -1.4142135623730951 -1.4142135623730951 34.5
    endloop
  endfacet
  facet normal 0.555570233019602 0.8314696123025455 0
    outer loop
      vertex -1 -1.7320508075688772 28.5
      vertex -1.2175228580174413 -1.5867066805824703 34.5
      vertex -1 -1.7320508075688772 34.5
    endloop
  endfacet
  facet normal 0.8314696123025455 0.555570233019602 0
    outer loop
      vertex -1.5867066805824703 -1.2175228580174413 28.5
      vertex -1.7320508075688772 -1 34.5
      vertex -1.5867066805824703 -1.2175228580174413 34.5
    endloop
  endfacet
  facet normal 0.8968727415326881 0.44228869021900147 0
    outer loop
      vertex -1.7320508075688772 -1 28.5
      vertex -1.8477590650225735 -0.7653668647301796 34.5
      vertex -1.7320508075688772 -1 34.5
    endloop
  endfacet
  facet normal 0.9469301294951057 0.3214394653031618 0
    outer loop
      vertex -1.8477590650225735 -0.7653668647301796 28.5
      vertex -1.9318516525781366 -0.5176380902050415 34.5
      vertex -1.8477590650225735 -0.7653668647301796 34.5
    endloop
  endfacet
  facet normal 0.9807852804032305 0.1950903220161279 0
    outer loop
      vertex -1.9318516525781366 -0.5176380902050415 28.5
      vertex -1.9828897227476208 -0.26105238444010315 34.5
      vertex -1.9318516525781366 -0.5176380902050415 34.5
    endloop
  endfacet
  facet normal 0.1950903220161279 0.9807852804032305 0
    outer loop
      vertex -0.26105238444010315 -1.9828897227476208 28.5
      vertex -0.5176380902050415 -1.9318516525781366 34.5
      vertex -0.26105238444010315 -1.9828897227476208 34.5
    endloop
  endfacet
  facet normal 0.0654031292301433 0.9978589232386035 0
    outer loop
      vertex 0 -2 28.5
      vertex -0.26105238444010315 -1.9828897227476208 34.5
      vertex 0 -2 34.5
    endloop
  endfacet
  facet normal -0.0654031292301433 0.9978589232386035 0
    outer loop
      vertex 0.26105238444010315 -1.9828897227476208 28.5
      vertex 0 -2 34.5
      vertex 0.26105238444010315 -1.9828897227476208 34.5
    endloop
  endfacet
  facet normal -0.1950903220161279 0.9807852804032305 0
    outer loop
      vertex 0.5176380902050415 -1.9318516525781366 28.5
      vertex 0.26105238444010315 -1.9828897227476208 34.5
      vertex 0.5176380902050415 -1.9318516525781366 34.5
    endloop
  endfacet
  facet normal -0.3214394653031618 0.9469301294951057 0
    outer loop
      vertex 0.7653668647301796 -1.8477590650225735 28.5
      vertex 0.5176380902050415 -1.9318516525781366 34.5
      vertex 0.7653668647301796 -1.8477590650225735 34.5
    endloop
  endfacet
  facet normal -0.44228869021900147 0.8968727415326881 0
    outer loop
      vertex 1 -1.7320508075688772 28.5
      vertex 0.7653668647301796 -1.8477590650225735 34.5
      vertex 1 -1.7320508075688772 34.5
    endloop
  endfacet
  facet normal -0.555570233019602 0.8314696123025455 0
    outer loop
      vertex 1.2175228580174413 -1.5867066805824703 28.5
      vertex 1 -1.7320508075688772 34.5
      vertex 1.2175228580174413 -1.5867066805824703 34.5
    endloop
  endfacet
  facet normal -0.6593458151000686 0.7518398074789777 0
    outer loop
      vertex 1.4142135623730951 -1.4142135623730951 28.5
      vertex 1.2175228580174413 -1.5867066805824703 34.5
      vertex 1.4142135623730951 -1.4142135623730951 34.5
    endloop
  endfacet
  facet normal -0.7518398074789777 0.6593458151000686 0
    outer loop
      vertex 1.5867066805824703 -1.2175228580174413 28.5
      vertex 1.4142135623730951 -1.4142135623730951 34.5
      vertex 1.5867066805824703 -1.2175228580174413 34.5
    endloop
  endfacet
  facet normal -0.8314696123025455 0.555570233019602 0
    outer loop
      vertex 1.7320508075688772 -1 28.5
      vertex 1.5867066805824703 -1.2175228580174413 34.5
      vertex 1.7320508075688772 -1 34.5
    endloop
  endfacet
  facet normal -0.8968727415326881 0.44228869021900147 0
    outer loop
      vertex 1.8477590650225735 -0.7653668647301796 28.5
      vertex 1.7320508075688772 -1 34.5
      vertex 1.8477590650225735 -0.7653668647301796 34.5
    endloop
  endfacet
  facet normal -0.9469301294951057 0.3214394653031618 0
    outer loop
      vertex 1.9318516525781366 -0.5176380902050415 28.5
      vertex 1.8477590650225735 -0.7653668647301796 34.5
      vertex 1.9318516525781366 -0.5176380902050415 34.5
    endloop
  endfacet
  facet normal 0.9978589232386035 0.0654031292301433 0
    outer loop
      vertex -1.9828897227476208 -0.26105238444010315 28.5
      vertex -2 0 28.5
      vertex -2 0 34.5
    endloop
  endfacet
  facet normal 0.9978589232386035 -0.0654031292301433 0
    outer loop
      vertex -2 0 28.5
      vertex -1.9828897227476208 0.26105238444010315 28.5
      vertex -1.9828897227476208 0.26105238444010315 34.5
    endloop
  endfacet
  facet normal 0.9807852804032305 0.1950903220161279 0
    outer loop
      vertex -1.9318516525781366 -0.5176380902050415 28.5
      vertex -1.9828897227476208 -0.26105238444010315 28.5
      vertex -1.9828897227476208 -0.26105238444010315 34.5
    endloop
  endfacet
  facet normal 0.9807852804032305 -0.1950903220161279 0
    outer loop
      vertex -1.9828897227476208 0.26105238444010315 28.5
      vertex -1.9318516525781366 0.5176380902050415 28.5
      vertex -1.9318516525781366 0.5176380902050415 34.5
    endloop
  endfacet
  facet normal 0.9469301294951057 -0.3214394653031618 0
    outer loop
      vertex -1.9318516525781366 0.5176380902050415 28.5
      vertex -1.8477590650225735 0.7653668647301796 28.5
      vertex -1.8477590650225735 0.7653668647301796 34.5
    endloop
  endfacet
  facet normal 0.8968727415326881 -0.44228869021900147 0
    outer loop
      vertex -1.8477590650225735 0.7653668647301796 28.5
      vertex -1.7320508075688772 1 28.5
      vertex -1.7320508075688772 1 34.5
    endloop
  endfacet
  facet normal 0.8314696123025455 -0.555570233019602 0
    outer loop
      vertex -1.7320508075688772 1 28.5
      vertex -1.5867066805824703 1.2175228580174413 28.5
      vertex -1.5867066805824703 1.2175228580174413 34.5
    endloop
  endfacet
  facet normal 0.7518398074789777 -0.6593458151000686 0
    outer loop
      vertex -1.5867066805824703 1.2175228580174413 28.5
      vertex -1.4142135623730951 1.4142135623730951 28.5
      vertex -1.4142135623730951 1.4142135623730951 34.5
    endloop
  endfacet
  facet normal -0.9978589232386035 0.0654031292301433 0
    outer loop
      vertex 1.9828897227476208 -0.26105238444010315 28.5
      vertex 1.9828897227476208 -0.26105238444010315 34.5
      vertex 2 0 28.5
    endloop
  endfacet
  facet normal -0.9978589232386035 -0.0654031292301433 0
    outer loop
      vertex 2 0 28.5
      vertex 2 0 34.5
      vertex 1.9828897227476208 0.26105238444010315 28.5
    endloop
  endfacet
  facet normal -0.9807852804032305 -0.1950903220161279 0
    outer loop
      vertex 1.9318516525781366 0.5176380902050415 28.5
      vertex 1.9828897227476208 0.26105238444010315 28.5
      vertex 1.9828897227476208 0.26105238444010315 34.5
    endloop
  endfacet
  facet normal -0.9469301294951057 -0.3214394653031618 0
    outer loop
      vertex 1.9318516525781366 0.5176380902050415 28.5
      vertex 1.9318516525781366 0.5176380902050415 34.5
      vertex 1.8477590650225735 0.7653668647301796 28.5
    endloop
  endfacet
  facet normal -0.8968727415326881 -0.44228869021900147 0
    outer loop
      vertex 1.8477590650225735 0.7653668647301796 28.5
      vertex 1.8477590650225735 0.7653668647301796 34.5
      vertex 1.7320508075688772 1 28.5
    endloop
  endfacet
  facet normal -0.7518398074789777 -0.6593458151000686 0
    outer loop
      vertex 1.5867066805824703 1.2175228580174413 28.5
      vertex 1.5867066805824703 1.2175228580174413 34.5
      vertex 1.4142135623730951 1.4142135623730951 28.5
    endloop
  endfacet
  facet normal -0.6593458151000686 -0.7518398074789777 0
    outer loop
      vertex 1.2175228580174413 1.5867066805824703 28.5
      vertex 1.4142135623730951 1.4142135623730951 28.5
      vertex 1.4142135623730951 1.4142135623730951 34.5
    endloop
  endfacet
  facet normal -0.8314696123025455 -0.555570233019602 0
    outer loop
      vertex 1.5867066805824703 1.2175228580174413 28.5
      vertex 1.7320508075688772 1 28.5
      vertex 1.7320508075688772 1 34.5
    endloop
  endfacet
  facet normal 0.9978589232386035 0.0654031292301433 0
    outer loop
      vertex -1.9828897227476208 -0.26105238444010315 28.5
      vertex -2 0 34.5
      vertex -1.9828897227476208 -0.26105238444010315 34.5
    endloop
  endfacet
  facet normal 0.9978589232386035 -0.0654031292301433 0
    outer loop
      vertex -2 0 28.5
      vertex -1.9828897227476208 0.26105238444010315 34.5
      vertex -2 0 34.5
    endloop
  endfacet
  facet normal 0.9807852804032305 -0.1950903220161279 0
    outer loop
      vertex -1.9828897227476208 0.26105238444010315 28.5
      vertex -1.9318516525781366 0.5176380902050415 34.5
      vertex -1.9828897227476208 0.26105238444010315 34.5
    endloop
  endfacet
  facet normal 0.9469301294951057 -0.3214394653031618 0
    outer loop
      vertex -1.9318516525781366 0.5176380902050415 28.5
      vertex -1.8477590650225735 0.7653668647301796 34.5
      vertex -1.9318516525781366 0.5176380902050415 34.5
    endloop
  endfacet
  facet normal 0.8968727415326881 -0.44228869021900147 0
    outer loop
      vertex -1.8477590650225735 0.7653668647301796 28.5
      vertex -1.7320508075688772 1 34.5
      vertex -1.8477590650225735 0.7653668647301796 34.5
    endloop
  endfacet
  facet normal 0.8314696123025455 -0.555570233019602 0
    outer loop
      vertex -1.7320508075688772 1 28.5
      vertex -1.5867066805824703 1.2175228580174413 34.5
      vertex -1.7320508075688772 1 34.5
    endloop
  endfacet
  facet normal 0.7518398074789777 -0.6593458151000686 0
    outer loop
      vertex -1.5867066805824703 1.2175228580174413 28.5
      vertex -1.4142135623730951 1.4142135623730951 34.5
      vertex -1.5867066805824703 1.2175228580174413 34.5
    endloop
  endfacet
  facet normal 0.6593458151000686 -0.7518398074789777 0
    outer loop
      vertex -1.4142135623730951 1.4142135623730951 28.5
      vertex -1.2175228580174413 1.5867066805824703 34.5
      vertex -1.4142135623730951 1.4142135623730951 34.5
    endloop
  endfacet
  facet normal -0.9807852804032305 0.1950903220161279 0
    outer loop
      vertex 1.9828897227476208 -0.26105238444010315 28.5
      vertex 1.9318516525781366 -0.5176380902050415 34.5
      vertex 1.9828897227476208 -0.26105238444010315 34.5
    endloop
  endfacet
  facet normal -0.9978589232386035 0.0654031292301433 0
    outer loop
      vertex 2 0 28.5
      vertex 1.9828897227476208 -0.26105238444010315 34.5
      vertex 2 0 34.5
    endloop
  endfacet
  facet normal -0.9978589232386035 -0.0654031292301433 0
    outer loop
      vertex 1.9828897227476208 0.26105238444010315 28.5
      vertex 2 0 34.5
      vertex 1.9828897227476208 0.26105238444010315 34.5
    endloop
  endfacet
  facet normal -0.9807852804032305 -0.1950903220161279 0
    outer loop
      vertex 1.9318516525781366 0.5176380902050415 28.5
      vertex 1.9828897227476208 0.26105238444010315 34.5
      vertex 1.9318516525781366 0.5176380902050415 34.5
    endloop
  endfacet
  facet normal -0.9469301294951057 -0.3214394653031618 0
    outer loop
      vertex 1.8477590650225735 0.7653668647301796 28.5
      vertex 1.9318516525781366 0.5176380902050415 34.5
      vertex 1.8477590650225735 0.7653668647301796 34.5
    endloop
  endfacet
  facet normal -0.8968727415326881 -0.44228869021900147 0
    outer loop
      vertex 1.7320508075688772 1 28.5
      vertex 1.8477590650225735 0.7653668647301796 34.5
      vertex 1.7320508075688772 1 34.5
    endloop
  endfacet
  facet normal -0.7518398074789777 -0.6593458151000686 0
    outer loop
      vertex 1.4142135623730951 1.4142135623730951 28.5
      vertex 1.5867066805824703 1.2175228580174413 34.5
      vertex 1.4142135623730951 1.4142135623730951 34.5
    endloop
  endfacet
  facet normal -0.8314696123025455 -0.555570233019602 0
    outer loop
      vertex 1.5867066805824703 1.2175228580174413 28.5
      vertex 1.7320508075688772 1 34.5
      vertex 1.5867066805824703 1.2175228580174413 34.5
    endloop
  endfacet
  facet normal 0.6593458151000686 -0.7518398074789777 0
    outer loop
      vertex -1.4142135623730951 1.4142135623730951 28.5
      vertex -1.2175228580174413 1.5867066805824703 28.5
      vertex -1.2175228580174413 1.5867066805824703 34.5
    endloop
  endfacet
  facet normal 0.555570233019602 -0.8314696123025455 0
    outer loop
      vertex -1.2175228580174413 1.5867066805824703 28.5
      vertex -1 1.7320508075688772 28.5
      vertex -1 1.7320508075688772 34.5
    endloop
  endfacet
  facet normal 0.44228869021900147 -0.8968727415326881 0
    outer loop
      vertex -1 1.7320508075688772 28.5
      vertex -0.7653668647301796 1.8477590650225735 28.5
      vertex -0.7653668647301796 1.8477590650225735 34.5
    endloop
  endfacet
  facet normal 0.3214394653031618 -0.9469301294951057 0
    outer loop
      vertex -0.7653668647301796 1.8477590650225735 28.5
      vertex -0.5176380902050415 1.9318516525781366 28.5
      vertex -0.5176380902050415 1.9318516525781366 34.5
    endloop
  endfacet
  facet normal 0.1950903220161279 -0.9807852804032305 0
    outer loop
      vertex -0.5176380902050415 1.9318516525781366 28.5
      vertex -0.26105238444010315 1.9828897227476208 28.5
      vertex -0.26105238444010315 1.9828897227476208 34.5
    endloop
  endfacet
  facet normal -0.1950903220161279 -0.9807852804032305 0
    outer loop
      vertex 0.26105238444010315 1.9828897227476208 28.5
      vertex 0.5176380902050415 1.9318516525781366 28.5
      vertex 0.5176380902050415 1.9318516525781366 34.5
    endloop
  endfacet
  facet normal -0.3214394653031618 -0.9469301294951057 0
    outer loop
      vertex 0.5176380902050415 1.9318516525781366 28.5
      vertex 0.7653668647301796 1.8477590650225735 28.5
      vertex 0.7653668647301796 1.8477590650225735 34.5
    endloop
  endfacet
  facet normal 0.0654031292301433 -0.9978589232386035 0
    outer loop
      vertex -0.26105238444010315 1.9828897227476208 28.5
      vertex 0 2 28.5
      vertex 0 2 34.5
    endloop
  endfacet
  facet normal -0.0654031292301433 -0.9978589232386035 0
    outer loop
      vertex 0 2 28.5
      vertex 0.26105238444010315 1.9828897227476208 28.5
      vertex 0.26105238444010315 1.9828897227476208 34.5
    endloop
  endfacet
  facet normal -0.555570233019602 -0.8314696123025455 0
    outer loop
      vertex 1 1.7320508075688772 28.5
      vertex 1.2175228580174413 1.5867066805824703 28.5
      vertex 1.2175228580174413 1.5867066805824703 34.5
    endloop
  endfacet
  facet normal -0.44228869021900147 -0.8968727415326881 0
    outer loop
      vertex 1 1.7320508075688772 28.5
      vertex 1 1.7320508075688772 34.5
      vertex 0.7653668647301796 1.8477590650225735 28.5
    endloop
  endfacet
  facet normal 0.555570233019602 -0.8314696123025455 0
    outer loop
      vertex -1.2175228580174413 1.5867066805824703 28.5
      vertex -1 1.7320508075688772 34.5
      vertex -1.2175228580174413 1.5867066805824703 34.5
    endloop
  endfacet
  facet normal 0.44228869021900147 -0.8968727415326881 0
    outer loop
      vertex -1 1.7320508075688772 28.5
      vertex -0.7653668647301796 1.8477590650225735 34.5
      vertex -1 1.7320508075688772 34.5
    endloop
  endfacet
  facet normal 0.3214394653031618 -0.9469301294951057 0
    outer loop
      vertex -0.7653668647301796 1.8477590650225735 28.5
      vertex -0.5176380902050415 1.9318516525781366 34.5
      vertex -0.7653668647301796 1.8477590650225735 34.5
    endloop
  endfacet
  facet normal 0.1950903220161279 -0.9807852804032305 0
    outer loop
      vertex -0.5176380902050415 1.9318516525781366 28.5
      vertex -0.26105238444010315 1.9828897227476208 34.5
      vertex -0.5176380902050415 1.9318516525781366 34.5
    endloop
  endfacet
  facet normal -0.1950903220161279 -0.9807852804032305 0
    outer loop
      vertex 0.26105238444010315 1.9828897227476208 28.5
      vertex 0.5176380902050415 1.9318516525781366 34.5
      vertex 0.26105238444010315 1.9828897227476208 34.5
    endloop
  endfacet
  facet normal -0.44228869021900147 -0.8968727415326881 0
    outer loop
      vertex 0.7653668647301796 1.8477590650225735 28.5
      vertex 1 1.7320508075688772 34.5
      vertex 0.7653668647301796 1.8477590650225735 34.5
    endloop
  endfacet
  facet normal -0.3214394653031618 -0.9469301294951057 0
    outer loop
      vertex 0.5176380902050415 1.9318516525781366 28.5
      vertex 0.7653668647301796 1.8477590650225735 34.5
      vertex 0.5176380902050415 1.9318516525781366 34.5
    endloop
  endfacet
  facet normal 0.0654031292301433 -0.9978589232386035 0
    outer loop
      vertex -0.26105238444010315 1.9828897227476208 28.5
      vertex 0 2 34.5
      vertex -0.26105238444010315 1.9828897227476208 34.5
    endloop
  endfacet
  facet normal -0.0654031292301433 -0.9978589232386035 0
    outer loop
      vertex 0 2 28.5
      vertex 0.26105238444010315 1.9828897227476208 34.5
      vertex 0 2 34.5
    endloop
  endfacet
  facet normal -0.555570233019602 -0.8314696123025455 0
    outer loop
      vertex 1 1.7320508075688772 28.5
      vertex 1.2175228580174413 1.5867066805824703 34.5
      vertex 1 1.7320508075688772 34.5
    endloop
  endfacet
  facet normal -0.6593458151000686 -0.7518398074789777 0
    outer loop
      vertex 1.2175228580174413 1.5867066805824703 28.5
      vertex 1.4142135623730951 1.4142135623730951 34.5
      vertex 1.2175228580174413 1.5867066805824703 34.5
    endloop
  endfacet
  facet normal 0 0 1
    outer loop
      vertex 22.585786437626904 -1.4142135623730951 28.5
      vertex 22.585786437626904 1.4142135623730951 28.5
      vertex 22.41329331941753 -1.2175228580174413 28.5
    endloop
  endfacet
  facet normal 0 0 1
    outer loop
      vertex 22.782477141982557 -1.5867066805824703 28.5
      vertex 23 -1.7320508075688772 28.5
      vertex 23 1.7320508075688772 28.5
    endloop
  endfacet
  facet normal 0 0 1
    outer loop
      vertex 22.585786437626904 -1.4142135623730951 28.5
      vertex 22.782477141982557 -1.5867066805824703 28.5
      vertex 22.782477141982557 1.5867066805824703 28.5
    endloop
  endfacet
  facet normal 0 0 1
    outer loop
      vertex 23.23463313526982 -1.8477590650225735 28.5
      vertex 23.23463313526982 1.8477590650225735 28.5
      vertex 23 -1.7320508075688772 28.5
    endloop
  endfacet
  facet normal 0 0 1
    outer loop
      vertex 23.23463313526982 -1.8477590650225735 28.5
      vertex 23.48236190979496 -1.9318516525781366 28.5
      vertex 23.48236190979496 1.9318516525781366 28.5
    endloop
  endfacet
  facet normal 0 0 1
    outer loop
      vertex 23.48236190979496 -1.9318516525781366 28.5
      vertex 23.738947615559898 -1.9828897227476208 28.5
      vertex 23.738947615559898 1.9828897227476208 28.5
    endloop
  endfacet
  facet normal 0 0 1
    outer loop
      vertex 23.738947615559898 -1.9828897227476208 28.5
      vertex 24 -2 28.5
      vertex 24 2 28.5
    endloop
  endfacet
  facet normal 0 0 1
    outer loop
      vertex 24 -2 28.5
      vertex 24.261052384440102 -1.9828897227476208 28.5
      vertex 24.261052384440102 1.9828897227476208 28.5
    endloop
  endfacet
  facet normal 0 0 1
    outer loop
      vertex 24.261052384440102 -1.9828897227476208 28.5
      vertex 24.51763809020504 -1.9318516525781366 28.5
      vertex 24.51763809020504 1.9318516525781366 28.5
    endloop
  endfacet
  facet normal 0 0 1
    outer loop
      vertex 24.51763809020504 -1.9318516525781366 28.5
      vertex 24.76536686473018 -1.8477590650225735 28.5
      vertex 24.76536686473018 1.8477590650225735 28.5
    endloop
  endfacet
  facet normal 0 0 1
    outer loop
      vertex 22.26794919243112 -1 28.5
      vertex 22.26794919243112 1 28.5
      vertex 22.152240934977428 -0.7653668647301796 28.5
    endloop
  endfacet
  facet normal 0 0 1
    outer loop
      vertex 22.152240934977428 -0.7653668647301796 28.5
      vertex 22.152240934977428 0.7653668647301796 28.5
      vertex 22.068148347421864 -0.5176380902050415 28.5
    endloop
  endfacet
  facet normal 0 0 1
    outer loop
      vertex 22.26794919243112 -1 28.5
      vertex 22.41329331941753 -1.2175228580174413 28.5
      vertex 22.41329331941753 1.2175228580174413 28.5
    endloop
  endfacet
  facet normal 0 0 1
    outer loop
      vertex 22.068148347421864 -0.5176380902050415 28.5
      vertex 22.068148347421864 0.5176380902050415 28.5
      vertex 22.017110277252378 -0.26105238444010315 28.5
    endloop
  endfacet
  facet normal 0 0 1
    outer loop
      vertex 22.017110277252378 -0.26105238444010315 28.5
      vertex 22.017110277252378 0.26105238444010315 28.5
      vertex 22 0 28.5
    endloop
  endfacet
  facet normal 0 0 1
    outer loop
      vertex 22.017110277252378 -0.26105238444010315 28.5
      vertex 22.068148347421864 0.5176380902050415 28.5
      vertex 22.017110277252378 0.26105238444010315 28.5
    endloop
  endfacet
  facet normal 0 0 1
    outer loop
      vertex 22.068148347421864 -0.5176380902050415 28.5
      vertex 22.152240934977428 0.7653668647301796 28.5
      vertex 22.068148347421864 0.5176380902050415 28.5
    endloop
  endfacet
  facet normal 0 0 1
    outer loop
      vertex 22.152240934977428 -0.7653668647301796 28.5
      vertex 22.26794919243112 1 28.5
      vertex 22.152240934977428 0.7653668647301796 28.5
    endloop
  endfacet
  facet normal 0 0 1
    outer loop
      vertex 22.26794919243112 -1 28.5
      vertex 22.41329331941753 1.2175228580174413 28.5
      vertex 22.26794919243112 1 28.5
    endloop
  endfacet
  facet normal 0 0 1
    outer loop
      vertex 22.41329331941753 -1.2175228580174413 28.5
      vertex 22.585786437626904 1.4142135623730951 28.5
      vertex 22.41329331941753 1.2175228580174413 28.5
    endloop
  endfacet
  facet normal 0 0 1
    outer loop
      vertex 22.585786437626904 -1.4142135623730951 28.5
      vertex 22.782477141982557 1.5867066805824703 28.5
      vertex 22.585786437626904 1.4142135623730951 28.5
    endloop
  endfacet
  facet normal 0 0 1
    outer loop
      vertex 22.782477141982557 -1.5867066805824703 28.5
      vertex 23 1.7320508075688772 28.5
      vertex 22.782477141982557 1.5867066805824703 28.5
    endloop
  endfacet
  facet normal 0 0 1
    outer loop
      vertex 23 -1.7320508075688772 28.5
      vertex 23.23463313526982 1.8477590650225735 28.5
      vertex 23 1.7320508075688772 28.5
    endloop
  endfacet
  facet normal 0 0 1
    outer loop
      vertex 23.23463313526982 -1.8477590650225735 28.5
      vertex 23.48236190979496 1.9318516525781366 28.5
      vertex 23.23463313526982 1.8477590650225735 28.5
    endloop
  endfacet
  facet normal 0 0 1
    outer loop
      vertex 23.48236190979496 -1.9318516525781366 28.5
      vertex 23.738947615559898 1.9828897227476208 28.5
      vertex 23.48236190979496 1.9318516525781366 28.5
    endloop
  endfacet
  facet normal 0 0 1
    outer loop
      vertex 23.738947615559898 -1.9828897227476208 28.5
      vertex 24 2 28.5
      vertex 23.738947615559898 1.9828897227476208 28.5
    endloop
  endfacet
  facet normal 0 0 1
    outer loop
      vertex 24 -2 28.5
      vertex 24.261052384440102 1.9828897227476208 28.5
      vertex 24 2 28.5
    endloop
  endfacet
  facet normal 0 0 1
    outer loop
      vertex 24.261052384440102 -1.9828897227476208 28.5
      vertex 24.51763809020504 1.9318516525781366 28.5
      vertex 24.261052384440102 1.9828897227476208 28.5
    endloop
  endfacet
  facet normal 0 0 1
    outer loop
      vertex 24.51763809020504 -1.9318516525781366 28.5
      vertex 24.76536686473018 1.8477590650225735 28.5
      vertex 24.51763809020504 1.9318516525781366 28.5
    endloop
  endfacet
  facet normal 0.32143946530316014 0.9469301294951062 0
    outer loop
      vertex 23.23463313526982 -1.8477590650225735 28.5
      vertex 23.23463313526982 -1.8477590650225735 34.5
      vertex 23.48236190979496 -1.9318516525781366 28.5
    endloop
  endfacet
  facet normal 0.5555702330195995 0.831469612302547 0
    outer loop
      vertex 22.782477141982557 -1.5867066805824703 28.5
      vertex 22.782477141982557 -1.5867066805824703 34.5
      vertex 23 -1.7320508075688772 28.5
    endloop
  endfacet
  facet normal 0.442288690219001 0.8968727415326885 0
    outer loop
      vertex 23.23463313526982 -1.8477590650225735 28.5
      vertex 23 -1.7320508075688772 28.5
      vertex 23 -1.7320508075688772 34.5
    endloop
  endfacet
  facet normal 0.6593458151000698 0.7518398074789766 0
    outer loop
      vertex 22.585786437626904 -1.4142135623730951 28.5
      vertex 22.585786437626904 -1.4142135623730951 34.5
      vertex 22.782477141982557 -1.5867066805824703 28.5
    endloop
  endfacet
  facet normal 0.19509032201612853 0.9807852804032303 0
    outer loop
      vertex 23.48236190979496 -1.9318516525781366 28.5
      vertex 23.48236190979496 -1.9318516525781366 34.5
      vertex 23.738947615559898 -1.9828897227476208 28.5
    endloop
  endfacet
  facet normal 0.06540312923014352 0.9978589232386035 0
    outer loop
      vertex 23.738947615559898 -1.9828897227476208 28.5
      vertex 23.738947615559898 -1.9828897227476208 34.5
      vertex 24 -2 28.5
    endloop
  endfacet
  facet normal -0.06540312923014352 0.9978589232386035 0
    outer loop
      vertex 24 -2 28.5
      vertex 24 -2 34.5
      vertex 24.261052384440102 -1.9828897227476208 28.5
    endloop
  endfacet
  facet normal -0.19509032201612853 0.9807852804032303 0
    outer loop
      vertex 24.261052384440102 -1.9828897227476208 28.5
      vertex 24.261052384440102 -1.9828897227476208 34.5
      vertex 24.51763809020504 -1.9318516525781366 28.5
    endloop
  endfacet
  facet normal -0.32143946530316014 0.9469301294951062 0
    outer loop
      vertex 24.51763809020504 -1.9318516525781366 28.5
      vertex 24.51763809020504 -1.9318516525781366 34.5
      vertex 24.76536686473018 -1.8477590650225735 28.5
    endloop
  endfacet
  facet normal 0.7518398074789798 0.6593458151000662 0
    outer loop
      vertex 22.585786437626904 -1.4142135623730951 28.5
      vertex 22.41329331941753 -1.2175228580174413 28.5
      vertex 22.41329331941753 -1.2175228580174413 34.5
    endloop
  endfacet
  facet normal 0.8314696123025423 0.5555702330196066 0
    outer loop
      vertex 22.26794919243112 -1 28.5
      vertex 22.26794919243112 -1 34.5
      vertex 22.41329331941753 -1.2175228580174413 28.5
    endloop
  endfacet
  facet normal 0.8968727415326921 0.4422886902189933 0
    outer loop
      vertex 22.26794919243112 -1 28.5
      vertex 22.152240934977428 -0.7653668647301796 28.5
      vertex 22.152240934977428 -0.7653668647301796 34.5
    endloop
  endfacet
  facet normal 0.9469301294951054 0.3214394653031626 0
    outer loop
      vertex 22.152240934977428 -0.7653668647301796 28.5
      vertex 22.068148347421864 -0.5176380902050415 28.5
      vertex 22.068148347421864 -0.5176380902050415 34.5
    endloop
  endfacet
  facet normal 0.442288690219001 0.8968727415326885 0
    outer loop
      vertex 23.23463313526982 -1.8477590650225735 28.5
      vertex 23 -1.7320508075688772 34.5
      vertex 23.23463313526982 -1.8477590650225735 34.5
    endloop
  endfacet
  facet normal 0.7518398074789798 0.6593458151000662 0
    outer loop
      vertex 22.585786437626904 -1.4142135623730951 28.5
      vertex 22.41329331941753 -1.2175228580174413 34.5
      vertex 22.585786437626904 -1.4142135623730951 34.5
    endloop
  endfacet
  facet normal 0.5555702330195995 0.831469612302547 0
    outer loop
      vertex 23 -1.7320508075688772 28.5
      vertex 22.782477141982557 -1.5867066805824703 34.5
      vertex 23 -1.7320508075688772 34.5
    endloop
  endfacet
  facet normal 0.6593458151000698 0.7518398074789766 0
    outer loop
      vertex 22.782477141982557 -1.5867066805824703 28.5
      vertex 22.585786437626904 -1.4142135623730951 34.5
      vertex 22.782477141982557 -1.5867066805824703 34.5
    endloop
  endfacet
  facet normal 0.32143946530316014 0.9469301294951062 0
    outer loop
      vertex 23.48236190979496 -1.9318516525781366 28.5
      vertex 23.23463313526982 -1.8477590650225735 34.5
      vertex 23.48236190979496 -1.9318516525781366 34.5
    endloop
  endfacet
  facet normal 0.19509032201612853 0.9807852804032303 0
    outer loop
      vertex 23.738947615559898 -1.9828897227476208 28.5
      vertex 23.48236190979496 -1.9318516525781366 34.5
      vertex 23.738947615559898 -1.9828897227476208 34.5
    endloop
  endfacet
  facet normal 0.06540312923014352 0.9978589232386035 0
    outer loop
      vertex 24 -2 28.5
      vertex 23.738947615559898 -1.9828897227476208 34.5
      vertex 24 -2 34.5
    endloop
  endfacet
  facet normal -0.06540312923014352 0.9978589232386035 0
    outer loop
      vertex 24.261052384440102 -1.9828897227476208 28.5
      vertex 24 -2 34.5
      vertex 24.261052384440102 -1.9828897227476208 34.5
    endloop
  endfacet
  facet normal -0.19509032201612853 0.9807852804032303 0
    outer loop
      vertex 24.51763809020504 -1.9318516525781366 28.5
      vertex 24.261052384440102 -1.9828897227476208 34.5
      vertex 24.51763809020504 -1.9318516525781366 34.5
    endloop
  endfacet
  facet normal -0.32143946530316014 0.9469301294951062 0
    outer loop
      vertex 24.76536686473018 -1.8477590650225735 28.5
      vertex 24.51763809020504 -1.9318516525781366 34.5
      vertex 24.76536686473018 -1.8477590650225735 34.5
    endloop
  endfacet
  facet normal 0.8314696123025423 0.5555702330196066 0
    outer loop
      vertex 22.41329331941753 -1.2175228580174413 28.5
      vertex 22.26794919243112 -1 34.5
      vertex 22.41329331941753 -1.2175228580174413 34.5
    endloop
  endfacet
  facet normal 0.8968727415326921 0.4422886902189933 0
    outer loop
      vertex 22.26794919243112 -1 28.5
      vertex 22.152240934977428 -0.7653668647301796 34.5
      vertex 22.26794919243112 -1 34.5
    endloop
  endfacet
  facet normal 0.9469301294951054 0.3214394653031626 0
    outer loop
      vertex 22.152240934977428 -0.7653668647301796 28.5
      vertex 22.068148347421864 -0.5176380902050415 34.5
      vertex 22.152240934977428 -0.7653668647301796 34.5
    endloop
  endfacet
  facet normal 0.9807852804032289 0.19509032201613605 0
    outer loop
      vertex 22.068148347421864 -0.5176380902050415 28.5
      vertex 22.017110277252378 -0.26105238444010315 34.5
      vertex 22.068148347421864 -0.5176380902050415 34.5
    endloop
  endfacet
  facet normal 0.9807852804032289 0.19509032201613605 0
    outer loop
      vertex 22.068148347421864 -0.5176380902050415 28.5
      vertex 22.017110277252378 -0.26105238444010315 28.5
      vertex 22.017110277252378 -0.26105238444010315 34.5
    endloop
  endfacet
  facet normal 0.9978589232386038 0.06540312923013908 0
    outer loop
      vertex 22.017110277252378 -0.26105238444010315 28.5
      vertex 22 0 28.5
      vertex 22 0 34.5
    endloop
  endfacet
  facet normal 0.9978589232386038 -0.06540312923013908 0
    outer loop
      vertex 22 0 28.5
      vertex 22.017110277252378 0.26105238444010315 28.5
      vertex 22.017110277252378 0.26105238444010315 34.5
    endloop
  endfacet
  facet normal 0.9807852804032289 -0.19509032201613605 0
    outer loop
      vertex 22.017110277252378 0.26105238444010315 28.5
      vertex 22.068148347421864 0.5176380902050415 28.5
      vertex 22.068148347421864 0.5176380902050415 34.5
    endloop
  endfacet
  facet normal 0.9469301294951054 -0.3214394653031626 0
    outer loop
      vertex 22.068148347421864 0.5176380902050415 28.5
      vertex 22.152240934977428 0.7653668647301796 28.5
      vertex 22.152240934977428 0.7653668647301796 34.5
    endloop
  endfacet
  facet normal 0.8968727415326921 -0.4422886902189933 0
    outer loop
      vertex 22.152240934977428 0.7653668647301796 28.5
      vertex 22.26794919243112 1 28.5
      vertex 22.26794919243112 1 34.5
    endloop
  endfacet
  facet normal 0.8314696123025423 -0.5555702330196066 0
    outer loop
      vertex 22.26794919243112 1 28.5
      vertex 22.41329331941753 1.2175228580174413 28.5
      vertex 22.41329331941753 1.2175228580174413 34.5
    endloop
  endfacet
  facet normal 0.7518398074789798 -0.6593458151000662 0
    outer loop
      vertex 22.41329331941753 1.2175228580174413 28.5
      vertex 22.585786437626904 1.4142135623730951 28.5
      vertex 22.585786437626904 1.4142135623730951 34.5
    endloop
  endfacet
  facet normal 0.9978589232386038 0.06540312923013908 0
    outer loop
      vertex 22.017110277252378 -0.26105238444010315 28.5
      vertex 22 0 34.5
      vertex 22.017110277252378 -0.26105238444010315 34.5
    endloop
  endfacet
  facet normal 0.9978589232386038 -0.06540312923013908 0
    outer loop
      vertex 22 0 28.5
      vertex 22.017110277252378 0.26105238444010315 34.5
      vertex 22 0 34.5
    endloop
  endfacet
  facet normal 0.9807852804032289 -0.19509032201613605 0
    outer loop
      vertex 22.017110277252378 0.26105238444010315 28.5
      vertex 22.068148347421864 0.5176380902050415 34.5
      vertex 22.017110277252378 0.26105238444010315 34.5
    endloop
  endfacet
  facet normal 0.9469301294951054 -0.3214394653031626 0
    outer loop
      vertex 22.068148347421864 0.5176380902050415 28.5
      vertex 22.152240934977428 0.7653668647301796 34.5
      vertex 22.068148347421864 0.5176380902050415 34.5
    endloop
  endfacet
  facet normal 0.8968727415326921 -0.4422886902189933 0
    outer loop
      vertex 22.152240934977428 0.7653668647301796 28.5
      vertex 22.26794919243112 1 34.5
      vertex 22.152240934977428 0.7653668647301796 34.5
    endloop
  endfacet
  facet normal 0.8314696123025423 -0.5555702330196066 0
    outer loop
      vertex 22.26794919243112 1 28.5
      vertex 22.41329331941753 1.2175228580174413 34.5
      vertex 22.26794919243112 1 34.5
    endloop
  endfacet
  facet normal 0.7518398074789798 -0.6593458151000662 0
    outer loop
      vertex 22.41329331941753 1.2175228580174413 28.5
      vertex 22.585786437626904 1.4142135623730951 34.5
      vertex 22.41329331941753 1.2175228580174413 34.5
    endloop
  endfacet
  facet normal 0.6593458151000698 -0.7518398074789766 0
    outer loop
      vertex 22.585786437626904 1.4142135623730951 28.5
      vertex 22.782477141982557 1.5867066805824703 34.5
      vertex 22.585786437626904 1.4142135623730951 34.5
    endloop
  endfacet
  facet normal 0 0 1
    outer loop
      vertex 24.76536686473018 -1.8477590650225735 28.5
      vertex 25 -1.7320508075688772 28.5
      vertex 25 1.7320508075688772 28.5
    endloop
  endfacet
  facet normal 0 0 1
    outer loop
      vertex 25 -1.7320508075688772 28.5
      vertex 25.217522858017443 -1.5867066805824703 28.5
      vertex 25.217522858017443 1.5867066805824703 28.5
    endloop
  endfacet
  facet normal 0 0 1
    outer loop
      vertex 25.217522858017443 -1.5867066805824703 28.5
      vertex 25.414213562373096 -1.4142135623730951 28.5
      vertex 25.414213562373096 1.4142135623730951 28.5
    endloop
  endfacet
  facet normal 0 0 1
    outer loop
      vertex 25.414213562373096 -1.4142135623730951 28.5
      vertex 25.58670668058247 -1.2175228580174413 28.5
      vertex 25.58670668058247 1.2175228580174413 28.5
    endloop
  endfacet
  facet normal 0 0 1
    outer loop
      vertex 25.58670668058247 -1.2175228580174413 28.5
      vertex 25.73205080756888 -1 28.5
      vertex 25.73205080756888 1 28.5
    endloop
  endfacet
  facet normal 0 0 1
    outer loop
      vertex 25.73205080756888 -1 28.5
      vertex 25.847759065022572 -0.7653668647301796 28.5
      vertex 25.847759065022572 0.7653668647301796 28.5
    endloop
  endfacet
  facet normal 0 0 1
    outer loop
      vertex 25.847759065022572 -0.7653668647301796 28.5
      vertex 25.931851652578136 -0.5176380902050415 28.5
      vertex 25.931851652578136 0.5176380902050415 28.5
    endloop
  endfacet
  facet normal 0 0 1
    outer loop
      vertex 25.931851652578136 -0.5176380902050415 28.5
      vertex 25.982889722747622 -0.26105238444010315 28.5
      vertex 25.982889722747622 0.26105238444010315 28.5
    endloop
  endfacet
  facet normal 0 0 1
    outer loop
      vertex 25.931851652578136 -0.5176380902050415 28.5
      vertex 25.982889722747622 0.26105238444010315 28.5
      vertex 25.931851652578136 0.5176380902050415 28.5
    endloop
  endfacet
  facet normal 0 0 1
    outer loop
      vertex 25.982889722747622 -0.26105238444010315 28.5
      vertex 26 0 28.5
      vertex 25.982889722747622 0.26105238444010315 28.5
    endloop
  endfacet
  facet normal 0 0 1
    outer loop
      vertex 25 -1.7320508075688772 28.5
      vertex 25.217522858017443 1.5867066805824703 28.5
      vertex 25 1.7320508075688772 28.5
    endloop
  endfacet
  facet normal 0 0 1
    outer loop
      vertex 25.217522858017443 -1.5867066805824703 28.5
      vertex 25.414213562373096 1.4142135623730951 28.5
      vertex 25.217522858017443 1.5867066805824703 28.5
    endloop
  endfacet
  facet normal 0 0 1
    outer loop
      vertex 25.73205080756888 -1 28.5
      vertex 25.847759065022572 0.7653668647301796 28.5
      vertex 25.73205080756888 1 28.5
    endloop
  endfacet
  facet normal 0 0 1
    outer loop
      vertex 25.847759065022572 -0.7653668647301796 28.5
      vertex 25.931851652578136 0.5176380902050415 28.5
      vertex 25.847759065022572 0.7653668647301796 28.5
    endloop
  endfacet
  facet normal 0 0 1
    outer loop
      vertex 25.414213562373096 -1.4142135623730951 28.5
      vertex 25.58670668058247 1.2175228580174413 28.5
      vertex 25.414213562373096 1.4142135623730951 28.5
    endloop
  endfacet
  facet normal 0 0 1
    outer loop
      vertex 25.58670668058247 -1.2175228580174413 28.5
      vertex 25.73205080756888 1 28.5
      vertex 25.58670668058247 1.2175228580174413 28.5
    endloop
  endfacet
  facet normal 0 0 1
    outer loop
      vertex 24.76536686473018 -1.8477590650225735 28.5
      vertex 25 1.7320508075688772 28.5
      vertex 24.76536686473018 1.8477590650225735 28.5
    endloop
  endfacet
  facet normal -0.442288690219001 0.8968727415326885 0
    outer loop
      vertex 24.76536686473018 -1.8477590650225735 28.5
      vertex 24.76536686473018 -1.8477590650225735 34.5
      vertex 25 -1.7320508075688772 28.5
    endloop
  endfacet
  facet normal -0.5555702330195995 0.831469612302547 0
    outer loop
      vertex 25 -1.7320508075688772 28.5
      vertex 25 -1.7320508075688772 34.5
      vertex 25.217522858017443 -1.5867066805824703 28.5
    endloop
  endfacet
  facet normal -0.6593458151000698 0.7518398074789766 0
    outer loop
      vertex 25.217522858017443 -1.5867066805824703 28.5
      vertex 25.217522858017443 -1.5867066805824703 34.5
      vertex 25.414213562373096 -1.4142135623730951 28.5
    endloop
  endfacet
  facet normal -0.7518398074789798 0.6593458151000662 0
    outer loop
      vertex 25.414213562373096 -1.4142135623730951 28.5
      vertex 25.414213562373096 -1.4142135623730951 34.5
      vertex 25.58670668058247 -1.2175228580174413 28.5
    endloop
  endfacet
  facet normal -0.8314696123025423 0.5555702330196066 0
    outer loop
      vertex 25.58670668058247 -1.2175228580174413 28.5
      vertex 25.58670668058247 -1.2175228580174413 34.5
      vertex 25.73205080756888 -1 28.5
    endloop
  endfacet
  facet normal -0.8968727415326921 0.4422886902189933 0
    outer loop
      vertex 25.73205080756888 -1 28.5
      vertex 25.73205080756888 -1 34.5
      vertex 25.847759065022572 -0.7653668647301796 28.5
    endloop
  endfacet
  facet normal -0.9469301294951054 0.3214394653031626 0
    outer loop
      vertex 25.847759065022572 -0.7653668647301796 28.5
      vertex 25.847759065022572 -0.7653668647301796 34.5
      vertex 25.931851652578136 -0.5176380902050415 28.5
    endloop
  endfacet
  facet normal -0.9807852804032289 0.19509032201613605 0
    outer loop
      vertex 25.931851652578136 -0.5176380902050415 28.5
      vertex 25.931851652578136 -0.5176380902050415 34.5
      vertex 25.982889722747622 -0.26105238444010315 28.5
    endloop
  endfacet
  facet normal -0.442288690219001 0.8968727415326885 0
    outer loop
      vertex 25 -1.7320508075688772 28.5
      vertex 24.76536686473018 -1.8477590650225735 34.5
      vertex 25 -1.7320508075688772 34.5
    endloop
  endfacet
  facet normal -0.5555702330195995 0.831469612302547 0
    outer loop
      vertex 25.217522858017443 -1.5867066805824703 28.5
      vertex 25 -1.7320508075688772 34.5
      vertex 25.217522858017443 -1.5867066805824703 34.5
    endloop
  endfacet
  facet normal -0.6593458151000698 0.7518398074789766 0
    outer loop
      vertex 25.414213562373096 -1.4142135623730951 28.5
      vertex 25.217522858017443 -1.5867066805824703 34.5
      vertex 25.414213562373096 -1.4142135623730951 34.5
    endloop
  endfacet
  facet normal -0.7518398074789798 0.6593458151000662 0
    outer loop
      vertex 25.58670668058247 -1.2175228580174413 28.5
      vertex 25.414213562373096 -1.4142135623730951 34.5
      vertex 25.58670668058247 -1.2175228580174413 34.5
    endloop
  endfacet
  facet normal -0.8314696123025423 0.5555702330196066 0
    outer loop
      vertex 25.73205080756888 -1 28.5
      vertex 25.58670668058247 -1.2175228580174413 34.5
      vertex 25.73205080756888 -1 34.5
    endloop
  endfacet
  facet normal -0.8968727415326921 0.4422886902189933 0
    outer loop
      vertex 25.847759065022572 -0.7653668647301796 28.5
      vertex 25.73205080756888 -1 34.5
      vertex 25.847759065022572 -0.7653668647301796 34.5
    endloop
  endfacet
  facet normal -0.9469301294951054 0.3214394653031626 0
    outer loop
      vertex 25.931851652578136 -0.5176380902050415 28.5
      vertex 25.847759065022572 -0.7653668647301796 34.5
      vertex 25.931851652578136 -0.5176380902050415 34.5
    endloop
  endfacet
  facet normal -0.9978589232386038 0.06540312923013908 0
    outer loop
      vertex 25.982889722747622 -0.26105238444010315 28.5
      vertex 25.982889722747622 -0.26105238444010315 34.5
      vertex 26 0 28.5
    endloop
  endfacet
  facet normal -0.9978589232386038 -0.06540312923013908 0
    outer loop
      vertex 26 0 28.5
      vertex 26 0 34.5
      vertex 25.982889722747622 0.26105238444010315 28.5
    endloop
  endfacet
  facet normal -0.9807852804032289 -0.19509032201613605 0
    outer loop
      vertex 25.931851652578136 0.5176380902050415 28.5
      vertex 25.982889722747622 0.26105238444010315 28.5
      vertex 25.982889722747622 0.26105238444010315 34.5
    endloop
  endfacet
  facet normal -0.9469301294951054 -0.3214394653031626 0
    outer loop
      vertex 25.931851652578136 0.5176380902050415 28.5
      vertex 25.931851652578136 0.5176380902050415 34.5
      vertex 25.847759065022572 0.7653668647301796 28.5
    endloop
  endfacet
  facet normal -0.8968727415326921 -0.4422886902189933 0
    outer loop
      vertex 25.847759065022572 0.7653668647301796 28.5
      vertex 25.847759065022572 0.7653668647301796 34.5
      vertex 25.73205080756888 1 28.5
    endloop
  endfacet
  facet normal -0.6593458151000698 -0.7518398074789766 0
    outer loop
      vertex 25.217522858017443 1.5867066805824703 28.5
      vertex 25.414213562373096 1.4142135623730951 28.5
      vertex 25.414213562373096 1.4142135623730951 34.5
    endloop
  endfacet
  facet normal -0.8314696123025423 -0.5555702330196066 0
    outer loop
      vertex 25.58670668058247 1.2175228580174413 28.5
      vertex 25.73205080756888 1 28.5
      vertex 25.73205080756888 1 34.5
    endloop
  endfacet
  facet normal -0.7518398074789798 -0.6593458151000662 0
    outer loop
      vertex 25.58670668058247 1.2175228580174413 28.5
      vertex 25.58670668058247 1.2175228580174413 34.5
      vertex 25.414213562373096 1.4142135623730951 28.5
    endloop
  endfacet
  facet normal -0.9807852804032289 0.19509032201613605 0
    outer loop
      vertex 25.982889722747622 -0.26105238444010315 28.5
      vertex 25.931851652578136 -0.5176380902050415 34.5
      vertex 25.982889722747622 -0.26105238444010315 34.5
    endloop
  endfacet
  facet normal -0.9978589232386038 0.06540312923013908 0
    outer loop
      vertex 26 0 28.5
      vertex 25.982889722747622 -0.26105238444010315 34.5
      vertex 26 0 34.5
    endloop
  endfacet
  facet normal -0.9978589232386038 -0.06540312923013908 0
    outer loop
      vertex 25.982889722747622 0.26105238444010315 28.5
      vertex 26 0 34.5
      vertex 25.982889722747622 0.26105238444010315 34.5
    endloop
  endfacet
  facet normal -0.9807852804032289 -0.19509032201613605 0
    outer loop
      vertex 25.931851652578136 0.5176380902050415 28.5
      vertex 25.982889722747622 0.26105238444010315 34.5
      vertex 25.931851652578136 0.5176380902050415 34.5
    endloop
  endfacet
  facet normal -0.9469301294951054 -0.3214394653031626 0
    outer loop
      vertex 25.847759065022572 0.7653668647301796 28.5
      vertex 25.931851652578136 0.5176380902050415 34.5
      vertex 25.847759065022572 0.7653668647301796 34.5
    endloop
  endfacet
  facet normal -0.8968727415326921 -0.4422886902189933 0
    outer loop
      vertex 25.73205080756888 1 28.5
      vertex 25.847759065022572 0.7653668647301796 34.5
      vertex 25.73205080756888 1 34.5
    endloop
  endfacet
  facet normal -0.8314696123025423 -0.5555702330196066 0
    outer loop
      vertex 25.58670668058247 1.2175228580174413 28.5
      vertex 25.73205080756888 1 34.5
      vertex 25.58670668058247 1.2175228580174413 34.5
    endloop
  endfacet
  facet normal -0.7518398074789798 -0.6593458151000662 0
    outer loop
      vertex 25.414213562373096 1.4142135623730951 28.5
      vertex 25.58670668058247 1.2175228580174413 34.5
      vertex 25.414213562373096 1.4142135623730951 34.5
    endloop
  endfacet
  facet normal 0.6593458151000698 -0.7518398074789766 0
    outer loop
      vertex 22.585786437626904 1.4142135623730951 28.5
      vertex 22.782477141982557 1.5867066805824703 28.5
      vertex 22.782477141982557 1.5867066805824703 34.5
    endloop
  endfacet
  facet normal 0.5555702330195995 -0.831469612302547 0
    outer loop
      vertex 22.782477141982557 1.5867066805824703 28.5
      vertex 23 1.7320508075688772 28.5
      vertex 23 1.7320508075688772 34.5
    endloop
  endfacet
  facet normal 0.442288690219001 -0.8968727415326885 0
    outer loop
      vertex 23 1.7320508075688772 28.5
      vertex 23.23463313526982 1.8477590650225735 28.5
      vertex 23.23463313526982 1.8477590650225735 34.5
    endloop
  endfacet
  facet normal 0.32143946530316014 -0.9469301294951062 0
    outer loop
      vertex 23.23463313526982 1.8477590650225735 28.5
      vertex 23.48236190979496 1.9318516525781366 28.5
      vertex 23.48236190979496 1.9318516525781366 34.5
    endloop
  endfacet
  facet normal 0.19509032201612853 -0.9807852804032303 0
    outer loop
      vertex 23.48236190979496 1.9318516525781366 28.5
      vertex 23.738947615559898 1.9828897227476208 28.5
      vertex 23.738947615559898 1.9828897227476208 34.5
    endloop
  endfacet
  facet normal -0.19509032201612853 -0.9807852804032303 0
    outer loop
      vertex 24.261052384440102 1.9828897227476208 28.5
      vertex 24.51763809020504 1.9318516525781366 28.5
      vertex 24.51763809020504 1.9318516525781366 34.5
    endloop
  endfacet
  facet normal -0.32143946530316014 -0.9469301294951062 0
    outer loop
      vertex 24.51763809020504 1.9318516525781366 28.5
      vertex 24.76536686473018 1.8477590650225735 28.5
      vertex 24.76536686473018 1.8477590650225735 34.5
    endloop
  endfacet
  facet normal 0.06540312923014352 -0.9978589232386035 0
    outer loop
      vertex 23.738947615559898 1.9828897227476208 28.5
      vertex 24 2 28.5
      vertex 24 2 34.5
    endloop
  endfacet
  facet normal -0.06540312923014352 -0.9978589232386035 0
    outer loop
      vertex 24 2 28.5
      vertex 24.261052384440102 1.9828897227476208 28.5
      vertex 24.261052384440102 1.9828897227476208 34.5
    endloop
  endfacet
  facet normal 0.5555702330195995 -0.831469612302547 0
    outer loop
      vertex 22.782477141982557 1.5867066805824703 28.5
      vertex 23 1.7320508075688772 34.5
      vertex 22.782477141982557 1.5867066805824703 34.5
    endloop
  endfacet
  facet normal 0.442288690219001 -0.8968727415326885 0
    outer loop
      vertex 23 1.7320508075688772 28.5
      vertex 23.23463313526982 1.8477590650225735 34.5
      vertex 23 1.7320508075688772 34.5
    endloop
  endfacet
  facet normal 0.32143946530316014 -0.9469301294951062 0
    outer loop
      vertex 23.23463313526982 1.8477590650225735 28.5
      vertex 23.48236190979496 1.9318516525781366 34.5
      vertex 23.23463313526982 1.8477590650225735 34.5
    endloop
  endfacet
  facet normal 0.19509032201612853 -0.9807852804032303 0
    outer loop
      vertex 23.48236190979496 1.9318516525781366 28.5
      vertex 23.738947615559898 1.9828897227476208 34.5
      vertex 23.48236190979496 1.9318516525781366 34.5
    endloop
  endfacet
  facet normal -0.19509032201612853 -0.9807852804032303 0
    outer loop
      vertex 24.261052384440102 1.9828897227476208 28.5
      vertex 24.51763809020504 1.9318516525781366 34.5
      vertex 24.261052384440102 1.9828897227476208 34.5
    endloop
  endfacet
  facet normal -0.32143946530316014 -0.9469301294951062 0
    outer loop
      vertex 24.51763809020504 1.9318516525781366 28.5
      vertex 24.76536686473018 1.8477590650225735 34.5
      vertex 24.51763809020504 1.9318516525781366 34.5
    endloop
  endfacet
  facet normal 0.06540312923014352 -0.9978589232386035 0
    outer loop
      vertex 23.738947615559898 1.9828897227476208 28.5
      vertex 24 2 34.5
      vertex 23.738947615559898 1.9828897227476208 34.5
    endloop
  endfacet
  facet normal -0.06540312923014352 -0.9978589232386035 0
    outer loop
      vertex 24 2 28.5
      vertex 24.261052384440102 1.9828897227476208 34.5
      vertex 24 2 34.5
    endloop
  endfacet
  facet normal -0.5555702330195995 -0.831469612302547 0
    outer loop
      vertex 25 1.7320508075688772 28.5
      vertex 25.217522858017443 1.5867066805824703 28.5
      vertex 25.217522858017443 1.5867066805824703 34.5
    endloop
  endfacet
  facet normal -0.442288690219001 -0.8968727415326885 0
    outer loop
      vertex 25 1.7320508075688772 28.5
      vertex 25 1.7320508075688772 34.5
      vertex 24.76536686473018 1.8477590650225735 28.5
    endloop
  endfacet
  facet normal -0.5555702330195995 -0.831469612302547 0
    outer loop
      vertex 25 1.7320508075688772 28.5
      vertex 25.217522858017443 1.5867066805824703 34.5
      vertex 25 1.7320508075688772 34.5
    endloop
  endfacet
  facet normal -0.6593458151000698 -0.7518398074789766 0
    outer loop
      vertex 25.217522858017443 1.5867066805824703 28.5
      vertex 25.414213562373096 1.4142135623730951 34.5
      vertex 25.217522858017443 1.5867066805824703 34.5
    endloop
  endfacet
  facet normal -0.442288690219001 -0.8968727415326885 0
    outer loop
      vertex 24.76536686473018 1.8477590650225735 28.5
      vertex 25 1.7320508075688772 34.5
      vertex 24.76536686473018 1.8477590650225735 34.5
    endloop
  endfacet
  facet normal 0 1 0
    outer loop
      vertex 71.23463313526982 18 22.902240934977428
      vertex 72.76536686473018 18 22.902240934977428
      vertex 71.48236190979496 18 22.818148347421864
    endloop
  endfacet
  facet normal 0 1 0
    outer loop
      vertex 71.7389476155599 18 22.767110277252378
      vertex 72.2610523844401 18 22.767110277252378
      vertex 72 18 22.75
    endloop
  endfacet
  facet normal 0 1 0
    outer loop
      vertex 71.48236190979496 18 22.818148347421864
      vertex 72.51763809020504 18 22.818148347421864
      vertex 71.7389476155599 18 22.767110277252378
    endloop
  endfacet
  facet normal 0 1 0
    outer loop
      vertex 71.7389476155599 18 22.767110277252378
      vertex 72.51763809020504 18 22.818148347421864
      vertex 72.2610523844401 18 22.767110277252378
    endloop
  endfacet
  facet normal 0 1 0
    outer loop
      vertex 71.48236190979496 18 22.818148347421864
      vertex 72.76536686473018 18 22.902240934977428
      vertex 72.51763809020504 18 22.818148347421864
    endloop
  endfacet
  facet normal 0 1 0
    outer loop
      vertex 71.23463313526982 18 22.902240934977428
      vertex 71 18 23.01794919243112
      vertex 73 18 23.01794919243112
    endloop
  endfacet
  facet normal 0 1 0
    outer loop
      vertex 70.78247714198255 18 23.16329331941753
      vertex 73.21752285801745 18 23.16329331941753
      vertex 71 18 23.01794919243112
    endloop
  endfacet
  facet normal 0 1 0
    outer loop
      vertex 70.58578643762691 18 23.335786437626904
      vertex 73.41421356237309 18 23.335786437626904
      vertex 70.78247714198255 18 23.16329331941753
    endloop
  endfacet
  facet normal 0 1 0
    outer loop
      vertex 71.23463313526982 18 22.902240934977428
      vertex 73 18 23.01794919243112
      vertex 72.76536686473018 18 22.902240934977428
    endloop
  endfacet
  facet normal 0 1 0
    outer loop
      vertex 71 18 23.01794919243112
      vertex 73.21752285801745 18 23.16329331941753
      vertex 73 18 23.01794919243112
    endloop
  endfacet
  facet normal 0 1 0
    outer loop
      vertex 70.78247714198255 18 23.16329331941753
      vertex 73.41421356237309 18 23.335786437626904
      vertex 73.21752285801745 18 23.16329331941753
    endloop
  endfacet
  facet normal 0 1 0
    outer loop
      vertex 70.58578643762691 18 23.335786437626904
      vertex 73.58670668058247 18 23.532477141982557
      vertex 73.41421356237309 18 23.335786437626904
    endloop
  endfacet
  facet normal 0 1 0
    outer loop
      vertex 70.58578643762691 18 23.335786437626904
      vertex 70.41329331941753 18 23.532477141982557
      vertex 73.58670668058247 18 23.532477141982557
    endloop
  endfacet
  facet normal 0 1 0
    outer loop
      vertex 70.26794919243112 18 23.75
      vertex 73.73205080756888 18 23.75
      vertex 70.41329331941753 18 23.532477141982557
    endloop
  endfacet
  facet normal 0 1 0
    outer loop
      vertex 70.26794919243112 18 23.75
      vertex 70.15224093497743 18 23.98463313526982
      vertex 73.84775906502257 18 23.98463313526982
    endloop
  endfacet
  facet normal 0 1 0
    outer loop
      vertex 70.15224093497743 18 23.98463313526982
      vertex 70.06814834742187 18 24.23236190979496
      vertex 73.93185165257813 18 24.23236190979496
    endloop
  endfacet
  facet normal 0 1 0
    outer loop
      vertex 70.01711027725239 18 24.488947615559898
      vertex 73.98288972274761 18 24.488947615559898
      vertex 70.06814834742187 18 24.23236190979496
    endloop
  endfacet
  facet normal 0 1 0
    outer loop
      vertex 70.41329331941753 18 23.532477141982557
      vertex 73.73205080756888 18 23.75
      vertex 73.58670668058247 18 23.532477141982557
    endloop
  endfacet
  facet normal 0 1 0
    outer loop
      vertex 70.26794919243112 18 23.75
      vertex 73.84775906502257 18 23.98463313526982
      vertex 73.73205080756888 18 23.75
    endloop
  endfacet
  facet normal 0 1 0
    outer loop
      vertex 70.15224093497743 18 23.98463313526982
      vertex 73.93185165257813 18 24.23236190979496
      vertex 73.84775906502257 18 23.98463313526982
    endloop
  endfacet
  facet normal 0 1 0
    outer loop
      vertex 70.06814834742187 18 24.23236190979496
      vertex 73.98288972274761 18 24.488947615559898
      vertex 73.93185165257813 18 24.23236190979496
    endloop
  endfacet
  facet normal 0 1 0
    outer loop
      vertex 70.01711027725239 18 24.488947615559898
      vertex 70 18 24.75
      vertex 74 18 24.75
    endloop
  endfacet
  facet normal 0 1 0
    outer loop
      vertex 70 18 24.75
      vertex 70.01711027725239 18 25.011052384440102
      vertex 73.98288972274761 18 25.011052384440102
    endloop
  endfacet
  facet normal 0 1 0
    outer loop
      vertex 70.01711027725239 18 25.011052384440102
      vertex 70.06814834742187 18 25.26763809020504
      vertex 73.93185165257813 18 25.26763809020504
    endloop
  endfacet
  facet normal 0 1 0
    outer loop
      vertex 70.06814834742187 18 25.26763809020504
      vertex 70.15224093497743 18 25.51536686473018
      vertex 73.84775906502257 18 25.51536686473018
    endloop
  endfacet
  facet normal 0 1 0
    outer loop
      vertex 70.15224093497743 18 25.51536686473018
      vertex 70.26794919243112 18 25.75
      vertex 73.73205080756888 18 25.75
    endloop
  endfacet
  facet normal 0 1 0
    outer loop
      vertex 70.26794919243112 18 25.75
      vertex 70.41329331941753 18 25.967522858017443
      vertex 73.58670668058247 18 25.967522858017443
    endloop
  endfacet
  facet normal 0 1 0
    outer loop
      vertex 70.26794919243112 18 25.75
      vertex 73.58670668058247 18 25.967522858017443
      vertex 73.73205080756888 18 25.75
    endloop
  endfacet
  facet normal 0 1 0
    outer loop
      vertex 70.41329331941753 18 25.967522858017443
      vertex 70.58578643762691 18 26.164213562373096
      vertex 73.41421356237309 18 26.164213562373096
    endloop
  endfacet
  facet normal 0 1 0
    outer loop
      vertex 70.58578643762691 18 26.164213562373096
      vertex 70.78247714198255 18 26.33670668058247
      vertex 73.21752285801745 18 26.33670668058247
    endloop
  endfacet
  facet normal 0 1 0
    outer loop
      vertex 70.41329331941753 18 25.967522858017443
      vertex 73.41421356237309 18 26.164213562373096
      vertex 73.58670668058247 18 25.967522858017443
    endloop
  endfacet
  facet normal 0 1 0
    outer loop
      vertex 70.58578643762691 18 26.164213562373096
      vertex 73.21752285801745 18 26.33670668058247
      vertex 73.41421356237309 18 26.164213562373096
    endloop
  endfacet
  facet normal 0 1 0
    outer loop
      vertex 70.78247714198255 18 26.33670668058247
      vertex 73 18 26.48205080756888
      vertex 73.21752285801745 18 26.33670668058247
    endloop
  endfacet
  facet normal 0 1 0
    outer loop
      vertex 70.01711027725239 18 24.488947615559898
      vertex 74 18 24.75
      vertex 73.98288972274761 18 24.488947615559898
    endloop
  endfacet
  facet normal 0 1 0
    outer loop
      vertex 70 18 24.75
      vertex 73.98288972274761 18 25.011052384440102
      vertex 74 18 24.75
    endloop
  endfacet
  facet normal 0 1 0
    outer loop
      vertex 70.01711027725239 18 25.011052384440102
      vertex 73.93185165257813 18 25.26763809020504
      vertex 73.98288972274761 18 25.011052384440102
    endloop
  endfacet
  facet normal 0 1 0
    outer loop
      vertex 70.06814834742187 18 25.26763809020504
      vertex 73.84775906502257 18 25.51536686473018
      vertex 73.93185165257813 18 25.26763809020504
    endloop
  endfacet
  facet normal 0 1 0
    outer loop
      vertex 70.15224093497743 18 25.51536686473018
      vertex 73.73205080756888 18 25.75
      vertex 73.84775906502257 18 25.51536686473018
    endloop
  endfacet
  facet normal 0.555570233019598 0 0.831469612302548
    outer loop
      vertex 70.78247714198255 18 23.16329331941753
      vertex 71 18 23.01794919243112
      vertex 71 24 23.01794919243112
    endloop
  endfacet
  facet normal 0.6593458151000808 0 0.7518398074789668
    outer loop
      vertex 70.58578643762691 18 23.335786437626904
      vertex 70.78247714198255 18 23.16329331941753
      vertex 70.78247714198255 24 23.16329331941753
    endloop
  endfacet
  facet normal 0.7518398074789787 0 0.6593458151000674
    outer loop
      vertex 70.58578643762691 18 23.335786437626904
      vertex 70.58578643762691 24 23.335786437626904
      vertex 70.41329331941753 18 23.532477141982557
    endloop
  endfacet
  facet normal 0.32143946530315676 0 0.9469301294951074
    outer loop
      vertex 71.23463313526982 18 22.902240934977428
      vertex 71.48236190979496 18 22.818148347421864
      vertex 71.48236190979496 24 22.818148347421864
    endloop
  endfacet
  facet normal 0.1950903220161393 0 0.9807852804032283
    outer loop
      vertex 71.48236190979496 18 22.818148347421864
      vertex 71.7389476155599 18 22.767110277252378
      vertex 71.7389476155599 24 22.767110277252378
    endloop
  endfacet
  facet normal 0.06540312923013841 0 0.9978589232386038
    outer loop
      vertex 71.7389476155599 18 22.767110277252378
      vertex 72 18 22.75
      vertex 72 24 22.75
    endloop
  endfacet
  facet normal -0.06540312923013841 0 0.9978589232386038
    outer loop
      vertex 72 18 22.75
      vertex 72.2610523844401 18 22.767110277252378
      vertex 72.2610523844401 24 22.767110277252378
    endloop
  endfacet
  facet normal -0.1950903220161393 0 0.9807852804032283
    outer loop
      vertex 72.2610523844401 18 22.767110277252378
      vertex 72.51763809020504 18 22.818148347421864
      vertex 72.51763809020504 24 22.818148347421864
    endloop
  endfacet
  facet normal 0.44228869021899825 0 0.8968727415326899
    outer loop
      vertex 71.23463313526982 18 22.902240934977428
      vertex 71.23463313526982 24 22.902240934977428
      vertex 71 18 23.01794919243112
    endloop
  endfacet
  facet normal 0.8314696123025314 0 0.555570233019623
    outer loop
      vertex 70.26794919243112 18 23.75
      vertex 70.41329331941753 18 23.532477141982557
      vertex 70.41329331941753 24 23.532477141982557
    endloop
  endfacet
  facet normal 0.8968727415326979 0 0.4422886902189819
    outer loop
      vertex 70.26794919243112 18 23.75
      vertex 70.26794919243112 24 23.75
      vertex 70.15224093497743 18 23.98463313526982
    endloop
  endfacet
  facet normal 0.94693012949511 0 0.3214394653031487
    outer loop
      vertex 70.15224093497743 18 23.98463313526982
      vertex 70.15224093497743 24 23.98463313526982
      vertex 70.06814834742187 18 24.23236190979496
    endloop
  endfacet
  facet normal 0.9807852804032313 0 0.1950903220161236
    outer loop
      vertex 70.01711027725239 18 24.488947615559898
      vertex 70.06814834742187 18 24.23236190979496
      vertex 70.06814834742187 24 24.23236190979496
    endloop
  endfacet
  facet normal -0.32143946530315676 0 0.9469301294951074
    outer loop
      vertex 72.51763809020504 18 22.818148347421864
      vertex 72.76536686473018 18 22.902240934977428
      vertex 72.76536686473018 24 22.902240934977428
    endloop
  endfacet
  facet normal -0.44228869021899825 0 0.8968727415326899
    outer loop
      vertex 72.76536686473018 18 22.902240934977428
      vertex 73 18 23.01794919243112
      vertex 73 24 23.01794919243112
    endloop
  endfacet
  facet normal -0.555570233019598 0 0.831469612302548
    outer loop
      vertex 73 18 23.01794919243112
      vertex 73.21752285801745 18 23.16329331941753
      vertex 73.21752285801745 24 23.16329331941753
    endloop
  endfacet
  facet normal -0.6593458151000808 0 0.7518398074789668
    outer loop
      vertex 73.21752285801745 18 23.16329331941753
      vertex 73.41421356237309 18 23.335786437626904
      vertex 73.41421356237309 24 23.335786437626904
    endloop
  endfacet
  facet normal -0.7518398074789787 0 0.6593458151000674
    outer loop
      vertex 73.41421356237309 18 23.335786437626904
      vertex 73.58670668058247 18 23.532477141982557
      vertex 73.58670668058247 24 23.532477141982557
    endloop
  endfacet
  facet normal -0.8314696123025314 0 0.555570233019623
    outer loop
      vertex 73.58670668058247 18 23.532477141982557
      vertex 73.73205080756888 18 23.75
      vertex 73.73205080756888 24 23.75
    endloop
  endfacet
  facet normal -0.8968727415326979 0 0.4422886902189819
    outer loop
      vertex 73.73205080756888 18 23.75
      vertex 73.84775906502257 18 23.98463313526982
      vertex 73.84775906502257 24 23.98463313526982
    endloop
  endfacet
  facet normal -0.94693012949511 0 0.3214394653031487
    outer loop
      vertex 73.84775906502257 18 23.98463313526982
      vertex 73.93185165257813 18 24.23236190979496
      vertex 73.93185165257813 24 24.23236190979496
    endloop
  endfacet
  facet normal -0.9807852804032313 0 0.1950903220161236
    outer loop
      vertex 73.93185165257813 18 24.23236190979496
      vertex 73.98288972274761 18 24.488947615559898
      vertex 73.98288972274761 24 24.488947615559898
    endloop
  endfacet
  facet normal 0.9978589232386019 0 0.06540312923016633
    outer loop
      vertex 70.01711027725239 18 24.488947615559898
      vertex 70.01711027725239 24 24.488947615559898
      vertex 70 18 24.75
    endloop
  endfacet
  facet normal 0.9978589232386019 0 -0.06540312923016633
    outer loop
      vertex 70 18 24.75
      vertex 70 24 24.75
      vertex 70.01711027725239 18 25.011052384440102
    endloop
  endfacet
  facet normal 0.9807852804032313 0 -0.1950903220161236
    outer loop
      vertex 70.01711027725239 18 25.011052384440102
      vertex 70.01711027725239 24 25.011052384440102
      vertex 70.06814834742187 18 25.26763809020504
    endloop
  endfacet
  facet normal 0.94693012949511 0 -0.3214394653031487
    outer loop
      vertex 70.06814834742187 18 25.26763809020504
      vertex 70.06814834742187 24 25.26763809020504
      vertex 70.15224093497743 18 25.51536686473018
    endloop
  endfacet
  facet normal 0.8968727415326979 0 -0.4422886902189819
    outer loop
      vertex 70.15224093497743 18 25.51536686473018
      vertex 70.15224093497743 24 25.51536686473018
      vertex 70.26794919243112 18 25.75
    endloop
  endfacet
  facet normal 0.8314696123025314 0 -0.555570233019623
    outer loop
      vertex 70.26794919243112 18 25.75
      vertex 70.26794919243112 24 25.75
      vertex 70.41329331941753 18 25.967522858017443
    endloop
  endfacet
  facet normal 0.7518398074789787 0 -0.6593458151000674
    outer loop
      vertex 70.41329331941753 18 25.967522858017443
      vertex 70.41329331941753 24 25.967522858017443
      vertex 70.58578643762691 18 26.164213562373096
    endloop
  endfacet
  facet normal 0.6593458151000808 0 -0.7518398074789668
    outer loop
      vertex 70.58578643762691 18 26.164213562373096
      vertex 70.58578643762691 24 26.164213562373096
      vertex 70.78247714198255 18 26.33670668058247
    endloop
  endfacet
  facet normal 0.555570233019598 0 -0.831469612302548
    outer loop
      vertex 70.78247714198255 18 26.33670668058247
      vertex 70.78247714198255 24 26.33670668058247
      vertex 71 18 26.48205080756888
    endloop
  endfacet
  facet normal -0.9807852804032313 0 -0.1950903220161236
    outer loop
      vertex 73.98288972274761 18 25.011052384440102
      vertex 73.93185165257813 18 25.26763809020504
      vertex 73.93185165257813 24 25.26763809020504
    endloop
  endfacet
  facet normal -0.9978589232386019 0 0.06540312923016633
    outer loop
      vertex 73.98288972274761 18 24.488947615559898
      vertex 74 18 24.75
      vertex 74 24 24.75
    endloop
  endfacet
  facet normal -0.9978589232386019 0 -0.06540312923016633
    outer loop
      vertex 74 18 24.75
      vertex 73.98288972274761 18 25.011052384440102
      vertex 73.98288972274761 24 25.011052384440102
    endloop
  endfacet
  facet normal -0.94693012949511 0 -0.3214394653031487
    outer loop
      vertex 73.93185165257813 18 25.26763809020504
      vertex 73.84775906502257 18 25.51536686473018
      vertex 73.84775906502257 24 25.51536686473018
    endloop
  endfacet
  facet normal -0.8968727415326979 0 -0.4422886902189819
    outer loop
      vertex 73.84775906502257 18 25.51536686473018
      vertex 73.73205080756888 18 25.75
      vertex 73.73205080756888 24 25.75
    endloop
  endfacet
  facet normal -0.8314696123025314 0 -0.555570233019623
    outer loop
      vertex 73.58670668058247 18 25.967522858017443
      vertex 73.58670668058247 24 25.967522858017443
      vertex 73.73205080756888 18 25.75
    endloop
  endfacet
  facet normal -0.7518398074789787 0 -0.6593458151000674
    outer loop
      vertex 73.58670668058247 18 25.967522858017443
      vertex 73.41421356237309 18 26.164213562373096
      vertex 73.41421356237309 24 26.164213562373096
    endloop
  endfacet
  facet normal -0.6593458151000808 0 -0.7518398074789668
    outer loop
      vertex 73.21752285801745 18 26.33670668058247
      vertex 73.21752285801745 24 26.33670668058247
      vertex 73.41421356237309 18 26.164213562373096
    endloop
  endfacet
  facet normal 0.44228869021899825 0 0.8968727415326899
    outer loop
      vertex 71 18 23.01794919243112
      vertex 71.23463313526982 24 22.902240934977428
      vertex 71 24 23.01794919243112
    endloop
  endfacet
  facet normal 0.555570233019598 0 0.831469612302548
    outer loop
      vertex 70.78247714198255 18 23.16329331941753
      vertex 71 24 23.01794919243112
      vertex 70.78247714198255 24 23.16329331941753
    endloop
  endfacet
  facet normal 0.6593458151000808 0 0.7518398074789668
    outer loop
      vertex 70.58578643762691 18 23.335786437626904
      vertex 70.78247714198255 24 23.16329331941753
      vertex 70.58578643762691 24 23.335786437626904
    endloop
  endfacet
  facet normal 0.32143946530315676 0 0.9469301294951074
    outer loop
      vertex 71.23463313526982 18 22.902240934977428
      vertex 71.48236190979496 24 22.818148347421864
      vertex 71.23463313526982 24 22.902240934977428
    endloop
  endfacet
  facet normal 0.06540312923013841 0 0.9978589232386038
    outer loop
      vertex 71.7389476155599 18 22.767110277252378
      vertex 72 24 22.75
      vertex 71.7389476155599 24 22.767110277252378
    endloop
  endfacet
  facet normal 0.1950903220161393 0 0.9807852804032283
    outer loop
      vertex 71.48236190979496 18 22.818148347421864
      vertex 71.7389476155599 24 22.767110277252378
      vertex 71.48236190979496 24 22.818148347421864
    endloop
  endfacet
  facet normal -0.06540312923013841 0 0.9978589232386038
    outer loop
      vertex 72 18 22.75
      vertex 72.2610523844401 24 22.767110277252378
      vertex 72 24 22.75
    endloop
  endfacet
  facet normal -0.1950903220161393 0 0.9807852804032283
    outer loop
      vertex 72.2610523844401 18 22.767110277252378
      vertex 72.51763809020504 24 22.818148347421864
      vertex 72.2610523844401 24 22.767110277252378
    endloop
  endfacet
  facet normal 0.8314696123025314 0 0.555570233019623
    outer loop
      vertex 70.26794919243112 18 23.75
      vertex 70.41329331941753 24 23.532477141982557
      vertex 70.26794919243112 24 23.75
    endloop
  endfacet
  facet normal 0.8968727415326979 0 0.4422886902189819
    outer loop
      vertex 70.15224093497743 18 23.98463313526982
      vertex 70.26794919243112 24 23.75
      vertex 70.15224093497743 24 23.98463313526982
    endloop
  endfacet
  facet normal 0.7518398074789787 0 0.6593458151000674
    outer loop
      vertex 70.41329331941753 18 23.532477141982557
      vertex 70.58578643762691 24 23.335786437626904
      vertex 70.41329331941753 24 23.532477141982557
    endloop
  endfacet
  facet normal 0.94693012949511 0 0.3214394653031487
    outer loop
      vertex 70.06814834742187 18 24.23236190979496
      vertex 70.15224093497743 24 23.98463313526982
      vertex 70.06814834742187 24 24.23236190979496
    endloop
  endfacet
  facet normal 0.9807852804032313 0 0.1950903220161236
    outer loop
      vertex 70.01711027725239 18 24.488947615559898
      vertex 70.06814834742187 24 24.23236190979496
      vertex 70.01711027725239 24 24.488947615559898
    endloop
  endfacet
  facet normal -0.32143946530315676 0 0.9469301294951074
    outer loop
      vertex 72.51763809020504 18 22.818148347421864
      vertex 72.76536686473018 24 22.902240934977428
      vertex 72.51763809020504 24 22.818148347421864
    endloop
  endfacet
  facet normal -0.44228869021899825 0 0.8968727415326899
    outer loop
      vertex 72.76536686473018 18 22.902240934977428
      vertex 73 24 23.01794919243112
      vertex 72.76536686473018 24 22.902240934977428
    endloop
  endfacet
  facet normal -0.555570233019598 0 0.831469612302548
    outer loop
      vertex 73 18 23.01794919243112
      vertex 73.21752285801745 24 23.16329331941753
      vertex 73 24 23.01794919243112
    endloop
  endfacet
  facet normal -0.6593458151000808 0 0.7518398074789668
    outer loop
      vertex 73.21752285801745 18 23.16329331941753
      vertex 73.41421356237309 24 23.335786437626904
      vertex 73.21752285801745 24 23.16329331941753
    endloop
  endfacet
  facet normal -0.7518398074789787 0 0.6593458151000674
    outer loop
      vertex 73.41421356237309 18 23.335786437626904
      vertex 73.58670668058247 24 23.532477141982557
      vertex 73.41421356237309 24 23.335786437626904
    endloop
  endfacet
  facet normal -0.8314696123025314 0 0.555570233019623
    outer loop
      vertex 73.58670668058247 18 23.532477141982557
      vertex 73.73205080756888 24 23.75
      vertex 73.58670668058247 24 23.532477141982557
    endloop
  endfacet
  facet normal -0.8968727415326979 0 0.4422886902189819
    outer loop
      vertex 73.73205080756888 18 23.75
      vertex 73.84775906502257 24 23.98463313526982
      vertex 73.73205080756888 24 23.75
    endloop
  endfacet
  facet normal -0.94693012949511 0 0.3214394653031487
    outer loop
      vertex 73.84775906502257 18 23.98463313526982
      vertex 73.93185165257813 24 24.23236190979496
      vertex 73.84775906502257 24 23.98463313526982
    endloop
  endfacet
  facet normal -0.9807852804032313 0 0.1950903220161236
    outer loop
      vertex 73.93185165257813 18 24.23236190979496
      vertex 73.98288972274761 24 24.488947615559898
      vertex 73.93185165257813 24 24.23236190979496
    endloop
  endfacet
  facet normal 0.9978589232386019 0 0.06540312923016633
    outer loop
      vertex 70 18 24.75
      vertex 70.01711027725239 24 24.488947615559898
      vertex 70 24 24.75
    endloop
  endfacet
  facet normal 0.9978589232386019 0 -0.06540312923016633
    outer loop
      vertex 70.01711027725239 18 25.011052384440102
      vertex 70 24 24.75
      vertex 70.01711027725239 24 25.011052384440102
    endloop
  endfacet
  facet normal 0.9807852804032313 0 -0.1950903220161236
    outer loop
      vertex 70.06814834742187 18 25.26763809020504
      vertex 70.01711027725239 24 25.011052384440102
      vertex 70.06814834742187 24 25.26763809020504
    endloop
  endfacet
  facet normal 0.94693012949511 0 -0.3214394653031487
    outer loop
      vertex 70.15224093497743 18 25.51536686473018
      vertex 70.06814834742187 24 25.26763809020504
      vertex 70.15224093497743 24 25.51536686473018
    endloop
  endfacet
  facet normal 0.8968727415326979 0 -0.4422886902189819
    outer loop
      vertex 70.26794919243112 18 25.75
      vertex 70.15224093497743 24 25.51536686473018
      vertex 70.26794919243112 24 25.75
    endloop
  endfacet
  facet normal 0.8314696123025314 0 -0.555570233019623
    outer loop
      vertex 70.41329331941753 18 25.967522858017443
      vertex 70.26794919243112 24 25.75
      vertex 70.41329331941753 24 25.967522858017443
    endloop
  endfacet
  facet normal 0.7518398074789787 0 -0.6593458151000674
    outer loop
      vertex 70.58578643762691 18 26.164213562373096
      vertex 70.41329331941753 24 25.967522858017443
      vertex 70.58578643762691 24 26.164213562373096
    endloop
  endfacet
  facet normal 0.6593458151000808 0 -0.7518398074789668
    outer loop
      vertex 70.78247714198255 18 26.33670668058247
      vertex 70.58578643762691 24 26.164213562373096
      vertex 70.78247714198255 24 26.33670668058247
    endloop
  endfacet
  facet normal -0.9807852804032313 0 -0.1950903220161236
    outer loop
      vertex 73.98288972274761 18 25.011052384440102
      vertex 73.93185165257813 24 25.26763809020504
      vertex 73.98288972274761 24 25.011052384440102
    endloop
  endfacet
  facet normal -0.94693012949511 0 -0.3214394653031487
    outer loop
      vertex 73.93185165257813 18 25.26763809020504
      vertex 73.84775906502257 24 25.51536686473018
      vertex 73.93185165257813 24 25.26763809020504
    endloop
  endfacet
  facet normal -0.9978589232386019 0 0.06540312923016633
    outer loop
      vertex 73.98288972274761 18 24.488947615559898
      vertex 74 24 24.75
      vertex 73.98288972274761 24 24.488947615559898
    endloop
  endfacet
  facet normal -0.9978589232386019 0 -0.06540312923016633
    outer loop
      vertex 74 18 24.75
      vertex 73.98288972274761 24 25.011052384440102
      vertex 74 24 24.75
    endloop
  endfacet
  facet normal -0.8968727415326979 0 -0.4422886902189819
    outer loop
      vertex 73.84775906502257 18 25.51536686473018
      vertex 73.73205080756888 24 25.75
      vertex 73.84775906502257 24 25.51536686473018
    endloop
  endfacet
  facet normal -0.8314696123025314 0 -0.555570233019623
    outer loop
      vertex 73.73205080756888 18 25.75
      vertex 73.58670668058247 24 25.967522858017443
      vertex 73.73205080756888 24 25.75
    endloop
  endfacet
  facet normal -0.555570233019598 0 -0.831469612302548
    outer loop
      vertex 73.21752285801745 18 26.33670668058247
      vertex 73 24 26.48205080756888
      vertex 73.21752285801745 24 26.33670668058247
    endloop
  endfacet
  facet normal -0.7518398074789787 0 -0.6593458151000674
    outer loop
      vertex 73.58670668058247 18 25.967522858017443
      vertex 73.41421356237309 24 26.164213562373096
      vertex 73.58670668058247 24 25.967522858017443
    endloop
  endfacet
  facet normal -0.6593458151000808 0 -0.7518398074789668
    outer loop
      vertex 73.41421356237309 18 26.164213562373096
      vertex 73.21752285801745 24 26.33670668058247
      vertex 73.41421356237309 24 26.164213562373096
    endloop
  endfacet
  facet normal 0 1 0
    outer loop
      vertex 70.78247714198255 18 26.33670668058247
      vertex 71 18 26.48205080756888
      vertex 73 18 26.48205080756888
    endloop
  endfacet
  facet normal 0 1 0
    outer loop
      vertex 71 18 26.48205080756888
      vertex 71.23463313526982 18 26.597759065022572
      vertex 72.76536686473018 18 26.597759065022572
    endloop
  endfacet
  facet normal 0 1 0
    outer loop
      vertex 71.23463313526982 18 26.597759065022572
      vertex 71.48236190979496 18 26.681851652578136
      vertex 72.51763809020504 18 26.681851652578136
    endloop
  endfacet
  facet normal 0 1 0
    outer loop
      vertex 71.48236190979496 18 26.681851652578136
      vertex 71.7389476155599 18 26.732889722747622
      vertex 72.2610523844401 18 26.732889722747622
    endloop
  endfacet
  facet normal 0 1 0
    outer loop
      vertex 71.23463313526982 18 26.597759065022572
      vertex 72.51763809020504 18 26.681851652578136
      vertex 72.76536686473018 18 26.597759065022572
    endloop
  endfacet
  facet normal 0 1 0
    outer loop
      vertex 71 18 26.48205080756888
      vertex 72.76536686473018 18 26.597759065022572
      vertex 73 18 26.48205080756888
    endloop
  endfacet
  facet normal 0 1 0
    outer loop
      vertex 71.7389476155599 18 26.732889722747622
      vertex 72 18 26.75
      vertex 72.2610523844401 18 26.732889722747622
    endloop
  endfacet
  facet normal 0 1 0
    outer loop
      vertex 71.48236190979496 18 26.681851652578136
      vertex 72.2610523844401 18 26.732889722747622
      vertex 72.51763809020504 18 26.681851652578136
    endloop
  endfacet
  facet normal 0.44228869021899825 0 -0.8968727415326899
    outer loop
      vertex 71 18 26.48205080756888
      vertex 71 24 26.48205080756888
      vertex 71.23463313526982 18 26.597759065022572
    endloop
  endfacet
  facet normal 0.32143946530315676 0 -0.9469301294951074
    outer loop
      vertex 71.23463313526982 18 26.597759065022572
      vertex 71.23463313526982 24 26.597759065022572
      vertex 71.48236190979496 18 26.681851652578136
    endloop
  endfacet
  facet normal 0.1950903220161393 0 -0.9807852804032283
    outer loop
      vertex 71.48236190979496 18 26.681851652578136
      vertex 71.48236190979496 24 26.681851652578136
      vertex 71.7389476155599 18 26.732889722747622
    endloop
  endfacet
  facet normal 0.06540312923013841 0 -0.9978589232386038
    outer loop
      vertex 71.7389476155599 18 26.732889722747622
      vertex 71.7389476155599 24 26.732889722747622
      vertex 72 18 26.75
    endloop
  endfacet
  facet normal -0.06540312923013841 0 -0.9978589232386038
    outer loop
      vertex 72 18 26.75
      vertex 72 24 26.75
      vertex 72.2610523844401 18 26.732889722747622
    endloop
  endfacet
  facet normal -0.1950903220161393 0 -0.9807852804032283
    outer loop
      vertex 72.2610523844401 18 26.732889722747622
      vertex 72.2610523844401 24 26.732889722747622
      vertex 72.51763809020504 18 26.681851652578136
    endloop
  endfacet
  facet normal -0.32143946530315676 0 -0.9469301294951074
    outer loop
      vertex 72.51763809020504 18 26.681851652578136
      vertex 72.51763809020504 24 26.681851652578136
      vertex 72.76536686473018 18 26.597759065022572
    endloop
  endfacet
  facet normal -0.44228869021899825 0 -0.8968727415326899
    outer loop
      vertex 72.76536686473018 18 26.597759065022572
      vertex 72.76536686473018 24 26.597759065022572
      vertex 73 18 26.48205080756888
    endloop
  endfacet
  facet normal -0.555570233019598 0 -0.831469612302548
    outer loop
      vertex 73.21752285801745 18 26.33670668058247
      vertex 73 18 26.48205080756888
      vertex 73 24 26.48205080756888
    endloop
  endfacet
  facet normal 0.555570233019598 0 -0.831469612302548
    outer loop
      vertex 71 18 26.48205080756888
      vertex 70.78247714198255 24 26.33670668058247
      vertex 71 24 26.48205080756888
    endloop
  endfacet
  facet normal 0.44228869021899825 0 -0.8968727415326899
    outer loop
      vertex 71.23463313526982 18 26.597759065022572
      vertex 71 24 26.48205080756888
      vertex 71.23463313526982 24 26.597759065022572
    endloop
  endfacet
  facet normal 0.32143946530315676 0 -0.9469301294951074
    outer loop
      vertex 71.48236190979496 18 26.681851652578136
      vertex 71.23463313526982 24 26.597759065022572
      vertex 71.48236190979496 24 26.681851652578136
    endloop
  endfacet
  facet normal 0.1950903220161393 0 -0.9807852804032283
    outer loop
      vertex 71.7389476155599 18 26.732889722747622
      vertex 71.48236190979496 24 26.681851652578136
      vertex 71.7389476155599 24 26.732889722747622
    endloop
  endfacet
  facet normal 0.06540312923013841 0 -0.9978589232386038
    outer loop
      vertex 72 18 26.75
      vertex 71.7389476155599 24 26.732889722747622
      vertex 72 24 26.75
    endloop
  endfacet
  facet normal -0.06540312923013841 0 -0.9978589232386038
    outer loop
      vertex 72.2610523844401 18 26.732889722747622
      vertex 72 24 26.75
      vertex 72.2610523844401 24 26.732889722747622
    endloop
  endfacet
  facet normal -0.1950903220161393 0 -0.9807852804032283
    outer loop
      vertex 72.51763809020504 18 26.681851652578136
      vertex 72.2610523844401 24 26.732889722747622
      vertex 72.51763809020504 24 26.681851652578136
    endloop
  endfacet
  facet normal -0.32143946530315676 0 -0.9469301294951074
    outer loop
      vertex 72.76536686473018 18 26.597759065022572
      vertex 72.51763809020504 24 26.681851652578136
      vertex 72.76536686473018 24 26.597759065022572
    endloop
  endfacet
  facet normal -0.44228869021899825 0 -0.8968727415326899
    outer loop
      vertex 73 18 26.48205080756888
      vertex 72.76536686473018 24 26.597759065022572
      vertex 73 24 26.48205080756888
    endloop
  endfacet
  facet normal 0.7518398074789652 0 0.6593458151000827
    outer loop
      vertex 46.58578643762691 18 23.335786437626904
      vertex 46.58578643762691 24 23.335786437626904
      vertex 46.41329331941753 18 23.532477141982557
    endloop
  endfacet
  facet normal 0.44228869021899825 0 0.8968727415326899
    outer loop
      vertex 47.23463313526982 18 22.902240934977428
      vertex 47.23463313526982 24 22.902240934977428
      vertex 47 18 23.01794919243112
    endloop
  endfacet
  facet normal 0.5555702330196105 0 0.8314696123025397
    outer loop
      vertex 46.78247714198256 18 23.16329331941753
      vertex 47 18 23.01794919243112
      vertex 47 24 23.01794919243112
    endloop
  endfacet
  facet normal 0.6593458151000674 0 0.7518398074789787
    outer loop
      vertex 46.58578643762691 18 23.335786437626904
      vertex 46.78247714198256 18 23.16329331941753
      vertex 46.78247714198256 24 23.16329331941753
    endloop
  endfacet
  facet normal 0.8314696123025563 0 0.5555702330195854
    outer loop
      vertex 46.267949192431125 18 23.75
      vertex 46.41329331941753 18 23.532477141982557
      vertex 46.41329331941753 24 23.532477141982557
    endloop
  endfacet
  facet normal 0.8968727415326871 0 0.44228869021900374
    outer loop
      vertex 46.267949192431125 18 23.75
      vertex 46.267949192431125 24 23.75
      vertex 46.15224093497743 18 23.98463313526982
    endloop
  endfacet
  facet normal 0.9469301294951017 0 0.321439465303173
    outer loop
      vertex 46.15224093497743 18 23.98463313526982
      vertex 46.15224093497743 24 23.98463313526982
      vertex 46.06814834742186 18 24.23236190979496
    endloop
  endfacet
  facet normal 0.9807852804032313 0 0.1950903220161236
    outer loop
      vertex 46.01711027725238 18 24.488947615559898
      vertex 46.06814834742186 18 24.23236190979496
      vertex 46.06814834742186 24 24.23236190979496
    endloop
  endfacet
  facet normal 0.9978589232386038 0 0.0654031292301393
    outer loop
      vertex 46.01711027725238 18 24.488947615559898
      vertex 46.01711027725238 24 24.488947615559898
      vertex 46 18 24.75
    endloop
  endfacet
  facet normal 0.9978589232386038 0 -0.0654031292301393
    outer loop
      vertex 46 18 24.75
      vertex 46 24 24.75
      vertex 46.01711027725238 18 25.011052384440102
    endloop
  endfacet
  facet normal 0.9807852804032313 0 -0.1950903220161236
    outer loop
      vertex 46.01711027725238 18 25.011052384440102
      vertex 46.01711027725238 24 25.011052384440102
      vertex 46.06814834742186 18 25.26763809020504
    endloop
  endfacet
  facet normal 0.9469301294951017 0 -0.321439465303173
    outer loop
      vertex 46.06814834742186 18 25.26763809020504
      vertex 46.06814834742186 24 25.26763809020504
      vertex 46.15224093497743 18 25.51536686473018
    endloop
  endfacet
  facet normal 0.8968727415326871 0 -0.44228869021900374
    outer loop
      vertex 46.15224093497743 18 25.51536686473018
      vertex 46.15224093497743 24 25.51536686473018
      vertex 46.267949192431125 18 25.75
    endloop
  endfacet
  facet normal 0.8314696123025563 0 -0.5555702330195854
    outer loop
      vertex 46.267949192431125 18 25.75
      vertex 46.267949192431125 24 25.75
      vertex 46.41329331941753 18 25.967522858017443
    endloop
  endfacet
  facet normal 0.7518398074789652 0 -0.6593458151000827
    outer loop
      vertex 46.41329331941753 18 25.967522858017443
      vertex 46.41329331941753 24 25.967522858017443
      vertex 46.58578643762691 18 26.164213562373096
    endloop
  endfacet
  facet normal 0.6593458151000674 0 -0.7518398074789787
    outer loop
      vertex 46.58578643762691 18 26.164213562373096
      vertex 46.58578643762691 24 26.164213562373096
      vertex 46.78247714198256 18 26.33670668058247
    endloop
  endfacet
  facet normal 0.5555702330196105 0 -0.8314696123025397
    outer loop
      vertex 46.78247714198256 18 26.33670668058247
      vertex 46.78247714198256 24 26.33670668058247
      vertex 47 18 26.48205080756888
    endloop
  endfacet
  facet normal 0.5555702330196105 0 0.8314696123025397
    outer loop
      vertex 46.78247714198256 18 23.16329331941753
      vertex 47 24 23.01794919243112
      vertex 46.78247714198256 24 23.16329331941753
    endloop
  endfacet
  facet normal 0.44228869021899825 0 0.8968727415326899
    outer loop
      vertex 47 18 23.01794919243112
      vertex 47.23463313526982 24 22.902240934977428
      vertex 47 24 23.01794919243112
    endloop
  endfacet
  facet normal 0.6593458151000674 0 0.7518398074789787
    outer loop
      vertex 46.58578643762691 18 23.335786437626904
      vertex 46.78247714198256 24 23.16329331941753
      vertex 46.58578643762691 24 23.335786437626904
    endloop
  endfacet
  facet normal 0.7518398074789652 0 0.6593458151000827
    outer loop
      vertex 46.41329331941753 18 23.532477141982557
      vertex 46.58578643762691 24 23.335786437626904
      vertex 46.41329331941753 24 23.532477141982557
    endloop
  endfacet
  facet normal 0.8968727415326871 0 0.44228869021900374
    outer loop
      vertex 46.15224093497743 18 23.98463313526982
      vertex 46.267949192431125 24 23.75
      vertex 46.15224093497743 24 23.98463313526982
    endloop
  endfacet
  facet normal 0.8314696123025563 0 0.5555702330195854
    outer loop
      vertex 46.267949192431125 18 23.75
      vertex 46.41329331941753 24 23.532477141982557
      vertex 46.267949192431125 24 23.75
    endloop
  endfacet
  facet normal 0.9469301294951017 0 0.321439465303173
    outer loop
      vertex 46.06814834742186 18 24.23236190979496
      vertex 46.15224093497743 24 23.98463313526982
      vertex 46.06814834742186 24 24.23236190979496
    endloop
  endfacet
  facet normal 0.9807852804032313 0 0.1950903220161236
    outer loop
      vertex 46.01711027725238 18 24.488947615559898
      vertex 46.06814834742186 24 24.23236190979496
      vertex 46.01711027725238 24 24.488947615559898
    endloop
  endfacet
  facet normal 0.9978589232386038 0 0.0654031292301393
    outer loop
      vertex 46 18 24.75
      vertex 46.01711027725238 24 24.488947615559898
      vertex 46 24 24.75
    endloop
  endfacet
  facet normal 0.9978589232386038 0 -0.0654031292301393
    outer loop
      vertex 46.01711027725238 18 25.011052384440102
      vertex 46 24 24.75
      vertex 46.01711027725238 24 25.011052384440102
    endloop
  endfacet
  facet normal 0.9807852804032313 0 -0.1950903220161236
    outer loop
      vertex 46.06814834742186 18 25.26763809020504
      vertex 46.01711027725238 24 25.011052384440102
      vertex 46.06814834742186 24 25.26763809020504
    endloop
  endfacet
  facet normal 0.9469301294951017 0 -0.321439465303173
    outer loop
      vertex 46.15224093497743 18 25.51536686473018
      vertex 46.06814834742186 24 25.26763809020504
      vertex 46.15224093497743 24 25.51536686473018
    endloop
  endfacet
  facet normal 0.8968727415326871 0 -0.44228869021900374
    outer loop
      vertex 46.267949192431125 18 25.75
      vertex 46.15224093497743 24 25.51536686473018
      vertex 46.267949192431125 24 25.75
    endloop
  endfacet
  facet normal 0.8314696123025563 0 -0.5555702330195854
    outer loop
      vertex 46.41329331941753 18 25.967522858017443
      vertex 46.267949192431125 24 25.75
      vertex 46.41329331941753 24 25.967522858017443
    endloop
  endfacet
  facet normal 0.7518398074789652 0 -0.6593458151000827
    outer loop
      vertex 46.58578643762691 18 26.164213562373096
      vertex 46.41329331941753 24 25.967522858017443
      vertex 46.58578643762691 24 26.164213562373096
    endloop
  endfacet
  facet normal 0.6593458151000674 0 -0.7518398074789787
    outer loop
      vertex 46.78247714198256 18 26.33670668058247
      vertex 46.58578643762691 24 26.164213562373096
      vertex 46.78247714198256 24 26.33670668058247
    endloop
  endfacet
  facet normal 0 1 0
    outer loop
      vertex 47.48236190979496 18 22.818148347421864
      vertex 48.51763809020504 18 22.818148347421864
      vertex 47.738947615559894 18 22.767110277252378
    endloop
  endfacet
  facet normal 0 1 0
    outer loop
      vertex 47.23463313526982 18 22.902240934977428
      vertex 48.76536686473018 18 22.902240934977428
      vertex 47.48236190979496 18 22.818148347421864
    endloop
  endfacet
  facet normal 0 1 0
    outer loop
      vertex 47.738947615559894 18 22.767110277252378
      vertex 48.261052384440106 18 22.767110277252378
      vertex 48 18 22.75
    endloop
  endfacet
  facet normal 0 1 0
    outer loop
      vertex 47.738947615559894 18 22.767110277252378
      vertex 48.51763809020504 18 22.818148347421864
      vertex 48.261052384440106 18 22.767110277252378
    endloop
  endfacet
  facet normal 0 1 0
    outer loop
      vertex 47.48236190979496 18 22.818148347421864
      vertex 48.76536686473018 18 22.902240934977428
      vertex 48.51763809020504 18 22.818148347421864
    endloop
  endfacet
  facet normal 0 1 0
    outer loop
      vertex 47.23463313526982 18 22.902240934977428
      vertex 47 18 23.01794919243112
      vertex 49 18 23.01794919243112
    endloop
  endfacet
  facet normal 0 1 0
    outer loop
      vertex 46.78247714198256 18 23.16329331941753
      vertex 49.21752285801744 18 23.16329331941753
      vertex 47 18 23.01794919243112
    endloop
  endfacet
  facet normal 0 1 0
    outer loop
      vertex 46.58578643762691 18 23.335786437626904
      vertex 49.41421356237309 18 23.335786437626904
      vertex 46.78247714198256 18 23.16329331941753
    endloop
  endfacet
  facet normal 0 1 0
    outer loop
      vertex 47.23463313526982 18 22.902240934977428
      vertex 49 18 23.01794919243112
      vertex 48.76536686473018 18 22.902240934977428
    endloop
  endfacet
  facet normal 0 1 0
    outer loop
      vertex 47 18 23.01794919243112
      vertex 49.21752285801744 18 23.16329331941753
      vertex 49 18 23.01794919243112
    endloop
  endfacet
  facet normal 0 1 0
    outer loop
      vertex 46.78247714198256 18 23.16329331941753
      vertex 49.41421356237309 18 23.335786437626904
      vertex 49.21752285801744 18 23.16329331941753
    endloop
  endfacet
  facet normal 0 1 0
    outer loop
      vertex 46.58578643762691 18 23.335786437626904
      vertex 49.58670668058247 18 23.532477141982557
      vertex 49.41421356237309 18 23.335786437626904
    endloop
  endfacet
  facet normal 0 1 0
    outer loop
      vertex 46.58578643762691 18 23.335786437626904
      vertex 46.41329331941753 18 23.532477141982557
      vertex 49.58670668058247 18 23.532477141982557
    endloop
  endfacet
  facet normal 0 1 0
    outer loop
      vertex 46.267949192431125 18 23.75
      vertex 49.732050807568875 18 23.75
      vertex 46.41329331941753 18 23.532477141982557
    endloop
  endfacet
  facet normal 0 1 0
    outer loop
      vertex 46.267949192431125 18 23.75
      vertex 46.15224093497743 18 23.98463313526982
      vertex 49.84775906502257 18 23.98463313526982
    endloop
  endfacet
  facet normal 0 1 0
    outer loop
      vertex 46.41329331941753 18 23.532477141982557
      vertex 49.732050807568875 18 23.75
      vertex 49.58670668058247 18 23.532477141982557
    endloop
  endfacet
  facet normal 0 1 0
    outer loop
      vertex 46.267949192431125 18 23.75
      vertex 49.84775906502257 18 23.98463313526982
      vertex 49.732050807568875 18 23.75
    endloop
  endfacet
  facet normal 0 1 0
    outer loop
      vertex 46.15224093497743 18 23.98463313526982
      vertex 46.06814834742186 18 24.23236190979496
      vertex 49.93185165257814 18 24.23236190979496
    endloop
  endfacet
  facet normal 0 1 0
    outer loop
      vertex 46.01711027725238 18 24.488947615559898
      vertex 49.98288972274762 18 24.488947615559898
      vertex 46.06814834742186 18 24.23236190979496
    endloop
  endfacet
  facet normal 0 1 0
    outer loop
      vertex 46.15224093497743 18 23.98463313526982
      vertex 49.93185165257814 18 24.23236190979496
      vertex 49.84775906502257 18 23.98463313526982
    endloop
  endfacet
  facet normal 0 1 0
    outer loop
      vertex 46.06814834742186 18 24.23236190979496
      vertex 49.98288972274762 18 24.488947615559898
      vertex 49.93185165257814 18 24.23236190979496
    endloop
  endfacet
  facet normal 0 1 0
    outer loop
      vertex 46.01711027725238 18 24.488947615559898
      vertex 46 18 24.75
      vertex 50 18 24.75
    endloop
  endfacet
  facet normal 0 1 0
    outer loop
      vertex 46 18 24.75
      vertex 46.01711027725238 18 25.011052384440102
      vertex 49.98288972274762 18 25.011052384440102
    endloop
  endfacet
  facet normal 0 1 0
    outer loop
      vertex 46.01711027725238 18 25.011052384440102
      vertex 46.06814834742186 18 25.26763809020504
      vertex 49.93185165257814 18 25.26763809020504
    endloop
  endfacet
  facet normal 0 1 0
    outer loop
      vertex 46.01711027725238 18 25.011052384440102
      vertex 49.93185165257814 18 25.26763809020504
      vertex 49.98288972274762 18 25.011052384440102
    endloop
  endfacet
  facet normal 0 1 0
    outer loop
      vertex 46.06814834742186 18 25.26763809020504
      vertex 49.84775906502257 18 25.51536686473018
      vertex 49.93185165257814 18 25.26763809020504
    endloop
  endfacet
  facet normal 0 1 0
    outer loop
      vertex 46.01711027725238 18 24.488947615559898
      vertex 50 18 24.75
      vertex 49.98288972274762 18 24.488947615559898
    endloop
  endfacet
  facet normal 0 1 0
    outer loop
      vertex 46 18 24.75
      vertex 49.98288972274762 18 25.011052384440102
      vertex 50 18 24.75
    endloop
  endfacet
  facet normal 0 1 0
    outer loop
      vertex 46.06814834742186 18 25.26763809020504
      vertex 46.15224093497743 18 25.51536686473018
      vertex 49.84775906502257 18 25.51536686473018
    endloop
  endfacet
  facet normal 0 1 0
    outer loop
      vertex 46.15224093497743 18 25.51536686473018
      vertex 46.267949192431125 18 25.75
      vertex 49.732050807568875 18 25.75
    endloop
  endfacet
  facet normal 0 1 0
    outer loop
      vertex 46.267949192431125 18 25.75
      vertex 46.41329331941753 18 25.967522858017443
      vertex 49.58670668058247 18 25.967522858017443
    endloop
  endfacet
  facet normal 0 1 0
    outer loop
      vertex 46.15224093497743 18 25.51536686473018
      vertex 49.732050807568875 18 25.75
      vertex 49.84775906502257 18 25.51536686473018
    endloop
  endfacet
  facet normal 0 1 0
    outer loop
      vertex 46.267949192431125 18 25.75
      vertex 49.58670668058247 18 25.967522858017443
      vertex 49.732050807568875 18 25.75
    endloop
  endfacet
  facet normal 0 1 0
    outer loop
      vertex 46.41329331941753 18 25.967522858017443
      vertex 46.58578643762691 18 26.164213562373096
      vertex 49.41421356237309 18 26.164213562373096
    endloop
  endfacet
  facet normal 0 1 0
    outer loop
      vertex 46.58578643762691 18 26.164213562373096
      vertex 46.78247714198256 18 26.33670668058247
      vertex 49.21752285801744 18 26.33670668058247
    endloop
  endfacet
  facet normal 0 1 0
    outer loop
      vertex 46.41329331941753 18 25.967522858017443
      vertex 49.41421356237309 18 26.164213562373096
      vertex 49.58670668058247 18 25.967522858017443
    endloop
  endfacet
  facet normal 0 1 0
    outer loop
      vertex 46.58578643762691 18 26.164213562373096
      vertex 49.21752285801744 18 26.33670668058247
      vertex 49.41421356237309 18 26.164213562373096
    endloop
  endfacet
  facet normal 0 1 0
    outer loop
      vertex 46.78247714198256 18 26.33670668058247
      vertex 49 18 26.48205080756888
      vertex 49.21752285801744 18 26.33670668058247
    endloop
  endfacet
  facet normal 0.32143946530315676 0 0.9469301294951074
    outer loop
      vertex 47.23463313526982 18 22.902240934977428
      vertex 47.48236190979496 18 22.818148347421864
      vertex 47.48236190979496 24 22.818148347421864
    endloop
  endfacet
  facet normal 0.06540312923013841 0 0.9978589232386038
    outer loop
      vertex 47.738947615559894 18 22.767110277252378
      vertex 48 18 22.75
      vertex 48 24 22.75
    endloop
  endfacet
  facet normal 0.1950903220161393 0 0.9807852804032283
    outer loop
      vertex 47.48236190979496 18 22.818148347421864
      vertex 47.738947615559894 18 22.767110277252378
      vertex 47.738947615559894 24 22.767110277252378
    endloop
  endfacet
  facet normal -0.06540312923013841 0 0.9978589232386038
    outer loop
      vertex 48 18 22.75
      vertex 48.261052384440106 18 22.767110277252378
      vertex 48.261052384440106 24 22.767110277252378
    endloop
  endfacet
  facet normal -0.1950903220161393 0 0.9807852804032283
    outer loop
      vertex 48.261052384440106 18 22.767110277252378
      vertex 48.51763809020504 18 22.818148347421864
      vertex 48.51763809020504 24 22.818148347421864
    endloop
  endfacet
  facet normal -0.32143946530315676 0 0.9469301294951074
    outer loop
      vertex 48.51763809020504 18 22.818148347421864
      vertex 48.76536686473018 18 22.902240934977428
      vertex 48.76536686473018 24 22.902240934977428
    endloop
  endfacet
  facet normal -0.44228869021899825 0 0.8968727415326899
    outer loop
      vertex 48.76536686473018 18 22.902240934977428
      vertex 49 18 23.01794919243112
      vertex 49 24 23.01794919243112
    endloop
  endfacet
  facet normal -0.5555702330196105 0 0.8314696123025397
    outer loop
      vertex 49 18 23.01794919243112
      vertex 49.21752285801744 18 23.16329331941753
      vertex 49.21752285801744 24 23.16329331941753
    endloop
  endfacet
  facet normal -0.6593458151000674 0 0.7518398074789787
    outer loop
      vertex 49.21752285801744 18 23.16329331941753
      vertex 49.41421356237309 18 23.335786437626904
      vertex 49.41421356237309 24 23.335786437626904
    endloop
  endfacet
  facet normal -0.7518398074789652 0 0.6593458151000827
    outer loop
      vertex 49.41421356237309 18 23.335786437626904
      vertex 49.58670668058247 18 23.532477141982557
      vertex 49.58670668058247 24 23.532477141982557
    endloop
  endfacet
  facet normal -0.8314696123025563 0 0.5555702330195854
    outer loop
      vertex 49.58670668058247 18 23.532477141982557
      vertex 49.732050807568875 18 23.75
      vertex 49.732050807568875 24 23.75
    endloop
  endfacet
  facet normal -0.8968727415326871 0 0.44228869021900374
    outer loop
      vertex 49.732050807568875 18 23.75
      vertex 49.84775906502257 18 23.98463313526982
      vertex 49.84775906502257 24 23.98463313526982
    endloop
  endfacet
  facet normal -0.9469301294951017 0 0.321439465303173
    outer loop
      vertex 49.84775906502257 18 23.98463313526982
      vertex 49.93185165257814 18 24.23236190979496
      vertex 49.93185165257814 24 24.23236190979496
    endloop
  endfacet
  facet normal -0.9807852804032313 0 0.1950903220161236
    outer loop
      vertex 49.93185165257814 18 24.23236190979496
      vertex 49.98288972274762 18 24.488947615559898
      vertex 49.98288972274762 24 24.488947615559898
    endloop
  endfacet
  facet normal -0.9978589232386038 0 0.0654031292301393
    outer loop
      vertex 49.98288972274762 18 24.488947615559898
      vertex 50 18 24.75
      vertex 50 24 24.75
    endloop
  endfacet
  facet normal -0.9978589232386038 0 -0.0654031292301393
    outer loop
      vertex 50 18 24.75
      vertex 49.98288972274762 18 25.011052384440102
      vertex 49.98288972274762 24 25.011052384440102
    endloop
  endfacet
  facet normal -0.9807852804032313 0 -0.1950903220161236
    outer loop
      vertex 49.98288972274762 18 25.011052384440102
      vertex 49.93185165257814 18 25.26763809020504
      vertex 49.93185165257814 24 25.26763809020504
    endloop
  endfacet
  facet normal -0.9469301294951017 0 -0.321439465303173
    outer loop
      vertex 49.93185165257814 18 25.26763809020504
      vertex 49.84775906502257 18 25.51536686473018
      vertex 49.84775906502257 24 25.51536686473018
    endloop
  endfacet
  facet normal -0.8968727415326871 0 -0.44228869021900374
    outer loop
      vertex 49.84775906502257 18 25.51536686473018
      vertex 49.732050807568875 18 25.75
      vertex 49.732050807568875 24 25.75
    endloop
  endfacet
  facet normal -0.8314696123025563 0 -0.5555702330195854
    outer loop
      vertex 49.58670668058247 18 25.967522858017443
      vertex 49.58670668058247 24 25.967522858017443
      vertex 49.732050807568875 18 25.75
    endloop
  endfacet
  facet normal -0.6593458151000674 0 -0.7518398074789787
    outer loop
      vertex 49.21752285801744 18 26.33670668058247
      vertex 49.21752285801744 24 26.33670668058247
      vertex 49.41421356237309 18 26.164213562373096
    endloop
  endfacet
  facet normal -0.7518398074789652 0 -0.6593458151000827
    outer loop
      vertex 49.58670668058247 18 25.967522858017443
      vertex 49.41421356237309 18 26.164213562373096
      vertex 49.41421356237309 24 26.164213562373096
    endloop
  endfacet
  facet normal 0.32143946530315676 0 0.9469301294951074
    outer loop
      vertex 47.23463313526982 18 22.902240934977428
      vertex 47.48236190979496 24 22.818148347421864
      vertex 47.23463313526982 24 22.902240934977428
    endloop
  endfacet
  facet normal 0.1950903220161393 0 0.9807852804032283
    outer loop
      vertex 47.48236190979496 18 22.818148347421864
      vertex 47.738947615559894 24 22.767110277252378
      vertex 47.48236190979496 24 22.818148347421864
    endloop
  endfacet
  facet normal 0.06540312923013841 0 0.9978589232386038
    outer loop
      vertex 47.738947615559894 18 22.767110277252378
      vertex 48 24 22.75
      vertex 47.738947615559894 24 22.767110277252378
    endloop
  endfacet
  facet normal -0.06540312923013841 0 0.9978589232386038
    outer loop
      vertex 48 18 22.75
      vertex 48.261052384440106 24 22.767110277252378
      vertex 48 24 22.75
    endloop
  endfacet
  facet normal -0.1950903220161393 0 0.9807852804032283
    outer loop
      vertex 48.261052384440106 18 22.767110277252378
      vertex 48.51763809020504 24 22.818148347421864
      vertex 48.261052384440106 24 22.767110277252378
    endloop
  endfacet
  facet normal -0.32143946530315676 0 0.9469301294951074
    outer loop
      vertex 48.51763809020504 18 22.818148347421864
      vertex 48.76536686473018 24 22.902240934977428
      vertex 48.51763809020504 24 22.818148347421864
    endloop
  endfacet
  facet normal -0.44228869021899825 0 0.8968727415326899
    outer loop
      vertex 48.76536686473018 18 22.902240934977428
      vertex 49 24 23.01794919243112
      vertex 48.76536686473018 24 22.902240934977428
    endloop
  endfacet
  facet normal -0.5555702330196105 0 0.8314696123025397
    outer loop
      vertex 49 18 23.01794919243112
      vertex 49.21752285801744 24 23.16329331941753
      vertex 49 24 23.01794919243112
    endloop
  endfacet
  facet normal -0.6593458151000674 0 0.7518398074789787
    outer loop
      vertex 49.21752285801744 18 23.16329331941753
      vertex 49.41421356237309 24 23.335786437626904
      vertex 49.21752285801744 24 23.16329331941753
    endloop
  endfacet
  facet normal -0.7518398074789652 0 0.6593458151000827
    outer loop
      vertex 49.41421356237309 18 23.335786437626904
      vertex 49.58670668058247 24 23.532477141982557
      vertex 49.41421356237309 24 23.335786437626904
    endloop
  endfacet
  facet normal -0.8314696123025563 0 0.5555702330195854
    outer loop
      vertex 49.58670668058247 18 23.532477141982557
      vertex 49.732050807568875 24 23.75
      vertex 49.58670668058247 24 23.532477141982557
    endloop
  endfacet
  facet normal -0.8968727415326871 0 0.44228869021900374
    outer loop
      vertex 49.732050807568875 18 23.75
      vertex 49.84775906502257 24 23.98463313526982
      vertex 49.732050807568875 24 23.75
    endloop
  endfacet
  facet normal -0.9469301294951017 0 0.321439465303173
    outer loop
      vertex 49.84775906502257 18 23.98463313526982
      vertex 49.93185165257814 24 24.23236190979496
      vertex 49.84775906502257 24 23.98463313526982
    endloop
  endfacet
  facet normal -0.9807852804032313 0 0.1950903220161236
    outer loop
      vertex 49.93185165257814 18 24.23236190979496
      vertex 49.98288972274762 24 24.488947615559898
      vertex 49.93185165257814 24 24.23236190979496
    endloop
  endfacet
  facet normal -0.9978589232386038 0 0.0654031292301393
    outer loop
      vertex 49.98288972274762 18 24.488947615559898
      vertex 50 24 24.75
      vertex 49.98288972274762 24 24.488947615559898
    endloop
  endfacet
  facet normal -0.9978589232386038 0 -0.0654031292301393
    outer loop
      vertex 50 18 24.75
      vertex 49.98288972274762 24 25.011052384440102
      vertex 50 24 24.75
    endloop
  endfacet
  facet normal -0.9807852804032313 0 -0.1950903220161236
    outer loop
      vertex 49.98288972274762 18 25.011052384440102
      vertex 49.93185165257814 24 25.26763809020504
      vertex 49.98288972274762 24 25.011052384440102
    endloop
  endfacet
  facet normal -0.9469301294951017 0 -0.321439465303173
    outer loop
      vertex 49.93185165257814 18 25.26763809020504
      vertex 49.84775906502257 24 25.51536686473018
      vertex 49.93185165257814 24 25.26763809020504
    endloop
  endfacet
  facet normal -0.8968727415326871 0 -0.44228869021900374
    outer loop
      vertex 49.84775906502257 18 25.51536686473018
      vertex 49.732050807568875 24 25.75
      vertex 49.84775906502257 24 25.51536686473018
    endloop
  endfacet
  facet normal -0.8314696123025563 0 -0.5555702330195854
    outer loop
      vertex 49.732050807568875 18 25.75
      vertex 49.58670668058247 24 25.967522858017443
      vertex 49.732050807568875 24 25.75
    endloop
  endfacet
  facet normal -0.6593458151000674 0 -0.7518398074789787
    outer loop
      vertex 49.41421356237309 18 26.164213562373096
      vertex 49.21752285801744 24 26.33670668058247
      vertex 49.41421356237309 24 26.164213562373096
    endloop
  endfacet
  facet normal -0.5555702330196105 0 -0.8314696123025397
    outer loop
      vertex 49.21752285801744 18 26.33670668058247
      vertex 49 24 26.48205080756888
      vertex 49.21752285801744 24 26.33670668058247
    endloop
  endfacet
  facet normal -0.7518398074789652 0 -0.6593458151000827
    outer loop
      vertex 49.58670668058247 18 25.967522858017443
      vertex 49.41421356237309 24 26.164213562373096
      vertex 49.58670668058247 24 25.967522858017443
    endloop
  endfacet
  facet normal 0.44228869021899825 0 -0.8968727415326899
    outer loop
      vertex 47 18 26.48205080756888
      vertex 47 24 26.48205080756888
      vertex 47.23463313526982 18 26.597759065022572
    endloop
  endfacet
  facet normal 0.5555702330196105 0 -0.8314696123025397
    outer loop
      vertex 47 18 26.48205080756888
      vertex 46.78247714198256 24 26.33670668058247
      vertex 47 24 26.48205080756888
    endloop
  endfacet
  facet normal 0.44228869021899825 0 -0.8968727415326899
    outer loop
      vertex 47.23463313526982 18 26.597759065022572
      vertex 47 24 26.48205080756888
      vertex 47.23463313526982 24 26.597759065022572
    endloop
  endfacet
  facet normal 0 1 0
    outer loop
      vertex 46.78247714198256 18 26.33670668058247
      vertex 47 18 26.48205080756888
      vertex 49 18 26.48205080756888
    endloop
  endfacet
  facet normal 0 1 0
    outer loop
      vertex 47 18 26.48205080756888
      vertex 47.23463313526982 18 26.597759065022572
      vertex 48.76536686473018 18 26.597759065022572
    endloop
  endfacet
  facet normal 0 1 0
    outer loop
      vertex 47.23463313526982 18 26.597759065022572
      vertex 47.48236190979496 18 26.681851652578136
      vertex 48.51763809020504 18 26.681851652578136
    endloop
  endfacet
  facet normal 0 1 0
    outer loop
      vertex 47.48236190979496 18 26.681851652578136
      vertex 47.738947615559894 18 26.732889722747622
      vertex 48.261052384440106 18 26.732889722747622
    endloop
  endfacet
  facet normal 0 1 0
    outer loop
      vertex 47 18 26.48205080756888
      vertex 48.76536686473018 18 26.597759065022572
      vertex 49 18 26.48205080756888
    endloop
  endfacet
  facet normal 0 1 0
    outer loop
      vertex 47.23463313526982 18 26.597759065022572
      vertex 48.51763809020504 18 26.681851652578136
      vertex 48.76536686473018 18 26.597759065022572
    endloop
  endfacet
  facet normal 0 1 0
    outer loop
      vertex 47.738947615559894 18 26.732889722747622
      vertex 48 18 26.75
      vertex 48.261052384440106 18 26.732889722747622
    endloop
  endfacet
  facet normal 0 1 0
    outer loop
      vertex 47.48236190979496 18 26.681851652578136
      vertex 48.261052384440106 18 26.732889722747622
      vertex 48.51763809020504 18 26.681851652578136
    endloop
  endfacet
  facet normal 0.32143946530315676 0 -0.9469301294951074
    outer loop
      vertex 47.23463313526982 18 26.597759065022572
      vertex 47.23463313526982 24 26.597759065022572
      vertex 47.48236190979496 18 26.681851652578136
    endloop
  endfacet
  facet normal 0.1950903220161393 0 -0.9807852804032283
    outer loop
      vertex 47.48236190979496 18 26.681851652578136
      vertex 47.48236190979496 24 26.681851652578136
      vertex 47.738947615559894 18 26.732889722747622
    endloop
  endfacet
  facet normal 0.06540312923013841 0 -0.9978589232386038
    outer loop
      vertex 47.738947615559894 18 26.732889722747622
      vertex 47.738947615559894 24 26.732889722747622
      vertex 48 18 26.75
    endloop
  endfacet
  facet normal -0.32143946530315676 0 -0.9469301294951074
    outer loop
      vertex 48.51763809020504 18 26.681851652578136
      vertex 48.51763809020504 24 26.681851652578136
      vertex 48.76536686473018 18 26.597759065022572
    endloop
  endfacet
  facet normal -0.06540312923013841 0 -0.9978589232386038
    outer loop
      vertex 48 18 26.75
      vertex 48 24 26.75
      vertex 48.261052384440106 18 26.732889722747622
    endloop
  endfacet
  facet normal -0.1950903220161393 0 -0.9807852804032283
    outer loop
      vertex 48.261052384440106 18 26.732889722747622
      vertex 48.261052384440106 24 26.732889722747622
      vertex 48.51763809020504 18 26.681851652578136
    endloop
  endfacet
  facet normal -0.44228869021899825 0 -0.8968727415326899
    outer loop
      vertex 48.76536686473018 18 26.597759065022572
      vertex 48.76536686473018 24 26.597759065022572
      vertex 49 18 26.48205080756888
    endloop
  endfacet
  facet normal -0.5555702330196105 0 -0.8314696123025397
    outer loop
      vertex 49.21752285801744 18 26.33670668058247
      vertex 49 18 26.48205080756888
      vertex 49 24 26.48205080756888
    endloop
  endfacet
  facet normal 0.32143946530315676 0 -0.9469301294951074
    outer loop
      vertex 47.48236190979496 18 26.681851652578136
      vertex 47.23463313526982 24 26.597759065022572
      vertex 47.48236190979496 24 26.681851652578136
    endloop
  endfacet
  facet normal 0.1950903220161393 0 -0.9807852804032283
    outer loop
      vertex 47.738947615559894 18 26.732889722747622
      vertex 47.48236190979496 24 26.681851652578136
      vertex 47.738947615559894 24 26.732889722747622
    endloop
  endfacet
  facet normal 0.06540312923013841 0 -0.9978589232386038
    outer loop
      vertex 48 18 26.75
      vertex 47.738947615559894 24 26.732889722747622
      vertex 48 24 26.75
    endloop
  endfacet
  facet normal -0.06540312923013841 0 -0.9978589232386038
    outer loop
      vertex 48.261052384440106 18 26.732889722747622
      vertex 48 24 26.75
      vertex 48.261052384440106 24 26.732889722747622
    endloop
  endfacet
  facet normal -0.1950903220161393 0 -0.9807852804032283
    outer loop
      vertex 48.51763809020504 18 26.681851652578136
      vertex 48.261052384440106 24 26.732889722747622
      vertex 48.51763809020504 24 26.681851652578136
    endloop
  endfacet
  facet normal -0.44228869021899825 0 -0.8968727415326899
    outer loop
      vertex 49 18 26.48205080756888
      vertex 48.76536686473018 24 26.597759065022572
      vertex 49 24 26.48205080756888
    endloop
  endfacet
  facet normal -0.32143946530315676 0 -0.9469301294951074
    outer loop
      vertex 48.76536686473018 18 26.597759065022572
      vertex 48.51763809020504 24 26.681851652578136
      vertex 48.76536686473018 24 26.597759065022572
    endloop
  endfacet
  facet normal 0 1 0
    outer loop
      vertex 23.738947615559898 18 22.767110277252378
      vertex 24.261052384440102 18 22.767110277252378
      vertex 24 18 22.75
    endloop
  endfacet
  facet normal 0 1 0
    outer loop
      vertex 23.23463313526982 18 22.902240934977428
      vertex 24.76536686473018 18 22.902240934977428
      vertex 23.48236190979496 18 22.818148347421864
    endloop
  endfacet
  facet normal 0 1 0
    outer loop
      vertex 23.48236190979496 18 22.818148347421864
      vertex 24.51763809020504 18 22.818148347421864
      vertex 23.738947615559898 18 22.767110277252378
    endloop
  endfacet
  facet normal 0 1 0
    outer loop
      vertex 23.738947615559898 18 22.767110277252378
      vertex 24.51763809020504 18 22.818148347421864
      vertex 24.261052384440102 18 22.767110277252378
    endloop
  endfacet
  facet normal 0 1 0
    outer loop
      vertex 23.48236190979496 18 22.818148347421864
      vertex 24.76536686473018 18 22.902240934977428
      vertex 24.51763809020504 18 22.818148347421864
    endloop
  endfacet
  facet normal 0 1 0
    outer loop
      vertex 22.782477141982557 18 23.16329331941753
      vertex 25.217522858017443 18 23.16329331941753
      vertex 23 18 23.01794919243112
    endloop
  endfacet
  facet normal 0 1 0
    outer loop
      vertex 23.23463313526982 18 22.902240934977428
      vertex 23 18 23.01794919243112
      vertex 25 18 23.01794919243112
    endloop
  endfacet
  facet normal 0 1 0
    outer loop
      vertex 22.585786437626904 18 23.335786437626904
      vertex 25.414213562373096 18 23.335786437626904
      vertex 22.782477141982557 18 23.16329331941753
    endloop
  endfacet
  facet normal 0 1 0
    outer loop
      vertex 23.23463313526982 18 22.902240934977428
      vertex 25 18 23.01794919243112
      vertex 24.76536686473018 18 22.902240934977428
    endloop
  endfacet
  facet normal 0 1 0
    outer loop
      vertex 23 18 23.01794919243112
      vertex 25.217522858017443 18 23.16329331941753
      vertex 25 18 23.01794919243112
    endloop
  endfacet
  facet normal 0 1 0
    outer loop
      vertex 22.782477141982557 18 23.16329331941753
      vertex 25.414213562373096 18 23.335786437626904
      vertex 25.217522858017443 18 23.16329331941753
    endloop
  endfacet
  facet normal 0 1 0
    outer loop
      vertex 22.585786437626904 18 23.335786437626904
      vertex 25.58670668058247 18 23.532477141982557
      vertex 25.414213562373096 18 23.335786437626904
    endloop
  endfacet
  facet normal 0 1 0
    outer loop
      vertex 22.585786437626904 18 23.335786437626904
      vertex 22.41329331941753 18 23.532477141982557
      vertex 25.58670668058247 18 23.532477141982557
    endloop
  endfacet
  facet normal 0 1 0
    outer loop
      vertex 22.26794919243112 18 23.75
      vertex 25.73205080756888 18 23.75
      vertex 22.41329331941753 18 23.532477141982557
    endloop
  endfacet
  facet normal 0 1 0
    outer loop
      vertex 22.26794919243112 18 23.75
      vertex 22.152240934977428 18 23.98463313526982
      vertex 25.847759065022572 18 23.98463313526982
    endloop
  endfacet
  facet normal 0 1 0
    outer loop
      vertex 22.41329331941753 18 23.532477141982557
      vertex 25.73205080756888 18 23.75
      vertex 25.58670668058247 18 23.532477141982557
    endloop
  endfacet
  facet normal 0 1 0
    outer loop
      vertex 22.26794919243112 18 23.75
      vertex 25.847759065022572 18 23.98463313526982
      vertex 25.73205080756888 18 23.75
    endloop
  endfacet
  facet normal 0 1 0
    outer loop
      vertex 22.152240934977428 18 23.98463313526982
      vertex 22.068148347421864 18 24.23236190979496
      vertex 25.931851652578136 18 24.23236190979496
    endloop
  endfacet
  facet normal 0 1 0
    outer loop
      vertex 22.017110277252378 18 24.488947615559898
      vertex 25.982889722747622 18 24.488947615559898
      vertex 22.068148347421864 18 24.23236190979496
    endloop
  endfacet
  facet normal 0 1 0
    outer loop
      vertex 22.152240934977428 18 23.98463313526982
      vertex 25.931851652578136 18 24.23236190979496
      vertex 25.847759065022572 18 23.98463313526982
    endloop
  endfacet
  facet normal 0 1 0
    outer loop
      vertex 22.068148347421864 18 24.23236190979496
      vertex 25.982889722747622 18 24.488947615559898
      vertex 25.931851652578136 18 24.23236190979496
    endloop
  endfacet
  facet normal 0 1 0
    outer loop
      vertex 22.017110277252378 18 24.488947615559898
      vertex 22 18 24.75
      vertex 26 18 24.75
    endloop
  endfacet
  facet normal 0 1 0
    outer loop
      vertex 22 18 24.75
      vertex 22.017110277252378 18 25.011052384440102
      vertex 25.982889722747622 18 25.011052384440102
    endloop
  endfacet
  facet normal 0 1 0
    outer loop
      vertex 22.017110277252378 18 25.011052384440102
      vertex 22.068148347421864 18 25.26763809020504
      vertex 25.931851652578136 18 25.26763809020504
    endloop
  endfacet
  facet normal 0 1 0
    outer loop
      vertex 22.017110277252378 18 24.488947615559898
      vertex 26 18 24.75
      vertex 25.982889722747622 18 24.488947615559898
    endloop
  endfacet
  facet normal 0 1 0
    outer loop
      vertex 22 18 24.75
      vertex 25.982889722747622 18 25.011052384440102
      vertex 26 18 24.75
    endloop
  endfacet
  facet normal 0 1 0
    outer loop
      vertex 22.017110277252378 18 25.011052384440102
      vertex 25.931851652578136 18 25.26763809020504
      vertex 25.982889722747622 18 25.011052384440102
    endloop
  endfacet
  facet normal 0 1 0
    outer loop
      vertex 22.068148347421864 18 25.26763809020504
      vertex 25.847759065022572 18 25.51536686473018
      vertex 25.931851652578136 18 25.26763809020504
    endloop
  endfacet
  facet normal 0 1 0
    outer loop
      vertex 22.068148347421864 18 25.26763809020504
      vertex 22.152240934977428 18 25.51536686473018
      vertex 25.847759065022572 18 25.51536686473018
    endloop
  endfacet
  facet normal 0 1 0
    outer loop
      vertex 22.152240934977428 18 25.51536686473018
      vertex 22.26794919243112 18 25.75
      vertex 25.73205080756888 18 25.75
    endloop
  endfacet
  facet normal 0 1 0
    outer loop
      vertex 22.26794919243112 18 25.75
      vertex 22.41329331941753 18 25.967522858017443
      vertex 25.58670668058247 18 25.967522858017443
    endloop
  endfacet
  facet normal 0 1 0
    outer loop
      vertex 22.152240934977428 18 25.51536686473018
      vertex 25.73205080756888 18 25.75
      vertex 25.847759065022572 18 25.51536686473018
    endloop
  endfacet
  facet normal 0 1 0
    outer loop
      vertex 22.26794919243112 18 25.75
      vertex 25.58670668058247 18 25.967522858017443
      vertex 25.73205080756888 18 25.75
    endloop
  endfacet
  facet normal 0 1 0
    outer loop
      vertex 22.41329331941753 18 25.967522858017443
      vertex 22.585786437626904 18 26.164213562373096
      vertex 25.414213562373096 18 26.164213562373096
    endloop
  endfacet
  facet normal 0 1 0
    outer loop
      vertex 22.585786437626904 18 26.164213562373096
      vertex 22.782477141982557 18 26.33670668058247
      vertex 25.217522858017443 18 26.33670668058247
    endloop
  endfacet
  facet normal 0 1 0
    outer loop
      vertex 22.41329331941753 18 25.967522858017443
      vertex 25.414213562373096 18 26.164213562373096
      vertex 25.58670668058247 18 25.967522858017443
    endloop
  endfacet
  facet normal 0 1 0
    outer loop
      vertex 22.782477141982557 18 26.33670668058247
      vertex 25 18 26.48205080756888
      vertex 25.217522858017443 18 26.33670668058247
    endloop
  endfacet
  facet normal 0 1 0
    outer loop
      vertex 22.585786437626904 18 26.164213562373096
      vertex 25.217522858017443 18 26.33670668058247
      vertex 25.414213562373096 18 26.164213562373096
    endloop
  endfacet
  facet normal 0.7518398074789787 0 0.6593458151000674
    outer loop
      vertex 22.585786437626904 18 23.335786437626904
      vertex 22.585786437626904 24 23.335786437626904
      vertex 22.41329331941753 18 23.532477141982557
    endloop
  endfacet
  facet normal 0.5555702330196042 0 0.8314696123025439
    outer loop
      vertex 22.782477141982557 18 23.16329331941753
      vertex 23 18 23.01794919243112
      vertex 23 24 23.01794919243112
    endloop
  endfacet
  facet normal 0.44228869021899286 0 0.8968727415326926
    outer loop
      vertex 23.23463313526982 18 22.902240934977428
      vertex 23.23463313526982 24 22.902240934977428
      vertex 23 18 23.01794919243112
    endloop
  endfacet
  facet normal 0.6593458151000674 0 0.7518398074789787
    outer loop
      vertex 22.585786437626904 18 23.335786437626904
      vertex 22.782477141982557 18 23.16329331941753
      vertex 22.782477141982557 24 23.16329331941753
    endloop
  endfacet
  facet normal 0.3214394653031609 0 0.9469301294951059
    outer loop
      vertex 23.23463313526982 18 22.902240934977428
      vertex 23.48236190979496 18 22.818148347421864
      vertex 23.48236190979496 24 22.818148347421864
    endloop
  endfacet
  facet normal 0.19509032201613669 0 0.9807852804032289
    outer loop
      vertex 23.48236190979496 18 22.818148347421864
      vertex 23.738947615559898 18 22.767110277252378
      vertex 23.738947615559898 24 22.767110277252378
    endloop
  endfacet
  facet normal 0.0654031292301393 0 0.9978589232386038
    outer loop
      vertex 23.738947615559898 18 22.767110277252378
      vertex 24 18 22.75
      vertex 24 24 22.75
    endloop
  endfacet
  facet normal -0.0654031292301393 0 0.9978589232386038
    outer loop
      vertex 24 18 22.75
      vertex 24.261052384440102 18 22.767110277252378
      vertex 24.261052384440102 24 22.767110277252378
    endloop
  endfacet
  facet normal -0.19509032201613669 0 0.9807852804032289
    outer loop
      vertex 24.261052384440102 18 22.767110277252378
      vertex 24.51763809020504 18 22.818148347421864
      vertex 24.51763809020504 24 22.818148347421864
    endloop
  endfacet
  facet normal -0.3214394653031609 0 0.9469301294951059
    outer loop
      vertex 24.51763809020504 18 22.818148347421864
      vertex 24.76536686473018 18 22.902240934977428
      vertex 24.76536686473018 24 22.902240934977428
    endloop
  endfacet
  facet normal 0.8314696123025439 0 0.5555702330196042
    outer loop
      vertex 22.26794919243112 18 23.75
      vertex 22.41329331941753 18 23.532477141982557
      vertex 22.41329331941753 24 23.532477141982557
    endloop
  endfacet
  facet normal 0.8968727415326926 0 0.44228869021899286
    outer loop
      vertex 22.26794919243112 18 23.75
      vertex 22.26794919243112 24 23.75
      vertex 22.152240934977428 18 23.98463313526982
    endloop
  endfacet
  facet normal 0.9469301294951059 0 0.3214394653031609
    outer loop
      vertex 22.152240934977428 18 23.98463313526982
      vertex 22.152240934977428 24 23.98463313526982
      vertex 22.068148347421864 18 24.23236190979496
    endloop
  endfacet
  facet normal 0.9807852804032289 0 0.19509032201613669
    outer loop
      vertex 22.017110277252378 18 24.488947615559898
      vertex 22.068148347421864 18 24.23236190979496
      vertex 22.068148347421864 24 24.23236190979496
    endloop
  endfacet
  facet normal 0.9978589232386038 0 0.0654031292301393
    outer loop
      vertex 22.017110277252378 18 24.488947615559898
      vertex 22.017110277252378 24 24.488947615559898
      vertex 22 18 24.75
    endloop
  endfacet
  facet normal 0.9978589232386038 0 -0.0654031292301393
    outer loop
      vertex 22 18 24.75
      vertex 22 24 24.75
      vertex 22.017110277252378 18 25.011052384440102
    endloop
  endfacet
  facet normal 0.9807852804032289 0 -0.19509032201613669
    outer loop
      vertex 22.017110277252378 18 25.011052384440102
      vertex 22.017110277252378 24 25.011052384440102
      vertex 22.068148347421864 18 25.26763809020504
    endloop
  endfacet
  facet normal 0.9469301294951059 0 -0.3214394653031609
    outer loop
      vertex 22.068148347421864 18 25.26763809020504
      vertex 22.068148347421864 24 25.26763809020504
      vertex 22.152240934977428 18 25.51536686473018
    endloop
  endfacet
  facet normal 0.8968727415326926 0 -0.44228869021899286
    outer loop
      vertex 22.152240934977428 18 25.51536686473018
      vertex 22.152240934977428 24 25.51536686473018
      vertex 22.26794919243112 18 25.75
    endloop
  endfacet
  facet normal 0.8314696123025439 0 -0.5555702330196042
    outer loop
      vertex 22.26794919243112 18 25.75
      vertex 22.26794919243112 24 25.75
      vertex 22.41329331941753 18 25.967522858017443
    endloop
  endfacet
  facet normal 0.7518398074789787 0 -0.6593458151000674
    outer loop
      vertex 22.41329331941753 18 25.967522858017443
      vertex 22.41329331941753 24 25.967522858017443
      vertex 22.585786437626904 18 26.164213562373096
    endloop
  endfacet
  facet normal 0.6593458151000674 0 -0.7518398074789787
    outer loop
      vertex 22.585786437626904 18 26.164213562373096
      vertex 22.585786437626904 24 26.164213562373096
      vertex 22.782477141982557 18 26.33670668058247
    endloop
  endfacet
  facet normal 0.5555702330196042 0 -0.8314696123025439
    outer loop
      vertex 22.782477141982557 18 26.33670668058247
      vertex 22.782477141982557 24 26.33670668058247
      vertex 23 18 26.48205080756888
    endloop
  endfacet
  facet normal 0.3214394653031609 0 0.9469301294951059
    outer loop
      vertex 23.23463313526982 18 22.902240934977428
      vertex 23.48236190979496 24 22.818148347421864
      vertex 23.23463313526982 24 22.902240934977428
    endloop
  endfacet
  facet normal 0.5555702330196042 0 0.8314696123025439
    outer loop
      vertex 22.782477141982557 18 23.16329331941753
      vertex 23 24 23.01794919243112
      vertex 22.782477141982557 24 23.16329331941753
    endloop
  endfacet
  facet normal 0.44228869021899286 0 0.8968727415326926
    outer loop
      vertex 23 18 23.01794919243112
      vertex 23.23463313526982 24 22.902240934977428
      vertex 23 24 23.01794919243112
    endloop
  endfacet
  facet normal 0.6593458151000674 0 0.7518398074789787
    outer loop
      vertex 22.585786437626904 18 23.335786437626904
      vertex 22.782477141982557 24 23.16329331941753
      vertex 22.585786437626904 24 23.335786437626904
    endloop
  endfacet
  facet normal 0.19509032201613669 0 0.9807852804032289
    outer loop
      vertex 23.48236190979496 18 22.818148347421864
      vertex 23.738947615559898 24 22.767110277252378
      vertex 23.48236190979496 24 22.818148347421864
    endloop
  endfacet
  facet normal 0.0654031292301393 0 0.9978589232386038
    outer loop
      vertex 23.738947615559898 18 22.767110277252378
      vertex 24 24 22.75
      vertex 23.738947615559898 24 22.767110277252378
    endloop
  endfacet
  facet normal -0.0654031292301393 0 0.9978589232386038
    outer loop
      vertex 24 18 22.75
      vertex 24.261052384440102 24 22.767110277252378
      vertex 24 24 22.75
    endloop
  endfacet
  facet normal -0.19509032201613669 0 0.9807852804032289
    outer loop
      vertex 24.261052384440102 18 22.767110277252378
      vertex 24.51763809020504 24 22.818148347421864
      vertex 24.261052384440102 24 22.767110277252378
    endloop
  endfacet
  facet normal -0.3214394653031609 0 0.9469301294951059
    outer loop
      vertex 24.51763809020504 18 22.818148347421864
      vertex 24.76536686473018 24 22.902240934977428
      vertex 24.51763809020504 24 22.818148347421864
    endloop
  endfacet
  facet normal 0.7518398074789787 0 0.6593458151000674
    outer loop
      vertex 22.41329331941753 18 23.532477141982557
      vertex 22.585786437626904 24 23.335786437626904
      vertex 22.41329331941753 24 23.532477141982557
    endloop
  endfacet
  facet normal 0.8968727415326926 0 0.44228869021899286
    outer loop
      vertex 22.152240934977428 18 23.98463313526982
      vertex 22.26794919243112 24 23.75
      vertex 22.152240934977428 24 23.98463313526982
    endloop
  endfacet
  facet normal 0.8314696123025439 0 0.5555702330196042
    outer loop
      vertex 22.26794919243112 18 23.75
      vertex 22.41329331941753 24 23.532477141982557
      vertex 22.26794919243112 24 23.75
    endloop
  endfacet
  facet normal 0.9469301294951059 0 0.3214394653031609
    outer loop
      vertex 22.068148347421864 18 24.23236190979496
      vertex 22.152240934977428 24 23.98463313526982
      vertex 22.068148347421864 24 24.23236190979496
    endloop
  endfacet
  facet normal 0.9807852804032289 0 0.19509032201613669
    outer loop
      vertex 22.017110277252378 18 24.488947615559898
      vertex 22.068148347421864 24 24.23236190979496
      vertex 22.017110277252378 24 24.488947615559898
    endloop
  endfacet
  facet normal 0.9978589232386038 0 0.0654031292301393
    outer loop
      vertex 22 18 24.75
      vertex 22.017110277252378 24 24.488947615559898
      vertex 22 24 24.75
    endloop
  endfacet
  facet normal 0.9978589232386038 0 -0.0654031292301393
    outer loop
      vertex 22.017110277252378 18 25.011052384440102
      vertex 22 24 24.75
      vertex 22.017110277252378 24 25.011052384440102
    endloop
  endfacet
  facet normal 0.9807852804032289 0 -0.19509032201613669
    outer loop
      vertex 22.068148347421864 18 25.26763809020504
      vertex 22.017110277252378 24 25.011052384440102
      vertex 22.068148347421864 24 25.26763809020504
    endloop
  endfacet
  facet normal 0.9469301294951059 0 -0.3214394653031609
    outer loop
      vertex 22.152240934977428 18 25.51536686473018
      vertex 22.068148347421864 24 25.26763809020504
      vertex 22.152240934977428 24 25.51536686473018
    endloop
  endfacet
  facet normal 0.8968727415326926 0 -0.44228869021899286
    outer loop
      vertex 22.26794919243112 18 25.75
      vertex 22.152240934977428 24 25.51536686473018
      vertex 22.26794919243112 24 25.75
    endloop
  endfacet
  facet normal 0.8314696123025439 0 -0.5555702330196042
    outer loop
      vertex 22.41329331941753 18 25.967522858017443
      vertex 22.26794919243112 24 25.75
      vertex 22.41329331941753 24 25.967522858017443
    endloop
  endfacet
  facet normal 0.7518398074789787 0 -0.6593458151000674
    outer loop
      vertex 22.585786437626904 18 26.164213562373096
      vertex 22.41329331941753 24 25.967522858017443
      vertex 22.585786437626904 24 26.164213562373096
    endloop
  endfacet
  facet normal 0.6593458151000674 0 -0.7518398074789787
    outer loop
      vertex 22.782477141982557 18 26.33670668058247
      vertex 22.585786437626904 24 26.164213562373096
      vertex 22.782477141982557 24 26.33670668058247
    endloop
  endfacet
  facet normal -0.44228869021899286 0 0.8968727415326926
    outer loop
      vertex 24.76536686473018 18 22.902240934977428
      vertex 25 18 23.01794919243112
      vertex 25 24 23.01794919243112
    endloop
  endfacet
  facet normal -0.5555702330196042 0 0.8314696123025439
    outer loop
      vertex 25 18 23.01794919243112
      vertex 25.217522858017443 18 23.16329331941753
      vertex 25.217522858017443 24 23.16329331941753
    endloop
  endfacet
  facet normal -0.6593458151000674 0 0.7518398074789787
    outer loop
      vertex 25.217522858017443 18 23.16329331941753
      vertex 25.414213562373096 18 23.335786437626904
      vertex 25.414213562373096 24 23.335786437626904
    endloop
  endfacet
  facet normal -0.7518398074789787 0 0.6593458151000674
    outer loop
      vertex 25.414213562373096 18 23.335786437626904
      vertex 25.58670668058247 18 23.532477141982557
      vertex 25.58670668058247 24 23.532477141982557
    endloop
  endfacet
  facet normal -0.8314696123025439 0 0.5555702330196042
    outer loop
      vertex 25.58670668058247 18 23.532477141982557
      vertex 25.73205080756888 18 23.75
      vertex 25.73205080756888 24 23.75
    endloop
  endfacet
  facet normal -0.8968727415326926 0 0.44228869021899286
    outer loop
      vertex 25.73205080756888 18 23.75
      vertex 25.847759065022572 18 23.98463313526982
      vertex 25.847759065022572 24 23.98463313526982
    endloop
  endfacet
  facet normal -0.9469301294951059 0 0.3214394653031609
    outer loop
      vertex 25.847759065022572 18 23.98463313526982
      vertex 25.931851652578136 18 24.23236190979496
      vertex 25.931851652578136 24 24.23236190979496
    endloop
  endfacet
  facet normal -0.9807852804032289 0 0.19509032201613669
    outer loop
      vertex 25.931851652578136 18 24.23236190979496
      vertex 25.982889722747622 18 24.488947615559898
      vertex 25.982889722747622 24 24.488947615559898
    endloop
  endfacet
  facet normal -0.9978589232386038 0 0.0654031292301393
    outer loop
      vertex 25.982889722747622 18 24.488947615559898
      vertex 26 18 24.75
      vertex 26 24 24.75
    endloop
  endfacet
  facet normal -0.9978589232386038 0 -0.0654031292301393
    outer loop
      vertex 26 18 24.75
      vertex 25.982889722747622 18 25.011052384440102
      vertex 25.982889722747622 24 25.011052384440102
    endloop
  endfacet
  facet normal -0.9807852804032289 0 -0.19509032201613669
    outer loop
      vertex 25.982889722747622 18 25.011052384440102
      vertex 25.931851652578136 18 25.26763809020504
      vertex 25.931851652578136 24 25.26763809020504
    endloop
  endfacet
  facet normal -0.8968727415326926 0 -0.44228869021899286
    outer loop
      vertex 25.847759065022572 18 25.51536686473018
      vertex 25.73205080756888 18 25.75
      vertex 25.73205080756888 24 25.75
    endloop
  endfacet
  facet normal -0.9469301294951059 0 -0.3214394653031609
    outer loop
      vertex 25.931851652578136 18 25.26763809020504
      vertex 25.847759065022572 18 25.51536686473018
      vertex 25.847759065022572 24 25.51536686473018
    endloop
  endfacet
  facet normal -0.8314696123025439 0 -0.5555702330196042
    outer loop
      vertex 25.58670668058247 18 25.967522858017443
      vertex 25.58670668058247 24 25.967522858017443
      vertex 25.73205080756888 18 25.75
    endloop
  endfacet
  facet normal -0.6593458151000674 0 -0.7518398074789787
    outer loop
      vertex 25.217522858017443 18 26.33670668058247
      vertex 25.217522858017443 24 26.33670668058247
      vertex 25.414213562373096 18 26.164213562373096
    endloop
  endfacet
  facet normal -0.7518398074789787 0 -0.6593458151000674
    outer loop
      vertex 25.58670668058247 18 25.967522858017443
      vertex 25.414213562373096 18 26.164213562373096
      vertex 25.414213562373096 24 26.164213562373096
    endloop
  endfacet
  facet normal -0.44228869021899286 0 0.8968727415326926
    outer loop
      vertex 24.76536686473018 18 22.902240934977428
      vertex 25 24 23.01794919243112
      vertex 24.76536686473018 24 22.902240934977428
    endloop
  endfacet
  facet normal -0.5555702330196042 0 0.8314696123025439
    outer loop
      vertex 25 18 23.01794919243112
      vertex 25.217522858017443 24 23.16329331941753
      vertex 25 24 23.01794919243112
    endloop
  endfacet
  facet normal -0.6593458151000674 0 0.7518398074789787
    outer loop
      vertex 25.217522858017443 18 23.16329331941753
      vertex 25.414213562373096 24 23.335786437626904
      vertex 25.217522858017443 24 23.16329331941753
    endloop
  endfacet
  facet normal -0.7518398074789787 0 0.6593458151000674
    outer loop
      vertex 25.414213562373096 18 23.335786437626904
      vertex 25.58670668058247 24 23.532477141982557
      vertex 25.414213562373096 24 23.335786437626904
    endloop
  endfacet
  facet normal -0.8314696123025439 0 0.5555702330196042
    outer loop
      vertex 25.58670668058247 18 23.532477141982557
      vertex 25.73205080756888 24 23.75
      vertex 25.58670668058247 24 23.532477141982557
    endloop
  endfacet
  facet normal -0.8968727415326926 0 0.44228869021899286
    outer loop
      vertex 25.73205080756888 18 23.75
      vertex 25.847759065022572 24 23.98463313526982
      vertex 25.73205080756888 24 23.75
    endloop
  endfacet
  facet normal -0.9469301294951059 0 0.3214394653031609
    outer loop
      vertex 25.847759065022572 18 23.98463313526982
      vertex 25.931851652578136 24 24.23236190979496
      vertex 25.847759065022572 24 23.98463313526982
    endloop
  endfacet
  facet normal -0.9807852804032289 0 0.19509032201613669
    outer loop
      vertex 25.931851652578136 18 24.23236190979496
      vertex 25.982889722747622 24 24.488947615559898
      vertex 25.931851652578136 24 24.23236190979496
    endloop
  endfacet
  facet normal -0.9978589232386038 0 0.0654031292301393
    outer loop
      vertex 25.982889722747622 18 24.488947615559898
      vertex 26 24 24.75
      vertex 25.982889722747622 24 24.488947615559898
    endloop
  endfacet
  facet normal -0.9978589232386038 0 -0.0654031292301393
    outer loop
      vertex 26 18 24.75
      vertex 25.982889722747622 24 25.011052384440102
      vertex 26 24 24.75
    endloop
  endfacet
  facet normal -0.9807852804032289 0 -0.19509032201613669
    outer loop
      vertex 25.982889722747622 18 25.011052384440102
      vertex 25.931851652578136 24 25.26763809020504
      vertex 25.982889722747622 24 25.011052384440102
    endloop
  endfacet
  facet normal -0.9469301294951059 0 -0.3214394653031609
    outer loop
      vertex 25.931851652578136 18 25.26763809020504
      vertex 25.847759065022572 24 25.51536686473018
      vertex 25.931851652578136 24 25.26763809020504
    endloop
  endfacet
  facet normal -0.8968727415326926 0 -0.44228869021899286
    outer loop
      vertex 25.847759065022572 18 25.51536686473018
      vertex 25.73205080756888 24 25.75
      vertex 25.847759065022572 24 25.51536686473018
    endloop
  endfacet
  facet normal -0.8314696123025439 0 -0.5555702330196042
    outer loop
      vertex 25.73205080756888 18 25.75
      vertex 25.58670668058247 24 25.967522858017443
      vertex 25.73205080756888 24 25.75
    endloop
  endfacet
  facet normal -0.6593458151000674 0 -0.7518398074789787
    outer loop
      vertex 25.414213562373096 18 26.164213562373096
      vertex 25.217522858017443 24 26.33670668058247
      vertex 25.414213562373096 24 26.164213562373096
    endloop
  endfacet
  facet normal -0.5555702330196042 0 -0.8314696123025439
    outer loop
      vertex 25.217522858017443 18 26.33670668058247
      vertex 25 24 26.48205080756888
      vertex 25.217522858017443 24 26.33670668058247
    endloop
  endfacet
  facet normal -0.7518398074789787 0 -0.6593458151000674
    outer loop
      vertex 25.58670668058247 18 25.967522858017443
      vertex 25.414213562373096 24 26.164213562373096
      vertex 25.58670668058247 24 25.967522858017443
    endloop
  endfacet
  facet normal 0 1 0
    outer loop
      vertex 22.782477141982557 18 26.33670668058247
      vertex 23 18 26.48205080756888
      vertex 25 18 26.48205080756888
    endloop
  endfacet
  facet normal 0 1 0
    outer loop
      vertex 23 18 26.48205080756888
      vertex 23.23463313526982 18 26.597759065022572
      vertex 24.76536686473018 18 26.597759065022572
    endloop
  endfacet
  facet normal 0 1 0
    outer loop
      vertex 23.23463313526982 18 26.597759065022572
      vertex 23.48236190979496 18 26.681851652578136
      vertex 24.51763809020504 18 26.681851652578136
    endloop
  endfacet
  facet normal 0 1 0
    outer loop
      vertex 23.48236190979496 18 26.681851652578136
      vertex 23.738947615559898 18 26.732889722747622
      vertex 24.261052384440102 18 26.732889722747622
    endloop
  endfacet
  facet normal 0 1 0
    outer loop
      vertex 23.738947615559898 18 26.732889722747622
      vertex 24 18 26.75
      vertex 24.261052384440102 18 26.732889722747622
    endloop
  endfacet
  facet normal 0 1 0
    outer loop
      vertex 23 18 26.48205080756888
      vertex 24.76536686473018 18 26.597759065022572
      vertex 25 18 26.48205080756888
    endloop
  endfacet
  facet normal 0 1 0
    outer loop
      vertex 23.23463313526982 18 26.597759065022572
      vertex 24.51763809020504 18 26.681851652578136
      vertex 24.76536686473018 18 26.597759065022572
    endloop
  endfacet
  facet normal 0 1 0
    outer loop
      vertex 23.48236190979496 18 26.681851652578136
      vertex 24.261052384440102 18 26.732889722747622
      vertex 24.51763809020504 18 26.681851652578136
    endloop
  endfacet
  facet normal 0.44228869021899286 0 -0.8968727415326926
    outer loop
      vertex 23 18 26.48205080756888
      vertex 23 24 26.48205080756888
      vertex 23.23463313526982 18 26.597759065022572
    endloop
  endfacet
  facet normal 0.3214394653031609 0 -0.9469301294951059
    outer loop
      vertex 23.23463313526982 18 26.597759065022572
      vertex 23.23463313526982 24 26.597759065022572
      vertex 23.48236190979496 18 26.681851652578136
    endloop
  endfacet
  facet normal 0.19509032201613669 0 -0.9807852804032289
    outer loop
      vertex 23.48236190979496 18 26.681851652578136
      vertex 23.48236190979496 24 26.681851652578136
      vertex 23.738947615559898 18 26.732889722747622
    endloop
  endfacet
  facet normal 0.0654031292301393 0 -0.9978589232386038
    outer loop
      vertex 23.738947615559898 18 26.732889722747622
      vertex 23.738947615559898 24 26.732889722747622
      vertex 24 18 26.75
    endloop
  endfacet
  facet normal -0.3214394653031609 0 -0.9469301294951059
    outer loop
      vertex 24.51763809020504 18 26.681851652578136
      vertex 24.51763809020504 24 26.681851652578136
      vertex 24.76536686473018 18 26.597759065022572
    endloop
  endfacet
  facet normal -0.0654031292301393 0 -0.9978589232386038
    outer loop
      vertex 24 18 26.75
      vertex 24 24 26.75
      vertex 24.261052384440102 18 26.732889722747622
    endloop
  endfacet
  facet normal -0.19509032201613669 0 -0.9807852804032289
    outer loop
      vertex 24.261052384440102 18 26.732889722747622
      vertex 24.261052384440102 24 26.732889722747622
      vertex 24.51763809020504 18 26.681851652578136
    endloop
  endfacet
  facet normal 0.5555702330196042 0 -0.8314696123025439
    outer loop
      vertex 23 18 26.48205080756888
      vertex 22.782477141982557 24 26.33670668058247
      vertex 23 24 26.48205080756888
    endloop
  endfacet
  facet normal 0.44228869021899286 0 -0.8968727415326926
    outer loop
      vertex 23.23463313526982 18 26.597759065022572
      vertex 23 24 26.48205080756888
      vertex 23.23463313526982 24 26.597759065022572
    endloop
  endfacet
  facet normal 0.3214394653031609 0 -0.9469301294951059
    outer loop
      vertex 23.48236190979496 18 26.681851652578136
      vertex 23.23463313526982 24 26.597759065022572
      vertex 23.48236190979496 24 26.681851652578136
    endloop
  endfacet
  facet normal 0.19509032201613669 0 -0.9807852804032289
    outer loop
      vertex 23.738947615559898 18 26.732889722747622
      vertex 23.48236190979496 24 26.681851652578136
      vertex 23.738947615559898 24 26.732889722747622
    endloop
  endfacet
  facet normal 0.0654031292301393 0 -0.9978589232386038
    outer loop
      vertex 24 18 26.75
      vertex 23.738947615559898 24 26.732889722747622
      vertex 24 24 26.75
    endloop
  endfacet
  facet normal -0.3214394653031609 0 -0.9469301294951059
    outer loop
      vertex 24.76536686473018 18 26.597759065022572
      vertex 24.51763809020504 24 26.681851652578136
      vertex 24.76536686473018 24 26.597759065022572
    endloop
  endfacet
  facet normal -0.0654031292301393 0 -0.9978589232386038
    outer loop
      vertex 24.261052384440102 18 26.732889722747622
      vertex 24 24 26.75
      vertex 24.261052384440102 24 26.732889722747622
    endloop
  endfacet
  facet normal -0.19509032201613669 0 -0.9807852804032289
    outer loop
      vertex 24.51763809020504 18 26.681851652578136
      vertex 24.261052384440102 24 26.732889722747622
      vertex 24.51763809020504 24 26.681851652578136
    endloop
  endfacet
  facet normal -0.5555702330196042 0 -0.8314696123025439
    outer loop
      vertex 25.217522858017443 18 26.33670668058247
      vertex 25 18 26.48205080756888
      vertex 25 24 26.48205080756888
    endloop
  endfacet
  facet normal -0.44228869021899286 0 -0.8968727415326926
    outer loop
      vertex 24.76536686473018 18 26.597759065022572
      vertex 24.76536686473018 24 26.597759065022572
      vertex 25 18 26.48205080756888
    endloop
  endfacet
  facet normal -0.44228869021899286 0 -0.8968727415326926
    outer loop
      vertex 25 18 26.48205080756888
      vertex 24.76536686473018 24 26.597759065022572
      vertex 25 24 26.48205080756888
    endloop
  endfacet
  facet normal 0 1 0
    outer loop
      vertex -1.7320508075688772 18 23.75
      vertex -1.8477590650225735 18 23.98463313526982
      vertex 1.8477590650225735 18 23.98463313526982
    endloop
  endfacet
  facet normal 0 1 0
    outer loop
      vertex -1.8477590650225735 18 23.98463313526982
      vertex -1.9318516525781366 18 24.23236190979496
      vertex 1.9318516525781366 18 24.23236190979496
    endloop
  endfacet
  facet normal 0 1 0
    outer loop
      vertex -1.9828897227476208 18 24.488947615559898
      vertex 1.9828897227476208 18 24.488947615559898
      vertex -1.9318516525781366 18 24.23236190979496
    endloop
  endfacet
  facet normal 0 1 0
    outer loop
      vertex -0.26105238444010315 18 22.767110277252378
      vertex 0.26105238444010315 18 22.767110277252378
      vertex 0 18 22.75
    endloop
  endfacet
  facet normal 0 1 0
    outer loop
      vertex -0.5176380902050415 18 22.818148347421864
      vertex 0.5176380902050415 18 22.818148347421864
      vertex -0.26105238444010315 18 22.767110277252378
    endloop
  endfacet
  facet normal 0 1 0
    outer loop
      vertex -0.7653668647301796 18 22.902240934977428
      vertex 0.7653668647301796 18 22.902240934977428
      vertex -0.5176380902050415 18 22.818148347421864
    endloop
  endfacet
  facet normal 0 1 0
    outer loop
      vertex -0.26105238444010315 18 22.767110277252378
      vertex 0.5176380902050415 18 22.818148347421864
      vertex 0.26105238444010315 18 22.767110277252378
    endloop
  endfacet
  facet normal 0 1 0
    outer loop
      vertex -0.5176380902050415 18 22.818148347421864
      vertex 0.7653668647301796 18 22.902240934977428
      vertex 0.5176380902050415 18 22.818148347421864
    endloop
  endfacet
  facet normal 0 1 0
    outer loop
      vertex -0.7653668647301796 18 22.902240934977428
      vertex -1 18 23.01794919243112
      vertex 1 18 23.01794919243112
    endloop
  endfacet
  facet normal 0 1 0
    outer loop
      vertex -1.2175228580174413 18 23.16329331941753
      vertex 1.2175228580174413 18 23.16329331941753
      vertex -1 18 23.01794919243112
    endloop
  endfacet
  facet normal 0 1 0
    outer loop
      vertex -1.4142135623730951 18 23.335786437626904
      vertex 1.4142135623730951 18 23.335786437626904
      vertex -1.2175228580174413 18 23.16329331941753
    endloop
  endfacet
  facet normal 0 1 0
    outer loop
      vertex -0.7653668647301796 18 22.902240934977428
      vertex 1 18 23.01794919243112
      vertex 0.7653668647301796 18 22.902240934977428
    endloop
  endfacet
  facet normal 0 1 0
    outer loop
      vertex -1 18 23.01794919243112
      vertex 1.2175228580174413 18 23.16329331941753
      vertex 1 18 23.01794919243112
    endloop
  endfacet
  facet normal 0 1 0
    outer loop
      vertex -1.2175228580174413 18 23.16329331941753
      vertex 1.4142135623730951 18 23.335786437626904
      vertex 1.2175228580174413 18 23.16329331941753
    endloop
  endfacet
  facet normal 0 1 0
    outer loop
      vertex -1.4142135623730951 18 23.335786437626904
      vertex 1.5867066805824703 18 23.532477141982557
      vertex 1.4142135623730951 18 23.335786437626904
    endloop
  endfacet
  facet normal 0 1 0
    outer loop
      vertex -1.4142135623730951 18 23.335786437626904
      vertex -1.5867066805824703 18 23.532477141982557
      vertex 1.5867066805824703 18 23.532477141982557
    endloop
  endfacet
  facet normal 0 1 0
    outer loop
      vertex -1.7320508075688772 18 23.75
      vertex 1.7320508075688772 18 23.75
      vertex -1.5867066805824703 18 23.532477141982557
    endloop
  endfacet
  facet normal 0 1 0
    outer loop
      vertex -1.5867066805824703 18 23.532477141982557
      vertex 1.7320508075688772 18 23.75
      vertex 1.5867066805824703 18 23.532477141982557
    endloop
  endfacet
  facet normal 0 1 0
    outer loop
      vertex -1.7320508075688772 18 23.75
      vertex 1.8477590650225735 18 23.98463313526982
      vertex 1.7320508075688772 18 23.75
    endloop
  endfacet
  facet normal 0 1 0
    outer loop
      vertex -1.8477590650225735 18 23.98463313526982
      vertex 1.9318516525781366 18 24.23236190979496
      vertex 1.8477590650225735 18 23.98463313526982
    endloop
  endfacet
  facet normal 0 1 0
    outer loop
      vertex -1.9318516525781366 18 24.23236190979496
      vertex 1.9828897227476208 18 24.488947615559898
      vertex 1.9318516525781366 18 24.23236190979496
    endloop
  endfacet
  facet normal 0 1 0
    outer loop
      vertex -1.9828897227476208 18 24.488947615559898
      vertex -2 18 24.75
      vertex 2 18 24.75
    endloop
  endfacet
  facet normal 0 1 0
    outer loop
      vertex -2 18 24.75
      vertex -1.9828897227476208 18 25.011052384440102
      vertex 1.9828897227476208 18 25.011052384440102
    endloop
  endfacet
  facet normal 0 1 0
    outer loop
      vertex -1.9828897227476208 18 25.011052384440102
      vertex -1.9318516525781366 18 25.26763809020504
      vertex 1.9318516525781366 18 25.26763809020504
    endloop
  endfacet
  facet normal 0 1 0
    outer loop
      vertex -1.9318516525781366 18 25.26763809020504
      vertex -1.8477590650225735 18 25.51536686473018
      vertex 1.8477590650225735 18 25.51536686473018
    endloop
  endfacet
  facet normal 0 1 0
    outer loop
      vertex -1.8477590650225735 18 25.51536686473018
      vertex -1.7320508075688772 18 25.75
      vertex 1.7320508075688772 18 25.75
    endloop
  endfacet
  facet normal 0 1 0
    outer loop
      vertex -1.7320508075688772 18 25.75
      vertex -1.5867066805824703 18 25.967522858017443
      vertex 1.5867066805824703 18 25.967522858017443
    endloop
  endfacet
  facet normal 0 1 0
    outer loop
      vertex -1.9828897227476208 18 24.488947615559898
      vertex 2 18 24.75
      vertex 1.9828897227476208 18 24.488947615559898
    endloop
  endfacet
  facet normal 0 1 0
    outer loop
      vertex -2 18 24.75
      vertex 1.9828897227476208 18 25.011052384440102
      vertex 2 18 24.75
    endloop
  endfacet
  facet normal 0 1 0
    outer loop
      vertex -1.9828897227476208 18 25.011052384440102
      vertex 1.9318516525781366 18 25.26763809020504
      vertex 1.9828897227476208 18 25.011052384440102
    endloop
  endfacet
  facet normal 0 1 0
    outer loop
      vertex -1.9318516525781366 18 25.26763809020504
      vertex 1.8477590650225735 18 25.51536686473018
      vertex 1.9318516525781366 18 25.26763809020504
    endloop
  endfacet
  facet normal 0 1 0
    outer loop
      vertex -1.8477590650225735 18 25.51536686473018
      vertex 1.7320508075688772 18 25.75
      vertex 1.8477590650225735 18 25.51536686473018
    endloop
  endfacet
  facet normal 0 1 0
    outer loop
      vertex -1.7320508075688772 18 25.75
      vertex 1.5867066805824703 18 25.967522858017443
      vertex 1.7320508075688772 18 25.75
    endloop
  endfacet
  facet normal 0 1 0
    outer loop
      vertex -1.5867066805824703 18 25.967522858017443
      vertex -1.4142135623730951 18 26.164213562373096
      vertex 1.4142135623730951 18 26.164213562373096
    endloop
  endfacet
  facet normal 0 1 0
    outer loop
      vertex -1.4142135623730951 18 26.164213562373096
      vertex -1.2175228580174413 18 26.33670668058247
      vertex 1.2175228580174413 18 26.33670668058247
    endloop
  endfacet
  facet normal 0 1 0
    outer loop
      vertex -1.5867066805824703 18 25.967522858017443
      vertex 1.4142135623730951 18 26.164213562373096
      vertex 1.5867066805824703 18 25.967522858017443
    endloop
  endfacet
  facet normal 0 1 0
    outer loop
      vertex -1.4142135623730951 18 26.164213562373096
      vertex 1.2175228580174413 18 26.33670668058247
      vertex 1.4142135623730951 18 26.164213562373096
    endloop
  endfacet
  facet normal 0 1 0
    outer loop
      vertex -1.2175228580174413 18 26.33670668058247
      vertex 1 18 26.48205080756888
      vertex 1.2175228580174413 18 26.33670668058247
    endloop
  endfacet
  facet normal 0.3214394653031626 0 0.9469301294951054
    outer loop
      vertex -0.7653668647301796 18 22.902240934977428
      vertex -0.5176380902050415 18 22.818148347421864
      vertex -0.5176380902050415 24 22.818148347421864
    endloop
  endfacet
  facet normal 0.6593458151000662 0 0.7518398074789798
    outer loop
      vertex -1.4142135623730951 18 23.335786437626904
      vertex -1.2175228580174413 18 23.16329331941753
      vertex -1.2175228580174413 24 23.16329331941753
    endloop
  endfacet
  facet normal 0.7518398074789766 0 0.6593458151000698
    outer loop
      vertex -1.4142135623730951 18 23.335786437626904
      vertex -1.4142135623730951 24 23.335786437626904
      vertex -1.5867066805824703 18 23.532477141982557
    endloop
  endfacet
  facet normal 0.5555702330196066 0 0.8314696123025423
    outer loop
      vertex -1.2175228580174413 18 23.16329331941753
      vertex -1 18 23.01794919243112
      vertex -1 24 23.01794919243112
    endloop
  endfacet
  facet normal 0.4422886902189933 0 0.8968727415326921
    outer loop
      vertex -0.7653668647301796 18 22.902240934977428
      vertex -0.7653668647301796 24 22.902240934977428
      vertex -1 18 23.01794919243112
    endloop
  endfacet
  facet normal 0.831469612302547 0 0.5555702330195995
    outer loop
      vertex -1.7320508075688772 18 23.75
      vertex -1.5867066805824703 18 23.532477141982557
      vertex -1.5867066805824703 24 23.532477141982557
    endloop
  endfacet
  facet normal 0.8968727415326885 0 0.442288690219001
    outer loop
      vertex -1.7320508075688772 18 23.75
      vertex -1.7320508075688772 24 23.75
      vertex -1.8477590650225735 18 23.98463313526982
    endloop
  endfacet
  facet normal 0.9469301294951062 0 0.32143946530316014
    outer loop
      vertex -1.8477590650225735 18 23.98463313526982
      vertex -1.8477590650225735 24 23.98463313526982
      vertex -1.9318516525781366 18 24.23236190979496
    endloop
  endfacet
  facet normal 0.9807852804032303 0 0.19509032201612853
    outer loop
      vertex -1.9828897227476208 18 24.488947615559898
      vertex -1.9318516525781366 18 24.23236190979496
      vertex -1.9318516525781366 24 24.23236190979496
    endloop
  endfacet
  facet normal 0.19509032201613605 0 0.9807852804032289
    outer loop
      vertex -0.5176380902050415 18 22.818148347421864
      vertex -0.26105238444010315 18 22.767110277252378
      vertex -0.26105238444010315 24 22.767110277252378
    endloop
  endfacet
  facet normal 0.06540312923013908 0 0.9978589232386038
    outer loop
      vertex -0.26105238444010315 18 22.767110277252378
      vertex 0 18 22.75
      vertex 0 24 22.75
    endloop
  endfacet
  facet normal -0.06540312923013908 0 0.9978589232386038
    outer loop
      vertex 0 18 22.75
      vertex 0.26105238444010315 18 22.767110277252378
      vertex 0.26105238444010315 24 22.767110277252378
    endloop
  endfacet
  facet normal -0.19509032201613605 0 0.9807852804032289
    outer loop
      vertex 0.26105238444010315 18 22.767110277252378
      vertex 0.5176380902050415 18 22.818148347421864
      vertex 0.5176380902050415 24 22.818148347421864
    endloop
  endfacet
  facet normal -0.3214394653031626 0 0.9469301294951054
    outer loop
      vertex 0.5176380902050415 18 22.818148347421864
      vertex 0.7653668647301796 18 22.902240934977428
      vertex 0.7653668647301796 24 22.902240934977428
    endloop
  endfacet
  facet normal -0.4422886902189933 0 0.8968727415326921
    outer loop
      vertex 0.7653668647301796 18 22.902240934977428
      vertex 1 18 23.01794919243112
      vertex 1 24 23.01794919243112
    endloop
  endfacet
  facet normal -0.5555702330196066 0 0.8314696123025423
    outer loop
      vertex 1 18 23.01794919243112
      vertex 1.2175228580174413 18 23.16329331941753
      vertex 1.2175228580174413 24 23.16329331941753
    endloop
  endfacet
  facet normal -0.6593458151000662 0 0.7518398074789798
    outer loop
      vertex 1.2175228580174413 18 23.16329331941753
      vertex 1.4142135623730951 18 23.335786437626904
      vertex 1.4142135623730951 24 23.335786437626904
    endloop
  endfacet
  facet normal -0.7518398074789766 0 0.6593458151000698
    outer loop
      vertex 1.4142135623730951 18 23.335786437626904
      vertex 1.5867066805824703 18 23.532477141982557
      vertex 1.5867066805824703 24 23.532477141982557
    endloop
  endfacet
  facet normal -0.831469612302547 0 0.5555702330195995
    outer loop
      vertex 1.5867066805824703 18 23.532477141982557
      vertex 1.7320508075688772 18 23.75
      vertex 1.7320508075688772 24 23.75
    endloop
  endfacet
  facet normal -0.8968727415326885 0 0.442288690219001
    outer loop
      vertex 1.7320508075688772 18 23.75
      vertex 1.8477590650225735 18 23.98463313526982
      vertex 1.8477590650225735 24 23.98463313526982
    endloop
  endfacet
  facet normal -0.9469301294951062 0 0.32143946530316014
    outer loop
      vertex 1.8477590650225735 18 23.98463313526982
      vertex 1.9318516525781366 18 24.23236190979496
      vertex 1.9318516525781366 24 24.23236190979496
    endloop
  endfacet
  facet normal -0.9807852804032303 0 0.19509032201612853
    outer loop
      vertex 1.9318516525781366 18 24.23236190979496
      vertex 1.9828897227476208 18 24.488947615559898
      vertex 1.9828897227476208 24 24.488947615559898
    endloop
  endfacet
  facet normal 0.9978589232386035 0 0.06540312923014352
    outer loop
      vertex -1.9828897227476208 18 24.488947615559898
      vertex -1.9828897227476208 24 24.488947615559898
      vertex -2 18 24.75
    endloop
  endfacet
  facet normal 0.9978589232386035 0 -0.06540312923014352
    outer loop
      vertex -2 18 24.75
      vertex -2 24 24.75
      vertex -1.9828897227476208 18 25.011052384440102
    endloop
  endfacet
  facet normal 0.9807852804032303 0 -0.19509032201612853
    outer loop
      vertex -1.9828897227476208 18 25.011052384440102
      vertex -1.9828897227476208 24 25.011052384440102
      vertex -1.9318516525781366 18 25.26763809020504
    endloop
  endfacet
  facet normal 0.9469301294951062 0 -0.32143946530316014
    outer loop
      vertex -1.9318516525781366 18 25.26763809020504
      vertex -1.9318516525781366 24 25.26763809020504
      vertex -1.8477590650225735 18 25.51536686473018
    endloop
  endfacet
  facet normal 0.8968727415326885 0 -0.442288690219001
    outer loop
      vertex -1.8477590650225735 18 25.51536686473018
      vertex -1.8477590650225735 24 25.51536686473018
      vertex -1.7320508075688772 18 25.75
    endloop
  endfacet
  facet normal 0.831469612302547 0 -0.5555702330195995
    outer loop
      vertex -1.7320508075688772 18 25.75
      vertex -1.7320508075688772 24 25.75
      vertex -1.5867066805824703 18 25.967522858017443
    endloop
  endfacet
  facet normal 0.7518398074789766 0 -0.6593458151000698
    outer loop
      vertex -1.5867066805824703 18 25.967522858017443
      vertex -1.5867066805824703 24 25.967522858017443
      vertex -1.4142135623730951 18 26.164213562373096
    endloop
  endfacet
  facet normal 0.6593458151000662 0 -0.7518398074789798
    outer loop
      vertex -1.4142135623730951 18 26.164213562373096
      vertex -1.4142135623730951 24 26.164213562373096
      vertex -1.2175228580174413 18 26.33670668058247
    endloop
  endfacet
  facet normal 0.5555702330196066 0 -0.8314696123025423
    outer loop
      vertex -1.2175228580174413 18 26.33670668058247
      vertex -1.2175228580174413 24 26.33670668058247
      vertex -1 18 26.48205080756888
    endloop
  endfacet
  facet normal -0.9978589232386035 0 0.06540312923014352
    outer loop
      vertex 1.9828897227476208 18 24.488947615559898
      vertex 2 18 24.75
      vertex 2 24 24.75
    endloop
  endfacet
  facet normal -0.9978589232386035 0 -0.06540312923014352
    outer loop
      vertex 2 18 24.75
      vertex 1.9828897227476208 18 25.011052384440102
      vertex 1.9828897227476208 24 25.011052384440102
    endloop
  endfacet
  facet normal -0.9807852804032303 0 -0.19509032201612853
    outer loop
      vertex 1.9828897227476208 18 25.011052384440102
      vertex 1.9318516525781366 18 25.26763809020504
      vertex 1.9318516525781366 24 25.26763809020504
    endloop
  endfacet
  facet normal -0.9469301294951062 0 -0.32143946530316014
    outer loop
      vertex 1.9318516525781366 18 25.26763809020504
      vertex 1.8477590650225735 18 25.51536686473018
      vertex 1.8477590650225735 24 25.51536686473018
    endloop
  endfacet
  facet normal -0.8968727415326885 0 -0.442288690219001
    outer loop
      vertex 1.8477590650225735 18 25.51536686473018
      vertex 1.7320508075688772 18 25.75
      vertex 1.7320508075688772 24 25.75
    endloop
  endfacet
  facet normal -0.831469612302547 0 -0.5555702330195995
    outer loop
      vertex 1.5867066805824703 18 25.967522858017443
      vertex 1.5867066805824703 24 25.967522858017443
      vertex 1.7320508075688772 18 25.75
    endloop
  endfacet
  facet normal -0.7518398074789766 0 -0.6593458151000698
    outer loop
      vertex 1.5867066805824703 18 25.967522858017443
      vertex 1.4142135623730951 18 26.164213562373096
      vertex 1.4142135623730951 24 26.164213562373096
    endloop
  endfacet
  facet normal -0.6593458151000662 0 -0.7518398074789798
    outer loop
      vertex 1.2175228580174413 18 26.33670668058247
      vertex 1.2175228580174413 24 26.33670668058247
      vertex 1.4142135623730951 18 26.164213562373096
    endloop
  endfacet
  facet normal 0.3214394653031626 0 0.9469301294951054
    outer loop
      vertex -0.7653668647301796 18 22.902240934977428
      vertex -0.5176380902050415 24 22.818148347421864
      vertex -0.7653668647301796 24 22.902240934977428
    endloop
  endfacet
  facet normal 0.6593458151000662 0 0.7518398074789798
    outer loop
      vertex -1.4142135623730951 18 23.335786437626904
      vertex -1.2175228580174413 24 23.16329331941753
      vertex -1.4142135623730951 24 23.335786437626904
    endloop
  endfacet
  facet normal 0.4422886902189933 0 0.8968727415326921
    outer loop
      vertex -1 18 23.01794919243112
      vertex -0.7653668647301796 24 22.902240934977428
      vertex -1 24 23.01794919243112
    endloop
  endfacet
  facet normal 0.5555702330196066 0 0.8314696123025423
    outer loop
      vertex -1.2175228580174413 18 23.16329331941753
      vertex -1 24 23.01794919243112
      vertex -1.2175228580174413 24 23.16329331941753
    endloop
  endfacet
  facet normal 0.7518398074789766 0 0.6593458151000698
    outer loop
      vertex -1.5867066805824703 18 23.532477141982557
      vertex -1.4142135623730951 24 23.335786437626904
      vertex -1.5867066805824703 24 23.532477141982557
    endloop
  endfacet
  facet normal 0.831469612302547 0 0.5555702330195995
    outer loop
      vertex -1.7320508075688772 18 23.75
      vertex -1.5867066805824703 24 23.532477141982557
      vertex -1.7320508075688772 24 23.75
    endloop
  endfacet
  facet normal 0.8968727415326885 0 0.442288690219001
    outer loop
      vertex -1.8477590650225735 18 23.98463313526982
      vertex -1.7320508075688772 24 23.75
      vertex -1.8477590650225735 24 23.98463313526982
    endloop
  endfacet
  facet normal 0.9469301294951062 0 0.32143946530316014
    outer loop
      vertex -1.9318516525781366 18 24.23236190979496
      vertex -1.8477590650225735 24 23.98463313526982
      vertex -1.9318516525781366 24 24.23236190979496
    endloop
  endfacet
  facet normal 0.9807852804032303 0 0.19509032201612853
    outer loop
      vertex -1.9828897227476208 18 24.488947615559898
      vertex -1.9318516525781366 24 24.23236190979496
      vertex -1.9828897227476208 24 24.488947615559898
    endloop
  endfacet
  facet normal 0.19509032201613605 0 0.9807852804032289
    outer loop
      vertex -0.5176380902050415 18 22.818148347421864
      vertex -0.26105238444010315 24 22.767110277252378
      vertex -0.5176380902050415 24 22.818148347421864
    endloop
  endfacet
  facet normal 0.06540312923013908 0 0.9978589232386038
    outer loop
      vertex -0.26105238444010315 18 22.767110277252378
      vertex 0 24 22.75
      vertex -0.26105238444010315 24 22.767110277252378
    endloop
  endfacet
  facet normal -0.06540312923013908 0 0.9978589232386038
    outer loop
      vertex 0 18 22.75
      vertex 0.26105238444010315 24 22.767110277252378
      vertex 0 24 22.75
    endloop
  endfacet
  facet normal -0.19509032201613605 0 0.9807852804032289
    outer loop
      vertex 0.26105238444010315 18 22.767110277252378
      vertex 0.5176380902050415 24 22.818148347421864
      vertex 0.26105238444010315 24 22.767110277252378
    endloop
  endfacet
  facet normal -0.3214394653031626 0 0.9469301294951054
    outer loop
      vertex 0.5176380902050415 18 22.818148347421864
      vertex 0.7653668647301796 24 22.902240934977428
      vertex 0.5176380902050415 24 22.818148347421864
    endloop
  endfacet
  facet normal -0.4422886902189933 0 0.8968727415326921
    outer loop
      vertex 0.7653668647301796 18 22.902240934977428
      vertex 1 24 23.01794919243112
      vertex 0.7653668647301796 24 22.902240934977428
    endloop
  endfacet
  facet normal -0.5555702330196066 0 0.8314696123025423
    outer loop
      vertex 1 18 23.01794919243112
      vertex 1.2175228580174413 24 23.16329331941753
      vertex 1 24 23.01794919243112
    endloop
  endfacet
  facet normal -0.6593458151000662 0 0.7518398074789798
    outer loop
      vertex 1.2175228580174413 18 23.16329331941753
      vertex 1.4142135623730951 24 23.335786437626904
      vertex 1.2175228580174413 24 23.16329331941753
    endloop
  endfacet
  facet normal -0.7518398074789766 0 0.6593458151000698
    outer loop
      vertex 1.4142135623730951 18 23.335786437626904
      vertex 1.5867066805824703 24 23.532477141982557
      vertex 1.4142135623730951 24 23.335786437626904
    endloop
  endfacet
  facet normal -0.831469612302547 0 0.5555702330195995
    outer loop
      vertex 1.5867066805824703 18 23.532477141982557
      vertex 1.7320508075688772 24 23.75
      vertex 1.5867066805824703 24 23.532477141982557
    endloop
  endfacet
  facet normal -0.8968727415326885 0 0.442288690219001
    outer loop
      vertex 1.7320508075688772 18 23.75
      vertex 1.8477590650225735 24 23.98463313526982
      vertex 1.7320508075688772 24 23.75
    endloop
  endfacet
  facet normal -0.9469301294951062 0 0.32143946530316014
    outer loop
      vertex 1.8477590650225735 18 23.98463313526982
      vertex 1.9318516525781366 24 24.23236190979496
      vertex 1.8477590650225735 24 23.98463313526982
    endloop
  endfacet
  facet normal -0.9807852804032303 0 0.19509032201612853
    outer loop
      vertex 1.9318516525781366 18 24.23236190979496
      vertex 1.9828897227476208 24 24.488947615559898
      vertex 1.9318516525781366 24 24.23236190979496
    endloop
  endfacet
  facet normal 0.9978589232386035 0 0.06540312923014352
    outer loop
      vertex -2 18 24.75
      vertex -1.9828897227476208 24 24.488947615559898
      vertex -2 24 24.75
    endloop
  endfacet
  facet normal 0.9978589232386035 0 -0.06540312923014352
    outer loop
      vertex -1.9828897227476208 18 25.011052384440102
      vertex -2 24 24.75
      vertex -1.9828897227476208 24 25.011052384440102
    endloop
  endfacet
  facet normal 0.9807852804032303 0 -0.19509032201612853
    outer loop
      vertex -1.9318516525781366 18 25.26763809020504
      vertex -1.9828897227476208 24 25.011052384440102
      vertex -1.9318516525781366 24 25.26763809020504
    endloop
  endfacet
  facet normal 0.9469301294951062 0 -0.32143946530316014
    outer loop
      vertex -1.8477590650225735 18 25.51536686473018
      vertex -1.9318516525781366 24 25.26763809020504
      vertex -1.8477590650225735 24 25.51536686473018
    endloop
  endfacet
  facet normal 0.8968727415326885 0 -0.442288690219001
    outer loop
      vertex -1.7320508075688772 18 25.75
      vertex -1.8477590650225735 24 25.51536686473018
      vertex -1.7320508075688772 24 25.75
    endloop
  endfacet
  facet normal 0.831469612302547 0 -0.5555702330195995
    outer loop
      vertex -1.5867066805824703 18 25.967522858017443
      vertex -1.7320508075688772 24 25.75
      vertex -1.5867066805824703 24 25.967522858017443
    endloop
  endfacet
  facet normal 0.7518398074789766 0 -0.6593458151000698
    outer loop
      vertex -1.4142135623730951 18 26.164213562373096
      vertex -1.5867066805824703 24 25.967522858017443
      vertex -1.4142135623730951 24 26.164213562373096
    endloop
  endfacet
  facet normal 0.6593458151000662 0 -0.7518398074789798
    outer loop
      vertex -1.2175228580174413 18 26.33670668058247
      vertex -1.4142135623730951 24 26.164213562373096
      vertex -1.2175228580174413 24 26.33670668058247
    endloop
  endfacet
  facet normal -0.9978589232386035 0 0.06540312923014352
    outer loop
      vertex 1.9828897227476208 18 24.488947615559898
      vertex 2 24 24.75
      vertex 1.9828897227476208 24 24.488947615559898
    endloop
  endfacet
  facet normal -0.9978589232386035 0 -0.06540312923014352
    outer loop
      vertex 2 18 24.75
      vertex 1.9828897227476208 24 25.011052384440102
      vertex 2 24 24.75
    endloop
  endfacet
  facet normal -0.9807852804032303 0 -0.19509032201612853
    outer loop
      vertex 1.9828897227476208 18 25.011052384440102
      vertex 1.9318516525781366 24 25.26763809020504
      vertex 1.9828897227476208 24 25.011052384440102
    endloop
  endfacet
  facet normal -0.9469301294951062 0 -0.32143946530316014
    outer loop
      vertex 1.9318516525781366 18 25.26763809020504
      vertex 1.8477590650225735 24 25.51536686473018
      vertex 1.9318516525781366 24 25.26763809020504
    endloop
  endfacet
  facet normal -0.8968727415326885 0 -0.442288690219001
    outer loop
      vertex 1.8477590650225735 18 25.51536686473018
      vertex 1.7320508075688772 24 25.75
      vertex 1.8477590650225735 24 25.51536686473018
    endloop
  endfacet
  facet normal -0.831469612302547 0 -0.5555702330195995
    outer loop
      vertex 1.7320508075688772 18 25.75
      vertex 1.5867066805824703 24 25.967522858017443
      vertex 1.7320508075688772 24 25.75
    endloop
  endfacet
  facet normal -0.7518398074789766 0 -0.6593458151000698
    outer loop
      vertex 1.5867066805824703 18 25.967522858017443
      vertex 1.4142135623730951 24 26.164213562373096
      vertex 1.5867066805824703 24 25.967522858017443
    endloop
  endfacet
  facet normal -0.5555702330196066 0 -0.8314696123025423
    outer loop
      vertex 1.2175228580174413 18 26.33670668058247
      vertex 1 24 26.48205080756888
      vertex 1.2175228580174413 24 26.33670668058247
    endloop
  endfacet
  facet normal -0.6593458151000662 0 -0.7518398074789798
    outer loop
      vertex 1.4142135623730951 18 26.164213562373096
      vertex 1.2175228580174413 24 26.33670668058247
      vertex 1.4142135623730951 24 26.164213562373096
    endloop
  endfacet
  facet normal 0 1 0
    outer loop
      vertex -1.2175228580174413 18 26.33670668058247
      vertex -1 18 26.48205080756888
      vertex 1 18 26.48205080756888
    endloop
  endfacet
  facet normal 0 1 0
    outer loop
      vertex -1 18 26.48205080756888
      vertex -0.7653668647301796 18 26.597759065022572
      vertex 0.7653668647301796 18 26.597759065022572
    endloop
  endfacet
  facet normal 0 1 0
    outer loop
      vertex -0.7653668647301796 18 26.597759065022572
      vertex -0.5176380902050415 18 26.681851652578136
      vertex 0.5176380902050415 18 26.681851652578136
    endloop
  endfacet
  facet normal 0 1 0
    outer loop
      vertex -0.5176380902050415 18 26.681851652578136
      vertex -0.26105238444010315 18 26.732889722747622
      vertex 0.26105238444010315 18 26.732889722747622
    endloop
  endfacet
  facet normal 0 1 0
    outer loop
      vertex -0.26105238444010315 18 26.732889722747622
      vertex 0 18 26.75
      vertex 0.26105238444010315 18 26.732889722747622
    endloop
  endfacet
  facet normal 0 1 0
    outer loop
      vertex -0.5176380902050415 18 26.681851652578136
      vertex 0.26105238444010315 18 26.732889722747622
      vertex 0.5176380902050415 18 26.681851652578136
    endloop
  endfacet
  facet normal 0 1 0
    outer loop
      vertex -1 18 26.48205080756888
      vertex 0.7653668647301796 18 26.597759065022572
      vertex 1 18 26.48205080756888
    endloop
  endfacet
  facet normal 0 1 0
    outer loop
      vertex -0.7653668647301796 18 26.597759065022572
      vertex 0.5176380902050415 18 26.681851652578136
      vertex 0.7653668647301796 18 26.597759065022572
    endloop
  endfacet
  facet normal 0.4422886902189933 0 -0.8968727415326921
    outer loop
      vertex -1 18 26.48205080756888
      vertex -1 24 26.48205080756888
      vertex -0.7653668647301796 18 26.597759065022572
    endloop
  endfacet
  facet normal 0.3214394653031626 0 -0.9469301294951054
    outer loop
      vertex -0.7653668647301796 18 26.597759065022572
      vertex -0.7653668647301796 24 26.597759065022572
      vertex -0.5176380902050415 18 26.681851652578136
    endloop
  endfacet
  facet normal 0.19509032201613605 0 -0.9807852804032289
    outer loop
      vertex -0.5176380902050415 18 26.681851652578136
      vertex -0.5176380902050415 24 26.681851652578136
      vertex -0.26105238444010315 18 26.732889722747622
    endloop
  endfacet
  facet normal 0.06540312923013908 0 -0.9978589232386038
    outer loop
      vertex -0.26105238444010315 18 26.732889722747622
      vertex -0.26105238444010315 24 26.732889722747622
      vertex 0 18 26.75
    endloop
  endfacet
  facet normal -0.06540312923013908 0 -0.9978589232386038
    outer loop
      vertex 0 18 26.75
      vertex 0 24 26.75
      vertex 0.26105238444010315 18 26.732889722747622
    endloop
  endfacet
  facet normal -0.3214394653031626 0 -0.9469301294951054
    outer loop
      vertex 0.5176380902050415 18 26.681851652578136
      vertex 0.5176380902050415 24 26.681851652578136
      vertex 0.7653668647301796 18 26.597759065022572
    endloop
  endfacet
  facet normal -0.4422886902189933 0 -0.8968727415326921
    outer loop
      vertex 0.7653668647301796 18 26.597759065022572
      vertex 0.7653668647301796 24 26.597759065022572
      vertex 1 18 26.48205080756888
    endloop
  endfacet
  facet normal -0.19509032201613605 0 -0.9807852804032289
    outer loop
      vertex 0.26105238444010315 18 26.732889722747622
      vertex 0.26105238444010315 24 26.732889722747622
      vertex 0.5176380902050415 18 26.681851652578136
    endloop
  endfacet
  facet normal -0.5555702330196066 0 -0.8314696123025423
    outer loop
      vertex 1.2175228580174413 18 26.33670668058247
      vertex 1 18 26.48205080756888
      vertex 1 24 26.48205080756888
    endloop
  endfacet
  facet normal 0.5555702330196066 0 -0.8314696123025423
    outer loop
      vertex -1 18 26.48205080756888
      vertex -1.2175228580174413 24 26.33670668058247
      vertex -1 24 26.48205080756888
    endloop
  endfacet
  facet normal 0.4422886902189933 0 -0.8968727415326921
    outer loop
      vertex -0.7653668647301796 18 26.597759065022572
      vertex -1 24 26.48205080756888
      vertex -0.7653668647301796 24 26.597759065022572
    endloop
  endfacet
  facet normal 0.3214394653031626 0 -0.9469301294951054
    outer loop
      vertex -0.5176380902050415 18 26.681851652578136
      vertex -0.7653668647301796 24 26.597759065022572
      vertex -0.5176380902050415 24 26.681851652578136
    endloop
  endfacet
  facet normal 0.19509032201613605 0 -0.9807852804032289
    outer loop
      vertex -0.26105238444010315 18 26.732889722747622
      vertex -0.5176380902050415 24 26.681851652578136
      vertex -0.26105238444010315 24 26.732889722747622
    endloop
  endfacet
  facet normal 0.06540312923013908 0 -0.9978589232386038
    outer loop
      vertex 0 18 26.75
      vertex -0.26105238444010315 24 26.732889722747622
      vertex 0 24 26.75
    endloop
  endfacet
  facet normal -0.3214394653031626 0 -0.9469301294951054
    outer loop
      vertex 0.7653668647301796 18 26.597759065022572
      vertex 0.5176380902050415 24 26.681851652578136
      vertex 0.7653668647301796 24 26.597759065022572
    endloop
  endfacet
  facet normal -0.06540312923013908 0 -0.9978589232386038
    outer loop
      vertex 0.26105238444010315 18 26.732889722747622
      vertex 0 24 26.75
      vertex 0.26105238444010315 24 26.732889722747622
    endloop
  endfacet
  facet normal -0.19509032201613605 0 -0.9807852804032289
    outer loop
      vertex 0.5176380902050415 18 26.681851652578136
      vertex 0.26105238444010315 24 26.732889722747622
      vertex 0.5176380902050415 24 26.681851652578136
    endloop
  endfacet
  facet normal -0.4422886902189933 0 -0.8968727415326921
    outer loop
      vertex 1 18 26.48205080756888
      vertex 0.7653668647301796 24 26.597759065022572
      vertex 1 24 26.48205080756888
    endloop
  endfacet
  facet normal 0 1 0
    outer loop
      vertex 71.23463313526982 0 22.902240934977428
      vertex 72.76536686473018 0 22.902240934977428
      vertex 71.48236190979496 0 22.818148347421864
    endloop
  endfacet
  facet normal 0 1 0
    outer loop
      vertex 71.7389476155599 0 22.767110277252378
      vertex 72.2610523844401 0 22.767110277252378
      vertex 72 0 22.75
    endloop
  endfacet
  facet normal 0 1 0
    outer loop
      vertex 71.48236190979496 0 22.818148347421864
      vertex 72.51763809020504 0 22.818148347421864
      vertex 71.7389476155599 0 22.767110277252378
    endloop
  endfacet
  facet normal 0 1 0
    outer loop
      vertex 71.7389476155599 0 22.767110277252378
      vertex 72.51763809020504 0 22.818148347421864
      vertex 72.2610523844401 0 22.767110277252378
    endloop
  endfacet
  facet normal 0 1 0
    outer loop
      vertex 71.48236190979496 0 22.818148347421864
      vertex 72.76536686473018 0 22.902240934977428
      vertex 72.51763809020504 0 22.818148347421864
    endloop
  endfacet
  facet normal 0 1 0
    outer loop
      vertex 71.23463313526982 0 22.902240934977428
      vertex 71 0 23.01794919243112
      vertex 73 0 23.01794919243112
    endloop
  endfacet
  facet normal 0 1 0
    outer loop
      vertex 70.78247714198255 0 23.16329331941753
      vertex 73.21752285801745 0 23.16329331941753
      vertex 71 0 23.01794919243112
    endloop
  endfacet
  facet normal 0 1 0
    outer loop
      vertex 70.58578643762691 0 23.335786437626904
      vertex 73.41421356237309 0 23.335786437626904
      vertex 70.78247714198255 0 23.16329331941753
    endloop
  endfacet
  facet normal 0 1 0
    outer loop
      vertex 71.23463313526982 0 22.902240934977428
      vertex 73 0 23.01794919243112
      vertex 72.76536686473018 0 22.902240934977428
    endloop
  endfacet
  facet normal 0 1 0
    outer loop
      vertex 71 0 23.01794919243112
      vertex 73.21752285801745 0 23.16329331941753
      vertex 73 0 23.01794919243112
    endloop
  endfacet
  facet normal 0 1 0
    outer loop
      vertex 70.78247714198255 0 23.16329331941753
      vertex 73.41421356237309 0 23.335786437626904
      vertex 73.21752285801745 0 23.16329331941753
    endloop
  endfacet
  facet normal 0 1 0
    outer loop
      vertex 70.58578643762691 0 23.335786437626904
      vertex 73.58670668058247 0 23.532477141982557
      vertex 73.41421356237309 0 23.335786437626904
    endloop
  endfacet
  facet normal 0 1 0
    outer loop
      vertex 70.58578643762691 0 23.335786437626904
      vertex 70.41329331941753 0 23.532477141982557
      vertex 73.58670668058247 0 23.532477141982557
    endloop
  endfacet
  facet normal 0 1 0
    outer loop
      vertex 70.26794919243112 0 23.75
      vertex 73.73205080756888 0 23.75
      vertex 70.41329331941753 0 23.532477141982557
    endloop
  endfacet
  facet normal 0 1 0
    outer loop
      vertex 70.26794919243112 0 23.75
      vertex 70.15224093497743 0 23.98463313526982
      vertex 73.84775906502257 0 23.98463313526982
    endloop
  endfacet
  facet normal 0 1 0
    outer loop
      vertex 70.15224093497743 0 23.98463313526982
      vertex 70.06814834742187 0 24.23236190979496
      vertex 73.93185165257813 0 24.23236190979496
    endloop
  endfacet
  facet normal 0 1 0
    outer loop
      vertex 70.01711027725239 0 24.488947615559898
      vertex 73.98288972274761 0 24.488947615559898
      vertex 70.06814834742187 0 24.23236190979496
    endloop
  endfacet
  facet normal 0 1 0
    outer loop
      vertex 70.41329331941753 0 23.532477141982557
      vertex 73.73205080756888 0 23.75
      vertex 73.58670668058247 0 23.532477141982557
    endloop
  endfacet
  facet normal 0 1 0
    outer loop
      vertex 70.26794919243112 0 23.75
      vertex 73.84775906502257 0 23.98463313526982
      vertex 73.73205080756888 0 23.75
    endloop
  endfacet
  facet normal 0 1 0
    outer loop
      vertex 70.15224093497743 0 23.98463313526982
      vertex 73.93185165257813 0 24.23236190979496
      vertex 73.84775906502257 0 23.98463313526982
    endloop
  endfacet
  facet normal 0 1 0
    outer loop
      vertex 70.06814834742187 0 24.23236190979496
      vertex 73.98288972274761 0 24.488947615559898
      vertex 73.93185165257813 0 24.23236190979496
    endloop
  endfacet
  facet normal 0 1 0
    outer loop
      vertex 70.01711027725239 0 24.488947615559898
      vertex 70 0 24.75
      vertex 74 0 24.75
    endloop
  endfacet
  facet normal 0 1 0
    outer loop
      vertex 70 0 24.75
      vertex 70.01711027725239 0 25.011052384440102
      vertex 73.98288972274761 0 25.011052384440102
    endloop
  endfacet
  facet normal 0 1 0
    outer loop
      vertex 70.01711027725239 0 25.011052384440102
      vertex 70.06814834742187 0 25.26763809020504
      vertex 73.93185165257813 0 25.26763809020504
    endloop
  endfacet
  facet normal 0 1 0
    outer loop
      vertex 70.06814834742187 0 25.26763809020504
      vertex 70.15224093497743 0 25.51536686473018
      vertex 73.84775906502257 0 25.51536686473018
    endloop
  endfacet
  facet normal 0 1 0
    outer loop
      vertex 70.15224093497743 0 25.51536686473018
      vertex 70.26794919243112 0 25.75
      vertex 73.73205080756888 0 25.75
    endloop
  endfacet
  facet normal 0 1 0
    outer loop
      vertex 70.26794919243112 0 25.75
      vertex 70.41329331941753 0 25.967522858017443
      vertex 73.58670668058247 0 25.967522858017443
    endloop
  endfacet
  facet normal 0 1 0
    outer loop
      vertex 70.26794919243112 0 25.75
      vertex 73.58670668058247 0 25.967522858017443
      vertex 73.73205080756888 0 25.75
    endloop
  endfacet
  facet normal 0 1 0
    outer loop
      vertex 70.41329331941753 0 25.967522858017443
      vertex 70.58578643762691 0 26.164213562373096
      vertex 73.41421356237309 0 26.164213562373096
    endloop
  endfacet
  facet normal 0 1 0
    outer loop
      vertex 70.58578643762691 0 26.164213562373096
      vertex 70.78247714198255 0 26.33670668058247
      vertex 73.21752285801745 0 26.33670668058247
    endloop
  endfacet
  facet normal 0 1 0
    outer loop
      vertex 70.41329331941753 0 25.967522858017443
      vertex 73.41421356237309 0 26.164213562373096
      vertex 73.58670668058247 0 25.967522858017443
    endloop
  endfacet
  facet normal 0 1 0
    outer loop
      vertex 70.58578643762691 0 26.164213562373096
      vertex 73.21752285801745 0 26.33670668058247
      vertex 73.41421356237309 0 26.164213562373096
    endloop
  endfacet
  facet normal 0 1 0
    outer loop
      vertex 70.78247714198255 0 26.33670668058247
      vertex 73 0 26.48205080756888
      vertex 73.21752285801745 0 26.33670668058247
    endloop
  endfacet
  facet normal 0 1 0
    outer loop
      vertex 70.01711027725239 0 24.488947615559898
      vertex 74 0 24.75
      vertex 73.98288972274761 0 24.488947615559898
    endloop
  endfacet
  facet normal 0 1 0
    outer loop
      vertex 70 0 24.75
      vertex 73.98288972274761 0 25.011052384440102
      vertex 74 0 24.75
    endloop
  endfacet
  facet normal 0 1 0
    outer loop
      vertex 70.01711027725239 0 25.011052384440102
      vertex 73.93185165257813 0 25.26763809020504
      vertex 73.98288972274761 0 25.011052384440102
    endloop
  endfacet
  facet normal 0 1 0
    outer loop
      vertex 70.06814834742187 0 25.26763809020504
      vertex 73.84775906502257 0 25.51536686473018
      vertex 73.93185165257813 0 25.26763809020504
    endloop
  endfacet
  facet normal 0 1 0
    outer loop
      vertex 70.15224093497743 0 25.51536686473018
      vertex 73.73205080756888 0 25.75
      vertex 73.84775906502257 0 25.51536686473018
    endloop
  endfacet
  facet normal 0 1 0
    outer loop
      vertex 70.78247714198255 0 26.33670668058247
      vertex 71 0 26.48205080756888
      vertex 73 0 26.48205080756888
    endloop
  endfacet
  facet normal 0 1 0
    outer loop
      vertex 71 0 26.48205080756888
      vertex 71.23463313526982 0 26.597759065022572
      vertex 72.76536686473018 0 26.597759065022572
    endloop
  endfacet
  facet normal 0 1 0
    outer loop
      vertex 71.23463313526982 0 26.597759065022572
      vertex 71.48236190979496 0 26.681851652578136
      vertex 72.51763809020504 0 26.681851652578136
    endloop
  endfacet
  facet normal 0 1 0
    outer loop
      vertex 71.48236190979496 0 26.681851652578136
      vertex 71.7389476155599 0 26.732889722747622
      vertex 72.2610523844401 0 26.732889722747622
    endloop
  endfacet
  facet normal 0 1 0
    outer loop
      vertex 71.23463313526982 0 26.597759065022572
      vertex 72.51763809020504 0 26.681851652578136
      vertex 72.76536686473018 0 26.597759065022572
    endloop
  endfacet
  facet normal 0 1 0
    outer loop
      vertex 71 0 26.48205080756888
      vertex 72.76536686473018 0 26.597759065022572
      vertex 73 0 26.48205080756888
    endloop
  endfacet
  facet normal 0 1 0
    outer loop
      vertex 71.7389476155599 0 26.732889722747622
      vertex 72 0 26.75
      vertex 72.2610523844401 0 26.732889722747622
    endloop
  endfacet
  facet normal 0 1 0
    outer loop
      vertex 71.48236190979496 0 26.681851652578136
      vertex 72.2610523844401 0 26.732889722747622
      vertex 72.51763809020504 0 26.681851652578136
    endloop
  endfacet
  facet normal 0.555570233019598 0 0.831469612302548
    outer loop
      vertex 70.78247714198255 0 23.16329331941753
      vertex 71 0 23.01794919243112
      vertex 71 6 23.01794919243112
    endloop
  endfacet
  facet normal 0.6593458151000808 0 0.7518398074789668
    outer loop
      vertex 70.58578643762691 0 23.335786437626904
      vertex 70.78247714198255 0 23.16329331941753
      vertex 70.78247714198255 6 23.16329331941753
    endloop
  endfacet
  facet normal 0.7518398074789787 0 0.6593458151000674
    outer loop
      vertex 70.58578643762691 0 23.335786437626904
      vertex 70.58578643762691 6 23.335786437626904
      vertex 70.41329331941753 0 23.532477141982557
    endloop
  endfacet
  facet normal 0.32143946530315676 0 0.9469301294951074
    outer loop
      vertex 71.23463313526982 0 22.902240934977428
      vertex 71.48236190979496 0 22.818148347421864
      vertex 71.48236190979496 6 22.818148347421864
    endloop
  endfacet
  facet normal 0.1950903220161393 0 0.9807852804032283
    outer loop
      vertex 71.48236190979496 0 22.818148347421864
      vertex 71.7389476155599 0 22.767110277252378
      vertex 71.7389476155599 6 22.767110277252378
    endloop
  endfacet
  facet normal 0.06540312923013841 0 0.9978589232386038
    outer loop
      vertex 71.7389476155599 0 22.767110277252378
      vertex 72 0 22.75
      vertex 72 6 22.75
    endloop
  endfacet
  facet normal -0.06540312923013841 0 0.9978589232386038
    outer loop
      vertex 72 0 22.75
      vertex 72.2610523844401 0 22.767110277252378
      vertex 72.2610523844401 6 22.767110277252378
    endloop
  endfacet
  facet normal -0.1950903220161393 0 0.9807852804032283
    outer loop
      vertex 72.2610523844401 0 22.767110277252378
      vertex 72.51763809020504 0 22.818148347421864
      vertex 72.51763809020504 6 22.818148347421864
    endloop
  endfacet
  facet normal 0.44228869021899825 0 0.8968727415326899
    outer loop
      vertex 71.23463313526982 0 22.902240934977428
      vertex 71.23463313526982 6 22.902240934977428
      vertex 71 0 23.01794919243112
    endloop
  endfacet
  facet normal 0.8314696123025314 0 0.555570233019623
    outer loop
      vertex 70.26794919243112 0 23.75
      vertex 70.41329331941753 0 23.532477141982557
      vertex 70.41329331941753 6 23.532477141982557
    endloop
  endfacet
  facet normal 0.8968727415326979 0 0.4422886902189819
    outer loop
      vertex 70.26794919243112 0 23.75
      vertex 70.26794919243112 6 23.75
      vertex 70.15224093497743 0 23.98463313526982
    endloop
  endfacet
  facet normal 0.94693012949511 0 0.3214394653031487
    outer loop
      vertex 70.15224093497743 0 23.98463313526982
      vertex 70.15224093497743 6 23.98463313526982
      vertex 70.06814834742187 0 24.23236190979496
    endloop
  endfacet
  facet normal 0.9807852804032313 0 0.1950903220161236
    outer loop
      vertex 70.01711027725239 0 24.488947615559898
      vertex 70.06814834742187 0 24.23236190979496
      vertex 70.06814834742187 6 24.23236190979496
    endloop
  endfacet
  facet normal -0.32143946530315676 0 0.9469301294951074
    outer loop
      vertex 72.51763809020504 0 22.818148347421864
      vertex 72.76536686473018 0 22.902240934977428
      vertex 72.76536686473018 6 22.902240934977428
    endloop
  endfacet
  facet normal -0.44228869021899825 0 0.8968727415326899
    outer loop
      vertex 72.76536686473018 0 22.902240934977428
      vertex 73 0 23.01794919243112
      vertex 73 6 23.01794919243112
    endloop
  endfacet
  facet normal -0.555570233019598 0 0.831469612302548
    outer loop
      vertex 73 0 23.01794919243112
      vertex 73.21752285801745 0 23.16329331941753
      vertex 73.21752285801745 6 23.16329331941753
    endloop
  endfacet
  facet normal -0.6593458151000808 0 0.7518398074789668
    outer loop
      vertex 73.21752285801745 0 23.16329331941753
      vertex 73.41421356237309 0 23.335786437626904
      vertex 73.41421356237309 6 23.335786437626904
    endloop
  endfacet
  facet normal -0.7518398074789787 0 0.6593458151000674
    outer loop
      vertex 73.41421356237309 0 23.335786437626904
      vertex 73.58670668058247 0 23.532477141982557
      vertex 73.58670668058247 6 23.532477141982557
    endloop
  endfacet
  facet normal -0.8314696123025314 0 0.555570233019623
    outer loop
      vertex 73.58670668058247 0 23.532477141982557
      vertex 73.73205080756888 0 23.75
      vertex 73.73205080756888 6 23.75
    endloop
  endfacet
  facet normal -0.8968727415326979 0 0.4422886902189819
    outer loop
      vertex 73.73205080756888 0 23.75
      vertex 73.84775906502257 0 23.98463313526982
      vertex 73.84775906502257 6 23.98463313526982
    endloop
  endfacet
  facet normal -0.94693012949511 0 0.3214394653031487
    outer loop
      vertex 73.84775906502257 0 23.98463313526982
      vertex 73.93185165257813 0 24.23236190979496
      vertex 73.93185165257813 6 24.23236190979496
    endloop
  endfacet
  facet normal -0.9807852804032313 0 0.1950903220161236
    outer loop
      vertex 73.93185165257813 0 24.23236190979496
      vertex 73.98288972274761 0 24.488947615559898
      vertex 73.98288972274761 6 24.488947615559898
    endloop
  endfacet
  facet normal 0.9978589232386019 0 0.06540312923016633
    outer loop
      vertex 70.01711027725239 0 24.488947615559898
      vertex 70.01711027725239 6 24.488947615559898
      vertex 70 0 24.75
    endloop
  endfacet
  facet normal 0.9978589232386019 0 -0.06540312923016633
    outer loop
      vertex 70 0 24.75
      vertex 70 6 24.75
      vertex 70.01711027725239 0 25.011052384440102
    endloop
  endfacet
  facet normal 0.9807852804032313 0 -0.1950903220161236
    outer loop
      vertex 70.01711027725239 0 25.011052384440102
      vertex 70.01711027725239 6 25.011052384440102
      vertex 70.06814834742187 0 25.26763809020504
    endloop
  endfacet
  facet normal 0.94693012949511 0 -0.3214394653031487
    outer loop
      vertex 70.06814834742187 0 25.26763809020504
      vertex 70.06814834742187 6 25.26763809020504
      vertex 70.15224093497743 0 25.51536686473018
    endloop
  endfacet
  facet normal 0.8968727415326979 0 -0.4422886902189819
    outer loop
      vertex 70.15224093497743 0 25.51536686473018
      vertex 70.15224093497743 6 25.51536686473018
      vertex 70.26794919243112 0 25.75
    endloop
  endfacet
  facet normal 0.8314696123025314 0 -0.555570233019623
    outer loop
      vertex 70.26794919243112 0 25.75
      vertex 70.26794919243112 6 25.75
      vertex 70.41329331941753 0 25.967522858017443
    endloop
  endfacet
  facet normal 0.7518398074789787 0 -0.6593458151000674
    outer loop
      vertex 70.41329331941753 0 25.967522858017443
      vertex 70.41329331941753 6 25.967522858017443
      vertex 70.58578643762691 0 26.164213562373096
    endloop
  endfacet
  facet normal 0.6593458151000808 0 -0.7518398074789668
    outer loop
      vertex 70.58578643762691 0 26.164213562373096
      vertex 70.58578643762691 6 26.164213562373096
      vertex 70.78247714198255 0 26.33670668058247
    endloop
  endfacet
  facet normal 0.555570233019598 0 -0.831469612302548
    outer loop
      vertex 70.78247714198255 0 26.33670668058247
      vertex 70.78247714198255 6 26.33670668058247
      vertex 71 0 26.48205080756888
    endloop
  endfacet
  facet normal -0.9807852804032313 0 -0.1950903220161236
    outer loop
      vertex 73.98288972274761 0 25.011052384440102
      vertex 73.93185165257813 0 25.26763809020504
      vertex 73.93185165257813 6 25.26763809020504
    endloop
  endfacet
  facet normal -0.9978589232386019 0 0.06540312923016633
    outer loop
      vertex 73.98288972274761 0 24.488947615559898
      vertex 74 0 24.75
      vertex 74 6 24.75
    endloop
  endfacet
  facet normal -0.9978589232386019 0 -0.06540312923016633
    outer loop
      vertex 74 0 24.75
      vertex 73.98288972274761 0 25.011052384440102
      vertex 73.98288972274761 6 25.011052384440102
    endloop
  endfacet
  facet normal -0.94693012949511 0 -0.3214394653031487
    outer loop
      vertex 73.93185165257813 0 25.26763809020504
      vertex 73.84775906502257 0 25.51536686473018
      vertex 73.84775906502257 6 25.51536686473018
    endloop
  endfacet
  facet normal -0.8968727415326979 0 -0.4422886902189819
    outer loop
      vertex 73.84775906502257 0 25.51536686473018
      vertex 73.73205080756888 0 25.75
      vertex 73.73205080756888 6 25.75
    endloop
  endfacet
  facet normal -0.8314696123025314 0 -0.555570233019623
    outer loop
      vertex 73.58670668058247 0 25.967522858017443
      vertex 73.58670668058247 6 25.967522858017443
      vertex 73.73205080756888 0 25.75
    endloop
  endfacet
  facet normal -0.7518398074789787 0 -0.6593458151000674
    outer loop
      vertex 73.58670668058247 0 25.967522858017443
      vertex 73.41421356237309 0 26.164213562373096
      vertex 73.41421356237309 6 26.164213562373096
    endloop
  endfacet
  facet normal -0.6593458151000808 0 -0.7518398074789668
    outer loop
      vertex 73.21752285801745 0 26.33670668058247
      vertex 73.21752285801745 6 26.33670668058247
      vertex 73.41421356237309 0 26.164213562373096
    endloop
  endfacet
  facet normal 0.44228869021899825 0 0.8968727415326899
    outer loop
      vertex 71 0 23.01794919243112
      vertex 71.23463313526982 6 22.902240934977428
      vertex 71 6 23.01794919243112
    endloop
  endfacet
  facet normal 0.555570233019598 0 0.831469612302548
    outer loop
      vertex 70.78247714198255 0 23.16329331941753
      vertex 71 6 23.01794919243112
      vertex 70.78247714198255 6 23.16329331941753
    endloop
  endfacet
  facet normal 0.6593458151000808 0 0.7518398074789668
    outer loop
      vertex 70.58578643762691 0 23.335786437626904
      vertex 70.78247714198255 6 23.16329331941753
      vertex 70.58578643762691 6 23.335786437626904
    endloop
  endfacet
  facet normal 0.32143946530315676 0 0.9469301294951074
    outer loop
      vertex 71.23463313526982 0 22.902240934977428
      vertex 71.48236190979496 6 22.818148347421864
      vertex 71.23463313526982 6 22.902240934977428
    endloop
  endfacet
  facet normal 0.06540312923013841 0 0.9978589232386038
    outer loop
      vertex 71.7389476155599 0 22.767110277252378
      vertex 72 6 22.75
      vertex 71.7389476155599 6 22.767110277252378
    endloop
  endfacet
  facet normal 0.1950903220161393 0 0.9807852804032283
    outer loop
      vertex 71.48236190979496 0 22.818148347421864
      vertex 71.7389476155599 6 22.767110277252378
      vertex 71.48236190979496 6 22.818148347421864
    endloop
  endfacet
  facet normal -0.06540312923013841 0 0.9978589232386038
    outer loop
      vertex 72 0 22.75
      vertex 72.2610523844401 6 22.767110277252378
      vertex 72 6 22.75
    endloop
  endfacet
  facet normal -0.1950903220161393 0 0.9807852804032283
    outer loop
      vertex 72.2610523844401 0 22.767110277252378
      vertex 72.51763809020504 6 22.818148347421864
      vertex 72.2610523844401 6 22.767110277252378
    endloop
  endfacet
  facet normal 0.8314696123025314 0 0.555570233019623
    outer loop
      vertex 70.26794919243112 0 23.75
      vertex 70.41329331941753 6 23.532477141982557
      vertex 70.26794919243112 6 23.75
    endloop
  endfacet
  facet normal 0.8968727415326979 0 0.4422886902189819
    outer loop
      vertex 70.15224093497743 0 23.98463313526982
      vertex 70.26794919243112 6 23.75
      vertex 70.15224093497743 6 23.98463313526982
    endloop
  endfacet
  facet normal 0.7518398074789787 0 0.6593458151000674
    outer loop
      vertex 70.41329331941753 0 23.532477141982557
      vertex 70.58578643762691 6 23.335786437626904
      vertex 70.41329331941753 6 23.532477141982557
    endloop
  endfacet
  facet normal 0.94693012949511 0 0.3214394653031487
    outer loop
      vertex 70.06814834742187 0 24.23236190979496
      vertex 70.15224093497743 6 23.98463313526982
      vertex 70.06814834742187 6 24.23236190979496
    endloop
  endfacet
  facet normal 0.9807852804032313 0 0.1950903220161236
    outer loop
      vertex 70.01711027725239 0 24.488947615559898
      vertex 70.06814834742187 6 24.23236190979496
      vertex 70.01711027725239 6 24.488947615559898
    endloop
  endfacet
  facet normal -0.32143946530315676 0 0.9469301294951074
    outer loop
      vertex 72.51763809020504 0 22.818148347421864
      vertex 72.76536686473018 6 22.902240934977428
      vertex 72.51763809020504 6 22.818148347421864
    endloop
  endfacet
  facet normal -0.44228869021899825 0 0.8968727415326899
    outer loop
      vertex 72.76536686473018 0 22.902240934977428
      vertex 73 6 23.01794919243112
      vertex 72.76536686473018 6 22.902240934977428
    endloop
  endfacet
  facet normal -0.555570233019598 0 0.831469612302548
    outer loop
      vertex 73 0 23.01794919243112
      vertex 73.21752285801745 6 23.16329331941753
      vertex 73 6 23.01794919243112
    endloop
  endfacet
  facet normal -0.6593458151000808 0 0.7518398074789668
    outer loop
      vertex 73.21752285801745 0 23.16329331941753
      vertex 73.41421356237309 6 23.335786437626904
      vertex 73.21752285801745 6 23.16329331941753
    endloop
  endfacet
  facet normal -0.7518398074789787 0 0.6593458151000674
    outer loop
      vertex 73.41421356237309 0 23.335786437626904
      vertex 73.58670668058247 6 23.532477141982557
      vertex 73.41421356237309 6 23.335786437626904
    endloop
  endfacet
  facet normal -0.8314696123025314 0 0.555570233019623
    outer loop
      vertex 73.58670668058247 0 23.532477141982557
      vertex 73.73205080756888 6 23.75
      vertex 73.58670668058247 6 23.532477141982557
    endloop
  endfacet
  facet normal -0.8968727415326979 0 0.4422886902189819
    outer loop
      vertex 73.73205080756888 0 23.75
      vertex 73.84775906502257 6 23.98463313526982
      vertex 73.73205080756888 6 23.75
    endloop
  endfacet
  facet normal -0.94693012949511 0 0.3214394653031487
    outer loop
      vertex 73.84775906502257 0 23.98463313526982
      vertex 73.93185165257813 6 24.23236190979496
      vertex 73.84775906502257 6 23.98463313526982
    endloop
  endfacet
  facet normal -0.9807852804032313 0 0.1950903220161236
    outer loop
      vertex 73.93185165257813 0 24.23236190979496
      vertex 73.98288972274761 6 24.488947615559898
      vertex 73.93185165257813 6 24.23236190979496
    endloop
  endfacet
  facet normal 0.9978589232386019 0 0.06540312923016633
    outer loop
      vertex 70 0 24.75
      vertex 70.01711027725239 6 24.488947615559898
      vertex 70 6 24.75
    endloop
  endfacet
  facet normal 0.9978589232386019 0 -0.06540312923016633
    outer loop
      vertex 70.01711027725239 0 25.011052384440102
      vertex 70 6 24.75
      vertex 70.01711027725239 6 25.011052384440102
    endloop
  endfacet
  facet normal 0.9807852804032313 0 -0.1950903220161236
    outer loop
      vertex 70.06814834742187 0 25.26763809020504
      vertex 70.01711027725239 6 25.011052384440102
      vertex 70.06814834742187 6 25.26763809020504
    endloop
  endfacet
  facet normal 0.94693012949511 0 -0.3214394653031487
    outer loop
      vertex 70.15224093497743 0 25.51536686473018
      vertex 70.06814834742187 6 25.26763809020504
      vertex 70.15224093497743 6 25.51536686473018
    endloop
  endfacet
  facet normal 0.8968727415326979 0 -0.4422886902189819
    outer loop
      vertex 70.26794919243112 0 25.75
      vertex 70.15224093497743 6 25.51536686473018
      vertex 70.26794919243112 6 25.75
    endloop
  endfacet
  facet normal 0.8314696123025314 0 -0.555570233019623
    outer loop
      vertex 70.41329331941753 0 25.967522858017443
      vertex 70.26794919243112 6 25.75
      vertex 70.41329331941753 6 25.967522858017443
    endloop
  endfacet
  facet normal 0.7518398074789787 0 -0.6593458151000674
    outer loop
      vertex 70.58578643762691 0 26.164213562373096
      vertex 70.41329331941753 6 25.967522858017443
      vertex 70.58578643762691 6 26.164213562373096
    endloop
  endfacet
  facet normal 0.6593458151000808 0 -0.7518398074789668
    outer loop
      vertex 70.78247714198255 0 26.33670668058247
      vertex 70.58578643762691 6 26.164213562373096
      vertex 70.78247714198255 6 26.33670668058247
    endloop
  endfacet
  facet normal -0.9807852804032313 0 -0.1950903220161236
    outer loop
      vertex 73.98288972274761 0 25.011052384440102
      vertex 73.93185165257813 6 25.26763809020504
      vertex 73.98288972274761 6 25.011052384440102
    endloop
  endfacet
  facet normal -0.94693012949511 0 -0.3214394653031487
    outer loop
      vertex 73.93185165257813 0 25.26763809020504
      vertex 73.84775906502257 6 25.51536686473018
      vertex 73.93185165257813 6 25.26763809020504
    endloop
  endfacet
  facet normal -0.9978589232386019 0 0.06540312923016633
    outer loop
      vertex 73.98288972274761 0 24.488947615559898
      vertex 74 6 24.75
      vertex 73.98288972274761 6 24.488947615559898
    endloop
  endfacet
  facet normal -0.9978589232386019 0 -0.06540312923016633
    outer loop
      vertex 74 0 24.75
      vertex 73.98288972274761 6 25.011052384440102
      vertex 74 6 24.75
    endloop
  endfacet
  facet normal -0.8968727415326979 0 -0.4422886902189819
    outer loop
      vertex 73.84775906502257 0 25.51536686473018
      vertex 73.73205080756888 6 25.75
      vertex 73.84775906502257 6 25.51536686473018
    endloop
  endfacet
  facet normal -0.8314696123025314 0 -0.555570233019623
    outer loop
      vertex 73.73205080756888 0 25.75
      vertex 73.58670668058247 6 25.967522858017443
      vertex 73.73205080756888 6 25.75
    endloop
  endfacet
  facet normal -0.555570233019598 0 -0.831469612302548
    outer loop
      vertex 73.21752285801745 0 26.33670668058247
      vertex 73 6 26.48205080756888
      vertex 73.21752285801745 6 26.33670668058247
    endloop
  endfacet
  facet normal -0.7518398074789787 0 -0.6593458151000674
    outer loop
      vertex 73.58670668058247 0 25.967522858017443
      vertex 73.41421356237309 6 26.164213562373096
      vertex 73.58670668058247 6 25.967522858017443
    endloop
  endfacet
  facet normal -0.6593458151000808 0 -0.7518398074789668
    outer loop
      vertex 73.41421356237309 0 26.164213562373096
      vertex 73.21752285801745 6 26.33670668058247
      vertex 73.41421356237309 6 26.164213562373096
    endloop
  endfacet
  facet normal 0.44228869021899825 0 -0.8968727415326899
    outer loop
      vertex 71 0 26.48205080756888
      vertex 71 6 26.48205080756888
      vertex 71.23463313526982 0 26.597759065022572
    endloop
  endfacet
  facet normal 0.32143946530315676 0 -0.9469301294951074
    outer loop
      vertex 71.23463313526982 0 26.597759065022572
      vertex 71.23463313526982 6 26.597759065022572
      vertex 71.48236190979496 0 26.681851652578136
    endloop
  endfacet
  facet normal 0.1950903220161393 0 -0.9807852804032283
    outer loop
      vertex 71.48236190979496 0 26.681851652578136
      vertex 71.48236190979496 6 26.681851652578136
      vertex 71.7389476155599 0 26.732889722747622
    endloop
  endfacet
  facet normal 0.06540312923013841 0 -0.9978589232386038
    outer loop
      vertex 71.7389476155599 0 26.732889722747622
      vertex 71.7389476155599 6 26.732889722747622
      vertex 72 0 26.75
    endloop
  endfacet
  facet normal -0.06540312923013841 0 -0.9978589232386038
    outer loop
      vertex 72 0 26.75
      vertex 72 6 26.75
      vertex 72.2610523844401 0 26.732889722747622
    endloop
  endfacet
  facet normal -0.1950903220161393 0 -0.9807852804032283
    outer loop
      vertex 72.2610523844401 0 26.732889722747622
      vertex 72.2610523844401 6 26.732889722747622
      vertex 72.51763809020504 0 26.681851652578136
    endloop
  endfacet
  facet normal -0.32143946530315676 0 -0.9469301294951074
    outer loop
      vertex 72.51763809020504 0 26.681851652578136
      vertex 72.51763809020504 6 26.681851652578136
      vertex 72.76536686473018 0 26.597759065022572
    endloop
  endfacet
  facet normal -0.44228869021899825 0 -0.8968727415326899
    outer loop
      vertex 72.76536686473018 0 26.597759065022572
      vertex 72.76536686473018 6 26.597759065022572
      vertex 73 0 26.48205080756888
    endloop
  endfacet
  facet normal -0.555570233019598 0 -0.831469612302548
    outer loop
      vertex 73.21752285801745 0 26.33670668058247
      vertex 73 0 26.48205080756888
      vertex 73 6 26.48205080756888
    endloop
  endfacet
  facet normal 0.555570233019598 0 -0.831469612302548
    outer loop
      vertex 71 0 26.48205080756888
      vertex 70.78247714198255 6 26.33670668058247
      vertex 71 6 26.48205080756888
    endloop
  endfacet
  facet normal 0.44228869021899825 0 -0.8968727415326899
    outer loop
      vertex 71.23463313526982 0 26.597759065022572
      vertex 71 6 26.48205080756888
      vertex 71.23463313526982 6 26.597759065022572
    endloop
  endfacet
  facet normal 0.32143946530315676 0 -0.9469301294951074
    outer loop
      vertex 71.48236190979496 0 26.681851652578136
      vertex 71.23463313526982 6 26.597759065022572
      vertex 71.48236190979496 6 26.681851652578136
    endloop
  endfacet
  facet normal 0.1950903220161393 0 -0.9807852804032283
    outer loop
      vertex 71.7389476155599 0 26.732889722747622
      vertex 71.48236190979496 6 26.681851652578136
      vertex 71.7389476155599 6 26.732889722747622
    endloop
  endfacet
  facet normal 0.06540312923013841 0 -0.9978589232386038
    outer loop
      vertex 72 0 26.75
      vertex 71.7389476155599 6 26.732889722747622
      vertex 72 6 26.75
    endloop
  endfacet
  facet normal -0.06540312923013841 0 -0.9978589232386038
    outer loop
      vertex 72.2610523844401 0 26.732889722747622
      vertex 72 6 26.75
      vertex 72.2610523844401 6 26.732889722747622
    endloop
  endfacet
  facet normal -0.1950903220161393 0 -0.9807852804032283
    outer loop
      vertex 72.51763809020504 0 26.681851652578136
      vertex 72.2610523844401 6 26.732889722747622
      vertex 72.51763809020504 6 26.681851652578136
    endloop
  endfacet
  facet normal -0.32143946530315676 0 -0.9469301294951074
    outer loop
      vertex 72.76536686473018 0 26.597759065022572
      vertex 72.51763809020504 6 26.681851652578136
      vertex 72.76536686473018 6 26.597759065022572
    endloop
  endfacet
  facet normal -0.44228869021899825 0 -0.8968727415326899
    outer loop
      vertex 73 0 26.48205080756888
      vertex 72.76536686473018 6 26.597759065022572
      vertex 73 6 26.48205080756888
    endloop
  endfacet
  facet normal 0 1 0
    outer loop
      vertex 47.48236190979496 0 22.818148347421864
      vertex 48.51763809020504 0 22.818148347421864
      vertex 47.738947615559894 0 22.767110277252378
    endloop
  endfacet
  facet normal 0 1 0
    outer loop
      vertex 47.23463313526982 0 22.902240934977428
      vertex 48.76536686473018 0 22.902240934977428
      vertex 47.48236190979496 0 22.818148347421864
    endloop
  endfacet
  facet normal 0 1 0
    outer loop
      vertex 47.738947615559894 0 22.767110277252378
      vertex 48.261052384440106 0 22.767110277252378
      vertex 48 0 22.75
    endloop
  endfacet
  facet normal 0 1 0
    outer loop
      vertex 47.738947615559894 0 22.767110277252378
      vertex 48.51763809020504 0 22.818148347421864
      vertex 48.261052384440106 0 22.767110277252378
    endloop
  endfacet
  facet normal 0 1 0
    outer loop
      vertex 47.48236190979496 0 22.818148347421864
      vertex 48.76536686473018 0 22.902240934977428
      vertex 48.51763809020504 0 22.818148347421864
    endloop
  endfacet
  facet normal 0 1 0
    outer loop
      vertex 47.23463313526982 0 22.902240934977428
      vertex 47 0 23.01794919243112
      vertex 49 0 23.01794919243112
    endloop
  endfacet
  facet normal 0 1 0
    outer loop
      vertex 46.78247714198256 0 23.16329331941753
      vertex 49.21752285801744 0 23.16329331941753
      vertex 47 0 23.01794919243112
    endloop
  endfacet
  facet normal 0 1 0
    outer loop
      vertex 46.58578643762691 0 23.335786437626904
      vertex 49.41421356237309 0 23.335786437626904
      vertex 46.78247714198256 0 23.16329331941753
    endloop
  endfacet
  facet normal 0 1 0
    outer loop
      vertex 47.23463313526982 0 22.902240934977428
      vertex 49 0 23.01794919243112
      vertex 48.76536686473018 0 22.902240934977428
    endloop
  endfacet
  facet normal 0 1 0
    outer loop
      vertex 47 0 23.01794919243112
      vertex 49.21752285801744 0 23.16329331941753
      vertex 49 0 23.01794919243112
    endloop
  endfacet
  facet normal 0 1 0
    outer loop
      vertex 46.78247714198256 0 23.16329331941753
      vertex 49.41421356237309 0 23.335786437626904
      vertex 49.21752285801744 0 23.16329331941753
    endloop
  endfacet
  facet normal 0 1 0
    outer loop
      vertex 46.58578643762691 0 23.335786437626904
      vertex 49.58670668058247 0 23.532477141982557
      vertex 49.41421356237309 0 23.335786437626904
    endloop
  endfacet
  facet normal 0 1 0
    outer loop
      vertex 46.58578643762691 0 23.335786437626904
      vertex 46.41329331941753 0 23.532477141982557
      vertex 49.58670668058247 0 23.532477141982557
    endloop
  endfacet
  facet normal 0 1 0
    outer loop
      vertex 46.267949192431125 0 23.75
      vertex 49.732050807568875 0 23.75
      vertex 46.41329331941753 0 23.532477141982557
    endloop
  endfacet
  facet normal 0 1 0
    outer loop
      vertex 46.267949192431125 0 23.75
      vertex 46.15224093497743 0 23.98463313526982
      vertex 49.84775906502257 0 23.98463313526982
    endloop
  endfacet
  facet normal 0 1 0
    outer loop
      vertex 46.41329331941753 0 23.532477141982557
      vertex 49.732050807568875 0 23.75
      vertex 49.58670668058247 0 23.532477141982557
    endloop
  endfacet
  facet normal 0 1 0
    outer loop
      vertex 46.267949192431125 0 23.75
      vertex 49.84775906502257 0 23.98463313526982
      vertex 49.732050807568875 0 23.75
    endloop
  endfacet
  facet normal 0 1 0
    outer loop
      vertex 46.15224093497743 0 23.98463313526982
      vertex 46.06814834742186 0 24.23236190979496
      vertex 49.93185165257814 0 24.23236190979496
    endloop
  endfacet
  facet normal 0 1 0
    outer loop
      vertex 46.01711027725238 0 24.488947615559898
      vertex 49.98288972274762 0 24.488947615559898
      vertex 46.06814834742186 0 24.23236190979496
    endloop
  endfacet
  facet normal 0 1 0
    outer loop
      vertex 46.15224093497743 0 23.98463313526982
      vertex 49.93185165257814 0 24.23236190979496
      vertex 49.84775906502257 0 23.98463313526982
    endloop
  endfacet
  facet normal 0 1 0
    outer loop
      vertex 46.06814834742186 0 24.23236190979496
      vertex 49.98288972274762 0 24.488947615559898
      vertex 49.93185165257814 0 24.23236190979496
    endloop
  endfacet
  facet normal 0 1 0
    outer loop
      vertex 46.01711027725238 0 24.488947615559898
      vertex 46 0 24.75
      vertex 50 0 24.75
    endloop
  endfacet
  facet normal 0 1 0
    outer loop
      vertex 46 0 24.75
      vertex 46.01711027725238 0 25.011052384440102
      vertex 49.98288972274762 0 25.011052384440102
    endloop
  endfacet
  facet normal 0 1 0
    outer loop
      vertex 46.01711027725238 0 25.011052384440102
      vertex 46.06814834742186 0 25.26763809020504
      vertex 49.93185165257814 0 25.26763809020504
    endloop
  endfacet
  facet normal 0 1 0
    outer loop
      vertex 46.01711027725238 0 25.011052384440102
      vertex 49.93185165257814 0 25.26763809020504
      vertex 49.98288972274762 0 25.011052384440102
    endloop
  endfacet
  facet normal 0 1 0
    outer loop
      vertex 46.06814834742186 0 25.26763809020504
      vertex 49.84775906502257 0 25.51536686473018
      vertex 49.93185165257814 0 25.26763809020504
    endloop
  endfacet
  facet normal 0 1 0
    outer loop
      vertex 46.01711027725238 0 24.488947615559898
      vertex 50 0 24.75
      vertex 49.98288972274762 0 24.488947615559898
    endloop
  endfacet
  facet normal 0 1 0
    outer loop
      vertex 46 0 24.75
      vertex 49.98288972274762 0 25.011052384440102
      vertex 50 0 24.75
    endloop
  endfacet
  facet normal 0 1 0
    outer loop
      vertex 46.06814834742186 0 25.26763809020504
      vertex 46.15224093497743 0 25.51536686473018
      vertex 49.84775906502257 0 25.51536686473018
    endloop
  endfacet
  facet normal 0 1 0
    outer loop
      vertex 46.15224093497743 0 25.51536686473018
      vertex 46.267949192431125 0 25.75
      vertex 49.732050807568875 0 25.75
    endloop
  endfacet
  facet normal 0 1 0
    outer loop
      vertex 46.267949192431125 0 25.75
      vertex 46.41329331941753 0 25.967522858017443
      vertex 49.58670668058247 0 25.967522858017443
    endloop
  endfacet
  facet normal 0 1 0
    outer loop
      vertex 46.15224093497743 0 25.51536686473018
      vertex 49.732050807568875 0 25.75
      vertex 49.84775906502257 0 25.51536686473018
    endloop
  endfacet
  facet normal 0 1 0
    outer loop
      vertex 46.267949192431125 0 25.75
      vertex 49.58670668058247 0 25.967522858017443
      vertex 49.732050807568875 0 25.75
    endloop
  endfacet
  facet normal 0 1 0
    outer loop
      vertex 46.41329331941753 0 25.967522858017443
      vertex 46.58578643762691 0 26.164213562373096
      vertex 49.41421356237309 0 26.164213562373096
    endloop
  endfacet
  facet normal 0 1 0
    outer loop
      vertex 46.58578643762691 0 26.164213562373096
      vertex 46.78247714198256 0 26.33670668058247
      vertex 49.21752285801744 0 26.33670668058247
    endloop
  endfacet
  facet normal 0 1 0
    outer loop
      vertex 46.41329331941753 0 25.967522858017443
      vertex 49.41421356237309 0 26.164213562373096
      vertex 49.58670668058247 0 25.967522858017443
    endloop
  endfacet
  facet normal 0 1 0
    outer loop
      vertex 46.58578643762691 0 26.164213562373096
      vertex 49.21752285801744 0 26.33670668058247
      vertex 49.41421356237309 0 26.164213562373096
    endloop
  endfacet
  facet normal 0 1 0
    outer loop
      vertex 46.78247714198256 0 26.33670668058247
      vertex 49 0 26.48205080756888
      vertex 49.21752285801744 0 26.33670668058247
    endloop
  endfacet
  facet normal 0 1 0
    outer loop
      vertex 46.78247714198256 0 26.33670668058247
      vertex 47 0 26.48205080756888
      vertex 49 0 26.48205080756888
    endloop
  endfacet
  facet normal 0 1 0
    outer loop
      vertex 47 0 26.48205080756888
      vertex 47.23463313526982 0 26.597759065022572
      vertex 48.76536686473018 0 26.597759065022572
    endloop
  endfacet
  facet normal 0 1 0
    outer loop
      vertex 47.23463313526982 0 26.597759065022572
      vertex 47.48236190979496 0 26.681851652578136
      vertex 48.51763809020504 0 26.681851652578136
    endloop
  endfacet
  facet normal 0 1 0
    outer loop
      vertex 47.48236190979496 0 26.681851652578136
      vertex 47.738947615559894 0 26.732889722747622
      vertex 48.261052384440106 0 26.732889722747622
    endloop
  endfacet
  facet normal 0 1 0
    outer loop
      vertex 47 0 26.48205080756888
      vertex 48.76536686473018 0 26.597759065022572
      vertex 49 0 26.48205080756888
    endloop
  endfacet
  facet normal 0 1 0
    outer loop
      vertex 47.23463313526982 0 26.597759065022572
      vertex 48.51763809020504 0 26.681851652578136
      vertex 48.76536686473018 0 26.597759065022572
    endloop
  endfacet
  facet normal 0 1 0
    outer loop
      vertex 47.738947615559894 0 26.732889722747622
      vertex 48 0 26.75
      vertex 48.261052384440106 0 26.732889722747622
    endloop
  endfacet
  facet normal 0 1 0
    outer loop
      vertex 47.48236190979496 0 26.681851652578136
      vertex 48.261052384440106 0 26.732889722747622
      vertex 48.51763809020504 0 26.681851652578136
    endloop
  endfacet
  facet normal 0.7518398074789652 0 0.6593458151000827
    outer loop
      vertex 46.58578643762691 0 23.335786437626904
      vertex 46.58578643762691 6 23.335786437626904
      vertex 46.41329331941753 0 23.532477141982557
    endloop
  endfacet
  facet normal 0.44228869021899825 0 0.8968727415326899
    outer loop
      vertex 47.23463313526982 0 22.902240934977428
      vertex 47.23463313526982 6 22.902240934977428
      vertex 47 0 23.01794919243112
    endloop
  endfacet
  facet normal 0.5555702330196105 0 0.8314696123025397
    outer loop
      vertex 46.78247714198256 0 23.16329331941753
      vertex 47 0 23.01794919243112
      vertex 47 6 23.01794919243112
    endloop
  endfacet
  facet normal 0.6593458151000674 0 0.7518398074789787
    outer loop
      vertex 46.58578643762691 0 23.335786437626904
      vertex 46.78247714198256 0 23.16329331941753
      vertex 46.78247714198256 6 23.16329331941753
    endloop
  endfacet
  facet normal 0.8314696123025563 0 0.5555702330195854
    outer loop
      vertex 46.267949192431125 0 23.75
      vertex 46.41329331941753 0 23.532477141982557
      vertex 46.41329331941753 6 23.532477141982557
    endloop
  endfacet
  facet normal 0.8968727415326871 0 0.44228869021900374
    outer loop
      vertex 46.267949192431125 0 23.75
      vertex 46.267949192431125 6 23.75
      vertex 46.15224093497743 0 23.98463313526982
    endloop
  endfacet
  facet normal 0.9469301294951017 0 0.321439465303173
    outer loop
      vertex 46.15224093497743 0 23.98463313526982
      vertex 46.15224093497743 6 23.98463313526982
      vertex 46.06814834742186 0 24.23236190979496
    endloop
  endfacet
  facet normal 0.9807852804032313 0 0.1950903220161236
    outer loop
      vertex 46.01711027725238 0 24.488947615559898
      vertex 46.06814834742186 0 24.23236190979496
      vertex 46.06814834742186 6 24.23236190979496
    endloop
  endfacet
  facet normal 0.9978589232386038 0 0.0654031292301393
    outer loop
      vertex 46.01711027725238 0 24.488947615559898
      vertex 46.01711027725238 6 24.488947615559898
      vertex 46 0 24.75
    endloop
  endfacet
  facet normal 0.9978589232386038 0 -0.0654031292301393
    outer loop
      vertex 46 0 24.75
      vertex 46 6 24.75
      vertex 46.01711027725238 0 25.011052384440102
    endloop
  endfacet
  facet normal 0.9807852804032313 0 -0.1950903220161236
    outer loop
      vertex 46.01711027725238 0 25.011052384440102
      vertex 46.01711027725238 6 25.011052384440102
      vertex 46.06814834742186 0 25.26763809020504
    endloop
  endfacet
  facet normal 0.9469301294951017 0 -0.321439465303173
    outer loop
      vertex 46.06814834742186 0 25.26763809020504
      vertex 46.06814834742186 6 25.26763809020504
      vertex 46.15224093497743 0 25.51536686473018
    endloop
  endfacet
  facet normal 0.8968727415326871 0 -0.44228869021900374
    outer loop
      vertex 46.15224093497743 0 25.51536686473018
      vertex 46.15224093497743 6 25.51536686473018
      vertex 46.267949192431125 0 25.75
    endloop
  endfacet
  facet normal 0.8314696123025563 0 -0.5555702330195854
    outer loop
      vertex 46.267949192431125 0 25.75
      vertex 46.267949192431125 6 25.75
      vertex 46.41329331941753 0 25.967522858017443
    endloop
  endfacet
  facet normal 0.7518398074789652 0 -0.6593458151000827
    outer loop
      vertex 46.41329331941753 0 25.967522858017443
      vertex 46.41329331941753 6 25.967522858017443
      vertex 46.58578643762691 0 26.164213562373096
    endloop
  endfacet
  facet normal 0.6593458151000674 0 -0.7518398074789787
    outer loop
      vertex 46.58578643762691 0 26.164213562373096
      vertex 46.58578643762691 6 26.164213562373096
      vertex 46.78247714198256 0 26.33670668058247
    endloop
  endfacet
  facet normal 0.5555702330196105 0 -0.8314696123025397
    outer loop
      vertex 46.78247714198256 0 26.33670668058247
      vertex 46.78247714198256 6 26.33670668058247
      vertex 47 0 26.48205080756888
    endloop
  endfacet
  facet normal 0.5555702330196105 0 0.8314696123025397
    outer loop
      vertex 46.78247714198256 0 23.16329331941753
      vertex 47 6 23.01794919243112
      vertex 46.78247714198256 6 23.16329331941753
    endloop
  endfacet
  facet normal 0.44228869021899825 0 0.8968727415326899
    outer loop
      vertex 47 0 23.01794919243112
      vertex 47.23463313526982 6 22.902240934977428
      vertex 47 6 23.01794919243112
    endloop
  endfacet
  facet normal 0.6593458151000674 0 0.7518398074789787
    outer loop
      vertex 46.58578643762691 0 23.335786437626904
      vertex 46.78247714198256 6 23.16329331941753
      vertex 46.58578643762691 6 23.335786437626904
    endloop
  endfacet
  facet normal 0.7518398074789652 0 0.6593458151000827
    outer loop
      vertex 46.41329331941753 0 23.532477141982557
      vertex 46.58578643762691 6 23.335786437626904
      vertex 46.41329331941753 6 23.532477141982557
    endloop
  endfacet
  facet normal 0.8968727415326871 0 0.44228869021900374
    outer loop
      vertex 46.15224093497743 0 23.98463313526982
      vertex 46.267949192431125 6 23.75
      vertex 46.15224093497743 6 23.98463313526982
    endloop
  endfacet
  facet normal 0.8314696123025563 0 0.5555702330195854
    outer loop
      vertex 46.267949192431125 0 23.75
      vertex 46.41329331941753 6 23.532477141982557
      vertex 46.267949192431125 6 23.75
    endloop
  endfacet
  facet normal 0.9469301294951017 0 0.321439465303173
    outer loop
      vertex 46.06814834742186 0 24.23236190979496
      vertex 46.15224093497743 6 23.98463313526982
      vertex 46.06814834742186 6 24.23236190979496
    endloop
  endfacet
  facet normal 0.9807852804032313 0 0.1950903220161236
    outer loop
      vertex 46.01711027725238 0 24.488947615559898
      vertex 46.06814834742186 6 24.23236190979496
      vertex 46.01711027725238 6 24.488947615559898
    endloop
  endfacet
  facet normal 0.9978589232386038 0 0.0654031292301393
    outer loop
      vertex 46 0 24.75
      vertex 46.01711027725238 6 24.488947615559898
      vertex 46 6 24.75
    endloop
  endfacet
  facet normal 0.9978589232386038 0 -0.0654031292301393
    outer loop
      vertex 46.01711027725238 0 25.011052384440102
      vertex 46 6 24.75
      vertex 46.01711027725238 6 25.011052384440102
    endloop
  endfacet
  facet normal 0.9807852804032313 0 -0.1950903220161236
    outer loop
      vertex 46.06814834742186 0 25.26763809020504
      vertex 46.01711027725238 6 25.011052384440102
      vertex 46.06814834742186 6 25.26763809020504
    endloop
  endfacet
  facet normal 0.9469301294951017 0 -0.321439465303173
    outer loop
      vertex 46.15224093497743 0 25.51536686473018
      vertex 46.06814834742186 6 25.26763809020504
      vertex 46.15224093497743 6 25.51536686473018
    endloop
  endfacet
  facet normal 0.8968727415326871 0 -0.44228869021900374
    outer loop
      vertex 46.267949192431125 0 25.75
      vertex 46.15224093497743 6 25.51536686473018
      vertex 46.267949192431125 6 25.75
    endloop
  endfacet
  facet normal 0.8314696123025563 0 -0.5555702330195854
    outer loop
      vertex 46.41329331941753 0 25.967522858017443
      vertex 46.267949192431125 6 25.75
      vertex 46.41329331941753 6 25.967522858017443
    endloop
  endfacet
  facet normal 0.7518398074789652 0 -0.6593458151000827
    outer loop
      vertex 46.58578643762691 0 26.164213562373096
      vertex 46.41329331941753 6 25.967522858017443
      vertex 46.58578643762691 6 26.164213562373096
    endloop
  endfacet
  facet normal 0.6593458151000674 0 -0.7518398074789787
    outer loop
      vertex 46.78247714198256 0 26.33670668058247
      vertex 46.58578643762691 6 26.164213562373096
      vertex 46.78247714198256 6 26.33670668058247
    endloop
  endfacet
  facet normal 0.32143946530315676 0 0.9469301294951074
    outer loop
      vertex 47.23463313526982 0 22.902240934977428
      vertex 47.48236190979496 0 22.818148347421864
      vertex 47.48236190979496 6 22.818148347421864
    endloop
  endfacet
  facet normal 0.06540312923013841 0 0.9978589232386038
    outer loop
      vertex 47.738947615559894 0 22.767110277252378
      vertex 48 0 22.75
      vertex 48 6 22.75
    endloop
  endfacet
  facet normal 0.1950903220161393 0 0.9807852804032283
    outer loop
      vertex 47.48236190979496 0 22.818148347421864
      vertex 47.738947615559894 0 22.767110277252378
      vertex 47.738947615559894 6 22.767110277252378
    endloop
  endfacet
  facet normal -0.06540312923013841 0 0.9978589232386038
    outer loop
      vertex 48 0 22.75
      vertex 48.261052384440106 0 22.767110277252378
      vertex 48.261052384440106 6 22.767110277252378
    endloop
  endfacet
  facet normal -0.1950903220161393 0 0.9807852804032283
    outer loop
      vertex 48.261052384440106 0 22.767110277252378
      vertex 48.51763809020504 0 22.818148347421864
      vertex 48.51763809020504 6 22.818148347421864
    endloop
  endfacet
  facet normal -0.32143946530315676 0 0.9469301294951074
    outer loop
      vertex 48.51763809020504 0 22.818148347421864
      vertex 48.76536686473018 0 22.902240934977428
      vertex 48.76536686473018 6 22.902240934977428
    endloop
  endfacet
  facet normal -0.44228869021899825 0 0.8968727415326899
    outer loop
      vertex 48.76536686473018 0 22.902240934977428
      vertex 49 0 23.01794919243112
      vertex 49 6 23.01794919243112
    endloop
  endfacet
  facet normal -0.5555702330196105 0 0.8314696123025397
    outer loop
      vertex 49 0 23.01794919243112
      vertex 49.21752285801744 0 23.16329331941753
      vertex 49.21752285801744 6 23.16329331941753
    endloop
  endfacet
  facet normal -0.6593458151000674 0 0.7518398074789787
    outer loop
      vertex 49.21752285801744 0 23.16329331941753
      vertex 49.41421356237309 0 23.335786437626904
      vertex 49.41421356237309 6 23.335786437626904
    endloop
  endfacet
  facet normal -0.7518398074789652 0 0.6593458151000827
    outer loop
      vertex 49.41421356237309 0 23.335786437626904
      vertex 49.58670668058247 0 23.532477141982557
      vertex 49.58670668058247 6 23.532477141982557
    endloop
  endfacet
  facet normal -0.8314696123025563 0 0.5555702330195854
    outer loop
      vertex 49.58670668058247 0 23.532477141982557
      vertex 49.732050807568875 0 23.75
      vertex 49.732050807568875 6 23.75
    endloop
  endfacet
  facet normal -0.8968727415326871 0 0.44228869021900374
    outer loop
      vertex 49.732050807568875 0 23.75
      vertex 49.84775906502257 0 23.98463313526982
      vertex 49.84775906502257 6 23.98463313526982
    endloop
  endfacet
  facet normal -0.9469301294951017 0 0.321439465303173
    outer loop
      vertex 49.84775906502257 0 23.98463313526982
      vertex 49.93185165257814 0 24.23236190979496
      vertex 49.93185165257814 6 24.23236190979496
    endloop
  endfacet
  facet normal -0.9807852804032313 0 0.1950903220161236
    outer loop
      vertex 49.93185165257814 0 24.23236190979496
      vertex 49.98288972274762 0 24.488947615559898
      vertex 49.98288972274762 6 24.488947615559898
    endloop
  endfacet
  facet normal -0.9978589232386038 0 0.0654031292301393
    outer loop
      vertex 49.98288972274762 0 24.488947615559898
      vertex 50 0 24.75
      vertex 50 6 24.75
    endloop
  endfacet
  facet normal -0.9978589232386038 0 -0.0654031292301393
    outer loop
      vertex 50 0 24.75
      vertex 49.98288972274762 0 25.011052384440102
      vertex 49.98288972274762 6 25.011052384440102
    endloop
  endfacet
  facet normal -0.9807852804032313 0 -0.1950903220161236
    outer loop
      vertex 49.98288972274762 0 25.011052384440102
      vertex 49.93185165257814 0 25.26763809020504
      vertex 49.93185165257814 6 25.26763809020504
    endloop
  endfacet
  facet normal -0.9469301294951017 0 -0.321439465303173
    outer loop
      vertex 49.93185165257814 0 25.26763809020504
      vertex 49.84775906502257 0 25.51536686473018
      vertex 49.84775906502257 6 25.51536686473018
    endloop
  endfacet
  facet normal -0.8968727415326871 0 -0.44228869021900374
    outer loop
      vertex 49.84775906502257 0 25.51536686473018
      vertex 49.732050807568875 0 25.75
      vertex 49.732050807568875 6 25.75
    endloop
  endfacet
  facet normal -0.8314696123025563 0 -0.5555702330195854
    outer loop
      vertex 49.58670668058247 0 25.967522858017443
      vertex 49.58670668058247 6 25.967522858017443
      vertex 49.732050807568875 0 25.75
    endloop
  endfacet
  facet normal -0.6593458151000674 0 -0.7518398074789787
    outer loop
      vertex 49.21752285801744 0 26.33670668058247
      vertex 49.21752285801744 6 26.33670668058247
      vertex 49.41421356237309 0 26.164213562373096
    endloop
  endfacet
  facet normal -0.7518398074789652 0 -0.6593458151000827
    outer loop
      vertex 49.58670668058247 0 25.967522858017443
      vertex 49.41421356237309 0 26.164213562373096
      vertex 49.41421356237309 6 26.164213562373096
    endloop
  endfacet
  facet normal 0.32143946530315676 0 0.9469301294951074
    outer loop
      vertex 47.23463313526982 0 22.902240934977428
      vertex 47.48236190979496 6 22.818148347421864
      vertex 47.23463313526982 6 22.902240934977428
    endloop
  endfacet
  facet normal 0.1950903220161393 0 0.9807852804032283
    outer loop
      vertex 47.48236190979496 0 22.818148347421864
      vertex 47.738947615559894 6 22.767110277252378
      vertex 47.48236190979496 6 22.818148347421864
    endloop
  endfacet
  facet normal 0.06540312923013841 0 0.9978589232386038
    outer loop
      vertex 47.738947615559894 0 22.767110277252378
      vertex 48 6 22.75
      vertex 47.738947615559894 6 22.767110277252378
    endloop
  endfacet
  facet normal -0.06540312923013841 0 0.9978589232386038
    outer loop
      vertex 48 0 22.75
      vertex 48.261052384440106 6 22.767110277252378
      vertex 48 6 22.75
    endloop
  endfacet
  facet normal -0.1950903220161393 0 0.9807852804032283
    outer loop
      vertex 48.261052384440106 0 22.767110277252378
      vertex 48.51763809020504 6 22.818148347421864
      vertex 48.261052384440106 6 22.767110277252378
    endloop
  endfacet
  facet normal -0.32143946530315676 0 0.9469301294951074
    outer loop
      vertex 48.51763809020504 0 22.818148347421864
      vertex 48.76536686473018 6 22.902240934977428
      vertex 48.51763809020504 6 22.818148347421864
    endloop
  endfacet
  facet normal -0.44228869021899825 0 0.8968727415326899
    outer loop
      vertex 48.76536686473018 0 22.902240934977428
      vertex 49 6 23.01794919243112
      vertex 48.76536686473018 6 22.902240934977428
    endloop
  endfacet
  facet normal -0.5555702330196105 0 0.8314696123025397
    outer loop
      vertex 49 0 23.01794919243112
      vertex 49.21752285801744 6 23.16329331941753
      vertex 49 6 23.01794919243112
    endloop
  endfacet
  facet normal -0.6593458151000674 0 0.7518398074789787
    outer loop
      vertex 49.21752285801744 0 23.16329331941753
      vertex 49.41421356237309 6 23.335786437626904
      vertex 49.21752285801744 6 23.16329331941753
    endloop
  endfacet
  facet normal -0.7518398074789652 0 0.6593458151000827
    outer loop
      vertex 49.41421356237309 0 23.335786437626904
      vertex 49.58670668058247 6 23.532477141982557
      vertex 49.41421356237309 6 23.335786437626904
    endloop
  endfacet
  facet normal -0.8314696123025563 0 0.5555702330195854
    outer loop
      vertex 49.58670668058247 0 23.532477141982557
      vertex 49.732050807568875 6 23.75
      vertex 49.58670668058247 6 23.532477141982557
    endloop
  endfacet
  facet normal -0.8968727415326871 0 0.44228869021900374
    outer loop
      vertex 49.732050807568875 0 23.75
      vertex 49.84775906502257 6 23.98463313526982
      vertex 49.732050807568875 6 23.75
    endloop
  endfacet
  facet normal -0.9469301294951017 0 0.321439465303173
    outer loop
      vertex 49.84775906502257 0 23.98463313526982
      vertex 49.93185165257814 6 24.23236190979496
      vertex 49.84775906502257 6 23.98463313526982
    endloop
  endfacet
  facet normal -0.9807852804032313 0 0.1950903220161236
    outer loop
      vertex 49.93185165257814 0 24.23236190979496
      vertex 49.98288972274762 6 24.488947615559898
      vertex 49.93185165257814 6 24.23236190979496
    endloop
  endfacet
  facet normal -0.9978589232386038 0 0.0654031292301393
    outer loop
      vertex 49.98288972274762 0 24.488947615559898
      vertex 50 6 24.75
      vertex 49.98288972274762 6 24.488947615559898
    endloop
  endfacet
  facet normal -0.9978589232386038 0 -0.0654031292301393
    outer loop
      vertex 50 0 24.75
      vertex 49.98288972274762 6 25.011052384440102
      vertex 50 6 24.75
    endloop
  endfacet
  facet normal -0.9807852804032313 0 -0.1950903220161236
    outer loop
      vertex 49.98288972274762 0 25.011052384440102
      vertex 49.93185165257814 6 25.26763809020504
      vertex 49.98288972274762 6 25.011052384440102
    endloop
  endfacet
  facet normal -0.9469301294951017 0 -0.321439465303173
    outer loop
      vertex 49.93185165257814 0 25.26763809020504
      vertex 49.84775906502257 6 25.51536686473018
      vertex 49.93185165257814 6 25.26763809020504
    endloop
  endfacet
  facet normal -0.8968727415326871 0 -0.44228869021900374
    outer loop
      vertex 49.84775906502257 0 25.51536686473018
      vertex 49.732050807568875 6 25.75
      vertex 49.84775906502257 6 25.51536686473018
    endloop
  endfacet
  facet normal -0.8314696123025563 0 -0.5555702330195854
    outer loop
      vertex 49.732050807568875 0 25.75
      vertex 49.58670668058247 6 25.967522858017443
      vertex 49.732050807568875 6 25.75
    endloop
  endfacet
  facet normal -0.6593458151000674 0 -0.7518398074789787
    outer loop
      vertex 49.41421356237309 0 26.164213562373096
      vertex 49.21752285801744 6 26.33670668058247
      vertex 49.41421356237309 6 26.164213562373096
    endloop
  endfacet
  facet normal -0.5555702330196105 0 -0.8314696123025397
    outer loop
      vertex 49.21752285801744 0 26.33670668058247
      vertex 49 6 26.48205080756888
      vertex 49.21752285801744 6 26.33670668058247
    endloop
  endfacet
  facet normal -0.7518398074789652 0 -0.6593458151000827
    outer loop
      vertex 49.58670668058247 0 25.967522858017443
      vertex 49.41421356237309 6 26.164213562373096
      vertex 49.58670668058247 6 25.967522858017443
    endloop
  endfacet
  facet normal 0.44228869021899825 0 -0.8968727415326899
    outer loop
      vertex 47 0 26.48205080756888
      vertex 47 6 26.48205080756888
      vertex 47.23463313526982 0 26.597759065022572
    endloop
  endfacet
  facet normal 0.5555702330196105 0 -0.8314696123025397
    outer loop
      vertex 47 0 26.48205080756888
      vertex 46.78247714198256 6 26.33670668058247
      vertex 47 6 26.48205080756888
    endloop
  endfacet
  facet normal 0.44228869021899825 0 -0.8968727415326899
    outer loop
      vertex 47.23463313526982 0 26.597759065022572
      vertex 47 6 26.48205080756888
      vertex 47.23463313526982 6 26.597759065022572
    endloop
  endfacet
  facet normal 0.32143946530315676 0 -0.9469301294951074
    outer loop
      vertex 47.23463313526982 0 26.597759065022572
      vertex 47.23463313526982 6 26.597759065022572
      vertex 47.48236190979496 0 26.681851652578136
    endloop
  endfacet
  facet normal 0.1950903220161393 0 -0.9807852804032283
    outer loop
      vertex 47.48236190979496 0 26.681851652578136
      vertex 47.48236190979496 6 26.681851652578136
      vertex 47.738947615559894 0 26.732889722747622
    endloop
  endfacet
  facet normal 0.06540312923013841 0 -0.9978589232386038
    outer loop
      vertex 47.738947615559894 0 26.732889722747622
      vertex 47.738947615559894 6 26.732889722747622
      vertex 48 0 26.75
    endloop
  endfacet
  facet normal -0.32143946530315676 0 -0.9469301294951074
    outer loop
      vertex 48.51763809020504 0 26.681851652578136
      vertex 48.51763809020504 6 26.681851652578136
      vertex 48.76536686473018 0 26.597759065022572
    endloop
  endfacet
  facet normal -0.06540312923013841 0 -0.9978589232386038
    outer loop
      vertex 48 0 26.75
      vertex 48 6 26.75
      vertex 48.261052384440106 0 26.732889722747622
    endloop
  endfacet
  facet normal -0.1950903220161393 0 -0.9807852804032283
    outer loop
      vertex 48.261052384440106 0 26.732889722747622
      vertex 48.261052384440106 6 26.732889722747622
      vertex 48.51763809020504 0 26.681851652578136
    endloop
  endfacet
  facet normal -0.44228869021899825 0 -0.8968727415326899
    outer loop
      vertex 48.76536686473018 0 26.597759065022572
      vertex 48.76536686473018 6 26.597759065022572
      vertex 49 0 26.48205080756888
    endloop
  endfacet
  facet normal -0.5555702330196105 0 -0.8314696123025397
    outer loop
      vertex 49.21752285801744 0 26.33670668058247
      vertex 49 0 26.48205080756888
      vertex 49 6 26.48205080756888
    endloop
  endfacet
  facet normal 0.32143946530315676 0 -0.9469301294951074
    outer loop
      vertex 47.48236190979496 0 26.681851652578136
      vertex 47.23463313526982 6 26.597759065022572
      vertex 47.48236190979496 6 26.681851652578136
    endloop
  endfacet
  facet normal 0.1950903220161393 0 -0.9807852804032283
    outer loop
      vertex 47.738947615559894 0 26.732889722747622
      vertex 47.48236190979496 6 26.681851652578136
      vertex 47.738947615559894 6 26.732889722747622
    endloop
  endfacet
  facet normal 0.06540312923013841 0 -0.9978589232386038
    outer loop
      vertex 48 0 26.75
      vertex 47.738947615559894 6 26.732889722747622
      vertex 48 6 26.75
    endloop
  endfacet
  facet normal -0.06540312923013841 0 -0.9978589232386038
    outer loop
      vertex 48.261052384440106 0 26.732889722747622
      vertex 48 6 26.75
      vertex 48.261052384440106 6 26.732889722747622
    endloop
  endfacet
  facet normal -0.1950903220161393 0 -0.9807852804032283
    outer loop
      vertex 48.51763809020504 0 26.681851652578136
      vertex 48.261052384440106 6 26.732889722747622
      vertex 48.51763809020504 6 26.681851652578136
    endloop
  endfacet
  facet normal -0.44228869021899825 0 -0.8968727415326899
    outer loop
      vertex 49 0 26.48205080756888
      vertex 48.76536686473018 6 26.597759065022572
      vertex 49 6 26.48205080756888
    endloop
  endfacet
  facet normal -0.32143946530315676 0 -0.9469301294951074
    outer loop
      vertex 48.76536686473018 0 26.597759065022572
      vertex 48.51763809020504 6 26.681851652578136
      vertex 48.76536686473018 6 26.597759065022572
    endloop
  endfacet
  facet normal 0 1 0
    outer loop
      vertex -1.7320508075688772 0 23.75
      vertex -1.8477590650225735 0 23.98463313526982
      vertex 1.8477590650225735 0 23.98463313526982
    endloop
  endfacet
  facet normal 0 1 0
    outer loop
      vertex -1.8477590650225735 0 23.98463313526982
      vertex -1.9318516525781366 0 24.23236190979496
      vertex 1.9318516525781366 0 24.23236190979496
    endloop
  endfacet
  facet normal 0 1 0
    outer loop
      vertex -1.9828897227476208 0 24.488947615559898
      vertex 1.9828897227476208 0 24.488947615559898
      vertex -1.9318516525781366 0 24.23236190979496
    endloop
  endfacet
  facet normal 0 1 0
    outer loop
      vertex -0.26105238444010315 0 22.767110277252378
      vertex 0.26105238444010315 0 22.767110277252378
      vertex 0 0 22.75
    endloop
  endfacet
  facet normal 0 1 0
    outer loop
      vertex -0.5176380902050415 0 22.818148347421864
      vertex 0.5176380902050415 0 22.818148347421864
      vertex -0.26105238444010315 0 22.767110277252378
    endloop
  endfacet
  facet normal 0 1 0
    outer loop
      vertex -0.7653668647301796 0 22.902240934977428
      vertex 0.7653668647301796 0 22.902240934977428
      vertex -0.5176380902050415 0 22.818148347421864
    endloop
  endfacet
  facet normal 0 1 0
    outer loop
      vertex -0.26105238444010315 0 22.767110277252378
      vertex 0.5176380902050415 0 22.818148347421864
      vertex 0.26105238444010315 0 22.767110277252378
    endloop
  endfacet
  facet normal 0 1 0
    outer loop
      vertex -0.5176380902050415 0 22.818148347421864
      vertex 0.7653668647301796 0 22.902240934977428
      vertex 0.5176380902050415 0 22.818148347421864
    endloop
  endfacet
  facet normal 0 1 0
    outer loop
      vertex -0.7653668647301796 0 22.902240934977428
      vertex -1 0 23.01794919243112
      vertex 1 0 23.01794919243112
    endloop
  endfacet
  facet normal 0 1 0
    outer loop
      vertex -1.2175228580174413 0 23.16329331941753
      vertex 1.2175228580174413 0 23.16329331941753
      vertex -1 0 23.01794919243112
    endloop
  endfacet
  facet normal 0 1 0
    outer loop
      vertex -1.4142135623730951 0 23.335786437626904
      vertex 1.4142135623730951 0 23.335786437626904
      vertex -1.2175228580174413 0 23.16329331941753
    endloop
  endfacet
  facet normal 0 1 0
    outer loop
      vertex -0.7653668647301796 0 22.902240934977428
      vertex 1 0 23.01794919243112
      vertex 0.7653668647301796 0 22.902240934977428
    endloop
  endfacet
  facet normal 0 1 0
    outer loop
      vertex -1 0 23.01794919243112
      vertex 1.2175228580174413 0 23.16329331941753
      vertex 1 0 23.01794919243112
    endloop
  endfacet
  facet normal 0 1 0
    outer loop
      vertex -1.2175228580174413 0 23.16329331941753
      vertex 1.4142135623730951 0 23.335786437626904
      vertex 1.2175228580174413 0 23.16329331941753
    endloop
  endfacet
  facet normal 0 1 0
    outer loop
      vertex -1.4142135623730951 0 23.335786437626904
      vertex 1.5867066805824703 0 23.532477141982557
      vertex 1.4142135623730951 0 23.335786437626904
    endloop
  endfacet
  facet normal 0 1 0
    outer loop
      vertex -1.4142135623730951 0 23.335786437626904
      vertex -1.5867066805824703 0 23.532477141982557
      vertex 1.5867066805824703 0 23.532477141982557
    endloop
  endfacet
  facet normal 0 1 0
    outer loop
      vertex -1.7320508075688772 0 23.75
      vertex 1.7320508075688772 0 23.75
      vertex -1.5867066805824703 0 23.532477141982557
    endloop
  endfacet
  facet normal 0 1 0
    outer loop
      vertex -1.5867066805824703 0 23.532477141982557
      vertex 1.7320508075688772 0 23.75
      vertex 1.5867066805824703 0 23.532477141982557
    endloop
  endfacet
  facet normal 0 1 0
    outer loop
      vertex -1.7320508075688772 0 23.75
      vertex 1.8477590650225735 0 23.98463313526982
      vertex 1.7320508075688772 0 23.75
    endloop
  endfacet
  facet normal 0 1 0
    outer loop
      vertex -1.8477590650225735 0 23.98463313526982
      vertex 1.9318516525781366 0 24.23236190979496
      vertex 1.8477590650225735 0 23.98463313526982
    endloop
  endfacet
  facet normal 0 1 0
    outer loop
      vertex -1.9318516525781366 0 24.23236190979496
      vertex 1.9828897227476208 0 24.488947615559898
      vertex 1.9318516525781366 0 24.23236190979496
    endloop
  endfacet
  facet normal 0 1 0
    outer loop
      vertex -1.9828897227476208 0 24.488947615559898
      vertex -2 0 24.75
      vertex 2 0 24.75
    endloop
  endfacet
  facet normal 0 1 0
    outer loop
      vertex -2 0 24.75
      vertex -1.9828897227476208 0 25.011052384440102
      vertex 1.9828897227476208 0 25.011052384440102
    endloop
  endfacet
  facet normal 0 1 0
    outer loop
      vertex -1.9828897227476208 0 25.011052384440102
      vertex -1.9318516525781366 0 25.26763809020504
      vertex 1.9318516525781366 0 25.26763809020504
    endloop
  endfacet
  facet normal 0 1 0
    outer loop
      vertex -1.9318516525781366 0 25.26763809020504
      vertex -1.8477590650225735 0 25.51536686473018
      vertex 1.8477590650225735 0 25.51536686473018
    endloop
  endfacet
  facet normal 0 1 0
    outer loop
      vertex -1.8477590650225735 0 25.51536686473018
      vertex -1.7320508075688772 0 25.75
      vertex 1.7320508075688772 0 25.75
    endloop
  endfacet
  facet normal 0 1 0
    outer loop
      vertex -1.7320508075688772 0 25.75
      vertex -1.5867066805824703 0 25.967522858017443
      vertex 1.5867066805824703 0 25.967522858017443
    endloop
  endfacet
  facet normal 0 1 0
    outer loop
      vertex -1.9828897227476208 0 24.488947615559898
      vertex 2 0 24.75
      vertex 1.9828897227476208 0 24.488947615559898
    endloop
  endfacet
  facet normal 0 1 0
    outer loop
      vertex -2 0 24.75
      vertex 1.9828897227476208 0 25.011052384440102
      vertex 2 0 24.75
    endloop
  endfacet
  facet normal 0 1 0
    outer loop
      vertex -1.9828897227476208 0 25.011052384440102
      vertex 1.9318516525781366 0 25.26763809020504
      vertex 1.9828897227476208 0 25.011052384440102
    endloop
  endfacet
  facet normal 0 1 0
    outer loop
      vertex -1.9318516525781366 0 25.26763809020504
      vertex 1.8477590650225735 0 25.51536686473018
      vertex 1.9318516525781366 0 25.26763809020504
    endloop
  endfacet
  facet normal 0 1 0
    outer loop
      vertex -1.8477590650225735 0 25.51536686473018
      vertex 1.7320508075688772 0 25.75
      vertex 1.8477590650225735 0 25.51536686473018
    endloop
  endfacet
  facet normal 0 1 0
    outer loop
      vertex -1.7320508075688772 0 25.75
      vertex 1.5867066805824703 0 25.967522858017443
      vertex 1.7320508075688772 0 25.75
    endloop
  endfacet
  facet normal 0 1 0
    outer loop
      vertex -1.5867066805824703 0 25.967522858017443
      vertex -1.4142135623730951 0 26.164213562373096
      vertex 1.4142135623730951 0 26.164213562373096
    endloop
  endfacet
  facet normal 0 1 0
    outer loop
      vertex -1.4142135623730951 0 26.164213562373096
      vertex -1.2175228580174413 0 26.33670668058247
      vertex 1.2175228580174413 0 26.33670668058247
    endloop
  endfacet
  facet normal 0 1 0
    outer loop
      vertex -1.5867066805824703 0 25.967522858017443
      vertex 1.4142135623730951 0 26.164213562373096
      vertex 1.5867066805824703 0 25.967522858017443
    endloop
  endfacet
  facet normal 0 1 0
    outer loop
      vertex -1.4142135623730951 0 26.164213562373096
      vertex 1.2175228580174413 0 26.33670668058247
      vertex 1.4142135623730951 0 26.164213562373096
    endloop
  endfacet
  facet normal 0 1 0
    outer loop
      vertex -1.2175228580174413 0 26.33670668058247
      vertex 1 0 26.48205080756888
      vertex 1.2175228580174413 0 26.33670668058247
    endloop
  endfacet
  facet normal 0 1 0
    outer loop
      vertex -1.2175228580174413 0 26.33670668058247
      vertex -1 0 26.48205080756888
      vertex 1 0 26.48205080756888
    endloop
  endfacet
  facet normal 0 1 0
    outer loop
      vertex -1 0 26.48205080756888
      vertex -0.7653668647301796 0 26.597759065022572
      vertex 0.7653668647301796 0 26.597759065022572
    endloop
  endfacet
  facet normal 0 1 0
    outer loop
      vertex -0.7653668647301796 0 26.597759065022572
      vertex -0.5176380902050415 0 26.681851652578136
      vertex 0.5176380902050415 0 26.681851652578136
    endloop
  endfacet
  facet normal 0 1 0
    outer loop
      vertex -0.5176380902050415 0 26.681851652578136
      vertex -0.26105238444010315 0 26.732889722747622
      vertex 0.26105238444010315 0 26.732889722747622
    endloop
  endfacet
  facet normal 0 1 0
    outer loop
      vertex -0.26105238444010315 0 26.732889722747622
      vertex 0 0 26.75
      vertex 0.26105238444010315 0 26.732889722747622
    endloop
  endfacet
  facet normal 0 1 0
    outer loop
      vertex -0.5176380902050415 0 26.681851652578136
      vertex 0.26105238444010315 0 26.732889722747622
      vertex 0.5176380902050415 0 26.681851652578136
    endloop
  endfacet
  facet normal 0 1 0
    outer loop
      vertex -1 0 26.48205080756888
      vertex 0.7653668647301796 0 26.597759065022572
      vertex 1 0 26.48205080756888
    endloop
  endfacet
  facet normal 0 1 0
    outer loop
      vertex -0.7653668647301796 0 26.597759065022572
      vertex 0.5176380902050415 0 26.681851652578136
      vertex 0.7653668647301796 0 26.597759065022572
    endloop
  endfacet
  facet normal 0.3214394653031626 0 0.9469301294951054
    outer loop
      vertex -0.7653668647301796 0 22.902240934977428
      vertex -0.5176380902050415 0 22.818148347421864
      vertex -0.5176380902050415 6 22.818148347421864
    endloop
  endfacet
  facet normal 0.6593458151000662 0 0.7518398074789798
    outer loop
      vertex -1.4142135623730951 0 23.335786437626904
      vertex -1.2175228580174413 0 23.16329331941753
      vertex -1.2175228580174413 6 23.16329331941753
    endloop
  endfacet
  facet normal 0.7518398074789766 0 0.6593458151000698
    outer loop
      vertex -1.4142135623730951 0 23.335786437626904
      vertex -1.4142135623730951 6 23.335786437626904
      vertex -1.5867066805824703 0 23.532477141982557
    endloop
  endfacet
  facet normal 0.5555702330196066 0 0.8314696123025423
    outer loop
      vertex -1.2175228580174413 0 23.16329331941753
      vertex -1 0 23.01794919243112
      vertex -1 6 23.01794919243112
    endloop
  endfacet
  facet normal 0.4422886902189933 0 0.8968727415326921
    outer loop
      vertex -0.7653668647301796 0 22.902240934977428
      vertex -0.7653668647301796 6 22.902240934977428
      vertex -1 0 23.01794919243112
    endloop
  endfacet
  facet normal 0.831469612302547 0 0.5555702330195995
    outer loop
      vertex -1.7320508075688772 0 23.75
      vertex -1.5867066805824703 0 23.532477141982557
      vertex -1.5867066805824703 6 23.532477141982557
    endloop
  endfacet
  facet normal 0.8968727415326885 0 0.442288690219001
    outer loop
      vertex -1.7320508075688772 0 23.75
      vertex -1.7320508075688772 6 23.75
      vertex -1.8477590650225735 0 23.98463313526982
    endloop
  endfacet
  facet normal 0.9469301294951062 0 0.32143946530316014
    outer loop
      vertex -1.8477590650225735 0 23.98463313526982
      vertex -1.8477590650225735 6 23.98463313526982
      vertex -1.9318516525781366 0 24.23236190979496
    endloop
  endfacet
  facet normal 0.9807852804032303 0 0.19509032201612853
    outer loop
      vertex -1.9828897227476208 0 24.488947615559898
      vertex -1.9318516525781366 0 24.23236190979496
      vertex -1.9318516525781366 6 24.23236190979496
    endloop
  endfacet
  facet normal 0.19509032201613605 0 0.9807852804032289
    outer loop
      vertex -0.5176380902050415 0 22.818148347421864
      vertex -0.26105238444010315 0 22.767110277252378
      vertex -0.26105238444010315 6 22.767110277252378
    endloop
  endfacet
  facet normal 0.06540312923013908 0 0.9978589232386038
    outer loop
      vertex -0.26105238444010315 0 22.767110277252378
      vertex 0 0 22.75
      vertex 0 6 22.75
    endloop
  endfacet
  facet normal -0.06540312923013908 0 0.9978589232386038
    outer loop
      vertex 0 0 22.75
      vertex 0.26105238444010315 0 22.767110277252378
      vertex 0.26105238444010315 6 22.767110277252378
    endloop
  endfacet
  facet normal -0.19509032201613605 0 0.9807852804032289
    outer loop
      vertex 0.26105238444010315 0 22.767110277252378
      vertex 0.5176380902050415 0 22.818148347421864
      vertex 0.5176380902050415 6 22.818148347421864
    endloop
  endfacet
  facet normal -0.3214394653031626 0 0.9469301294951054
    outer loop
      vertex 0.5176380902050415 0 22.818148347421864
      vertex 0.7653668647301796 0 22.902240934977428
      vertex 0.7653668647301796 6 22.902240934977428
    endloop
  endfacet
  facet normal -0.4422886902189933 0 0.8968727415326921
    outer loop
      vertex 0.7653668647301796 0 22.902240934977428
      vertex 1 0 23.01794919243112
      vertex 1 6 23.01794919243112
    endloop
  endfacet
  facet normal -0.5555702330196066 0 0.8314696123025423
    outer loop
      vertex 1 0 23.01794919243112
      vertex 1.2175228580174413 0 23.16329331941753
      vertex 1.2175228580174413 6 23.16329331941753
    endloop
  endfacet
  facet normal -0.6593458151000662 0 0.7518398074789798
    outer loop
      vertex 1.2175228580174413 0 23.16329331941753
      vertex 1.4142135623730951 0 23.335786437626904
      vertex 1.4142135623730951 6 23.335786437626904
    endloop
  endfacet
  facet normal -0.7518398074789766 0 0.6593458151000698
    outer loop
      vertex 1.4142135623730951 0 23.335786437626904
      vertex 1.5867066805824703 0 23.532477141982557
      vertex 1.5867066805824703 6 23.532477141982557
    endloop
  endfacet
  facet normal -0.831469612302547 0 0.5555702330195995
    outer loop
      vertex 1.5867066805824703 0 23.532477141982557
      vertex 1.7320508075688772 0 23.75
      vertex 1.7320508075688772 6 23.75
    endloop
  endfacet
  facet normal -0.8968727415326885 0 0.442288690219001
    outer loop
      vertex 1.7320508075688772 0 23.75
      vertex 1.8477590650225735 0 23.98463313526982
      vertex 1.8477590650225735 6 23.98463313526982
    endloop
  endfacet
  facet normal -0.9469301294951062 0 0.32143946530316014
    outer loop
      vertex 1.8477590650225735 0 23.98463313526982
      vertex 1.9318516525781366 0 24.23236190979496
      vertex 1.9318516525781366 6 24.23236190979496
    endloop
  endfacet
  facet normal -0.9807852804032303 0 0.19509032201612853
    outer loop
      vertex 1.9318516525781366 0 24.23236190979496
      vertex 1.9828897227476208 0 24.488947615559898
      vertex 1.9828897227476208 6 24.488947615559898
    endloop
  endfacet
  facet normal 0.9978589232386035 0 0.06540312923014352
    outer loop
      vertex -1.9828897227476208 0 24.488947615559898
      vertex -1.9828897227476208 6 24.488947615559898
      vertex -2 0 24.75
    endloop
  endfacet
  facet normal 0.9978589232386035 0 -0.06540312923014352
    outer loop
      vertex -2 0 24.75
      vertex -2 6 24.75
      vertex -1.9828897227476208 0 25.011052384440102
    endloop
  endfacet
  facet normal 0.9807852804032303 0 -0.19509032201612853
    outer loop
      vertex -1.9828897227476208 0 25.011052384440102
      vertex -1.9828897227476208 6 25.011052384440102
      vertex -1.9318516525781366 0 25.26763809020504
    endloop
  endfacet
  facet normal 0.9469301294951062 0 -0.32143946530316014
    outer loop
      vertex -1.9318516525781366 0 25.26763809020504
      vertex -1.9318516525781366 6 25.26763809020504
      vertex -1.8477590650225735 0 25.51536686473018
    endloop
  endfacet
  facet normal 0.8968727415326885 0 -0.442288690219001
    outer loop
      vertex -1.8477590650225735 0 25.51536686473018
      vertex -1.8477590650225735 6 25.51536686473018
      vertex -1.7320508075688772 0 25.75
    endloop
  endfacet
  facet normal 0.831469612302547 0 -0.5555702330195995
    outer loop
      vertex -1.7320508075688772 0 25.75
      vertex -1.7320508075688772 6 25.75
      vertex -1.5867066805824703 0 25.967522858017443
    endloop
  endfacet
  facet normal 0.7518398074789766 0 -0.6593458151000698
    outer loop
      vertex -1.5867066805824703 0 25.967522858017443
      vertex -1.5867066805824703 6 25.967522858017443
      vertex -1.4142135623730951 0 26.164213562373096
    endloop
  endfacet
  facet normal 0.6593458151000662 0 -0.7518398074789798
    outer loop
      vertex -1.4142135623730951 0 26.164213562373096
      vertex -1.4142135623730951 6 26.164213562373096
      vertex -1.2175228580174413 0 26.33670668058247
    endloop
  endfacet
  facet normal 0.5555702330196066 0 -0.8314696123025423
    outer loop
      vertex -1.2175228580174413 0 26.33670668058247
      vertex -1.2175228580174413 6 26.33670668058247
      vertex -1 0 26.48205080756888
    endloop
  endfacet
  facet normal -0.9978589232386035 0 0.06540312923014352
    outer loop
      vertex 1.9828897227476208 0 24.488947615559898
      vertex 2 0 24.75
      vertex 2 6 24.75
    endloop
  endfacet
  facet normal -0.9978589232386035 0 -0.06540312923014352
    outer loop
      vertex 2 0 24.75
      vertex 1.9828897227476208 0 25.011052384440102
      vertex 1.9828897227476208 6 25.011052384440102
    endloop
  endfacet
  facet normal -0.9807852804032303 0 -0.19509032201612853
    outer loop
      vertex 1.9828897227476208 0 25.011052384440102
      vertex 1.9318516525781366 0 25.26763809020504
      vertex 1.9318516525781366 6 25.26763809020504
    endloop
  endfacet
  facet normal -0.9469301294951062 0 -0.32143946530316014
    outer loop
      vertex 1.9318516525781366 0 25.26763809020504
      vertex 1.8477590650225735 0 25.51536686473018
      vertex 1.8477590650225735 6 25.51536686473018
    endloop
  endfacet
  facet normal -0.8968727415326885 0 -0.442288690219001
    outer loop
      vertex 1.8477590650225735 0 25.51536686473018
      vertex 1.7320508075688772 0 25.75
      vertex 1.7320508075688772 6 25.75
    endloop
  endfacet
  facet normal -0.831469612302547 0 -0.5555702330195995
    outer loop
      vertex 1.5867066805824703 0 25.967522858017443
      vertex 1.5867066805824703 6 25.967522858017443
      vertex 1.7320508075688772 0 25.75
    endloop
  endfacet
  facet normal -0.7518398074789766 0 -0.6593458151000698
    outer loop
      vertex 1.5867066805824703 0 25.967522858017443
      vertex 1.4142135623730951 0 26.164213562373096
      vertex 1.4142135623730951 6 26.164213562373096
    endloop
  endfacet
  facet normal -0.6593458151000662 0 -0.7518398074789798
    outer loop
      vertex 1.2175228580174413 0 26.33670668058247
      vertex 1.2175228580174413 6 26.33670668058247
      vertex 1.4142135623730951 0 26.164213562373096
    endloop
  endfacet
  facet normal 0.3214394653031626 0 0.9469301294951054
    outer loop
      vertex -0.7653668647301796 0 22.902240934977428
      vertex -0.5176380902050415 6 22.818148347421864
      vertex -0.7653668647301796 6 22.902240934977428
    endloop
  endfacet
  facet normal 0.6593458151000662 0 0.7518398074789798
    outer loop
      vertex -1.4142135623730951 0 23.335786437626904
      vertex -1.2175228580174413 6 23.16329331941753
      vertex -1.4142135623730951 6 23.335786437626904
    endloop
  endfacet
  facet normal 0.4422886902189933 0 0.8968727415326921
    outer loop
      vertex -1 0 23.01794919243112
      vertex -0.7653668647301796 6 22.902240934977428
      vertex -1 6 23.01794919243112
    endloop
  endfacet
  facet normal 0.5555702330196066 0 0.8314696123025423
    outer loop
      vertex -1.2175228580174413 0 23.16329331941753
      vertex -1 6 23.01794919243112
      vertex -1.2175228580174413 6 23.16329331941753
    endloop
  endfacet
  facet normal 0.7518398074789766 0 0.6593458151000698
    outer loop
      vertex -1.5867066805824703 0 23.532477141982557
      vertex -1.4142135623730951 6 23.335786437626904
      vertex -1.5867066805824703 6 23.532477141982557
    endloop
  endfacet
  facet normal 0.831469612302547 0 0.5555702330195995
    outer loop
      vertex -1.7320508075688772 0 23.75
      vertex -1.5867066805824703 6 23.532477141982557
      vertex -1.7320508075688772 6 23.75
    endloop
  endfacet
  facet normal 0.8968727415326885 0 0.442288690219001
    outer loop
      vertex -1.8477590650225735 0 23.98463313526982
      vertex -1.7320508075688772 6 23.75
      vertex -1.8477590650225735 6 23.98463313526982
    endloop
  endfacet
  facet normal 0.9469301294951062 0 0.32143946530316014
    outer loop
      vertex -1.9318516525781366 0 24.23236190979496
      vertex -1.8477590650225735 6 23.98463313526982
      vertex -1.9318516525781366 6 24.23236190979496
    endloop
  endfacet
  facet normal 0.9807852804032303 0 0.19509032201612853
    outer loop
      vertex -1.9828897227476208 0 24.488947615559898
      vertex -1.9318516525781366 6 24.23236190979496
      vertex -1.9828897227476208 6 24.488947615559898
    endloop
  endfacet
  facet normal 0.19509032201613605 0 0.9807852804032289
    outer loop
      vertex -0.5176380902050415 0 22.818148347421864
      vertex -0.26105238444010315 6 22.767110277252378
      vertex -0.5176380902050415 6 22.818148347421864
    endloop
  endfacet
  facet normal 0.06540312923013908 0 0.9978589232386038
    outer loop
      vertex -0.26105238444010315 0 22.767110277252378
      vertex 0 6 22.75
      vertex -0.26105238444010315 6 22.767110277252378
    endloop
  endfacet
  facet normal -0.06540312923013908 0 0.9978589232386038
    outer loop
      vertex 0 0 22.75
      vertex 0.26105238444010315 6 22.767110277252378
      vertex 0 6 22.75
    endloop
  endfacet
  facet normal -0.19509032201613605 0 0.9807852804032289
    outer loop
      vertex 0.26105238444010315 0 22.767110277252378
      vertex 0.5176380902050415 6 22.818148347421864
      vertex 0.26105238444010315 6 22.767110277252378
    endloop
  endfacet
  facet normal -0.3214394653031626 0 0.9469301294951054
    outer loop
      vertex 0.5176380902050415 0 22.818148347421864
      vertex 0.7653668647301796 6 22.902240934977428
      vertex 0.5176380902050415 6 22.818148347421864
    endloop
  endfacet
  facet normal -0.4422886902189933 0 0.8968727415326921
    outer loop
      vertex 0.7653668647301796 0 22.902240934977428
      vertex 1 6 23.01794919243112
      vertex 0.7653668647301796 6 22.902240934977428
    endloop
  endfacet
  facet normal -0.5555702330196066 0 0.8314696123025423
    outer loop
      vertex 1 0 23.01794919243112
      vertex 1.2175228580174413 6 23.16329331941753
      vertex 1 6 23.01794919243112
    endloop
  endfacet
  facet normal -0.6593458151000662 0 0.7518398074789798
    outer loop
      vertex 1.2175228580174413 0 23.16329331941753
      vertex 1.4142135623730951 6 23.335786437626904
      vertex 1.2175228580174413 6 23.16329331941753
    endloop
  endfacet
  facet normal -0.7518398074789766 0 0.6593458151000698
    outer loop
      vertex 1.4142135623730951 0 23.335786437626904
      vertex 1.5867066805824703 6 23.532477141982557
      vertex 1.4142135623730951 6 23.335786437626904
    endloop
  endfacet
  facet normal -0.831469612302547 0 0.5555702330195995
    outer loop
      vertex 1.5867066805824703 0 23.532477141982557
      vertex 1.7320508075688772 6 23.75
      vertex 1.5867066805824703 6 23.532477141982557
    endloop
  endfacet
  facet normal -0.8968727415326885 0 0.442288690219001
    outer loop
      vertex 1.7320508075688772 0 23.75
      vertex 1.8477590650225735 6 23.98463313526982
      vertex 1.7320508075688772 6 23.75
    endloop
  endfacet
  facet normal -0.9469301294951062 0 0.32143946530316014
    outer loop
      vertex 1.8477590650225735 0 23.98463313526982
      vertex 1.9318516525781366 6 24.23236190979496
      vertex 1.8477590650225735 6 23.98463313526982
    endloop
  endfacet
  facet normal -0.9807852804032303 0 0.19509032201612853
    outer loop
      vertex 1.9318516525781366 0 24.23236190979496
      vertex 1.9828897227476208 6 24.488947615559898
      vertex 1.9318516525781366 6 24.23236190979496
    endloop
  endfacet
  facet normal 0.9978589232386035 0 0.06540312923014352
    outer loop
      vertex -2 0 24.75
      vertex -1.9828897227476208 6 24.488947615559898
      vertex -2 6 24.75
    endloop
  endfacet
  facet normal 0.9978589232386035 0 -0.06540312923014352
    outer loop
      vertex -1.9828897227476208 0 25.011052384440102
      vertex -2 6 24.75
      vertex -1.9828897227476208 6 25.011052384440102
    endloop
  endfacet
  facet normal 0.9807852804032303 0 -0.19509032201612853
    outer loop
      vertex -1.9318516525781366 0 25.26763809020504
      vertex -1.9828897227476208 6 25.011052384440102
      vertex -1.9318516525781366 6 25.26763809020504
    endloop
  endfacet
  facet normal 0.9469301294951062 0 -0.32143946530316014
    outer loop
      vertex -1.8477590650225735 0 25.51536686473018
      vertex -1.9318516525781366 6 25.26763809020504
      vertex -1.8477590650225735 6 25.51536686473018
    endloop
  endfacet
  facet normal 0.8968727415326885 0 -0.442288690219001
    outer loop
      vertex -1.7320508075688772 0 25.75
      vertex -1.8477590650225735 6 25.51536686473018
      vertex -1.7320508075688772 6 25.75
    endloop
  endfacet
  facet normal 0.831469612302547 0 -0.5555702330195995
    outer loop
      vertex -1.5867066805824703 0 25.967522858017443
      vertex -1.7320508075688772 6 25.75
      vertex -1.5867066805824703 6 25.967522858017443
    endloop
  endfacet
  facet normal 0.7518398074789766 0 -0.6593458151000698
    outer loop
      vertex -1.4142135623730951 0 26.164213562373096
      vertex -1.5867066805824703 6 25.967522858017443
      vertex -1.4142135623730951 6 26.164213562373096
    endloop
  endfacet
  facet normal 0.6593458151000662 0 -0.7518398074789798
    outer loop
      vertex -1.2175228580174413 0 26.33670668058247
      vertex -1.4142135623730951 6 26.164213562373096
      vertex -1.2175228580174413 6 26.33670668058247
    endloop
  endfacet
  facet normal -0.9978589232386035 0 0.06540312923014352
    outer loop
      vertex 1.9828897227476208 0 24.488947615559898
      vertex 2 6 24.75
      vertex 1.9828897227476208 6 24.488947615559898
    endloop
  endfacet
  facet normal -0.9978589232386035 0 -0.06540312923014352
    outer loop
      vertex 2 0 24.75
      vertex 1.9828897227476208 6 25.011052384440102
      vertex 2 6 24.75
    endloop
  endfacet
  facet normal -0.9807852804032303 0 -0.19509032201612853
    outer loop
      vertex 1.9828897227476208 0 25.011052384440102
      vertex 1.9318516525781366 6 25.26763809020504
      vertex 1.9828897227476208 6 25.011052384440102
    endloop
  endfacet
  facet normal -0.9469301294951062 0 -0.32143946530316014
    outer loop
      vertex 1.9318516525781366 0 25.26763809020504
      vertex 1.8477590650225735 6 25.51536686473018
      vertex 1.9318516525781366 6 25.26763809020504
    endloop
  endfacet
  facet normal -0.8968727415326885 0 -0.442288690219001
    outer loop
      vertex 1.8477590650225735 0 25.51536686473018
      vertex 1.7320508075688772 6 25.75
      vertex 1.8477590650225735 6 25.51536686473018
    endloop
  endfacet
  facet normal -0.831469612302547 0 -0.5555702330195995
    outer loop
      vertex 1.7320508075688772 0 25.75
      vertex 1.5867066805824703 6 25.967522858017443
      vertex 1.7320508075688772 6 25.75
    endloop
  endfacet
  facet normal -0.7518398074789766 0 -0.6593458151000698
    outer loop
      vertex 1.5867066805824703 0 25.967522858017443
      vertex 1.4142135623730951 6 26.164213562373096
      vertex 1.5867066805824703 6 25.967522858017443
    endloop
  endfacet
  facet normal -0.5555702330196066 0 -0.8314696123025423
    outer loop
      vertex 1.2175228580174413 0 26.33670668058247
      vertex 1 6 26.48205080756888
      vertex 1.2175228580174413 6 26.33670668058247
    endloop
  endfacet
  facet normal -0.6593458151000662 0 -0.7518398074789798
    outer loop
      vertex 1.4142135623730951 0 26.164213562373096
      vertex 1.2175228580174413 6 26.33670668058247
      vertex 1.4142135623730951 6 26.164213562373096
    endloop
  endfacet
  facet normal 0.4422886902189933 0 -0.8968727415326921
    outer loop
      vertex -1 0 26.48205080756888
      vertex -1 6 26.48205080756888
      vertex -0.7653668647301796 0 26.597759065022572
    endloop
  endfacet
  facet normal 0.3214394653031626 0 -0.9469301294951054
    outer loop
      vertex -0.7653668647301796 0 26.597759065022572
      vertex -0.7653668647301796 6 26.597759065022572
      vertex -0.5176380902050415 0 26.681851652578136
    endloop
  endfacet
  facet normal 0.19509032201613605 0 -0.9807852804032289
    outer loop
      vertex -0.5176380902050415 0 26.681851652578136
      vertex -0.5176380902050415 6 26.681851652578136
      vertex -0.26105238444010315 0 26.732889722747622
    endloop
  endfacet
  facet normal 0.06540312923013908 0 -0.9978589232386038
    outer loop
      vertex -0.26105238444010315 0 26.732889722747622
      vertex -0.26105238444010315 6 26.732889722747622
      vertex 0 0 26.75
    endloop
  endfacet
  facet normal -0.06540312923013908 0 -0.9978589232386038
    outer loop
      vertex 0 0 26.75
      vertex 0 6 26.75
      vertex 0.26105238444010315 0 26.732889722747622
    endloop
  endfacet
  facet normal -0.3214394653031626 0 -0.9469301294951054
    outer loop
      vertex 0.5176380902050415 0 26.681851652578136
      vertex 0.5176380902050415 6 26.681851652578136
      vertex 0.7653668647301796 0 26.597759065022572
    endloop
  endfacet
  facet normal -0.4422886902189933 0 -0.8968727415326921
    outer loop
      vertex 0.7653668647301796 0 26.597759065022572
      vertex 0.7653668647301796 6 26.597759065022572
      vertex 1 0 26.48205080756888
    endloop
  endfacet
  facet normal -0.19509032201613605 0 -0.9807852804032289
    outer loop
      vertex 0.26105238444010315 0 26.732889722747622
      vertex 0.26105238444010315 6 26.732889722747622
      vertex 0.5176380902050415 0 26.681851652578136
    endloop
  endfacet
  facet normal -0.5555702330196066 0 -0.8314696123025423
    outer loop
      vertex 1.2175228580174413 0 26.33670668058247
      vertex 1 0 26.48205080756888
      vertex 1 6 26.48205080756888
    endloop
  endfacet
  facet normal 0.5555702330196066 0 -0.8314696123025423
    outer loop
      vertex -1 0 26.48205080756888
      vertex -1.2175228580174413 6 26.33670668058247
      vertex -1 6 26.48205080756888
    endloop
  endfacet
  facet normal 0.4422886902189933 0 -0.8968727415326921
    outer loop
      vertex -0.7653668647301796 0 26.597759065022572
      vertex -1 6 26.48205080756888
      vertex -0.7653668647301796 6 26.597759065022572
    endloop
  endfacet
  facet normal 0.3214394653031626 0 -0.9469301294951054
    outer loop
      vertex -0.5176380902050415 0 26.681851652578136
      vertex -0.7653668647301796 6 26.597759065022572
      vertex -0.5176380902050415 6 26.681851652578136
    endloop
  endfacet
  facet normal 0.19509032201613605 0 -0.9807852804032289
    outer loop
      vertex -0.26105238444010315 0 26.732889722747622
      vertex -0.5176380902050415 6 26.681851652578136
      vertex -0.26105238444010315 6 26.732889722747622
    endloop
  endfacet
  facet normal 0.06540312923013908 0 -0.9978589232386038
    outer loop
      vertex 0 0 26.75
      vertex -0.26105238444010315 6 26.732889722747622
      vertex 0 6 26.75
    endloop
  endfacet
  facet normal -0.3214394653031626 0 -0.9469301294951054
    outer loop
      vertex 0.7653668647301796 0 26.597759065022572
      vertex 0.5176380902050415 6 26.681851652578136
      vertex 0.7653668647301796 6 26.597759065022572
    endloop
  endfacet
  facet normal -0.06540312923013908 0 -0.9978589232386038
    outer loop
      vertex 0.26105238444010315 0 26.732889722747622
      vertex 0 6 26.75
      vertex 0.26105238444010315 6 26.732889722747622
    endloop
  endfacet
  facet normal -0.19509032201613605 0 -0.9807852804032289
    outer loop
      vertex 0.5176380902050415 0 26.681851652578136
      vertex 0.26105238444010315 6 26.732889722747622
      vertex 0.5176380902050415 6 26.681851652578136
    endloop
  endfacet
  facet normal -0.4422886902189933 0 -0.8968727415326921
    outer loop
      vertex 1 0 26.48205080756888
      vertex 0.7653668647301796 6 26.597759065022572
      vertex 1 6 26.48205080756888
    endloop
  endfacet
  facet normal 0 1 0
    outer loop
      vertex 23.738947615559898 0 22.767110277252378
      vertex 24.261052384440102 0 22.767110277252378
      vertex 24 0 22.75
    endloop
  endfacet
  facet normal 0 1 0
    outer loop
      vertex 23.23463313526982 0 22.902240934977428
      vertex 24.76536686473018 0 22.902240934977428
      vertex 23.48236190979496 0 22.818148347421864
    endloop
  endfacet
  facet normal 0 1 0
    outer loop
      vertex 23.48236190979496 0 22.818148347421864
      vertex 24.51763809020504 0 22.818148347421864
      vertex 23.738947615559898 0 22.767110277252378
    endloop
  endfacet
  facet normal 0 1 0
    outer loop
      vertex 23.738947615559898 0 22.767110277252378
      vertex 24.51763809020504 0 22.818148347421864
      vertex 24.261052384440102 0 22.767110277252378
    endloop
  endfacet
  facet normal 0 1 0
    outer loop
      vertex 23.48236190979496 0 22.818148347421864
      vertex 24.76536686473018 0 22.902240934977428
      vertex 24.51763809020504 0 22.818148347421864
    endloop
  endfacet
  facet normal 0 1 0
    outer loop
      vertex 22.782477141982557 0 23.16329331941753
      vertex 25.217522858017443 0 23.16329331941753
      vertex 23 0 23.01794919243112
    endloop
  endfacet
  facet normal 0 1 0
    outer loop
      vertex 23.23463313526982 0 22.902240934977428
      vertex 23 0 23.01794919243112
      vertex 25 0 23.01794919243112
    endloop
  endfacet
  facet normal 0 1 0
    outer loop
      vertex 22.585786437626904 0 23.335786437626904
      vertex 25.414213562373096 0 23.335786437626904
      vertex 22.782477141982557 0 23.16329331941753
    endloop
  endfacet
  facet normal 0 1 0
    outer loop
      vertex 23.23463313526982 0 22.902240934977428
      vertex 25 0 23.01794919243112
      vertex 24.76536686473018 0 22.902240934977428
    endloop
  endfacet
  facet normal 0 1 0
    outer loop
      vertex 23 0 23.01794919243112
      vertex 25.217522858017443 0 23.16329331941753
      vertex 25 0 23.01794919243112
    endloop
  endfacet
  facet normal 0 1 0
    outer loop
      vertex 22.782477141982557 0 23.16329331941753
      vertex 25.414213562373096 0 23.335786437626904
      vertex 25.217522858017443 0 23.16329331941753
    endloop
  endfacet
  facet normal 0 1 0
    outer loop
      vertex 22.585786437626904 0 23.335786437626904
      vertex 25.58670668058247 0 23.532477141982557
      vertex 25.414213562373096 0 23.335786437626904
    endloop
  endfacet
  facet normal 0 1 0
    outer loop
      vertex 22.585786437626904 0 23.335786437626904
      vertex 22.41329331941753 0 23.532477141982557
      vertex 25.58670668058247 0 23.532477141982557
    endloop
  endfacet
  facet normal 0 1 0
    outer loop
      vertex 22.26794919243112 0 23.75
      vertex 25.73205080756888 0 23.75
      vertex 22.41329331941753 0 23.532477141982557
    endloop
  endfacet
  facet normal 0 1 0
    outer loop
      vertex 22.26794919243112 0 23.75
      vertex 22.152240934977428 0 23.98463313526982
      vertex 25.847759065022572 0 23.98463313526982
    endloop
  endfacet
  facet normal 0 1 0
    outer loop
      vertex 22.41329331941753 0 23.532477141982557
      vertex 25.73205080756888 0 23.75
      vertex 25.58670668058247 0 23.532477141982557
    endloop
  endfacet
  facet normal 0 1 0
    outer loop
      vertex 22.26794919243112 0 23.75
      vertex 25.847759065022572 0 23.98463313526982
      vertex 25.73205080756888 0 23.75
    endloop
  endfacet
  facet normal 0 1 0
    outer loop
      vertex 22.152240934977428 0 23.98463313526982
      vertex 22.068148347421864 0 24.23236190979496
      vertex 25.931851652578136 0 24.23236190979496
    endloop
  endfacet
  facet normal 0 1 0
    outer loop
      vertex 22.017110277252378 0 24.488947615559898
      vertex 25.982889722747622 0 24.488947615559898
      vertex 22.068148347421864 0 24.23236190979496
    endloop
  endfacet
  facet normal 0 1 0
    outer loop
      vertex 22.152240934977428 0 23.98463313526982
      vertex 25.931851652578136 0 24.23236190979496
      vertex 25.847759065022572 0 23.98463313526982
    endloop
  endfacet
  facet normal 0 1 0
    outer loop
      vertex 22.068148347421864 0 24.23236190979496
      vertex 25.982889722747622 0 24.488947615559898
      vertex 25.931851652578136 0 24.23236190979496
    endloop
  endfacet
  facet normal 0 1 0
    outer loop
      vertex 22.017110277252378 0 24.488947615559898
      vertex 22 0 24.75
      vertex 26 0 24.75
    endloop
  endfacet
  facet normal 0 1 0
    outer loop
      vertex 22 0 24.75
      vertex 22.017110277252378 0 25.011052384440102
      vertex 25.982889722747622 0 25.011052384440102
    endloop
  endfacet
  facet normal 0 1 0
    outer loop
      vertex 22.017110277252378 0 25.011052384440102
      vertex 22.068148347421864 0 25.26763809020504
      vertex 25.931851652578136 0 25.26763809020504
    endloop
  endfacet
  facet normal 0 1 0
    outer loop
      vertex 22.017110277252378 0 24.488947615559898
      vertex 26 0 24.75
      vertex 25.982889722747622 0 24.488947615559898
    endloop
  endfacet
  facet normal 0 1 0
    outer loop
      vertex 22 0 24.75
      vertex 25.982889722747622 0 25.011052384440102
      vertex 26 0 24.75
    endloop
  endfacet
  facet normal 0 1 0
    outer loop
      vertex 22.017110277252378 0 25.011052384440102
      vertex 25.931851652578136 0 25.26763809020504
      vertex 25.982889722747622 0 25.011052384440102
    endloop
  endfacet
  facet normal 0 1 0
    outer loop
      vertex 22.068148347421864 0 25.26763809020504
      vertex 25.847759065022572 0 25.51536686473018
      vertex 25.931851652578136 0 25.26763809020504
    endloop
  endfacet
  facet normal 0 1 0
    outer loop
      vertex 22.068148347421864 0 25.26763809020504
      vertex 22.152240934977428 0 25.51536686473018
      vertex 25.847759065022572 0 25.51536686473018
    endloop
  endfacet
  facet normal 0 1 0
    outer loop
      vertex 22.152240934977428 0 25.51536686473018
      vertex 22.26794919243112 0 25.75
      vertex 25.73205080756888 0 25.75
    endloop
  endfacet
  facet normal 0 1 0
    outer loop
      vertex 22.26794919243112 0 25.75
      vertex 22.41329331941753 0 25.967522858017443
      vertex 25.58670668058247 0 25.967522858017443
    endloop
  endfacet
  facet normal 0 1 0
    outer loop
      vertex 22.152240934977428 0 25.51536686473018
      vertex 25.73205080756888 0 25.75
      vertex 25.847759065022572 0 25.51536686473018
    endloop
  endfacet
  facet normal 0 1 0
    outer loop
      vertex 22.26794919243112 0 25.75
      vertex 25.58670668058247 0 25.967522858017443
      vertex 25.73205080756888 0 25.75
    endloop
  endfacet
  facet normal 0 1 0
    outer loop
      vertex 22.41329331941753 0 25.967522858017443
      vertex 22.585786437626904 0 26.164213562373096
      vertex 25.414213562373096 0 26.164213562373096
    endloop
  endfacet
  facet normal 0 1 0
    outer loop
      vertex 22.585786437626904 0 26.164213562373096
      vertex 22.782477141982557 0 26.33670668058247
      vertex 25.217522858017443 0 26.33670668058247
    endloop
  endfacet
  facet normal 0 1 0
    outer loop
      vertex 22.41329331941753 0 25.967522858017443
      vertex 25.414213562373096 0 26.164213562373096
      vertex 25.58670668058247 0 25.967522858017443
    endloop
  endfacet
  facet normal 0 1 0
    outer loop
      vertex 22.782477141982557 0 26.33670668058247
      vertex 25 0 26.48205080756888
      vertex 25.217522858017443 0 26.33670668058247
    endloop
  endfacet
  facet normal 0 1 0
    outer loop
      vertex 22.585786437626904 0 26.164213562373096
      vertex 25.217522858017443 0 26.33670668058247
      vertex 25.414213562373096 0 26.164213562373096
    endloop
  endfacet
  facet normal 0 1 0
    outer loop
      vertex 22.782477141982557 0 26.33670668058247
      vertex 23 0 26.48205080756888
      vertex 25 0 26.48205080756888
    endloop
  endfacet
  facet normal 0 1 0
    outer loop
      vertex 23 0 26.48205080756888
      vertex 23.23463313526982 0 26.597759065022572
      vertex 24.76536686473018 0 26.597759065022572
    endloop
  endfacet
  facet normal 0 1 0
    outer loop
      vertex 23.23463313526982 0 26.597759065022572
      vertex 23.48236190979496 0 26.681851652578136
      vertex 24.51763809020504 0 26.681851652578136
    endloop
  endfacet
  facet normal 0 1 0
    outer loop
      vertex 23.48236190979496 0 26.681851652578136
      vertex 23.738947615559898 0 26.732889722747622
      vertex 24.261052384440102 0 26.732889722747622
    endloop
  endfacet
  facet normal 0 1 0
    outer loop
      vertex 23.738947615559898 0 26.732889722747622
      vertex 24 0 26.75
      vertex 24.261052384440102 0 26.732889722747622
    endloop
  endfacet
  facet normal 0 1 0
    outer loop
      vertex 23 0 26.48205080756888
      vertex 24.76536686473018 0 26.597759065022572
      vertex 25 0 26.48205080756888
    endloop
  endfacet
  facet normal 0 1 0
    outer loop
      vertex 23.23463313526982 0 26.597759065022572
      vertex 24.51763809020504 0 26.681851652578136
      vertex 24.76536686473018 0 26.597759065022572
    endloop
  endfacet
  facet normal 0 1 0
    outer loop
      vertex 23.48236190979496 0 26.681851652578136
      vertex 24.261052384440102 0 26.732889722747622
      vertex 24.51763809020504 0 26.681851652578136
    endloop
  endfacet
  facet normal 0.7518398074789787 0 0.6593458151000674
    outer loop
      vertex 22.585786437626904 0 23.335786437626904
      vertex 22.585786437626904 6 23.335786437626904
      vertex 22.41329331941753 0 23.532477141982557
    endloop
  endfacet
  facet normal 0.5555702330196042 0 0.8314696123025439
    outer loop
      vertex 22.782477141982557 0 23.16329331941753
      vertex 23 0 23.01794919243112
      vertex 23 6 23.01794919243112
    endloop
  endfacet
  facet normal 0.44228869021899286 0 0.8968727415326926
    outer loop
      vertex 23.23463313526982 0 22.902240934977428
      vertex 23.23463313526982 6 22.902240934977428
      vertex 23 0 23.01794919243112
    endloop
  endfacet
  facet normal 0.6593458151000674 0 0.7518398074789787
    outer loop
      vertex 22.585786437626904 0 23.335786437626904
      vertex 22.782477141982557 0 23.16329331941753
      vertex 22.782477141982557 6 23.16329331941753
    endloop
  endfacet
  facet normal 0.3214394653031609 0 0.9469301294951059
    outer loop
      vertex 23.23463313526982 0 22.902240934977428
      vertex 23.48236190979496 0 22.818148347421864
      vertex 23.48236190979496 6 22.818148347421864
    endloop
  endfacet
  facet normal 0.19509032201613669 0 0.9807852804032289
    outer loop
      vertex 23.48236190979496 0 22.818148347421864
      vertex 23.738947615559898 0 22.767110277252378
      vertex 23.738947615559898 6 22.767110277252378
    endloop
  endfacet
  facet normal 0.0654031292301393 0 0.9978589232386038
    outer loop
      vertex 23.738947615559898 0 22.767110277252378
      vertex 24 0 22.75
      vertex 24 6 22.75
    endloop
  endfacet
  facet normal -0.0654031292301393 0 0.9978589232386038
    outer loop
      vertex 24 0 22.75
      vertex 24.261052384440102 0 22.767110277252378
      vertex 24.261052384440102 6 22.767110277252378
    endloop
  endfacet
  facet normal -0.19509032201613669 0 0.9807852804032289
    outer loop
      vertex 24.261052384440102 0 22.767110277252378
      vertex 24.51763809020504 0 22.818148347421864
      vertex 24.51763809020504 6 22.818148347421864
    endloop
  endfacet
  facet normal -0.3214394653031609 0 0.9469301294951059
    outer loop
      vertex 24.51763809020504 0 22.818148347421864
      vertex 24.76536686473018 0 22.902240934977428
      vertex 24.76536686473018 6 22.902240934977428
    endloop
  endfacet
  facet normal 0.8314696123025439 0 0.5555702330196042
    outer loop
      vertex 22.26794919243112 0 23.75
      vertex 22.41329331941753 0 23.532477141982557
      vertex 22.41329331941753 6 23.532477141982557
    endloop
  endfacet
  facet normal 0.8968727415326926 0 0.44228869021899286
    outer loop
      vertex 22.26794919243112 0 23.75
      vertex 22.26794919243112 6 23.75
      vertex 22.152240934977428 0 23.98463313526982
    endloop
  endfacet
  facet normal 0.9469301294951059 0 0.3214394653031609
    outer loop
      vertex 22.152240934977428 0 23.98463313526982
      vertex 22.152240934977428 6 23.98463313526982
      vertex 22.068148347421864 0 24.23236190979496
    endloop
  endfacet
  facet normal 0.9807852804032289 0 0.19509032201613669
    outer loop
      vertex 22.017110277252378 0 24.488947615559898
      vertex 22.068148347421864 0 24.23236190979496
      vertex 22.068148347421864 6 24.23236190979496
    endloop
  endfacet
  facet normal 0.9978589232386038 0 0.0654031292301393
    outer loop
      vertex 22.017110277252378 0 24.488947615559898
      vertex 22.017110277252378 6 24.488947615559898
      vertex 22 0 24.75
    endloop
  endfacet
  facet normal 0.9978589232386038 0 -0.0654031292301393
    outer loop
      vertex 22 0 24.75
      vertex 22 6 24.75
      vertex 22.017110277252378 0 25.011052384440102
    endloop
  endfacet
  facet normal 0.9807852804032289 0 -0.19509032201613669
    outer loop
      vertex 22.017110277252378 0 25.011052384440102
      vertex 22.017110277252378 6 25.011052384440102
      vertex 22.068148347421864 0 25.26763809020504
    endloop
  endfacet
  facet normal 0.9469301294951059 0 -0.3214394653031609
    outer loop
      vertex 22.068148347421864 0 25.26763809020504
      vertex 22.068148347421864 6 25.26763809020504
      vertex 22.152240934977428 0 25.51536686473018
    endloop
  endfacet
  facet normal 0.8968727415326926 0 -0.44228869021899286
    outer loop
      vertex 22.152240934977428 0 25.51536686473018
      vertex 22.152240934977428 6 25.51536686473018
      vertex 22.26794919243112 0 25.75
    endloop
  endfacet
  facet normal 0.8314696123025439 0 -0.5555702330196042
    outer loop
      vertex 22.26794919243112 0 25.75
      vertex 22.26794919243112 6 25.75
      vertex 22.41329331941753 0 25.967522858017443
    endloop
  endfacet
  facet normal 0.7518398074789787 0 -0.6593458151000674
    outer loop
      vertex 22.41329331941753 0 25.967522858017443
      vertex 22.41329331941753 6 25.967522858017443
      vertex 22.585786437626904 0 26.164213562373096
    endloop
  endfacet
  facet normal 0.6593458151000674 0 -0.7518398074789787
    outer loop
      vertex 22.585786437626904 0 26.164213562373096
      vertex 22.585786437626904 6 26.164213562373096
      vertex 22.782477141982557 0 26.33670668058247
    endloop
  endfacet
  facet normal 0.5555702330196042 0 -0.8314696123025439
    outer loop
      vertex 22.782477141982557 0 26.33670668058247
      vertex 22.782477141982557 6 26.33670668058247
      vertex 23 0 26.48205080756888
    endloop
  endfacet
  facet normal 0.3214394653031609 0 0.9469301294951059
    outer loop
      vertex 23.23463313526982 0 22.902240934977428
      vertex 23.48236190979496 6 22.818148347421864
      vertex 23.23463313526982 6 22.902240934977428
    endloop
  endfacet
  facet normal 0.5555702330196042 0 0.8314696123025439
    outer loop
      vertex 22.782477141982557 0 23.16329331941753
      vertex 23 6 23.01794919243112
      vertex 22.782477141982557 6 23.16329331941753
    endloop
  endfacet
  facet normal 0.44228869021899286 0 0.8968727415326926
    outer loop
      vertex 23 0 23.01794919243112
      vertex 23.23463313526982 6 22.902240934977428
      vertex 23 6 23.01794919243112
    endloop
  endfacet
  facet normal 0.6593458151000674 0 0.7518398074789787
    outer loop
      vertex 22.585786437626904 0 23.335786437626904
      vertex 22.782477141982557 6 23.16329331941753
      vertex 22.585786437626904 6 23.335786437626904
    endloop
  endfacet
  facet normal 0.19509032201613669 0 0.9807852804032289
    outer loop
      vertex 23.48236190979496 0 22.818148347421864
      vertex 23.738947615559898 6 22.767110277252378
      vertex 23.48236190979496 6 22.818148347421864
    endloop
  endfacet
  facet normal 0.0654031292301393 0 0.9978589232386038
    outer loop
      vertex 23.738947615559898 0 22.767110277252378
      vertex 24 6 22.75
      vertex 23.738947615559898 6 22.767110277252378
    endloop
  endfacet
  facet normal -0.0654031292301393 0 0.9978589232386038
    outer loop
      vertex 24 0 22.75
      vertex 24.261052384440102 6 22.767110277252378
      vertex 24 6 22.75
    endloop
  endfacet
  facet normal -0.19509032201613669 0 0.9807852804032289
    outer loop
      vertex 24.261052384440102 0 22.767110277252378
      vertex 24.51763809020504 6 22.818148347421864
      vertex 24.261052384440102 6 22.767110277252378
    endloop
  endfacet
  facet normal -0.3214394653031609 0 0.9469301294951059
    outer loop
      vertex 24.51763809020504 0 22.818148347421864
      vertex 24.76536686473018 6 22.902240934977428
      vertex 24.51763809020504 6 22.818148347421864
    endloop
  endfacet
  facet normal 0.7518398074789787 0 0.6593458151000674
    outer loop
      vertex 22.41329331941753 0 23.532477141982557
      vertex 22.585786437626904 6 23.335786437626904
      vertex 22.41329331941753 6 23.532477141982557
    endloop
  endfacet
  facet normal 0.8968727415326926 0 0.44228869021899286
    outer loop
      vertex 22.152240934977428 0 23.98463313526982
      vertex 22.26794919243112 6 23.75
      vertex 22.152240934977428 6 23.98463313526982
    endloop
  endfacet
  facet normal 0.8314696123025439 0 0.5555702330196042
    outer loop
      vertex 22.26794919243112 0 23.75
      vertex 22.41329331941753 6 23.532477141982557
      vertex 22.26794919243112 6 23.75
    endloop
  endfacet
  facet normal 0.9469301294951059 0 0.3214394653031609
    outer loop
      vertex 22.068148347421864 0 24.23236190979496
      vertex 22.152240934977428 6 23.98463313526982
      vertex 22.068148347421864 6 24.23236190979496
    endloop
  endfacet
  facet normal 0.9807852804032289 0 0.19509032201613669
    outer loop
      vertex 22.017110277252378 0 24.488947615559898
      vertex 22.068148347421864 6 24.23236190979496
      vertex 22.017110277252378 6 24.488947615559898
    endloop
  endfacet
  facet normal 0.9978589232386038 0 0.0654031292301393
    outer loop
      vertex 22 0 24.75
      vertex 22.017110277252378 6 24.488947615559898
      vertex 22 6 24.75
    endloop
  endfacet
  facet normal 0.9978589232386038 0 -0.0654031292301393
    outer loop
      vertex 22.017110277252378 0 25.011052384440102
      vertex 22 6 24.75
      vertex 22.017110277252378 6 25.011052384440102
    endloop
  endfacet
  facet normal 0.9807852804032289 0 -0.19509032201613669
    outer loop
      vertex 22.068148347421864 0 25.26763809020504
      vertex 22.017110277252378 6 25.011052384440102
      vertex 22.068148347421864 6 25.26763809020504
    endloop
  endfacet
  facet normal 0.9469301294951059 0 -0.3214394653031609
    outer loop
      vertex 22.152240934977428 0 25.51536686473018
      vertex 22.068148347421864 6 25.26763809020504
      vertex 22.152240934977428 6 25.51536686473018
    endloop
  endfacet
  facet normal 0.8968727415326926 0 -0.44228869021899286
    outer loop
      vertex 22.26794919243112 0 25.75
      vertex 22.152240934977428 6 25.51536686473018
      vertex 22.26794919243112 6 25.75
    endloop
  endfacet
  facet normal 0.8314696123025439 0 -0.5555702330196042
    outer loop
      vertex 22.41329331941753 0 25.967522858017443
      vertex 22.26794919243112 6 25.75
      vertex 22.41329331941753 6 25.967522858017443
    endloop
  endfacet
  facet normal 0.7518398074789787 0 -0.6593458151000674
    outer loop
      vertex 22.585786437626904 0 26.164213562373096
      vertex 22.41329331941753 6 25.967522858017443
      vertex 22.585786437626904 6 26.164213562373096
    endloop
  endfacet
  facet normal 0.6593458151000674 0 -0.7518398074789787
    outer loop
      vertex 22.782477141982557 0 26.33670668058247
      vertex 22.585786437626904 6 26.164213562373096
      vertex 22.782477141982557 6 26.33670668058247
    endloop
  endfacet
  facet normal -0.44228869021899286 0 0.8968727415326926
    outer loop
      vertex 24.76536686473018 0 22.902240934977428
      vertex 25 0 23.01794919243112
      vertex 25 6 23.01794919243112
    endloop
  endfacet
  facet normal -0.5555702330196042 0 0.8314696123025439
    outer loop
      vertex 25 0 23.01794919243112
      vertex 25.217522858017443 0 23.16329331941753
      vertex 25.217522858017443 6 23.16329331941753
    endloop
  endfacet
  facet normal -0.6593458151000674 0 0.7518398074789787
    outer loop
      vertex 25.217522858017443 0 23.16329331941753
      vertex 25.414213562373096 0 23.335786437626904
      vertex 25.414213562373096 6 23.335786437626904
    endloop
  endfacet
  facet normal -0.7518398074789787 0 0.6593458151000674
    outer loop
      vertex 25.414213562373096 0 23.335786437626904
      vertex 25.58670668058247 0 23.532477141982557
      vertex 25.58670668058247 6 23.532477141982557
    endloop
  endfacet
  facet normal -0.8314696123025439 0 0.5555702330196042
    outer loop
      vertex 25.58670668058247 0 23.532477141982557
      vertex 25.73205080756888 0 23.75
      vertex 25.73205080756888 6 23.75
    endloop
  endfacet
  facet normal -0.8968727415326926 0 0.44228869021899286
    outer loop
      vertex 25.73205080756888 0 23.75
      vertex 25.847759065022572 0 23.98463313526982
      vertex 25.847759065022572 6 23.98463313526982
    endloop
  endfacet
  facet normal -0.9469301294951059 0 0.3214394653031609
    outer loop
      vertex 25.847759065022572 0 23.98463313526982
      vertex 25.931851652578136 0 24.23236190979496
      vertex 25.931851652578136 6 24.23236190979496
    endloop
  endfacet
  facet normal -0.9807852804032289 0 0.19509032201613669
    outer loop
      vertex 25.931851652578136 0 24.23236190979496
      vertex 25.982889722747622 0 24.488947615559898
      vertex 25.982889722747622 6 24.488947615559898
    endloop
  endfacet
  facet normal -0.9978589232386038 0 0.0654031292301393
    outer loop
      vertex 25.982889722747622 0 24.488947615559898
      vertex 26 0 24.75
      vertex 26 6 24.75
    endloop
  endfacet
  facet normal -0.9978589232386038 0 -0.0654031292301393
    outer loop
      vertex 26 0 24.75
      vertex 25.982889722747622 0 25.011052384440102
      vertex 25.982889722747622 6 25.011052384440102
    endloop
  endfacet
  facet normal -0.9807852804032289 0 -0.19509032201613669
    outer loop
      vertex 25.982889722747622 0 25.011052384440102
      vertex 25.931851652578136 0 25.26763809020504
      vertex 25.931851652578136 6 25.26763809020504
    endloop
  endfacet
  facet normal -0.8968727415326926 0 -0.44228869021899286
    outer loop
      vertex 25.847759065022572 0 25.51536686473018
      vertex 25.73205080756888 0 25.75
      vertex 25.73205080756888 6 25.75
    endloop
  endfacet
  facet normal -0.9469301294951059 0 -0.3214394653031609
    outer loop
      vertex 25.931851652578136 0 25.26763809020504
      vertex 25.847759065022572 0 25.51536686473018
      vertex 25.847759065022572 6 25.51536686473018
    endloop
  endfacet
  facet normal -0.8314696123025439 0 -0.5555702330196042
    outer loop
      vertex 25.58670668058247 0 25.967522858017443
      vertex 25.58670668058247 6 25.967522858017443
      vertex 25.73205080756888 0 25.75
    endloop
  endfacet
  facet normal -0.6593458151000674 0 -0.7518398074789787
    outer loop
      vertex 25.217522858017443 0 26.33670668058247
      vertex 25.217522858017443 6 26.33670668058247
      vertex 25.414213562373096 0 26.164213562373096
    endloop
  endfacet
  facet normal -0.7518398074789787 0 -0.6593458151000674
    outer loop
      vertex 25.58670668058247 0 25.967522858017443
      vertex 25.414213562373096 0 26.164213562373096
      vertex 25.414213562373096 6 26.164213562373096
    endloop
  endfacet
  facet normal -0.44228869021899286 0 0.8968727415326926
    outer loop
      vertex 24.76536686473018 0 22.902240934977428
      vertex 25 6 23.01794919243112
      vertex 24.76536686473018 6 22.902240934977428
    endloop
  endfacet
  facet normal -0.5555702330196042 0 0.8314696123025439
    outer loop
      vertex 25 0 23.01794919243112
      vertex 25.217522858017443 6 23.16329331941753
      vertex 25 6 23.01794919243112
    endloop
  endfacet
  facet normal -0.6593458151000674 0 0.7518398074789787
    outer loop
      vertex 25.217522858017443 0 23.16329331941753
      vertex 25.414213562373096 6 23.335786437626904
      vertex 25.217522858017443 6 23.16329331941753
    endloop
  endfacet
  facet normal -0.7518398074789787 0 0.6593458151000674
    outer loop
      vertex 25.414213562373096 0 23.335786437626904
      vertex 25.58670668058247 6 23.532477141982557
      vertex 25.414213562373096 6 23.335786437626904
    endloop
  endfacet
  facet normal -0.8314696123025439 0 0.5555702330196042
    outer loop
      vertex 25.58670668058247 0 23.532477141982557
      vertex 25.73205080756888 6 23.75
      vertex 25.58670668058247 6 23.532477141982557
    endloop
  endfacet
  facet normal -0.8968727415326926 0 0.44228869021899286
    outer loop
      vertex 25.73205080756888 0 23.75
      vertex 25.847759065022572 6 23.98463313526982
      vertex 25.73205080756888 6 23.75
    endloop
  endfacet
  facet normal -0.9469301294951059 0 0.3214394653031609
    outer loop
      vertex 25.847759065022572 0 23.98463313526982
      vertex 25.931851652578136 6 24.23236190979496
      vertex 25.847759065022572 6 23.98463313526982
    endloop
  endfacet
  facet normal -0.9807852804032289 0 0.19509032201613669
    outer loop
      vertex 25.931851652578136 0 24.23236190979496
      vertex 25.982889722747622 6 24.488947615559898
      vertex 25.931851652578136 6 24.23236190979496
    endloop
  endfacet
  facet normal -0.9978589232386038 0 0.0654031292301393
    outer loop
      vertex 25.982889722747622 0 24.488947615559898
      vertex 26 6 24.75
      vertex 25.982889722747622 6 24.488947615559898
    endloop
  endfacet
  facet normal -0.9978589232386038 0 -0.0654031292301393
    outer loop
      vertex 26 0 24.75
      vertex 25.982889722747622 6 25.011052384440102
      vertex 26 6 24.75
    endloop
  endfacet
  facet normal -0.9807852804032289 0 -0.19509032201613669
    outer loop
      vertex 25.982889722747622 0 25.011052384440102
      vertex 25.931851652578136 6 25.26763809020504
      vertex 25.982889722747622 6 25.011052384440102
    endloop
  endfacet
  facet normal -0.9469301294951059 0 -0.3214394653031609
    outer loop
      vertex 25.931851652578136 0 25.26763809020504
      vertex 25.847759065022572 6 25.51536686473018
      vertex 25.931851652578136 6 25.26763809020504
    endloop
  endfacet
  facet normal -0.8968727415326926 0 -0.44228869021899286
    outer loop
      vertex 25.847759065022572 0 25.51536686473018
      vertex 25.73205080756888 6 25.75
      vertex 25.847759065022572 6 25.51536686473018
    endloop
  endfacet
  facet normal -0.8314696123025439 0 -0.5555702330196042
    outer loop
      vertex 25.73205080756888 0 25.75
      vertex 25.58670668058247 6 25.967522858017443
      vertex 25.73205080756888 6 25.75
    endloop
  endfacet
  facet normal -0.6593458151000674 0 -0.7518398074789787
    outer loop
      vertex 25.414213562373096 0 26.164213562373096
      vertex 25.217522858017443 6 26.33670668058247
      vertex 25.414213562373096 6 26.164213562373096
    endloop
  endfacet
  facet normal -0.5555702330196042 0 -0.8314696123025439
    outer loop
      vertex 25.217522858017443 0 26.33670668058247
      vertex 25 6 26.48205080756888
      vertex 25.217522858017443 6 26.33670668058247
    endloop
  endfacet
  facet normal -0.7518398074789787 0 -0.6593458151000674
    outer loop
      vertex 25.58670668058247 0 25.967522858017443
      vertex 25.414213562373096 6 26.164213562373096
      vertex 25.58670668058247 6 25.967522858017443
    endloop
  endfacet
  facet normal 0.44228869021899286 0 -0.8968727415326926
    outer loop
      vertex 23 0 26.48205080756888
      vertex 23 6 26.48205080756888
      vertex 23.23463313526982 0 26.597759065022572
    endloop
  endfacet
  facet normal 0.3214394653031609 0 -0.9469301294951059
    outer loop
      vertex 23.23463313526982 0 26.597759065022572
      vertex 23.23463313526982 6 26.597759065022572
      vertex 23.48236190979496 0 26.681851652578136
    endloop
  endfacet
  facet normal 0.19509032201613669 0 -0.9807852804032289
    outer loop
      vertex 23.48236190979496 0 26.681851652578136
      vertex 23.48236190979496 6 26.681851652578136
      vertex 23.738947615559898 0 26.732889722747622
    endloop
  endfacet
  facet normal 0.0654031292301393 0 -0.9978589232386038
    outer loop
      vertex 23.738947615559898 0 26.732889722747622
      vertex 23.738947615559898 6 26.732889722747622
      vertex 24 0 26.75
    endloop
  endfacet
  facet normal -0.3214394653031609 0 -0.9469301294951059
    outer loop
      vertex 24.51763809020504 0 26.681851652578136
      vertex 24.51763809020504 6 26.681851652578136
      vertex 24.76536686473018 0 26.597759065022572
    endloop
  endfacet
  facet normal -0.0654031292301393 0 -0.9978589232386038
    outer loop
      vertex 24 0 26.75
      vertex 24 6 26.75
      vertex 24.261052384440102 0 26.732889722747622
    endloop
  endfacet
  facet normal -0.19509032201613669 0 -0.9807852804032289
    outer loop
      vertex 24.261052384440102 0 26.732889722747622
      vertex 24.261052384440102 6 26.732889722747622
      vertex 24.51763809020504 0 26.681851652578136
    endloop
  endfacet
  facet normal 0.5555702330196042 0 -0.8314696123025439
    outer loop
      vertex 23 0 26.48205080756888
      vertex 22.782477141982557 6 26.33670668058247
      vertex 23 6 26.48205080756888
    endloop
  endfacet
  facet normal 0.44228869021899286 0 -0.8968727415326926
    outer loop
      vertex 23.23463313526982 0 26.597759065022572
      vertex 23 6 26.48205080756888
      vertex 23.23463313526982 6 26.597759065022572
    endloop
  endfacet
  facet normal 0.3214394653031609 0 -0.9469301294951059
    outer loop
      vertex 23.48236190979496 0 26.681851652578136
      vertex 23.23463313526982 6 26.597759065022572
      vertex 23.48236190979496 6 26.681851652578136
    endloop
  endfacet
  facet normal 0.19509032201613669 0 -0.9807852804032289
    outer loop
      vertex 23.738947615559898 0 26.732889722747622
      vertex 23.48236190979496 6 26.681851652578136
      vertex 23.738947615559898 6 26.732889722747622
    endloop
  endfacet
  facet normal 0.0654031292301393 0 -0.9978589232386038
    outer loop
      vertex 24 0 26.75
      vertex 23.738947615559898 6 26.732889722747622
      vertex 24 6 26.75
    endloop
  endfacet
  facet normal -0.3214394653031609 0 -0.9469301294951059
    outer loop
      vertex 24.76536686473018 0 26.597759065022572
      vertex 24.51763809020504 6 26.681851652578136
      vertex 24.76536686473018 6 26.597759065022572
    endloop
  endfacet
  facet normal -0.0654031292301393 0 -0.9978589232386038
    outer loop
      vertex 24.261052384440102 0 26.732889722747622
      vertex 24 6 26.75
      vertex 24.261052384440102 6 26.732889722747622
    endloop
  endfacet
  facet normal -0.19509032201613669 0 -0.9807852804032289
    outer loop
      vertex 24.51763809020504 0 26.681851652578136
      vertex 24.261052384440102 6 26.732889722747622
      vertex 24.51763809020504 6 26.681851652578136
    endloop
  endfacet
  facet normal -0.5555702330196042 0 -0.8314696123025439
    outer loop
      vertex 25.217522858017443 0 26.33670668058247
      vertex 25 0 26.48205080756888
      vertex 25 6 26.48205080756888
    endloop
  endfacet
  facet normal -0.44228869021899286 0 -0.8968727415326926
    outer loop
      vertex 24.76536686473018 0 26.597759065022572
      vertex 24.76536686473018 6 26.597759065022572
      vertex 25 0 26.48205080756888
    endloop
  endfacet
  facet normal -0.44228869021899286 0 -0.8968727415326926
    outer loop
      vertex 25 0 26.48205080756888
      vertex 24.76536686473018 6 26.597759065022572
      vertex 25 6 26.48205080756888
    endloop
  endfacet
endsolid OpenSCAD_Model
