solid OpenSCAD_Model
  facet normal 0 -1 0
    outer loop
      vertex -2.5 -6 0
      vertex 7 -6 2.5
      vertex -2.5 -6 2.5
    endloop
  endfacet
  facet normal 0 -1 -0
    outer loop
      vertex 7 -6 2.5
      vertex -2.5 -6 0
      vertex 7 -6 0
    endloop
  endfacet
  facet normal 0.0653892 -0.99786 0
    outer loop
      vertex 7 -6 0
      vertex 7.19579 -5.98717 2.5
      vertex 7 -6 2.5
    endloop
  endfacet
  facet normal 0.0653892 -0.99786 0
    outer loop
      vertex 7.19579 -5.98717 2.5
      vertex 7 -6 0
      vertex 7.19579 -5.98717 0
    endloop
  endfacet
  facet normal 0.195146 -0.980774 0
    outer loop
      vertex 7.19579 -5.98717 0
      vertex 7.38823 -5.94888 2.5
      vertex 7.19579 -5.98717 2.5
    endloop
  endfacet
  facet normal 0.195146 -0.980774 0
    outer loop
      vertex 7.38823 -5.94888 2.5
      vertex 7.19579 -5.98717 0
      vertex 7.38823 -5.94888 0
    endloop
  endfacet
  facet normal -0.0653892 0.99786 0
    outer loop
      vertex -2.5 6 0
      vertex -2.69579 5.98717 2.5
      vertex -2.5 6 2.5
    endloop
  endfacet
  facet normal -0.0653892 0.99786 0
    outer loop
      vertex -2.69579 5.98717 2.5
      vertex -2.5 6 0
      vertex -2.69579 5.98717 0
    endloop
  endfacet
  facet normal 0.0653892 0.99786 -0
    outer loop
      vertex 7.19579 5.98717 0
      vertex 7 6 2.5
      vertex 7.19579 5.98717 2.5
    endloop
  endfacet
  facet normal 0.0653892 0.99786 0
    outer loop
      vertex 7 6 2.5
      vertex 7.19579 5.98717 0
      vertex 7 6 0
    endloop
  endfacet
  facet normal -0.831477 0.555558 0
    outer loop
      vertex -3.79904 5.25 0
      vertex -3.69003 5.41315 2.5
      vertex -3.69003 5.41315 0
    endloop
  endfacet
  facet normal -0.831477 0.555558 0
    outer loop
      vertex -3.69003 5.41315 2.5
      vertex -3.79904 5.25 0
      vertex -3.79904 5.25 2.5
    endloop
  endfacet
  facet normal 0 1 -0
    outer loop
      vertex 7 6 0
      vertex -2.5 6 2.5
      vertex 7 6 2.5
    endloop
  endfacet
  facet normal 0 1 0
    outer loop
      vertex -2.5 6 2.5
      vertex 7 6 0
      vertex -2.5 6 0
    endloop
  endfacet
  facet normal -0.442273 0.89688 0
    outer loop
      vertex -3.07402 5.88582 0
      vertex -3.25 5.79904 2.5
      vertex -3.07402 5.88582 2.5
    endloop
  endfacet
  facet normal -0.442273 0.89688 0
    outer loop
      vertex -3.25 5.79904 2.5
      vertex -3.07402 5.88582 0
      vertex -3.25 5.79904 0
    endloop
  endfacet
  facet normal 0 0 1
    outer loop
      vertex 7 6 2.5
      vertex 8.5 4.5 2.5
      vertex 8.48717 4.69579 2.5
    endloop
  endfacet
  facet normal 0 0 1
    outer loop
      vertex 8.5 4.5 2.5
      vertex 1.7 0 2.5
      vertex 8.5 -4.5 2.5
    endloop
  endfacet
  facet normal 0 0 1
    outer loop
      vertex 7 6 2.5
      vertex 8.48717 4.69579 2.5
      vertex 8.44888 4.88823 2.5
    endloop
  endfacet
  facet normal -0 0 1
    outer loop
      vertex 1.68546 -0.221894 2.5
      vertex 8.5 -4.5 2.5
      vertex 1.7 0 2.5
    endloop
  endfacet
  facet normal 0 0 1
    outer loop
      vertex 7 6 2.5
      vertex 8.44888 4.88823 2.5
      vertex 8.38582 5.07402 2.5
    endloop
  endfacet
  facet normal -0 0 1
    outer loop
      vertex 1.64207 -0.439992 2.5
      vertex 8.5 -4.5 2.5
      vertex 1.68546 -0.221894 2.5
    endloop
  endfacet
  facet normal 0 0 1
    outer loop
      vertex 7 6 2.5
      vertex 8.38582 5.07402 2.5
      vertex 8.29904 5.25 2.5
    endloop
  endfacet
  facet normal -0 0 1
    outer loop
      vertex 1.57059 -0.650561 2.5
      vertex 8.5 -4.5 2.5
      vertex 1.64207 -0.439992 2.5
    endloop
  endfacet
  facet normal 0 0 1
    outer loop
      vertex 7 6 2.5
      vertex 8.29904 5.25 2.5
      vertex 8.19003 5.41315 2.5
    endloop
  endfacet
  facet normal -0 0 1
    outer loop
      vertex 1.47224 -0.849999 2.5
      vertex 8.5 -4.5 2.5
      vertex 1.57059 -0.650561 2.5
    endloop
  endfacet
  facet normal 0 0 1
    outer loop
      vertex 7 6 2.5
      vertex 8.19003 5.41315 2.5
      vertex 8.06065 5.56065 2.5
    endloop
  endfacet
  facet normal 0 0 1
    outer loop
      vertex 8.5 -4.5 2.5
      vertex 7 -6 2.5
      vertex 8.48717 -4.69579 2.5
    endloop
  endfacet
  facet normal 0 0 1
    outer loop
      vertex 7 6 2.5
      vertex 8.06065 5.56065 2.5
      vertex 7.91315 5.69003 2.5
    endloop
  endfacet
  facet normal 0 0 1
    outer loop
      vertex 8.48717 -4.69579 2.5
      vertex 7 -6 2.5
      vertex 8.44888 -4.88823 2.5
    endloop
  endfacet
  facet normal 0 0 1
    outer loop
      vertex 7 6 2.5
      vertex 7.91315 5.69003 2.5
      vertex 7.75 5.79904 2.5
    endloop
  endfacet
  facet normal 0 0 1
    outer loop
      vertex 8.44888 -4.88823 2.5
      vertex 7 -6 2.5
      vertex 8.38582 -5.07402 2.5
    endloop
  endfacet
  facet normal 0 0 1
    outer loop
      vertex 7 6 2.5
      vertex 7.75 5.79904 2.5
      vertex 7.57402 5.88582 2.5
    endloop
  endfacet
  facet normal 0 0 1
    outer loop
      vertex 8.29904 -5.25 2.5
      vertex 7 -6 2.5
      vertex 8.19003 -5.41315 2.5
    endloop
  endfacet
  facet normal 0 0 1
    outer loop
      vertex 7 6 2.5
      vertex 7.57402 5.88582 2.5
      vertex 7.38823 5.94888 2.5
    endloop
  endfacet
  facet normal 0 0 1
    outer loop
      vertex 8.19003 -5.41315 2.5
      vertex 7 -6 2.5
      vertex 8.06065 -5.56065 2.5
    endloop
  endfacet
  facet normal 0 0 1
    outer loop
      vertex 7 6 2.5
      vertex 7.38823 5.94888 2.5
      vertex 7.19579 5.98717 2.5
    endloop
  endfacet
  facet normal 0 0 1
    outer loop
      vertex 8.06065 -5.56065 2.5
      vertex 7 -6 2.5
      vertex 7.91315 -5.69003 2.5
    endloop
  endfacet
  facet normal 0 0 1
    outer loop
      vertex 1.47224 0.849999 2.5
      vertex 8.5 4.5 2.5
      vertex 7 6 2.5
    endloop
  endfacet
  facet normal 0 0 1
    outer loop
      vertex 7.75 -5.79904 2.5
      vertex 7 -6 2.5
      vertex 7.57402 -5.88582 2.5
    endloop
  endfacet
  facet normal 0 0 1
    outer loop
      vertex 7.57402 -5.88582 2.5
      vertex 7 -6 2.5
      vertex 7.38823 -5.94888 2.5
    endloop
  endfacet
  facet normal 0 0 1
    outer loop
      vertex 8.5 4.5 2.5
      vertex 1.68546 0.221894 2.5
      vertex 1.7 0 2.5
    endloop
  endfacet
  facet normal 0 0 1
    outer loop
      vertex 8.5 4.5 2.5
      vertex 1.64207 0.439992 2.5
      vertex 1.68546 0.221894 2.5
    endloop
  endfacet
  facet normal 0 0 1
    outer loop
      vertex 8.5 4.5 2.5
      vertex 1.57059 0.650561 2.5
      vertex 1.64207 0.439992 2.5
    endloop
  endfacet
  facet normal 0 0 1
    outer loop
      vertex 8.5 4.5 2.5
      vertex 1.47224 0.849999 2.5
      vertex 1.57059 0.650561 2.5
    endloop
  endfacet
  facet normal 0 0 1
    outer loop
      vertex 7 6 2.5
      vertex 1.3487 1.03489 2.5
      vertex 1.47224 0.849999 2.5
    endloop
  endfacet
  facet normal 0 0 1
    outer loop
      vertex 7 6 2.5
      vertex 1.20208 1.20208 2.5
      vertex 1.3487 1.03489 2.5
    endloop
  endfacet
  facet normal 0 0 1
    outer loop
      vertex 7 6 2.5
      vertex 1.03489 1.3487 2.5
      vertex 1.20208 1.20208 2.5
    endloop
  endfacet
  facet normal 0 0 1
    outer loop
      vertex 7 6 2.5
      vertex 0.849999 1.47224 2.5
      vertex 1.03489 1.3487 2.5
    endloop
  endfacet
  facet normal 0 0 1
    outer loop
      vertex 7 6 2.5
      vertex 0.650561 1.57059 2.5
      vertex 0.849999 1.47224 2.5
    endloop
  endfacet
  facet normal -0 0 1
    outer loop
      vertex -2.5 6 2.5
      vertex 0.650561 1.57059 2.5
      vertex 7 6 2.5
    endloop
  endfacet
  facet normal 0 0 1
    outer loop
      vertex 0.650561 1.57059 2.5
      vertex -2.5 6 2.5
      vertex 0.439992 1.64207 2.5
    endloop
  endfacet
  facet normal 0 0 1
    outer loop
      vertex 0.439992 1.64207 2.5
      vertex -2.5 6 2.5
      vertex 0.221894 1.68546 2.5
    endloop
  endfacet
  facet normal 0 0 1
    outer loop
      vertex 0.221894 1.68546 2.5
      vertex -2.5 6 2.5
      vertex 0 1.7 2.5
    endloop
  endfacet
  facet normal 0 0 1
    outer loop
      vertex 0 1.7 2.5
      vertex -2.5 6 2.5
      vertex -0.221894 1.68546 2.5
    endloop
  endfacet
  facet normal 0 0 1
    outer loop
      vertex -0.221894 1.68546 2.5
      vertex -2.5 6 2.5
      vertex -0.439992 1.64207 2.5
    endloop
  endfacet
  facet normal 0 0 1
    outer loop
      vertex -0.439992 1.64207 2.5
      vertex -2.5 6 2.5
      vertex -0.650561 1.57059 2.5
    endloop
  endfacet
  facet normal 0 0 1
    outer loop
      vertex -1.64207 0.439992 2.5
      vertex -4 4.5 2.5
      vertex -1.68546 0.221894 2.5
    endloop
  endfacet
  facet normal 0 0 1
    outer loop
      vertex -1.57059 0.650561 2.5
      vertex -4 4.5 2.5
      vertex -1.64207 0.439992 2.5
    endloop
  endfacet
  facet normal 0 0 1
    outer loop
      vertex -1.47224 0.849999 2.5
      vertex -4 4.5 2.5
      vertex -1.57059 0.650561 2.5
    endloop
  endfacet
  facet normal 0 0 1
    outer loop
      vertex -1.3487 1.03489 2.5
      vertex -4 4.5 2.5
      vertex -1.47224 0.849999 2.5
    endloop
  endfacet
  facet normal 0 0 1
    outer loop
      vertex -1.20208 1.20208 2.5
      vertex -4 4.5 2.5
      vertex -1.3487 1.03489 2.5
    endloop
  endfacet
  facet normal 0 0 1
    outer loop
      vertex -1.03489 1.3487 2.5
      vertex -4 4.5 2.5
      vertex -1.20208 1.20208 2.5
    endloop
  endfacet
  facet normal 0 0 1
    outer loop
      vertex -0.849999 1.47224 2.5
      vertex -4 4.5 2.5
      vertex -1.03489 1.3487 2.5
    endloop
  endfacet
  facet normal 0 0 1
    outer loop
      vertex -0.650561 1.57059 2.5
      vertex -4 4.5 2.5
      vertex -0.849999 1.47224 2.5
    endloop
  endfacet
  facet normal -0 0 1
    outer loop
      vertex -4 4.5 2.5
      vertex -0.650561 1.57059 2.5
      vertex -2.5 6 2.5
    endloop
  endfacet
  facet normal 0 0 1
    outer loop
      vertex 7.38823 -5.94888 2.5
      vertex 7 -6 2.5
      vertex 7.19579 -5.98717 2.5
    endloop
  endfacet
  facet normal 0 0 1
    outer loop
      vertex 7.91315 -5.69003 2.5
      vertex 7 -6 2.5
      vertex 7.75 -5.79904 2.5
    endloop
  endfacet
  facet normal 0 0 1
    outer loop
      vertex 8.38582 -5.07402 2.5
      vertex 7 -6 2.5
      vertex 8.29904 -5.25 2.5
    endloop
  endfacet
  facet normal 0 0 1
    outer loop
      vertex 8.5 -4.5 2.5
      vertex 1.47224 -0.849999 2.5
      vertex 7 -6 2.5
    endloop
  endfacet
  facet normal -0 0 1
    outer loop
      vertex 1.3487 -1.03489 2.5
      vertex 7 -6 2.5
      vertex 1.47224 -0.849999 2.5
    endloop
  endfacet
  facet normal -0 0 1
    outer loop
      vertex 1.20208 -1.20208 2.5
      vertex 7 -6 2.5
      vertex 1.3487 -1.03489 2.5
    endloop
  endfacet
  facet normal -0 0 1
    outer loop
      vertex 1.03489 -1.3487 2.5
      vertex 7 -6 2.5
      vertex 1.20208 -1.20208 2.5
    endloop
  endfacet
  facet normal -0 0 1
    outer loop
      vertex 0.849999 -1.47224 2.5
      vertex 7 -6 2.5
      vertex 1.03489 -1.3487 2.5
    endloop
  endfacet
  facet normal -0 0 1
    outer loop
      vertex 0.650561 -1.57059 2.5
      vertex 7 -6 2.5
      vertex 0.849999 -1.47224 2.5
    endloop
  endfacet
  facet normal 0 0 1
    outer loop
      vertex -2.5 -6 2.5
      vertex 0.650561 -1.57059 2.5
      vertex 0.439992 -1.64207 2.5
    endloop
  endfacet
  facet normal 0 0 1
    outer loop
      vertex -2.5 -6 2.5
      vertex 0.439992 -1.64207 2.5
      vertex 0.221894 -1.68546 2.5
    endloop
  endfacet
  facet normal 0 0 1
    outer loop
      vertex -2.5 -6 2.5
      vertex 0.221894 -1.68546 2.5
      vertex 0 -1.7 2.5
    endloop
  endfacet
  facet normal 0 0 1
    outer loop
      vertex -2.5 -6 2.5
      vertex 0 -1.7 2.5
      vertex -0.221894 -1.68546 2.5
    endloop
  endfacet
  facet normal 0 0 1
    outer loop
      vertex -2.5 -6 2.5
      vertex -0.221894 -1.68546 2.5
      vertex -0.439992 -1.64207 2.5
    endloop
  endfacet
  facet normal 0 0 1
    outer loop
      vertex -2.5 -6 2.5
      vertex -0.439992 -1.64207 2.5
      vertex -0.650561 -1.57059 2.5
    endloop
  endfacet
  facet normal 0 0 1
    outer loop
      vertex -4 -4.5 2.5
      vertex -0.650561 -1.57059 2.5
      vertex -0.849999 -1.47224 2.5
    endloop
  endfacet
  facet normal 0 0 1
    outer loop
      vertex -1.68546 0.221894 2.5
      vertex -4 4.5 2.5
      vertex -1.7 0 2.5
    endloop
  endfacet
  facet normal 0 0 1
    outer loop
      vertex 0.650561 -1.57059 2.5
      vertex -2.5 -6 2.5
      vertex 7 -6 2.5
    endloop
  endfacet
  facet normal 0 0 1
    outer loop
      vertex -4 -4.5 2.5
      vertex -0.849999 -1.47224 2.5
      vertex -1.03489 -1.3487 2.5
    endloop
  endfacet
  facet normal 0 0 1
    outer loop
      vertex -4 -4.5 2.5
      vertex -1.03489 -1.3487 2.5
      vertex -1.20208 -1.20208 2.5
    endloop
  endfacet
  facet normal 0 0 1
    outer loop
      vertex -4 -4.5 2.5
      vertex -1.20208 -1.20208 2.5
      vertex -1.3487 -1.03489 2.5
    endloop
  endfacet
  facet normal 0 0 1
    outer loop
      vertex -4 -4.5 2.5
      vertex -1.3487 -1.03489 2.5
      vertex -1.47224 -0.849999 2.5
    endloop
  endfacet
  facet normal 0 0 1
    outer loop
      vertex -4 -4.5 2.5
      vertex -1.47224 -0.849999 2.5
      vertex -1.57059 -0.650561 2.5
    endloop
  endfacet
  facet normal 0 0 1
    outer loop
      vertex -4 -4.5 2.5
      vertex -1.57059 -0.650561 2.5
      vertex -1.64207 -0.439992 2.5
    endloop
  endfacet
  facet normal 0 0 1
    outer loop
      vertex -4 -4.5 2.5
      vertex -1.64207 -0.439992 2.5
      vertex -1.68546 -0.221894 2.5
    endloop
  endfacet
  facet normal 0 0 1
    outer loop
      vertex -4 -4.5 2.5
      vertex -1.7 0 2.5
      vertex -4 4.5 2.5
    endloop
  endfacet
  facet normal 0 0 1
    outer loop
      vertex -4 4.5 2.5
      vertex -2.5 6 2.5
      vertex -2.69579 5.98717 2.5
    endloop
  endfacet
  facet normal 0 0 1
    outer loop
      vertex -1.7 0 2.5
      vertex -4 -4.5 2.5
      vertex -1.68546 -0.221894 2.5
    endloop
  endfacet
  facet normal 0 0 1
    outer loop
      vertex -4 4.5 2.5
      vertex -2.69579 5.98717 2.5
      vertex -2.88823 5.94888 2.5
    endloop
  endfacet
  facet normal 0 0 1
    outer loop
      vertex -0.650561 -1.57059 2.5
      vertex -4 -4.5 2.5
      vertex -2.5 -6 2.5
    endloop
  endfacet
  facet normal 0 0 1
    outer loop
      vertex -4 4.5 2.5
      vertex -2.88823 5.94888 2.5
      vertex -3.07402 5.88582 2.5
    endloop
  endfacet
  facet normal 0 0 1
    outer loop
      vertex -2.5 -6 2.5
      vertex -4 -4.5 2.5
      vertex -2.69579 -5.98717 2.5
    endloop
  endfacet
  facet normal 0 0 1
    outer loop
      vertex -4 4.5 2.5
      vertex -3.07402 5.88582 2.5
      vertex -3.25 5.79904 2.5
    endloop
  endfacet
  facet normal 0 0 1
    outer loop
      vertex -2.69579 -5.98717 2.5
      vertex -4 -4.5 2.5
      vertex -2.88823 -5.94888 2.5
    endloop
  endfacet
  facet normal 0 0 1
    outer loop
      vertex -4 4.5 2.5
      vertex -3.25 5.79904 2.5
      vertex -3.41315 5.69003 2.5
    endloop
  endfacet
  facet normal 0 0 1
    outer loop
      vertex -2.88823 -5.94888 2.5
      vertex -4 -4.5 2.5
      vertex -3.07402 -5.88582 2.5
    endloop
  endfacet
  facet normal 0 0 1
    outer loop
      vertex -4 4.5 2.5
      vertex -3.41315 5.69003 2.5
      vertex -3.56065 5.56065 2.5
    endloop
  endfacet
  facet normal 0 0 1
    outer loop
      vertex -3.07402 -5.88582 2.5
      vertex -4 -4.5 2.5
      vertex -3.25 -5.79904 2.5
    endloop
  endfacet
  facet normal 0 0 1
    outer loop
      vertex -4 4.5 2.5
      vertex -3.56065 5.56065 2.5
      vertex -3.69003 5.41315 2.5
    endloop
  endfacet
  facet normal 0 0 1
    outer loop
      vertex -3.25 -5.79904 2.5
      vertex -4 -4.5 2.5
      vertex -3.41315 -5.69003 2.5
    endloop
  endfacet
  facet normal 0 0 1
    outer loop
      vertex -4 4.5 2.5
      vertex -3.69003 5.41315 2.5
      vertex -3.79904 5.25 2.5
    endloop
  endfacet
  facet normal 0 0 1
    outer loop
      vertex -3.41315 -5.69003 2.5
      vertex -4 -4.5 2.5
      vertex -3.56065 -5.56065 2.5
    endloop
  endfacet
  facet normal 0 0 1
    outer loop
      vertex -4 4.5 2.5
      vertex -3.79904 5.25 2.5
      vertex -3.88582 5.07402 2.5
    endloop
  endfacet
  facet normal 0 0 1
    outer loop
      vertex -3.56065 -5.56065 2.5
      vertex -4 -4.5 2.5
      vertex -3.69003 -5.41315 2.5
    endloop
  endfacet
  facet normal 0 0 1
    outer loop
      vertex -4 4.5 2.5
      vertex -3.88582 5.07402 2.5
      vertex -3.94888 4.88823 2.5
    endloop
  endfacet
  facet normal 0 0 1
    outer loop
      vertex -3.69003 -5.41315 2.5
      vertex -4 -4.5 2.5
      vertex -3.79904 -5.25 2.5
    endloop
  endfacet
  facet normal 0 0 1
    outer loop
      vertex -4 4.5 2.5
      vertex -3.94888 4.88823 2.5
      vertex -3.98717 4.69579 2.5
    endloop
  endfacet
  facet normal 0 0 1
    outer loop
      vertex -3.79904 -5.25 2.5
      vertex -4 -4.5 2.5
      vertex -3.88582 -5.07402 2.5
    endloop
  endfacet
  facet normal 0 0 1
    outer loop
      vertex -3.88582 -5.07402 2.5
      vertex -4 -4.5 2.5
      vertex -3.94888 -4.88823 2.5
    endloop
  endfacet
  facet normal 0 0 1
    outer loop
      vertex -3.94888 -4.88823 2.5
      vertex -4 -4.5 2.5
      vertex -3.98717 -4.69579 2.5
    endloop
  endfacet
  facet normal -0.442273 -0.89688 0
    outer loop
      vertex -3.25 -5.79904 0
      vertex -3.07402 -5.88582 2.5
      vertex -3.25 -5.79904 2.5
    endloop
  endfacet
  facet normal -0.442273 -0.89688 -0
    outer loop
      vertex -3.07402 -5.88582 2.5
      vertex -3.25 -5.79904 0
      vertex -3.07402 -5.88582 0
    endloop
  endfacet
  facet normal 0.99786 -0.0653892 0
    outer loop
      vertex 8.48717 -4.69579 2.5
      vertex 8.5 -4.5 0
      vertex 8.5 -4.5 2.5
    endloop
  endfacet
  facet normal 0.99786 -0.0653892 0
    outer loop
      vertex 8.5 -4.5 0
      vertex 8.48717 -4.69579 2.5
      vertex 8.48717 -4.69579 0
    endloop
  endfacet
  facet normal 0.831477 0.555558 0
    outer loop
      vertex 8.29904 5.25 2.5
      vertex 8.19003 5.41315 0
      vertex 8.19003 5.41315 2.5
    endloop
  endfacet
  facet normal 0.831477 0.555558 0
    outer loop
      vertex 8.19003 5.41315 0
      vertex 8.29904 5.25 2.5
      vertex 8.29904 5.25 0
    endloop
  endfacet
  facet normal 0.555558 0.831477 -0
    outer loop
      vertex 7.91315 5.69003 0
      vertex 7.75 5.79904 2.5
      vertex 7.91315 5.69003 2.5
    endloop
  endfacet
  facet normal 0.555558 0.831477 0
    outer loop
      vertex 7.75 5.79904 2.5
      vertex 7.91315 5.69003 0
      vertex 7.75 5.79904 0
    endloop
  endfacet
  facet normal -0.89688 0.442273 0
    outer loop
      vertex -3.88582 5.07402 0
      vertex -3.79904 5.25 2.5
      vertex -3.79904 5.25 0
    endloop
  endfacet
  facet normal -0.89688 0.442273 0
    outer loop
      vertex -3.79904 5.25 2.5
      vertex -3.88582 5.07402 0
      vertex -3.88582 5.07402 2.5
    endloop
  endfacet
  facet normal -0.555558 0.831477 0
    outer loop
      vertex -3.25 5.79904 0
      vertex -3.41315 5.69003 2.5
      vertex -3.25 5.79904 2.5
    endloop
  endfacet
  facet normal -0.555558 0.831477 0
    outer loop
      vertex -3.41315 5.69003 2.5
      vertex -3.25 5.79904 0
      vertex -3.41315 5.69003 0
    endloop
  endfacet
  facet normal -0.980774 -0.195146 0
    outer loop
      vertex -3.94888 -4.88823 0
      vertex -3.98717 -4.69579 2.5
      vertex -3.98717 -4.69579 0
    endloop
  endfacet
  facet normal -0.980774 -0.195146 0
    outer loop
      vertex -3.98717 -4.69579 2.5
      vertex -3.94888 -4.88823 0
      vertex -3.94888 -4.88823 2.5
    endloop
  endfacet
  facet normal -0.831477 -0.555558 0
    outer loop
      vertex -3.69003 -5.41315 0
      vertex -3.79904 -5.25 2.5
      vertex -3.79904 -5.25 0
    endloop
  endfacet
  facet normal -0.831477 -0.555558 0
    outer loop
      vertex -3.79904 -5.25 2.5
      vertex -3.69003 -5.41315 0
      vertex -3.69003 -5.41315 2.5
    endloop
  endfacet
  facet normal -0.99786 -0.0653892 0
    outer loop
      vertex -3.98717 -4.69579 0
      vertex -4 -4.5 2.5
      vertex -4 -4.5 0
    endloop
  endfacet
  facet normal -0.99786 -0.0653892 0
    outer loop
      vertex -4 -4.5 2.5
      vertex -3.98717 -4.69579 0
      vertex -3.98717 -4.69579 2.5
    endloop
  endfacet
  facet normal -0.99786 0.0653892 0
    outer loop
      vertex -4 4.5 0
      vertex -3.98717 4.69579 2.5
      vertex -3.98717 4.69579 0
    endloop
  endfacet
  facet normal -0.99786 0.0653892 0
    outer loop
      vertex -3.98717 4.69579 2.5
      vertex -4 4.5 0
      vertex -4 4.5 2.5
    endloop
  endfacet
  facet normal -0.195146 -0.980774 0
    outer loop
      vertex -2.88823 -5.94888 0
      vertex -2.69579 -5.98717 2.5
      vertex -2.88823 -5.94888 2.5
    endloop
  endfacet
  facet normal -0.195146 -0.980774 -0
    outer loop
      vertex -2.69579 -5.98717 2.5
      vertex -2.88823 -5.94888 0
      vertex -2.69579 -5.98717 0
    endloop
  endfacet
  facet normal -0.555558 -0.831477 0
    outer loop
      vertex -3.41315 -5.69003 0
      vertex -3.25 -5.79904 2.5
      vertex -3.41315 -5.69003 2.5
    endloop
  endfacet
  facet normal -0.555558 -0.831477 -0
    outer loop
      vertex -3.25 -5.79904 2.5
      vertex -3.41315 -5.69003 0
      vertex -3.25 -5.79904 0
    endloop
  endfacet
  facet normal -0.751774 -0.659421 0
    outer loop
      vertex -3.56065 -5.56065 0
      vertex -3.69003 -5.41315 2.5
      vertex -3.69003 -5.41315 0
    endloop
  endfacet
  facet normal -0.751774 -0.659421 0
    outer loop
      vertex -3.69003 -5.41315 2.5
      vertex -3.56065 -5.56065 0
      vertex -3.56065 -5.56065 2.5
    endloop
  endfacet
  facet normal 0.555558 -0.831477 0
    outer loop
      vertex 7.75 -5.79904 0
      vertex 7.91315 -5.69003 2.5
      vertex 7.75 -5.79904 2.5
    endloop
  endfacet
  facet normal 0.555558 -0.831477 0
    outer loop
      vertex 7.91315 -5.69003 2.5
      vertex 7.75 -5.79904 0
      vertex 7.91315 -5.69003 0
    endloop
  endfacet
  facet normal 0.442273 0.89688 -0
    outer loop
      vertex 7.75 5.79904 0
      vertex 7.57402 5.88582 2.5
      vertex 7.75 5.79904 2.5
    endloop
  endfacet
  facet normal 0.442273 0.89688 0
    outer loop
      vertex 7.57402 5.88582 2.5
      vertex 7.75 5.79904 0
      vertex 7.57402 5.88582 0
    endloop
  endfacet
  facet normal -0.980774 0.195146 0
    outer loop
      vertex -3.98717 4.69579 0
      vertex -3.94888 4.88823 2.5
      vertex -3.94888 4.88823 0
    endloop
  endfacet
  facet normal -0.980774 0.195146 0
    outer loop
      vertex -3.94888 4.88823 2.5
      vertex -3.98717 4.69579 0
      vertex -3.98717 4.69579 2.5
    endloop
  endfacet
  facet normal -0.946941 0.321407 0
    outer loop
      vertex -3.94888 4.88823 0
      vertex -3.88582 5.07402 2.5
      vertex -3.88582 5.07402 0
    endloop
  endfacet
  facet normal -0.946941 0.321407 0
    outer loop
      vertex -3.88582 5.07402 2.5
      vertex -3.94888 4.88823 0
      vertex -3.94888 4.88823 2.5
    endloop
  endfacet
  facet normal -0.89688 -0.442273 0
    outer loop
      vertex -3.79904 -5.25 0
      vertex -3.88582 -5.07402 2.5
      vertex -3.88582 -5.07402 0
    endloop
  endfacet
  facet normal -0.89688 -0.442273 0
    outer loop
      vertex -3.88582 -5.07402 2.5
      vertex -3.79904 -5.25 0
      vertex -3.79904 -5.25 2.5
    endloop
  endfacet
  facet normal -1 0 0
    outer loop
      vertex -4 -4.5 0
      vertex -4 4.5 2.5
      vertex -4 4.5 0
    endloop
  endfacet
  facet normal -1 -0 0
    outer loop
      vertex -4 4.5 2.5
      vertex -4 -4.5 0
      vertex -4 -4.5 2.5
    endloop
  endfacet
  facet normal 0 0 -1
    outer loop
      vertex 7 -6 0
      vertex 8.5 -4.5 0
      vertex 8.48717 -4.69579 0
    endloop
  endfacet
  facet normal 0 0 -1
    outer loop
      vertex 8.5 -4.5 0
      vertex 1.7 0 0
      vertex 8.5 4.5 0
    endloop
  endfacet
  facet normal 0 0 -1
    outer loop
      vertex 7 -6 0
      vertex 8.48717 -4.69579 0
      vertex 8.44888 -4.88823 0
    endloop
  endfacet
  facet normal 0 0 -1
    outer loop
      vertex 1.68546 0.221894 0
      vertex 8.5 4.5 0
      vertex 1.7 0 0
    endloop
  endfacet
  facet normal 0 0 -1
    outer loop
      vertex 7 -6 0
      vertex 8.44888 -4.88823 0
      vertex 8.38582 -5.07402 0
    endloop
  endfacet
  facet normal 0 0 -1
    outer loop
      vertex 1.64207 0.439992 0
      vertex 8.5 4.5 0
      vertex 1.68546 0.221894 0
    endloop
  endfacet
  facet normal 0 0 -1
    outer loop
      vertex 7 -6 0
      vertex 8.38582 -5.07402 0
      vertex 8.29904 -5.25 0
    endloop
  endfacet
  facet normal 0 0 -1
    outer loop
      vertex 1.57059 0.650561 0
      vertex 8.5 4.5 0
      vertex 1.64207 0.439992 0
    endloop
  endfacet
  facet normal 0 0 -1
    outer loop
      vertex 7 -6 0
      vertex 8.29904 -5.25 0
      vertex 8.19003 -5.41315 0
    endloop
  endfacet
  facet normal 0 0 -1
    outer loop
      vertex 1.47224 0.849999 0
      vertex 8.5 4.5 0
      vertex 1.57059 0.650561 0
    endloop
  endfacet
  facet normal 0 0 -1
    outer loop
      vertex 7 -6 0
      vertex 8.19003 -5.41315 0
      vertex 8.06065 -5.56065 0
    endloop
  endfacet
  facet normal 0 0 -1
    outer loop
      vertex 8.5 4.5 0
      vertex 7 6 0
      vertex 8.48717 4.69579 0
    endloop
  endfacet
  facet normal 0 0 -1
    outer loop
      vertex 7 -6 0
      vertex 8.06065 -5.56065 0
      vertex 7.91315 -5.69003 0
    endloop
  endfacet
  facet normal 0 0 -1
    outer loop
      vertex 8.48717 4.69579 0
      vertex 7 6 0
      vertex 8.44888 4.88823 0
    endloop
  endfacet
  facet normal 0 0 -1
    outer loop
      vertex 7 -6 0
      vertex 7.91315 -5.69003 0
      vertex 7.75 -5.79904 0
    endloop
  endfacet
  facet normal 0 0 -1
    outer loop
      vertex 8.44888 4.88823 0
      vertex 7 6 0
      vertex 8.38582 5.07402 0
    endloop
  endfacet
  facet normal 0 0 -1
    outer loop
      vertex 7 -6 0
      vertex 7.75 -5.79904 0
      vertex 7.57402 -5.88582 0
    endloop
  endfacet
  facet normal 0 0 -1
    outer loop
      vertex 8.29904 5.25 0
      vertex 7 6 0
      vertex 8.19003 5.41315 0
    endloop
  endfacet
  facet normal 0 0 -1
    outer loop
      vertex 7 -6 0
      vertex 7.57402 -5.88582 0
      vertex 7.38823 -5.94888 0
    endloop
  endfacet
  facet normal 0 0 -1
    outer loop
      vertex 8.19003 5.41315 0
      vertex 7 6 0
      vertex 8.06065 5.56065 0
    endloop
  endfacet
  facet normal 0 0 -1
    outer loop
      vertex 7 -6 0
      vertex 7.38823 -5.94888 0
      vertex 7.19579 -5.98717 0
    endloop
  endfacet
  facet normal 0 0 -1
    outer loop
      vertex 8.06065 5.56065 0
      vertex 7 6 0
      vertex 7.91315 5.69003 0
    endloop
  endfacet
  facet normal 0 0 -1
    outer loop
      vertex 1.47224 -0.849999 0
      vertex 8.5 -4.5 0
      vertex 7 -6 0
    endloop
  endfacet
  facet normal 0 0 -1
    outer loop
      vertex 7.75 5.79904 0
      vertex 7 6 0
      vertex 7.57402 5.88582 0
    endloop
  endfacet
  facet normal 0 0 -1
    outer loop
      vertex 7.57402 5.88582 0
      vertex 7 6 0
      vertex 7.38823 5.94888 0
    endloop
  endfacet
  facet normal 0 0 -1
    outer loop
      vertex 8.5 -4.5 0
      vertex 1.68546 -0.221894 0
      vertex 1.7 0 0
    endloop
  endfacet
  facet normal 0 0 -1
    outer loop
      vertex 8.5 -4.5 0
      vertex 1.64207 -0.439992 0
      vertex 1.68546 -0.221894 0
    endloop
  endfacet
  facet normal 0 0 -1
    outer loop
      vertex 8.5 -4.5 0
      vertex 1.57059 -0.650561 0
      vertex 1.64207 -0.439992 0
    endloop
  endfacet
  facet normal 0 0 -1
    outer loop
      vertex 8.5 -4.5 0
      vertex 1.47224 -0.849999 0
      vertex 1.57059 -0.650561 0
    endloop
  endfacet
  facet normal 0 0 -1
    outer loop
      vertex 7 -6 0
      vertex 1.3487 -1.03489 0
      vertex 1.47224 -0.849999 0
    endloop
  endfacet
  facet normal 0 0 -1
    outer loop
      vertex 7 -6 0
      vertex 1.20208 -1.20208 0
      vertex 1.3487 -1.03489 0
    endloop
  endfacet
  facet normal 0 0 -1
    outer loop
      vertex 7 -6 0
      vertex 1.03489 -1.3487 0
      vertex 1.20208 -1.20208 0
    endloop
  endfacet
  facet normal 0 0 -1
    outer loop
      vertex 7 -6 0
      vertex 0.849999 -1.47224 0
      vertex 1.03489 -1.3487 0
    endloop
  endfacet
  facet normal 0 0 -1
    outer loop
      vertex 7 -6 0
      vertex 0.650561 -1.57059 0
      vertex 0.849999 -1.47224 0
    endloop
  endfacet
  facet normal 0 0 -1
    outer loop
      vertex -2.5 -6 0
      vertex 0.650561 -1.57059 0
      vertex 7 -6 0
    endloop
  endfacet
  facet normal 0 0 -1
    outer loop
      vertex 0.650561 -1.57059 0
      vertex -2.5 -6 0
      vertex 0.439992 -1.64207 0
    endloop
  endfacet
  facet normal 0 0 -1
    outer loop
      vertex 0.439992 -1.64207 0
      vertex -2.5 -6 0
      vertex 0.221894 -1.68546 0
    endloop
  endfacet
  facet normal 0 0 -1
    outer loop
      vertex 0.221894 -1.68546 0
      vertex -2.5 -6 0
      vertex 0 -1.7 0
    endloop
  endfacet
  facet normal -0 0 -1
    outer loop
      vertex 0 -1.7 0
      vertex -2.5 -6 0
      vertex -0.221894 -1.68546 0
    endloop
  endfacet
  facet normal -0 0 -1
    outer loop
      vertex -0.221894 -1.68546 0
      vertex -2.5 -6 0
      vertex -0.439992 -1.64207 0
    endloop
  endfacet
  facet normal -0 0 -1
    outer loop
      vertex -0.439992 -1.64207 0
      vertex -2.5 -6 0
      vertex -0.650561 -1.57059 0
    endloop
  endfacet
  facet normal -0 0 -1
    outer loop
      vertex -1.64207 -0.439992 0
      vertex -4 -4.5 0
      vertex -1.68546 -0.221894 0
    endloop
  endfacet
  facet normal -0 0 -1
    outer loop
      vertex -1.57059 -0.650561 0
      vertex -4 -4.5 0
      vertex -1.64207 -0.439992 0
    endloop
  endfacet
  facet normal -0 0 -1
    outer loop
      vertex -1.47224 -0.849999 0
      vertex -4 -4.5 0
      vertex -1.57059 -0.650561 0
    endloop
  endfacet
  facet normal -0 0 -1
    outer loop
      vertex -1.3487 -1.03489 0
      vertex -4 -4.5 0
      vertex -1.47224 -0.849999 0
    endloop
  endfacet
  facet normal -0 0 -1
    outer loop
      vertex -1.20208 -1.20208 0
      vertex -4 -4.5 0
      vertex -1.3487 -1.03489 0
    endloop
  endfacet
  facet normal -0 0 -1
    outer loop
      vertex -1.03489 -1.3487 0
      vertex -4 -4.5 0
      vertex -1.20208 -1.20208 0
    endloop
  endfacet
  facet normal -0 0 -1
    outer loop
      vertex -0.849999 -1.47224 0
      vertex -4 -4.5 0
      vertex -1.03489 -1.3487 0
    endloop
  endfacet
  facet normal -0 0 -1
    outer loop
      vertex -0.650561 -1.57059 0
      vertex -4 -4.5 0
      vertex -0.849999 -1.47224 0
    endloop
  endfacet
  facet normal 0 0 -1
    outer loop
      vertex -4 -4.5 0
      vertex -0.650561 -1.57059 0
      vertex -2.5 -6 0
    endloop
  endfacet
  facet normal 0 0 -1
    outer loop
      vertex 7.38823 5.94888 0
      vertex 7 6 0
      vertex 7.19579 5.98717 0
    endloop
  endfacet
  facet normal 0 0 -1
    outer loop
      vertex 7.91315 5.69003 0
      vertex 7 6 0
      vertex 7.75 5.79904 0
    endloop
  endfacet
  facet normal 0 0 -1
    outer loop
      vertex 8.38582 5.07402 0
      vertex 7 6 0
      vertex 8.29904 5.25 0
    endloop
  endfacet
  facet normal -0 0 -1
    outer loop
      vertex 8.5 4.5 0
      vertex 1.47224 0.849999 0
      vertex 7 6 0
    endloop
  endfacet
  facet normal 0 0 -1
    outer loop
      vertex 1.3487 1.03489 0
      vertex 7 6 0
      vertex 1.47224 0.849999 0
    endloop
  endfacet
  facet normal 0 0 -1
    outer loop
      vertex 1.20208 1.20208 0
      vertex 7 6 0
      vertex 1.3487 1.03489 0
    endloop
  endfacet
  facet normal 0 0 -1
    outer loop
      vertex 1.03489 1.3487 0
      vertex 7 6 0
      vertex 1.20208 1.20208 0
    endloop
  endfacet
  facet normal 0 0 -1
    outer loop
      vertex 0.849999 1.47224 0
      vertex 7 6 0
      vertex 1.03489 1.3487 0
    endloop
  endfacet
  facet normal 0 0 -1
    outer loop
      vertex 0.650561 1.57059 0
      vertex 7 6 0
      vertex 0.849999 1.47224 0
    endloop
  endfacet
  facet normal 0 0 -1
    outer loop
      vertex -2.5 6 0
      vertex 0.650561 1.57059 0
      vertex 0.439992 1.64207 0
    endloop
  endfacet
  facet normal 0 0 -1
    outer loop
      vertex -2.5 6 0
      vertex 0.439992 1.64207 0
      vertex 0.221894 1.68546 0
    endloop
  endfacet
  facet normal 0 0 -1
    outer loop
      vertex -2.5 6 0
      vertex 0.221894 1.68546 0
      vertex 0 1.7 0
    endloop
  endfacet
  facet normal 0 0 -1
    outer loop
      vertex -2.5 6 0
      vertex 0 1.7 0
      vertex -0.221894 1.68546 0
    endloop
  endfacet
  facet normal 0 0 -1
    outer loop
      vertex -2.5 6 0
      vertex -0.221894 1.68546 0
      vertex -0.439992 1.64207 0
    endloop
  endfacet
  facet normal 0 0 -1
    outer loop
      vertex -2.5 6 0
      vertex -0.439992 1.64207 0
      vertex -0.650561 1.57059 0
    endloop
  endfacet
  facet normal 0 0 -1
    outer loop
      vertex -4 4.5 0
      vertex -0.650561 1.57059 0
      vertex -0.849999 1.47224 0
    endloop
  endfacet
  facet normal -0 0 -1
    outer loop
      vertex -1.68546 -0.221894 0
      vertex -4 -4.5 0
      vertex -1.7 0 0
    endloop
  endfacet
  facet normal 0 0 -1
    outer loop
      vertex 0.650561 1.57059 0
      vertex -2.5 6 0
      vertex 7 6 0
    endloop
  endfacet
  facet normal 0 0 -1
    outer loop
      vertex -4 4.5 0
      vertex -0.849999 1.47224 0
      vertex -1.03489 1.3487 0
    endloop
  endfacet
  facet normal 0 0 -1
    outer loop
      vertex -4 4.5 0
      vertex -1.03489 1.3487 0
      vertex -1.20208 1.20208 0
    endloop
  endfacet
  facet normal 0 0 -1
    outer loop
      vertex -4 4.5 0
      vertex -1.20208 1.20208 0
      vertex -1.3487 1.03489 0
    endloop
  endfacet
  facet normal 0 0 -1
    outer loop
      vertex -4 4.5 0
      vertex -1.3487 1.03489 0
      vertex -1.47224 0.849999 0
    endloop
  endfacet
  facet normal 0 0 -1
    outer loop
      vertex -4 4.5 0
      vertex -1.47224 0.849999 0
      vertex -1.57059 0.650561 0
    endloop
  endfacet
  facet normal 0 0 -1
    outer loop
      vertex -4 4.5 0
      vertex -1.57059 0.650561 0
      vertex -1.64207 0.439992 0
    endloop
  endfacet
  facet normal 0 0 -1
    outer loop
      vertex -4 4.5 0
      vertex -1.64207 0.439992 0
      vertex -1.68546 0.221894 0
    endloop
  endfacet
  facet normal 0 0 -1
    outer loop
      vertex -4 4.5 0
      vertex -1.7 0 0
      vertex -4 -4.5 0
    endloop
  endfacet
  facet normal 0 0 -1
    outer loop
      vertex -4 -4.5 0
      vertex -2.5 -6 0
      vertex -2.69579 -5.98717 0
    endloop
  endfacet
  facet normal 0 0 -1
    outer loop
      vertex -1.7 0 0
      vertex -4 4.5 0
      vertex -1.68546 0.221894 0
    endloop
  endfacet
  facet normal 0 0 -1
    outer loop
      vertex -4 -4.5 0
      vertex -2.69579 -5.98717 0
      vertex -2.88823 -5.94888 0
    endloop
  endfacet
  facet normal 0 0 -1
    outer loop
      vertex -0.650561 1.57059 0
      vertex -4 4.5 0
      vertex -2.5 6 0
    endloop
  endfacet
  facet normal 0 0 -1
    outer loop
      vertex -4 -4.5 0
      vertex -2.88823 -5.94888 0
      vertex -3.07402 -5.88582 0
    endloop
  endfacet
  facet normal 0 0 -1
    outer loop
      vertex -2.5 6 0
      vertex -4 4.5 0
      vertex -2.69579 5.98717 0
    endloop
  endfacet
  facet normal 0 0 -1
    outer loop
      vertex -4 -4.5 0
      vertex -3.07402 -5.88582 0
      vertex -3.25 -5.79904 0
    endloop
  endfacet
  facet normal 0 0 -1
    outer loop
      vertex -2.69579 5.98717 0
      vertex -4 4.5 0
      vertex -2.88823 5.94888 0
    endloop
  endfacet
  facet normal 0 0 -1
    outer loop
      vertex -4 -4.5 0
      vertex -3.25 -5.79904 0
      vertex -3.41315 -5.69003 0
    endloop
  endfacet
  facet normal 0 0 -1
    outer loop
      vertex -2.88823 5.94888 0
      vertex -4 4.5 0
      vertex -3.07402 5.88582 0
    endloop
  endfacet
  facet normal 0 0 -1
    outer loop
      vertex -4 -4.5 0
      vertex -3.41315 -5.69003 0
      vertex -3.56065 -5.56065 0
    endloop
  endfacet
  facet normal 0 0 -1
    outer loop
      vertex -3.07402 5.88582 0
      vertex -4 4.5 0
      vertex -3.25 5.79904 0
    endloop
  endfacet
  facet normal 0 0 -1
    outer loop
      vertex -4 -4.5 0
      vertex -3.56065 -5.56065 0
      vertex -3.69003 -5.41315 0
    endloop
  endfacet
  facet normal 0 0 -1
    outer loop
      vertex -3.25 5.79904 0
      vertex -4 4.5 0
      vertex -3.41315 5.69003 0
    endloop
  endfacet
  facet normal 0 0 -1
    outer loop
      vertex -4 -4.5 0
      vertex -3.69003 -5.41315 0
      vertex -3.79904 -5.25 0
    endloop
  endfacet
  facet normal 0 0 -1
    outer loop
      vertex -3.41315 5.69003 0
      vertex -4 4.5 0
      vertex -3.56065 5.56065 0
    endloop
  endfacet
  facet normal 0 0 -1
    outer loop
      vertex -4 -4.5 0
      vertex -3.79904 -5.25 0
      vertex -3.88582 -5.07402 0
    endloop
  endfacet
  facet normal 0 0 -1
    outer loop
      vertex -3.56065 5.56065 0
      vertex -4 4.5 0
      vertex -3.69003 5.41315 0
    endloop
  endfacet
  facet normal 0 0 -1
    outer loop
      vertex -4 -4.5 0
      vertex -3.88582 -5.07402 0
      vertex -3.94888 -4.88823 0
    endloop
  endfacet
  facet normal 0 0 -1
    outer loop
      vertex -3.69003 5.41315 0
      vertex -4 4.5 0
      vertex -3.79904 5.25 0
    endloop
  endfacet
  facet normal 0 0 -1
    outer loop
      vertex -4 -4.5 0
      vertex -3.94888 -4.88823 0
      vertex -3.98717 -4.69579 0
    endloop
  endfacet
  facet normal 0 0 -1
    outer loop
      vertex -3.79904 5.25 0
      vertex -4 4.5 0
      vertex -3.88582 5.07402 0
    endloop
  endfacet
  facet normal 0 0 -1
    outer loop
      vertex -3.88582 5.07402 0
      vertex -4 4.5 0
      vertex -3.94888 4.88823 0
    endloop
  endfacet
  facet normal 0 0 -1
    outer loop
      vertex -3.94888 4.88823 0
      vertex -4 4.5 0
      vertex -3.98717 4.69579 0
    endloop
  endfacet
  facet normal -0.0653892 -0.99786 0
    outer loop
      vertex -2.69579 -5.98717 0
      vertex -2.5 -6 2.5
      vertex -2.69579 -5.98717 2.5
    endloop
  endfacet
  facet normal -0.0653892 -0.99786 -0
    outer loop
      vertex -2.5 -6 2.5
      vertex -2.69579 -5.98717 0
      vertex -2.5 -6 0
    endloop
  endfacet
  facet normal -0.321407 -0.946941 0
    outer loop
      vertex -3.07402 -5.88582 0
      vertex -2.88823 -5.94888 2.5
      vertex -3.07402 -5.88582 2.5
    endloop
  endfacet
  facet normal -0.321407 -0.946941 -0
    outer loop
      vertex -2.88823 -5.94888 2.5
      vertex -3.07402 -5.88582 0
      vertex -2.88823 -5.94888 0
    endloop
  endfacet
  facet normal -0.659421 -0.751774 0
    outer loop
      vertex -3.56065 -5.56065 0
      vertex -3.41315 -5.69003 2.5
      vertex -3.56065 -5.56065 2.5
    endloop
  endfacet
  facet normal -0.659421 -0.751774 -0
    outer loop
      vertex -3.41315 -5.69003 2.5
      vertex -3.56065 -5.56065 0
      vertex -3.41315 -5.69003 0
    endloop
  endfacet
  facet normal 1 -0 0
    outer loop
      vertex 8.5 -4.5 2.5
      vertex 8.5 4.5 0
      vertex 8.5 4.5 2.5
    endloop
  endfacet
  facet normal 1 0 0
    outer loop
      vertex 8.5 4.5 0
      vertex 8.5 -4.5 2.5
      vertex 8.5 -4.5 0
    endloop
  endfacet
  facet normal 0.195146 0.980774 -0
    outer loop
      vertex 7.38823 5.94888 0
      vertex 7.19579 5.98717 2.5
      vertex 7.38823 5.94888 2.5
    endloop
  endfacet
  facet normal 0.195146 0.980774 0
    outer loop
      vertex 7.19579 5.98717 2.5
      vertex 7.38823 5.94888 0
      vertex 7.19579 5.98717 0
    endloop
  endfacet
  facet normal 0.321407 0.946941 -0
    outer loop
      vertex 7.57402 5.88582 0
      vertex 7.38823 5.94888 2.5
      vertex 7.57402 5.88582 2.5
    endloop
  endfacet
  facet normal 0.321407 0.946941 0
    outer loop
      vertex 7.38823 5.94888 2.5
      vertex 7.57402 5.88582 0
      vertex 7.38823 5.94888 0
    endloop
  endfacet
  facet normal 0.659421 0.751774 -0
    outer loop
      vertex 8.06065 5.56065 0
      vertex 7.91315 5.69003 2.5
      vertex 8.06065 5.56065 2.5
    endloop
  endfacet
  facet normal 0.659421 0.751774 0
    outer loop
      vertex 7.91315 5.69003 2.5
      vertex 8.06065 5.56065 0
      vertex 7.91315 5.69003 0
    endloop
  endfacet
  facet normal 0.751774 0.659421 0
    outer loop
      vertex 8.19003 5.41315 2.5
      vertex 8.06065 5.56065 0
      vertex 8.06065 5.56065 2.5
    endloop
  endfacet
  facet normal 0.751774 0.659421 0
    outer loop
      vertex 8.06065 5.56065 0
      vertex 8.19003 5.41315 2.5
      vertex 8.19003 5.41315 0
    endloop
  endfacet
  facet normal -0.946941 -0.321407 0
    outer loop
      vertex -3.88582 -5.07402 0
      vertex -3.94888 -4.88823 2.5
      vertex -3.94888 -4.88823 0
    endloop
  endfacet
  facet normal -0.946941 -0.321407 0
    outer loop
      vertex -3.94888 -4.88823 2.5
      vertex -3.88582 -5.07402 0
      vertex -3.88582 -5.07402 2.5
    endloop
  endfacet
  facet normal 0.89688 0.442273 0
    outer loop
      vertex 8.38582 5.07402 2.5
      vertex 8.29904 5.25 0
      vertex 8.29904 5.25 2.5
    endloop
  endfacet
  facet normal 0.89688 0.442273 0
    outer loop
      vertex 8.29904 5.25 0
      vertex 8.38582 5.07402 2.5
      vertex 8.38582 5.07402 0
    endloop
  endfacet
  facet normal 0.99786 0.0653892 0
    outer loop
      vertex 8.5 4.5 2.5
      vertex 8.48717 4.69579 0
      vertex 8.48717 4.69579 2.5
    endloop
  endfacet
  facet normal 0.99786 0.0653892 0
    outer loop
      vertex 8.48717 4.69579 0
      vertex 8.5 4.5 2.5
      vertex 8.5 4.5 0
    endloop
  endfacet
  facet normal 0.946941 0.321407 0
    outer loop
      vertex 8.44888 4.88823 2.5
      vertex 8.38582 5.07402 0
      vertex 8.38582 5.07402 2.5
    endloop
  endfacet
  facet normal 0.946941 0.321407 0
    outer loop
      vertex 8.38582 5.07402 0
      vertex 8.44888 4.88823 2.5
      vertex 8.44888 4.88823 0
    endloop
  endfacet
  facet normal 0.980774 -0.195146 0
    outer loop
      vertex 8.44888 -4.88823 2.5
      vertex 8.48717 -4.69579 0
      vertex 8.48717 -4.69579 2.5
    endloop
  endfacet
  facet normal 0.980774 -0.195146 0
    outer loop
      vertex 8.48717 -4.69579 0
      vertex 8.44888 -4.88823 2.5
      vertex 8.44888 -4.88823 0
    endloop
  endfacet
  facet normal 0.751774 -0.659421 0
    outer loop
      vertex 8.06065 -5.56065 2.5
      vertex 8.19003 -5.41315 0
      vertex 8.19003 -5.41315 2.5
    endloop
  endfacet
  facet normal 0.751774 -0.659421 0
    outer loop
      vertex 8.19003 -5.41315 0
      vertex 8.06065 -5.56065 2.5
      vertex 8.06065 -5.56065 0
    endloop
  endfacet
  facet normal 0.659421 -0.751774 0
    outer loop
      vertex 7.91315 -5.69003 0
      vertex 8.06065 -5.56065 2.5
      vertex 7.91315 -5.69003 2.5
    endloop
  endfacet
  facet normal 0.659421 -0.751774 0
    outer loop
      vertex 8.06065 -5.56065 2.5
      vertex 7.91315 -5.69003 0
      vertex 8.06065 -5.56065 0
    endloop
  endfacet
  facet normal -0.751774 0.659421 0
    outer loop
      vertex -3.69003 5.41315 0
      vertex -3.56065 5.56065 2.5
      vertex -3.56065 5.56065 0
    endloop
  endfacet
  facet normal -0.751774 0.659421 0
    outer loop
      vertex -3.56065 5.56065 2.5
      vertex -3.69003 5.41315 0
      vertex -3.69003 5.41315 2.5
    endloop
  endfacet
  facet normal -0.659421 0.751774 0
    outer loop
      vertex -3.41315 5.69003 0
      vertex -3.56065 5.56065 2.5
      vertex -3.41315 5.69003 2.5
    endloop
  endfacet
  facet normal -0.659421 0.751774 0
    outer loop
      vertex -3.56065 5.56065 2.5
      vertex -3.41315 5.69003 0
      vertex -3.56065 5.56065 0
    endloop
  endfacet
  facet normal -0.321407 0.946941 0
    outer loop
      vertex -2.88823 5.94888 0
      vertex -3.07402 5.88582 2.5
      vertex -2.88823 5.94888 2.5
    endloop
  endfacet
  facet normal -0.321407 0.946941 0
    outer loop
      vertex -3.07402 5.88582 2.5
      vertex -2.88823 5.94888 0
      vertex -3.07402 5.88582 0
    endloop
  endfacet
  facet normal -0.195146 0.980774 0
    outer loop
      vertex -2.69579 5.98717 0
      vertex -2.88823 5.94888 2.5
      vertex -2.69579 5.98717 2.5
    endloop
  endfacet
  facet normal -0.195146 0.980774 0
    outer loop
      vertex -2.88823 5.94888 2.5
      vertex -2.69579 5.98717 0
      vertex -2.88823 5.94888 0
    endloop
  endfacet
  facet normal 0.980774 0.195146 0
    outer loop
      vertex 8.48717 4.69579 2.5
      vertex 8.44888 4.88823 0
      vertex 8.44888 4.88823 2.5
    endloop
  endfacet
  facet normal 0.980774 0.195146 0
    outer loop
      vertex 8.44888 4.88823 0
      vertex 8.48717 4.69579 2.5
      vertex 8.48717 4.69579 0
    endloop
  endfacet
  facet normal 0.89688 -0.442273 0
    outer loop
      vertex 8.29904 -5.25 2.5
      vertex 8.38582 -5.07402 0
      vertex 8.38582 -5.07402 2.5
    endloop
  endfacet
  facet normal 0.89688 -0.442273 0
    outer loop
      vertex 8.38582 -5.07402 0
      vertex 8.29904 -5.25 2.5
      vertex 8.29904 -5.25 0
    endloop
  endfacet
  facet normal 0.831477 -0.555558 0
    outer loop
      vertex 8.19003 -5.41315 2.5
      vertex 8.29904 -5.25 0
      vertex 8.29904 -5.25 2.5
    endloop
  endfacet
  facet normal 0.831477 -0.555558 0
    outer loop
      vertex 8.29904 -5.25 0
      vertex 8.19003 -5.41315 2.5
      vertex 8.19003 -5.41315 0
    endloop
  endfacet
  facet normal 0.946941 -0.321407 0
    outer loop
      vertex 8.38582 -5.07402 2.5
      vertex 8.44888 -4.88823 0
      vertex 8.44888 -4.88823 2.5
    endloop
  endfacet
  facet normal 0.946941 -0.321407 0
    outer loop
      vertex 8.44888 -4.88823 0
      vertex 8.38582 -5.07402 2.5
      vertex 8.38582 -5.07402 0
    endloop
  endfacet
  facet normal 0.442273 -0.89688 0
    outer loop
      vertex 7.57402 -5.88582 0
      vertex 7.75 -5.79904 2.5
      vertex 7.57402 -5.88582 2.5
    endloop
  endfacet
  facet normal 0.442273 -0.89688 0
    outer loop
      vertex 7.75 -5.79904 2.5
      vertex 7.57402 -5.88582 0
      vertex 7.75 -5.79904 0
    endloop
  endfacet
  facet normal 0.321407 -0.946941 0
    outer loop
      vertex 7.38823 -5.94888 0
      vertex 7.57402 -5.88582 2.5
      vertex 7.38823 -5.94888 2.5
    endloop
  endfacet
  facet normal 0.321407 -0.946941 0
    outer loop
      vertex 7.57402 -5.88582 2.5
      vertex 7.38823 -5.94888 0
      vertex 7.57402 -5.88582 0
    endloop
  endfacet
  facet normal -0.99786 -0.0653866 0
    outer loop
      vertex 1.7 0 0
      vertex 1.68546 0.221894 2.5
      vertex 1.68546 0.221894 0
    endloop
  endfacet
  facet normal -0.99786 -0.0653866 0
    outer loop
      vertex 1.68546 0.221894 2.5
      vertex 1.7 0 0
      vertex 1.7 0 2.5
    endloop
  endfacet
  facet normal 0.99786 -0.0653866 0
    outer loop
      vertex -1.7 0 2.5
      vertex -1.68546 0.221894 0
      vertex -1.68546 0.221894 2.5
    endloop
  endfacet
  facet normal 0.99786 -0.0653866 0
    outer loop
      vertex -1.68546 0.221894 0
      vertex -1.7 0 2.5
      vertex -1.7 0 0
    endloop
  endfacet
  facet normal -0.0653866 -0.99786 0
    outer loop
      vertex 0 1.7 0
      vertex 0.221894 1.68546 2.5
      vertex 0 1.7 2.5
    endloop
  endfacet
  facet normal -0.0653866 -0.99786 -0
    outer loop
      vertex 0.221894 1.68546 2.5
      vertex 0 1.7 0
      vertex 0.221894 1.68546 0
    endloop
  endfacet
  facet normal 0.0653866 0.99786 -0
    outer loop
      vertex 0 -1.7 0
      vertex -0.221894 -1.68546 2.5
      vertex 0 -1.7 2.5
    endloop
  endfacet
  facet normal 0.0653866 0.99786 0
    outer loop
      vertex -0.221894 -1.68546 2.5
      vertex 0 -1.7 0
      vertex -0.221894 -1.68546 0
    endloop
  endfacet
  facet normal -0.659342 -0.751844 0
    outer loop
      vertex 1.03489 1.3487 0
      vertex 1.20208 1.20208 2.5
      vertex 1.03489 1.3487 2.5
    endloop
  endfacet
  facet normal -0.659342 -0.751844 -0
    outer loop
      vertex 1.20208 1.20208 2.5
      vertex 1.03489 1.3487 0
      vertex 1.20208 1.20208 0
    endloop
  endfacet
  facet normal 0.659342 -0.751844 0
    outer loop
      vertex -1.20208 1.20208 0
      vertex -1.03489 1.3487 2.5
      vertex -1.20208 1.20208 2.5
    endloop
  endfacet
  facet normal 0.659342 -0.751844 0
    outer loop
      vertex -1.03489 1.3487 2.5
      vertex -1.20208 1.20208 0
      vertex -1.03489 1.3487 0
    endloop
  endfacet
  facet normal 0.321445 -0.946928 0
    outer loop
      vertex -0.650561 1.57059 0
      vertex -0.439992 1.64207 2.5
      vertex -0.650561 1.57059 2.5
    endloop
  endfacet
  facet normal 0.321445 -0.946928 0
    outer loop
      vertex -0.439992 1.64207 2.5
      vertex -0.650561 1.57059 0
      vertex -0.439992 1.64207 0
    endloop
  endfacet
  facet normal -0.896876 -0.442282 0
    outer loop
      vertex 1.57059 0.650561 0
      vertex 1.47224 0.849999 2.5
      vertex 1.47224 0.849999 0
    endloop
  endfacet
  facet normal -0.896876 -0.442282 0
    outer loop
      vertex 1.47224 0.849999 2.5
      vertex 1.57059 0.650561 0
      vertex 1.57059 0.650561 2.5
    endloop
  endfacet
  facet normal -0.980779 -0.195123 0
    outer loop
      vertex 1.68546 0.221894 0
      vertex 1.64207 0.439992 2.5
      vertex 1.64207 0.439992 0
    endloop
  endfacet
  facet normal -0.980779 -0.195123 0
    outer loop
      vertex 1.64207 0.439992 2.5
      vertex 1.68546 0.221894 0
      vertex 1.68546 0.221894 2.5
    endloop
  endfacet
  facet normal -0.83147 -0.55557 0
    outer loop
      vertex 1.47224 0.849999 0
      vertex 1.3487 1.03489 2.5
      vertex 1.3487 1.03489 0
    endloop
  endfacet
  facet normal -0.83147 -0.55557 0
    outer loop
      vertex 1.3487 1.03489 2.5
      vertex 1.47224 0.849999 0
      vertex 1.47224 0.849999 2.5
    endloop
  endfacet
  facet normal -0.321445 -0.946928 0
    outer loop
      vertex 0.439992 1.64207 0
      vertex 0.650561 1.57059 2.5
      vertex 0.439992 1.64207 2.5
    endloop
  endfacet
  facet normal -0.321445 -0.946928 -0
    outer loop
      vertex 0.650561 1.57059 2.5
      vertex 0.439992 1.64207 0
      vertex 0.650561 1.57059 0
    endloop
  endfacet
  facet normal -0.195123 -0.980779 0
    outer loop
      vertex 0.221894 1.68546 0
      vertex 0.439992 1.64207 2.5
      vertex 0.221894 1.68546 2.5
    endloop
  endfacet
  facet normal -0.195123 -0.980779 -0
    outer loop
      vertex 0.439992 1.64207 2.5
      vertex 0.221894 1.68546 0
      vertex 0.439992 1.64207 0
    endloop
  endfacet
  facet normal -0.442282 -0.896876 0
    outer loop
      vertex 0.650561 1.57059 0
      vertex 0.849999 1.47224 2.5
      vertex 0.650561 1.57059 2.5
    endloop
  endfacet
  facet normal -0.442282 -0.896876 -0
    outer loop
      vertex 0.849999 1.47224 2.5
      vertex 0.650561 1.57059 0
      vertex 0.849999 1.47224 0
    endloop
  endfacet
  facet normal 0.83147 -0.55557 0
    outer loop
      vertex -1.47224 0.849999 2.5
      vertex -1.3487 1.03489 0
      vertex -1.3487 1.03489 2.5
    endloop
  endfacet
  facet normal 0.83147 -0.55557 0
    outer loop
      vertex -1.3487 1.03489 0
      vertex -1.47224 0.849999 2.5
      vertex -1.47224 0.849999 0
    endloop
  endfacet
  facet normal 0.751844 -0.659342 0
    outer loop
      vertex -1.3487 1.03489 2.5
      vertex -1.20208 1.20208 0
      vertex -1.20208 1.20208 2.5
    endloop
  endfacet
  facet normal 0.751844 -0.659342 0
    outer loop
      vertex -1.20208 1.20208 0
      vertex -1.3487 1.03489 2.5
      vertex -1.3487 1.03489 0
    endloop
  endfacet
  facet normal 0.946928 -0.321445 0
    outer loop
      vertex -1.64207 0.439992 2.5
      vertex -1.57059 0.650561 0
      vertex -1.57059 0.650561 2.5
    endloop
  endfacet
  facet normal 0.946928 -0.321445 0
    outer loop
      vertex -1.57059 0.650561 0
      vertex -1.64207 0.439992 2.5
      vertex -1.64207 0.439992 0
    endloop
  endfacet
  facet normal 0.55557 -0.83147 0
    outer loop
      vertex -1.03489 1.3487 0
      vertex -0.849999 1.47224 2.5
      vertex -1.03489 1.3487 2.5
    endloop
  endfacet
  facet normal 0.55557 -0.83147 0
    outer loop
      vertex -0.849999 1.47224 2.5
      vertex -1.03489 1.3487 0
      vertex -0.849999 1.47224 0
    endloop
  endfacet
  facet normal 0.195123 -0.980779 0
    outer loop
      vertex -0.439992 1.64207 0
      vertex -0.221894 1.68546 2.5
      vertex -0.439992 1.64207 2.5
    endloop
  endfacet
  facet normal 0.195123 -0.980779 0
    outer loop
      vertex -0.221894 1.68546 2.5
      vertex -0.439992 1.64207 0
      vertex -0.221894 1.68546 0
    endloop
  endfacet
  facet normal -0.751844 0.659342 0
    outer loop
      vertex 1.20208 -1.20208 0
      vertex 1.3487 -1.03489 2.5
      vertex 1.3487 -1.03489 0
    endloop
  endfacet
  facet normal -0.751844 0.659342 0
    outer loop
      vertex 1.3487 -1.03489 2.5
      vertex 1.20208 -1.20208 0
      vertex 1.20208 -1.20208 2.5
    endloop
  endfacet
  facet normal -0.980779 0.195123 0
    outer loop
      vertex 1.64207 -0.439992 0
      vertex 1.68546 -0.221894 2.5
      vertex 1.68546 -0.221894 0
    endloop
  endfacet
  facet normal -0.980779 0.195123 0
    outer loop
      vertex 1.68546 -0.221894 2.5
      vertex 1.64207 -0.439992 0
      vertex 1.64207 -0.439992 2.5
    endloop
  endfacet
  facet normal 0.442282 0.896876 -0
    outer loop
      vertex -0.650561 -1.57059 0
      vertex -0.849999 -1.47224 2.5
      vertex -0.650561 -1.57059 2.5
    endloop
  endfacet
  facet normal 0.442282 0.896876 0
    outer loop
      vertex -0.849999 -1.47224 2.5
      vertex -0.650561 -1.57059 0
      vertex -0.849999 -1.47224 0
    endloop
  endfacet
  facet normal 0.659342 0.751844 -0
    outer loop
      vertex -1.03489 -1.3487 0
      vertex -1.20208 -1.20208 2.5
      vertex -1.03489 -1.3487 2.5
    endloop
  endfacet
  facet normal 0.659342 0.751844 0
    outer loop
      vertex -1.20208 -1.20208 2.5
      vertex -1.03489 -1.3487 0
      vertex -1.20208 -1.20208 0
    endloop
  endfacet
  facet normal 0.321445 0.946928 -0
    outer loop
      vertex -0.439992 -1.64207 0
      vertex -0.650561 -1.57059 2.5
      vertex -0.439992 -1.64207 2.5
    endloop
  endfacet
  facet normal 0.321445 0.946928 0
    outer loop
      vertex -0.650561 -1.57059 2.5
      vertex -0.439992 -1.64207 0
      vertex -0.650561 -1.57059 0
    endloop
  endfacet
  facet normal 0.751844 0.659342 0
    outer loop
      vertex -1.20208 -1.20208 2.5
      vertex -1.3487 -1.03489 0
      vertex -1.3487 -1.03489 2.5
    endloop
  endfacet
  facet normal 0.751844 0.659342 0
    outer loop
      vertex -1.3487 -1.03489 0
      vertex -1.20208 -1.20208 2.5
      vertex -1.20208 -1.20208 0
    endloop
  endfacet
  facet normal -0.946928 -0.321445 0
    outer loop
      vertex 1.64207 0.439992 0
      vertex 1.57059 0.650561 2.5
      vertex 1.57059 0.650561 0
    endloop
  endfacet
  facet normal -0.946928 -0.321445 0
    outer loop
      vertex 1.57059 0.650561 2.5
      vertex 1.64207 0.439992 0
      vertex 1.64207 0.439992 2.5
    endloop
  endfacet
  facet normal -0.55557 -0.83147 0
    outer loop
      vertex 0.849999 1.47224 0
      vertex 1.03489 1.3487 2.5
      vertex 0.849999 1.47224 2.5
    endloop
  endfacet
  facet normal -0.55557 -0.83147 -0
    outer loop
      vertex 1.03489 1.3487 2.5
      vertex 0.849999 1.47224 0
      vertex 1.03489 1.3487 0
    endloop
  endfacet
  facet normal 0.896876 -0.442282 0
    outer loop
      vertex -1.57059 0.650561 2.5
      vertex -1.47224 0.849999 0
      vertex -1.47224 0.849999 2.5
    endloop
  endfacet
  facet normal 0.896876 -0.442282 0
    outer loop
      vertex -1.47224 0.849999 0
      vertex -1.57059 0.650561 2.5
      vertex -1.57059 0.650561 0
    endloop
  endfacet
  facet normal 0.980779 -0.195123 0
    outer loop
      vertex -1.68546 0.221894 2.5
      vertex -1.64207 0.439992 0
      vertex -1.64207 0.439992 2.5
    endloop
  endfacet
  facet normal 0.980779 -0.195123 0
    outer loop
      vertex -1.64207 0.439992 0
      vertex -1.68546 0.221894 2.5
      vertex -1.68546 0.221894 0
    endloop
  endfacet
  facet normal 0.0653866 -0.99786 0
    outer loop
      vertex -0.221894 1.68546 0
      vertex 0 1.7 2.5
      vertex -0.221894 1.68546 2.5
    endloop
  endfacet
  facet normal 0.0653866 -0.99786 0
    outer loop
      vertex 0 1.7 2.5
      vertex -0.221894 1.68546 0
      vertex 0 1.7 0
    endloop
  endfacet
  facet normal -0.99786 0.0653866 0
    outer loop
      vertex 1.68546 -0.221894 0
      vertex 1.7 0 2.5
      vertex 1.7 0 0
    endloop
  endfacet
  facet normal -0.99786 0.0653866 0
    outer loop
      vertex 1.7 0 2.5
      vertex 1.68546 -0.221894 0
      vertex 1.68546 -0.221894 2.5
    endloop
  endfacet
  facet normal -0.0653866 0.99786 0
    outer loop
      vertex 0.221894 -1.68546 0
      vertex 0 -1.7 2.5
      vertex 0.221894 -1.68546 2.5
    endloop
  endfacet
  facet normal -0.0653866 0.99786 0
    outer loop
      vertex 0 -1.7 2.5
      vertex 0.221894 -1.68546 0
      vertex 0 -1.7 0
    endloop
  endfacet
  facet normal -0.321445 0.946928 0
    outer loop
      vertex 0.650561 -1.57059 0
      vertex 0.439992 -1.64207 2.5
      vertex 0.650561 -1.57059 2.5
    endloop
  endfacet
  facet normal -0.321445 0.946928 0
    outer loop
      vertex 0.439992 -1.64207 2.5
      vertex 0.650561 -1.57059 0
      vertex 0.439992 -1.64207 0
    endloop
  endfacet
  facet normal -0.442282 0.896876 0
    outer loop
      vertex 0.849999 -1.47224 0
      vertex 0.650561 -1.57059 2.5
      vertex 0.849999 -1.47224 2.5
    endloop
  endfacet
  facet normal -0.442282 0.896876 0
    outer loop
      vertex 0.650561 -1.57059 2.5
      vertex 0.849999 -1.47224 0
      vertex 0.650561 -1.57059 0
    endloop
  endfacet
  facet normal -0.659342 0.751844 0
    outer loop
      vertex 1.20208 -1.20208 0
      vertex 1.03489 -1.3487 2.5
      vertex 1.20208 -1.20208 2.5
    endloop
  endfacet
  facet normal -0.659342 0.751844 0
    outer loop
      vertex 1.03489 -1.3487 2.5
      vertex 1.20208 -1.20208 0
      vertex 1.03489 -1.3487 0
    endloop
  endfacet
  facet normal -0.55557 0.83147 0
    outer loop
      vertex 1.03489 -1.3487 0
      vertex 0.849999 -1.47224 2.5
      vertex 1.03489 -1.3487 2.5
    endloop
  endfacet
  facet normal -0.55557 0.83147 0
    outer loop
      vertex 0.849999 -1.47224 2.5
      vertex 1.03489 -1.3487 0
      vertex 0.849999 -1.47224 0
    endloop
  endfacet
  facet normal -0.946928 0.321445 0
    outer loop
      vertex 1.57059 -0.650561 0
      vertex 1.64207 -0.439992 2.5
      vertex 1.64207 -0.439992 0
    endloop
  endfacet
  facet normal -0.946928 0.321445 0
    outer loop
      vertex 1.64207 -0.439992 2.5
      vertex 1.57059 -0.650561 0
      vertex 1.57059 -0.650561 2.5
    endloop
  endfacet
  facet normal -0.83147 0.55557 0
    outer loop
      vertex 1.3487 -1.03489 0
      vertex 1.47224 -0.849999 2.5
      vertex 1.47224 -0.849999 0
    endloop
  endfacet
  facet normal -0.83147 0.55557 0
    outer loop
      vertex 1.47224 -0.849999 2.5
      vertex 1.3487 -1.03489 0
      vertex 1.3487 -1.03489 2.5
    endloop
  endfacet
  facet normal -0.896876 0.442282 0
    outer loop
      vertex 1.47224 -0.849999 0
      vertex 1.57059 -0.650561 2.5
      vertex 1.57059 -0.650561 0
    endloop
  endfacet
  facet normal -0.896876 0.442282 0
    outer loop
      vertex 1.57059 -0.650561 2.5
      vertex 1.47224 -0.849999 0
      vertex 1.47224 -0.849999 2.5
    endloop
  endfacet
  facet normal 0.55557 0.83147 -0
    outer loop
      vertex -0.849999 -1.47224 0
      vertex -1.03489 -1.3487 2.5
      vertex -0.849999 -1.47224 2.5
    endloop
  endfacet
  facet normal 0.55557 0.83147 0
    outer loop
      vertex -1.03489 -1.3487 2.5
      vertex -0.849999 -1.47224 0
      vertex -1.03489 -1.3487 0
    endloop
  endfacet
  facet normal 0.195123 0.980779 -0
    outer loop
      vertex -0.221894 -1.68546 0
      vertex -0.439992 -1.64207 2.5
      vertex -0.221894 -1.68546 2.5
    endloop
  endfacet
  facet normal 0.195123 0.980779 0
    outer loop
      vertex -0.439992 -1.64207 2.5
      vertex -0.221894 -1.68546 0
      vertex -0.439992 -1.64207 0
    endloop
  endfacet
  facet normal 0.896876 0.442282 0
    outer loop
      vertex -1.47224 -0.849999 2.5
      vertex -1.57059 -0.650561 0
      vertex -1.57059 -0.650561 2.5
    endloop
  endfacet
  facet normal 0.896876 0.442282 0
    outer loop
      vertex -1.57059 -0.650561 0
      vertex -1.47224 -0.849999 2.5
      vertex -1.47224 -0.849999 0
    endloop
  endfacet
  facet normal 0.946928 0.321445 0
    outer loop
      vertex -1.57059 -0.650561 2.5
      vertex -1.64207 -0.439992 0
      vertex -1.64207 -0.439992 2.5
    endloop
  endfacet
  facet normal 0.946928 0.321445 0
    outer loop
      vertex -1.64207 -0.439992 0
      vertex -1.57059 -0.650561 2.5
      vertex -1.57059 -0.650561 0
    endloop
  endfacet
  facet normal 0.99786 0.0653866 0
    outer loop
      vertex -1.68546 -0.221894 2.5
      vertex -1.7 0 0
      vertex -1.7 0 2.5
    endloop
  endfacet
  facet normal 0.99786 0.0653866 0
    outer loop
      vertex -1.7 0 0
      vertex -1.68546 -0.221894 2.5
      vertex -1.68546 -0.221894 0
    endloop
  endfacet
  facet normal -0.751844 -0.659342 0
    outer loop
      vertex 1.3487 1.03489 0
      vertex 1.20208 1.20208 2.5
      vertex 1.20208 1.20208 0
    endloop
  endfacet
  facet normal -0.751844 -0.659342 0
    outer loop
      vertex 1.20208 1.20208 2.5
      vertex 1.3487 1.03489 0
      vertex 1.3487 1.03489 2.5
    endloop
  endfacet
  facet normal 0.442282 -0.896876 0
    outer loop
      vertex -0.849999 1.47224 0
      vertex -0.650561 1.57059 2.5
      vertex -0.849999 1.47224 2.5
    endloop
  endfacet
  facet normal 0.442282 -0.896876 0
    outer loop
      vertex -0.650561 1.57059 2.5
      vertex -0.849999 1.47224 0
      vertex -0.650561 1.57059 0
    endloop
  endfacet
  facet normal -0.195123 0.980779 0
    outer loop
      vertex 0.439992 -1.64207 0
      vertex 0.221894 -1.68546 2.5
      vertex 0.439992 -1.64207 2.5
    endloop
  endfacet
  facet normal -0.195123 0.980779 0
    outer loop
      vertex 0.221894 -1.68546 2.5
      vertex 0.439992 -1.64207 0
      vertex 0.221894 -1.68546 0
    endloop
  endfacet
  facet normal 0.83147 0.55557 0
    outer loop
      vertex -1.3487 -1.03489 2.5
      vertex -1.47224 -0.849999 0
      vertex -1.47224 -0.849999 2.5
    endloop
  endfacet
  facet normal 0.83147 0.55557 0
    outer loop
      vertex -1.47224 -0.849999 0
      vertex -1.3487 -1.03489 2.5
      vertex -1.3487 -1.03489 0
    endloop
  endfacet
  facet normal 0.980779 0.195123 0
    outer loop
      vertex -1.64207 -0.439992 2.5
      vertex -1.68546 -0.221894 0
      vertex -1.68546 -0.221894 2.5
    endloop
  endfacet
  facet normal 0.980779 0.195123 0
    outer loop
      vertex -1.68546 -0.221894 0
      vertex -1.64207 -0.439992 2.5
      vertex -1.64207 -0.439992 0
    endloop
  endfacet
  facet normal 0 -1 0
    outer loop
      vertex -2.5 10 0
      vertex 7 10 2.5
      vertex -2.5 10 2.5
    endloop
  endfacet
  facet normal 0 -1 -0
    outer loop
      vertex 7 10 2.5
      vertex -2.5 10 0
      vertex 7 10 0
    endloop
  endfacet
  facet normal 0.0652369 -0.99787 0
    outer loop
      vertex 7 10 0
      vertex 7.19579 10.0128 2.5
      vertex 7 10 2.5
    endloop
  endfacet
  facet normal 0.0652369 -0.99787 0
    outer loop
      vertex 7.19579 10.0128 2.5
      vertex 7 10 0
      vertex 7.19579 10.0128 0
    endloop
  endfacet
  facet normal 0.195195 -0.980764 0
    outer loop
      vertex 7.19579 10.0128 0
      vertex 7.38823 10.0511 2.5
      vertex 7.19579 10.0128 2.5
    endloop
  endfacet
  facet normal 0.195195 -0.980764 0
    outer loop
      vertex 7.38823 10.0511 2.5
      vertex 7.19579 10.0128 0
      vertex 7.38823 10.0511 0
    endloop
  endfacet
  facet normal -0.0652369 0.99787 0
    outer loop
      vertex -2.5 22 0
      vertex -2.69579 21.9872 2.5
      vertex -2.5 22 2.5
    endloop
  endfacet
  facet normal -0.0652369 0.99787 0
    outer loop
      vertex -2.69579 21.9872 2.5
      vertex -2.5 22 0
      vertex -2.69579 21.9872 0
    endloop
  endfacet
  facet normal 0.0652369 0.99787 -0
    outer loop
      vertex 7.19579 21.9872 0
      vertex 7 22 2.5
      vertex 7.19579 21.9872 2.5
    endloop
  endfacet
  facet normal 0.0652369 0.99787 0
    outer loop
      vertex 7 22 2.5
      vertex 7.19579 21.9872 0
      vertex 7 22 0
    endloop
  endfacet
  facet normal -0.831399 0.555676 0
    outer loop
      vertex -3.79904 21.25 0
      vertex -3.69003 21.4131 2.5
      vertex -3.69003 21.4131 0
    endloop
  endfacet
  facet normal -0.831399 0.555676 0
    outer loop
      vertex -3.69003 21.4131 2.5
      vertex -3.79904 21.25 0
      vertex -3.79904 21.25 2.5
    endloop
  endfacet
  facet normal 0 1 -0
    outer loop
      vertex 7 22 0
      vertex -2.5 22 2.5
      vertex 7 22 2.5
    endloop
  endfacet
  facet normal 0 1 0
    outer loop
      vertex -2.5 22 2.5
      vertex 7 22 0
      vertex -2.5 22 0
    endloop
  endfacet
  facet normal -0.442355 0.89684 0
    outer loop
      vertex -3.07402 21.8858 0
      vertex -3.25 21.799 2.5
      vertex -3.07402 21.8858 2.5
    endloop
  endfacet
  facet normal -0.442355 0.89684 0
    outer loop
      vertex -3.25 21.799 2.5
      vertex -3.07402 21.8858 0
      vertex -3.25 21.799 0
    endloop
  endfacet
  facet normal 0 0 1
    outer loop
      vertex 7 22 2.5
      vertex 8.5 20.5 2.5
      vertex 8.48717 20.6958 2.5
    endloop
  endfacet
  facet normal 0 0 1
    outer loop
      vertex 8.5 20.5 2.5
      vertex 1.7 16 2.5
      vertex 8.5 11.5 2.5
    endloop
  endfacet
  facet normal 0 0 1
    outer loop
      vertex 7 22 2.5
      vertex 8.48717 20.6958 2.5
      vertex 8.44888 20.8882 2.5
    endloop
  endfacet
  facet normal -0 0 1
    outer loop
      vertex 1.68546 15.7781 2.5
      vertex 8.5 11.5 2.5
      vertex 1.7 16 2.5
    endloop
  endfacet
  facet normal 0 0 1
    outer loop
      vertex 7 22 2.5
      vertex 8.44888 20.8882 2.5
      vertex 8.38582 21.074 2.5
    endloop
  endfacet
  facet normal -0 0 1
    outer loop
      vertex 1.64207 15.56 2.5
      vertex 8.5 11.5 2.5
      vertex 1.68546 15.7781 2.5
    endloop
  endfacet
  facet normal 0 0 1
    outer loop
      vertex 7 22 2.5
      vertex 8.38582 21.074 2.5
      vertex 8.29904 21.25 2.5
    endloop
  endfacet
  facet normal -0 0 1
    outer loop
      vertex 1.57059 15.3494 2.5
      vertex 8.5 11.5 2.5
      vertex 1.64207 15.56 2.5
    endloop
  endfacet
  facet normal 0 0 1
    outer loop
      vertex 7 22 2.5
      vertex 8.29904 21.25 2.5
      vertex 8.19003 21.4131 2.5
    endloop
  endfacet
  facet normal -0 0 1
    outer loop
      vertex 1.47224 15.15 2.5
      vertex 8.5 11.5 2.5
      vertex 1.57059 15.3494 2.5
    endloop
  endfacet
  facet normal 0 0 1
    outer loop
      vertex 7 22 2.5
      vertex 8.19003 21.4131 2.5
      vertex 8.06065 21.5607 2.5
    endloop
  endfacet
  facet normal 0 0 1
    outer loop
      vertex 8.5 11.5 2.5
      vertex 7 10 2.5
      vertex 8.48717 11.3042 2.5
    endloop
  endfacet
  facet normal 0 0 1
    outer loop
      vertex 7 22 2.5
      vertex 8.06065 21.5607 2.5
      vertex 7.91315 21.69 2.5
    endloop
  endfacet
  facet normal 0 0 1
    outer loop
      vertex 8.48717 11.3042 2.5
      vertex 7 10 2.5
      vertex 8.44888 11.1118 2.5
    endloop
  endfacet
  facet normal 0 0 1
    outer loop
      vertex 7 22 2.5
      vertex 7.91315 21.69 2.5
      vertex 7.75 21.799 2.5
    endloop
  endfacet
  facet normal 0 0 1
    outer loop
      vertex 8.44888 11.1118 2.5
      vertex 7 10 2.5
      vertex 8.38582 10.926 2.5
    endloop
  endfacet
  facet normal 0 0 1
    outer loop
      vertex 7 22 2.5
      vertex 7.75 21.799 2.5
      vertex 7.57402 21.8858 2.5
    endloop
  endfacet
  facet normal 0 0 1
    outer loop
      vertex 8.29904 10.75 2.5
      vertex 7 10 2.5
      vertex 8.19003 10.5869 2.5
    endloop
  endfacet
  facet normal 0 0 1
    outer loop
      vertex 7 22 2.5
      vertex 7.57402 21.8858 2.5
      vertex 7.38823 21.9489 2.5
    endloop
  endfacet
  facet normal 0 0 1
    outer loop
      vertex 8.19003 10.5869 2.5
      vertex 7 10 2.5
      vertex 8.06065 10.4393 2.5
    endloop
  endfacet
  facet normal 0 0 1
    outer loop
      vertex 7 22 2.5
      vertex 7.38823 21.9489 2.5
      vertex 7.19579 21.9872 2.5
    endloop
  endfacet
  facet normal 0 0 1
    outer loop
      vertex 8.06065 10.4393 2.5
      vertex 7 10 2.5
      vertex 7.91315 10.31 2.5
    endloop
  endfacet
  facet normal 0 0 1
    outer loop
      vertex 1.47224 16.85 2.5
      vertex 8.5 20.5 2.5
      vertex 7 22 2.5
    endloop
  endfacet
  facet normal 0 0 1
    outer loop
      vertex 7.75 10.201 2.5
      vertex 7 10 2.5
      vertex 7.57402 10.1142 2.5
    endloop
  endfacet
  facet normal 0 0 1
    outer loop
      vertex 7.57402 10.1142 2.5
      vertex 7 10 2.5
      vertex 7.38823 10.0511 2.5
    endloop
  endfacet
  facet normal 0 0 1
    outer loop
      vertex 8.5 20.5 2.5
      vertex 1.68546 16.2219 2.5
      vertex 1.7 16 2.5
    endloop
  endfacet
  facet normal 0 0 1
    outer loop
      vertex 8.5 20.5 2.5
      vertex 1.64207 16.44 2.5
      vertex 1.68546 16.2219 2.5
    endloop
  endfacet
  facet normal 0 0 1
    outer loop
      vertex 8.5 20.5 2.5
      vertex 1.57059 16.6506 2.5
      vertex 1.64207 16.44 2.5
    endloop
  endfacet
  facet normal 0 0 1
    outer loop
      vertex 8.5 20.5 2.5
      vertex 1.47224 16.85 2.5
      vertex 1.57059 16.6506 2.5
    endloop
  endfacet
  facet normal 0 0 1
    outer loop
      vertex 7 22 2.5
      vertex 1.3487 17.0349 2.5
      vertex 1.47224 16.85 2.5
    endloop
  endfacet
  facet normal 0 0 1
    outer loop
      vertex 7 22 2.5
      vertex 1.20208 17.2021 2.5
      vertex 1.3487 17.0349 2.5
    endloop
  endfacet
  facet normal 0 0 1
    outer loop
      vertex 7 22 2.5
      vertex 1.03489 17.3487 2.5
      vertex 1.20208 17.2021 2.5
    endloop
  endfacet
  facet normal 0 0 1
    outer loop
      vertex 7 22 2.5
      vertex 0.849999 17.4722 2.5
      vertex 1.03489 17.3487 2.5
    endloop
  endfacet
  facet normal 0 0 1
    outer loop
      vertex 7 22 2.5
      vertex 0.650561 17.5706 2.5
      vertex 0.849999 17.4722 2.5
    endloop
  endfacet
  facet normal -0 0 1
    outer loop
      vertex -2.5 22 2.5
      vertex 0.650561 17.5706 2.5
      vertex 7 22 2.5
    endloop
  endfacet
  facet normal 0 0 1
    outer loop
      vertex 0.650561 17.5706 2.5
      vertex -2.5 22 2.5
      vertex 0.439992 17.6421 2.5
    endloop
  endfacet
  facet normal 0 0 1
    outer loop
      vertex 0.439992 17.6421 2.5
      vertex -2.5 22 2.5
      vertex 0.221894 17.6855 2.5
    endloop
  endfacet
  facet normal 0 0 1
    outer loop
      vertex 0.221894 17.6855 2.5
      vertex -2.5 22 2.5
      vertex 0 17.7 2.5
    endloop
  endfacet
  facet normal 0 0 1
    outer loop
      vertex 0 17.7 2.5
      vertex -2.5 22 2.5
      vertex -0.221894 17.6855 2.5
    endloop
  endfacet
  facet normal 0 0 1
    outer loop
      vertex -0.221894 17.6855 2.5
      vertex -2.5 22 2.5
      vertex -0.439992 17.6421 2.5
    endloop
  endfacet
  facet normal 0 0 1
    outer loop
      vertex -0.439992 17.6421 2.5
      vertex -2.5 22 2.5
      vertex -0.650561 17.5706 2.5
    endloop
  endfacet
  facet normal 0 0 1
    outer loop
      vertex -1.64207 16.44 2.5
      vertex -4 20.5 2.5
      vertex -1.68546 16.2219 2.5
    endloop
  endfacet
  facet normal 0 0 1
    outer loop
      vertex -1.57059 16.6506 2.5
      vertex -4 20.5 2.5
      vertex -1.64207 16.44 2.5
    endloop
  endfacet
  facet normal 0 0 1
    outer loop
      vertex -1.47224 16.85 2.5
      vertex -4 20.5 2.5
      vertex -1.57059 16.6506 2.5
    endloop
  endfacet
  facet normal 0 0 1
    outer loop
      vertex -1.3487 17.0349 2.5
      vertex -4 20.5 2.5
      vertex -1.47224 16.85 2.5
    endloop
  endfacet
  facet normal 0 0 1
    outer loop
      vertex -1.20208 17.2021 2.5
      vertex -4 20.5 2.5
      vertex -1.3487 17.0349 2.5
    endloop
  endfacet
  facet normal 0 0 1
    outer loop
      vertex -1.03489 17.3487 2.5
      vertex -4 20.5 2.5
      vertex -1.20208 17.2021 2.5
    endloop
  endfacet
  facet normal 0 0 1
    outer loop
      vertex -0.849999 17.4722 2.5
      vertex -4 20.5 2.5
      vertex -1.03489 17.3487 2.5
    endloop
  endfacet
  facet normal 0 0 1
    outer loop
      vertex -0.650561 17.5706 2.5
      vertex -4 20.5 2.5
      vertex -0.849999 17.4722 2.5
    endloop
  endfacet
  facet normal -0 0 1
    outer loop
      vertex -4 20.5 2.5
      vertex -0.650561 17.5706 2.5
      vertex -2.5 22 2.5
    endloop
  endfacet
  facet normal 0 0 1
    outer loop
      vertex 7.38823 10.0511 2.5
      vertex 7 10 2.5
      vertex 7.19579 10.0128 2.5
    endloop
  endfacet
  facet normal 0 0 1
    outer loop
      vertex 7.91315 10.31 2.5
      vertex 7 10 2.5
      vertex 7.75 10.201 2.5
    endloop
  endfacet
  facet normal 0 0 1
    outer loop
      vertex 8.38582 10.926 2.5
      vertex 7 10 2.5
      vertex 8.29904 10.75 2.5
    endloop
  endfacet
  facet normal 0 0 1
    outer loop
      vertex 8.5 11.5 2.5
      vertex 1.47224 15.15 2.5
      vertex 7 10 2.5
    endloop
  endfacet
  facet normal -0 0 1
    outer loop
      vertex 1.3487 14.9651 2.5
      vertex 7 10 2.5
      vertex 1.47224 15.15 2.5
    endloop
  endfacet
  facet normal -0 0 1
    outer loop
      vertex 1.20208 14.7979 2.5
      vertex 7 10 2.5
      vertex 1.3487 14.9651 2.5
    endloop
  endfacet
  facet normal -0 0 1
    outer loop
      vertex 1.03489 14.6513 2.5
      vertex 7 10 2.5
      vertex 1.20208 14.7979 2.5
    endloop
  endfacet
  facet normal -0 0 1
    outer loop
      vertex 0.849999 14.5278 2.5
      vertex 7 10 2.5
      vertex 1.03489 14.6513 2.5
    endloop
  endfacet
  facet normal -0 0 1
    outer loop
      vertex 0.650561 14.4294 2.5
      vertex 7 10 2.5
      vertex 0.849999 14.5278 2.5
    endloop
  endfacet
  facet normal 0 0 1
    outer loop
      vertex -2.5 10 2.5
      vertex 0.650561 14.4294 2.5
      vertex 0.439992 14.3579 2.5
    endloop
  endfacet
  facet normal 0 0 1
    outer loop
      vertex -2.5 10 2.5
      vertex 0.439992 14.3579 2.5
      vertex 0.221894 14.3145 2.5
    endloop
  endfacet
  facet normal 0 0 1
    outer loop
      vertex -2.5 10 2.5
      vertex 0.221894 14.3145 2.5
      vertex 0 14.3 2.5
    endloop
  endfacet
  facet normal 0 0 1
    outer loop
      vertex -2.5 10 2.5
      vertex 0 14.3 2.5
      vertex -0.221894 14.3145 2.5
    endloop
  endfacet
  facet normal 0 0 1
    outer loop
      vertex -2.5 10 2.5
      vertex -0.221894 14.3145 2.5
      vertex -0.439992 14.3579 2.5
    endloop
  endfacet
  facet normal 0 0 1
    outer loop
      vertex -2.5 10 2.5
      vertex -0.439992 14.3579 2.5
      vertex -0.650561 14.4294 2.5
    endloop
  endfacet
  facet normal 0 0 1
    outer loop
      vertex -4 11.5 2.5
      vertex -0.650561 14.4294 2.5
      vertex -0.849999 14.5278 2.5
    endloop
  endfacet
  facet normal 0 0 1
    outer loop
      vertex -1.68546 16.2219 2.5
      vertex -4 20.5 2.5
      vertex -1.7 16 2.5
    endloop
  endfacet
  facet normal 0 0 1
    outer loop
      vertex 0.650561 14.4294 2.5
      vertex -2.5 10 2.5
      vertex 7 10 2.5
    endloop
  endfacet
  facet normal 0 0 1
    outer loop
      vertex -4 11.5 2.5
      vertex -0.849999 14.5278 2.5
      vertex -1.03489 14.6513 2.5
    endloop
  endfacet
  facet normal 0 0 1
    outer loop
      vertex -4 11.5 2.5
      vertex -1.03489 14.6513 2.5
      vertex -1.20208 14.7979 2.5
    endloop
  endfacet
  facet normal 0 0 1
    outer loop
      vertex -4 11.5 2.5
      vertex -1.20208 14.7979 2.5
      vertex -1.3487 14.9651 2.5
    endloop
  endfacet
  facet normal 0 0 1
    outer loop
      vertex -4 11.5 2.5
      vertex -1.3487 14.9651 2.5
      vertex -1.47224 15.15 2.5
    endloop
  endfacet
  facet normal 0 0 1
    outer loop
      vertex -4 11.5 2.5
      vertex -1.47224 15.15 2.5
      vertex -1.57059 15.3494 2.5
    endloop
  endfacet
  facet normal 0 0 1
    outer loop
      vertex -4 11.5 2.5
      vertex -1.57059 15.3494 2.5
      vertex -1.64207 15.56 2.5
    endloop
  endfacet
  facet normal 0 0 1
    outer loop
      vertex -4 11.5 2.5
      vertex -1.64207 15.56 2.5
      vertex -1.68546 15.7781 2.5
    endloop
  endfacet
  facet normal 0 0 1
    outer loop
      vertex -4 11.5 2.5
      vertex -1.7 16 2.5
      vertex -4 20.5 2.5
    endloop
  endfacet
  facet normal 0 0 1
    outer loop
      vertex -4 20.5 2.5
      vertex -2.5 22 2.5
      vertex -2.69579 21.9872 2.5
    endloop
  endfacet
  facet normal 0 0 1
    outer loop
      vertex -1.7 16 2.5
      vertex -4 11.5 2.5
      vertex -1.68546 15.7781 2.5
    endloop
  endfacet
  facet normal 0 0 1
    outer loop
      vertex -4 20.5 2.5
      vertex -2.69579 21.9872 2.5
      vertex -2.88823 21.9489 2.5
    endloop
  endfacet
  facet normal 0 0 1
    outer loop
      vertex -0.650561 14.4294 2.5
      vertex -4 11.5 2.5
      vertex -2.5 10 2.5
    endloop
  endfacet
  facet normal 0 0 1
    outer loop
      vertex -4 20.5 2.5
      vertex -2.88823 21.9489 2.5
      vertex -3.07402 21.8858 2.5
    endloop
  endfacet
  facet normal 0 0 1
    outer loop
      vertex -2.5 10 2.5
      vertex -4 11.5 2.5
      vertex -2.69579 10.0128 2.5
    endloop
  endfacet
  facet normal 0 0 1
    outer loop
      vertex -4 20.5 2.5
      vertex -3.07402 21.8858 2.5
      vertex -3.25 21.799 2.5
    endloop
  endfacet
  facet normal 0 0 1
    outer loop
      vertex -2.69579 10.0128 2.5
      vertex -4 11.5 2.5
      vertex -2.88823 10.0511 2.5
    endloop
  endfacet
  facet normal 0 0 1
    outer loop
      vertex -4 20.5 2.5
      vertex -3.25 21.799 2.5
      vertex -3.41315 21.69 2.5
    endloop
  endfacet
  facet normal 0 0 1
    outer loop
      vertex -2.88823 10.0511 2.5
      vertex -4 11.5 2.5
      vertex -3.07402 10.1142 2.5
    endloop
  endfacet
  facet normal 0 0 1
    outer loop
      vertex -4 20.5 2.5
      vertex -3.41315 21.69 2.5
      vertex -3.56065 21.5607 2.5
    endloop
  endfacet
  facet normal 0 0 1
    outer loop
      vertex -3.07402 10.1142 2.5
      vertex -4 11.5 2.5
      vertex -3.25 10.201 2.5
    endloop
  endfacet
  facet normal 0 0 1
    outer loop
      vertex -4 20.5 2.5
      vertex -3.56065 21.5607 2.5
      vertex -3.69003 21.4131 2.5
    endloop
  endfacet
  facet normal 0 0 1
    outer loop
      vertex -3.25 10.201 2.5
      vertex -4 11.5 2.5
      vertex -3.41315 10.31 2.5
    endloop
  endfacet
  facet normal 0 0 1
    outer loop
      vertex -4 20.5 2.5
      vertex -3.69003 21.4131 2.5
      vertex -3.79904 21.25 2.5
    endloop
  endfacet
  facet normal 0 0 1
    outer loop
      vertex -3.41315 10.31 2.5
      vertex -4 11.5 2.5
      vertex -3.56065 10.4393 2.5
    endloop
  endfacet
  facet normal 0 0 1
    outer loop
      vertex -4 20.5 2.5
      vertex -3.79904 21.25 2.5
      vertex -3.88582 21.074 2.5
    endloop
  endfacet
  facet normal 0 0 1
    outer loop
      vertex -3.56065 10.4393 2.5
      vertex -4 11.5 2.5
      vertex -3.69003 10.5869 2.5
    endloop
  endfacet
  facet normal 0 0 1
    outer loop
      vertex -4 20.5 2.5
      vertex -3.88582 21.074 2.5
      vertex -3.94888 20.8882 2.5
    endloop
  endfacet
  facet normal 0 0 1
    outer loop
      vertex -3.69003 10.5869 2.5
      vertex -4 11.5 2.5
      vertex -3.79904 10.75 2.5
    endloop
  endfacet
  facet normal 0 0 1
    outer loop
      vertex -4 20.5 2.5
      vertex -3.94888 20.8882 2.5
      vertex -3.98717 20.6958 2.5
    endloop
  endfacet
  facet normal 0 0 1
    outer loop
      vertex -3.79904 10.75 2.5
      vertex -4 11.5 2.5
      vertex -3.88582 10.926 2.5
    endloop
  endfacet
  facet normal 0 0 1
    outer loop
      vertex -3.88582 10.926 2.5
      vertex -4 11.5 2.5
      vertex -3.94888 11.1118 2.5
    endloop
  endfacet
  facet normal 0 0 1
    outer loop
      vertex -3.94888 11.1118 2.5
      vertex -4 11.5 2.5
      vertex -3.98717 11.3042 2.5
    endloop
  endfacet
  facet normal -0.442355 -0.89684 0
    outer loop
      vertex -3.25 10.201 0
      vertex -3.07402 10.1142 2.5
      vertex -3.25 10.201 2.5
    endloop
  endfacet
  facet normal -0.442355 -0.89684 -0
    outer loop
      vertex -3.07402 10.1142 2.5
      vertex -3.25 10.201 0
      vertex -3.07402 10.1142 0
    endloop
  endfacet
  facet normal 0.99786 -0.0653858 0
    outer loop
      vertex 8.48717 11.3042 2.5
      vertex 8.5 11.5 0
      vertex 8.5 11.5 2.5
    endloop
  endfacet
  facet normal 0.99786 -0.0653858 0
    outer loop
      vertex 8.5 11.5 0
      vertex 8.48717 11.3042 2.5
      vertex 8.48717 11.3042 0
    endloop
  endfacet
  facet normal 0.831399 0.555676 0
    outer loop
      vertex 8.29904 21.25 2.5
      vertex 8.19003 21.4131 0
      vertex 8.19003 21.4131 2.5
    endloop
  endfacet
  facet normal 0.831399 0.555676 0
    outer loop
      vertex 8.19003 21.4131 0
      vertex 8.29904 21.25 2.5
      vertex 8.29904 21.25 0
    endloop
  endfacet
  facet normal 0.555523 0.831501 -0
    outer loop
      vertex 7.91315 21.69 0
      vertex 7.75 21.799 2.5
      vertex 7.91315 21.69 2.5
    endloop
  endfacet
  facet normal 0.555523 0.831501 0
    outer loop
      vertex 7.75 21.799 2.5
      vertex 7.91315 21.69 0
      vertex 7.75 21.799 0
    endloop
  endfacet
  facet normal -0.8969 0.442233 0
    outer loop
      vertex -3.88582 21.074 0
      vertex -3.79904 21.25 2.5
      vertex -3.79904 21.25 0
    endloop
  endfacet
  facet normal -0.8969 0.442233 0
    outer loop
      vertex -3.79904 21.25 2.5
      vertex -3.88582 21.074 0
      vertex -3.88582 21.074 2.5
    endloop
  endfacet
  facet normal -0.555523 0.831501 0
    outer loop
      vertex -3.25 21.799 0
      vertex -3.41315 21.69 2.5
      vertex -3.25 21.799 2.5
    endloop
  endfacet
  facet normal -0.555523 0.831501 0
    outer loop
      vertex -3.41315 21.69 2.5
      vertex -3.25 21.799 0
      vertex -3.41315 21.69 0
    endloop
  endfacet
  facet normal -0.980766 -0.195185 0
    outer loop
      vertex -3.94888 11.1118 0
      vertex -3.98717 11.3042 2.5
      vertex -3.98717 11.3042 0
    endloop
  endfacet
  facet normal -0.980766 -0.195185 0
    outer loop
      vertex -3.98717 11.3042 2.5
      vertex -3.94888 11.1118 0
      vertex -3.94888 11.1118 2.5
    endloop
  endfacet
  facet normal -0.831399 -0.555676 0
    outer loop
      vertex -3.69003 10.5869 0
      vertex -3.79904 10.75 2.5
      vertex -3.79904 10.75 0
    endloop
  endfacet
  facet normal -0.831399 -0.555676 0
    outer loop
      vertex -3.79904 10.75 2.5
      vertex -3.69003 10.5869 0
      vertex -3.69003 10.5869 2.5
    endloop
  endfacet
  facet normal -0.99786 -0.0653858 0
    outer loop
      vertex -3.98717 11.3042 0
      vertex -4 11.5 2.5
      vertex -4 11.5 0
    endloop
  endfacet
  facet normal -0.99786 -0.0653858 0
    outer loop
      vertex -4 11.5 2.5
      vertex -3.98717 11.3042 0
      vertex -3.98717 11.3042 2.5
    endloop
  endfacet
  facet normal -0.99786 0.0653858 0
    outer loop
      vertex -4 20.5 0
      vertex -3.98717 20.6958 2.5
      vertex -3.98717 20.6958 0
    endloop
  endfacet
  facet normal -0.99786 0.0653858 0
    outer loop
      vertex -3.98717 20.6958 2.5
      vertex -4 20.5 0
      vertex -4 20.5 2.5
    endloop
  endfacet
  facet normal -0.195195 -0.980764 0
    outer loop
      vertex -2.88823 10.0511 0
      vertex -2.69579 10.0128 2.5
      vertex -2.88823 10.0511 2.5
    endloop
  endfacet
  facet normal -0.195195 -0.980764 -0
    outer loop
      vertex -2.69579 10.0128 2.5
      vertex -2.88823 10.0511 0
      vertex -2.69579 10.0128 0
    endloop
  endfacet
  facet normal -0.555523 -0.831501 0
    outer loop
      vertex -3.41315 10.31 0
      vertex -3.25 10.201 2.5
      vertex -3.41315 10.31 2.5
    endloop
  endfacet
  facet normal -0.555523 -0.831501 -0
    outer loop
      vertex -3.25 10.201 2.5
      vertex -3.41315 10.31 0
      vertex -3.25 10.201 0
    endloop
  endfacet
  facet normal -0.751996 -0.659168 0
    outer loop
      vertex -3.56065 10.4393 0
      vertex -3.69003 10.5869 2.5
      vertex -3.69003 10.5869 0
    endloop
  endfacet
  facet normal -0.751996 -0.659168 0
    outer loop
      vertex -3.69003 10.5869 2.5
      vertex -3.56065 10.4393 0
      vertex -3.56065 10.4393 2.5
    endloop
  endfacet
  facet normal 0.555523 -0.831501 0
    outer loop
      vertex 7.75 10.201 0
      vertex 7.91315 10.31 2.5
      vertex 7.75 10.201 2.5
    endloop
  endfacet
  facet normal 0.555523 -0.831501 0
    outer loop
      vertex 7.91315 10.31 2.5
      vertex 7.75 10.201 0
      vertex 7.91315 10.31 0
    endloop
  endfacet
  facet normal 0.442355 0.89684 -0
    outer loop
      vertex 7.75 21.799 0
      vertex 7.57402 21.8858 2.5
      vertex 7.75 21.799 2.5
    endloop
  endfacet
  facet normal 0.442355 0.89684 0
    outer loop
      vertex 7.57402 21.8858 2.5
      vertex 7.75 21.799 0
      vertex 7.57402 21.8858 0
    endloop
  endfacet
  facet normal -0.980766 0.195185 0
    outer loop
      vertex -3.98717 20.6958 0
      vertex -3.94888 20.8882 2.5
      vertex -3.94888 20.8882 0
    endloop
  endfacet
  facet normal -0.980766 0.195185 0
    outer loop
      vertex -3.94888 20.8882 2.5
      vertex -3.98717 20.6958 0
      vertex -3.98717 20.6958 2.5
    endloop
  endfacet
  facet normal -0.946947 0.321391 0
    outer loop
      vertex -3.94888 20.8882 0
      vertex -3.88582 21.074 2.5
      vertex -3.88582 21.074 0
    endloop
  endfacet
  facet normal -0.946947 0.321391 0
    outer loop
      vertex -3.88582 21.074 2.5
      vertex -3.94888 20.8882 0
      vertex -3.94888 20.8882 2.5
    endloop
  endfacet
  facet normal -0.8969 -0.442233 0
    outer loop
      vertex -3.79904 10.75 0
      vertex -3.88582 10.926 2.5
      vertex -3.88582 10.926 0
    endloop
  endfacet
  facet normal -0.8969 -0.442233 0
    outer loop
      vertex -3.88582 10.926 2.5
      vertex -3.79904 10.75 0
      vertex -3.79904 10.75 2.5
    endloop
  endfacet
  facet normal -1 0 0
    outer loop
      vertex -4 11.5 0
      vertex -4 20.5 2.5
      vertex -4 20.5 0
    endloop
  endfacet
  facet normal -1 -0 0
    outer loop
      vertex -4 20.5 2.5
      vertex -4 11.5 0
      vertex -4 11.5 2.5
    endloop
  endfacet
  facet normal 0 0 -1
    outer loop
      vertex 7 10 0
      vertex 8.5 11.5 0
      vertex 8.48717 11.3042 0
    endloop
  endfacet
  facet normal 0 0 -1
    outer loop
      vertex 8.5 11.5 0
      vertex 1.7 16 0
      vertex 8.5 20.5 0
    endloop
  endfacet
  facet normal 0 0 -1
    outer loop
      vertex 7 10 0
      vertex 8.48717 11.3042 0
      vertex 8.44888 11.1118 0
    endloop
  endfacet
  facet normal 0 0 -1
    outer loop
      vertex 1.68546 16.2219 0
      vertex 8.5 20.5 0
      vertex 1.7 16 0
    endloop
  endfacet
  facet normal 0 0 -1
    outer loop
      vertex 7 10 0
      vertex 8.44888 11.1118 0
      vertex 8.38582 10.926 0
    endloop
  endfacet
  facet normal 0 0 -1
    outer loop
      vertex 1.64207 16.44 0
      vertex 8.5 20.5 0
      vertex 1.68546 16.2219 0
    endloop
  endfacet
  facet normal 0 0 -1
    outer loop
      vertex 7 10 0
      vertex 8.38582 10.926 0
      vertex 8.29904 10.75 0
    endloop
  endfacet
  facet normal 0 0 -1
    outer loop
      vertex 1.57059 16.6506 0
      vertex 8.5 20.5 0
      vertex 1.64207 16.44 0
    endloop
  endfacet
  facet normal 0 0 -1
    outer loop
      vertex 7 10 0
      vertex 8.29904 10.75 0
      vertex 8.19003 10.5869 0
    endloop
  endfacet
  facet normal 0 0 -1
    outer loop
      vertex 1.47224 16.85 0
      vertex 8.5 20.5 0
      vertex 1.57059 16.6506 0
    endloop
  endfacet
  facet normal 0 0 -1
    outer loop
      vertex 7 10 0
      vertex 8.19003 10.5869 0
      vertex 8.06065 10.4393 0
    endloop
  endfacet
  facet normal 0 0 -1
    outer loop
      vertex 8.5 20.5 0
      vertex 7 22 0
      vertex 8.48717 20.6958 0
    endloop
  endfacet
  facet normal 0 0 -1
    outer loop
      vertex 7 10 0
      vertex 8.06065 10.4393 0
      vertex 7.91315 10.31 0
    endloop
  endfacet
  facet normal 0 0 -1
    outer loop
      vertex 8.48717 20.6958 0
      vertex 7 22 0
      vertex 8.44888 20.8882 0
    endloop
  endfacet
  facet normal 0 0 -1
    outer loop
      vertex 7 10 0
      vertex 7.91315 10.31 0
      vertex 7.75 10.201 0
    endloop
  endfacet
  facet normal 0 0 -1
    outer loop
      vertex 8.44888 20.8882 0
      vertex 7 22 0
      vertex 8.38582 21.074 0
    endloop
  endfacet
  facet normal 0 0 -1
    outer loop
      vertex 7 10 0
      vertex 7.75 10.201 0
      vertex 7.57402 10.1142 0
    endloop
  endfacet
  facet normal 0 0 -1
    outer loop
      vertex 8.29904 21.25 0
      vertex 7 22 0
      vertex 8.19003 21.4131 0
    endloop
  endfacet
  facet normal 0 0 -1
    outer loop
      vertex 7 10 0
      vertex 7.57402 10.1142 0
      vertex 7.38823 10.0511 0
    endloop
  endfacet
  facet normal 0 0 -1
    outer loop
      vertex 8.19003 21.4131 0
      vertex 7 22 0
      vertex 8.06065 21.5607 0
    endloop
  endfacet
  facet normal 0 0 -1
    outer loop
      vertex 7 10 0
      vertex 7.38823 10.0511 0
      vertex 7.19579 10.0128 0
    endloop
  endfacet
  facet normal 0 0 -1
    outer loop
      vertex 8.06065 21.5607 0
      vertex 7 22 0
      vertex 7.91315 21.69 0
    endloop
  endfacet
  facet normal 0 0 -1
    outer loop
      vertex 1.47224 15.15 0
      vertex 8.5 11.5 0
      vertex 7 10 0
    endloop
  endfacet
  facet normal 0 0 -1
    outer loop
      vertex 7.75 21.799 0
      vertex 7 22 0
      vertex 7.57402 21.8858 0
    endloop
  endfacet
  facet normal 0 0 -1
    outer loop
      vertex 7.57402 21.8858 0
      vertex 7 22 0
      vertex 7.38823 21.9489 0
    endloop
  endfacet
  facet normal 0 0 -1
    outer loop
      vertex 8.5 11.5 0
      vertex 1.68546 15.7781 0
      vertex 1.7 16 0
    endloop
  endfacet
  facet normal 0 0 -1
    outer loop
      vertex 8.5 11.5 0
      vertex 1.64207 15.56 0
      vertex 1.68546 15.7781 0
    endloop
  endfacet
  facet normal 0 0 -1
    outer loop
      vertex 8.5 11.5 0
      vertex 1.57059 15.3494 0
      vertex 1.64207 15.56 0
    endloop
  endfacet
  facet normal 0 0 -1
    outer loop
      vertex 8.5 11.5 0
      vertex 1.47224 15.15 0
      vertex 1.57059 15.3494 0
    endloop
  endfacet
  facet normal 0 0 -1
    outer loop
      vertex 7 10 0
      vertex 1.3487 14.9651 0
      vertex 1.47224 15.15 0
    endloop
  endfacet
  facet normal 0 0 -1
    outer loop
      vertex 7 10 0
      vertex 1.20208 14.7979 0
      vertex 1.3487 14.9651 0
    endloop
  endfacet
  facet normal 0 0 -1
    outer loop
      vertex 7 10 0
      vertex 1.03489 14.6513 0
      vertex 1.20208 14.7979 0
    endloop
  endfacet
  facet normal 0 0 -1
    outer loop
      vertex 7 10 0
      vertex 0.849999 14.5278 0
      vertex 1.03489 14.6513 0
    endloop
  endfacet
  facet normal 0 0 -1
    outer loop
      vertex 7 10 0
      vertex 0.650561 14.4294 0
      vertex 0.849999 14.5278 0
    endloop
  endfacet
  facet normal 0 0 -1
    outer loop
      vertex -2.5 10 0
      vertex 0.650561 14.4294 0
      vertex 7 10 0
    endloop
  endfacet
  facet normal 0 0 -1
    outer loop
      vertex 0.650561 14.4294 0
      vertex -2.5 10 0
      vertex 0.439992 14.3579 0
    endloop
  endfacet
  facet normal 0 0 -1
    outer loop
      vertex 0.439992 14.3579 0
      vertex -2.5 10 0
      vertex 0.221894 14.3145 0
    endloop
  endfacet
  facet normal 0 0 -1
    outer loop
      vertex 0.221894 14.3145 0
      vertex -2.5 10 0
      vertex 0 14.3 0
    endloop
  endfacet
  facet normal -0 0 -1
    outer loop
      vertex 0 14.3 0
      vertex -2.5 10 0
      vertex -0.221894 14.3145 0
    endloop
  endfacet
  facet normal -0 0 -1
    outer loop
      vertex -0.221894 14.3145 0
      vertex -2.5 10 0
      vertex -0.439992 14.3579 0
    endloop
  endfacet
  facet normal -0 0 -1
    outer loop
      vertex -0.439992 14.3579 0
      vertex -2.5 10 0
      vertex -0.650561 14.4294 0
    endloop
  endfacet
  facet normal -0 0 -1
    outer loop
      vertex -1.64207 15.56 0
      vertex -4 11.5 0
      vertex -1.68546 15.7781 0
    endloop
  endfacet
  facet normal -0 0 -1
    outer loop
      vertex -1.57059 15.3494 0
      vertex -4 11.5 0
      vertex -1.64207 15.56 0
    endloop
  endfacet
  facet normal -0 0 -1
    outer loop
      vertex -1.47224 15.15 0
      vertex -4 11.5 0
      vertex -1.57059 15.3494 0
    endloop
  endfacet
  facet normal -0 0 -1
    outer loop
      vertex -1.3487 14.9651 0
      vertex -4 11.5 0
      vertex -1.47224 15.15 0
    endloop
  endfacet
  facet normal -0 0 -1
    outer loop
      vertex -1.20208 14.7979 0
      vertex -4 11.5 0
      vertex -1.3487 14.9651 0
    endloop
  endfacet
  facet normal -0 0 -1
    outer loop
      vertex -1.03489 14.6513 0
      vertex -4 11.5 0
      vertex -1.20208 14.7979 0
    endloop
  endfacet
  facet normal -0 0 -1
    outer loop
      vertex -0.849999 14.5278 0
      vertex -4 11.5 0
      vertex -1.03489 14.6513 0
    endloop
  endfacet
  facet normal -0 0 -1
    outer loop
      vertex -0.650561 14.4294 0
      vertex -4 11.5 0
      vertex -0.849999 14.5278 0
    endloop
  endfacet
  facet normal 0 0 -1
    outer loop
      vertex -4 11.5 0
      vertex -0.650561 14.4294 0
      vertex -2.5 10 0
    endloop
  endfacet
  facet normal 0 0 -1
    outer loop
      vertex 7.38823 21.9489 0
      vertex 7 22 0
      vertex 7.19579 21.9872 0
    endloop
  endfacet
  facet normal 0 0 -1
    outer loop
      vertex 7.91315 21.69 0
      vertex 7 22 0
      vertex 7.75 21.799 0
    endloop
  endfacet
  facet normal 0 0 -1
    outer loop
      vertex 8.38582 21.074 0
      vertex 7 22 0
      vertex 8.29904 21.25 0
    endloop
  endfacet
  facet normal -0 0 -1
    outer loop
      vertex 8.5 20.5 0
      vertex 1.47224 16.85 0
      vertex 7 22 0
    endloop
  endfacet
  facet normal 0 0 -1
    outer loop
      vertex 1.3487 17.0349 0
      vertex 7 22 0
      vertex 1.47224 16.85 0
    endloop
  endfacet
  facet normal 0 0 -1
    outer loop
      vertex 1.20208 17.2021 0
      vertex 7 22 0
      vertex 1.3487 17.0349 0
    endloop
  endfacet
  facet normal 0 0 -1
    outer loop
      vertex 1.03489 17.3487 0
      vertex 7 22 0
      vertex 1.20208 17.2021 0
    endloop
  endfacet
  facet normal 0 0 -1
    outer loop
      vertex 0.849999 17.4722 0
      vertex 7 22 0
      vertex 1.03489 17.3487 0
    endloop
  endfacet
  facet normal 0 0 -1
    outer loop
      vertex 0.650561 17.5706 0
      vertex 7 22 0
      vertex 0.849999 17.4722 0
    endloop
  endfacet
  facet normal 0 0 -1
    outer loop
      vertex -2.5 22 0
      vertex 0.650561 17.5706 0
      vertex 0.439992 17.6421 0
    endloop
  endfacet
  facet normal 0 0 -1
    outer loop
      vertex -2.5 22 0
      vertex 0.439992 17.6421 0
      vertex 0.221894 17.6855 0
    endloop
  endfacet
  facet normal 0 0 -1
    outer loop
      vertex -2.5 22 0
      vertex 0.221894 17.6855 0
      vertex 0 17.7 0
    endloop
  endfacet
  facet normal 0 0 -1
    outer loop
      vertex -2.5 22 0
      vertex 0 17.7 0
      vertex -0.221894 17.6855 0
    endloop
  endfacet
  facet normal 0 0 -1
    outer loop
      vertex -2.5 22 0
      vertex -0.221894 17.6855 0
      vertex -0.439992 17.6421 0
    endloop
  endfacet
  facet normal 0 0 -1
    outer loop
      vertex -2.5 22 0
      vertex -0.439992 17.6421 0
      vertex -0.650561 17.5706 0
    endloop
  endfacet
  facet normal 0 0 -1
    outer loop
      vertex -4 20.5 0
      vertex -0.650561 17.5706 0
      vertex -0.849999 17.4722 0
    endloop
  endfacet
  facet normal -0 0 -1
    outer loop
      vertex -1.68546 15.7781 0
      vertex -4 11.5 0
      vertex -1.7 16 0
    endloop
  endfacet
  facet normal 0 0 -1
    outer loop
      vertex 0.650561 17.5706 0
      vertex -2.5 22 0
      vertex 7 22 0
    endloop
  endfacet
  facet normal 0 0 -1
    outer loop
      vertex -4 20.5 0
      vertex -0.849999 17.4722 0
      vertex -1.03489 17.3487 0
    endloop
  endfacet
  facet normal 0 0 -1
    outer loop
      vertex -4 20.5 0
      vertex -1.03489 17.3487 0
      vertex -1.20208 17.2021 0
    endloop
  endfacet
  facet normal 0 0 -1
    outer loop
      vertex -4 20.5 0
      vertex -1.20208 17.2021 0
      vertex -1.3487 17.0349 0
    endloop
  endfacet
  facet normal 0 0 -1
    outer loop
      vertex -4 20.5 0
      vertex -1.3487 17.0349 0
      vertex -1.47224 16.85 0
    endloop
  endfacet
  facet normal 0 0 -1
    outer loop
      vertex -4 20.5 0
      vertex -1.47224 16.85 0
      vertex -1.57059 16.6506 0
    endloop
  endfacet
  facet normal 0 0 -1
    outer loop
      vertex -4 20.5 0
      vertex -1.57059 16.6506 0
      vertex -1.64207 16.44 0
    endloop
  endfacet
  facet normal 0 0 -1
    outer loop
      vertex -4 20.5 0
      vertex -1.64207 16.44 0
      vertex -1.68546 16.2219 0
    endloop
  endfacet
  facet normal 0 0 -1
    outer loop
      vertex -4 20.5 0
      vertex -1.7 16 0
      vertex -4 11.5 0
    endloop
  endfacet
  facet normal 0 0 -1
    outer loop
      vertex -4 11.5 0
      vertex -2.5 10 0
      vertex -2.69579 10.0128 0
    endloop
  endfacet
  facet normal 0 0 -1
    outer loop
      vertex -1.7 16 0
      vertex -4 20.5 0
      vertex -1.68546 16.2219 0
    endloop
  endfacet
  facet normal 0 0 -1
    outer loop
      vertex -4 11.5 0
      vertex -2.69579 10.0128 0
      vertex -2.88823 10.0511 0
    endloop
  endfacet
  facet normal 0 0 -1
    outer loop
      vertex -0.650561 17.5706 0
      vertex -4 20.5 0
      vertex -2.5 22 0
    endloop
  endfacet
  facet normal 0 0 -1
    outer loop
      vertex -4 11.5 0
      vertex -2.88823 10.0511 0
      vertex -3.07402 10.1142 0
    endloop
  endfacet
  facet normal 0 0 -1
    outer loop
      vertex -2.5 22 0
      vertex -4 20.5 0
      vertex -2.69579 21.9872 0
    endloop
  endfacet
  facet normal 0 0 -1
    outer loop
      vertex -4 11.5 0
      vertex -3.07402 10.1142 0
      vertex -3.25 10.201 0
    endloop
  endfacet
  facet normal 0 0 -1
    outer loop
      vertex -2.69579 21.9872 0
      vertex -4 20.5 0
      vertex -2.88823 21.9489 0
    endloop
  endfacet
  facet normal 0 0 -1
    outer loop
      vertex -4 11.5 0
      vertex -3.25 10.201 0
      vertex -3.41315 10.31 0
    endloop
  endfacet
  facet normal 0 0 -1
    outer loop
      vertex -2.88823 21.9489 0
      vertex -4 20.5 0
      vertex -3.07402 21.8858 0
    endloop
  endfacet
  facet normal 0 0 -1
    outer loop
      vertex -4 11.5 0
      vertex -3.41315 10.31 0
      vertex -3.56065 10.4393 0
    endloop
  endfacet
  facet normal 0 0 -1
    outer loop
      vertex -3.07402 21.8858 0
      vertex -4 20.5 0
      vertex -3.25 21.799 0
    endloop
  endfacet
  facet normal 0 0 -1
    outer loop
      vertex -4 11.5 0
      vertex -3.56065 10.4393 0
      vertex -3.69003 10.5869 0
    endloop
  endfacet
  facet normal 0 0 -1
    outer loop
      vertex -3.25 21.799 0
      vertex -4 20.5 0
      vertex -3.41315 21.69 0
    endloop
  endfacet
  facet normal 0 0 -1
    outer loop
      vertex -4 11.5 0
      vertex -3.69003 10.5869 0
      vertex -3.79904 10.75 0
    endloop
  endfacet
  facet normal 0 0 -1
    outer loop
      vertex -3.41315 21.69 0
      vertex -4 20.5 0
      vertex -3.56065 21.5607 0
    endloop
  endfacet
  facet normal 0 0 -1
    outer loop
      vertex -4 11.5 0
      vertex -3.79904 10.75 0
      vertex -3.88582 10.926 0
    endloop
  endfacet
  facet normal 0 0 -1
    outer loop
      vertex -3.56065 21.5607 0
      vertex -4 20.5 0
      vertex -3.69003 21.4131 0
    endloop
  endfacet
  facet normal 0 0 -1
    outer loop
      vertex -4 11.5 0
      vertex -3.88582 10.926 0
      vertex -3.94888 11.1118 0
    endloop
  endfacet
  facet normal 0 0 -1
    outer loop
      vertex -3.69003 21.4131 0
      vertex -4 20.5 0
      vertex -3.79904 21.25 0
    endloop
  endfacet
  facet normal 0 0 -1
    outer loop
      vertex -4 11.5 0
      vertex -3.94888 11.1118 0
      vertex -3.98717 11.3042 0
    endloop
  endfacet
  facet normal 0 0 -1
    outer loop
      vertex -3.79904 21.25 0
      vertex -4 20.5 0
      vertex -3.88582 21.074 0
    endloop
  endfacet
  facet normal 0 0 -1
    outer loop
      vertex -3.88582 21.074 0
      vertex -4 20.5 0
      vertex -3.94888 20.8882 0
    endloop
  endfacet
  facet normal 0 0 -1
    outer loop
      vertex -3.94888 20.8882 0
      vertex -4 20.5 0
      vertex -3.98717 20.6958 0
    endloop
  endfacet
  facet normal -0.0652369 -0.99787 0
    outer loop
      vertex -2.69579 10.0128 0
      vertex -2.5 10 2.5
      vertex -2.69579 10.0128 2.5
    endloop
  endfacet
  facet normal -0.0652369 -0.99787 -0
    outer loop
      vertex -2.5 10 2.5
      vertex -2.69579 10.0128 0
      vertex -2.5 10 0
    endloop
  endfacet
  facet normal -0.321589 -0.946879 0
    outer loop
      vertex -3.07402 10.1142 0
      vertex -2.88823 10.0511 2.5
      vertex -3.07402 10.1142 2.5
    endloop
  endfacet
  facet normal -0.321589 -0.946879 -0
    outer loop
      vertex -2.88823 10.0511 2.5
      vertex -3.07402 10.1142 0
      vertex -2.88823 10.0511 0
    endloop
  endfacet
  facet normal -0.65919 -0.751976 0
    outer loop
      vertex -3.56065 10.4393 0
      vertex -3.41315 10.31 2.5
      vertex -3.56065 10.4393 2.5
    endloop
  endfacet
  facet normal -0.65919 -0.751976 -0
    outer loop
      vertex -3.41315 10.31 2.5
      vertex -3.56065 10.4393 0
      vertex -3.41315 10.31 0
    endloop
  endfacet
  facet normal 1 -0 0
    outer loop
      vertex 8.5 11.5 2.5
      vertex 8.5 20.5 0
      vertex 8.5 20.5 2.5
    endloop
  endfacet
  facet normal 1 0 0
    outer loop
      vertex 8.5 20.5 0
      vertex 8.5 11.5 2.5
      vertex 8.5 11.5 0
    endloop
  endfacet
  facet normal 0.195195 0.980764 -0
    outer loop
      vertex 7.38823 21.9489 0
      vertex 7.19579 21.9872 2.5
      vertex 7.38823 21.9489 2.5
    endloop
  endfacet
  facet normal 0.195195 0.980764 0
    outer loop
      vertex 7.19579 21.9872 2.5
      vertex 7.38823 21.9489 0
      vertex 7.19579 21.9872 0
    endloop
  endfacet
  facet normal 0.321589 0.946879 -0
    outer loop
      vertex 7.57402 21.8858 0
      vertex 7.38823 21.9489 2.5
      vertex 7.57402 21.8858 2.5
    endloop
  endfacet
  facet normal 0.321589 0.946879 0
    outer loop
      vertex 7.38823 21.9489 2.5
      vertex 7.57402 21.8858 0
      vertex 7.38823 21.9489 0
    endloop
  endfacet
  facet normal 0.65919 0.751976 -0
    outer loop
      vertex 8.06065 21.5607 0
      vertex 7.91315 21.69 2.5
      vertex 8.06065 21.5607 2.5
    endloop
  endfacet
  facet normal 0.65919 0.751976 0
    outer loop
      vertex 7.91315 21.69 2.5
      vertex 8.06065 21.5607 0
      vertex 7.91315 21.69 0
    endloop
  endfacet
  facet normal 0.751996 0.659168 0
    outer loop
      vertex 8.19003 21.4131 2.5
      vertex 8.06065 21.5607 0
      vertex 8.06065 21.5607 2.5
    endloop
  endfacet
  facet normal 0.751996 0.659168 0
    outer loop
      vertex 8.06065 21.5607 0
      vertex 8.19003 21.4131 2.5
      vertex 8.19003 21.4131 0
    endloop
  endfacet
  facet normal -0.946947 -0.321391 0
    outer loop
      vertex -3.88582 10.926 0
      vertex -3.94888 11.1118 2.5
      vertex -3.94888 11.1118 0
    endloop
  endfacet
  facet normal -0.946947 -0.321391 0
    outer loop
      vertex -3.94888 11.1118 2.5
      vertex -3.88582 10.926 0
      vertex -3.88582 10.926 2.5
    endloop
  endfacet
  facet normal 0.8969 0.442233 0
    outer loop
      vertex 8.38582 21.074 2.5
      vertex 8.29904 21.25 0
      vertex 8.29904 21.25 2.5
    endloop
  endfacet
  facet normal 0.8969 0.442233 0
    outer loop
      vertex 8.29904 21.25 0
      vertex 8.38582 21.074 2.5
      vertex 8.38582 21.074 0
    endloop
  endfacet
  facet normal 0.99786 0.0653858 0
    outer loop
      vertex 8.5 20.5 2.5
      vertex 8.48717 20.6958 0
      vertex 8.48717 20.6958 2.5
    endloop
  endfacet
  facet normal 0.99786 0.0653858 0
    outer loop
      vertex 8.48717 20.6958 0
      vertex 8.5 20.5 2.5
      vertex 8.5 20.5 0
    endloop
  endfacet
  facet normal 0.946947 0.321391 0
    outer loop
      vertex 8.44888 20.8882 2.5
      vertex 8.38582 21.074 0
      vertex 8.38582 21.074 2.5
    endloop
  endfacet
  facet normal 0.946947 0.321391 0
    outer loop
      vertex 8.38582 21.074 0
      vertex 8.44888 20.8882 2.5
      vertex 8.44888 20.8882 0
    endloop
  endfacet
  facet normal 0.980766 -0.195185 0
    outer loop
      vertex 8.44888 11.1118 2.5
      vertex 8.48717 11.3042 0
      vertex 8.48717 11.3042 2.5
    endloop
  endfacet
  facet normal 0.980766 -0.195185 0
    outer loop
      vertex 8.48717 11.3042 0
      vertex 8.44888 11.1118 2.5
      vertex 8.44888 11.1118 0
    endloop
  endfacet
  facet normal 0.751996 -0.659168 0
    outer loop
      vertex 8.06065 10.4393 2.5
      vertex 8.19003 10.5869 0
      vertex 8.19003 10.5869 2.5
    endloop
  endfacet
  facet normal 0.751996 -0.659168 0
    outer loop
      vertex 8.19003 10.5869 0
      vertex 8.06065 10.4393 2.5
      vertex 8.06065 10.4393 0
    endloop
  endfacet
  facet normal 0.65919 -0.751976 0
    outer loop
      vertex 7.91315 10.31 0
      vertex 8.06065 10.4393 2.5
      vertex 7.91315 10.31 2.5
    endloop
  endfacet
  facet normal 0.65919 -0.751976 0
    outer loop
      vertex 8.06065 10.4393 2.5
      vertex 7.91315 10.31 0
      vertex 8.06065 10.4393 0
    endloop
  endfacet
  facet normal -0.751996 0.659168 0
    outer loop
      vertex -3.69003 21.4131 0
      vertex -3.56065 21.5607 2.5
      vertex -3.56065 21.5607 0
    endloop
  endfacet
  facet normal -0.751996 0.659168 0
    outer loop
      vertex -3.56065 21.5607 2.5
      vertex -3.69003 21.4131 0
      vertex -3.69003 21.4131 2.5
    endloop
  endfacet
  facet normal -0.65919 0.751976 0
    outer loop
      vertex -3.41315 21.69 0
      vertex -3.56065 21.5607 2.5
      vertex -3.41315 21.69 2.5
    endloop
  endfacet
  facet normal -0.65919 0.751976 0
    outer loop
      vertex -3.56065 21.5607 2.5
      vertex -3.41315 21.69 0
      vertex -3.56065 21.5607 0
    endloop
  endfacet
  facet normal -0.321589 0.946879 0
    outer loop
      vertex -2.88823 21.9489 0
      vertex -3.07402 21.8858 2.5
      vertex -2.88823 21.9489 2.5
    endloop
  endfacet
  facet normal -0.321589 0.946879 0
    outer loop
      vertex -3.07402 21.8858 2.5
      vertex -2.88823 21.9489 0
      vertex -3.07402 21.8858 0
    endloop
  endfacet
  facet normal -0.195195 0.980764 0
    outer loop
      vertex -2.69579 21.9872 0
      vertex -2.88823 21.9489 2.5
      vertex -2.69579 21.9872 2.5
    endloop
  endfacet
  facet normal -0.195195 0.980764 0
    outer loop
      vertex -2.88823 21.9489 2.5
      vertex -2.69579 21.9872 0
      vertex -2.88823 21.9489 0
    endloop
  endfacet
  facet normal 0.980766 0.195185 0
    outer loop
      vertex 8.48717 20.6958 2.5
      vertex 8.44888 20.8882 0
      vertex 8.44888 20.8882 2.5
    endloop
  endfacet
  facet normal 0.980766 0.195185 0
    outer loop
      vertex 8.44888 20.8882 0
      vertex 8.48717 20.6958 2.5
      vertex 8.48717 20.6958 0
    endloop
  endfacet
  facet normal 0.8969 -0.442233 0
    outer loop
      vertex 8.29904 10.75 2.5
      vertex 8.38582 10.926 0
      vertex 8.38582 10.926 2.5
    endloop
  endfacet
  facet normal 0.8969 -0.442233 0
    outer loop
      vertex 8.38582 10.926 0
      vertex 8.29904 10.75 2.5
      vertex 8.29904 10.75 0
    endloop
  endfacet
  facet normal 0.831399 -0.555676 0
    outer loop
      vertex 8.19003 10.5869 2.5
      vertex 8.29904 10.75 0
      vertex 8.29904 10.75 2.5
    endloop
  endfacet
  facet normal 0.831399 -0.555676 0
    outer loop
      vertex 8.29904 10.75 0
      vertex 8.19003 10.5869 2.5
      vertex 8.19003 10.5869 0
    endloop
  endfacet
  facet normal 0.946947 -0.321391 0
    outer loop
      vertex 8.38582 10.926 2.5
      vertex 8.44888 11.1118 0
      vertex 8.44888 11.1118 2.5
    endloop
  endfacet
  facet normal 0.946947 -0.321391 0
    outer loop
      vertex 8.44888 11.1118 0
      vertex 8.38582 10.926 2.5
      vertex 8.38582 10.926 0
    endloop
  endfacet
  facet normal 0.442355 -0.89684 0
    outer loop
      vertex 7.57402 10.1142 0
      vertex 7.75 10.201 2.5
      vertex 7.57402 10.1142 2.5
    endloop
  endfacet
  facet normal 0.442355 -0.89684 0
    outer loop
      vertex 7.75 10.201 2.5
      vertex 7.57402 10.1142 0
      vertex 7.75 10.201 0
    endloop
  endfacet
  facet normal 0.321589 -0.946879 0
    outer loop
      vertex 7.38823 10.0511 0
      vertex 7.57402 10.1142 2.5
      vertex 7.38823 10.0511 2.5
    endloop
  endfacet
  facet normal 0.321589 -0.946879 0
    outer loop
      vertex 7.57402 10.1142 2.5
      vertex 7.38823 10.0511 0
      vertex 7.57402 10.1142 0
    endloop
  endfacet
  facet normal -0.99786 -0.0653848 0
    outer loop
      vertex 1.7 16 0
      vertex 1.68546 16.2219 2.5
      vertex 1.68546 16.2219 0
    endloop
  endfacet
  facet normal -0.99786 -0.0653848 0
    outer loop
      vertex 1.68546 16.2219 2.5
      vertex 1.7 16 0
      vertex 1.7 16 2.5
    endloop
  endfacet
  facet normal 0.99786 -0.0653848 0
    outer loop
      vertex -1.7 16 2.5
      vertex -1.68546 16.2219 0
      vertex -1.68546 16.2219 2.5
    endloop
  endfacet
  facet normal 0.99786 -0.0653848 0
    outer loop
      vertex -1.68546 16.2219 0
      vertex -1.7 16 2.5
      vertex -1.7 16 0
    endloop
  endfacet
  facet normal -0.0652074 -0.997872 0
    outer loop
      vertex 0 17.7 0
      vertex 0.221894 17.6855 2.5
      vertex 0 17.7 2.5
    endloop
  endfacet
  facet normal -0.0652074 -0.997872 -0
    outer loop
      vertex 0.221894 17.6855 2.5
      vertex 0 17.7 0
      vertex 0.221894 17.6855 0
    endloop
  endfacet
  facet normal 0.0652074 0.997872 -0
    outer loop
      vertex 0 14.3 0
      vertex -0.221894 14.3145 2.5
      vertex 0 14.3 2.5
    endloop
  endfacet
  facet normal 0.0652074 0.997872 0
    outer loop
      vertex -0.221894 14.3145 2.5
      vertex 0 14.3 0
      vertex -0.221894 14.3145 0
    endloop
  endfacet
  facet normal -0.659291 -0.751888 0
    outer loop
      vertex 1.03489 17.3487 0
      vertex 1.20208 17.2021 2.5
      vertex 1.03489 17.3487 2.5
    endloop
  endfacet
  facet normal -0.659291 -0.751888 -0
    outer loop
      vertex 1.20208 17.2021 2.5
      vertex 1.03489 17.3487 0
      vertex 1.20208 17.2021 0
    endloop
  endfacet
  facet normal 0.659291 -0.751888 0
    outer loop
      vertex -1.20208 17.2021 0
      vertex -1.03489 17.3487 2.5
      vertex -1.20208 17.2021 2.5
    endloop
  endfacet
  facet normal 0.659291 -0.751888 0
    outer loop
      vertex -1.03489 17.3487 2.5
      vertex -1.20208 17.2021 0
      vertex -1.03489 17.3487 0
    endloop
  endfacet
  facet normal 0.321526 -0.946901 0
    outer loop
      vertex -0.650561 17.5706 0
      vertex -0.439992 17.6421 2.5
      vertex -0.650561 17.5706 2.5
    endloop
  endfacet
  facet normal 0.321526 -0.946901 0
    outer loop
      vertex -0.439992 17.6421 2.5
      vertex -0.650561 17.5706 0
      vertex -0.439992 17.6421 0
    endloop
  endfacet
  facet normal -0.896843 -0.442349 0
    outer loop
      vertex 1.57059 16.6506 0
      vertex 1.47224 16.85 2.5
      vertex 1.47224 16.85 0
    endloop
  endfacet
  facet normal -0.896843 -0.442349 0
    outer loop
      vertex 1.47224 16.85 2.5
      vertex 1.57059 16.6506 0
      vertex 1.57059 16.6506 2.5
    endloop
  endfacet
  facet normal -0.980779 -0.195122 0
    outer loop
      vertex 1.68546 16.2219 0
      vertex 1.64207 16.44 2.5
      vertex 1.64207 16.44 0
    endloop
  endfacet
  facet normal -0.980779 -0.195122 0
    outer loop
      vertex 1.64207 16.44 2.5
      vertex 1.68546 16.2219 0
      vertex 1.68546 16.2219 2.5
    endloop
  endfacet
  facet normal -0.831483 -0.555551 0
    outer loop
      vertex 1.47224 16.85 0
      vertex 1.3487 17.0349 2.5
      vertex 1.3487 17.0349 0
    endloop
  endfacet
  facet normal -0.831483 -0.555551 0
    outer loop
      vertex 1.3487 17.0349 2.5
      vertex 1.47224 16.85 0
      vertex 1.47224 16.85 2.5
    endloop
  endfacet
  facet normal -0.321526 -0.946901 0
    outer loop
      vertex 0.439992 17.6421 0
      vertex 0.650561 17.5706 2.5
      vertex 0.439992 17.6421 2.5
    endloop
  endfacet
  facet normal -0.321526 -0.946901 -0
    outer loop
      vertex 0.650561 17.5706 2.5
      vertex 0.439992 17.6421 0
      vertex 0.650561 17.5706 0
    endloop
  endfacet
  facet normal -0.195167 -0.98077 0
    outer loop
      vertex 0.221894 17.6855 0
      vertex 0.439992 17.6421 2.5
      vertex 0.221894 17.6855 2.5
    endloop
  endfacet
  facet normal -0.195167 -0.98077 -0
    outer loop
      vertex 0.439992 17.6421 2.5
      vertex 0.221894 17.6855 0
      vertex 0.439992 17.6421 0
    endloop
  endfacet
  facet normal -0.442463 -0.896787 0
    outer loop
      vertex 0.650561 17.5706 0
      vertex 0.849999 17.4722 2.5
      vertex 0.650561 17.5706 2.5
    endloop
  endfacet
  facet normal -0.442463 -0.896787 -0
    outer loop
      vertex 0.849999 17.4722 2.5
      vertex 0.650561 17.5706 0
      vertex 0.849999 17.4722 0
    endloop
  endfacet
  facet normal 0.831483 -0.555551 0
    outer loop
      vertex -1.47224 16.85 2.5
      vertex -1.3487 17.0349 0
      vertex -1.3487 17.0349 2.5
    endloop
  endfacet
  facet normal 0.831483 -0.555551 0
    outer loop
      vertex -1.3487 17.0349 0
      vertex -1.47224 16.85 2.5
      vertex -1.47224 16.85 0
    endloop
  endfacet
  facet normal 0.751863 -0.659319 0
    outer loop
      vertex -1.3487 17.0349 2.5
      vertex -1.20208 17.2021 0
      vertex -1.20208 17.2021 2.5
    endloop
  endfacet
  facet normal 0.751863 -0.659319 0
    outer loop
      vertex -1.20208 17.2021 0
      vertex -1.3487 17.0349 2.5
      vertex -1.3487 17.0349 0
    endloop
  endfacet
  facet normal 0.946943 -0.321403 0
    outer loop
      vertex -1.64207 16.44 2.5
      vertex -1.57059 16.6506 0
      vertex -1.57059 16.6506 2.5
    endloop
  endfacet
  facet normal 0.946943 -0.321403 0
    outer loop
      vertex -1.57059 16.6506 0
      vertex -1.64207 16.44 2.5
      vertex -1.64207 16.44 0
    endloop
  endfacet
  facet normal 0.555445 -0.831553 0
    outer loop
      vertex -1.03489 17.3487 0
      vertex -0.849999 17.4722 2.5
      vertex -1.03489 17.3487 2.5
    endloop
  endfacet
  facet normal 0.555445 -0.831553 0
    outer loop
      vertex -0.849999 17.4722 2.5
      vertex -1.03489 17.3487 0
      vertex -0.849999 17.4722 0
    endloop
  endfacet
  facet normal 0.195167 -0.98077 0
    outer loop
      vertex -0.439992 17.6421 0
      vertex -0.221894 17.6855 2.5
      vertex -0.439992 17.6421 2.5
    endloop
  endfacet
  facet normal 0.195167 -0.98077 0
    outer loop
      vertex -0.221894 17.6855 2.5
      vertex -0.439992 17.6421 0
      vertex -0.221894 17.6855 0
    endloop
  endfacet
  facet normal -0.751863 0.659319 0
    outer loop
      vertex 1.20208 14.7979 0
      vertex 1.3487 14.9651 2.5
      vertex 1.3487 14.9651 0
    endloop
  endfacet
  facet normal -0.751863 0.659319 0
    outer loop
      vertex 1.3487 14.9651 2.5
      vertex 1.20208 14.7979 0
      vertex 1.20208 14.7979 2.5
    endloop
  endfacet
  facet normal -0.980779 0.195122 0
    outer loop
      vertex 1.64207 15.56 0
      vertex 1.68546 15.7781 2.5
      vertex 1.68546 15.7781 0
    endloop
  endfacet
  facet normal -0.980779 0.195122 0
    outer loop
      vertex 1.68546 15.7781 2.5
      vertex 1.64207 15.56 0
      vertex 1.64207 15.56 2.5
    endloop
  endfacet
  facet normal 0.442463 0.896787 -0
    outer loop
      vertex -0.650561 14.4294 0
      vertex -0.849999 14.5278 2.5
      vertex -0.650561 14.4294 2.5
    endloop
  endfacet
  facet normal 0.442463 0.896787 0
    outer loop
      vertex -0.849999 14.5278 2.5
      vertex -0.650561 14.4294 0
      vertex -0.849999 14.5278 0
    endloop
  endfacet
  facet normal 0.659291 0.751888 -0
    outer loop
      vertex -1.03489 14.6513 0
      vertex -1.20208 14.7979 2.5
      vertex -1.03489 14.6513 2.5
    endloop
  endfacet
  facet normal 0.659291 0.751888 0
    outer loop
      vertex -1.20208 14.7979 2.5
      vertex -1.03489 14.6513 0
      vertex -1.20208 14.7979 0
    endloop
  endfacet
  facet normal 0.321526 0.946901 -0
    outer loop
      vertex -0.439992 14.3579 0
      vertex -0.650561 14.4294 2.5
      vertex -0.439992 14.3579 2.5
    endloop
  endfacet
  facet normal 0.321526 0.946901 0
    outer loop
      vertex -0.650561 14.4294 2.5
      vertex -0.439992 14.3579 0
      vertex -0.650561 14.4294 0
    endloop
  endfacet
  facet normal 0.751863 0.659319 0
    outer loop
      vertex -1.20208 14.7979 2.5
      vertex -1.3487 14.9651 0
      vertex -1.3487 14.9651 2.5
    endloop
  endfacet
  facet normal 0.751863 0.659319 0
    outer loop
      vertex -1.3487 14.9651 0
      vertex -1.20208 14.7979 2.5
      vertex -1.20208 14.7979 0
    endloop
  endfacet
  facet normal -0.946943 -0.321403 0
    outer loop
      vertex 1.64207 16.44 0
      vertex 1.57059 16.6506 2.5
      vertex 1.57059 16.6506 0
    endloop
  endfacet
  facet normal -0.946943 -0.321403 0
    outer loop
      vertex 1.57059 16.6506 2.5
      vertex 1.64207 16.44 0
      vertex 1.64207 16.44 2.5
    endloop
  endfacet
  facet normal -0.555445 -0.831553 0
    outer loop
      vertex 0.849999 17.4722 0
      vertex 1.03489 17.3487 2.5
      vertex 0.849999 17.4722 2.5
    endloop
  endfacet
  facet normal -0.555445 -0.831553 -0
    outer loop
      vertex 1.03489 17.3487 2.5
      vertex 0.849999 17.4722 0
      vertex 1.03489 17.3487 0
    endloop
  endfacet
  facet normal 0.896843 -0.442349 0
    outer loop
      vertex -1.57059 16.6506 2.5
      vertex -1.47224 16.85 0
      vertex -1.47224 16.85 2.5
    endloop
  endfacet
  facet normal 0.896843 -0.442349 0
    outer loop
      vertex -1.47224 16.85 0
      vertex -1.57059 16.6506 2.5
      vertex -1.57059 16.6506 0
    endloop
  endfacet
  facet normal 0.980779 -0.195122 0
    outer loop
      vertex -1.68546 16.2219 2.5
      vertex -1.64207 16.44 0
      vertex -1.64207 16.44 2.5
    endloop
  endfacet
  facet normal 0.980779 -0.195122 0
    outer loop
      vertex -1.64207 16.44 0
      vertex -1.68546 16.2219 2.5
      vertex -1.68546 16.2219 0
    endloop
  endfacet
  facet normal 0.0652074 -0.997872 0
    outer loop
      vertex -0.221894 17.6855 0
      vertex 0 17.7 2.5
      vertex -0.221894 17.6855 2.5
    endloop
  endfacet
  facet normal 0.0652074 -0.997872 0
    outer loop
      vertex 0 17.7 2.5
      vertex -0.221894 17.6855 0
      vertex 0 17.7 0
    endloop
  endfacet
  facet normal -0.99786 0.0653848 0
    outer loop
      vertex 1.68546 15.7781 0
      vertex 1.7 16 2.5
      vertex 1.7 16 0
    endloop
  endfacet
  facet normal -0.99786 0.0653848 0
    outer loop
      vertex 1.7 16 2.5
      vertex 1.68546 15.7781 0
      vertex 1.68546 15.7781 2.5
    endloop
  endfacet
  facet normal -0.0652074 0.997872 0
    outer loop
      vertex 0.221894 14.3145 0
      vertex 0 14.3 2.5
      vertex 0.221894 14.3145 2.5
    endloop
  endfacet
  facet normal -0.0652074 0.997872 0
    outer loop
      vertex 0 14.3 2.5
      vertex 0.221894 14.3145 0
      vertex 0 14.3 0
    endloop
  endfacet
  facet normal -0.321526 0.946901 0
    outer loop
      vertex 0.650561 14.4294 0
      vertex 0.439992 14.3579 2.5
      vertex 0.650561 14.4294 2.5
    endloop
  endfacet
  facet normal -0.321526 0.946901 0
    outer loop
      vertex 0.439992 14.3579 2.5
      vertex 0.650561 14.4294 0
      vertex 0.439992 14.3579 0
    endloop
  endfacet
  facet normal -0.442463 0.896787 0
    outer loop
      vertex 0.849999 14.5278 0
      vertex 0.650561 14.4294 2.5
      vertex 0.849999 14.5278 2.5
    endloop
  endfacet
  facet normal -0.442463 0.896787 0
    outer loop
      vertex 0.650561 14.4294 2.5
      vertex 0.849999 14.5278 0
      vertex 0.650561 14.4294 0
    endloop
  endfacet
  facet normal -0.659291 0.751888 0
    outer loop
      vertex 1.20208 14.7979 0
      vertex 1.03489 14.6513 2.5
      vertex 1.20208 14.7979 2.5
    endloop
  endfacet
  facet normal -0.659291 0.751888 0
    outer loop
      vertex 1.03489 14.6513 2.5
      vertex 1.20208 14.7979 0
      vertex 1.03489 14.6513 0
    endloop
  endfacet
  facet normal -0.555445 0.831553 0
    outer loop
      vertex 1.03489 14.6513 0
      vertex 0.849999 14.5278 2.5
      vertex 1.03489 14.6513 2.5
    endloop
  endfacet
  facet normal -0.555445 0.831553 0
    outer loop
      vertex 0.849999 14.5278 2.5
      vertex 1.03489 14.6513 0
      vertex 0.849999 14.5278 0
    endloop
  endfacet
  facet normal -0.946943 0.321403 0
    outer loop
      vertex 1.57059 15.3494 0
      vertex 1.64207 15.56 2.5
      vertex 1.64207 15.56 0
    endloop
  endfacet
  facet normal -0.946943 0.321403 0
    outer loop
      vertex 1.64207 15.56 2.5
      vertex 1.57059 15.3494 0
      vertex 1.57059 15.3494 2.5
    endloop
  endfacet
  facet normal -0.831483 0.555551 0
    outer loop
      vertex 1.3487 14.9651 0
      vertex 1.47224 15.15 2.5
      vertex 1.47224 15.15 0
    endloop
  endfacet
  facet normal -0.831483 0.555551 0
    outer loop
      vertex 1.47224 15.15 2.5
      vertex 1.3487 14.9651 0
      vertex 1.3487 14.9651 2.5
    endloop
  endfacet
  facet normal -0.896843 0.442349 0
    outer loop
      vertex 1.47224 15.15 0
      vertex 1.57059 15.3494 2.5
      vertex 1.57059 15.3494 0
    endloop
  endfacet
  facet normal -0.896843 0.442349 0
    outer loop
      vertex 1.57059 15.3494 2.5
      vertex 1.47224 15.15 0
      vertex 1.47224 15.15 2.5
    endloop
  endfacet
  facet normal 0.555445 0.831553 -0
    outer loop
      vertex -0.849999 14.5278 0
      vertex -1.03489 14.6513 2.5
      vertex -0.849999 14.5278 2.5
    endloop
  endfacet
  facet normal 0.555445 0.831553 0
    outer loop
      vertex -1.03489 14.6513 2.5
      vertex -0.849999 14.5278 0
      vertex -1.03489 14.6513 0
    endloop
  endfacet
  facet normal 0.195167 0.98077 -0
    outer loop
      vertex -0.221894 14.3145 0
      vertex -0.439992 14.3579 2.5
      vertex -0.221894 14.3145 2.5
    endloop
  endfacet
  facet normal 0.195167 0.98077 0
    outer loop
      vertex -0.439992 14.3579 2.5
      vertex -0.221894 14.3145 0
      vertex -0.439992 14.3579 0
    endloop
  endfacet
  facet normal 0.896843 0.442349 0
    outer loop
      vertex -1.47224 15.15 2.5
      vertex -1.57059 15.3494 0
      vertex -1.57059 15.3494 2.5
    endloop
  endfacet
  facet normal 0.896843 0.442349 0
    outer loop
      vertex -1.57059 15.3494 0
      vertex -1.47224 15.15 2.5
      vertex -1.47224 15.15 0
    endloop
  endfacet
  facet normal 0.946943 0.321403 0
    outer loop
      vertex -1.57059 15.3494 2.5
      vertex -1.64207 15.56 0
      vertex -1.64207 15.56 2.5
    endloop
  endfacet
  facet normal 0.946943 0.321403 0
    outer loop
      vertex -1.64207 15.56 0
      vertex -1.57059 15.3494 2.5
      vertex -1.57059 15.3494 0
    endloop
  endfacet
  facet normal 0.99786 0.0653848 0
    outer loop
      vertex -1.68546 15.7781 2.5
      vertex -1.7 16 0
      vertex -1.7 16 2.5
    endloop
  endfacet
  facet normal 0.99786 0.0653848 0
    outer loop
      vertex -1.7 16 0
      vertex -1.68546 15.7781 2.5
      vertex -1.68546 15.7781 0
    endloop
  endfacet
  facet normal -0.751863 -0.659319 0
    outer loop
      vertex 1.3487 17.0349 0
      vertex 1.20208 17.2021 2.5
      vertex 1.20208 17.2021 0
    endloop
  endfacet
  facet normal -0.751863 -0.659319 0
    outer loop
      vertex 1.20208 17.2021 2.5
      vertex 1.3487 17.0349 0
      vertex 1.3487 17.0349 2.5
    endloop
  endfacet
  facet normal 0.442463 -0.896787 0
    outer loop
      vertex -0.849999 17.4722 0
      vertex -0.650561 17.5706 2.5
      vertex -0.849999 17.4722 2.5
    endloop
  endfacet
  facet normal 0.442463 -0.896787 0
    outer loop
      vertex -0.650561 17.5706 2.5
      vertex -0.849999 17.4722 0
      vertex -0.650561 17.5706 0
    endloop
  endfacet
  facet normal -0.195167 0.98077 0
    outer loop
      vertex 0.439992 14.3579 0
      vertex 0.221894 14.3145 2.5
      vertex 0.439992 14.3579 2.5
    endloop
  endfacet
  facet normal -0.195167 0.98077 0
    outer loop
      vertex 0.221894 14.3145 2.5
      vertex 0.439992 14.3579 0
      vertex 0.221894 14.3145 0
    endloop
  endfacet
  facet normal 0.831483 0.555551 0
    outer loop
      vertex -1.3487 14.9651 2.5
      vertex -1.47224 15.15 0
      vertex -1.47224 15.15 2.5
    endloop
  endfacet
  facet normal 0.831483 0.555551 0
    outer loop
      vertex -1.47224 15.15 0
      vertex -1.3487 14.9651 2.5
      vertex -1.3487 14.9651 0
    endloop
  endfacet
  facet normal 0.980779 0.195122 0
    outer loop
      vertex -1.64207 15.56 2.5
      vertex -1.68546 15.7781 0
      vertex -1.68546 15.7781 2.5
    endloop
  endfacet
  facet normal 0.980779 0.195122 0
    outer loop
      vertex -1.68546 15.7781 0
      vertex -1.64207 15.56 2.5
      vertex -1.64207 15.56 0
    endloop
  endfacet
  facet normal 0 -1 0
    outer loop
      vertex -2.5 26 0
      vertex 7 26 2.5
      vertex -2.5 26 2.5
    endloop
  endfacet
  facet normal 0 -1 -0
    outer loop
      vertex 7 26 2.5
      vertex -2.5 26 0
      vertex 7 26 0
    endloop
  endfacet
  facet normal 0.0652369 -0.99787 0
    outer loop
      vertex 7 26 0
      vertex 7.19579 26.0128 2.5
      vertex 7 26 2.5
    endloop
  endfacet
  facet normal 0.0652369 -0.99787 0
    outer loop
      vertex 7.19579 26.0128 2.5
      vertex 7 26 0
      vertex 7.19579 26.0128 0
    endloop
  endfacet
  facet normal 0.195195 -0.980764 0
    outer loop
      vertex 7.19579 26.0128 0
      vertex 7.38823 26.0511 2.5
      vertex 7.19579 26.0128 2.5
    endloop
  endfacet
  facet normal 0.195195 -0.980764 0
    outer loop
      vertex 7.38823 26.0511 2.5
      vertex 7.19579 26.0128 0
      vertex 7.38823 26.0511 0
    endloop
  endfacet
  facet normal -0.0652369 0.99787 0
    outer loop
      vertex -2.5 38 0
      vertex -2.69579 37.9872 2.5
      vertex -2.5 38 2.5
    endloop
  endfacet
  facet normal -0.0652369 0.99787 0
    outer loop
      vertex -2.69579 37.9872 2.5
      vertex -2.5 38 0
      vertex -2.69579 37.9872 0
    endloop
  endfacet
  facet normal 0.0652369 0.99787 -0
    outer loop
      vertex 7.19579 37.9872 0
      vertex 7 38 2.5
      vertex 7.19579 37.9872 2.5
    endloop
  endfacet
  facet normal 0.0652369 0.99787 0
    outer loop
      vertex 7 38 2.5
      vertex 7.19579 37.9872 0
      vertex 7 38 0
    endloop
  endfacet
  facet normal -0.831399 0.555676 0
    outer loop
      vertex -3.79904 37.25 0
      vertex -3.69003 37.4131 2.5
      vertex -3.69003 37.4131 0
    endloop
  endfacet
  facet normal -0.831399 0.555676 0
    outer loop
      vertex -3.69003 37.4131 2.5
      vertex -3.79904 37.25 0
      vertex -3.79904 37.25 2.5
    endloop
  endfacet
  facet normal 0 1 -0
    outer loop
      vertex 7 38 0
      vertex -2.5 38 2.5
      vertex 7 38 2.5
    endloop
  endfacet
  facet normal 0 1 0
    outer loop
      vertex -2.5 38 2.5
      vertex 7 38 0
      vertex -2.5 38 0
    endloop
  endfacet
  facet normal -0.442355 0.89684 0
    outer loop
      vertex -3.07402 37.8858 0
      vertex -3.25 37.799 2.5
      vertex -3.07402 37.8858 2.5
    endloop
  endfacet
  facet normal -0.442355 0.89684 0
    outer loop
      vertex -3.25 37.799 2.5
      vertex -3.07402 37.8858 0
      vertex -3.25 37.799 0
    endloop
  endfacet
  facet normal 0 0 1
    outer loop
      vertex 7 38 2.5
      vertex 8.5 36.5 2.5
      vertex 8.48717 36.6958 2.5
    endloop
  endfacet
  facet normal 0 0 1
    outer loop
      vertex 8.5 36.5 2.5
      vertex 1.7 32 2.5
      vertex 8.5 27.5 2.5
    endloop
  endfacet
  facet normal 0 0 1
    outer loop
      vertex 7 38 2.5
      vertex 8.48717 36.6958 2.5
      vertex 8.44888 36.8882 2.5
    endloop
  endfacet
  facet normal -0 0 1
    outer loop
      vertex 1.68546 31.7781 2.5
      vertex 8.5 27.5 2.5
      vertex 1.7 32 2.5
    endloop
  endfacet
  facet normal 0 0 1
    outer loop
      vertex 7 38 2.5
      vertex 8.44888 36.8882 2.5
      vertex 8.38582 37.074 2.5
    endloop
  endfacet
  facet normal -0 0 1
    outer loop
      vertex 1.64207 31.56 2.5
      vertex 8.5 27.5 2.5
      vertex 1.68546 31.7781 2.5
    endloop
  endfacet
  facet normal 0 0 1
    outer loop
      vertex 7 38 2.5
      vertex 8.38582 37.074 2.5
      vertex 8.29904 37.25 2.5
    endloop
  endfacet
  facet normal -0 0 1
    outer loop
      vertex 1.57059 31.3494 2.5
      vertex 8.5 27.5 2.5
      vertex 1.64207 31.56 2.5
    endloop
  endfacet
  facet normal 0 0 1
    outer loop
      vertex 7 38 2.5
      vertex 8.29904 37.25 2.5
      vertex 8.19003 37.4131 2.5
    endloop
  endfacet
  facet normal -0 0 1
    outer loop
      vertex 1.47224 31.15 2.5
      vertex 8.5 27.5 2.5
      vertex 1.57059 31.3494 2.5
    endloop
  endfacet
  facet normal 0 0 1
    outer loop
      vertex 7 38 2.5
      vertex 8.19003 37.4131 2.5
      vertex 8.06065 37.5607 2.5
    endloop
  endfacet
  facet normal 0 0 1
    outer loop
      vertex 8.5 27.5 2.5
      vertex 7 26 2.5
      vertex 8.48717 27.3042 2.5
    endloop
  endfacet
  facet normal 0 0 1
    outer loop
      vertex 7 38 2.5
      vertex 8.06065 37.5607 2.5
      vertex 7.91315 37.69 2.5
    endloop
  endfacet
  facet normal 0 0 1
    outer loop
      vertex 8.48717 27.3042 2.5
      vertex 7 26 2.5
      vertex 8.44888 27.1118 2.5
    endloop
  endfacet
  facet normal 0 0 1
    outer loop
      vertex 7 38 2.5
      vertex 7.91315 37.69 2.5
      vertex 7.75 37.799 2.5
    endloop
  endfacet
  facet normal 0 0 1
    outer loop
      vertex 8.44888 27.1118 2.5
      vertex 7 26 2.5
      vertex 8.38582 26.926 2.5
    endloop
  endfacet
  facet normal 0 0 1
    outer loop
      vertex 7 38 2.5
      vertex 7.75 37.799 2.5
      vertex 7.57402 37.8858 2.5
    endloop
  endfacet
  facet normal 0 0 1
    outer loop
      vertex 8.29904 26.75 2.5
      vertex 7 26 2.5
      vertex 8.19003 26.5869 2.5
    endloop
  endfacet
  facet normal 0 0 1
    outer loop
      vertex 7 38 2.5
      vertex 7.57402 37.8858 2.5
      vertex 7.38823 37.9489 2.5
    endloop
  endfacet
  facet normal 0 0 1
    outer loop
      vertex 8.19003 26.5869 2.5
      vertex 7 26 2.5
      vertex 8.06065 26.4393 2.5
    endloop
  endfacet
  facet normal 0 0 1
    outer loop
      vertex 7 38 2.5
      vertex 7.38823 37.9489 2.5
      vertex 7.19579 37.9872 2.5
    endloop
  endfacet
  facet normal 0 0 1
    outer loop
      vertex 8.06065 26.4393 2.5
      vertex 7 26 2.5
      vertex 7.91315 26.31 2.5
    endloop
  endfacet
  facet normal 0 0 1
    outer loop
      vertex 1.47224 32.85 2.5
      vertex 8.5 36.5 2.5
      vertex 7 38 2.5
    endloop
  endfacet
  facet normal 0 0 1
    outer loop
      vertex 7.75 26.201 2.5
      vertex 7 26 2.5
      vertex 7.57402 26.1142 2.5
    endloop
  endfacet
  facet normal 0 0 1
    outer loop
      vertex 7.57402 26.1142 2.5
      vertex 7 26 2.5
      vertex 7.38823 26.0511 2.5
    endloop
  endfacet
  facet normal 0 0 1
    outer loop
      vertex 8.5 36.5 2.5
      vertex 1.68546 32.2219 2.5
      vertex 1.7 32 2.5
    endloop
  endfacet
  facet normal 0 0 1
    outer loop
      vertex 8.5 36.5 2.5
      vertex 1.64207 32.44 2.5
      vertex 1.68546 32.2219 2.5
    endloop
  endfacet
  facet normal 0 0 1
    outer loop
      vertex 8.5 36.5 2.5
      vertex 1.57059 32.6506 2.5
      vertex 1.64207 32.44 2.5
    endloop
  endfacet
  facet normal 0 0 1
    outer loop
      vertex 8.5 36.5 2.5
      vertex 1.47224 32.85 2.5
      vertex 1.57059 32.6506 2.5
    endloop
  endfacet
  facet normal 0 0 1
    outer loop
      vertex 7 38 2.5
      vertex 1.3487 33.0349 2.5
      vertex 1.47224 32.85 2.5
    endloop
  endfacet
  facet normal 0 0 1
    outer loop
      vertex 7 38 2.5
      vertex 1.20208 33.2021 2.5
      vertex 1.3487 33.0349 2.5
    endloop
  endfacet
  facet normal 0 0 1
    outer loop
      vertex 7 38 2.5
      vertex 1.03489 33.3487 2.5
      vertex 1.20208 33.2021 2.5
    endloop
  endfacet
  facet normal 0 0 1
    outer loop
      vertex 7 38 2.5
      vertex 0.849999 33.4722 2.5
      vertex 1.03489 33.3487 2.5
    endloop
  endfacet
  facet normal 0 0 1
    outer loop
      vertex 7 38 2.5
      vertex 0.650561 33.5706 2.5
      vertex 0.849999 33.4722 2.5
    endloop
  endfacet
  facet normal -0 0 1
    outer loop
      vertex -2.5 38 2.5
      vertex 0.650561 33.5706 2.5
      vertex 7 38 2.5
    endloop
  endfacet
  facet normal 0 0 1
    outer loop
      vertex 0.650561 33.5706 2.5
      vertex -2.5 38 2.5
      vertex 0.439992 33.6421 2.5
    endloop
  endfacet
  facet normal 0 0 1
    outer loop
      vertex 0.439992 33.6421 2.5
      vertex -2.5 38 2.5
      vertex 0.221894 33.6855 2.5
    endloop
  endfacet
  facet normal 0 0 1
    outer loop
      vertex 0.221894 33.6855 2.5
      vertex -2.5 38 2.5
      vertex 0 33.7 2.5
    endloop
  endfacet
  facet normal 0 0 1
    outer loop
      vertex 0 33.7 2.5
      vertex -2.5 38 2.5
      vertex -0.221894 33.6855 2.5
    endloop
  endfacet
  facet normal 0 0 1
    outer loop
      vertex -0.221894 33.6855 2.5
      vertex -2.5 38 2.5
      vertex -0.439992 33.6421 2.5
    endloop
  endfacet
  facet normal 0 0 1
    outer loop
      vertex -0.439992 33.6421 2.5
      vertex -2.5 38 2.5
      vertex -0.650561 33.5706 2.5
    endloop
  endfacet
  facet normal 0 0 1
    outer loop
      vertex -1.64207 32.44 2.5
      vertex -4 36.5 2.5
      vertex -1.68546 32.2219 2.5
    endloop
  endfacet
  facet normal 0 0 1
    outer loop
      vertex -1.57059 32.6506 2.5
      vertex -4 36.5 2.5
      vertex -1.64207 32.44 2.5
    endloop
  endfacet
  facet normal 0 0 1
    outer loop
      vertex -1.47224 32.85 2.5
      vertex -4 36.5 2.5
      vertex -1.57059 32.6506 2.5
    endloop
  endfacet
  facet normal 0 0 1
    outer loop
      vertex -1.3487 33.0349 2.5
      vertex -4 36.5 2.5
      vertex -1.47224 32.85 2.5
    endloop
  endfacet
  facet normal 0 0 1
    outer loop
      vertex -1.20208 33.2021 2.5
      vertex -4 36.5 2.5
      vertex -1.3487 33.0349 2.5
    endloop
  endfacet
  facet normal 0 0 1
    outer loop
      vertex -1.03489 33.3487 2.5
      vertex -4 36.5 2.5
      vertex -1.20208 33.2021 2.5
    endloop
  endfacet
  facet normal 0 0 1
    outer loop
      vertex -0.849999 33.4722 2.5
      vertex -4 36.5 2.5
      vertex -1.03489 33.3487 2.5
    endloop
  endfacet
  facet normal 0 0 1
    outer loop
      vertex -0.650561 33.5706 2.5
      vertex -4 36.5 2.5
      vertex -0.849999 33.4722 2.5
    endloop
  endfacet
  facet normal -0 0 1
    outer loop
      vertex -4 36.5 2.5
      vertex -0.650561 33.5706 2.5
      vertex -2.5 38 2.5
    endloop
  endfacet
  facet normal 0 0 1
    outer loop
      vertex 7.38823 26.0511 2.5
      vertex 7 26 2.5
      vertex 7.19579 26.0128 2.5
    endloop
  endfacet
  facet normal 0 0 1
    outer loop
      vertex 7.91315 26.31 2.5
      vertex 7 26 2.5
      vertex 7.75 26.201 2.5
    endloop
  endfacet
  facet normal 0 0 1
    outer loop
      vertex 8.38582 26.926 2.5
      vertex 7 26 2.5
      vertex 8.29904 26.75 2.5
    endloop
  endfacet
  facet normal 0 0 1
    outer loop
      vertex 8.5 27.5 2.5
      vertex 1.47224 31.15 2.5
      vertex 7 26 2.5
    endloop
  endfacet
  facet normal -0 0 1
    outer loop
      vertex 1.3487 30.9651 2.5
      vertex 7 26 2.5
      vertex 1.47224 31.15 2.5
    endloop
  endfacet
  facet normal -0 0 1
    outer loop
      vertex 1.20208 30.7979 2.5
      vertex 7 26 2.5
      vertex 1.3487 30.9651 2.5
    endloop
  endfacet
  facet normal -0 0 1
    outer loop
      vertex 1.03489 30.6513 2.5
      vertex 7 26 2.5
      vertex 1.20208 30.7979 2.5
    endloop
  endfacet
  facet normal -0 0 1
    outer loop
      vertex 0.849999 30.5278 2.5
      vertex 7 26 2.5
      vertex 1.03489 30.6513 2.5
    endloop
  endfacet
  facet normal -0 0 1
    outer loop
      vertex 0.650561 30.4294 2.5
      vertex 7 26 2.5
      vertex 0.849999 30.5278 2.5
    endloop
  endfacet
  facet normal 0 0 1
    outer loop
      vertex -2.5 26 2.5
      vertex 0.650561 30.4294 2.5
      vertex 0.439992 30.3579 2.5
    endloop
  endfacet
  facet normal 0 0 1
    outer loop
      vertex -2.5 26 2.5
      vertex 0.439992 30.3579 2.5
      vertex 0.221894 30.3145 2.5
    endloop
  endfacet
  facet normal 0 0 1
    outer loop
      vertex -2.5 26 2.5
      vertex 0.221894 30.3145 2.5
      vertex 0 30.3 2.5
    endloop
  endfacet
  facet normal 0 0 1
    outer loop
      vertex -2.5 26 2.5
      vertex 0 30.3 2.5
      vertex -0.221894 30.3145 2.5
    endloop
  endfacet
  facet normal 0 0 1
    outer loop
      vertex -2.5 26 2.5
      vertex -0.221894 30.3145 2.5
      vertex -0.439992 30.3579 2.5
    endloop
  endfacet
  facet normal 0 0 1
    outer loop
      vertex -2.5 26 2.5
      vertex -0.439992 30.3579 2.5
      vertex -0.650561 30.4294 2.5
    endloop
  endfacet
  facet normal 0 0 1
    outer loop
      vertex -4 27.5 2.5
      vertex -0.650561 30.4294 2.5
      vertex -0.849999 30.5278 2.5
    endloop
  endfacet
  facet normal 0 0 1
    outer loop
      vertex -1.68546 32.2219 2.5
      vertex -4 36.5 2.5
      vertex -1.7 32 2.5
    endloop
  endfacet
  facet normal 0 0 1
    outer loop
      vertex 0.650561 30.4294 2.5
      vertex -2.5 26 2.5
      vertex 7 26 2.5
    endloop
  endfacet
  facet normal 0 0 1
    outer loop
      vertex -4 27.5 2.5
      vertex -0.849999 30.5278 2.5
      vertex -1.03489 30.6513 2.5
    endloop
  endfacet
  facet normal 0 0 1
    outer loop
      vertex -4 27.5 2.5
      vertex -1.03489 30.6513 2.5
      vertex -1.20208 30.7979 2.5
    endloop
  endfacet
  facet normal 0 0 1
    outer loop
      vertex -4 27.5 2.5
      vertex -1.20208 30.7979 2.5
      vertex -1.3487 30.9651 2.5
    endloop
  endfacet
  facet normal 0 0 1
    outer loop
      vertex -4 27.5 2.5
      vertex -1.3487 30.9651 2.5
      vertex -1.47224 31.15 2.5
    endloop
  endfacet
  facet normal 0 0 1
    outer loop
      vertex -4 27.5 2.5
      vertex -1.47224 31.15 2.5
      vertex -1.57059 31.3494 2.5
    endloop
  endfacet
  facet normal 0 0 1
    outer loop
      vertex -4 27.5 2.5
      vertex -1.57059 31.3494 2.5
      vertex -1.64207 31.56 2.5
    endloop
  endfacet
  facet normal 0 0 1
    outer loop
      vertex -4 27.5 2.5
      vertex -1.64207 31.56 2.5
      vertex -1.68546 31.7781 2.5
    endloop
  endfacet
  facet normal 0 0 1
    outer loop
      vertex -4 27.5 2.5
      vertex -1.7 32 2.5
      vertex -4 36.5 2.5
    endloop
  endfacet
  facet normal 0 0 1
    outer loop
      vertex -4 36.5 2.5
      vertex -2.5 38 2.5
      vertex -2.69579 37.9872 2.5
    endloop
  endfacet
  facet normal 0 0 1
    outer loop
      vertex -1.7 32 2.5
      vertex -4 27.5 2.5
      vertex -1.68546 31.7781 2.5
    endloop
  endfacet
  facet normal 0 0 1
    outer loop
      vertex -4 36.5 2.5
      vertex -2.69579 37.9872 2.5
      vertex -2.88823 37.9489 2.5
    endloop
  endfacet
  facet normal 0 0 1
    outer loop
      vertex -0.650561 30.4294 2.5
      vertex -4 27.5 2.5
      vertex -2.5 26 2.5
    endloop
  endfacet
  facet normal 0 0 1
    outer loop
      vertex -4 36.5 2.5
      vertex -2.88823 37.9489 2.5
      vertex -3.07402 37.8858 2.5
    endloop
  endfacet
  facet normal 0 0 1
    outer loop
      vertex -2.5 26 2.5
      vertex -4 27.5 2.5
      vertex -2.69579 26.0128 2.5
    endloop
  endfacet
  facet normal 0 0 1
    outer loop
      vertex -4 36.5 2.5
      vertex -3.07402 37.8858 2.5
      vertex -3.25 37.799 2.5
    endloop
  endfacet
  facet normal 0 0 1
    outer loop
      vertex -2.69579 26.0128 2.5
      vertex -4 27.5 2.5
      vertex -2.88823 26.0511 2.5
    endloop
  endfacet
  facet normal 0 0 1
    outer loop
      vertex -4 36.5 2.5
      vertex -3.25 37.799 2.5
      vertex -3.41315 37.69 2.5
    endloop
  endfacet
  facet normal 0 0 1
    outer loop
      vertex -2.88823 26.0511 2.5
      vertex -4 27.5 2.5
      vertex -3.07402 26.1142 2.5
    endloop
  endfacet
  facet normal 0 0 1
    outer loop
      vertex -4 36.5 2.5
      vertex -3.41315 37.69 2.5
      vertex -3.56065 37.5607 2.5
    endloop
  endfacet
  facet normal 0 0 1
    outer loop
      vertex -3.07402 26.1142 2.5
      vertex -4 27.5 2.5
      vertex -3.25 26.201 2.5
    endloop
  endfacet
  facet normal 0 0 1
    outer loop
      vertex -4 36.5 2.5
      vertex -3.56065 37.5607 2.5
      vertex -3.69003 37.4131 2.5
    endloop
  endfacet
  facet normal 0 0 1
    outer loop
      vertex -3.25 26.201 2.5
      vertex -4 27.5 2.5
      vertex -3.41315 26.31 2.5
    endloop
  endfacet
  facet normal 0 0 1
    outer loop
      vertex -4 36.5 2.5
      vertex -3.69003 37.4131 2.5
      vertex -3.79904 37.25 2.5
    endloop
  endfacet
  facet normal 0 0 1
    outer loop
      vertex -3.41315 26.31 2.5
      vertex -4 27.5 2.5
      vertex -3.56065 26.4393 2.5
    endloop
  endfacet
  facet normal 0 0 1
    outer loop
      vertex -4 36.5 2.5
      vertex -3.79904 37.25 2.5
      vertex -3.88582 37.074 2.5
    endloop
  endfacet
  facet normal 0 0 1
    outer loop
      vertex -3.56065 26.4393 2.5
      vertex -4 27.5 2.5
      vertex -3.69003 26.5869 2.5
    endloop
  endfacet
  facet normal 0 0 1
    outer loop
      vertex -4 36.5 2.5
      vertex -3.88582 37.074 2.5
      vertex -3.94888 36.8882 2.5
    endloop
  endfacet
  facet normal 0 0 1
    outer loop
      vertex -3.69003 26.5869 2.5
      vertex -4 27.5 2.5
      vertex -3.79904 26.75 2.5
    endloop
  endfacet
  facet normal 0 0 1
    outer loop
      vertex -4 36.5 2.5
      vertex -3.94888 36.8882 2.5
      vertex -3.98717 36.6958 2.5
    endloop
  endfacet
  facet normal 0 0 1
    outer loop
      vertex -3.79904 26.75 2.5
      vertex -4 27.5 2.5
      vertex -3.88582 26.926 2.5
    endloop
  endfacet
  facet normal 0 0 1
    outer loop
      vertex -3.88582 26.926 2.5
      vertex -4 27.5 2.5
      vertex -3.94888 27.1118 2.5
    endloop
  endfacet
  facet normal 0 0 1
    outer loop
      vertex -3.94888 27.1118 2.5
      vertex -4 27.5 2.5
      vertex -3.98717 27.3042 2.5
    endloop
  endfacet
  facet normal -0.442355 -0.89684 0
    outer loop
      vertex -3.25 26.201 0
      vertex -3.07402 26.1142 2.5
      vertex -3.25 26.201 2.5
    endloop
  endfacet
  facet normal -0.442355 -0.89684 -0
    outer loop
      vertex -3.07402 26.1142 2.5
      vertex -3.25 26.201 0
      vertex -3.07402 26.1142 0
    endloop
  endfacet
  facet normal 0.99786 -0.0653858 0
    outer loop
      vertex 8.48717 27.3042 2.5
      vertex 8.5 27.5 0
      vertex 8.5 27.5 2.5
    endloop
  endfacet
  facet normal 0.99786 -0.0653858 0
    outer loop
      vertex 8.5 27.5 0
      vertex 8.48717 27.3042 2.5
      vertex 8.48717 27.3042 0
    endloop
  endfacet
  facet normal 0.831399 0.555676 0
    outer loop
      vertex 8.29904 37.25 2.5
      vertex 8.19003 37.4131 0
      vertex 8.19003 37.4131 2.5
    endloop
  endfacet
  facet normal 0.831399 0.555676 0
    outer loop
      vertex 8.19003 37.4131 0
      vertex 8.29904 37.25 2.5
      vertex 8.29904 37.25 0
    endloop
  endfacet
  facet normal 0.555523 0.831501 -0
    outer loop
      vertex 7.91315 37.69 0
      vertex 7.75 37.799 2.5
      vertex 7.91315 37.69 2.5
    endloop
  endfacet
  facet normal 0.555523 0.831501 0
    outer loop
      vertex 7.75 37.799 2.5
      vertex 7.91315 37.69 0
      vertex 7.75 37.799 0
    endloop
  endfacet
  facet normal -0.8969 0.442233 0
    outer loop
      vertex -3.88582 37.074 0
      vertex -3.79904 37.25 2.5
      vertex -3.79904 37.25 0
    endloop
  endfacet
  facet normal -0.8969 0.442233 0
    outer loop
      vertex -3.79904 37.25 2.5
      vertex -3.88582 37.074 0
      vertex -3.88582 37.074 2.5
    endloop
  endfacet
  facet normal -0.555523 0.831501 0
    outer loop
      vertex -3.25 37.799 0
      vertex -3.41315 37.69 2.5
      vertex -3.25 37.799 2.5
    endloop
  endfacet
  facet normal -0.555523 0.831501 0
    outer loop
      vertex -3.41315 37.69 2.5
      vertex -3.25 37.799 0
      vertex -3.41315 37.69 0
    endloop
  endfacet
  facet normal -0.980766 -0.195185 0
    outer loop
      vertex -3.94888 27.1118 0
      vertex -3.98717 27.3042 2.5
      vertex -3.98717 27.3042 0
    endloop
  endfacet
  facet normal -0.980766 -0.195185 0
    outer loop
      vertex -3.98717 27.3042 2.5
      vertex -3.94888 27.1118 0
      vertex -3.94888 27.1118 2.5
    endloop
  endfacet
  facet normal -0.831399 -0.555676 0
    outer loop
      vertex -3.69003 26.5869 0
      vertex -3.79904 26.75 2.5
      vertex -3.79904 26.75 0
    endloop
  endfacet
  facet normal -0.831399 -0.555676 0
    outer loop
      vertex -3.79904 26.75 2.5
      vertex -3.69003 26.5869 0
      vertex -3.69003 26.5869 2.5
    endloop
  endfacet
  facet normal -0.99786 -0.0653858 0
    outer loop
      vertex -3.98717 27.3042 0
      vertex -4 27.5 2.5
      vertex -4 27.5 0
    endloop
  endfacet
  facet normal -0.99786 -0.0653858 0
    outer loop
      vertex -4 27.5 2.5
      vertex -3.98717 27.3042 0
      vertex -3.98717 27.3042 2.5
    endloop
  endfacet
  facet normal -0.99786 0.0653858 0
    outer loop
      vertex -4 36.5 0
      vertex -3.98717 36.6958 2.5
      vertex -3.98717 36.6958 0
    endloop
  endfacet
  facet normal -0.99786 0.0653858 0
    outer loop
      vertex -3.98717 36.6958 2.5
      vertex -4 36.5 0
      vertex -4 36.5 2.5
    endloop
  endfacet
  facet normal -0.195195 -0.980764 0
    outer loop
      vertex -2.88823 26.0511 0
      vertex -2.69579 26.0128 2.5
      vertex -2.88823 26.0511 2.5
    endloop
  endfacet
  facet normal -0.195195 -0.980764 -0
    outer loop
      vertex -2.69579 26.0128 2.5
      vertex -2.88823 26.0511 0
      vertex -2.69579 26.0128 0
    endloop
  endfacet
  facet normal -0.555523 -0.831501 0
    outer loop
      vertex -3.41315 26.31 0
      vertex -3.25 26.201 2.5
      vertex -3.41315 26.31 2.5
    endloop
  endfacet
  facet normal -0.555523 -0.831501 -0
    outer loop
      vertex -3.25 26.201 2.5
      vertex -3.41315 26.31 0
      vertex -3.25 26.201 0
    endloop
  endfacet
  facet normal -0.751996 -0.659168 0
    outer loop
      vertex -3.56065 26.4393 0
      vertex -3.69003 26.5869 2.5
      vertex -3.69003 26.5869 0
    endloop
  endfacet
  facet normal -0.751996 -0.659168 0
    outer loop
      vertex -3.69003 26.5869 2.5
      vertex -3.56065 26.4393 0
      vertex -3.56065 26.4393 2.5
    endloop
  endfacet
  facet normal 0.555523 -0.831501 0
    outer loop
      vertex 7.75 26.201 0
      vertex 7.91315 26.31 2.5
      vertex 7.75 26.201 2.5
    endloop
  endfacet
  facet normal 0.555523 -0.831501 0
    outer loop
      vertex 7.91315 26.31 2.5
      vertex 7.75 26.201 0
      vertex 7.91315 26.31 0
    endloop
  endfacet
  facet normal 0.442355 0.89684 -0
    outer loop
      vertex 7.75 37.799 0
      vertex 7.57402 37.8858 2.5
      vertex 7.75 37.799 2.5
    endloop
  endfacet
  facet normal 0.442355 0.89684 0
    outer loop
      vertex 7.57402 37.8858 2.5
      vertex 7.75 37.799 0
      vertex 7.57402 37.8858 0
    endloop
  endfacet
  facet normal -0.980766 0.195185 0
    outer loop
      vertex -3.98717 36.6958 0
      vertex -3.94888 36.8882 2.5
      vertex -3.94888 36.8882 0
    endloop
  endfacet
  facet normal -0.980766 0.195185 0
    outer loop
      vertex -3.94888 36.8882 2.5
      vertex -3.98717 36.6958 0
      vertex -3.98717 36.6958 2.5
    endloop
  endfacet
  facet normal -0.946947 0.321391 0
    outer loop
      vertex -3.94888 36.8882 0
      vertex -3.88582 37.074 2.5
      vertex -3.88582 37.074 0
    endloop
  endfacet
  facet normal -0.946947 0.321391 0
    outer loop
      vertex -3.88582 37.074 2.5
      vertex -3.94888 36.8882 0
      vertex -3.94888 36.8882 2.5
    endloop
  endfacet
  facet normal -0.8969 -0.442233 0
    outer loop
      vertex -3.79904 26.75 0
      vertex -3.88582 26.926 2.5
      vertex -3.88582 26.926 0
    endloop
  endfacet
  facet normal -0.8969 -0.442233 0
    outer loop
      vertex -3.88582 26.926 2.5
      vertex -3.79904 26.75 0
      vertex -3.79904 26.75 2.5
    endloop
  endfacet
  facet normal -1 0 0
    outer loop
      vertex -4 27.5 0
      vertex -4 36.5 2.5
      vertex -4 36.5 0
    endloop
  endfacet
  facet normal -1 -0 0
    outer loop
      vertex -4 36.5 2.5
      vertex -4 27.5 0
      vertex -4 27.5 2.5
    endloop
  endfacet
  facet normal 0 0 -1
    outer loop
      vertex 7 26 0
      vertex 8.5 27.5 0
      vertex 8.48717 27.3042 0
    endloop
  endfacet
  facet normal 0 0 -1
    outer loop
      vertex 8.5 27.5 0
      vertex 1.7 32 0
      vertex 8.5 36.5 0
    endloop
  endfacet
  facet normal 0 0 -1
    outer loop
      vertex 7 26 0
      vertex 8.48717 27.3042 0
      vertex 8.44888 27.1118 0
    endloop
  endfacet
  facet normal 0 0 -1
    outer loop
      vertex 1.68546 32.2219 0
      vertex 8.5 36.5 0
      vertex 1.7 32 0
    endloop
  endfacet
  facet normal 0 0 -1
    outer loop
      vertex 7 26 0
      vertex 8.44888 27.1118 0
      vertex 8.38582 26.926 0
    endloop
  endfacet
  facet normal 0 0 -1
    outer loop
      vertex 1.64207 32.44 0
      vertex 8.5 36.5 0
      vertex 1.68546 32.2219 0
    endloop
  endfacet
  facet normal 0 0 -1
    outer loop
      vertex 7 26 0
      vertex 8.38582 26.926 0
      vertex 8.29904 26.75 0
    endloop
  endfacet
  facet normal 0 0 -1
    outer loop
      vertex 1.57059 32.6506 0
      vertex 8.5 36.5 0
      vertex 1.64207 32.44 0
    endloop
  endfacet
  facet normal 0 0 -1
    outer loop
      vertex 7 26 0
      vertex 8.29904 26.75 0
      vertex 8.19003 26.5869 0
    endloop
  endfacet
  facet normal 0 0 -1
    outer loop
      vertex 1.47224 32.85 0
      vertex 8.5 36.5 0
      vertex 1.57059 32.6506 0
    endloop
  endfacet
  facet normal 0 0 -1
    outer loop
      vertex 7 26 0
      vertex 8.19003 26.5869 0
      vertex 8.06065 26.4393 0
    endloop
  endfacet
  facet normal 0 0 -1
    outer loop
      vertex 8.5 36.5 0
      vertex 7 38 0
      vertex 8.48717 36.6958 0
    endloop
  endfacet
  facet normal 0 0 -1
    outer loop
      vertex 7 26 0
      vertex 8.06065 26.4393 0
      vertex 7.91315 26.31 0
    endloop
  endfacet
  facet normal 0 0 -1
    outer loop
      vertex 8.48717 36.6958 0
      vertex 7 38 0
      vertex 8.44888 36.8882 0
    endloop
  endfacet
  facet normal 0 0 -1
    outer loop
      vertex 7 26 0
      vertex 7.91315 26.31 0
      vertex 7.75 26.201 0
    endloop
  endfacet
  facet normal 0 0 -1
    outer loop
      vertex 8.44888 36.8882 0
      vertex 7 38 0
      vertex 8.38582 37.074 0
    endloop
  endfacet
  facet normal 0 0 -1
    outer loop
      vertex 7 26 0
      vertex 7.75 26.201 0
      vertex 7.57402 26.1142 0
    endloop
  endfacet
  facet normal 0 0 -1
    outer loop
      vertex 8.29904 37.25 0
      vertex 7 38 0
      vertex 8.19003 37.4131 0
    endloop
  endfacet
  facet normal 0 0 -1
    outer loop
      vertex 7 26 0
      vertex 7.57402 26.1142 0
      vertex 7.38823 26.0511 0
    endloop
  endfacet
  facet normal 0 0 -1
    outer loop
      vertex 8.19003 37.4131 0
      vertex 7 38 0
      vertex 8.06065 37.5607 0
    endloop
  endfacet
  facet normal 0 0 -1
    outer loop
      vertex 7 26 0
      vertex 7.38823 26.0511 0
      vertex 7.19579 26.0128 0
    endloop
  endfacet
  facet normal 0 0 -1
    outer loop
      vertex 8.06065 37.5607 0
      vertex 7 38 0
      vertex 7.91315 37.69 0
    endloop
  endfacet
  facet normal 0 0 -1
    outer loop
      vertex 1.47224 31.15 0
      vertex 8.5 27.5 0
      vertex 7 26 0
    endloop
  endfacet
  facet normal 0 0 -1
    outer loop
      vertex 7.75 37.799 0
      vertex 7 38 0
      vertex 7.57402 37.8858 0
    endloop
  endfacet
  facet normal 0 0 -1
    outer loop
      vertex 7.57402 37.8858 0
      vertex 7 38 0
      vertex 7.38823 37.9489 0
    endloop
  endfacet
  facet normal 0 0 -1
    outer loop
      vertex 8.5 27.5 0
      vertex 1.68546 31.7781 0
      vertex 1.7 32 0
    endloop
  endfacet
  facet normal 0 0 -1
    outer loop
      vertex 8.5 27.5 0
      vertex 1.64207 31.56 0
      vertex 1.68546 31.7781 0
    endloop
  endfacet
  facet normal 0 0 -1
    outer loop
      vertex 8.5 27.5 0
      vertex 1.57059 31.3494 0
      vertex 1.64207 31.56 0
    endloop
  endfacet
  facet normal 0 0 -1
    outer loop
      vertex 8.5 27.5 0
      vertex 1.47224 31.15 0
      vertex 1.57059 31.3494 0
    endloop
  endfacet
  facet normal 0 0 -1
    outer loop
      vertex 7 26 0
      vertex 1.3487 30.9651 0
      vertex 1.47224 31.15 0
    endloop
  endfacet
  facet normal 0 0 -1
    outer loop
      vertex 7 26 0
      vertex 1.20208 30.7979 0
      vertex 1.3487 30.9651 0
    endloop
  endfacet
  facet normal 0 0 -1
    outer loop
      vertex 7 26 0
      vertex 1.03489 30.6513 0
      vertex 1.20208 30.7979 0
    endloop
  endfacet
  facet normal 0 0 -1
    outer loop
      vertex 7 26 0
      vertex 0.849999 30.5278 0
      vertex 1.03489 30.6513 0
    endloop
  endfacet
  facet normal 0 0 -1
    outer loop
      vertex 7 26 0
      vertex 0.650561 30.4294 0
      vertex 0.849999 30.5278 0
    endloop
  endfacet
  facet normal 0 0 -1
    outer loop
      vertex -2.5 26 0
      vertex 0.650561 30.4294 0
      vertex 7 26 0
    endloop
  endfacet
  facet normal 0 0 -1
    outer loop
      vertex 0.650561 30.4294 0
      vertex -2.5 26 0
      vertex 0.439992 30.3579 0
    endloop
  endfacet
  facet normal 0 0 -1
    outer loop
      vertex 0.439992 30.3579 0
      vertex -2.5 26 0
      vertex 0.221894 30.3145 0
    endloop
  endfacet
  facet normal 0 0 -1
    outer loop
      vertex 0.221894 30.3145 0
      vertex -2.5 26 0
      vertex 0 30.3 0
    endloop
  endfacet
  facet normal -0 0 -1
    outer loop
      vertex 0 30.3 0
      vertex -2.5 26 0
      vertex -0.221894 30.3145 0
    endloop
  endfacet
  facet normal -0 0 -1
    outer loop
      vertex -0.221894 30.3145 0
      vertex -2.5 26 0
      vertex -0.439992 30.3579 0
    endloop
  endfacet
  facet normal -0 0 -1
    outer loop
      vertex -0.439992 30.3579 0
      vertex -2.5 26 0
      vertex -0.650561 30.4294 0
    endloop
  endfacet
  facet normal -0 0 -1
    outer loop
      vertex -1.64207 31.56 0
      vertex -4 27.5 0
      vertex -1.68546 31.7781 0
    endloop
  endfacet
  facet normal -0 0 -1
    outer loop
      vertex -1.57059 31.3494 0
      vertex -4 27.5 0
      vertex -1.64207 31.56 0
    endloop
  endfacet
  facet normal -0 0 -1
    outer loop
      vertex -1.47224 31.15 0
      vertex -4 27.5 0
      vertex -1.57059 31.3494 0
    endloop
  endfacet
  facet normal -0 0 -1
    outer loop
      vertex -1.3487 30.9651 0
      vertex -4 27.5 0
      vertex -1.47224 31.15 0
    endloop
  endfacet
  facet normal -0 0 -1
    outer loop
      vertex -1.20208 30.7979 0
      vertex -4 27.5 0
      vertex -1.3487 30.9651 0
    endloop
  endfacet
  facet normal -0 0 -1
    outer loop
      vertex -1.03489 30.6513 0
      vertex -4 27.5 0
      vertex -1.20208 30.7979 0
    endloop
  endfacet
  facet normal -0 0 -1
    outer loop
      vertex -0.849999 30.5278 0
      vertex -4 27.5 0
      vertex -1.03489 30.6513 0
    endloop
  endfacet
  facet normal -0 0 -1
    outer loop
      vertex -0.650561 30.4294 0
      vertex -4 27.5 0
      vertex -0.849999 30.5278 0
    endloop
  endfacet
  facet normal 0 0 -1
    outer loop
      vertex -4 27.5 0
      vertex -0.650561 30.4294 0
      vertex -2.5 26 0
    endloop
  endfacet
  facet normal 0 0 -1
    outer loop
      vertex 7.38823 37.9489 0
      vertex 7 38 0
      vertex 7.19579 37.9872 0
    endloop
  endfacet
  facet normal 0 0 -1
    outer loop
      vertex 7.91315 37.69 0
      vertex 7 38 0
      vertex 7.75 37.799 0
    endloop
  endfacet
  facet normal 0 0 -1
    outer loop
      vertex 8.38582 37.074 0
      vertex 7 38 0
      vertex 8.29904 37.25 0
    endloop
  endfacet
  facet normal -0 0 -1
    outer loop
      vertex 8.5 36.5 0
      vertex 1.47224 32.85 0
      vertex 7 38 0
    endloop
  endfacet
  facet normal 0 0 -1
    outer loop
      vertex 1.3487 33.0349 0
      vertex 7 38 0
      vertex 1.47224 32.85 0
    endloop
  endfacet
  facet normal 0 0 -1
    outer loop
      vertex 1.20208 33.2021 0
      vertex 7 38 0
      vertex 1.3487 33.0349 0
    endloop
  endfacet
  facet normal 0 0 -1
    outer loop
      vertex 1.03489 33.3487 0
      vertex 7 38 0
      vertex 1.20208 33.2021 0
    endloop
  endfacet
  facet normal 0 0 -1
    outer loop
      vertex 0.849999 33.4722 0
      vertex 7 38 0
      vertex 1.03489 33.3487 0
    endloop
  endfacet
  facet normal 0 0 -1
    outer loop
      vertex 0.650561 33.5706 0
      vertex 7 38 0
      vertex 0.849999 33.4722 0
    endloop
  endfacet
  facet normal 0 0 -1
    outer loop
      vertex -2.5 38 0
      vertex 0.650561 33.5706 0
      vertex 0.439992 33.6421 0
    endloop
  endfacet
  facet normal 0 0 -1
    outer loop
      vertex -2.5 38 0
      vertex 0.439992 33.6421 0
      vertex 0.221894 33.6855 0
    endloop
  endfacet
  facet normal 0 0 -1
    outer loop
      vertex -2.5 38 0
      vertex 0.221894 33.6855 0
      vertex 0 33.7 0
    endloop
  endfacet
  facet normal 0 0 -1
    outer loop
      vertex -2.5 38 0
      vertex 0 33.7 0
      vertex -0.221894 33.6855 0
    endloop
  endfacet
  facet normal 0 0 -1
    outer loop
      vertex -2.5 38 0
      vertex -0.221894 33.6855 0
      vertex -0.439992 33.6421 0
    endloop
  endfacet
  facet normal 0 0 -1
    outer loop
      vertex -2.5 38 0
      vertex -0.439992 33.6421 0
      vertex -0.650561 33.5706 0
    endloop
  endfacet
  facet normal 0 0 -1
    outer loop
      vertex -4 36.5 0
      vertex -0.650561 33.5706 0
      vertex -0.849999 33.4722 0
    endloop
  endfacet
  facet normal -0 0 -1
    outer loop
      vertex -1.68546 31.7781 0
      vertex -4 27.5 0
      vertex -1.7 32 0
    endloop
  endfacet
  facet normal 0 0 -1
    outer loop
      vertex 0.650561 33.5706 0
      vertex -2.5 38 0
      vertex 7 38 0
    endloop
  endfacet
  facet normal 0 0 -1
    outer loop
      vertex -4 36.5 0
      vertex -0.849999 33.4722 0
      vertex -1.03489 33.3487 0
    endloop
  endfacet
  facet normal 0 0 -1
    outer loop
      vertex -4 36.5 0
      vertex -1.03489 33.3487 0
      vertex -1.20208 33.2021 0
    endloop
  endfacet
  facet normal 0 0 -1
    outer loop
      vertex -4 36.5 0
      vertex -1.20208 33.2021 0
      vertex -1.3487 33.0349 0
    endloop
  endfacet
  facet normal 0 0 -1
    outer loop
      vertex -4 36.5 0
      vertex -1.3487 33.0349 0
      vertex -1.47224 32.85 0
    endloop
  endfacet
  facet normal 0 0 -1
    outer loop
      vertex -4 36.5 0
      vertex -1.47224 32.85 0
      vertex -1.57059 32.6506 0
    endloop
  endfacet
  facet normal 0 0 -1
    outer loop
      vertex -4 36.5 0
      vertex -1.57059 32.6506 0
      vertex -1.64207 32.44 0
    endloop
  endfacet
  facet normal 0 0 -1
    outer loop
      vertex -4 36.5 0
      vertex -1.64207 32.44 0
      vertex -1.68546 32.2219 0
    endloop
  endfacet
  facet normal 0 0 -1
    outer loop
      vertex -4 36.5 0
      vertex -1.7 32 0
      vertex -4 27.5 0
    endloop
  endfacet
  facet normal 0 0 -1
    outer loop
      vertex -4 27.5 0
      vertex -2.5 26 0
      vertex -2.69579 26.0128 0
    endloop
  endfacet
  facet normal 0 0 -1
    outer loop
      vertex -1.7 32 0
      vertex -4 36.5 0
      vertex -1.68546 32.2219 0
    endloop
  endfacet
  facet normal 0 0 -1
    outer loop
      vertex -4 27.5 0
      vertex -2.69579 26.0128 0
      vertex -2.88823 26.0511 0
    endloop
  endfacet
  facet normal 0 0 -1
    outer loop
      vertex -0.650561 33.5706 0
      vertex -4 36.5 0
      vertex -2.5 38 0
    endloop
  endfacet
  facet normal 0 0 -1
    outer loop
      vertex -4 27.5 0
      vertex -2.88823 26.0511 0
      vertex -3.07402 26.1142 0
    endloop
  endfacet
  facet normal 0 0 -1
    outer loop
      vertex -2.5 38 0
      vertex -4 36.5 0
      vertex -2.69579 37.9872 0
    endloop
  endfacet
  facet normal 0 0 -1
    outer loop
      vertex -4 27.5 0
      vertex -3.07402 26.1142 0
      vertex -3.25 26.201 0
    endloop
  endfacet
  facet normal 0 0 -1
    outer loop
      vertex -2.69579 37.9872 0
      vertex -4 36.5 0
      vertex -2.88823 37.9489 0
    endloop
  endfacet
  facet normal 0 0 -1
    outer loop
      vertex -4 27.5 0
      vertex -3.25 26.201 0
      vertex -3.41315 26.31 0
    endloop
  endfacet
  facet normal 0 0 -1
    outer loop
      vertex -2.88823 37.9489 0
      vertex -4 36.5 0
      vertex -3.07402 37.8858 0
    endloop
  endfacet
  facet normal 0 0 -1
    outer loop
      vertex -4 27.5 0
      vertex -3.41315 26.31 0
      vertex -3.56065 26.4393 0
    endloop
  endfacet
  facet normal 0 0 -1
    outer loop
      vertex -3.07402 37.8858 0
      vertex -4 36.5 0
      vertex -3.25 37.799 0
    endloop
  endfacet
  facet normal 0 0 -1
    outer loop
      vertex -4 27.5 0
      vertex -3.56065 26.4393 0
      vertex -3.69003 26.5869 0
    endloop
  endfacet
  facet normal 0 0 -1
    outer loop
      vertex -3.25 37.799 0
      vertex -4 36.5 0
      vertex -3.41315 37.69 0
    endloop
  endfacet
  facet normal 0 0 -1
    outer loop
      vertex -4 27.5 0
      vertex -3.69003 26.5869 0
      vertex -3.79904 26.75 0
    endloop
  endfacet
  facet normal 0 0 -1
    outer loop
      vertex -3.41315 37.69 0
      vertex -4 36.5 0
      vertex -3.56065 37.5607 0
    endloop
  endfacet
  facet normal 0 0 -1
    outer loop
      vertex -4 27.5 0
      vertex -3.79904 26.75 0
      vertex -3.88582 26.926 0
    endloop
  endfacet
  facet normal 0 0 -1
    outer loop
      vertex -3.56065 37.5607 0
      vertex -4 36.5 0
      vertex -3.69003 37.4131 0
    endloop
  endfacet
  facet normal 0 0 -1
    outer loop
      vertex -4 27.5 0
      vertex -3.88582 26.926 0
      vertex -3.94888 27.1118 0
    endloop
  endfacet
  facet normal 0 0 -1
    outer loop
      vertex -3.69003 37.4131 0
      vertex -4 36.5 0
      vertex -3.79904 37.25 0
    endloop
  endfacet
  facet normal 0 0 -1
    outer loop
      vertex -4 27.5 0
      vertex -3.94888 27.1118 0
      vertex -3.98717 27.3042 0
    endloop
  endfacet
  facet normal 0 0 -1
    outer loop
      vertex -3.79904 37.25 0
      vertex -4 36.5 0
      vertex -3.88582 37.074 0
    endloop
  endfacet
  facet normal 0 0 -1
    outer loop
      vertex -3.88582 37.074 0
      vertex -4 36.5 0
      vertex -3.94888 36.8882 0
    endloop
  endfacet
  facet normal 0 0 -1
    outer loop
      vertex -3.94888 36.8882 0
      vertex -4 36.5 0
      vertex -3.98717 36.6958 0
    endloop
  endfacet
  facet normal -0.0652369 -0.99787 0
    outer loop
      vertex -2.69579 26.0128 0
      vertex -2.5 26 2.5
      vertex -2.69579 26.0128 2.5
    endloop
  endfacet
  facet normal -0.0652369 -0.99787 -0
    outer loop
      vertex -2.5 26 2.5
      vertex -2.69579 26.0128 0
      vertex -2.5 26 0
    endloop
  endfacet
  facet normal -0.321589 -0.946879 0
    outer loop
      vertex -3.07402 26.1142 0
      vertex -2.88823 26.0511 2.5
      vertex -3.07402 26.1142 2.5
    endloop
  endfacet
  facet normal -0.321589 -0.946879 -0
    outer loop
      vertex -2.88823 26.0511 2.5
      vertex -3.07402 26.1142 0
      vertex -2.88823 26.0511 0
    endloop
  endfacet
  facet normal -0.65919 -0.751976 0
    outer loop
      vertex -3.56065 26.4393 0
      vertex -3.41315 26.31 2.5
      vertex -3.56065 26.4393 2.5
    endloop
  endfacet
  facet normal -0.65919 -0.751976 -0
    outer loop
      vertex -3.41315 26.31 2.5
      vertex -3.56065 26.4393 0
      vertex -3.41315 26.31 0
    endloop
  endfacet
  facet normal 1 -0 0
    outer loop
      vertex 8.5 27.5 2.5
      vertex 8.5 36.5 0
      vertex 8.5 36.5 2.5
    endloop
  endfacet
  facet normal 1 0 0
    outer loop
      vertex 8.5 36.5 0
      vertex 8.5 27.5 2.5
      vertex 8.5 27.5 0
    endloop
  endfacet
  facet normal 0.195195 0.980764 -0
    outer loop
      vertex 7.38823 37.9489 0
      vertex 7.19579 37.9872 2.5
      vertex 7.38823 37.9489 2.5
    endloop
  endfacet
  facet normal 0.195195 0.980764 0
    outer loop
      vertex 7.19579 37.9872 2.5
      vertex 7.38823 37.9489 0
      vertex 7.19579 37.9872 0
    endloop
  endfacet
  facet normal 0.321589 0.946879 -0
    outer loop
      vertex 7.57402 37.8858 0
      vertex 7.38823 37.9489 2.5
      vertex 7.57402 37.8858 2.5
    endloop
  endfacet
  facet normal 0.321589 0.946879 0
    outer loop
      vertex 7.38823 37.9489 2.5
      vertex 7.57402 37.8858 0
      vertex 7.38823 37.9489 0
    endloop
  endfacet
  facet normal 0.65919 0.751976 -0
    outer loop
      vertex 8.06065 37.5607 0
      vertex 7.91315 37.69 2.5
      vertex 8.06065 37.5607 2.5
    endloop
  endfacet
  facet normal 0.65919 0.751976 0
    outer loop
      vertex 7.91315 37.69 2.5
      vertex 8.06065 37.5607 0
      vertex 7.91315 37.69 0
    endloop
  endfacet
  facet normal 0.751996 0.659168 0
    outer loop
      vertex 8.19003 37.4131 2.5
      vertex 8.06065 37.5607 0
      vertex 8.06065 37.5607 2.5
    endloop
  endfacet
  facet normal 0.751996 0.659168 0
    outer loop
      vertex 8.06065 37.5607 0
      vertex 8.19003 37.4131 2.5
      vertex 8.19003 37.4131 0
    endloop
  endfacet
  facet normal -0.946947 -0.321391 0
    outer loop
      vertex -3.88582 26.926 0
      vertex -3.94888 27.1118 2.5
      vertex -3.94888 27.1118 0
    endloop
  endfacet
  facet normal -0.946947 -0.321391 0
    outer loop
      vertex -3.94888 27.1118 2.5
      vertex -3.88582 26.926 0
      vertex -3.88582 26.926 2.5
    endloop
  endfacet
  facet normal 0.8969 0.442233 0
    outer loop
      vertex 8.38582 37.074 2.5
      vertex 8.29904 37.25 0
      vertex 8.29904 37.25 2.5
    endloop
  endfacet
  facet normal 0.8969 0.442233 0
    outer loop
      vertex 8.29904 37.25 0
      vertex 8.38582 37.074 2.5
      vertex 8.38582 37.074 0
    endloop
  endfacet
  facet normal 0.99786 0.0653858 0
    outer loop
      vertex 8.5 36.5 2.5
      vertex 8.48717 36.6958 0
      vertex 8.48717 36.6958 2.5
    endloop
  endfacet
  facet normal 0.99786 0.0653858 0
    outer loop
      vertex 8.48717 36.6958 0
      vertex 8.5 36.5 2.5
      vertex 8.5 36.5 0
    endloop
  endfacet
  facet normal 0.946947 0.321391 0
    outer loop
      vertex 8.44888 36.8882 2.5
      vertex 8.38582 37.074 0
      vertex 8.38582 37.074 2.5
    endloop
  endfacet
  facet normal 0.946947 0.321391 0
    outer loop
      vertex 8.38582 37.074 0
      vertex 8.44888 36.8882 2.5
      vertex 8.44888 36.8882 0
    endloop
  endfacet
  facet normal 0.980766 -0.195185 0
    outer loop
      vertex 8.44888 27.1118 2.5
      vertex 8.48717 27.3042 0
      vertex 8.48717 27.3042 2.5
    endloop
  endfacet
  facet normal 0.980766 -0.195185 0
    outer loop
      vertex 8.48717 27.3042 0
      vertex 8.44888 27.1118 2.5
      vertex 8.44888 27.1118 0
    endloop
  endfacet
  facet normal 0.751996 -0.659168 0
    outer loop
      vertex 8.06065 26.4393 2.5
      vertex 8.19003 26.5869 0
      vertex 8.19003 26.5869 2.5
    endloop
  endfacet
  facet normal 0.751996 -0.659168 0
    outer loop
      vertex 8.19003 26.5869 0
      vertex 8.06065 26.4393 2.5
      vertex 8.06065 26.4393 0
    endloop
  endfacet
  facet normal 0.65919 -0.751976 0
    outer loop
      vertex 7.91315 26.31 0
      vertex 8.06065 26.4393 2.5
      vertex 7.91315 26.31 2.5
    endloop
  endfacet
  facet normal 0.65919 -0.751976 0
    outer loop
      vertex 8.06065 26.4393 2.5
      vertex 7.91315 26.31 0
      vertex 8.06065 26.4393 0
    endloop
  endfacet
  facet normal -0.751996 0.659168 0
    outer loop
      vertex -3.69003 37.4131 0
      vertex -3.56065 37.5607 2.5
      vertex -3.56065 37.5607 0
    endloop
  endfacet
  facet normal -0.751996 0.659168 0
    outer loop
      vertex -3.56065 37.5607 2.5
      vertex -3.69003 37.4131 0
      vertex -3.69003 37.4131 2.5
    endloop
  endfacet
  facet normal -0.65919 0.751976 0
    outer loop
      vertex -3.41315 37.69 0
      vertex -3.56065 37.5607 2.5
      vertex -3.41315 37.69 2.5
    endloop
  endfacet
  facet normal -0.65919 0.751976 0
    outer loop
      vertex -3.56065 37.5607 2.5
      vertex -3.41315 37.69 0
      vertex -3.56065 37.5607 0
    endloop
  endfacet
  facet normal -0.321589 0.946879 0
    outer loop
      vertex -2.88823 37.9489 0
      vertex -3.07402 37.8858 2.5
      vertex -2.88823 37.9489 2.5
    endloop
  endfacet
  facet normal -0.321589 0.946879 0
    outer loop
      vertex -3.07402 37.8858 2.5
      vertex -2.88823 37.9489 0
      vertex -3.07402 37.8858 0
    endloop
  endfacet
  facet normal -0.195195 0.980764 0
    outer loop
      vertex -2.69579 37.9872 0
      vertex -2.88823 37.9489 2.5
      vertex -2.69579 37.9872 2.5
    endloop
  endfacet
  facet normal -0.195195 0.980764 0
    outer loop
      vertex -2.88823 37.9489 2.5
      vertex -2.69579 37.9872 0
      vertex -2.88823 37.9489 0
    endloop
  endfacet
  facet normal 0.980766 0.195185 0
    outer loop
      vertex 8.48717 36.6958 2.5
      vertex 8.44888 36.8882 0
      vertex 8.44888 36.8882 2.5
    endloop
  endfacet
  facet normal 0.980766 0.195185 0
    outer loop
      vertex 8.44888 36.8882 0
      vertex 8.48717 36.6958 2.5
      vertex 8.48717 36.6958 0
    endloop
  endfacet
  facet normal 0.8969 -0.442233 0
    outer loop
      vertex 8.29904 26.75 2.5
      vertex 8.38582 26.926 0
      vertex 8.38582 26.926 2.5
    endloop
  endfacet
  facet normal 0.8969 -0.442233 0
    outer loop
      vertex 8.38582 26.926 0
      vertex 8.29904 26.75 2.5
      vertex 8.29904 26.75 0
    endloop
  endfacet
  facet normal 0.831399 -0.555676 0
    outer loop
      vertex 8.19003 26.5869 2.5
      vertex 8.29904 26.75 0
      vertex 8.29904 26.75 2.5
    endloop
  endfacet
  facet normal 0.831399 -0.555676 0
    outer loop
      vertex 8.29904 26.75 0
      vertex 8.19003 26.5869 2.5
      vertex 8.19003 26.5869 0
    endloop
  endfacet
  facet normal 0.946947 -0.321391 0
    outer loop
      vertex 8.38582 26.926 2.5
      vertex 8.44888 27.1118 0
      vertex 8.44888 27.1118 2.5
    endloop
  endfacet
  facet normal 0.946947 -0.321391 0
    outer loop
      vertex 8.44888 27.1118 0
      vertex 8.38582 26.926 2.5
      vertex 8.38582 26.926 0
    endloop
  endfacet
  facet normal 0.442355 -0.89684 0
    outer loop
      vertex 7.57402 26.1142 0
      vertex 7.75 26.201 2.5
      vertex 7.57402 26.1142 2.5
    endloop
  endfacet
  facet normal 0.442355 -0.89684 0
    outer loop
      vertex 7.75 26.201 2.5
      vertex 7.57402 26.1142 0
      vertex 7.75 26.201 0
    endloop
  endfacet
  facet normal 0.321589 -0.946879 0
    outer loop
      vertex 7.38823 26.0511 0
      vertex 7.57402 26.1142 2.5
      vertex 7.38823 26.0511 2.5
    endloop
  endfacet
  facet normal 0.321589 -0.946879 0
    outer loop
      vertex 7.57402 26.1142 2.5
      vertex 7.38823 26.0511 0
      vertex 7.57402 26.1142 0
    endloop
  endfacet
  facet normal -0.99786 -0.0653848 0
    outer loop
      vertex 1.7 32 0
      vertex 1.68546 32.2219 2.5
      vertex 1.68546 32.2219 0
    endloop
  endfacet
  facet normal -0.99786 -0.0653848 0
    outer loop
      vertex 1.68546 32.2219 2.5
      vertex 1.7 32 0
      vertex 1.7 32 2.5
    endloop
  endfacet
  facet normal 0.99786 -0.0653848 0
    outer loop
      vertex -1.7 32 2.5
      vertex -1.68546 32.2219 0
      vertex -1.68546 32.2219 2.5
    endloop
  endfacet
  facet normal 0.99786 -0.0653848 0
    outer loop
      vertex -1.68546 32.2219 0
      vertex -1.7 32 2.5
      vertex -1.7 32 0
    endloop
  endfacet
  facet normal -0.0652074 -0.997872 0
    outer loop
      vertex 0 33.7 0
      vertex 0.221894 33.6855 2.5
      vertex 0 33.7 2.5
    endloop
  endfacet
  facet normal -0.0652074 -0.997872 -0
    outer loop
      vertex 0.221894 33.6855 2.5
      vertex 0 33.7 0
      vertex 0.221894 33.6855 0
    endloop
  endfacet
  facet normal 0.0652074 0.997872 -0
    outer loop
      vertex 0 30.3 0
      vertex -0.221894 30.3145 2.5
      vertex 0 30.3 2.5
    endloop
  endfacet
  facet normal 0.0652074 0.997872 0
    outer loop
      vertex -0.221894 30.3145 2.5
      vertex 0 30.3 0
      vertex -0.221894 30.3145 0
    endloop
  endfacet
  facet normal -0.659291 -0.751888 0
    outer loop
      vertex 1.03489 33.3487 0
      vertex 1.20208 33.2021 2.5
      vertex 1.03489 33.3487 2.5
    endloop
  endfacet
  facet normal -0.659291 -0.751888 -0
    outer loop
      vertex 1.20208 33.2021 2.5
      vertex 1.03489 33.3487 0
      vertex 1.20208 33.2021 0
    endloop
  endfacet
  facet normal 0.659291 -0.751888 0
    outer loop
      vertex -1.20208 33.2021 0
      vertex -1.03489 33.3487 2.5
      vertex -1.20208 33.2021 2.5
    endloop
  endfacet
  facet normal 0.659291 -0.751888 0
    outer loop
      vertex -1.03489 33.3487 2.5
      vertex -1.20208 33.2021 0
      vertex -1.03489 33.3487 0
    endloop
  endfacet
  facet normal 0.321526 -0.946901 0
    outer loop
      vertex -0.650561 33.5706 0
      vertex -0.439992 33.6421 2.5
      vertex -0.650561 33.5706 2.5
    endloop
  endfacet
  facet normal 0.321526 -0.946901 0
    outer loop
      vertex -0.439992 33.6421 2.5
      vertex -0.650561 33.5706 0
      vertex -0.439992 33.6421 0
    endloop
  endfacet
  facet normal -0.896843 -0.442349 0
    outer loop
      vertex 1.57059 32.6506 0
      vertex 1.47224 32.85 2.5
      vertex 1.47224 32.85 0
    endloop
  endfacet
  facet normal -0.896843 -0.442349 0
    outer loop
      vertex 1.47224 32.85 2.5
      vertex 1.57059 32.6506 0
      vertex 1.57059 32.6506 2.5
    endloop
  endfacet
  facet normal -0.980779 -0.195122 0
    outer loop
      vertex 1.68546 32.2219 0
      vertex 1.64207 32.44 2.5
      vertex 1.64207 32.44 0
    endloop
  endfacet
  facet normal -0.980779 -0.195122 0
    outer loop
      vertex 1.64207 32.44 2.5
      vertex 1.68546 32.2219 0
      vertex 1.68546 32.2219 2.5
    endloop
  endfacet
  facet normal -0.831483 -0.555551 0
    outer loop
      vertex 1.47224 32.85 0
      vertex 1.3487 33.0349 2.5
      vertex 1.3487 33.0349 0
    endloop
  endfacet
  facet normal -0.831483 -0.555551 0
    outer loop
      vertex 1.3487 33.0349 2.5
      vertex 1.47224 32.85 0
      vertex 1.47224 32.85 2.5
    endloop
  endfacet
  facet normal -0.321526 -0.946901 0
    outer loop
      vertex 0.439992 33.6421 0
      vertex 0.650561 33.5706 2.5
      vertex 0.439992 33.6421 2.5
    endloop
  endfacet
  facet normal -0.321526 -0.946901 -0
    outer loop
      vertex 0.650561 33.5706 2.5
      vertex 0.439992 33.6421 0
      vertex 0.650561 33.5706 0
    endloop
  endfacet
  facet normal -0.195167 -0.98077 0
    outer loop
      vertex 0.221894 33.6855 0
      vertex 0.439992 33.6421 2.5
      vertex 0.221894 33.6855 2.5
    endloop
  endfacet
  facet normal -0.195167 -0.98077 -0
    outer loop
      vertex 0.439992 33.6421 2.5
      vertex 0.221894 33.6855 0
      vertex 0.439992 33.6421 0
    endloop
  endfacet
  facet normal -0.442463 -0.896787 0
    outer loop
      vertex 0.650561 33.5706 0
      vertex 0.849999 33.4722 2.5
      vertex 0.650561 33.5706 2.5
    endloop
  endfacet
  facet normal -0.442463 -0.896787 -0
    outer loop
      vertex 0.849999 33.4722 2.5
      vertex 0.650561 33.5706 0
      vertex 0.849999 33.4722 0
    endloop
  endfacet
  facet normal 0.831483 -0.555551 0
    outer loop
      vertex -1.47224 32.85 2.5
      vertex -1.3487 33.0349 0
      vertex -1.3487 33.0349 2.5
    endloop
  endfacet
  facet normal 0.831483 -0.555551 0
    outer loop
      vertex -1.3487 33.0349 0
      vertex -1.47224 32.85 2.5
      vertex -1.47224 32.85 0
    endloop
  endfacet
  facet normal 0.751863 -0.659319 0
    outer loop
      vertex -1.3487 33.0349 2.5
      vertex -1.20208 33.2021 0
      vertex -1.20208 33.2021 2.5
    endloop
  endfacet
  facet normal 0.751863 -0.659319 0
    outer loop
      vertex -1.20208 33.2021 0
      vertex -1.3487 33.0349 2.5
      vertex -1.3487 33.0349 0
    endloop
  endfacet
  facet normal 0.946943 -0.321403 0
    outer loop
      vertex -1.64207 32.44 2.5
      vertex -1.57059 32.6506 0
      vertex -1.57059 32.6506 2.5
    endloop
  endfacet
  facet normal 0.946943 -0.321403 0
    outer loop
      vertex -1.57059 32.6506 0
      vertex -1.64207 32.44 2.5
      vertex -1.64207 32.44 0
    endloop
  endfacet
  facet normal 0.555445 -0.831553 0
    outer loop
      vertex -1.03489 33.3487 0
      vertex -0.849999 33.4722 2.5
      vertex -1.03489 33.3487 2.5
    endloop
  endfacet
  facet normal 0.555445 -0.831553 0
    outer loop
      vertex -0.849999 33.4722 2.5
      vertex -1.03489 33.3487 0
      vertex -0.849999 33.4722 0
    endloop
  endfacet
  facet normal 0.195167 -0.98077 0
    outer loop
      vertex -0.439992 33.6421 0
      vertex -0.221894 33.6855 2.5
      vertex -0.439992 33.6421 2.5
    endloop
  endfacet
  facet normal 0.195167 -0.98077 0
    outer loop
      vertex -0.221894 33.6855 2.5
      vertex -0.439992 33.6421 0
      vertex -0.221894 33.6855 0
    endloop
  endfacet
  facet normal -0.751863 0.659319 0
    outer loop
      vertex 1.20208 30.7979 0
      vertex 1.3487 30.9651 2.5
      vertex 1.3487 30.9651 0
    endloop
  endfacet
  facet normal -0.751863 0.659319 0
    outer loop
      vertex 1.3487 30.9651 2.5
      vertex 1.20208 30.7979 0
      vertex 1.20208 30.7979 2.5
    endloop
  endfacet
  facet normal -0.980779 0.195122 0
    outer loop
      vertex 1.64207 31.56 0
      vertex 1.68546 31.7781 2.5
      vertex 1.68546 31.7781 0
    endloop
  endfacet
  facet normal -0.980779 0.195122 0
    outer loop
      vertex 1.68546 31.7781 2.5
      vertex 1.64207 31.56 0
      vertex 1.64207 31.56 2.5
    endloop
  endfacet
  facet normal 0.442463 0.896787 -0
    outer loop
      vertex -0.650561 30.4294 0
      vertex -0.849999 30.5278 2.5
      vertex -0.650561 30.4294 2.5
    endloop
  endfacet
  facet normal 0.442463 0.896787 0
    outer loop
      vertex -0.849999 30.5278 2.5
      vertex -0.650561 30.4294 0
      vertex -0.849999 30.5278 0
    endloop
  endfacet
  facet normal 0.659291 0.751888 -0
    outer loop
      vertex -1.03489 30.6513 0
      vertex -1.20208 30.7979 2.5
      vertex -1.03489 30.6513 2.5
    endloop
  endfacet
  facet normal 0.659291 0.751888 0
    outer loop
      vertex -1.20208 30.7979 2.5
      vertex -1.03489 30.6513 0
      vertex -1.20208 30.7979 0
    endloop
  endfacet
  facet normal 0.321526 0.946901 -0
    outer loop
      vertex -0.439992 30.3579 0
      vertex -0.650561 30.4294 2.5
      vertex -0.439992 30.3579 2.5
    endloop
  endfacet
  facet normal 0.321526 0.946901 0
    outer loop
      vertex -0.650561 30.4294 2.5
      vertex -0.439992 30.3579 0
      vertex -0.650561 30.4294 0
    endloop
  endfacet
  facet normal 0.751863 0.659319 0
    outer loop
      vertex -1.20208 30.7979 2.5
      vertex -1.3487 30.9651 0
      vertex -1.3487 30.9651 2.5
    endloop
  endfacet
  facet normal 0.751863 0.659319 0
    outer loop
      vertex -1.3487 30.9651 0
      vertex -1.20208 30.7979 2.5
      vertex -1.20208 30.7979 0
    endloop
  endfacet
  facet normal -0.946943 -0.321403 0
    outer loop
      vertex 1.64207 32.44 0
      vertex 1.57059 32.6506 2.5
      vertex 1.57059 32.6506 0
    endloop
  endfacet
  facet normal -0.946943 -0.321403 0
    outer loop
      vertex 1.57059 32.6506 2.5
      vertex 1.64207 32.44 0
      vertex 1.64207 32.44 2.5
    endloop
  endfacet
  facet normal -0.555445 -0.831553 0
    outer loop
      vertex 0.849999 33.4722 0
      vertex 1.03489 33.3487 2.5
      vertex 0.849999 33.4722 2.5
    endloop
  endfacet
  facet normal -0.555445 -0.831553 -0
    outer loop
      vertex 1.03489 33.3487 2.5
      vertex 0.849999 33.4722 0
      vertex 1.03489 33.3487 0
    endloop
  endfacet
  facet normal 0.896843 -0.442349 0
    outer loop
      vertex -1.57059 32.6506 2.5
      vertex -1.47224 32.85 0
      vertex -1.47224 32.85 2.5
    endloop
  endfacet
  facet normal 0.896843 -0.442349 0
    outer loop
      vertex -1.47224 32.85 0
      vertex -1.57059 32.6506 2.5
      vertex -1.57059 32.6506 0
    endloop
  endfacet
  facet normal 0.980779 -0.195122 0
    outer loop
      vertex -1.68546 32.2219 2.5
      vertex -1.64207 32.44 0
      vertex -1.64207 32.44 2.5
    endloop
  endfacet
  facet normal 0.980779 -0.195122 0
    outer loop
      vertex -1.64207 32.44 0
      vertex -1.68546 32.2219 2.5
      vertex -1.68546 32.2219 0
    endloop
  endfacet
  facet normal 0.0652074 -0.997872 0
    outer loop
      vertex -0.221894 33.6855 0
      vertex 0 33.7 2.5
      vertex -0.221894 33.6855 2.5
    endloop
  endfacet
  facet normal 0.0652074 -0.997872 0
    outer loop
      vertex 0 33.7 2.5
      vertex -0.221894 33.6855 0
      vertex 0 33.7 0
    endloop
  endfacet
  facet normal -0.99786 0.0653848 0
    outer loop
      vertex 1.68546 31.7781 0
      vertex 1.7 32 2.5
      vertex 1.7 32 0
    endloop
  endfacet
  facet normal -0.99786 0.0653848 0
    outer loop
      vertex 1.7 32 2.5
      vertex 1.68546 31.7781 0
      vertex 1.68546 31.7781 2.5
    endloop
  endfacet
  facet normal -0.0652074 0.997872 0
    outer loop
      vertex 0.221894 30.3145 0
      vertex 0 30.3 2.5
      vertex 0.221894 30.3145 2.5
    endloop
  endfacet
  facet normal -0.0652074 0.997872 0
    outer loop
      vertex 0 30.3 2.5
      vertex 0.221894 30.3145 0
      vertex 0 30.3 0
    endloop
  endfacet
  facet normal -0.321526 0.946901 0
    outer loop
      vertex 0.650561 30.4294 0
      vertex 0.439992 30.3579 2.5
      vertex 0.650561 30.4294 2.5
    endloop
  endfacet
  facet normal -0.321526 0.946901 0
    outer loop
      vertex 0.439992 30.3579 2.5
      vertex 0.650561 30.4294 0
      vertex 0.439992 30.3579 0
    endloop
  endfacet
  facet normal -0.442463 0.896787 0
    outer loop
      vertex 0.849999 30.5278 0
      vertex 0.650561 30.4294 2.5
      vertex 0.849999 30.5278 2.5
    endloop
  endfacet
  facet normal -0.442463 0.896787 0
    outer loop
      vertex 0.650561 30.4294 2.5
      vertex 0.849999 30.5278 0
      vertex 0.650561 30.4294 0
    endloop
  endfacet
  facet normal -0.659291 0.751888 0
    outer loop
      vertex 1.20208 30.7979 0
      vertex 1.03489 30.6513 2.5
      vertex 1.20208 30.7979 2.5
    endloop
  endfacet
  facet normal -0.659291 0.751888 0
    outer loop
      vertex 1.03489 30.6513 2.5
      vertex 1.20208 30.7979 0
      vertex 1.03489 30.6513 0
    endloop
  endfacet
  facet normal -0.555445 0.831553 0
    outer loop
      vertex 1.03489 30.6513 0
      vertex 0.849999 30.5278 2.5
      vertex 1.03489 30.6513 2.5
    endloop
  endfacet
  facet normal -0.555445 0.831553 0
    outer loop
      vertex 0.849999 30.5278 2.5
      vertex 1.03489 30.6513 0
      vertex 0.849999 30.5278 0
    endloop
  endfacet
  facet normal -0.946943 0.321403 0
    outer loop
      vertex 1.57059 31.3494 0
      vertex 1.64207 31.56 2.5
      vertex 1.64207 31.56 0
    endloop
  endfacet
  facet normal -0.946943 0.321403 0
    outer loop
      vertex 1.64207 31.56 2.5
      vertex 1.57059 31.3494 0
      vertex 1.57059 31.3494 2.5
    endloop
  endfacet
  facet normal -0.831483 0.555551 0
    outer loop
      vertex 1.3487 30.9651 0
      vertex 1.47224 31.15 2.5
      vertex 1.47224 31.15 0
    endloop
  endfacet
  facet normal -0.831483 0.555551 0
    outer loop
      vertex 1.47224 31.15 2.5
      vertex 1.3487 30.9651 0
      vertex 1.3487 30.9651 2.5
    endloop
  endfacet
  facet normal -0.896843 0.442349 0
    outer loop
      vertex 1.47224 31.15 0
      vertex 1.57059 31.3494 2.5
      vertex 1.57059 31.3494 0
    endloop
  endfacet
  facet normal -0.896843 0.442349 0
    outer loop
      vertex 1.57059 31.3494 2.5
      vertex 1.47224 31.15 0
      vertex 1.47224 31.15 2.5
    endloop
  endfacet
  facet normal 0.555445 0.831553 -0
    outer loop
      vertex -0.849999 30.5278 0
      vertex -1.03489 30.6513 2.5
      vertex -0.849999 30.5278 2.5
    endloop
  endfacet
  facet normal 0.555445 0.831553 0
    outer loop
      vertex -1.03489 30.6513 2.5
      vertex -0.849999 30.5278 0
      vertex -1.03489 30.6513 0
    endloop
  endfacet
  facet normal 0.195167 0.98077 -0
    outer loop
      vertex -0.221894 30.3145 0
      vertex -0.439992 30.3579 2.5
      vertex -0.221894 30.3145 2.5
    endloop
  endfacet
  facet normal 0.195167 0.98077 0
    outer loop
      vertex -0.439992 30.3579 2.5
      vertex -0.221894 30.3145 0
      vertex -0.439992 30.3579 0
    endloop
  endfacet
  facet normal 0.896843 0.442349 0
    outer loop
      vertex -1.47224 31.15 2.5
      vertex -1.57059 31.3494 0
      vertex -1.57059 31.3494 2.5
    endloop
  endfacet
  facet normal 0.896843 0.442349 0
    outer loop
      vertex -1.57059 31.3494 0
      vertex -1.47224 31.15 2.5
      vertex -1.47224 31.15 0
    endloop
  endfacet
  facet normal 0.946943 0.321403 0
    outer loop
      vertex -1.57059 31.3494 2.5
      vertex -1.64207 31.56 0
      vertex -1.64207 31.56 2.5
    endloop
  endfacet
  facet normal 0.946943 0.321403 0
    outer loop
      vertex -1.64207 31.56 0
      vertex -1.57059 31.3494 2.5
      vertex -1.57059 31.3494 0
    endloop
  endfacet
  facet normal 0.99786 0.0653848 0
    outer loop
      vertex -1.68546 31.7781 2.5
      vertex -1.7 32 0
      vertex -1.7 32 2.5
    endloop
  endfacet
  facet normal 0.99786 0.0653848 0
    outer loop
      vertex -1.7 32 0
      vertex -1.68546 31.7781 2.5
      vertex -1.68546 31.7781 0
    endloop
  endfacet
  facet normal -0.751863 -0.659319 0
    outer loop
      vertex 1.3487 33.0349 0
      vertex 1.20208 33.2021 2.5
      vertex 1.20208 33.2021 0
    endloop
  endfacet
  facet normal -0.751863 -0.659319 0
    outer loop
      vertex 1.20208 33.2021 2.5
      vertex 1.3487 33.0349 0
      vertex 1.3487 33.0349 2.5
    endloop
  endfacet
  facet normal 0.442463 -0.896787 0
    outer loop
      vertex -0.849999 33.4722 0
      vertex -0.650561 33.5706 2.5
      vertex -0.849999 33.4722 2.5
    endloop
  endfacet
  facet normal 0.442463 -0.896787 0
    outer loop
      vertex -0.650561 33.5706 2.5
      vertex -0.849999 33.4722 0
      vertex -0.650561 33.5706 0
    endloop
  endfacet
  facet normal -0.195167 0.98077 0
    outer loop
      vertex 0.439992 30.3579 0
      vertex 0.221894 30.3145 2.5
      vertex 0.439992 30.3579 2.5
    endloop
  endfacet
  facet normal -0.195167 0.98077 0
    outer loop
      vertex 0.221894 30.3145 2.5
      vertex 0.439992 30.3579 0
      vertex 0.221894 30.3145 0
    endloop
  endfacet
  facet normal 0.831483 0.555551 0
    outer loop
      vertex -1.3487 30.9651 2.5
      vertex -1.47224 31.15 0
      vertex -1.47224 31.15 2.5
    endloop
  endfacet
  facet normal 0.831483 0.555551 0
    outer loop
      vertex -1.47224 31.15 0
      vertex -1.3487 30.9651 2.5
      vertex -1.3487 30.9651 0
    endloop
  endfacet
  facet normal 0.980779 0.195122 0
    outer loop
      vertex -1.64207 31.56 2.5
      vertex -1.68546 31.7781 0
      vertex -1.68546 31.7781 2.5
    endloop
  endfacet
  facet normal 0.980779 0.195122 0
    outer loop
      vertex -1.68546 31.7781 0
      vertex -1.64207 31.56 2.5
      vertex -1.64207 31.56 0
    endloop
  endfacet
  facet normal 0 -1 0
    outer loop
      vertex -2.5 42 0
      vertex 7 42 2.5
      vertex -2.5 42 2.5
    endloop
  endfacet
  facet normal 0 -1 -0
    outer loop
      vertex 7 42 2.5
      vertex -2.5 42 0
      vertex 7 42 0
    endloop
  endfacet
  facet normal 0.0652369 -0.99787 0
    outer loop
      vertex 7 42 0
      vertex 7.19579 42.0128 2.5
      vertex 7 42 2.5
    endloop
  endfacet
  facet normal 0.0652369 -0.99787 0
    outer loop
      vertex 7.19579 42.0128 2.5
      vertex 7 42 0
      vertex 7.19579 42.0128 0
    endloop
  endfacet
  facet normal 0.195195 -0.980764 0
    outer loop
      vertex 7.19579 42.0128 0
      vertex 7.38823 42.0511 2.5
      vertex 7.19579 42.0128 2.5
    endloop
  endfacet
  facet normal 0.195195 -0.980764 0
    outer loop
      vertex 7.38823 42.0511 2.5
      vertex 7.19579 42.0128 0
      vertex 7.38823 42.0511 0
    endloop
  endfacet
  facet normal -0.0652369 0.99787 0
    outer loop
      vertex -2.5 54 0
      vertex -2.69579 53.9872 2.5
      vertex -2.5 54 2.5
    endloop
  endfacet
  facet normal -0.0652369 0.99787 0
    outer loop
      vertex -2.69579 53.9872 2.5
      vertex -2.5 54 0
      vertex -2.69579 53.9872 0
    endloop
  endfacet
  facet normal 0.0652369 0.99787 -0
    outer loop
      vertex 7.19579 53.9872 0
      vertex 7 54 2.5
      vertex 7.19579 53.9872 2.5
    endloop
  endfacet
  facet normal 0.0652369 0.99787 0
    outer loop
      vertex 7 54 2.5
      vertex 7.19579 53.9872 0
      vertex 7 54 0
    endloop
  endfacet
  facet normal -0.831399 0.555676 0
    outer loop
      vertex -3.79904 53.25 0
      vertex -3.69003 53.4131 2.5
      vertex -3.69003 53.4131 0
    endloop
  endfacet
  facet normal -0.831399 0.555676 0
    outer loop
      vertex -3.69003 53.4131 2.5
      vertex -3.79904 53.25 0
      vertex -3.79904 53.25 2.5
    endloop
  endfacet
  facet normal 0 1 -0
    outer loop
      vertex 7 54 0
      vertex -2.5 54 2.5
      vertex 7 54 2.5
    endloop
  endfacet
  facet normal 0 1 0
    outer loop
      vertex -2.5 54 2.5
      vertex 7 54 0
      vertex -2.5 54 0
    endloop
  endfacet
  facet normal -0.442355 0.89684 0
    outer loop
      vertex -3.07402 53.8858 0
      vertex -3.25 53.799 2.5
      vertex -3.07402 53.8858 2.5
    endloop
  endfacet
  facet normal -0.442355 0.89684 0
    outer loop
      vertex -3.25 53.799 2.5
      vertex -3.07402 53.8858 0
      vertex -3.25 53.799 0
    endloop
  endfacet
  facet normal 0 0 1
    outer loop
      vertex 7 54 2.5
      vertex 8.5 52.5 2.5
      vertex 8.48717 52.6958 2.5
    endloop
  endfacet
  facet normal 0 0 1
    outer loop
      vertex 8.5 52.5 2.5
      vertex 1.7 48 2.5
      vertex 8.5 43.5 2.5
    endloop
  endfacet
  facet normal 0 0 1
    outer loop
      vertex 7 54 2.5
      vertex 8.48717 52.6958 2.5
      vertex 8.44888 52.8882 2.5
    endloop
  endfacet
  facet normal -0 0 1
    outer loop
      vertex 1.68546 47.7781 2.5
      vertex 8.5 43.5 2.5
      vertex 1.7 48 2.5
    endloop
  endfacet
  facet normal 0 0 1
    outer loop
      vertex 7 54 2.5
      vertex 8.44888 52.8882 2.5
      vertex 8.38582 53.074 2.5
    endloop
  endfacet
  facet normal -0 0 1
    outer loop
      vertex 1.64207 47.56 2.5
      vertex 8.5 43.5 2.5
      vertex 1.68546 47.7781 2.5
    endloop
  endfacet
  facet normal 0 0 1
    outer loop
      vertex 7 54 2.5
      vertex 8.38582 53.074 2.5
      vertex 8.29904 53.25 2.5
    endloop
  endfacet
  facet normal -0 0 1
    outer loop
      vertex 1.57059 47.3494 2.5
      vertex 8.5 43.5 2.5
      vertex 1.64207 47.56 2.5
    endloop
  endfacet
  facet normal 0 0 1
    outer loop
      vertex 7 54 2.5
      vertex 8.29904 53.25 2.5
      vertex 8.19003 53.4131 2.5
    endloop
  endfacet
  facet normal -0 0 1
    outer loop
      vertex 1.47224 47.15 2.5
      vertex 8.5 43.5 2.5
      vertex 1.57059 47.3494 2.5
    endloop
  endfacet
  facet normal 0 0 1
    outer loop
      vertex 7 54 2.5
      vertex 8.19003 53.4131 2.5
      vertex 8.06065 53.5607 2.5
    endloop
  endfacet
  facet normal 0 0 1
    outer loop
      vertex 8.5 43.5 2.5
      vertex 7 42 2.5
      vertex 8.48717 43.3042 2.5
    endloop
  endfacet
  facet normal 0 0 1
    outer loop
      vertex 7 54 2.5
      vertex 8.06065 53.5607 2.5
      vertex 7.91315 53.69 2.5
    endloop
  endfacet
  facet normal 0 0 1
    outer loop
      vertex 8.48717 43.3042 2.5
      vertex 7 42 2.5
      vertex 8.44888 43.1118 2.5
    endloop
  endfacet
  facet normal 0 0 1
    outer loop
      vertex 7 54 2.5
      vertex 7.91315 53.69 2.5
      vertex 7.75 53.799 2.5
    endloop
  endfacet
  facet normal 0 0 1
    outer loop
      vertex 8.44888 43.1118 2.5
      vertex 7 42 2.5
      vertex 8.38582 42.926 2.5
    endloop
  endfacet
  facet normal 0 0 1
    outer loop
      vertex 7 54 2.5
      vertex 7.75 53.799 2.5
      vertex 7.57402 53.8858 2.5
    endloop
  endfacet
  facet normal 0 0 1
    outer loop
      vertex 8.29904 42.75 2.5
      vertex 7 42 2.5
      vertex 8.19003 42.5869 2.5
    endloop
  endfacet
  facet normal 0 0 1
    outer loop
      vertex 7 54 2.5
      vertex 7.57402 53.8858 2.5
      vertex 7.38823 53.9489 2.5
    endloop
  endfacet
  facet normal 0 0 1
    outer loop
      vertex 8.19003 42.5869 2.5
      vertex 7 42 2.5
      vertex 8.06065 42.4393 2.5
    endloop
  endfacet
  facet normal 0 0 1
    outer loop
      vertex 7 54 2.5
      vertex 7.38823 53.9489 2.5
      vertex 7.19579 53.9872 2.5
    endloop
  endfacet
  facet normal 0 0 1
    outer loop
      vertex 8.06065 42.4393 2.5
      vertex 7 42 2.5
      vertex 7.91315 42.31 2.5
    endloop
  endfacet
  facet normal 0 0 1
    outer loop
      vertex 1.47224 48.85 2.5
      vertex 8.5 52.5 2.5
      vertex 7 54 2.5
    endloop
  endfacet
  facet normal 0 0 1
    outer loop
      vertex 7.75 42.201 2.5
      vertex 7 42 2.5
      vertex 7.57402 42.1142 2.5
    endloop
  endfacet
  facet normal 0 0 1
    outer loop
      vertex 7.57402 42.1142 2.5
      vertex 7 42 2.5
      vertex 7.38823 42.0511 2.5
    endloop
  endfacet
  facet normal 0 0 1
    outer loop
      vertex 8.5 52.5 2.5
      vertex 1.68546 48.2219 2.5
      vertex 1.7 48 2.5
    endloop
  endfacet
  facet normal 0 0 1
    outer loop
      vertex 8.5 52.5 2.5
      vertex 1.64207 48.44 2.5
      vertex 1.68546 48.2219 2.5
    endloop
  endfacet
  facet normal 0 0 1
    outer loop
      vertex 8.5 52.5 2.5
      vertex 1.57059 48.6506 2.5
      vertex 1.64207 48.44 2.5
    endloop
  endfacet
  facet normal 0 0 1
    outer loop
      vertex 8.5 52.5 2.5
      vertex 1.47224 48.85 2.5
      vertex 1.57059 48.6506 2.5
    endloop
  endfacet
  facet normal 0 0 1
    outer loop
      vertex 7 54 2.5
      vertex 1.3487 49.0349 2.5
      vertex 1.47224 48.85 2.5
    endloop
  endfacet
  facet normal 0 0 1
    outer loop
      vertex 7 54 2.5
      vertex 1.20208 49.2021 2.5
      vertex 1.3487 49.0349 2.5
    endloop
  endfacet
  facet normal 0 0 1
    outer loop
      vertex 7 54 2.5
      vertex 1.03489 49.3487 2.5
      vertex 1.20208 49.2021 2.5
    endloop
  endfacet
  facet normal 0 0 1
    outer loop
      vertex 7 54 2.5
      vertex 0.849999 49.4722 2.5
      vertex 1.03489 49.3487 2.5
    endloop
  endfacet
  facet normal 0 0 1
    outer loop
      vertex 7 54 2.5
      vertex 0.650561 49.5706 2.5
      vertex 0.849999 49.4722 2.5
    endloop
  endfacet
  facet normal -0 0 1
    outer loop
      vertex -2.5 54 2.5
      vertex 0.650561 49.5706 2.5
      vertex 7 54 2.5
    endloop
  endfacet
  facet normal 0 0 1
    outer loop
      vertex 0.650561 49.5706 2.5
      vertex -2.5 54 2.5
      vertex 0.439992 49.6421 2.5
    endloop
  endfacet
  facet normal 0 0 1
    outer loop
      vertex 0.439992 49.6421 2.5
      vertex -2.5 54 2.5
      vertex 0.221894 49.6855 2.5
    endloop
  endfacet
  facet normal 0 0 1
    outer loop
      vertex 0.221894 49.6855 2.5
      vertex -2.5 54 2.5
      vertex 0 49.7 2.5
    endloop
  endfacet
  facet normal 0 0 1
    outer loop
      vertex 0 49.7 2.5
      vertex -2.5 54 2.5
      vertex -0.221894 49.6855 2.5
    endloop
  endfacet
  facet normal 0 0 1
    outer loop
      vertex -0.221894 49.6855 2.5
      vertex -2.5 54 2.5
      vertex -0.439992 49.6421 2.5
    endloop
  endfacet
  facet normal 0 0 1
    outer loop
      vertex -0.439992 49.6421 2.5
      vertex -2.5 54 2.5
      vertex -0.650561 49.5706 2.5
    endloop
  endfacet
  facet normal 0 0 1
    outer loop
      vertex -1.64207 48.44 2.5
      vertex -4 52.5 2.5
      vertex -1.68546 48.2219 2.5
    endloop
  endfacet
  facet normal 0 0 1
    outer loop
      vertex -1.57059 48.6506 2.5
      vertex -4 52.5 2.5
      vertex -1.64207 48.44 2.5
    endloop
  endfacet
  facet normal 0 0 1
    outer loop
      vertex -1.47224 48.85 2.5
      vertex -4 52.5 2.5
      vertex -1.57059 48.6506 2.5
    endloop
  endfacet
  facet normal 0 0 1
    outer loop
      vertex -1.3487 49.0349 2.5
      vertex -4 52.5 2.5
      vertex -1.47224 48.85 2.5
    endloop
  endfacet
  facet normal 0 0 1
    outer loop
      vertex -1.20208 49.2021 2.5
      vertex -4 52.5 2.5
      vertex -1.3487 49.0349 2.5
    endloop
  endfacet
  facet normal 0 0 1
    outer loop
      vertex -1.03489 49.3487 2.5
      vertex -4 52.5 2.5
      vertex -1.20208 49.2021 2.5
    endloop
  endfacet
  facet normal 0 0 1
    outer loop
      vertex -0.849999 49.4722 2.5
      vertex -4 52.5 2.5
      vertex -1.03489 49.3487 2.5
    endloop
  endfacet
  facet normal 0 0 1
    outer loop
      vertex -0.650561 49.5706 2.5
      vertex -4 52.5 2.5
      vertex -0.849999 49.4722 2.5
    endloop
  endfacet
  facet normal -0 0 1
    outer loop
      vertex -4 52.5 2.5
      vertex -0.650561 49.5706 2.5
      vertex -2.5 54 2.5
    endloop
  endfacet
  facet normal 0 0 1
    outer loop
      vertex 7.38823 42.0511 2.5
      vertex 7 42 2.5
      vertex 7.19579 42.0128 2.5
    endloop
  endfacet
  facet normal 0 0 1
    outer loop
      vertex 7.91315 42.31 2.5
      vertex 7 42 2.5
      vertex 7.75 42.201 2.5
    endloop
  endfacet
  facet normal 0 0 1
    outer loop
      vertex 8.38582 42.926 2.5
      vertex 7 42 2.5
      vertex 8.29904 42.75 2.5
    endloop
  endfacet
  facet normal 0 0 1
    outer loop
      vertex 8.5 43.5 2.5
      vertex 1.47224 47.15 2.5
      vertex 7 42 2.5
    endloop
  endfacet
  facet normal -0 0 1
    outer loop
      vertex 1.3487 46.9651 2.5
      vertex 7 42 2.5
      vertex 1.47224 47.15 2.5
    endloop
  endfacet
  facet normal -0 0 1
    outer loop
      vertex 1.20208 46.7979 2.5
      vertex 7 42 2.5
      vertex 1.3487 46.9651 2.5
    endloop
  endfacet
  facet normal -0 0 1
    outer loop
      vertex 1.03489 46.6513 2.5
      vertex 7 42 2.5
      vertex 1.20208 46.7979 2.5
    endloop
  endfacet
  facet normal -0 0 1
    outer loop
      vertex 0.849999 46.5278 2.5
      vertex 7 42 2.5
      vertex 1.03489 46.6513 2.5
    endloop
  endfacet
  facet normal -0 0 1
    outer loop
      vertex 0.650561 46.4294 2.5
      vertex 7 42 2.5
      vertex 0.849999 46.5278 2.5
    endloop
  endfacet
  facet normal 0 0 1
    outer loop
      vertex -2.5 42 2.5
      vertex 0.650561 46.4294 2.5
      vertex 0.439992 46.3579 2.5
    endloop
  endfacet
  facet normal 0 0 1
    outer loop
      vertex -2.5 42 2.5
      vertex 0.439992 46.3579 2.5
      vertex 0.221894 46.3145 2.5
    endloop
  endfacet
  facet normal 0 0 1
    outer loop
      vertex -2.5 42 2.5
      vertex 0.221894 46.3145 2.5
      vertex 0 46.3 2.5
    endloop
  endfacet
  facet normal 0 0 1
    outer loop
      vertex -2.5 42 2.5
      vertex 0 46.3 2.5
      vertex -0.221894 46.3145 2.5
    endloop
  endfacet
  facet normal 0 0 1
    outer loop
      vertex -2.5 42 2.5
      vertex -0.221894 46.3145 2.5
      vertex -0.439992 46.3579 2.5
    endloop
  endfacet
  facet normal 0 0 1
    outer loop
      vertex -2.5 42 2.5
      vertex -0.439992 46.3579 2.5
      vertex -0.650561 46.4294 2.5
    endloop
  endfacet
  facet normal 0 0 1
    outer loop
      vertex -4 43.5 2.5
      vertex -0.650561 46.4294 2.5
      vertex -0.849999 46.5278 2.5
    endloop
  endfacet
  facet normal 0 0 1
    outer loop
      vertex -1.68546 48.2219 2.5
      vertex -4 52.5 2.5
      vertex -1.7 48 2.5
    endloop
  endfacet
  facet normal 0 0 1
    outer loop
      vertex 0.650561 46.4294 2.5
      vertex -2.5 42 2.5
      vertex 7 42 2.5
    endloop
  endfacet
  facet normal 0 0 1
    outer loop
      vertex -4 43.5 2.5
      vertex -0.849999 46.5278 2.5
      vertex -1.03489 46.6513 2.5
    endloop
  endfacet
  facet normal 0 0 1
    outer loop
      vertex -4 43.5 2.5
      vertex -1.03489 46.6513 2.5
      vertex -1.20208 46.7979 2.5
    endloop
  endfacet
  facet normal 0 0 1
    outer loop
      vertex -4 43.5 2.5
      vertex -1.20208 46.7979 2.5
      vertex -1.3487 46.9651 2.5
    endloop
  endfacet
  facet normal 0 0 1
    outer loop
      vertex -4 43.5 2.5
      vertex -1.3487 46.9651 2.5
      vertex -1.47224 47.15 2.5
    endloop
  endfacet
  facet normal 0 0 1
    outer loop
      vertex -4 43.5 2.5
      vertex -1.47224 47.15 2.5
      vertex -1.57059 47.3494 2.5
    endloop
  endfacet
  facet normal 0 0 1
    outer loop
      vertex -4 43.5 2.5
      vertex -1.57059 47.3494 2.5
      vertex -1.64207 47.56 2.5
    endloop
  endfacet
  facet normal 0 0 1
    outer loop
      vertex -4 43.5 2.5
      vertex -1.64207 47.56 2.5
      vertex -1.68546 47.7781 2.5
    endloop
  endfacet
  facet normal 0 0 1
    outer loop
      vertex -4 43.5 2.5
      vertex -1.7 48 2.5
      vertex -4 52.5 2.5
    endloop
  endfacet
  facet normal 0 0 1
    outer loop
      vertex -4 52.5 2.5
      vertex -2.5 54 2.5
      vertex -2.69579 53.9872 2.5
    endloop
  endfacet
  facet normal 0 0 1
    outer loop
      vertex -1.7 48 2.5
      vertex -4 43.5 2.5
      vertex -1.68546 47.7781 2.5
    endloop
  endfacet
  facet normal 0 0 1
    outer loop
      vertex -4 52.5 2.5
      vertex -2.69579 53.9872 2.5
      vertex -2.88823 53.9489 2.5
    endloop
  endfacet
  facet normal 0 0 1
    outer loop
      vertex -0.650561 46.4294 2.5
      vertex -4 43.5 2.5
      vertex -2.5 42 2.5
    endloop
  endfacet
  facet normal 0 0 1
    outer loop
      vertex -4 52.5 2.5
      vertex -2.88823 53.9489 2.5
      vertex -3.07402 53.8858 2.5
    endloop
  endfacet
  facet normal 0 0 1
    outer loop
      vertex -2.5 42 2.5
      vertex -4 43.5 2.5
      vertex -2.69579 42.0128 2.5
    endloop
  endfacet
  facet normal 0 0 1
    outer loop
      vertex -4 52.5 2.5
      vertex -3.07402 53.8858 2.5
      vertex -3.25 53.799 2.5
    endloop
  endfacet
  facet normal 0 0 1
    outer loop
      vertex -2.69579 42.0128 2.5
      vertex -4 43.5 2.5
      vertex -2.88823 42.0511 2.5
    endloop
  endfacet
  facet normal 0 0 1
    outer loop
      vertex -4 52.5 2.5
      vertex -3.25 53.799 2.5
      vertex -3.41315 53.69 2.5
    endloop
  endfacet
  facet normal 0 0 1
    outer loop
      vertex -2.88823 42.0511 2.5
      vertex -4 43.5 2.5
      vertex -3.07402 42.1142 2.5
    endloop
  endfacet
  facet normal 0 0 1
    outer loop
      vertex -4 52.5 2.5
      vertex -3.41315 53.69 2.5
      vertex -3.56065 53.5607 2.5
    endloop
  endfacet
  facet normal 0 0 1
    outer loop
      vertex -3.07402 42.1142 2.5
      vertex -4 43.5 2.5
      vertex -3.25 42.201 2.5
    endloop
  endfacet
  facet normal 0 0 1
    outer loop
      vertex -4 52.5 2.5
      vertex -3.56065 53.5607 2.5
      vertex -3.69003 53.4131 2.5
    endloop
  endfacet
  facet normal 0 0 1
    outer loop
      vertex -3.25 42.201 2.5
      vertex -4 43.5 2.5
      vertex -3.41315 42.31 2.5
    endloop
  endfacet
  facet normal 0 0 1
    outer loop
      vertex -4 52.5 2.5
      vertex -3.69003 53.4131 2.5
      vertex -3.79904 53.25 2.5
    endloop
  endfacet
  facet normal 0 0 1
    outer loop
      vertex -3.41315 42.31 2.5
      vertex -4 43.5 2.5
      vertex -3.56065 42.4393 2.5
    endloop
  endfacet
  facet normal 0 0 1
    outer loop
      vertex -4 52.5 2.5
      vertex -3.79904 53.25 2.5
      vertex -3.88582 53.074 2.5
    endloop
  endfacet
  facet normal 0 0 1
    outer loop
      vertex -3.56065 42.4393 2.5
      vertex -4 43.5 2.5
      vertex -3.69003 42.5869 2.5
    endloop
  endfacet
  facet normal 0 0 1
    outer loop
      vertex -4 52.5 2.5
      vertex -3.88582 53.074 2.5
      vertex -3.94888 52.8882 2.5
    endloop
  endfacet
  facet normal 0 0 1
    outer loop
      vertex -3.69003 42.5869 2.5
      vertex -4 43.5 2.5
      vertex -3.79904 42.75 2.5
    endloop
  endfacet
  facet normal 0 0 1
    outer loop
      vertex -4 52.5 2.5
      vertex -3.94888 52.8882 2.5
      vertex -3.98717 52.6958 2.5
    endloop
  endfacet
  facet normal 0 0 1
    outer loop
      vertex -3.79904 42.75 2.5
      vertex -4 43.5 2.5
      vertex -3.88582 42.926 2.5
    endloop
  endfacet
  facet normal 0 0 1
    outer loop
      vertex -3.88582 42.926 2.5
      vertex -4 43.5 2.5
      vertex -3.94888 43.1118 2.5
    endloop
  endfacet
  facet normal 0 0 1
    outer loop
      vertex -3.94888 43.1118 2.5
      vertex -4 43.5 2.5
      vertex -3.98717 43.3042 2.5
    endloop
  endfacet
  facet normal -0.442355 -0.89684 0
    outer loop
      vertex -3.25 42.201 0
      vertex -3.07402 42.1142 2.5
      vertex -3.25 42.201 2.5
    endloop
  endfacet
  facet normal -0.442355 -0.89684 -0
    outer loop
      vertex -3.07402 42.1142 2.5
      vertex -3.25 42.201 0
      vertex -3.07402 42.1142 0
    endloop
  endfacet
  facet normal 0.99786 -0.0653858 0
    outer loop
      vertex 8.48717 43.3042 2.5
      vertex 8.5 43.5 0
      vertex 8.5 43.5 2.5
    endloop
  endfacet
  facet normal 0.99786 -0.0653858 0
    outer loop
      vertex 8.5 43.5 0
      vertex 8.48717 43.3042 2.5
      vertex 8.48717 43.3042 0
    endloop
  endfacet
  facet normal 0.831399 0.555676 0
    outer loop
      vertex 8.29904 53.25 2.5
      vertex 8.19003 53.4131 0
      vertex 8.19003 53.4131 2.5
    endloop
  endfacet
  facet normal 0.831399 0.555676 0
    outer loop
      vertex 8.19003 53.4131 0
      vertex 8.29904 53.25 2.5
      vertex 8.29904 53.25 0
    endloop
  endfacet
  facet normal 0.555523 0.831501 -0
    outer loop
      vertex 7.91315 53.69 0
      vertex 7.75 53.799 2.5
      vertex 7.91315 53.69 2.5
    endloop
  endfacet
  facet normal 0.555523 0.831501 0
    outer loop
      vertex 7.75 53.799 2.5
      vertex 7.91315 53.69 0
      vertex 7.75 53.799 0
    endloop
  endfacet
  facet normal -0.8969 0.442233 0
    outer loop
      vertex -3.88582 53.074 0
      vertex -3.79904 53.25 2.5
      vertex -3.79904 53.25 0
    endloop
  endfacet
  facet normal -0.8969 0.442233 0
    outer loop
      vertex -3.79904 53.25 2.5
      vertex -3.88582 53.074 0
      vertex -3.88582 53.074 2.5
    endloop
  endfacet
  facet normal -0.555523 0.831501 0
    outer loop
      vertex -3.25 53.799 0
      vertex -3.41315 53.69 2.5
      vertex -3.25 53.799 2.5
    endloop
  endfacet
  facet normal -0.555523 0.831501 0
    outer loop
      vertex -3.41315 53.69 2.5
      vertex -3.25 53.799 0
      vertex -3.41315 53.69 0
    endloop
  endfacet
  facet normal -0.980766 -0.195185 0
    outer loop
      vertex -3.94888 43.1118 0
      vertex -3.98717 43.3042 2.5
      vertex -3.98717 43.3042 0
    endloop
  endfacet
  facet normal -0.980766 -0.195185 0
    outer loop
      vertex -3.98717 43.3042 2.5
      vertex -3.94888 43.1118 0
      vertex -3.94888 43.1118 2.5
    endloop
  endfacet
  facet normal -0.831399 -0.555676 0
    outer loop
      vertex -3.69003 42.5869 0
      vertex -3.79904 42.75 2.5
      vertex -3.79904 42.75 0
    endloop
  endfacet
  facet normal -0.831399 -0.555676 0
    outer loop
      vertex -3.79904 42.75 2.5
      vertex -3.69003 42.5869 0
      vertex -3.69003 42.5869 2.5
    endloop
  endfacet
  facet normal -0.99786 -0.0653858 0
    outer loop
      vertex -3.98717 43.3042 0
      vertex -4 43.5 2.5
      vertex -4 43.5 0
    endloop
  endfacet
  facet normal -0.99786 -0.0653858 0
    outer loop
      vertex -4 43.5 2.5
      vertex -3.98717 43.3042 0
      vertex -3.98717 43.3042 2.5
    endloop
  endfacet
  facet normal -0.99786 0.0653858 0
    outer loop
      vertex -4 52.5 0
      vertex -3.98717 52.6958 2.5
      vertex -3.98717 52.6958 0
    endloop
  endfacet
  facet normal -0.99786 0.0653858 0
    outer loop
      vertex -3.98717 52.6958 2.5
      vertex -4 52.5 0
      vertex -4 52.5 2.5
    endloop
  endfacet
  facet normal -0.195195 -0.980764 0
    outer loop
      vertex -2.88823 42.0511 0
      vertex -2.69579 42.0128 2.5
      vertex -2.88823 42.0511 2.5
    endloop
  endfacet
  facet normal -0.195195 -0.980764 -0
    outer loop
      vertex -2.69579 42.0128 2.5
      vertex -2.88823 42.0511 0
      vertex -2.69579 42.0128 0
    endloop
  endfacet
  facet normal -0.555523 -0.831501 0
    outer loop
      vertex -3.41315 42.31 0
      vertex -3.25 42.201 2.5
      vertex -3.41315 42.31 2.5
    endloop
  endfacet
  facet normal -0.555523 -0.831501 -0
    outer loop
      vertex -3.25 42.201 2.5
      vertex -3.41315 42.31 0
      vertex -3.25 42.201 0
    endloop
  endfacet
  facet normal -0.751996 -0.659168 0
    outer loop
      vertex -3.56065 42.4393 0
      vertex -3.69003 42.5869 2.5
      vertex -3.69003 42.5869 0
    endloop
  endfacet
  facet normal -0.751996 -0.659168 0
    outer loop
      vertex -3.69003 42.5869 2.5
      vertex -3.56065 42.4393 0
      vertex -3.56065 42.4393 2.5
    endloop
  endfacet
  facet normal 0.555523 -0.831501 0
    outer loop
      vertex 7.75 42.201 0
      vertex 7.91315 42.31 2.5
      vertex 7.75 42.201 2.5
    endloop
  endfacet
  facet normal 0.555523 -0.831501 0
    outer loop
      vertex 7.91315 42.31 2.5
      vertex 7.75 42.201 0
      vertex 7.91315 42.31 0
    endloop
  endfacet
  facet normal 0.442355 0.89684 -0
    outer loop
      vertex 7.75 53.799 0
      vertex 7.57402 53.8858 2.5
      vertex 7.75 53.799 2.5
    endloop
  endfacet
  facet normal 0.442355 0.89684 0
    outer loop
      vertex 7.57402 53.8858 2.5
      vertex 7.75 53.799 0
      vertex 7.57402 53.8858 0
    endloop
  endfacet
  facet normal -0.980766 0.195185 0
    outer loop
      vertex -3.98717 52.6958 0
      vertex -3.94888 52.8882 2.5
      vertex -3.94888 52.8882 0
    endloop
  endfacet
  facet normal -0.980766 0.195185 0
    outer loop
      vertex -3.94888 52.8882 2.5
      vertex -3.98717 52.6958 0
      vertex -3.98717 52.6958 2.5
    endloop
  endfacet
  facet normal -0.946947 0.321391 0
    outer loop
      vertex -3.94888 52.8882 0
      vertex -3.88582 53.074 2.5
      vertex -3.88582 53.074 0
    endloop
  endfacet
  facet normal -0.946947 0.321391 0
    outer loop
      vertex -3.88582 53.074 2.5
      vertex -3.94888 52.8882 0
      vertex -3.94888 52.8882 2.5
    endloop
  endfacet
  facet normal -0.8969 -0.442233 0
    outer loop
      vertex -3.79904 42.75 0
      vertex -3.88582 42.926 2.5
      vertex -3.88582 42.926 0
    endloop
  endfacet
  facet normal -0.8969 -0.442233 0
    outer loop
      vertex -3.88582 42.926 2.5
      vertex -3.79904 42.75 0
      vertex -3.79904 42.75 2.5
    endloop
  endfacet
  facet normal -1 0 0
    outer loop
      vertex -4 43.5 0
      vertex -4 52.5 2.5
      vertex -4 52.5 0
    endloop
  endfacet
  facet normal -1 -0 0
    outer loop
      vertex -4 52.5 2.5
      vertex -4 43.5 0
      vertex -4 43.5 2.5
    endloop
  endfacet
  facet normal 0 0 -1
    outer loop
      vertex 7 42 0
      vertex 8.5 43.5 0
      vertex 8.48717 43.3042 0
    endloop
  endfacet
  facet normal 0 0 -1
    outer loop
      vertex 8.5 43.5 0
      vertex 1.7 48 0
      vertex 8.5 52.5 0
    endloop
  endfacet
  facet normal 0 0 -1
    outer loop
      vertex 7 42 0
      vertex 8.48717 43.3042 0
      vertex 8.44888 43.1118 0
    endloop
  endfacet
  facet normal 0 0 -1
    outer loop
      vertex 1.68546 48.2219 0
      vertex 8.5 52.5 0
      vertex 1.7 48 0
    endloop
  endfacet
  facet normal 0 0 -1
    outer loop
      vertex 7 42 0
      vertex 8.44888 43.1118 0
      vertex 8.38582 42.926 0
    endloop
  endfacet
  facet normal 0 0 -1
    outer loop
      vertex 1.64207 48.44 0
      vertex 8.5 52.5 0
      vertex 1.68546 48.2219 0
    endloop
  endfacet
  facet normal 0 0 -1
    outer loop
      vertex 7 42 0
      vertex 8.38582 42.926 0
      vertex 8.29904 42.75 0
    endloop
  endfacet
  facet normal 0 0 -1
    outer loop
      vertex 1.57059 48.6506 0
      vertex 8.5 52.5 0
      vertex 1.64207 48.44 0
    endloop
  endfacet
  facet normal 0 0 -1
    outer loop
      vertex 7 42 0
      vertex 8.29904 42.75 0
      vertex 8.19003 42.5869 0
    endloop
  endfacet
  facet normal 0 0 -1
    outer loop
      vertex 1.47224 48.85 0
      vertex 8.5 52.5 0
      vertex 1.57059 48.6506 0
    endloop
  endfacet
  facet normal 0 0 -1
    outer loop
      vertex 7 42 0
      vertex 8.19003 42.5869 0
      vertex 8.06065 42.4393 0
    endloop
  endfacet
  facet normal 0 0 -1
    outer loop
      vertex 8.5 52.5 0
      vertex 7 54 0
      vertex 8.48717 52.6958 0
    endloop
  endfacet
  facet normal 0 0 -1
    outer loop
      vertex 7 42 0
      vertex 8.06065 42.4393 0
      vertex 7.91315 42.31 0
    endloop
  endfacet
  facet normal 0 0 -1
    outer loop
      vertex 8.48717 52.6958 0
      vertex 7 54 0
      vertex 8.44888 52.8882 0
    endloop
  endfacet
  facet normal 0 0 -1
    outer loop
      vertex 7 42 0
      vertex 7.91315 42.31 0
      vertex 7.75 42.201 0
    endloop
  endfacet
  facet normal 0 0 -1
    outer loop
      vertex 8.44888 52.8882 0
      vertex 7 54 0
      vertex 8.38582 53.074 0
    endloop
  endfacet
  facet normal 0 0 -1
    outer loop
      vertex 7 42 0
      vertex 7.75 42.201 0
      vertex 7.57402 42.1142 0
    endloop
  endfacet
  facet normal 0 0 -1
    outer loop
      vertex 8.29904 53.25 0
      vertex 7 54 0
      vertex 8.19003 53.4131 0
    endloop
  endfacet
  facet normal 0 0 -1
    outer loop
      vertex 7 42 0
      vertex 7.57402 42.1142 0
      vertex 7.38823 42.0511 0
    endloop
  endfacet
  facet normal 0 0 -1
    outer loop
      vertex 8.19003 53.4131 0
      vertex 7 54 0
      vertex 8.06065 53.5607 0
    endloop
  endfacet
  facet normal 0 0 -1
    outer loop
      vertex 7 42 0
      vertex 7.38823 42.0511 0
      vertex 7.19579 42.0128 0
    endloop
  endfacet
  facet normal 0 0 -1
    outer loop
      vertex 8.06065 53.5607 0
      vertex 7 54 0
      vertex 7.91315 53.69 0
    endloop
  endfacet
  facet normal 0 0 -1
    outer loop
      vertex 1.47224 47.15 0
      vertex 8.5 43.5 0
      vertex 7 42 0
    endloop
  endfacet
  facet normal 0 0 -1
    outer loop
      vertex 7.75 53.799 0
      vertex 7 54 0
      vertex 7.57402 53.8858 0
    endloop
  endfacet
  facet normal 0 0 -1
    outer loop
      vertex 7.57402 53.8858 0
      vertex 7 54 0
      vertex 7.38823 53.9489 0
    endloop
  endfacet
  facet normal 0 0 -1
    outer loop
      vertex 8.5 43.5 0
      vertex 1.68546 47.7781 0
      vertex 1.7 48 0
    endloop
  endfacet
  facet normal 0 0 -1
    outer loop
      vertex 8.5 43.5 0
      vertex 1.64207 47.56 0
      vertex 1.68546 47.7781 0
    endloop
  endfacet
  facet normal 0 0 -1
    outer loop
      vertex 8.5 43.5 0
      vertex 1.57059 47.3494 0
      vertex 1.64207 47.56 0
    endloop
  endfacet
  facet normal 0 0 -1
    outer loop
      vertex 8.5 43.5 0
      vertex 1.47224 47.15 0
      vertex 1.57059 47.3494 0
    endloop
  endfacet
  facet normal 0 0 -1
    outer loop
      vertex 7 42 0
      vertex 1.3487 46.9651 0
      vertex 1.47224 47.15 0
    endloop
  endfacet
  facet normal 0 0 -1
    outer loop
      vertex 7 42 0
      vertex 1.20208 46.7979 0
      vertex 1.3487 46.9651 0
    endloop
  endfacet
  facet normal 0 0 -1
    outer loop
      vertex 7 42 0
      vertex 1.03489 46.6513 0
      vertex 1.20208 46.7979 0
    endloop
  endfacet
  facet normal 0 0 -1
    outer loop
      vertex 7 42 0
      vertex 0.849999 46.5278 0
      vertex 1.03489 46.6513 0
    endloop
  endfacet
  facet normal 0 0 -1
    outer loop
      vertex 7 42 0
      vertex 0.650561 46.4294 0
      vertex 0.849999 46.5278 0
    endloop
  endfacet
  facet normal 0 0 -1
    outer loop
      vertex -2.5 42 0
      vertex 0.650561 46.4294 0
      vertex 7 42 0
    endloop
  endfacet
  facet normal 0 0 -1
    outer loop
      vertex 0.650561 46.4294 0
      vertex -2.5 42 0
      vertex 0.439992 46.3579 0
    endloop
  endfacet
  facet normal 0 0 -1
    outer loop
      vertex 0.439992 46.3579 0
      vertex -2.5 42 0
      vertex 0.221894 46.3145 0
    endloop
  endfacet
  facet normal 0 0 -1
    outer loop
      vertex 0.221894 46.3145 0
      vertex -2.5 42 0
      vertex 0 46.3 0
    endloop
  endfacet
  facet normal -0 0 -1
    outer loop
      vertex 0 46.3 0
      vertex -2.5 42 0
      vertex -0.221894 46.3145 0
    endloop
  endfacet
  facet normal -0 0 -1
    outer loop
      vertex -0.221894 46.3145 0
      vertex -2.5 42 0
      vertex -0.439992 46.3579 0
    endloop
  endfacet
  facet normal -0 0 -1
    outer loop
      vertex -0.439992 46.3579 0
      vertex -2.5 42 0
      vertex -0.650561 46.4294 0
    endloop
  endfacet
  facet normal -0 0 -1
    outer loop
      vertex -1.64207 47.56 0
      vertex -4 43.5 0
      vertex -1.68546 47.7781 0
    endloop
  endfacet
  facet normal -0 0 -1
    outer loop
      vertex -1.57059 47.3494 0
      vertex -4 43.5 0
      vertex -1.64207 47.56 0
    endloop
  endfacet
  facet normal -0 0 -1
    outer loop
      vertex -1.47224 47.15 0
      vertex -4 43.5 0
      vertex -1.57059 47.3494 0
    endloop
  endfacet
  facet normal -0 0 -1
    outer loop
      vertex -1.3487 46.9651 0
      vertex -4 43.5 0
      vertex -1.47224 47.15 0
    endloop
  endfacet
  facet normal -0 0 -1
    outer loop
      vertex -1.20208 46.7979 0
      vertex -4 43.5 0
      vertex -1.3487 46.9651 0
    endloop
  endfacet
  facet normal -0 0 -1
    outer loop
      vertex -1.03489 46.6513 0
      vertex -4 43.5 0
      vertex -1.20208 46.7979 0
    endloop
  endfacet
  facet normal -0 0 -1
    outer loop
      vertex -0.849999 46.5278 0
      vertex -4 43.5 0
      vertex -1.03489 46.6513 0
    endloop
  endfacet
  facet normal -0 0 -1
    outer loop
      vertex -0.650561 46.4294 0
      vertex -4 43.5 0
      vertex -0.849999 46.5278 0
    endloop
  endfacet
  facet normal 0 0 -1
    outer loop
      vertex -4 43.5 0
      vertex -0.650561 46.4294 0
      vertex -2.5 42 0
    endloop
  endfacet
  facet normal 0 0 -1
    outer loop
      vertex 7.38823 53.9489 0
      vertex 7 54 0
      vertex 7.19579 53.9872 0
    endloop
  endfacet
  facet normal 0 0 -1
    outer loop
      vertex 7.91315 53.69 0
      vertex 7 54 0
      vertex 7.75 53.799 0
    endloop
  endfacet
  facet normal 0 0 -1
    outer loop
      vertex 8.38582 53.074 0
      vertex 7 54 0
      vertex 8.29904 53.25 0
    endloop
  endfacet
  facet normal -0 0 -1
    outer loop
      vertex 8.5 52.5 0
      vertex 1.47224 48.85 0
      vertex 7 54 0
    endloop
  endfacet
  facet normal 0 0 -1
    outer loop
      vertex 1.3487 49.0349 0
      vertex 7 54 0
      vertex 1.47224 48.85 0
    endloop
  endfacet
  facet normal 0 0 -1
    outer loop
      vertex 1.20208 49.2021 0
      vertex 7 54 0
      vertex 1.3487 49.0349 0
    endloop
  endfacet
  facet normal 0 0 -1
    outer loop
      vertex 1.03489 49.3487 0
      vertex 7 54 0
      vertex 1.20208 49.2021 0
    endloop
  endfacet
  facet normal 0 0 -1
    outer loop
      vertex 0.849999 49.4722 0
      vertex 7 54 0
      vertex 1.03489 49.3487 0
    endloop
  endfacet
  facet normal 0 0 -1
    outer loop
      vertex 0.650561 49.5706 0
      vertex 7 54 0
      vertex 0.849999 49.4722 0
    endloop
  endfacet
  facet normal 0 0 -1
    outer loop
      vertex -2.5 54 0
      vertex 0.650561 49.5706 0
      vertex 0.439992 49.6421 0
    endloop
  endfacet
  facet normal 0 0 -1
    outer loop
      vertex -2.5 54 0
      vertex 0.439992 49.6421 0
      vertex 0.221894 49.6855 0
    endloop
  endfacet
  facet normal 0 0 -1
    outer loop
      vertex -2.5 54 0
      vertex 0.221894 49.6855 0
      vertex 0 49.7 0
    endloop
  endfacet
  facet normal 0 0 -1
    outer loop
      vertex -2.5 54 0
      vertex 0 49.7 0
      vertex -0.221894 49.6855 0
    endloop
  endfacet
  facet normal 0 0 -1
    outer loop
      vertex -2.5 54 0
      vertex -0.221894 49.6855 0
      vertex -0.439992 49.6421 0
    endloop
  endfacet
  facet normal 0 0 -1
    outer loop
      vertex -2.5 54 0
      vertex -0.439992 49.6421 0
      vertex -0.650561 49.5706 0
    endloop
  endfacet
  facet normal 0 0 -1
    outer loop
      vertex -4 52.5 0
      vertex -0.650561 49.5706 0
      vertex -0.849999 49.4722 0
    endloop
  endfacet
  facet normal -0 0 -1
    outer loop
      vertex -1.68546 47.7781 0
      vertex -4 43.5 0
      vertex -1.7 48 0
    endloop
  endfacet
  facet normal 0 0 -1
    outer loop
      vertex 0.650561 49.5706 0
      vertex -2.5 54 0
      vertex 7 54 0
    endloop
  endfacet
  facet normal 0 0 -1
    outer loop
      vertex -4 52.5 0
      vertex -0.849999 49.4722 0
      vertex -1.03489 49.3487 0
    endloop
  endfacet
  facet normal 0 0 -1
    outer loop
      vertex -4 52.5 0
      vertex -1.03489 49.3487 0
      vertex -1.20208 49.2021 0
    endloop
  endfacet
  facet normal 0 0 -1
    outer loop
      vertex -4 52.5 0
      vertex -1.20208 49.2021 0
      vertex -1.3487 49.0349 0
    endloop
  endfacet
  facet normal 0 0 -1
    outer loop
      vertex -4 52.5 0
      vertex -1.3487 49.0349 0
      vertex -1.47224 48.85 0
    endloop
  endfacet
  facet normal 0 0 -1
    outer loop
      vertex -4 52.5 0
      vertex -1.47224 48.85 0
      vertex -1.57059 48.6506 0
    endloop
  endfacet
  facet normal 0 0 -1
    outer loop
      vertex -4 52.5 0
      vertex -1.57059 48.6506 0
      vertex -1.64207 48.44 0
    endloop
  endfacet
  facet normal 0 0 -1
    outer loop
      vertex -4 52.5 0
      vertex -1.64207 48.44 0
      vertex -1.68546 48.2219 0
    endloop
  endfacet
  facet normal 0 0 -1
    outer loop
      vertex -4 52.5 0
      vertex -1.7 48 0
      vertex -4 43.5 0
    endloop
  endfacet
  facet normal 0 0 -1
    outer loop
      vertex -4 43.5 0
      vertex -2.5 42 0
      vertex -2.69579 42.0128 0
    endloop
  endfacet
  facet normal 0 0 -1
    outer loop
      vertex -1.7 48 0
      vertex -4 52.5 0
      vertex -1.68546 48.2219 0
    endloop
  endfacet
  facet normal 0 0 -1
    outer loop
      vertex -4 43.5 0
      vertex -2.69579 42.0128 0
      vertex -2.88823 42.0511 0
    endloop
  endfacet
  facet normal 0 0 -1
    outer loop
      vertex -0.650561 49.5706 0
      vertex -4 52.5 0
      vertex -2.5 54 0
    endloop
  endfacet
  facet normal 0 0 -1
    outer loop
      vertex -4 43.5 0
      vertex -2.88823 42.0511 0
      vertex -3.07402 42.1142 0
    endloop
  endfacet
  facet normal 0 0 -1
    outer loop
      vertex -2.5 54 0
      vertex -4 52.5 0
      vertex -2.69579 53.9872 0
    endloop
  endfacet
  facet normal 0 0 -1
    outer loop
      vertex -4 43.5 0
      vertex -3.07402 42.1142 0
      vertex -3.25 42.201 0
    endloop
  endfacet
  facet normal 0 0 -1
    outer loop
      vertex -2.69579 53.9872 0
      vertex -4 52.5 0
      vertex -2.88823 53.9489 0
    endloop
  endfacet
  facet normal 0 0 -1
    outer loop
      vertex -4 43.5 0
      vertex -3.25 42.201 0
      vertex -3.41315 42.31 0
    endloop
  endfacet
  facet normal 0 0 -1
    outer loop
      vertex -2.88823 53.9489 0
      vertex -4 52.5 0
      vertex -3.07402 53.8858 0
    endloop
  endfacet
  facet normal 0 0 -1
    outer loop
      vertex -4 43.5 0
      vertex -3.41315 42.31 0
      vertex -3.56065 42.4393 0
    endloop
  endfacet
  facet normal 0 0 -1
    outer loop
      vertex -3.07402 53.8858 0
      vertex -4 52.5 0
      vertex -3.25 53.799 0
    endloop
  endfacet
  facet normal 0 0 -1
    outer loop
      vertex -4 43.5 0
      vertex -3.56065 42.4393 0
      vertex -3.69003 42.5869 0
    endloop
  endfacet
  facet normal 0 0 -1
    outer loop
      vertex -3.25 53.799 0
      vertex -4 52.5 0
      vertex -3.41315 53.69 0
    endloop
  endfacet
  facet normal 0 0 -1
    outer loop
      vertex -4 43.5 0
      vertex -3.69003 42.5869 0
      vertex -3.79904 42.75 0
    endloop
  endfacet
  facet normal 0 0 -1
    outer loop
      vertex -3.41315 53.69 0
      vertex -4 52.5 0
      vertex -3.56065 53.5607 0
    endloop
  endfacet
  facet normal 0 0 -1
    outer loop
      vertex -4 43.5 0
      vertex -3.79904 42.75 0
      vertex -3.88582 42.926 0
    endloop
  endfacet
  facet normal 0 0 -1
    outer loop
      vertex -3.56065 53.5607 0
      vertex -4 52.5 0
      vertex -3.69003 53.4131 0
    endloop
  endfacet
  facet normal 0 0 -1
    outer loop
      vertex -4 43.5 0
      vertex -3.88582 42.926 0
      vertex -3.94888 43.1118 0
    endloop
  endfacet
  facet normal 0 0 -1
    outer loop
      vertex -3.69003 53.4131 0
      vertex -4 52.5 0
      vertex -3.79904 53.25 0
    endloop
  endfacet
  facet normal 0 0 -1
    outer loop
      vertex -4 43.5 0
      vertex -3.94888 43.1118 0
      vertex -3.98717 43.3042 0
    endloop
  endfacet
  facet normal 0 0 -1
    outer loop
      vertex -3.79904 53.25 0
      vertex -4 52.5 0
      vertex -3.88582 53.074 0
    endloop
  endfacet
  facet normal 0 0 -1
    outer loop
      vertex -3.88582 53.074 0
      vertex -4 52.5 0
      vertex -3.94888 52.8882 0
    endloop
  endfacet
  facet normal 0 0 -1
    outer loop
      vertex -3.94888 52.8882 0
      vertex -4 52.5 0
      vertex -3.98717 52.6958 0
    endloop
  endfacet
  facet normal -0.0652369 -0.99787 0
    outer loop
      vertex -2.69579 42.0128 0
      vertex -2.5 42 2.5
      vertex -2.69579 42.0128 2.5
    endloop
  endfacet
  facet normal -0.0652369 -0.99787 -0
    outer loop
      vertex -2.5 42 2.5
      vertex -2.69579 42.0128 0
      vertex -2.5 42 0
    endloop
  endfacet
  facet normal -0.321589 -0.946879 0
    outer loop
      vertex -3.07402 42.1142 0
      vertex -2.88823 42.0511 2.5
      vertex -3.07402 42.1142 2.5
    endloop
  endfacet
  facet normal -0.321589 -0.946879 -0
    outer loop
      vertex -2.88823 42.0511 2.5
      vertex -3.07402 42.1142 0
      vertex -2.88823 42.0511 0
    endloop
  endfacet
  facet normal -0.65919 -0.751976 0
    outer loop
      vertex -3.56065 42.4393 0
      vertex -3.41315 42.31 2.5
      vertex -3.56065 42.4393 2.5
    endloop
  endfacet
  facet normal -0.65919 -0.751976 -0
    outer loop
      vertex -3.41315 42.31 2.5
      vertex -3.56065 42.4393 0
      vertex -3.41315 42.31 0
    endloop
  endfacet
  facet normal 1 -0 0
    outer loop
      vertex 8.5 43.5 2.5
      vertex 8.5 52.5 0
      vertex 8.5 52.5 2.5
    endloop
  endfacet
  facet normal 1 0 0
    outer loop
      vertex 8.5 52.5 0
      vertex 8.5 43.5 2.5
      vertex 8.5 43.5 0
    endloop
  endfacet
  facet normal 0.195195 0.980764 -0
    outer loop
      vertex 7.38823 53.9489 0
      vertex 7.19579 53.9872 2.5
      vertex 7.38823 53.9489 2.5
    endloop
  endfacet
  facet normal 0.195195 0.980764 0
    outer loop
      vertex 7.19579 53.9872 2.5
      vertex 7.38823 53.9489 0
      vertex 7.19579 53.9872 0
    endloop
  endfacet
  facet normal 0.321589 0.946879 -0
    outer loop
      vertex 7.57402 53.8858 0
      vertex 7.38823 53.9489 2.5
      vertex 7.57402 53.8858 2.5
    endloop
  endfacet
  facet normal 0.321589 0.946879 0
    outer loop
      vertex 7.38823 53.9489 2.5
      vertex 7.57402 53.8858 0
      vertex 7.38823 53.9489 0
    endloop
  endfacet
  facet normal 0.65919 0.751976 -0
    outer loop
      vertex 8.06065 53.5607 0
      vertex 7.91315 53.69 2.5
      vertex 8.06065 53.5607 2.5
    endloop
  endfacet
  facet normal 0.65919 0.751976 0
    outer loop
      vertex 7.91315 53.69 2.5
      vertex 8.06065 53.5607 0
      vertex 7.91315 53.69 0
    endloop
  endfacet
  facet normal 0.751996 0.659168 0
    outer loop
      vertex 8.19003 53.4131 2.5
      vertex 8.06065 53.5607 0
      vertex 8.06065 53.5607 2.5
    endloop
  endfacet
  facet normal 0.751996 0.659168 0
    outer loop
      vertex 8.06065 53.5607 0
      vertex 8.19003 53.4131 2.5
      vertex 8.19003 53.4131 0
    endloop
  endfacet
  facet normal -0.946947 -0.321391 0
    outer loop
      vertex -3.88582 42.926 0
      vertex -3.94888 43.1118 2.5
      vertex -3.94888 43.1118 0
    endloop
  endfacet
  facet normal -0.946947 -0.321391 0
    outer loop
      vertex -3.94888 43.1118 2.5
      vertex -3.88582 42.926 0
      vertex -3.88582 42.926 2.5
    endloop
  endfacet
  facet normal 0.8969 0.442233 0
    outer loop
      vertex 8.38582 53.074 2.5
      vertex 8.29904 53.25 0
      vertex 8.29904 53.25 2.5
    endloop
  endfacet
  facet normal 0.8969 0.442233 0
    outer loop
      vertex 8.29904 53.25 0
      vertex 8.38582 53.074 2.5
      vertex 8.38582 53.074 0
    endloop
  endfacet
  facet normal 0.99786 0.0653858 0
    outer loop
      vertex 8.5 52.5 2.5
      vertex 8.48717 52.6958 0
      vertex 8.48717 52.6958 2.5
    endloop
  endfacet
  facet normal 0.99786 0.0653858 0
    outer loop
      vertex 8.48717 52.6958 0
      vertex 8.5 52.5 2.5
      vertex 8.5 52.5 0
    endloop
  endfacet
  facet normal 0.946947 0.321391 0
    outer loop
      vertex 8.44888 52.8882 2.5
      vertex 8.38582 53.074 0
      vertex 8.38582 53.074 2.5
    endloop
  endfacet
  facet normal 0.946947 0.321391 0
    outer loop
      vertex 8.38582 53.074 0
      vertex 8.44888 52.8882 2.5
      vertex 8.44888 52.8882 0
    endloop
  endfacet
  facet normal 0.980766 -0.195185 0
    outer loop
      vertex 8.44888 43.1118 2.5
      vertex 8.48717 43.3042 0
      vertex 8.48717 43.3042 2.5
    endloop
  endfacet
  facet normal 0.980766 -0.195185 0
    outer loop
      vertex 8.48717 43.3042 0
      vertex 8.44888 43.1118 2.5
      vertex 8.44888 43.1118 0
    endloop
  endfacet
  facet normal 0.751996 -0.659168 0
    outer loop
      vertex 8.06065 42.4393 2.5
      vertex 8.19003 42.5869 0
      vertex 8.19003 42.5869 2.5
    endloop
  endfacet
  facet normal 0.751996 -0.659168 0
    outer loop
      vertex 8.19003 42.5869 0
      vertex 8.06065 42.4393 2.5
      vertex 8.06065 42.4393 0
    endloop
  endfacet
  facet normal 0.65919 -0.751976 0
    outer loop
      vertex 7.91315 42.31 0
      vertex 8.06065 42.4393 2.5
      vertex 7.91315 42.31 2.5
    endloop
  endfacet
  facet normal 0.65919 -0.751976 0
    outer loop
      vertex 8.06065 42.4393 2.5
      vertex 7.91315 42.31 0
      vertex 8.06065 42.4393 0
    endloop
  endfacet
  facet normal -0.751996 0.659168 0
    outer loop
      vertex -3.69003 53.4131 0
      vertex -3.56065 53.5607 2.5
      vertex -3.56065 53.5607 0
    endloop
  endfacet
  facet normal -0.751996 0.659168 0
    outer loop
      vertex -3.56065 53.5607 2.5
      vertex -3.69003 53.4131 0
      vertex -3.69003 53.4131 2.5
    endloop
  endfacet
  facet normal -0.65919 0.751976 0
    outer loop
      vertex -3.41315 53.69 0
      vertex -3.56065 53.5607 2.5
      vertex -3.41315 53.69 2.5
    endloop
  endfacet
  facet normal -0.65919 0.751976 0
    outer loop
      vertex -3.56065 53.5607 2.5
      vertex -3.41315 53.69 0
      vertex -3.56065 53.5607 0
    endloop
  endfacet
  facet normal -0.321589 0.946879 0
    outer loop
      vertex -2.88823 53.9489 0
      vertex -3.07402 53.8858 2.5
      vertex -2.88823 53.9489 2.5
    endloop
  endfacet
  facet normal -0.321589 0.946879 0
    outer loop
      vertex -3.07402 53.8858 2.5
      vertex -2.88823 53.9489 0
      vertex -3.07402 53.8858 0
    endloop
  endfacet
  facet normal -0.195195 0.980764 0
    outer loop
      vertex -2.69579 53.9872 0
      vertex -2.88823 53.9489 2.5
      vertex -2.69579 53.9872 2.5
    endloop
  endfacet
  facet normal -0.195195 0.980764 0
    outer loop
      vertex -2.88823 53.9489 2.5
      vertex -2.69579 53.9872 0
      vertex -2.88823 53.9489 0
    endloop
  endfacet
  facet normal 0.980766 0.195185 0
    outer loop
      vertex 8.48717 52.6958 2.5
      vertex 8.44888 52.8882 0
      vertex 8.44888 52.8882 2.5
    endloop
  endfacet
  facet normal 0.980766 0.195185 0
    outer loop
      vertex 8.44888 52.8882 0
      vertex 8.48717 52.6958 2.5
      vertex 8.48717 52.6958 0
    endloop
  endfacet
  facet normal 0.8969 -0.442233 0
    outer loop
      vertex 8.29904 42.75 2.5
      vertex 8.38582 42.926 0
      vertex 8.38582 42.926 2.5
    endloop
  endfacet
  facet normal 0.8969 -0.442233 0
    outer loop
      vertex 8.38582 42.926 0
      vertex 8.29904 42.75 2.5
      vertex 8.29904 42.75 0
    endloop
  endfacet
  facet normal 0.831399 -0.555676 0
    outer loop
      vertex 8.19003 42.5869 2.5
      vertex 8.29904 42.75 0
      vertex 8.29904 42.75 2.5
    endloop
  endfacet
  facet normal 0.831399 -0.555676 0
    outer loop
      vertex 8.29904 42.75 0
      vertex 8.19003 42.5869 2.5
      vertex 8.19003 42.5869 0
    endloop
  endfacet
  facet normal 0.946947 -0.321391 0
    outer loop
      vertex 8.38582 42.926 2.5
      vertex 8.44888 43.1118 0
      vertex 8.44888 43.1118 2.5
    endloop
  endfacet
  facet normal 0.946947 -0.321391 0
    outer loop
      vertex 8.44888 43.1118 0
      vertex 8.38582 42.926 2.5
      vertex 8.38582 42.926 0
    endloop
  endfacet
  facet normal 0.442355 -0.89684 0
    outer loop
      vertex 7.57402 42.1142 0
      vertex 7.75 42.201 2.5
      vertex 7.57402 42.1142 2.5
    endloop
  endfacet
  facet normal 0.442355 -0.89684 0
    outer loop
      vertex 7.75 42.201 2.5
      vertex 7.57402 42.1142 0
      vertex 7.75 42.201 0
    endloop
  endfacet
  facet normal 0.321589 -0.946879 0
    outer loop
      vertex 7.38823 42.0511 0
      vertex 7.57402 42.1142 2.5
      vertex 7.38823 42.0511 2.5
    endloop
  endfacet
  facet normal 0.321589 -0.946879 0
    outer loop
      vertex 7.57402 42.1142 2.5
      vertex 7.38823 42.0511 0
      vertex 7.57402 42.1142 0
    endloop
  endfacet
  facet normal -0.99786 -0.0653848 0
    outer loop
      vertex 1.7 48 0
      vertex 1.68546 48.2219 2.5
      vertex 1.68546 48.2219 0
    endloop
  endfacet
  facet normal -0.99786 -0.0653848 0
    outer loop
      vertex 1.68546 48.2219 2.5
      vertex 1.7 48 0
      vertex 1.7 48 2.5
    endloop
  endfacet
  facet normal 0.99786 -0.0653848 0
    outer loop
      vertex -1.7 48 2.5
      vertex -1.68546 48.2219 0
      vertex -1.68546 48.2219 2.5
    endloop
  endfacet
  facet normal 0.99786 -0.0653848 0
    outer loop
      vertex -1.68546 48.2219 0
      vertex -1.7 48 2.5
      vertex -1.7 48 0
    endloop
  endfacet
  facet normal -0.0652074 -0.997872 0
    outer loop
      vertex 0 49.7 0
      vertex 0.221894 49.6855 2.5
      vertex 0 49.7 2.5
    endloop
  endfacet
  facet normal -0.0652074 -0.997872 -0
    outer loop
      vertex 0.221894 49.6855 2.5
      vertex 0 49.7 0
      vertex 0.221894 49.6855 0
    endloop
  endfacet
  facet normal 0.0652074 0.997872 -0
    outer loop
      vertex 0 46.3 0
      vertex -0.221894 46.3145 2.5
      vertex 0 46.3 2.5
    endloop
  endfacet
  facet normal 0.0652074 0.997872 0
    outer loop
      vertex -0.221894 46.3145 2.5
      vertex 0 46.3 0
      vertex -0.221894 46.3145 0
    endloop
  endfacet
  facet normal -0.659291 -0.751888 0
    outer loop
      vertex 1.03489 49.3487 0
      vertex 1.20208 49.2021 2.5
      vertex 1.03489 49.3487 2.5
    endloop
  endfacet
  facet normal -0.659291 -0.751888 -0
    outer loop
      vertex 1.20208 49.2021 2.5
      vertex 1.03489 49.3487 0
      vertex 1.20208 49.2021 0
    endloop
  endfacet
  facet normal 0.659291 -0.751888 0
    outer loop
      vertex -1.20208 49.2021 0
      vertex -1.03489 49.3487 2.5
      vertex -1.20208 49.2021 2.5
    endloop
  endfacet
  facet normal 0.659291 -0.751888 0
    outer loop
      vertex -1.03489 49.3487 2.5
      vertex -1.20208 49.2021 0
      vertex -1.03489 49.3487 0
    endloop
  endfacet
  facet normal 0.321526 -0.946901 0
    outer loop
      vertex -0.650561 49.5706 0
      vertex -0.439992 49.6421 2.5
      vertex -0.650561 49.5706 2.5
    endloop
  endfacet
  facet normal 0.321526 -0.946901 0
    outer loop
      vertex -0.439992 49.6421 2.5
      vertex -0.650561 49.5706 0
      vertex -0.439992 49.6421 0
    endloop
  endfacet
  facet normal -0.896843 -0.442349 0
    outer loop
      vertex 1.57059 48.6506 0
      vertex 1.47224 48.85 2.5
      vertex 1.47224 48.85 0
    endloop
  endfacet
  facet normal -0.896843 -0.442349 0
    outer loop
      vertex 1.47224 48.85 2.5
      vertex 1.57059 48.6506 0
      vertex 1.57059 48.6506 2.5
    endloop
  endfacet
  facet normal -0.980779 -0.195122 0
    outer loop
      vertex 1.68546 48.2219 0
      vertex 1.64207 48.44 2.5
      vertex 1.64207 48.44 0
    endloop
  endfacet
  facet normal -0.980779 -0.195122 0
    outer loop
      vertex 1.64207 48.44 2.5
      vertex 1.68546 48.2219 0
      vertex 1.68546 48.2219 2.5
    endloop
  endfacet
  facet normal -0.831483 -0.555551 0
    outer loop
      vertex 1.47224 48.85 0
      vertex 1.3487 49.0349 2.5
      vertex 1.3487 49.0349 0
    endloop
  endfacet
  facet normal -0.831483 -0.555551 0
    outer loop
      vertex 1.3487 49.0349 2.5
      vertex 1.47224 48.85 0
      vertex 1.47224 48.85 2.5
    endloop
  endfacet
  facet normal -0.321526 -0.946901 0
    outer loop
      vertex 0.439992 49.6421 0
      vertex 0.650561 49.5706 2.5
      vertex 0.439992 49.6421 2.5
    endloop
  endfacet
  facet normal -0.321526 -0.946901 -0
    outer loop
      vertex 0.650561 49.5706 2.5
      vertex 0.439992 49.6421 0
      vertex 0.650561 49.5706 0
    endloop
  endfacet
  facet normal -0.195167 -0.98077 0
    outer loop
      vertex 0.221894 49.6855 0
      vertex 0.439992 49.6421 2.5
      vertex 0.221894 49.6855 2.5
    endloop
  endfacet
  facet normal -0.195167 -0.98077 -0
    outer loop
      vertex 0.439992 49.6421 2.5
      vertex 0.221894 49.6855 0
      vertex 0.439992 49.6421 0
    endloop
  endfacet
  facet normal -0.442463 -0.896787 0
    outer loop
      vertex 0.650561 49.5706 0
      vertex 0.849999 49.4722 2.5
      vertex 0.650561 49.5706 2.5
    endloop
  endfacet
  facet normal -0.442463 -0.896787 -0
    outer loop
      vertex 0.849999 49.4722 2.5
      vertex 0.650561 49.5706 0
      vertex 0.849999 49.4722 0
    endloop
  endfacet
  facet normal 0.831483 -0.555551 0
    outer loop
      vertex -1.47224 48.85 2.5
      vertex -1.3487 49.0349 0
      vertex -1.3487 49.0349 2.5
    endloop
  endfacet
  facet normal 0.831483 -0.555551 0
    outer loop
      vertex -1.3487 49.0349 0
      vertex -1.47224 48.85 2.5
      vertex -1.47224 48.85 0
    endloop
  endfacet
  facet normal 0.751863 -0.659319 0
    outer loop
      vertex -1.3487 49.0349 2.5
      vertex -1.20208 49.2021 0
      vertex -1.20208 49.2021 2.5
    endloop
  endfacet
  facet normal 0.751863 -0.659319 0
    outer loop
      vertex -1.20208 49.2021 0
      vertex -1.3487 49.0349 2.5
      vertex -1.3487 49.0349 0
    endloop
  endfacet
  facet normal 0.946943 -0.321403 0
    outer loop
      vertex -1.64207 48.44 2.5
      vertex -1.57059 48.6506 0
      vertex -1.57059 48.6506 2.5
    endloop
  endfacet
  facet normal 0.946943 -0.321403 0
    outer loop
      vertex -1.57059 48.6506 0
      vertex -1.64207 48.44 2.5
      vertex -1.64207 48.44 0
    endloop
  endfacet
  facet normal 0.555445 -0.831553 0
    outer loop
      vertex -1.03489 49.3487 0
      vertex -0.849999 49.4722 2.5
      vertex -1.03489 49.3487 2.5
    endloop
  endfacet
  facet normal 0.555445 -0.831553 0
    outer loop
      vertex -0.849999 49.4722 2.5
      vertex -1.03489 49.3487 0
      vertex -0.849999 49.4722 0
    endloop
  endfacet
  facet normal 0.195167 -0.98077 0
    outer loop
      vertex -0.439992 49.6421 0
      vertex -0.221894 49.6855 2.5
      vertex -0.439992 49.6421 2.5
    endloop
  endfacet
  facet normal 0.195167 -0.98077 0
    outer loop
      vertex -0.221894 49.6855 2.5
      vertex -0.439992 49.6421 0
      vertex -0.221894 49.6855 0
    endloop
  endfacet
  facet normal -0.751863 0.659319 0
    outer loop
      vertex 1.20208 46.7979 0
      vertex 1.3487 46.9651 2.5
      vertex 1.3487 46.9651 0
    endloop
  endfacet
  facet normal -0.751863 0.659319 0
    outer loop
      vertex 1.3487 46.9651 2.5
      vertex 1.20208 46.7979 0
      vertex 1.20208 46.7979 2.5
    endloop
  endfacet
  facet normal -0.980779 0.195122 0
    outer loop
      vertex 1.64207 47.56 0
      vertex 1.68546 47.7781 2.5
      vertex 1.68546 47.7781 0
    endloop
  endfacet
  facet normal -0.980779 0.195122 0
    outer loop
      vertex 1.68546 47.7781 2.5
      vertex 1.64207 47.56 0
      vertex 1.64207 47.56 2.5
    endloop
  endfacet
  facet normal 0.442463 0.896787 -0
    outer loop
      vertex -0.650561 46.4294 0
      vertex -0.849999 46.5278 2.5
      vertex -0.650561 46.4294 2.5
    endloop
  endfacet
  facet normal 0.442463 0.896787 0
    outer loop
      vertex -0.849999 46.5278 2.5
      vertex -0.650561 46.4294 0
      vertex -0.849999 46.5278 0
    endloop
  endfacet
  facet normal 0.659291 0.751888 -0
    outer loop
      vertex -1.03489 46.6513 0
      vertex -1.20208 46.7979 2.5
      vertex -1.03489 46.6513 2.5
    endloop
  endfacet
  facet normal 0.659291 0.751888 0
    outer loop
      vertex -1.20208 46.7979 2.5
      vertex -1.03489 46.6513 0
      vertex -1.20208 46.7979 0
    endloop
  endfacet
  facet normal 0.321526 0.946901 -0
    outer loop
      vertex -0.439992 46.3579 0
      vertex -0.650561 46.4294 2.5
      vertex -0.439992 46.3579 2.5
    endloop
  endfacet
  facet normal 0.321526 0.946901 0
    outer loop
      vertex -0.650561 46.4294 2.5
      vertex -0.439992 46.3579 0
      vertex -0.650561 46.4294 0
    endloop
  endfacet
  facet normal 0.751863 0.659319 0
    outer loop
      vertex -1.20208 46.7979 2.5
      vertex -1.3487 46.9651 0
      vertex -1.3487 46.9651 2.5
    endloop
  endfacet
  facet normal 0.751863 0.659319 0
    outer loop
      vertex -1.3487 46.9651 0
      vertex -1.20208 46.7979 2.5
      vertex -1.20208 46.7979 0
    endloop
  endfacet
  facet normal -0.946943 -0.321403 0
    outer loop
      vertex 1.64207 48.44 0
      vertex 1.57059 48.6506 2.5
      vertex 1.57059 48.6506 0
    endloop
  endfacet
  facet normal -0.946943 -0.321403 0
    outer loop
      vertex 1.57059 48.6506 2.5
      vertex 1.64207 48.44 0
      vertex 1.64207 48.44 2.5
    endloop
  endfacet
  facet normal -0.555445 -0.831553 0
    outer loop
      vertex 0.849999 49.4722 0
      vertex 1.03489 49.3487 2.5
      vertex 0.849999 49.4722 2.5
    endloop
  endfacet
  facet normal -0.555445 -0.831553 -0
    outer loop
      vertex 1.03489 49.3487 2.5
      vertex 0.849999 49.4722 0
      vertex 1.03489 49.3487 0
    endloop
  endfacet
  facet normal 0.896843 -0.442349 0
    outer loop
      vertex -1.57059 48.6506 2.5
      vertex -1.47224 48.85 0
      vertex -1.47224 48.85 2.5
    endloop
  endfacet
  facet normal 0.896843 -0.442349 0
    outer loop
      vertex -1.47224 48.85 0
      vertex -1.57059 48.6506 2.5
      vertex -1.57059 48.6506 0
    endloop
  endfacet
  facet normal 0.980779 -0.195122 0
    outer loop
      vertex -1.68546 48.2219 2.5
      vertex -1.64207 48.44 0
      vertex -1.64207 48.44 2.5
    endloop
  endfacet
  facet normal 0.980779 -0.195122 0
    outer loop
      vertex -1.64207 48.44 0
      vertex -1.68546 48.2219 2.5
      vertex -1.68546 48.2219 0
    endloop
  endfacet
  facet normal 0.0652074 -0.997872 0
    outer loop
      vertex -0.221894 49.6855 0
      vertex 0 49.7 2.5
      vertex -0.221894 49.6855 2.5
    endloop
  endfacet
  facet normal 0.0652074 -0.997872 0
    outer loop
      vertex 0 49.7 2.5
      vertex -0.221894 49.6855 0
      vertex 0 49.7 0
    endloop
  endfacet
  facet normal -0.99786 0.0653848 0
    outer loop
      vertex 1.68546 47.7781 0
      vertex 1.7 48 2.5
      vertex 1.7 48 0
    endloop
  endfacet
  facet normal -0.99786 0.0653848 0
    outer loop
      vertex 1.7 48 2.5
      vertex 1.68546 47.7781 0
      vertex 1.68546 47.7781 2.5
    endloop
  endfacet
  facet normal -0.0652074 0.997872 0
    outer loop
      vertex 0.221894 46.3145 0
      vertex 0 46.3 2.5
      vertex 0.221894 46.3145 2.5
    endloop
  endfacet
  facet normal -0.0652074 0.997872 0
    outer loop
      vertex 0 46.3 2.5
      vertex 0.221894 46.3145 0
      vertex 0 46.3 0
    endloop
  endfacet
  facet normal -0.321526 0.946901 0
    outer loop
      vertex 0.650561 46.4294 0
      vertex 0.439992 46.3579 2.5
      vertex 0.650561 46.4294 2.5
    endloop
  endfacet
  facet normal -0.321526 0.946901 0
    outer loop
      vertex 0.439992 46.3579 2.5
      vertex 0.650561 46.4294 0
      vertex 0.439992 46.3579 0
    endloop
  endfacet
  facet normal -0.442463 0.896787 0
    outer loop
      vertex 0.849999 46.5278 0
      vertex 0.650561 46.4294 2.5
      vertex 0.849999 46.5278 2.5
    endloop
  endfacet
  facet normal -0.442463 0.896787 0
    outer loop
      vertex 0.650561 46.4294 2.5
      vertex 0.849999 46.5278 0
      vertex 0.650561 46.4294 0
    endloop
  endfacet
  facet normal -0.659291 0.751888 0
    outer loop
      vertex 1.20208 46.7979 0
      vertex 1.03489 46.6513 2.5
      vertex 1.20208 46.7979 2.5
    endloop
  endfacet
  facet normal -0.659291 0.751888 0
    outer loop
      vertex 1.03489 46.6513 2.5
      vertex 1.20208 46.7979 0
      vertex 1.03489 46.6513 0
    endloop
  endfacet
  facet normal -0.555445 0.831553 0
    outer loop
      vertex 1.03489 46.6513 0
      vertex 0.849999 46.5278 2.5
      vertex 1.03489 46.6513 2.5
    endloop
  endfacet
  facet normal -0.555445 0.831553 0
    outer loop
      vertex 0.849999 46.5278 2.5
      vertex 1.03489 46.6513 0
      vertex 0.849999 46.5278 0
    endloop
  endfacet
  facet normal -0.946943 0.321403 0
    outer loop
      vertex 1.57059 47.3494 0
      vertex 1.64207 47.56 2.5
      vertex 1.64207 47.56 0
    endloop
  endfacet
  facet normal -0.946943 0.321403 0
    outer loop
      vertex 1.64207 47.56 2.5
      vertex 1.57059 47.3494 0
      vertex 1.57059 47.3494 2.5
    endloop
  endfacet
  facet normal -0.831483 0.555551 0
    outer loop
      vertex 1.3487 46.9651 0
      vertex 1.47224 47.15 2.5
      vertex 1.47224 47.15 0
    endloop
  endfacet
  facet normal -0.831483 0.555551 0
    outer loop
      vertex 1.47224 47.15 2.5
      vertex 1.3487 46.9651 0
      vertex 1.3487 46.9651 2.5
    endloop
  endfacet
  facet normal -0.896843 0.442349 0
    outer loop
      vertex 1.47224 47.15 0
      vertex 1.57059 47.3494 2.5
      vertex 1.57059 47.3494 0
    endloop
  endfacet
  facet normal -0.896843 0.442349 0
    outer loop
      vertex 1.57059 47.3494 2.5
      vertex 1.47224 47.15 0
      vertex 1.47224 47.15 2.5
    endloop
  endfacet
  facet normal 0.555445 0.831553 -0
    outer loop
      vertex -0.849999 46.5278 0
      vertex -1.03489 46.6513 2.5
      vertex -0.849999 46.5278 2.5
    endloop
  endfacet
  facet normal 0.555445 0.831553 0
    outer loop
      vertex -1.03489 46.6513 2.5
      vertex -0.849999 46.5278 0
      vertex -1.03489 46.6513 0
    endloop
  endfacet
  facet normal 0.195167 0.98077 -0
    outer loop
      vertex -0.221894 46.3145 0
      vertex -0.439992 46.3579 2.5
      vertex -0.221894 46.3145 2.5
    endloop
  endfacet
  facet normal 0.195167 0.98077 0
    outer loop
      vertex -0.439992 46.3579 2.5
      vertex -0.221894 46.3145 0
      vertex -0.439992 46.3579 0
    endloop
  endfacet
  facet normal 0.896843 0.442349 0
    outer loop
      vertex -1.47224 47.15 2.5
      vertex -1.57059 47.3494 0
      vertex -1.57059 47.3494 2.5
    endloop
  endfacet
  facet normal 0.896843 0.442349 0
    outer loop
      vertex -1.57059 47.3494 0
      vertex -1.47224 47.15 2.5
      vertex -1.47224 47.15 0
    endloop
  endfacet
  facet normal 0.946943 0.321403 0
    outer loop
      vertex -1.57059 47.3494 2.5
      vertex -1.64207 47.56 0
      vertex -1.64207 47.56 2.5
    endloop
  endfacet
  facet normal 0.946943 0.321403 0
    outer loop
      vertex -1.64207 47.56 0
      vertex -1.57059 47.3494 2.5
      vertex -1.57059 47.3494 0
    endloop
  endfacet
  facet normal 0.99786 0.0653848 0
    outer loop
      vertex -1.68546 47.7781 2.5
      vertex -1.7 48 0
      vertex -1.7 48 2.5
    endloop
  endfacet
  facet normal 0.99786 0.0653848 0
    outer loop
      vertex -1.7 48 0
      vertex -1.68546 47.7781 2.5
      vertex -1.68546 47.7781 0
    endloop
  endfacet
  facet normal -0.751863 -0.659319 0
    outer loop
      vertex 1.3487 49.0349 0
      vertex 1.20208 49.2021 2.5
      vertex 1.20208 49.2021 0
    endloop
  endfacet
  facet normal -0.751863 -0.659319 0
    outer loop
      vertex 1.20208 49.2021 2.5
      vertex 1.3487 49.0349 0
      vertex 1.3487 49.0349 2.5
    endloop
  endfacet
  facet normal 0.442463 -0.896787 0
    outer loop
      vertex -0.849999 49.4722 0
      vertex -0.650561 49.5706 2.5
      vertex -0.849999 49.4722 2.5
    endloop
  endfacet
  facet normal 0.442463 -0.896787 0
    outer loop
      vertex -0.650561 49.5706 2.5
      vertex -0.849999 49.4722 0
      vertex -0.650561 49.5706 0
    endloop
  endfacet
  facet normal -0.195167 0.98077 0
    outer loop
      vertex 0.439992 46.3579 0
      vertex 0.221894 46.3145 2.5
      vertex 0.439992 46.3579 2.5
    endloop
  endfacet
  facet normal -0.195167 0.98077 0
    outer loop
      vertex 0.221894 46.3145 2.5
      vertex 0.439992 46.3579 0
      vertex 0.221894 46.3145 0
    endloop
  endfacet
  facet normal 0.831483 0.555551 0
    outer loop
      vertex -1.3487 46.9651 2.5
      vertex -1.47224 47.15 0
      vertex -1.47224 47.15 2.5
    endloop
  endfacet
  facet normal 0.831483 0.555551 0
    outer loop
      vertex -1.47224 47.15 0
      vertex -1.3487 46.9651 2.5
      vertex -1.3487 46.9651 0
    endloop
  endfacet
  facet normal 0.980779 0.195122 0
    outer loop
      vertex -1.64207 47.56 2.5
      vertex -1.68546 47.7781 0
      vertex -1.68546 47.7781 2.5
    endloop
  endfacet
  facet normal 0.980779 0.195122 0
    outer loop
      vertex -1.68546 47.7781 0
      vertex -1.64207 47.56 2.5
      vertex -1.64207 47.56 0
    endloop
  endfacet
  facet normal 0 -1 0
    outer loop
      vertex -2.5 58 0
      vertex 7 58 2.5
      vertex -2.5 58 2.5
    endloop
  endfacet
  facet normal 0 -1 -0
    outer loop
      vertex 7 58 2.5
      vertex -2.5 58 0
      vertex 7 58 0
    endloop
  endfacet
  facet normal 0.0652369 -0.99787 0
    outer loop
      vertex 7 58 0
      vertex 7.19579 58.0128 2.5
      vertex 7 58 2.5
    endloop
  endfacet
  facet normal 0.0652369 -0.99787 0
    outer loop
      vertex 7.19579 58.0128 2.5
      vertex 7 58 0
      vertex 7.19579 58.0128 0
    endloop
  endfacet
  facet normal 0.195195 -0.980764 0
    outer loop
      vertex 7.19579 58.0128 0
      vertex 7.38823 58.0511 2.5
      vertex 7.19579 58.0128 2.5
    endloop
  endfacet
  facet normal 0.195195 -0.980764 0
    outer loop
      vertex 7.38823 58.0511 2.5
      vertex 7.19579 58.0128 0
      vertex 7.38823 58.0511 0
    endloop
  endfacet
  facet normal -0.0652369 0.99787 0
    outer loop
      vertex -2.5 70 0
      vertex -2.69579 69.9872 2.5
      vertex -2.5 70 2.5
    endloop
  endfacet
  facet normal -0.0652369 0.99787 0
    outer loop
      vertex -2.69579 69.9872 2.5
      vertex -2.5 70 0
      vertex -2.69579 69.9872 0
    endloop
  endfacet
  facet normal 0.0652369 0.99787 -0
    outer loop
      vertex 7.19579 69.9872 0
      vertex 7 70 2.5
      vertex 7.19579 69.9872 2.5
    endloop
  endfacet
  facet normal 0.0652369 0.99787 0
    outer loop
      vertex 7 70 2.5
      vertex 7.19579 69.9872 0
      vertex 7 70 0
    endloop
  endfacet
  facet normal -0.831399 0.555676 0
    outer loop
      vertex -3.79904 69.25 0
      vertex -3.69003 69.4131 2.5
      vertex -3.69003 69.4131 0
    endloop
  endfacet
  facet normal -0.831399 0.555676 0
    outer loop
      vertex -3.69003 69.4131 2.5
      vertex -3.79904 69.25 0
      vertex -3.79904 69.25 2.5
    endloop
  endfacet
  facet normal 0 1 -0
    outer loop
      vertex 7 70 0
      vertex -2.5 70 2.5
      vertex 7 70 2.5
    endloop
  endfacet
  facet normal 0 1 0
    outer loop
      vertex -2.5 70 2.5
      vertex 7 70 0
      vertex -2.5 70 0
    endloop
  endfacet
  facet normal -0.442355 0.89684 0
    outer loop
      vertex -3.07402 69.8858 0
      vertex -3.25 69.799 2.5
      vertex -3.07402 69.8858 2.5
    endloop
  endfacet
  facet normal -0.442355 0.89684 0
    outer loop
      vertex -3.25 69.799 2.5
      vertex -3.07402 69.8858 0
      vertex -3.25 69.799 0
    endloop
  endfacet
  facet normal 0 0 1
    outer loop
      vertex 7 70 2.5
      vertex 8.5 68.5 2.5
      vertex 8.48717 68.6958 2.5
    endloop
  endfacet
  facet normal 0 0 1
    outer loop
      vertex 8.5 68.5 2.5
      vertex 1.7 64 2.5
      vertex 8.5 59.5 2.5
    endloop
  endfacet
  facet normal 0 0 1
    outer loop
      vertex 7 70 2.5
      vertex 8.48717 68.6958 2.5
      vertex 8.44888 68.8882 2.5
    endloop
  endfacet
  facet normal -0 0 1
    outer loop
      vertex 1.68546 63.7781 2.5
      vertex 8.5 59.5 2.5
      vertex 1.7 64 2.5
    endloop
  endfacet
  facet normal 0 0 1
    outer loop
      vertex 7 70 2.5
      vertex 8.44888 68.8882 2.5
      vertex 8.38582 69.074 2.5
    endloop
  endfacet
  facet normal -0 0 1
    outer loop
      vertex 1.64207 63.56 2.5
      vertex 8.5 59.5 2.5
      vertex 1.68546 63.7781 2.5
    endloop
  endfacet
  facet normal 0 0 1
    outer loop
      vertex 7 70 2.5
      vertex 8.38582 69.074 2.5
      vertex 8.29904 69.25 2.5
    endloop
  endfacet
  facet normal -0 0 1
    outer loop
      vertex 1.57059 63.3494 2.5
      vertex 8.5 59.5 2.5
      vertex 1.64207 63.56 2.5
    endloop
  endfacet
  facet normal 0 0 1
    outer loop
      vertex 7 70 2.5
      vertex 8.29904 69.25 2.5
      vertex 8.19003 69.4131 2.5
    endloop
  endfacet
  facet normal -0 0 1
    outer loop
      vertex 1.47224 63.15 2.5
      vertex 8.5 59.5 2.5
      vertex 1.57059 63.3494 2.5
    endloop
  endfacet
  facet normal 0 0 1
    outer loop
      vertex 7 70 2.5
      vertex 8.19003 69.4131 2.5
      vertex 8.06065 69.5607 2.5
    endloop
  endfacet
  facet normal 0 0 1
    outer loop
      vertex 8.5 59.5 2.5
      vertex 7 58 2.5
      vertex 8.48717 59.3042 2.5
    endloop
  endfacet
  facet normal 0 0 1
    outer loop
      vertex 7 70 2.5
      vertex 8.06065 69.5607 2.5
      vertex 7.91315 69.69 2.5
    endloop
  endfacet
  facet normal 0 0 1
    outer loop
      vertex 8.48717 59.3042 2.5
      vertex 7 58 2.5
      vertex 8.44888 59.1118 2.5
    endloop
  endfacet
  facet normal 0 0 1
    outer loop
      vertex 7 70 2.5
      vertex 7.91315 69.69 2.5
      vertex 7.75 69.799 2.5
    endloop
  endfacet
  facet normal 0 0 1
    outer loop
      vertex 8.44888 59.1118 2.5
      vertex 7 58 2.5
      vertex 8.38582 58.926 2.5
    endloop
  endfacet
  facet normal 0 0 1
    outer loop
      vertex 7 70 2.5
      vertex 7.75 69.799 2.5
      vertex 7.57402 69.8858 2.5
    endloop
  endfacet
  facet normal 0 0 1
    outer loop
      vertex 8.29904 58.75 2.5
      vertex 7 58 2.5
      vertex 8.19003 58.5869 2.5
    endloop
  endfacet
  facet normal 0 0 1
    outer loop
      vertex 7 70 2.5
      vertex 7.57402 69.8858 2.5
      vertex 7.38823 69.9489 2.5
    endloop
  endfacet
  facet normal 0 0 1
    outer loop
      vertex 8.19003 58.5869 2.5
      vertex 7 58 2.5
      vertex 8.06065 58.4393 2.5
    endloop
  endfacet
  facet normal 0 0 1
    outer loop
      vertex 7 70 2.5
      vertex 7.38823 69.9489 2.5
      vertex 7.19579 69.9872 2.5
    endloop
  endfacet
  facet normal 0 0 1
    outer loop
      vertex 8.06065 58.4393 2.5
      vertex 7 58 2.5
      vertex 7.91315 58.31 2.5
    endloop
  endfacet
  facet normal 0 0 1
    outer loop
      vertex 1.47224 64.85 2.5
      vertex 8.5 68.5 2.5
      vertex 7 70 2.5
    endloop
  endfacet
  facet normal 0 0 1
    outer loop
      vertex 7.75 58.201 2.5
      vertex 7 58 2.5
      vertex 7.57402 58.1142 2.5
    endloop
  endfacet
  facet normal 0 0 1
    outer loop
      vertex 7.57402 58.1142 2.5
      vertex 7 58 2.5
      vertex 7.38823 58.0511 2.5
    endloop
  endfacet
  facet normal 0 0 1
    outer loop
      vertex 8.5 68.5 2.5
      vertex 1.68546 64.2219 2.5
      vertex 1.7 64 2.5
    endloop
  endfacet
  facet normal 0 0 1
    outer loop
      vertex 8.5 68.5 2.5
      vertex 1.64207 64.44 2.5
      vertex 1.68546 64.2219 2.5
    endloop
  endfacet
  facet normal 0 0 1
    outer loop
      vertex 8.5 68.5 2.5
      vertex 1.57059 64.6506 2.5
      vertex 1.64207 64.44 2.5
    endloop
  endfacet
  facet normal 0 0 1
    outer loop
      vertex 8.5 68.5 2.5
      vertex 1.47224 64.85 2.5
      vertex 1.57059 64.6506 2.5
    endloop
  endfacet
  facet normal 0 0 1
    outer loop
      vertex 7 70 2.5
      vertex 1.3487 65.0349 2.5
      vertex 1.47224 64.85 2.5
    endloop
  endfacet
  facet normal 0 0 1
    outer loop
      vertex 7 70 2.5
      vertex 1.20208 65.2021 2.5
      vertex 1.3487 65.0349 2.5
    endloop
  endfacet
  facet normal 0 0 1
    outer loop
      vertex 7 70 2.5
      vertex 1.03489 65.3487 2.5
      vertex 1.20208 65.2021 2.5
    endloop
  endfacet
  facet normal 0 0 1
    outer loop
      vertex 7 70 2.5
      vertex 0.849999 65.4722 2.5
      vertex 1.03489 65.3487 2.5
    endloop
  endfacet
  facet normal 0 0 1
    outer loop
      vertex 7 70 2.5
      vertex 0.650561 65.5706 2.5
      vertex 0.849999 65.4722 2.5
    endloop
  endfacet
  facet normal -0 0 1
    outer loop
      vertex -2.5 70 2.5
      vertex 0.650561 65.5706 2.5
      vertex 7 70 2.5
    endloop
  endfacet
  facet normal 0 0 1
    outer loop
      vertex 0.650561 65.5706 2.5
      vertex -2.5 70 2.5
      vertex 0.439992 65.6421 2.5
    endloop
  endfacet
  facet normal 0 0 1
    outer loop
      vertex 0.439992 65.6421 2.5
      vertex -2.5 70 2.5
      vertex 0.221894 65.6855 2.5
    endloop
  endfacet
  facet normal 0 0 1
    outer loop
      vertex 0.221894 65.6855 2.5
      vertex -2.5 70 2.5
      vertex 0 65.7 2.5
    endloop
  endfacet
  facet normal 0 0 1
    outer loop
      vertex 0 65.7 2.5
      vertex -2.5 70 2.5
      vertex -0.221894 65.6855 2.5
    endloop
  endfacet
  facet normal 0 0 1
    outer loop
      vertex -0.221894 65.6855 2.5
      vertex -2.5 70 2.5
      vertex -0.439992 65.6421 2.5
    endloop
  endfacet
  facet normal 0 0 1
    outer loop
      vertex -0.439992 65.6421 2.5
      vertex -2.5 70 2.5
      vertex -0.650561 65.5706 2.5
    endloop
  endfacet
  facet normal 0 0 1
    outer loop
      vertex -1.64207 64.44 2.5
      vertex -4 68.5 2.5
      vertex -1.68546 64.2219 2.5
    endloop
  endfacet
  facet normal 0 0 1
    outer loop
      vertex -1.57059 64.6506 2.5
      vertex -4 68.5 2.5
      vertex -1.64207 64.44 2.5
    endloop
  endfacet
  facet normal 0 0 1
    outer loop
      vertex -1.47224 64.85 2.5
      vertex -4 68.5 2.5
      vertex -1.57059 64.6506 2.5
    endloop
  endfacet
  facet normal 0 0 1
    outer loop
      vertex -1.3487 65.0349 2.5
      vertex -4 68.5 2.5
      vertex -1.47224 64.85 2.5
    endloop
  endfacet
  facet normal 0 0 1
    outer loop
      vertex -1.20208 65.2021 2.5
      vertex -4 68.5 2.5
      vertex -1.3487 65.0349 2.5
    endloop
  endfacet
  facet normal 0 0 1
    outer loop
      vertex -1.03489 65.3487 2.5
      vertex -4 68.5 2.5
      vertex -1.20208 65.2021 2.5
    endloop
  endfacet
  facet normal 0 0 1
    outer loop
      vertex -0.849999 65.4722 2.5
      vertex -4 68.5 2.5
      vertex -1.03489 65.3487 2.5
    endloop
  endfacet
  facet normal 0 0 1
    outer loop
      vertex -0.650561 65.5706 2.5
      vertex -4 68.5 2.5
      vertex -0.849999 65.4722 2.5
    endloop
  endfacet
  facet normal -0 0 1
    outer loop
      vertex -4 68.5 2.5
      vertex -0.650561 65.5706 2.5
      vertex -2.5 70 2.5
    endloop
  endfacet
  facet normal 0 0 1
    outer loop
      vertex 7.38823 58.0511 2.5
      vertex 7 58 2.5
      vertex 7.19579 58.0128 2.5
    endloop
  endfacet
  facet normal 0 0 1
    outer loop
      vertex 7.91315 58.31 2.5
      vertex 7 58 2.5
      vertex 7.75 58.201 2.5
    endloop
  endfacet
  facet normal 0 0 1
    outer loop
      vertex 8.38582 58.926 2.5
      vertex 7 58 2.5
      vertex 8.29904 58.75 2.5
    endloop
  endfacet
  facet normal 0 0 1
    outer loop
      vertex 8.5 59.5 2.5
      vertex 1.47224 63.15 2.5
      vertex 7 58 2.5
    endloop
  endfacet
  facet normal -0 0 1
    outer loop
      vertex 1.3487 62.9651 2.5
      vertex 7 58 2.5
      vertex 1.47224 63.15 2.5
    endloop
  endfacet
  facet normal -0 0 1
    outer loop
      vertex 1.20208 62.7979 2.5
      vertex 7 58 2.5
      vertex 1.3487 62.9651 2.5
    endloop
  endfacet
  facet normal -0 0 1
    outer loop
      vertex 1.03489 62.6513 2.5
      vertex 7 58 2.5
      vertex 1.20208 62.7979 2.5
    endloop
  endfacet
  facet normal -0 0 1
    outer loop
      vertex 0.849999 62.5278 2.5
      vertex 7 58 2.5
      vertex 1.03489 62.6513 2.5
    endloop
  endfacet
  facet normal -0 0 1
    outer loop
      vertex 0.650561 62.4294 2.5
      vertex 7 58 2.5
      vertex 0.849999 62.5278 2.5
    endloop
  endfacet
  facet normal 0 0 1
    outer loop
      vertex -2.5 58 2.5
      vertex 0.650561 62.4294 2.5
      vertex 0.439992 62.3579 2.5
    endloop
  endfacet
  facet normal 0 0 1
    outer loop
      vertex -2.5 58 2.5
      vertex 0.439992 62.3579 2.5
      vertex 0.221894 62.3145 2.5
    endloop
  endfacet
  facet normal 0 0 1
    outer loop
      vertex -2.5 58 2.5
      vertex 0.221894 62.3145 2.5
      vertex 0 62.3 2.5
    endloop
  endfacet
  facet normal 0 0 1
    outer loop
      vertex -2.5 58 2.5
      vertex 0 62.3 2.5
      vertex -0.221894 62.3145 2.5
    endloop
  endfacet
  facet normal 0 0 1
    outer loop
      vertex -2.5 58 2.5
      vertex -0.221894 62.3145 2.5
      vertex -0.439992 62.3579 2.5
    endloop
  endfacet
  facet normal 0 0 1
    outer loop
      vertex -2.5 58 2.5
      vertex -0.439992 62.3579 2.5
      vertex -0.650561 62.4294 2.5
    endloop
  endfacet
  facet normal 0 0 1
    outer loop
      vertex -4 59.5 2.5
      vertex -0.650561 62.4294 2.5
      vertex -0.849999 62.5278 2.5
    endloop
  endfacet
  facet normal 0 0 1
    outer loop
      vertex -1.68546 64.2219 2.5
      vertex -4 68.5 2.5
      vertex -1.7 64 2.5
    endloop
  endfacet
  facet normal 0 0 1
    outer loop
      vertex 0.650561 62.4294 2.5
      vertex -2.5 58 2.5
      vertex 7 58 2.5
    endloop
  endfacet
  facet normal 0 0 1
    outer loop
      vertex -4 59.5 2.5
      vertex -0.849999 62.5278 2.5
      vertex -1.03489 62.6513 2.5
    endloop
  endfacet
  facet normal 0 0 1
    outer loop
      vertex -4 59.5 2.5
      vertex -1.03489 62.6513 2.5
      vertex -1.20208 62.7979 2.5
    endloop
  endfacet
  facet normal 0 0 1
    outer loop
      vertex -4 59.5 2.5
      vertex -1.20208 62.7979 2.5
      vertex -1.3487 62.9651 2.5
    endloop
  endfacet
  facet normal 0 0 1
    outer loop
      vertex -4 59.5 2.5
      vertex -1.3487 62.9651 2.5
      vertex -1.47224 63.15 2.5
    endloop
  endfacet
  facet normal 0 0 1
    outer loop
      vertex -4 59.5 2.5
      vertex -1.47224 63.15 2.5
      vertex -1.57059 63.3494 2.5
    endloop
  endfacet
  facet normal 0 0 1
    outer loop
      vertex -4 59.5 2.5
      vertex -1.57059 63.3494 2.5
      vertex -1.64207 63.56 2.5
    endloop
  endfacet
  facet normal 0 0 1
    outer loop
      vertex -4 59.5 2.5
      vertex -1.64207 63.56 2.5
      vertex -1.68546 63.7781 2.5
    endloop
  endfacet
  facet normal 0 0 1
    outer loop
      vertex -4 59.5 2.5
      vertex -1.7 64 2.5
      vertex -4 68.5 2.5
    endloop
  endfacet
  facet normal 0 0 1
    outer loop
      vertex -4 68.5 2.5
      vertex -2.5 70 2.5
      vertex -2.69579 69.9872 2.5
    endloop
  endfacet
  facet normal 0 0 1
    outer loop
      vertex -1.7 64 2.5
      vertex -4 59.5 2.5
      vertex -1.68546 63.7781 2.5
    endloop
  endfacet
  facet normal 0 0 1
    outer loop
      vertex -4 68.5 2.5
      vertex -2.69579 69.9872 2.5
      vertex -2.88823 69.9489 2.5
    endloop
  endfacet
  facet normal 0 0 1
    outer loop
      vertex -0.650561 62.4294 2.5
      vertex -4 59.5 2.5
      vertex -2.5 58 2.5
    endloop
  endfacet
  facet normal 0 0 1
    outer loop
      vertex -4 68.5 2.5
      vertex -2.88823 69.9489 2.5
      vertex -3.07402 69.8858 2.5
    endloop
  endfacet
  facet normal 0 0 1
    outer loop
      vertex -2.5 58 2.5
      vertex -4 59.5 2.5
      vertex -2.69579 58.0128 2.5
    endloop
  endfacet
  facet normal 0 0 1
    outer loop
      vertex -4 68.5 2.5
      vertex -3.07402 69.8858 2.5
      vertex -3.25 69.799 2.5
    endloop
  endfacet
  facet normal 0 0 1
    outer loop
      vertex -2.69579 58.0128 2.5
      vertex -4 59.5 2.5
      vertex -2.88823 58.0511 2.5
    endloop
  endfacet
  facet normal 0 0 1
    outer loop
      vertex -4 68.5 2.5
      vertex -3.25 69.799 2.5
      vertex -3.41315 69.69 2.5
    endloop
  endfacet
  facet normal 0 0 1
    outer loop
      vertex -2.88823 58.0511 2.5
      vertex -4 59.5 2.5
      vertex -3.07402 58.1142 2.5
    endloop
  endfacet
  facet normal 0 0 1
    outer loop
      vertex -4 68.5 2.5
      vertex -3.41315 69.69 2.5
      vertex -3.56065 69.5607 2.5
    endloop
  endfacet
  facet normal 0 0 1
    outer loop
      vertex -3.07402 58.1142 2.5
      vertex -4 59.5 2.5
      vertex -3.25 58.201 2.5
    endloop
  endfacet
  facet normal 0 0 1
    outer loop
      vertex -4 68.5 2.5
      vertex -3.56065 69.5607 2.5
      vertex -3.69003 69.4131 2.5
    endloop
  endfacet
  facet normal 0 0 1
    outer loop
      vertex -3.25 58.201 2.5
      vertex -4 59.5 2.5
      vertex -3.41315 58.31 2.5
    endloop
  endfacet
  facet normal 0 0 1
    outer loop
      vertex -4 68.5 2.5
      vertex -3.69003 69.4131 2.5
      vertex -3.79904 69.25 2.5
    endloop
  endfacet
  facet normal 0 0 1
    outer loop
      vertex -3.41315 58.31 2.5
      vertex -4 59.5 2.5
      vertex -3.56065 58.4393 2.5
    endloop
  endfacet
  facet normal 0 0 1
    outer loop
      vertex -4 68.5 2.5
      vertex -3.79904 69.25 2.5
      vertex -3.88582 69.074 2.5
    endloop
  endfacet
  facet normal 0 0 1
    outer loop
      vertex -3.56065 58.4393 2.5
      vertex -4 59.5 2.5
      vertex -3.69003 58.5869 2.5
    endloop
  endfacet
  facet normal 0 0 1
    outer loop
      vertex -4 68.5 2.5
      vertex -3.88582 69.074 2.5
      vertex -3.94888 68.8882 2.5
    endloop
  endfacet
  facet normal 0 0 1
    outer loop
      vertex -3.69003 58.5869 2.5
      vertex -4 59.5 2.5
      vertex -3.79904 58.75 2.5
    endloop
  endfacet
  facet normal 0 0 1
    outer loop
      vertex -4 68.5 2.5
      vertex -3.94888 68.8882 2.5
      vertex -3.98717 68.6958 2.5
    endloop
  endfacet
  facet normal 0 0 1
    outer loop
      vertex -3.79904 58.75 2.5
      vertex -4 59.5 2.5
      vertex -3.88582 58.926 2.5
    endloop
  endfacet
  facet normal 0 0 1
    outer loop
      vertex -3.88582 58.926 2.5
      vertex -4 59.5 2.5
      vertex -3.94888 59.1118 2.5
    endloop
  endfacet
  facet normal 0 0 1
    outer loop
      vertex -3.94888 59.1118 2.5
      vertex -4 59.5 2.5
      vertex -3.98717 59.3042 2.5
    endloop
  endfacet
  facet normal -0.442355 -0.89684 0
    outer loop
      vertex -3.25 58.201 0
      vertex -3.07402 58.1142 2.5
      vertex -3.25 58.201 2.5
    endloop
  endfacet
  facet normal -0.442355 -0.89684 -0
    outer loop
      vertex -3.07402 58.1142 2.5
      vertex -3.25 58.201 0
      vertex -3.07402 58.1142 0
    endloop
  endfacet
  facet normal 0.99786 -0.0653858 0
    outer loop
      vertex 8.48717 59.3042 2.5
      vertex 8.5 59.5 0
      vertex 8.5 59.5 2.5
    endloop
  endfacet
  facet normal 0.99786 -0.0653858 0
    outer loop
      vertex 8.5 59.5 0
      vertex 8.48717 59.3042 2.5
      vertex 8.48717 59.3042 0
    endloop
  endfacet
  facet normal 0.831399 0.555676 0
    outer loop
      vertex 8.29904 69.25 2.5
      vertex 8.19003 69.4131 0
      vertex 8.19003 69.4131 2.5
    endloop
  endfacet
  facet normal 0.831399 0.555676 0
    outer loop
      vertex 8.19003 69.4131 0
      vertex 8.29904 69.25 2.5
      vertex 8.29904 69.25 0
    endloop
  endfacet
  facet normal 0.555523 0.831501 -0
    outer loop
      vertex 7.91315 69.69 0
      vertex 7.75 69.799 2.5
      vertex 7.91315 69.69 2.5
    endloop
  endfacet
  facet normal 0.555523 0.831501 0
    outer loop
      vertex 7.75 69.799 2.5
      vertex 7.91315 69.69 0
      vertex 7.75 69.799 0
    endloop
  endfacet
  facet normal -0.8969 0.442233 0
    outer loop
      vertex -3.88582 69.074 0
      vertex -3.79904 69.25 2.5
      vertex -3.79904 69.25 0
    endloop
  endfacet
  facet normal -0.8969 0.442233 0
    outer loop
      vertex -3.79904 69.25 2.5
      vertex -3.88582 69.074 0
      vertex -3.88582 69.074 2.5
    endloop
  endfacet
  facet normal -0.555523 0.831501 0
    outer loop
      vertex -3.25 69.799 0
      vertex -3.41315 69.69 2.5
      vertex -3.25 69.799 2.5
    endloop
  endfacet
  facet normal -0.555523 0.831501 0
    outer loop
      vertex -3.41315 69.69 2.5
      vertex -3.25 69.799 0
      vertex -3.41315 69.69 0
    endloop
  endfacet
  facet normal -0.980766 -0.195185 0
    outer loop
      vertex -3.94888 59.1118 0
      vertex -3.98717 59.3042 2.5
      vertex -3.98717 59.3042 0
    endloop
  endfacet
  facet normal -0.980766 -0.195185 0
    outer loop
      vertex -3.98717 59.3042 2.5
      vertex -3.94888 59.1118 0
      vertex -3.94888 59.1118 2.5
    endloop
  endfacet
  facet normal -0.831399 -0.555676 0
    outer loop
      vertex -3.69003 58.5869 0
      vertex -3.79904 58.75 2.5
      vertex -3.79904 58.75 0
    endloop
  endfacet
  facet normal -0.831399 -0.555676 0
    outer loop
      vertex -3.79904 58.75 2.5
      vertex -3.69003 58.5869 0
      vertex -3.69003 58.5869 2.5
    endloop
  endfacet
  facet normal -0.99786 -0.0653858 0
    outer loop
      vertex -3.98717 59.3042 0
      vertex -4 59.5 2.5
      vertex -4 59.5 0
    endloop
  endfacet
  facet normal -0.99786 -0.0653858 0
    outer loop
      vertex -4 59.5 2.5
      vertex -3.98717 59.3042 0
      vertex -3.98717 59.3042 2.5
    endloop
  endfacet
  facet normal -0.99786 0.0653858 0
    outer loop
      vertex -4 68.5 0
      vertex -3.98717 68.6958 2.5
      vertex -3.98717 68.6958 0
    endloop
  endfacet
  facet normal -0.99786 0.0653858 0
    outer loop
      vertex -3.98717 68.6958 2.5
      vertex -4 68.5 0
      vertex -4 68.5 2.5
    endloop
  endfacet
  facet normal -0.195195 -0.980764 0
    outer loop
      vertex -2.88823 58.0511 0
      vertex -2.69579 58.0128 2.5
      vertex -2.88823 58.0511 2.5
    endloop
  endfacet
  facet normal -0.195195 -0.980764 -0
    outer loop
      vertex -2.69579 58.0128 2.5
      vertex -2.88823 58.0511 0
      vertex -2.69579 58.0128 0
    endloop
  endfacet
  facet normal -0.555523 -0.831501 0
    outer loop
      vertex -3.41315 58.31 0
      vertex -3.25 58.201 2.5
      vertex -3.41315 58.31 2.5
    endloop
  endfacet
  facet normal -0.555523 -0.831501 -0
    outer loop
      vertex -3.25 58.201 2.5
      vertex -3.41315 58.31 0
      vertex -3.25 58.201 0
    endloop
  endfacet
  facet normal -0.751996 -0.659168 0
    outer loop
      vertex -3.56065 58.4393 0
      vertex -3.69003 58.5869 2.5
      vertex -3.69003 58.5869 0
    endloop
  endfacet
  facet normal -0.751996 -0.659168 0
    outer loop
      vertex -3.69003 58.5869 2.5
      vertex -3.56065 58.4393 0
      vertex -3.56065 58.4393 2.5
    endloop
  endfacet
  facet normal 0.555523 -0.831501 0
    outer loop
      vertex 7.75 58.201 0
      vertex 7.91315 58.31 2.5
      vertex 7.75 58.201 2.5
    endloop
  endfacet
  facet normal 0.555523 -0.831501 0
    outer loop
      vertex 7.91315 58.31 2.5
      vertex 7.75 58.201 0
      vertex 7.91315 58.31 0
    endloop
  endfacet
  facet normal 0.442355 0.89684 -0
    outer loop
      vertex 7.75 69.799 0
      vertex 7.57402 69.8858 2.5
      vertex 7.75 69.799 2.5
    endloop
  endfacet
  facet normal 0.442355 0.89684 0
    outer loop
      vertex 7.57402 69.8858 2.5
      vertex 7.75 69.799 0
      vertex 7.57402 69.8858 0
    endloop
  endfacet
  facet normal -0.980766 0.195185 0
    outer loop
      vertex -3.98717 68.6958 0
      vertex -3.94888 68.8882 2.5
      vertex -3.94888 68.8882 0
    endloop
  endfacet
  facet normal -0.980766 0.195185 0
    outer loop
      vertex -3.94888 68.8882 2.5
      vertex -3.98717 68.6958 0
      vertex -3.98717 68.6958 2.5
    endloop
  endfacet
  facet normal -0.946947 0.321391 0
    outer loop
      vertex -3.94888 68.8882 0
      vertex -3.88582 69.074 2.5
      vertex -3.88582 69.074 0
    endloop
  endfacet
  facet normal -0.946947 0.321391 0
    outer loop
      vertex -3.88582 69.074 2.5
      vertex -3.94888 68.8882 0
      vertex -3.94888 68.8882 2.5
    endloop
  endfacet
  facet normal -0.8969 -0.442233 0
    outer loop
      vertex -3.79904 58.75 0
      vertex -3.88582 58.926 2.5
      vertex -3.88582 58.926 0
    endloop
  endfacet
  facet normal -0.8969 -0.442233 0
    outer loop
      vertex -3.88582 58.926 2.5
      vertex -3.79904 58.75 0
      vertex -3.79904 58.75 2.5
    endloop
  endfacet
  facet normal -1 0 0
    outer loop
      vertex -4 59.5 0
      vertex -4 68.5 2.5
      vertex -4 68.5 0
    endloop
  endfacet
  facet normal -1 -0 0
    outer loop
      vertex -4 68.5 2.5
      vertex -4 59.5 0
      vertex -4 59.5 2.5
    endloop
  endfacet
  facet normal 0 0 -1
    outer loop
      vertex 7 58 0
      vertex 8.5 59.5 0
      vertex 8.48717 59.3042 0
    endloop
  endfacet
  facet normal 0 0 -1
    outer loop
      vertex 8.5 59.5 0
      vertex 1.7 64 0
      vertex 8.5 68.5 0
    endloop
  endfacet
  facet normal 0 0 -1
    outer loop
      vertex 7 58 0
      vertex 8.48717 59.3042 0
      vertex 8.44888 59.1118 0
    endloop
  endfacet
  facet normal 0 0 -1
    outer loop
      vertex 1.68546 64.2219 0
      vertex 8.5 68.5 0
      vertex 1.7 64 0
    endloop
  endfacet
  facet normal 0 0 -1
    outer loop
      vertex 7 58 0
      vertex 8.44888 59.1118 0
      vertex 8.38582 58.926 0
    endloop
  endfacet
  facet normal 0 0 -1
    outer loop
      vertex 1.64207 64.44 0
      vertex 8.5 68.5 0
      vertex 1.68546 64.2219 0
    endloop
  endfacet
  facet normal 0 0 -1
    outer loop
      vertex 7 58 0
      vertex 8.38582 58.926 0
      vertex 8.29904 58.75 0
    endloop
  endfacet
  facet normal 0 0 -1
    outer loop
      vertex 1.57059 64.6506 0
      vertex 8.5 68.5 0
      vertex 1.64207 64.44 0
    endloop
  endfacet
  facet normal 0 0 -1
    outer loop
      vertex 7 58 0
      vertex 8.29904 58.75 0
      vertex 8.19003 58.5869 0
    endloop
  endfacet
  facet normal 0 0 -1
    outer loop
      vertex 1.47224 64.85 0
      vertex 8.5 68.5 0
      vertex 1.57059 64.6506 0
    endloop
  endfacet
  facet normal 0 0 -1
    outer loop
      vertex 7 58 0
      vertex 8.19003 58.5869 0
      vertex 8.06065 58.4393 0
    endloop
  endfacet
  facet normal 0 0 -1
    outer loop
      vertex 8.5 68.5 0
      vertex 7 70 0
      vertex 8.48717 68.6958 0
    endloop
  endfacet
  facet normal 0 0 -1
    outer loop
      vertex 7 58 0
      vertex 8.06065 58.4393 0
      vertex 7.91315 58.31 0
    endloop
  endfacet
  facet normal 0 0 -1
    outer loop
      vertex 8.48717 68.6958 0
      vertex 7 70 0
      vertex 8.44888 68.8882 0
    endloop
  endfacet
  facet normal 0 0 -1
    outer loop
      vertex 7 58 0
      vertex 7.91315 58.31 0
      vertex 7.75 58.201 0
    endloop
  endfacet
  facet normal 0 0 -1
    outer loop
      vertex 8.44888 68.8882 0
      vertex 7 70 0
      vertex 8.38582 69.074 0
    endloop
  endfacet
  facet normal 0 0 -1
    outer loop
      vertex 7 58 0
      vertex 7.75 58.201 0
      vertex 7.57402 58.1142 0
    endloop
  endfacet
  facet normal 0 0 -1
    outer loop
      vertex 8.29904 69.25 0
      vertex 7 70 0
      vertex 8.19003 69.4131 0
    endloop
  endfacet
  facet normal 0 0 -1
    outer loop
      vertex 7 58 0
      vertex 7.57402 58.1142 0
      vertex 7.38823 58.0511 0
    endloop
  endfacet
  facet normal 0 0 -1
    outer loop
      vertex 8.19003 69.4131 0
      vertex 7 70 0
      vertex 8.06065 69.5607 0
    endloop
  endfacet
  facet normal 0 0 -1
    outer loop
      vertex 7 58 0
      vertex 7.38823 58.0511 0
      vertex 7.19579 58.0128 0
    endloop
  endfacet
  facet normal 0 0 -1
    outer loop
      vertex 8.06065 69.5607 0
      vertex 7 70 0
      vertex 7.91315 69.69 0
    endloop
  endfacet
  facet normal 0 0 -1
    outer loop
      vertex 1.47224 63.15 0
      vertex 8.5 59.5 0
      vertex 7 58 0
    endloop
  endfacet
  facet normal 0 0 -1
    outer loop
      vertex 7.75 69.799 0
      vertex 7 70 0
      vertex 7.57402 69.8858 0
    endloop
  endfacet
  facet normal 0 0 -1
    outer loop
      vertex 7.57402 69.8858 0
      vertex 7 70 0
      vertex 7.38823 69.9489 0
    endloop
  endfacet
  facet normal 0 0 -1
    outer loop
      vertex 8.5 59.5 0
      vertex 1.68546 63.7781 0
      vertex 1.7 64 0
    endloop
  endfacet
  facet normal 0 0 -1
    outer loop
      vertex 8.5 59.5 0
      vertex 1.64207 63.56 0
      vertex 1.68546 63.7781 0
    endloop
  endfacet
  facet normal 0 0 -1
    outer loop
      vertex 8.5 59.5 0
      vertex 1.57059 63.3494 0
      vertex 1.64207 63.56 0
    endloop
  endfacet
  facet normal 0 0 -1
    outer loop
      vertex 8.5 59.5 0
      vertex 1.47224 63.15 0
      vertex 1.57059 63.3494 0
    endloop
  endfacet
  facet normal 0 0 -1
    outer loop
      vertex 7 58 0
      vertex 1.3487 62.9651 0
      vertex 1.47224 63.15 0
    endloop
  endfacet
  facet normal 0 0 -1
    outer loop
      vertex 7 58 0
      vertex 1.20208 62.7979 0
      vertex 1.3487 62.9651 0
    endloop
  endfacet
  facet normal 0 0 -1
    outer loop
      vertex 7 58 0
      vertex 1.03489 62.6513 0
      vertex 1.20208 62.7979 0
    endloop
  endfacet
  facet normal 0 0 -1
    outer loop
      vertex 7 58 0
      vertex 0.849999 62.5278 0
      vertex 1.03489 62.6513 0
    endloop
  endfacet
  facet normal 0 0 -1
    outer loop
      vertex 7 58 0
      vertex 0.650561 62.4294 0
      vertex 0.849999 62.5278 0
    endloop
  endfacet
  facet normal 0 0 -1
    outer loop
      vertex -2.5 58 0
      vertex 0.650561 62.4294 0
      vertex 7 58 0
    endloop
  endfacet
  facet normal 0 0 -1
    outer loop
      vertex 0.650561 62.4294 0
      vertex -2.5 58 0
      vertex 0.439992 62.3579 0
    endloop
  endfacet
  facet normal 0 0 -1
    outer loop
      vertex 0.439992 62.3579 0
      vertex -2.5 58 0
      vertex 0.221894 62.3145 0
    endloop
  endfacet
  facet normal 0 0 -1
    outer loop
      vertex 0.221894 62.3145 0
      vertex -2.5 58 0
      vertex 0 62.3 0
    endloop
  endfacet
  facet normal -0 0 -1
    outer loop
      vertex 0 62.3 0
      vertex -2.5 58 0
      vertex -0.221894 62.3145 0
    endloop
  endfacet
  facet normal -0 0 -1
    outer loop
      vertex -0.221894 62.3145 0
      vertex -2.5 58 0
      vertex -0.439992 62.3579 0
    endloop
  endfacet
  facet normal -0 0 -1
    outer loop
      vertex -0.439992 62.3579 0
      vertex -2.5 58 0
      vertex -0.650561 62.4294 0
    endloop
  endfacet
  facet normal -0 0 -1
    outer loop
      vertex -1.64207 63.56 0
      vertex -4 59.5 0
      vertex -1.68546 63.7781 0
    endloop
  endfacet
  facet normal -0 0 -1
    outer loop
      vertex -1.57059 63.3494 0
      vertex -4 59.5 0
      vertex -1.64207 63.56 0
    endloop
  endfacet
  facet normal -0 0 -1
    outer loop
      vertex -1.47224 63.15 0
      vertex -4 59.5 0
      vertex -1.57059 63.3494 0
    endloop
  endfacet
  facet normal -0 0 -1
    outer loop
      vertex -1.3487 62.9651 0
      vertex -4 59.5 0
      vertex -1.47224 63.15 0
    endloop
  endfacet
  facet normal -0 0 -1
    outer loop
      vertex -1.20208 62.7979 0
      vertex -4 59.5 0
      vertex -1.3487 62.9651 0
    endloop
  endfacet
  facet normal -0 0 -1
    outer loop
      vertex -1.03489 62.6513 0
      vertex -4 59.5 0
      vertex -1.20208 62.7979 0
    endloop
  endfacet
  facet normal -0 0 -1
    outer loop
      vertex -0.849999 62.5278 0
      vertex -4 59.5 0
      vertex -1.03489 62.6513 0
    endloop
  endfacet
  facet normal -0 0 -1
    outer loop
      vertex -0.650561 62.4294 0
      vertex -4 59.5 0
      vertex -0.849999 62.5278 0
    endloop
  endfacet
  facet normal 0 0 -1
    outer loop
      vertex -4 59.5 0
      vertex -0.650561 62.4294 0
      vertex -2.5 58 0
    endloop
  endfacet
  facet normal 0 0 -1
    outer loop
      vertex 7.38823 69.9489 0
      vertex 7 70 0
      vertex 7.19579 69.9872 0
    endloop
  endfacet
  facet normal 0 0 -1
    outer loop
      vertex 7.91315 69.69 0
      vertex 7 70 0
      vertex 7.75 69.799 0
    endloop
  endfacet
  facet normal 0 0 -1
    outer loop
      vertex 8.38582 69.074 0
      vertex 7 70 0
      vertex 8.29904 69.25 0
    endloop
  endfacet
  facet normal -0 0 -1
    outer loop
      vertex 8.5 68.5 0
      vertex 1.47224 64.85 0
      vertex 7 70 0
    endloop
  endfacet
  facet normal 0 0 -1
    outer loop
      vertex 1.3487 65.0349 0
      vertex 7 70 0
      vertex 1.47224 64.85 0
    endloop
  endfacet
  facet normal 0 0 -1
    outer loop
      vertex 1.20208 65.2021 0
      vertex 7 70 0
      vertex 1.3487 65.0349 0
    endloop
  endfacet
  facet normal 0 0 -1
    outer loop
      vertex 1.03489 65.3487 0
      vertex 7 70 0
      vertex 1.20208 65.2021 0
    endloop
  endfacet
  facet normal 0 0 -1
    outer loop
      vertex 0.849999 65.4722 0
      vertex 7 70 0
      vertex 1.03489 65.3487 0
    endloop
  endfacet
  facet normal 0 0 -1
    outer loop
      vertex 0.650561 65.5706 0
      vertex 7 70 0
      vertex 0.849999 65.4722 0
    endloop
  endfacet
  facet normal 0 0 -1
    outer loop
      vertex -2.5 70 0
      vertex 0.650561 65.5706 0
      vertex 0.439992 65.6421 0
    endloop
  endfacet
  facet normal 0 0 -1
    outer loop
      vertex -2.5 70 0
      vertex 0.439992 65.6421 0
      vertex 0.221894 65.6855 0
    endloop
  endfacet
  facet normal 0 0 -1
    outer loop
      vertex -2.5 70 0
      vertex 0.221894 65.6855 0
      vertex 0 65.7 0
    endloop
  endfacet
  facet normal 0 0 -1
    outer loop
      vertex -2.5 70 0
      vertex 0 65.7 0
      vertex -0.221894 65.6855 0
    endloop
  endfacet
  facet normal 0 0 -1
    outer loop
      vertex -2.5 70 0
      vertex -0.221894 65.6855 0
      vertex -0.439992 65.6421 0
    endloop
  endfacet
  facet normal 0 0 -1
    outer loop
      vertex -2.5 70 0
      vertex -0.439992 65.6421 0
      vertex -0.650561 65.5706 0
    endloop
  endfacet
  facet normal 0 0 -1
    outer loop
      vertex -4 68.5 0
      vertex -0.650561 65.5706 0
      vertex -0.849999 65.4722 0
    endloop
  endfacet
  facet normal -0 0 -1
    outer loop
      vertex -1.68546 63.7781 0
      vertex -4 59.5 0
      vertex -1.7 64 0
    endloop
  endfacet
  facet normal 0 0 -1
    outer loop
      vertex 0.650561 65.5706 0
      vertex -2.5 70 0
      vertex 7 70 0
    endloop
  endfacet
  facet normal 0 0 -1
    outer loop
      vertex -4 68.5 0
      vertex -0.849999 65.4722 0
      vertex -1.03489 65.3487 0
    endloop
  endfacet
  facet normal 0 0 -1
    outer loop
      vertex -4 68.5 0
      vertex -1.03489 65.3487 0
      vertex -1.20208 65.2021 0
    endloop
  endfacet
  facet normal 0 0 -1
    outer loop
      vertex -4 68.5 0
      vertex -1.20208 65.2021 0
      vertex -1.3487 65.0349 0
    endloop
  endfacet
  facet normal 0 0 -1
    outer loop
      vertex -4 68.5 0
      vertex -1.3487 65.0349 0
      vertex -1.47224 64.85 0
    endloop
  endfacet
  facet normal 0 0 -1
    outer loop
      vertex -4 68.5 0
      vertex -1.47224 64.85 0
      vertex -1.57059 64.6506 0
    endloop
  endfacet
  facet normal 0 0 -1
    outer loop
      vertex -4 68.5 0
      vertex -1.57059 64.6506 0
      vertex -1.64207 64.44 0
    endloop
  endfacet
  facet normal 0 0 -1
    outer loop
      vertex -4 68.5 0
      vertex -1.64207 64.44 0
      vertex -1.68546 64.2219 0
    endloop
  endfacet
  facet normal 0 0 -1
    outer loop
      vertex -4 68.5 0
      vertex -1.7 64 0
      vertex -4 59.5 0
    endloop
  endfacet
  facet normal 0 0 -1
    outer loop
      vertex -4 59.5 0
      vertex -2.5 58 0
      vertex -2.69579 58.0128 0
    endloop
  endfacet
  facet normal 0 0 -1
    outer loop
      vertex -1.7 64 0
      vertex -4 68.5 0
      vertex -1.68546 64.2219 0
    endloop
  endfacet
  facet normal 0 0 -1
    outer loop
      vertex -4 59.5 0
      vertex -2.69579 58.0128 0
      vertex -2.88823 58.0511 0
    endloop
  endfacet
  facet normal 0 0 -1
    outer loop
      vertex -0.650561 65.5706 0
      vertex -4 68.5 0
      vertex -2.5 70 0
    endloop
  endfacet
  facet normal 0 0 -1
    outer loop
      vertex -4 59.5 0
      vertex -2.88823 58.0511 0
      vertex -3.07402 58.1142 0
    endloop
  endfacet
  facet normal 0 0 -1
    outer loop
      vertex -2.5 70 0
      vertex -4 68.5 0
      vertex -2.69579 69.9872 0
    endloop
  endfacet
  facet normal 0 0 -1
    outer loop
      vertex -4 59.5 0
      vertex -3.07402 58.1142 0
      vertex -3.25 58.201 0
    endloop
  endfacet
  facet normal 0 0 -1
    outer loop
      vertex -2.69579 69.9872 0
      vertex -4 68.5 0
      vertex -2.88823 69.9489 0
    endloop
  endfacet
  facet normal 0 0 -1
    outer loop
      vertex -4 59.5 0
      vertex -3.25 58.201 0
      vertex -3.41315 58.31 0
    endloop
  endfacet
  facet normal 0 0 -1
    outer loop
      vertex -2.88823 69.9489 0
      vertex -4 68.5 0
      vertex -3.07402 69.8858 0
    endloop
  endfacet
  facet normal 0 0 -1
    outer loop
      vertex -4 59.5 0
      vertex -3.41315 58.31 0
      vertex -3.56065 58.4393 0
    endloop
  endfacet
  facet normal 0 0 -1
    outer loop
      vertex -3.07402 69.8858 0
      vertex -4 68.5 0
      vertex -3.25 69.799 0
    endloop
  endfacet
  facet normal 0 0 -1
    outer loop
      vertex -4 59.5 0
      vertex -3.56065 58.4393 0
      vertex -3.69003 58.5869 0
    endloop
  endfacet
  facet normal 0 0 -1
    outer loop
      vertex -3.25 69.799 0
      vertex -4 68.5 0
      vertex -3.41315 69.69 0
    endloop
  endfacet
  facet normal 0 0 -1
    outer loop
      vertex -4 59.5 0
      vertex -3.69003 58.5869 0
      vertex -3.79904 58.75 0
    endloop
  endfacet
  facet normal 0 0 -1
    outer loop
      vertex -3.41315 69.69 0
      vertex -4 68.5 0
      vertex -3.56065 69.5607 0
    endloop
  endfacet
  facet normal 0 0 -1
    outer loop
      vertex -4 59.5 0
      vertex -3.79904 58.75 0
      vertex -3.88582 58.926 0
    endloop
  endfacet
  facet normal 0 0 -1
    outer loop
      vertex -3.56065 69.5607 0
      vertex -4 68.5 0
      vertex -3.69003 69.4131 0
    endloop
  endfacet
  facet normal 0 0 -1
    outer loop
      vertex -4 59.5 0
      vertex -3.88582 58.926 0
      vertex -3.94888 59.1118 0
    endloop
  endfacet
  facet normal 0 0 -1
    outer loop
      vertex -3.69003 69.4131 0
      vertex -4 68.5 0
      vertex -3.79904 69.25 0
    endloop
  endfacet
  facet normal 0 0 -1
    outer loop
      vertex -4 59.5 0
      vertex -3.94888 59.1118 0
      vertex -3.98717 59.3042 0
    endloop
  endfacet
  facet normal 0 0 -1
    outer loop
      vertex -3.79904 69.25 0
      vertex -4 68.5 0
      vertex -3.88582 69.074 0
    endloop
  endfacet
  facet normal 0 0 -1
    outer loop
      vertex -3.88582 69.074 0
      vertex -4 68.5 0
      vertex -3.94888 68.8882 0
    endloop
  endfacet
  facet normal 0 0 -1
    outer loop
      vertex -3.94888 68.8882 0
      vertex -4 68.5 0
      vertex -3.98717 68.6958 0
    endloop
  endfacet
  facet normal -0.0652369 -0.99787 0
    outer loop
      vertex -2.69579 58.0128 0
      vertex -2.5 58 2.5
      vertex -2.69579 58.0128 2.5
    endloop
  endfacet
  facet normal -0.0652369 -0.99787 -0
    outer loop
      vertex -2.5 58 2.5
      vertex -2.69579 58.0128 0
      vertex -2.5 58 0
    endloop
  endfacet
  facet normal -0.321589 -0.946879 0
    outer loop
      vertex -3.07402 58.1142 0
      vertex -2.88823 58.0511 2.5
      vertex -3.07402 58.1142 2.5
    endloop
  endfacet
  facet normal -0.321589 -0.946879 -0
    outer loop
      vertex -2.88823 58.0511 2.5
      vertex -3.07402 58.1142 0
      vertex -2.88823 58.0511 0
    endloop
  endfacet
  facet normal -0.65919 -0.751976 0
    outer loop
      vertex -3.56065 58.4393 0
      vertex -3.41315 58.31 2.5
      vertex -3.56065 58.4393 2.5
    endloop
  endfacet
  facet normal -0.65919 -0.751976 -0
    outer loop
      vertex -3.41315 58.31 2.5
      vertex -3.56065 58.4393 0
      vertex -3.41315 58.31 0
    endloop
  endfacet
  facet normal 1 -0 0
    outer loop
      vertex 8.5 59.5 2.5
      vertex 8.5 68.5 0
      vertex 8.5 68.5 2.5
    endloop
  endfacet
  facet normal 1 0 0
    outer loop
      vertex 8.5 68.5 0
      vertex 8.5 59.5 2.5
      vertex 8.5 59.5 0
    endloop
  endfacet
  facet normal 0.195195 0.980764 -0
    outer loop
      vertex 7.38823 69.9489 0
      vertex 7.19579 69.9872 2.5
      vertex 7.38823 69.9489 2.5
    endloop
  endfacet
  facet normal 0.195195 0.980764 0
    outer loop
      vertex 7.19579 69.9872 2.5
      vertex 7.38823 69.9489 0
      vertex 7.19579 69.9872 0
    endloop
  endfacet
  facet normal 0.321589 0.946879 -0
    outer loop
      vertex 7.57402 69.8858 0
      vertex 7.38823 69.9489 2.5
      vertex 7.57402 69.8858 2.5
    endloop
  endfacet
  facet normal 0.321589 0.946879 0
    outer loop
      vertex 7.38823 69.9489 2.5
      vertex 7.57402 69.8858 0
      vertex 7.38823 69.9489 0
    endloop
  endfacet
  facet normal 0.65919 0.751976 -0
    outer loop
      vertex 8.06065 69.5607 0
      vertex 7.91315 69.69 2.5
      vertex 8.06065 69.5607 2.5
    endloop
  endfacet
  facet normal 0.65919 0.751976 0
    outer loop
      vertex 7.91315 69.69 2.5
      vertex 8.06065 69.5607 0
      vertex 7.91315 69.69 0
    endloop
  endfacet
  facet normal 0.751996 0.659168 0
    outer loop
      vertex 8.19003 69.4131 2.5
      vertex 8.06065 69.5607 0
      vertex 8.06065 69.5607 2.5
    endloop
  endfacet
  facet normal 0.751996 0.659168 0
    outer loop
      vertex 8.06065 69.5607 0
      vertex 8.19003 69.4131 2.5
      vertex 8.19003 69.4131 0
    endloop
  endfacet
  facet normal -0.946947 -0.321391 0
    outer loop
      vertex -3.88582 58.926 0
      vertex -3.94888 59.1118 2.5
      vertex -3.94888 59.1118 0
    endloop
  endfacet
  facet normal -0.946947 -0.321391 0
    outer loop
      vertex -3.94888 59.1118 2.5
      vertex -3.88582 58.926 0
      vertex -3.88582 58.926 2.5
    endloop
  endfacet
  facet normal 0.8969 0.442233 0
    outer loop
      vertex 8.38582 69.074 2.5
      vertex 8.29904 69.25 0
      vertex 8.29904 69.25 2.5
    endloop
  endfacet
  facet normal 0.8969 0.442233 0
    outer loop
      vertex 8.29904 69.25 0
      vertex 8.38582 69.074 2.5
      vertex 8.38582 69.074 0
    endloop
  endfacet
  facet normal 0.99786 0.0653858 0
    outer loop
      vertex 8.5 68.5 2.5
      vertex 8.48717 68.6958 0
      vertex 8.48717 68.6958 2.5
    endloop
  endfacet
  facet normal 0.99786 0.0653858 0
    outer loop
      vertex 8.48717 68.6958 0
      vertex 8.5 68.5 2.5
      vertex 8.5 68.5 0
    endloop
  endfacet
  facet normal 0.946947 0.321391 0
    outer loop
      vertex 8.44888 68.8882 2.5
      vertex 8.38582 69.074 0
      vertex 8.38582 69.074 2.5
    endloop
  endfacet
  facet normal 0.946947 0.321391 0
    outer loop
      vertex 8.38582 69.074 0
      vertex 8.44888 68.8882 2.5
      vertex 8.44888 68.8882 0
    endloop
  endfacet
  facet normal 0.980766 -0.195185 0
    outer loop
      vertex 8.44888 59.1118 2.5
      vertex 8.48717 59.3042 0
      vertex 8.48717 59.3042 2.5
    endloop
  endfacet
  facet normal 0.980766 -0.195185 0
    outer loop
      vertex 8.48717 59.3042 0
      vertex 8.44888 59.1118 2.5
      vertex 8.44888 59.1118 0
    endloop
  endfacet
  facet normal 0.751996 -0.659168 0
    outer loop
      vertex 8.06065 58.4393 2.5
      vertex 8.19003 58.5869 0
      vertex 8.19003 58.5869 2.5
    endloop
  endfacet
  facet normal 0.751996 -0.659168 0
    outer loop
      vertex 8.19003 58.5869 0
      vertex 8.06065 58.4393 2.5
      vertex 8.06065 58.4393 0
    endloop
  endfacet
  facet normal 0.65919 -0.751976 0
    outer loop
      vertex 7.91315 58.31 0
      vertex 8.06065 58.4393 2.5
      vertex 7.91315 58.31 2.5
    endloop
  endfacet
  facet normal 0.65919 -0.751976 0
    outer loop
      vertex 8.06065 58.4393 2.5
      vertex 7.91315 58.31 0
      vertex 8.06065 58.4393 0
    endloop
  endfacet
  facet normal -0.751996 0.659168 0
    outer loop
      vertex -3.69003 69.4131 0
      vertex -3.56065 69.5607 2.5
      vertex -3.56065 69.5607 0
    endloop
  endfacet
  facet normal -0.751996 0.659168 0
    outer loop
      vertex -3.56065 69.5607 2.5
      vertex -3.69003 69.4131 0
      vertex -3.69003 69.4131 2.5
    endloop
  endfacet
  facet normal -0.65919 0.751976 0
    outer loop
      vertex -3.41315 69.69 0
      vertex -3.56065 69.5607 2.5
      vertex -3.41315 69.69 2.5
    endloop
  endfacet
  facet normal -0.65919 0.751976 0
    outer loop
      vertex -3.56065 69.5607 2.5
      vertex -3.41315 69.69 0
      vertex -3.56065 69.5607 0
    endloop
  endfacet
  facet normal -0.321589 0.946879 0
    outer loop
      vertex -2.88823 69.9489 0
      vertex -3.07402 69.8858 2.5
      vertex -2.88823 69.9489 2.5
    endloop
  endfacet
  facet normal -0.321589 0.946879 0
    outer loop
      vertex -3.07402 69.8858 2.5
      vertex -2.88823 69.9489 0
      vertex -3.07402 69.8858 0
    endloop
  endfacet
  facet normal -0.195195 0.980764 0
    outer loop
      vertex -2.69579 69.9872 0
      vertex -2.88823 69.9489 2.5
      vertex -2.69579 69.9872 2.5
    endloop
  endfacet
  facet normal -0.195195 0.980764 0
    outer loop
      vertex -2.88823 69.9489 2.5
      vertex -2.69579 69.9872 0
      vertex -2.88823 69.9489 0
    endloop
  endfacet
  facet normal 0.980766 0.195185 0
    outer loop
      vertex 8.48717 68.6958 2.5
      vertex 8.44888 68.8882 0
      vertex 8.44888 68.8882 2.5
    endloop
  endfacet
  facet normal 0.980766 0.195185 0
    outer loop
      vertex 8.44888 68.8882 0
      vertex 8.48717 68.6958 2.5
      vertex 8.48717 68.6958 0
    endloop
  endfacet
  facet normal 0.8969 -0.442233 0
    outer loop
      vertex 8.29904 58.75 2.5
      vertex 8.38582 58.926 0
      vertex 8.38582 58.926 2.5
    endloop
  endfacet
  facet normal 0.8969 -0.442233 0
    outer loop
      vertex 8.38582 58.926 0
      vertex 8.29904 58.75 2.5
      vertex 8.29904 58.75 0
    endloop
  endfacet
  facet normal 0.831399 -0.555676 0
    outer loop
      vertex 8.19003 58.5869 2.5
      vertex 8.29904 58.75 0
      vertex 8.29904 58.75 2.5
    endloop
  endfacet
  facet normal 0.831399 -0.555676 0
    outer loop
      vertex 8.29904 58.75 0
      vertex 8.19003 58.5869 2.5
      vertex 8.19003 58.5869 0
    endloop
  endfacet
  facet normal 0.946947 -0.321391 0
    outer loop
      vertex 8.38582 58.926 2.5
      vertex 8.44888 59.1118 0
      vertex 8.44888 59.1118 2.5
    endloop
  endfacet
  facet normal 0.946947 -0.321391 0
    outer loop
      vertex 8.44888 59.1118 0
      vertex 8.38582 58.926 2.5
      vertex 8.38582 58.926 0
    endloop
  endfacet
  facet normal 0.442355 -0.89684 0
    outer loop
      vertex 7.57402 58.1142 0
      vertex 7.75 58.201 2.5
      vertex 7.57402 58.1142 2.5
    endloop
  endfacet
  facet normal 0.442355 -0.89684 0
    outer loop
      vertex 7.75 58.201 2.5
      vertex 7.57402 58.1142 0
      vertex 7.75 58.201 0
    endloop
  endfacet
  facet normal 0.321589 -0.946879 0
    outer loop
      vertex 7.38823 58.0511 0
      vertex 7.57402 58.1142 2.5
      vertex 7.38823 58.0511 2.5
    endloop
  endfacet
  facet normal 0.321589 -0.946879 0
    outer loop
      vertex 7.57402 58.1142 2.5
      vertex 7.38823 58.0511 0
      vertex 7.57402 58.1142 0
    endloop
  endfacet
  facet normal -0.99786 -0.0653848 0
    outer loop
      vertex 1.7 64 0
      vertex 1.68546 64.2219 2.5
      vertex 1.68546 64.2219 0
    endloop
  endfacet
  facet normal -0.99786 -0.0653848 0
    outer loop
      vertex 1.68546 64.2219 2.5
      vertex 1.7 64 0
      vertex 1.7 64 2.5
    endloop
  endfacet
  facet normal 0.99786 -0.0653848 0
    outer loop
      vertex -1.7 64 2.5
      vertex -1.68546 64.2219 0
      vertex -1.68546 64.2219 2.5
    endloop
  endfacet
  facet normal 0.99786 -0.0653848 0
    outer loop
      vertex -1.68546 64.2219 0
      vertex -1.7 64 2.5
      vertex -1.7 64 0
    endloop
  endfacet
  facet normal -0.0652074 -0.997872 0
    outer loop
      vertex 0 65.7 0
      vertex 0.221894 65.6855 2.5
      vertex 0 65.7 2.5
    endloop
  endfacet
  facet normal -0.0652074 -0.997872 -0
    outer loop
      vertex 0.221894 65.6855 2.5
      vertex 0 65.7 0
      vertex 0.221894 65.6855 0
    endloop
  endfacet
  facet normal 0.0652074 0.997872 -0
    outer loop
      vertex 0 62.3 0
      vertex -0.221894 62.3145 2.5
      vertex 0 62.3 2.5
    endloop
  endfacet
  facet normal 0.0652074 0.997872 0
    outer loop
      vertex -0.221894 62.3145 2.5
      vertex 0 62.3 0
      vertex -0.221894 62.3145 0
    endloop
  endfacet
  facet normal -0.659291 -0.751888 0
    outer loop
      vertex 1.03489 65.3487 0
      vertex 1.20208 65.2021 2.5
      vertex 1.03489 65.3487 2.5
    endloop
  endfacet
  facet normal -0.659291 -0.751888 -0
    outer loop
      vertex 1.20208 65.2021 2.5
      vertex 1.03489 65.3487 0
      vertex 1.20208 65.2021 0
    endloop
  endfacet
  facet normal 0.659291 -0.751888 0
    outer loop
      vertex -1.20208 65.2021 0
      vertex -1.03489 65.3487 2.5
      vertex -1.20208 65.2021 2.5
    endloop
  endfacet
  facet normal 0.659291 -0.751888 0
    outer loop
      vertex -1.03489 65.3487 2.5
      vertex -1.20208 65.2021 0
      vertex -1.03489 65.3487 0
    endloop
  endfacet
  facet normal 0.321526 -0.946901 0
    outer loop
      vertex -0.650561 65.5706 0
      vertex -0.439992 65.6421 2.5
      vertex -0.650561 65.5706 2.5
    endloop
  endfacet
  facet normal 0.321526 -0.946901 0
    outer loop
      vertex -0.439992 65.6421 2.5
      vertex -0.650561 65.5706 0
      vertex -0.439992 65.6421 0
    endloop
  endfacet
  facet normal -0.896843 -0.442349 0
    outer loop
      vertex 1.57059 64.6506 0
      vertex 1.47224 64.85 2.5
      vertex 1.47224 64.85 0
    endloop
  endfacet
  facet normal -0.896843 -0.442349 0
    outer loop
      vertex 1.47224 64.85 2.5
      vertex 1.57059 64.6506 0
      vertex 1.57059 64.6506 2.5
    endloop
  endfacet
  facet normal -0.980779 -0.195122 0
    outer loop
      vertex 1.68546 64.2219 0
      vertex 1.64207 64.44 2.5
      vertex 1.64207 64.44 0
    endloop
  endfacet
  facet normal -0.980779 -0.195122 0
    outer loop
      vertex 1.64207 64.44 2.5
      vertex 1.68546 64.2219 0
      vertex 1.68546 64.2219 2.5
    endloop
  endfacet
  facet normal -0.831483 -0.555551 0
    outer loop
      vertex 1.47224 64.85 0
      vertex 1.3487 65.0349 2.5
      vertex 1.3487 65.0349 0
    endloop
  endfacet
  facet normal -0.831483 -0.555551 0
    outer loop
      vertex 1.3487 65.0349 2.5
      vertex 1.47224 64.85 0
      vertex 1.47224 64.85 2.5
    endloop
  endfacet
  facet normal -0.321526 -0.946901 0
    outer loop
      vertex 0.439992 65.6421 0
      vertex 0.650561 65.5706 2.5
      vertex 0.439992 65.6421 2.5
    endloop
  endfacet
  facet normal -0.321526 -0.946901 -0
    outer loop
      vertex 0.650561 65.5706 2.5
      vertex 0.439992 65.6421 0
      vertex 0.650561 65.5706 0
    endloop
  endfacet
  facet normal -0.195167 -0.98077 0
    outer loop
      vertex 0.221894 65.6855 0
      vertex 0.439992 65.6421 2.5
      vertex 0.221894 65.6855 2.5
    endloop
  endfacet
  facet normal -0.195167 -0.98077 -0
    outer loop
      vertex 0.439992 65.6421 2.5
      vertex 0.221894 65.6855 0
      vertex 0.439992 65.6421 0
    endloop
  endfacet
  facet normal -0.442463 -0.896787 0
    outer loop
      vertex 0.650561 65.5706 0
      vertex 0.849999 65.4722 2.5
      vertex 0.650561 65.5706 2.5
    endloop
  endfacet
  facet normal -0.442463 -0.896787 -0
    outer loop
      vertex 0.849999 65.4722 2.5
      vertex 0.650561 65.5706 0
      vertex 0.849999 65.4722 0
    endloop
  endfacet
  facet normal 0.831483 -0.555551 0
    outer loop
      vertex -1.47224 64.85 2.5
      vertex -1.3487 65.0349 0
      vertex -1.3487 65.0349 2.5
    endloop
  endfacet
  facet normal 0.831483 -0.555551 0
    outer loop
      vertex -1.3487 65.0349 0
      vertex -1.47224 64.85 2.5
      vertex -1.47224 64.85 0
    endloop
  endfacet
  facet normal 0.751863 -0.659319 0
    outer loop
      vertex -1.3487 65.0349 2.5
      vertex -1.20208 65.2021 0
      vertex -1.20208 65.2021 2.5
    endloop
  endfacet
  facet normal 0.751863 -0.659319 0
    outer loop
      vertex -1.20208 65.2021 0
      vertex -1.3487 65.0349 2.5
      vertex -1.3487 65.0349 0
    endloop
  endfacet
  facet normal 0.946943 -0.321403 0
    outer loop
      vertex -1.64207 64.44 2.5
      vertex -1.57059 64.6506 0
      vertex -1.57059 64.6506 2.5
    endloop
  endfacet
  facet normal 0.946943 -0.321403 0
    outer loop
      vertex -1.57059 64.6506 0
      vertex -1.64207 64.44 2.5
      vertex -1.64207 64.44 0
    endloop
  endfacet
  facet normal 0.555445 -0.831553 0
    outer loop
      vertex -1.03489 65.3487 0
      vertex -0.849999 65.4722 2.5
      vertex -1.03489 65.3487 2.5
    endloop
  endfacet
  facet normal 0.555445 -0.831553 0
    outer loop
      vertex -0.849999 65.4722 2.5
      vertex -1.03489 65.3487 0
      vertex -0.849999 65.4722 0
    endloop
  endfacet
  facet normal 0.195167 -0.98077 0
    outer loop
      vertex -0.439992 65.6421 0
      vertex -0.221894 65.6855 2.5
      vertex -0.439992 65.6421 2.5
    endloop
  endfacet
  facet normal 0.195167 -0.98077 0
    outer loop
      vertex -0.221894 65.6855 2.5
      vertex -0.439992 65.6421 0
      vertex -0.221894 65.6855 0
    endloop
  endfacet
  facet normal -0.751863 0.659319 0
    outer loop
      vertex 1.20208 62.7979 0
      vertex 1.3487 62.9651 2.5
      vertex 1.3487 62.9651 0
    endloop
  endfacet
  facet normal -0.751863 0.659319 0
    outer loop
      vertex 1.3487 62.9651 2.5
      vertex 1.20208 62.7979 0
      vertex 1.20208 62.7979 2.5
    endloop
  endfacet
  facet normal -0.980779 0.195122 0
    outer loop
      vertex 1.64207 63.56 0
      vertex 1.68546 63.7781 2.5
      vertex 1.68546 63.7781 0
    endloop
  endfacet
  facet normal -0.980779 0.195122 0
    outer loop
      vertex 1.68546 63.7781 2.5
      vertex 1.64207 63.56 0
      vertex 1.64207 63.56 2.5
    endloop
  endfacet
  facet normal 0.442463 0.896787 -0
    outer loop
      vertex -0.650561 62.4294 0
      vertex -0.849999 62.5278 2.5
      vertex -0.650561 62.4294 2.5
    endloop
  endfacet
  facet normal 0.442463 0.896787 0
    outer loop
      vertex -0.849999 62.5278 2.5
      vertex -0.650561 62.4294 0
      vertex -0.849999 62.5278 0
    endloop
  endfacet
  facet normal 0.659291 0.751888 -0
    outer loop
      vertex -1.03489 62.6513 0
      vertex -1.20208 62.7979 2.5
      vertex -1.03489 62.6513 2.5
    endloop
  endfacet
  facet normal 0.659291 0.751888 0
    outer loop
      vertex -1.20208 62.7979 2.5
      vertex -1.03489 62.6513 0
      vertex -1.20208 62.7979 0
    endloop
  endfacet
  facet normal 0.321526 0.946901 -0
    outer loop
      vertex -0.439992 62.3579 0
      vertex -0.650561 62.4294 2.5
      vertex -0.439992 62.3579 2.5
    endloop
  endfacet
  facet normal 0.321526 0.946901 0
    outer loop
      vertex -0.650561 62.4294 2.5
      vertex -0.439992 62.3579 0
      vertex -0.650561 62.4294 0
    endloop
  endfacet
  facet normal 0.751863 0.659319 0
    outer loop
      vertex -1.20208 62.7979 2.5
      vertex -1.3487 62.9651 0
      vertex -1.3487 62.9651 2.5
    endloop
  endfacet
  facet normal 0.751863 0.659319 0
    outer loop
      vertex -1.3487 62.9651 0
      vertex -1.20208 62.7979 2.5
      vertex -1.20208 62.7979 0
    endloop
  endfacet
  facet normal -0.946943 -0.321403 0
    outer loop
      vertex 1.64207 64.44 0
      vertex 1.57059 64.6506 2.5
      vertex 1.57059 64.6506 0
    endloop
  endfacet
  facet normal -0.946943 -0.321403 0
    outer loop
      vertex 1.57059 64.6506 2.5
      vertex 1.64207 64.44 0
      vertex 1.64207 64.44 2.5
    endloop
  endfacet
  facet normal -0.555445 -0.831553 0
    outer loop
      vertex 0.849999 65.4722 0
      vertex 1.03489 65.3487 2.5
      vertex 0.849999 65.4722 2.5
    endloop
  endfacet
  facet normal -0.555445 -0.831553 -0
    outer loop
      vertex 1.03489 65.3487 2.5
      vertex 0.849999 65.4722 0
      vertex 1.03489 65.3487 0
    endloop
  endfacet
  facet normal 0.896843 -0.442349 0
    outer loop
      vertex -1.57059 64.6506 2.5
      vertex -1.47224 64.85 0
      vertex -1.47224 64.85 2.5
    endloop
  endfacet
  facet normal 0.896843 -0.442349 0
    outer loop
      vertex -1.47224 64.85 0
      vertex -1.57059 64.6506 2.5
      vertex -1.57059 64.6506 0
    endloop
  endfacet
  facet normal 0.980779 -0.195122 0
    outer loop
      vertex -1.68546 64.2219 2.5
      vertex -1.64207 64.44 0
      vertex -1.64207 64.44 2.5
    endloop
  endfacet
  facet normal 0.980779 -0.195122 0
    outer loop
      vertex -1.64207 64.44 0
      vertex -1.68546 64.2219 2.5
      vertex -1.68546 64.2219 0
    endloop
  endfacet
  facet normal 0.0652074 -0.997872 0
    outer loop
      vertex -0.221894 65.6855 0
      vertex 0 65.7 2.5
      vertex -0.221894 65.6855 2.5
    endloop
  endfacet
  facet normal 0.0652074 -0.997872 0
    outer loop
      vertex 0 65.7 2.5
      vertex -0.221894 65.6855 0
      vertex 0 65.7 0
    endloop
  endfacet
  facet normal -0.99786 0.0653848 0
    outer loop
      vertex 1.68546 63.7781 0
      vertex 1.7 64 2.5
      vertex 1.7 64 0
    endloop
  endfacet
  facet normal -0.99786 0.0653848 0
    outer loop
      vertex 1.7 64 2.5
      vertex 1.68546 63.7781 0
      vertex 1.68546 63.7781 2.5
    endloop
  endfacet
  facet normal -0.0652074 0.997872 0
    outer loop
      vertex 0.221894 62.3145 0
      vertex 0 62.3 2.5
      vertex 0.221894 62.3145 2.5
    endloop
  endfacet
  facet normal -0.0652074 0.997872 0
    outer loop
      vertex 0 62.3 2.5
      vertex 0.221894 62.3145 0
      vertex 0 62.3 0
    endloop
  endfacet
  facet normal -0.321526 0.946901 0
    outer loop
      vertex 0.650561 62.4294 0
      vertex 0.439992 62.3579 2.5
      vertex 0.650561 62.4294 2.5
    endloop
  endfacet
  facet normal -0.321526 0.946901 0
    outer loop
      vertex 0.439992 62.3579 2.5
      vertex 0.650561 62.4294 0
      vertex 0.439992 62.3579 0
    endloop
  endfacet
  facet normal -0.442463 0.896787 0
    outer loop
      vertex 0.849999 62.5278 0
      vertex 0.650561 62.4294 2.5
      vertex 0.849999 62.5278 2.5
    endloop
  endfacet
  facet normal -0.442463 0.896787 0
    outer loop
      vertex 0.650561 62.4294 2.5
      vertex 0.849999 62.5278 0
      vertex 0.650561 62.4294 0
    endloop
  endfacet
  facet normal -0.659291 0.751888 0
    outer loop
      vertex 1.20208 62.7979 0
      vertex 1.03489 62.6513 2.5
      vertex 1.20208 62.7979 2.5
    endloop
  endfacet
  facet normal -0.659291 0.751888 0
    outer loop
      vertex 1.03489 62.6513 2.5
      vertex 1.20208 62.7979 0
      vertex 1.03489 62.6513 0
    endloop
  endfacet
  facet normal -0.555445 0.831553 0
    outer loop
      vertex 1.03489 62.6513 0
      vertex 0.849999 62.5278 2.5
      vertex 1.03489 62.6513 2.5
    endloop
  endfacet
  facet normal -0.555445 0.831553 0
    outer loop
      vertex 0.849999 62.5278 2.5
      vertex 1.03489 62.6513 0
      vertex 0.849999 62.5278 0
    endloop
  endfacet
  facet normal -0.946943 0.321403 0
    outer loop
      vertex 1.57059 63.3494 0
      vertex 1.64207 63.56 2.5
      vertex 1.64207 63.56 0
    endloop
  endfacet
  facet normal -0.946943 0.321403 0
    outer loop
      vertex 1.64207 63.56 2.5
      vertex 1.57059 63.3494 0
      vertex 1.57059 63.3494 2.5
    endloop
  endfacet
  facet normal -0.831483 0.555551 0
    outer loop
      vertex 1.3487 62.9651 0
      vertex 1.47224 63.15 2.5
      vertex 1.47224 63.15 0
    endloop
  endfacet
  facet normal -0.831483 0.555551 0
    outer loop
      vertex 1.47224 63.15 2.5
      vertex 1.3487 62.9651 0
      vertex 1.3487 62.9651 2.5
    endloop
  endfacet
  facet normal -0.896843 0.442349 0
    outer loop
      vertex 1.47224 63.15 0
      vertex 1.57059 63.3494 2.5
      vertex 1.57059 63.3494 0
    endloop
  endfacet
  facet normal -0.896843 0.442349 0
    outer loop
      vertex 1.57059 63.3494 2.5
      vertex 1.47224 63.15 0
      vertex 1.47224 63.15 2.5
    endloop
  endfacet
  facet normal 0.555445 0.831553 -0
    outer loop
      vertex -0.849999 62.5278 0
      vertex -1.03489 62.6513 2.5
      vertex -0.849999 62.5278 2.5
    endloop
  endfacet
  facet normal 0.555445 0.831553 0
    outer loop
      vertex -1.03489 62.6513 2.5
      vertex -0.849999 62.5278 0
      vertex -1.03489 62.6513 0
    endloop
  endfacet
  facet normal 0.195167 0.98077 -0
    outer loop
      vertex -0.221894 62.3145 0
      vertex -0.439992 62.3579 2.5
      vertex -0.221894 62.3145 2.5
    endloop
  endfacet
  facet normal 0.195167 0.98077 0
    outer loop
      vertex -0.439992 62.3579 2.5
      vertex -0.221894 62.3145 0
      vertex -0.439992 62.3579 0
    endloop
  endfacet
  facet normal 0.896843 0.442349 0
    outer loop
      vertex -1.47224 63.15 2.5
      vertex -1.57059 63.3494 0
      vertex -1.57059 63.3494 2.5
    endloop
  endfacet
  facet normal 0.896843 0.442349 0
    outer loop
      vertex -1.57059 63.3494 0
      vertex -1.47224 63.15 2.5
      vertex -1.47224 63.15 0
    endloop
  endfacet
  facet normal 0.946943 0.321403 0
    outer loop
      vertex -1.57059 63.3494 2.5
      vertex -1.64207 63.56 0
      vertex -1.64207 63.56 2.5
    endloop
  endfacet
  facet normal 0.946943 0.321403 0
    outer loop
      vertex -1.64207 63.56 0
      vertex -1.57059 63.3494 2.5
      vertex -1.57059 63.3494 0
    endloop
  endfacet
  facet normal 0.99786 0.0653848 0
    outer loop
      vertex -1.68546 63.7781 2.5
      vertex -1.7 64 0
      vertex -1.7 64 2.5
    endloop
  endfacet
  facet normal 0.99786 0.0653848 0
    outer loop
      vertex -1.7 64 0
      vertex -1.68546 63.7781 2.5
      vertex -1.68546 63.7781 0
    endloop
  endfacet
  facet normal -0.751863 -0.659319 0
    outer loop
      vertex 1.3487 65.0349 0
      vertex 1.20208 65.2021 2.5
      vertex 1.20208 65.2021 0
    endloop
  endfacet
  facet normal -0.751863 -0.659319 0
    outer loop
      vertex 1.20208 65.2021 2.5
      vertex 1.3487 65.0349 0
      vertex 1.3487 65.0349 2.5
    endloop
  endfacet
  facet normal 0.442463 -0.896787 0
    outer loop
      vertex -0.849999 65.4722 0
      vertex -0.650561 65.5706 2.5
      vertex -0.849999 65.4722 2.5
    endloop
  endfacet
  facet normal 0.442463 -0.896787 0
    outer loop
      vertex -0.650561 65.5706 2.5
      vertex -0.849999 65.4722 0
      vertex -0.650561 65.5706 0
    endloop
  endfacet
  facet normal -0.195167 0.98077 0
    outer loop
      vertex 0.439992 62.3579 0
      vertex 0.221894 62.3145 2.5
      vertex 0.439992 62.3579 2.5
    endloop
  endfacet
  facet normal -0.195167 0.98077 0
    outer loop
      vertex 0.221894 62.3145 2.5
      vertex 0.439992 62.3579 0
      vertex 0.221894 62.3145 0
    endloop
  endfacet
  facet normal 0.831483 0.555551 0
    outer loop
      vertex -1.3487 62.9651 2.5
      vertex -1.47224 63.15 0
      vertex -1.47224 63.15 2.5
    endloop
  endfacet
  facet normal 0.831483 0.555551 0
    outer loop
      vertex -1.47224 63.15 0
      vertex -1.3487 62.9651 2.5
      vertex -1.3487 62.9651 0
    endloop
  endfacet
  facet normal 0.980779 0.195122 0
    outer loop
      vertex -1.64207 63.56 2.5
      vertex -1.68546 63.7781 0
      vertex -1.68546 63.7781 2.5
    endloop
  endfacet
  facet normal 0.980779 0.195122 0
    outer loop
      vertex -1.68546 63.7781 0
      vertex -1.64207 63.56 2.5
      vertex -1.64207 63.56 0
    endloop
  endfacet
  facet normal 0 -1 0
    outer loop
      vertex -2.5 74 0
      vertex 7 74 2.5
      vertex -2.5 74 2.5
    endloop
  endfacet
  facet normal 0 -1 -0
    outer loop
      vertex 7 74 2.5
      vertex -2.5 74 0
      vertex 7 74 0
    endloop
  endfacet
  facet normal 0.0652369 -0.99787 0
    outer loop
      vertex 7 74 0
      vertex 7.19579 74.0128 2.5
      vertex 7 74 2.5
    endloop
  endfacet
  facet normal 0.0652369 -0.99787 0
    outer loop
      vertex 7.19579 74.0128 2.5
      vertex 7 74 0
      vertex 7.19579 74.0128 0
    endloop
  endfacet
  facet normal 0.195195 -0.980764 0
    outer loop
      vertex 7.19579 74.0128 0
      vertex 7.38823 74.0511 2.5
      vertex 7.19579 74.0128 2.5
    endloop
  endfacet
  facet normal 0.195195 -0.980764 0
    outer loop
      vertex 7.38823 74.0511 2.5
      vertex 7.19579 74.0128 0
      vertex 7.38823 74.0511 0
    endloop
  endfacet
  facet normal -0.0652369 0.99787 0
    outer loop
      vertex -2.5 86 0
      vertex -2.69579 85.9872 2.5
      vertex -2.5 86 2.5
    endloop
  endfacet
  facet normal -0.0652369 0.99787 0
    outer loop
      vertex -2.69579 85.9872 2.5
      vertex -2.5 86 0
      vertex -2.69579 85.9872 0
    endloop
  endfacet
  facet normal 0.0652369 0.99787 -0
    outer loop
      vertex 7.19579 85.9872 0
      vertex 7 86 2.5
      vertex 7.19579 85.9872 2.5
    endloop
  endfacet
  facet normal 0.0652369 0.99787 0
    outer loop
      vertex 7 86 2.5
      vertex 7.19579 85.9872 0
      vertex 7 86 0
    endloop
  endfacet
  facet normal -0.831399 0.555676 0
    outer loop
      vertex -3.79904 85.25 0
      vertex -3.69003 85.4131 2.5
      vertex -3.69003 85.4131 0
    endloop
  endfacet
  facet normal -0.831399 0.555676 0
    outer loop
      vertex -3.69003 85.4131 2.5
      vertex -3.79904 85.25 0
      vertex -3.79904 85.25 2.5
    endloop
  endfacet
  facet normal 0 1 -0
    outer loop
      vertex 7 86 0
      vertex -2.5 86 2.5
      vertex 7 86 2.5
    endloop
  endfacet
  facet normal 0 1 0
    outer loop
      vertex -2.5 86 2.5
      vertex 7 86 0
      vertex -2.5 86 0
    endloop
  endfacet
  facet normal -0.442355 0.89684 0
    outer loop
      vertex -3.07402 85.8858 0
      vertex -3.25 85.799 2.5
      vertex -3.07402 85.8858 2.5
    endloop
  endfacet
  facet normal -0.442355 0.89684 0
    outer loop
      vertex -3.25 85.799 2.5
      vertex -3.07402 85.8858 0
      vertex -3.25 85.799 0
    endloop
  endfacet
  facet normal 0 0 1
    outer loop
      vertex 7 86 2.5
      vertex 8.5 84.5 2.5
      vertex 8.48717 84.6958 2.5
    endloop
  endfacet
  facet normal 0 0 1
    outer loop
      vertex 8.5 84.5 2.5
      vertex 1.7 80 2.5
      vertex 8.5 75.5 2.5
    endloop
  endfacet
  facet normal 0 0 1
    outer loop
      vertex 7 86 2.5
      vertex 8.48717 84.6958 2.5
      vertex 8.44888 84.8882 2.5
    endloop
  endfacet
  facet normal -0 0 1
    outer loop
      vertex 1.68546 79.7781 2.5
      vertex 8.5 75.5 2.5
      vertex 1.7 80 2.5
    endloop
  endfacet
  facet normal 0 0 1
    outer loop
      vertex 7 86 2.5
      vertex 8.44888 84.8882 2.5
      vertex 8.38582 85.074 2.5
    endloop
  endfacet
  facet normal -0 0 1
    outer loop
      vertex 1.64207 79.56 2.5
      vertex 8.5 75.5 2.5
      vertex 1.68546 79.7781 2.5
    endloop
  endfacet
  facet normal 0 0 1
    outer loop
      vertex 7 86 2.5
      vertex 8.38582 85.074 2.5
      vertex 8.29904 85.25 2.5
    endloop
  endfacet
  facet normal -0 0 1
    outer loop
      vertex 1.57059 79.3494 2.5
      vertex 8.5 75.5 2.5
      vertex 1.64207 79.56 2.5
    endloop
  endfacet
  facet normal 0 0 1
    outer loop
      vertex 7 86 2.5
      vertex 8.29904 85.25 2.5
      vertex 8.19003 85.4131 2.5
    endloop
  endfacet
  facet normal -0 0 1
    outer loop
      vertex 1.47224 79.15 2.5
      vertex 8.5 75.5 2.5
      vertex 1.57059 79.3494 2.5
    endloop
  endfacet
  facet normal 0 0 1
    outer loop
      vertex 7 86 2.5
      vertex 8.19003 85.4131 2.5
      vertex 8.06065 85.5607 2.5
    endloop
  endfacet
  facet normal 0 0 1
    outer loop
      vertex 8.5 75.5 2.5
      vertex 7 74 2.5
      vertex 8.48717 75.3042 2.5
    endloop
  endfacet
  facet normal 0 0 1
    outer loop
      vertex 7 86 2.5
      vertex 8.06065 85.5607 2.5
      vertex 7.91315 85.69 2.5
    endloop
  endfacet
  facet normal 0 0 1
    outer loop
      vertex 8.48717 75.3042 2.5
      vertex 7 74 2.5
      vertex 8.44888 75.1118 2.5
    endloop
  endfacet
  facet normal 0 0 1
    outer loop
      vertex 7 86 2.5
      vertex 7.91315 85.69 2.5
      vertex 7.75 85.799 2.5
    endloop
  endfacet
  facet normal 0 0 1
    outer loop
      vertex 8.44888 75.1118 2.5
      vertex 7 74 2.5
      vertex 8.38582 74.926 2.5
    endloop
  endfacet
  facet normal 0 0 1
    outer loop
      vertex 7 86 2.5
      vertex 7.75 85.799 2.5
      vertex 7.57402 85.8858 2.5
    endloop
  endfacet
  facet normal 0 0 1
    outer loop
      vertex 8.29904 74.75 2.5
      vertex 7 74 2.5
      vertex 8.19003 74.5869 2.5
    endloop
  endfacet
  facet normal 0 0 1
    outer loop
      vertex 7 86 2.5
      vertex 7.57402 85.8858 2.5
      vertex 7.38823 85.9489 2.5
    endloop
  endfacet
  facet normal 0 0 1
    outer loop
      vertex 8.19003 74.5869 2.5
      vertex 7 74 2.5
      vertex 8.06065 74.4393 2.5
    endloop
  endfacet
  facet normal 0 0 1
    outer loop
      vertex 7 86 2.5
      vertex 7.38823 85.9489 2.5
      vertex 7.19579 85.9872 2.5
    endloop
  endfacet
  facet normal 0 0 1
    outer loop
      vertex 8.06065 74.4393 2.5
      vertex 7 74 2.5
      vertex 7.91315 74.31 2.5
    endloop
  endfacet
  facet normal 0 0 1
    outer loop
      vertex 1.47224 80.85 2.5
      vertex 8.5 84.5 2.5
      vertex 7 86 2.5
    endloop
  endfacet
  facet normal 0 0 1
    outer loop
      vertex 7.75 74.201 2.5
      vertex 7 74 2.5
      vertex 7.57402 74.1142 2.5
    endloop
  endfacet
  facet normal 0 0 1
    outer loop
      vertex 7.57402 74.1142 2.5
      vertex 7 74 2.5
      vertex 7.38823 74.0511 2.5
    endloop
  endfacet
  facet normal 0 0 1
    outer loop
      vertex 8.5 84.5 2.5
      vertex 1.68546 80.2219 2.5
      vertex 1.7 80 2.5
    endloop
  endfacet
  facet normal 0 0 1
    outer loop
      vertex 8.5 84.5 2.5
      vertex 1.64207 80.44 2.5
      vertex 1.68546 80.2219 2.5
    endloop
  endfacet
  facet normal 0 0 1
    outer loop
      vertex 8.5 84.5 2.5
      vertex 1.57059 80.6506 2.5
      vertex 1.64207 80.44 2.5
    endloop
  endfacet
  facet normal 0 0 1
    outer loop
      vertex 8.5 84.5 2.5
      vertex 1.47224 80.85 2.5
      vertex 1.57059 80.6506 2.5
    endloop
  endfacet
  facet normal 0 0 1
    outer loop
      vertex 7 86 2.5
      vertex 1.3487 81.0349 2.5
      vertex 1.47224 80.85 2.5
    endloop
  endfacet
  facet normal 0 0 1
    outer loop
      vertex 7 86 2.5
      vertex 1.20208 81.2021 2.5
      vertex 1.3487 81.0349 2.5
    endloop
  endfacet
  facet normal 0 0 1
    outer loop
      vertex 7 86 2.5
      vertex 1.03489 81.3487 2.5
      vertex 1.20208 81.2021 2.5
    endloop
  endfacet
  facet normal 0 0 1
    outer loop
      vertex 7 86 2.5
      vertex 0.849999 81.4722 2.5
      vertex 1.03489 81.3487 2.5
    endloop
  endfacet
  facet normal 0 0 1
    outer loop
      vertex 7 86 2.5
      vertex 0.650561 81.5706 2.5
      vertex 0.849999 81.4722 2.5
    endloop
  endfacet
  facet normal -0 0 1
    outer loop
      vertex -2.5 86 2.5
      vertex 0.650561 81.5706 2.5
      vertex 7 86 2.5
    endloop
  endfacet
  facet normal 0 0 1
    outer loop
      vertex 0.650561 81.5706 2.5
      vertex -2.5 86 2.5
      vertex 0.439992 81.6421 2.5
    endloop
  endfacet
  facet normal 0 0 1
    outer loop
      vertex 0.439992 81.6421 2.5
      vertex -2.5 86 2.5
      vertex 0.221894 81.6855 2.5
    endloop
  endfacet
  facet normal 0 0 1
    outer loop
      vertex 0.221894 81.6855 2.5
      vertex -2.5 86 2.5
      vertex 0 81.7 2.5
    endloop
  endfacet
  facet normal 0 0 1
    outer loop
      vertex 0 81.7 2.5
      vertex -2.5 86 2.5
      vertex -0.221894 81.6855 2.5
    endloop
  endfacet
  facet normal 0 0 1
    outer loop
      vertex -0.221894 81.6855 2.5
      vertex -2.5 86 2.5
      vertex -0.439992 81.6421 2.5
    endloop
  endfacet
  facet normal 0 0 1
    outer loop
      vertex -0.439992 81.6421 2.5
      vertex -2.5 86 2.5
      vertex -0.650561 81.5706 2.5
    endloop
  endfacet
  facet normal 0 0 1
    outer loop
      vertex -1.64207 80.44 2.5
      vertex -4 84.5 2.5
      vertex -1.68546 80.2219 2.5
    endloop
  endfacet
  facet normal 0 0 1
    outer loop
      vertex -1.57059 80.6506 2.5
      vertex -4 84.5 2.5
      vertex -1.64207 80.44 2.5
    endloop
  endfacet
  facet normal 0 0 1
    outer loop
      vertex -1.47224 80.85 2.5
      vertex -4 84.5 2.5
      vertex -1.57059 80.6506 2.5
    endloop
  endfacet
  facet normal 0 0 1
    outer loop
      vertex -1.3487 81.0349 2.5
      vertex -4 84.5 2.5
      vertex -1.47224 80.85 2.5
    endloop
  endfacet
  facet normal 0 0 1
    outer loop
      vertex -1.20208 81.2021 2.5
      vertex -4 84.5 2.5
      vertex -1.3487 81.0349 2.5
    endloop
  endfacet
  facet normal 0 0 1
    outer loop
      vertex -1.03489 81.3487 2.5
      vertex -4 84.5 2.5
      vertex -1.20208 81.2021 2.5
    endloop
  endfacet
  facet normal 0 0 1
    outer loop
      vertex -0.849999 81.4722 2.5
      vertex -4 84.5 2.5
      vertex -1.03489 81.3487 2.5
    endloop
  endfacet
  facet normal 0 0 1
    outer loop
      vertex -0.650561 81.5706 2.5
      vertex -4 84.5 2.5
      vertex -0.849999 81.4722 2.5
    endloop
  endfacet
  facet normal -0 0 1
    outer loop
      vertex -4 84.5 2.5
      vertex -0.650561 81.5706 2.5
      vertex -2.5 86 2.5
    endloop
  endfacet
  facet normal 0 0 1
    outer loop
      vertex 7.38823 74.0511 2.5
      vertex 7 74 2.5
      vertex 7.19579 74.0128 2.5
    endloop
  endfacet
  facet normal 0 0 1
    outer loop
      vertex 7.91315 74.31 2.5
      vertex 7 74 2.5
      vertex 7.75 74.201 2.5
    endloop
  endfacet
  facet normal 0 0 1
    outer loop
      vertex 8.38582 74.926 2.5
      vertex 7 74 2.5
      vertex 8.29904 74.75 2.5
    endloop
  endfacet
  facet normal 0 0 1
    outer loop
      vertex 8.5 75.5 2.5
      vertex 1.47224 79.15 2.5
      vertex 7 74 2.5
    endloop
  endfacet
  facet normal -0 0 1
    outer loop
      vertex 1.3487 78.9651 2.5
      vertex 7 74 2.5
      vertex 1.47224 79.15 2.5
    endloop
  endfacet
  facet normal -0 0 1
    outer loop
      vertex 1.20208 78.7979 2.5
      vertex 7 74 2.5
      vertex 1.3487 78.9651 2.5
    endloop
  endfacet
  facet normal -0 0 1
    outer loop
      vertex 1.03489 78.6513 2.5
      vertex 7 74 2.5
      vertex 1.20208 78.7979 2.5
    endloop
  endfacet
  facet normal -0 0 1
    outer loop
      vertex 0.849999 78.5278 2.5
      vertex 7 74 2.5
      vertex 1.03489 78.6513 2.5
    endloop
  endfacet
  facet normal -0 0 1
    outer loop
      vertex 0.650561 78.4294 2.5
      vertex 7 74 2.5
      vertex 0.849999 78.5278 2.5
    endloop
  endfacet
  facet normal 0 0 1
    outer loop
      vertex -2.5 74 2.5
      vertex 0.650561 78.4294 2.5
      vertex 0.439992 78.3579 2.5
    endloop
  endfacet
  facet normal 0 0 1
    outer loop
      vertex -2.5 74 2.5
      vertex 0.439992 78.3579 2.5
      vertex 0.221894 78.3145 2.5
    endloop
  endfacet
  facet normal 0 0 1
    outer loop
      vertex -2.5 74 2.5
      vertex 0.221894 78.3145 2.5
      vertex 0 78.3 2.5
    endloop
  endfacet
  facet normal 0 0 1
    outer loop
      vertex -2.5 74 2.5
      vertex 0 78.3 2.5
      vertex -0.221894 78.3145 2.5
    endloop
  endfacet
  facet normal 0 0 1
    outer loop
      vertex -2.5 74 2.5
      vertex -0.221894 78.3145 2.5
      vertex -0.439992 78.3579 2.5
    endloop
  endfacet
  facet normal 0 0 1
    outer loop
      vertex -2.5 74 2.5
      vertex -0.439992 78.3579 2.5
      vertex -0.650561 78.4294 2.5
    endloop
  endfacet
  facet normal 0 0 1
    outer loop
      vertex -4 75.5 2.5
      vertex -0.650561 78.4294 2.5
      vertex -0.849999 78.5278 2.5
    endloop
  endfacet
  facet normal 0 0 1
    outer loop
      vertex -1.68546 80.2219 2.5
      vertex -4 84.5 2.5
      vertex -1.7 80 2.5
    endloop
  endfacet
  facet normal 0 0 1
    outer loop
      vertex 0.650561 78.4294 2.5
      vertex -2.5 74 2.5
      vertex 7 74 2.5
    endloop
  endfacet
  facet normal 0 0 1
    outer loop
      vertex -4 75.5 2.5
      vertex -0.849999 78.5278 2.5
      vertex -1.03489 78.6513 2.5
    endloop
  endfacet
  facet normal 0 0 1
    outer loop
      vertex -4 75.5 2.5
      vertex -1.03489 78.6513 2.5
      vertex -1.20208 78.7979 2.5
    endloop
  endfacet
  facet normal 0 0 1
    outer loop
      vertex -4 75.5 2.5
      vertex -1.20208 78.7979 2.5
      vertex -1.3487 78.9651 2.5
    endloop
  endfacet
  facet normal 0 0 1
    outer loop
      vertex -4 75.5 2.5
      vertex -1.3487 78.9651 2.5
      vertex -1.47224 79.15 2.5
    endloop
  endfacet
  facet normal 0 0 1
    outer loop
      vertex -4 75.5 2.5
      vertex -1.47224 79.15 2.5
      vertex -1.57059 79.3494 2.5
    endloop
  endfacet
  facet normal 0 0 1
    outer loop
      vertex -4 75.5 2.5
      vertex -1.57059 79.3494 2.5
      vertex -1.64207 79.56 2.5
    endloop
  endfacet
  facet normal 0 0 1
    outer loop
      vertex -4 75.5 2.5
      vertex -1.64207 79.56 2.5
      vertex -1.68546 79.7781 2.5
    endloop
  endfacet
  facet normal 0 0 1
    outer loop
      vertex -4 75.5 2.5
      vertex -1.7 80 2.5
      vertex -4 84.5 2.5
    endloop
  endfacet
  facet normal 0 0 1
    outer loop
      vertex -4 84.5 2.5
      vertex -2.5 86 2.5
      vertex -2.69579 85.9872 2.5
    endloop
  endfacet
  facet normal 0 0 1
    outer loop
      vertex -1.7 80 2.5
      vertex -4 75.5 2.5
      vertex -1.68546 79.7781 2.5
    endloop
  endfacet
  facet normal 0 0 1
    outer loop
      vertex -4 84.5 2.5
      vertex -2.69579 85.9872 2.5
      vertex -2.88823 85.9489 2.5
    endloop
  endfacet
  facet normal 0 0 1
    outer loop
      vertex -0.650561 78.4294 2.5
      vertex -4 75.5 2.5
      vertex -2.5 74 2.5
    endloop
  endfacet
  facet normal 0 0 1
    outer loop
      vertex -4 84.5 2.5
      vertex -2.88823 85.9489 2.5
      vertex -3.07402 85.8858 2.5
    endloop
  endfacet
  facet normal 0 0 1
    outer loop
      vertex -2.5 74 2.5
      vertex -4 75.5 2.5
      vertex -2.69579 74.0128 2.5
    endloop
  endfacet
  facet normal 0 0 1
    outer loop
      vertex -4 84.5 2.5
      vertex -3.07402 85.8858 2.5
      vertex -3.25 85.799 2.5
    endloop
  endfacet
  facet normal 0 0 1
    outer loop
      vertex -2.69579 74.0128 2.5
      vertex -4 75.5 2.5
      vertex -2.88823 74.0511 2.5
    endloop
  endfacet
  facet normal 0 0 1
    outer loop
      vertex -4 84.5 2.5
      vertex -3.25 85.799 2.5
      vertex -3.41315 85.69 2.5
    endloop
  endfacet
  facet normal 0 0 1
    outer loop
      vertex -2.88823 74.0511 2.5
      vertex -4 75.5 2.5
      vertex -3.07402 74.1142 2.5
    endloop
  endfacet
  facet normal 0 0 1
    outer loop
      vertex -4 84.5 2.5
      vertex -3.41315 85.69 2.5
      vertex -3.56065 85.5607 2.5
    endloop
  endfacet
  facet normal 0 0 1
    outer loop
      vertex -3.07402 74.1142 2.5
      vertex -4 75.5 2.5
      vertex -3.25 74.201 2.5
    endloop
  endfacet
  facet normal 0 0 1
    outer loop
      vertex -4 84.5 2.5
      vertex -3.56065 85.5607 2.5
      vertex -3.69003 85.4131 2.5
    endloop
  endfacet
  facet normal 0 0 1
    outer loop
      vertex -3.25 74.201 2.5
      vertex -4 75.5 2.5
      vertex -3.41315 74.31 2.5
    endloop
  endfacet
  facet normal 0 0 1
    outer loop
      vertex -4 84.5 2.5
      vertex -3.69003 85.4131 2.5
      vertex -3.79904 85.25 2.5
    endloop
  endfacet
  facet normal 0 0 1
    outer loop
      vertex -3.41315 74.31 2.5
      vertex -4 75.5 2.5
      vertex -3.56065 74.4393 2.5
    endloop
  endfacet
  facet normal 0 0 1
    outer loop
      vertex -4 84.5 2.5
      vertex -3.79904 85.25 2.5
      vertex -3.88582 85.074 2.5
    endloop
  endfacet
  facet normal 0 0 1
    outer loop
      vertex -3.56065 74.4393 2.5
      vertex -4 75.5 2.5
      vertex -3.69003 74.5869 2.5
    endloop
  endfacet
  facet normal 0 0 1
    outer loop
      vertex -4 84.5 2.5
      vertex -3.88582 85.074 2.5
      vertex -3.94888 84.8882 2.5
    endloop
  endfacet
  facet normal 0 0 1
    outer loop
      vertex -3.69003 74.5869 2.5
      vertex -4 75.5 2.5
      vertex -3.79904 74.75 2.5
    endloop
  endfacet
  facet normal 0 0 1
    outer loop
      vertex -4 84.5 2.5
      vertex -3.94888 84.8882 2.5
      vertex -3.98717 84.6958 2.5
    endloop
  endfacet
  facet normal 0 0 1
    outer loop
      vertex -3.79904 74.75 2.5
      vertex -4 75.5 2.5
      vertex -3.88582 74.926 2.5
    endloop
  endfacet
  facet normal 0 0 1
    outer loop
      vertex -3.88582 74.926 2.5
      vertex -4 75.5 2.5
      vertex -3.94888 75.1118 2.5
    endloop
  endfacet
  facet normal 0 0 1
    outer loop
      vertex -3.94888 75.1118 2.5
      vertex -4 75.5 2.5
      vertex -3.98717 75.3042 2.5
    endloop
  endfacet
  facet normal -0.442355 -0.89684 0
    outer loop
      vertex -3.25 74.201 0
      vertex -3.07402 74.1142 2.5
      vertex -3.25 74.201 2.5
    endloop
  endfacet
  facet normal -0.442355 -0.89684 -0
    outer loop
      vertex -3.07402 74.1142 2.5
      vertex -3.25 74.201 0
      vertex -3.07402 74.1142 0
    endloop
  endfacet
  facet normal 0.99786 -0.0653858 0
    outer loop
      vertex 8.48717 75.3042 2.5
      vertex 8.5 75.5 0
      vertex 8.5 75.5 2.5
    endloop
  endfacet
  facet normal 0.99786 -0.0653858 0
    outer loop
      vertex 8.5 75.5 0
      vertex 8.48717 75.3042 2.5
      vertex 8.48717 75.3042 0
    endloop
  endfacet
  facet normal 0.831399 0.555676 0
    outer loop
      vertex 8.29904 85.25 2.5
      vertex 8.19003 85.4131 0
      vertex 8.19003 85.4131 2.5
    endloop
  endfacet
  facet normal 0.831399 0.555676 0
    outer loop
      vertex 8.19003 85.4131 0
      vertex 8.29904 85.25 2.5
      vertex 8.29904 85.25 0
    endloop
  endfacet
  facet normal 0.555523 0.831501 -0
    outer loop
      vertex 7.91315 85.69 0
      vertex 7.75 85.799 2.5
      vertex 7.91315 85.69 2.5
    endloop
  endfacet
  facet normal 0.555523 0.831501 0
    outer loop
      vertex 7.75 85.799 2.5
      vertex 7.91315 85.69 0
      vertex 7.75 85.799 0
    endloop
  endfacet
  facet normal -0.8969 0.442233 0
    outer loop
      vertex -3.88582 85.074 0
      vertex -3.79904 85.25 2.5
      vertex -3.79904 85.25 0
    endloop
  endfacet
  facet normal -0.8969 0.442233 0
    outer loop
      vertex -3.79904 85.25 2.5
      vertex -3.88582 85.074 0
      vertex -3.88582 85.074 2.5
    endloop
  endfacet
  facet normal -0.555523 0.831501 0
    outer loop
      vertex -3.25 85.799 0
      vertex -3.41315 85.69 2.5
      vertex -3.25 85.799 2.5
    endloop
  endfacet
  facet normal -0.555523 0.831501 0
    outer loop
      vertex -3.41315 85.69 2.5
      vertex -3.25 85.799 0
      vertex -3.41315 85.69 0
    endloop
  endfacet
  facet normal -0.980766 -0.195185 0
    outer loop
      vertex -3.94888 75.1118 0
      vertex -3.98717 75.3042 2.5
      vertex -3.98717 75.3042 0
    endloop
  endfacet
  facet normal -0.980766 -0.195185 0
    outer loop
      vertex -3.98717 75.3042 2.5
      vertex -3.94888 75.1118 0
      vertex -3.94888 75.1118 2.5
    endloop
  endfacet
  facet normal -0.831399 -0.555676 0
    outer loop
      vertex -3.69003 74.5869 0
      vertex -3.79904 74.75 2.5
      vertex -3.79904 74.75 0
    endloop
  endfacet
  facet normal -0.831399 -0.555676 0
    outer loop
      vertex -3.79904 74.75 2.5
      vertex -3.69003 74.5869 0
      vertex -3.69003 74.5869 2.5
    endloop
  endfacet
  facet normal -0.99786 -0.0653858 0
    outer loop
      vertex -3.98717 75.3042 0
      vertex -4 75.5 2.5
      vertex -4 75.5 0
    endloop
  endfacet
  facet normal -0.99786 -0.0653858 0
    outer loop
      vertex -4 75.5 2.5
      vertex -3.98717 75.3042 0
      vertex -3.98717 75.3042 2.5
    endloop
  endfacet
  facet normal -0.99786 0.0653858 0
    outer loop
      vertex -4 84.5 0
      vertex -3.98717 84.6958 2.5
      vertex -3.98717 84.6958 0
    endloop
  endfacet
  facet normal -0.99786 0.0653858 0
    outer loop
      vertex -3.98717 84.6958 2.5
      vertex -4 84.5 0
      vertex -4 84.5 2.5
    endloop
  endfacet
  facet normal -0.195195 -0.980764 0
    outer loop
      vertex -2.88823 74.0511 0
      vertex -2.69579 74.0128 2.5
      vertex -2.88823 74.0511 2.5
    endloop
  endfacet
  facet normal -0.195195 -0.980764 -0
    outer loop
      vertex -2.69579 74.0128 2.5
      vertex -2.88823 74.0511 0
      vertex -2.69579 74.0128 0
    endloop
  endfacet
  facet normal -0.555523 -0.831501 0
    outer loop
      vertex -3.41315 74.31 0
      vertex -3.25 74.201 2.5
      vertex -3.41315 74.31 2.5
    endloop
  endfacet
  facet normal -0.555523 -0.831501 -0
    outer loop
      vertex -3.25 74.201 2.5
      vertex -3.41315 74.31 0
      vertex -3.25 74.201 0
    endloop
  endfacet
  facet normal -0.751996 -0.659168 0
    outer loop
      vertex -3.56065 74.4393 0
      vertex -3.69003 74.5869 2.5
      vertex -3.69003 74.5869 0
    endloop
  endfacet
  facet normal -0.751996 -0.659168 0
    outer loop
      vertex -3.69003 74.5869 2.5
      vertex -3.56065 74.4393 0
      vertex -3.56065 74.4393 2.5
    endloop
  endfacet
  facet normal 0.555523 -0.831501 0
    outer loop
      vertex 7.75 74.201 0
      vertex 7.91315 74.31 2.5
      vertex 7.75 74.201 2.5
    endloop
  endfacet
  facet normal 0.555523 -0.831501 0
    outer loop
      vertex 7.91315 74.31 2.5
      vertex 7.75 74.201 0
      vertex 7.91315 74.31 0
    endloop
  endfacet
  facet normal 0.442355 0.89684 -0
    outer loop
      vertex 7.75 85.799 0
      vertex 7.57402 85.8858 2.5
      vertex 7.75 85.799 2.5
    endloop
  endfacet
  facet normal 0.442355 0.89684 0
    outer loop
      vertex 7.57402 85.8858 2.5
      vertex 7.75 85.799 0
      vertex 7.57402 85.8858 0
    endloop
  endfacet
  facet normal -0.980766 0.195185 0
    outer loop
      vertex -3.98717 84.6958 0
      vertex -3.94888 84.8882 2.5
      vertex -3.94888 84.8882 0
    endloop
  endfacet
  facet normal -0.980766 0.195185 0
    outer loop
      vertex -3.94888 84.8882 2.5
      vertex -3.98717 84.6958 0
      vertex -3.98717 84.6958 2.5
    endloop
  endfacet
  facet normal -0.946947 0.321391 0
    outer loop
      vertex -3.94888 84.8882 0
      vertex -3.88582 85.074 2.5
      vertex -3.88582 85.074 0
    endloop
  endfacet
  facet normal -0.946947 0.321391 0
    outer loop
      vertex -3.88582 85.074 2.5
      vertex -3.94888 84.8882 0
      vertex -3.94888 84.8882 2.5
    endloop
  endfacet
  facet normal -0.8969 -0.442233 0
    outer loop
      vertex -3.79904 74.75 0
      vertex -3.88582 74.926 2.5
      vertex -3.88582 74.926 0
    endloop
  endfacet
  facet normal -0.8969 -0.442233 0
    outer loop
      vertex -3.88582 74.926 2.5
      vertex -3.79904 74.75 0
      vertex -3.79904 74.75 2.5
    endloop
  endfacet
  facet normal -1 0 0
    outer loop
      vertex -4 75.5 0
      vertex -4 84.5 2.5
      vertex -4 84.5 0
    endloop
  endfacet
  facet normal -1 -0 0
    outer loop
      vertex -4 84.5 2.5
      vertex -4 75.5 0
      vertex -4 75.5 2.5
    endloop
  endfacet
  facet normal 0 0 -1
    outer loop
      vertex 7 74 0
      vertex 8.5 75.5 0
      vertex 8.48717 75.3042 0
    endloop
  endfacet
  facet normal 0 0 -1
    outer loop
      vertex 8.5 75.5 0
      vertex 1.7 80 0
      vertex 8.5 84.5 0
    endloop
  endfacet
  facet normal 0 0 -1
    outer loop
      vertex 7 74 0
      vertex 8.48717 75.3042 0
      vertex 8.44888 75.1118 0
    endloop
  endfacet
  facet normal 0 0 -1
    outer loop
      vertex 1.68546 80.2219 0
      vertex 8.5 84.5 0
      vertex 1.7 80 0
    endloop
  endfacet
  facet normal 0 0 -1
    outer loop
      vertex 7 74 0
      vertex 8.44888 75.1118 0
      vertex 8.38582 74.926 0
    endloop
  endfacet
  facet normal 0 0 -1
    outer loop
      vertex 1.64207 80.44 0
      vertex 8.5 84.5 0
      vertex 1.68546 80.2219 0
    endloop
  endfacet
  facet normal 0 0 -1
    outer loop
      vertex 7 74 0
      vertex 8.38582 74.926 0
      vertex 8.29904 74.75 0
    endloop
  endfacet
  facet normal 0 0 -1
    outer loop
      vertex 1.57059 80.6506 0
      vertex 8.5 84.5 0
      vertex 1.64207 80.44 0
    endloop
  endfacet
  facet normal 0 0 -1
    outer loop
      vertex 7 74 0
      vertex 8.29904 74.75 0
      vertex 8.19003 74.5869 0
    endloop
  endfacet
  facet normal 0 0 -1
    outer loop
      vertex 1.47224 80.85 0
      vertex 8.5 84.5 0
      vertex 1.57059 80.6506 0
    endloop
  endfacet
  facet normal 0 0 -1
    outer loop
      vertex 7 74 0
      vertex 8.19003 74.5869 0
      vertex 8.06065 74.4393 0
    endloop
  endfacet
  facet normal 0 0 -1
    outer loop
      vertex 8.5 84.5 0
      vertex 7 86 0
      vertex 8.48717 84.6958 0
    endloop
  endfacet
  facet normal 0 0 -1
    outer loop
      vertex 7 74 0
      vertex 8.06065 74.4393 0
      vertex 7.91315 74.31 0
    endloop
  endfacet
  facet normal 0 0 -1
    outer loop
      vertex 8.48717 84.6958 0
      vertex 7 86 0
      vertex 8.44888 84.8882 0
    endloop
  endfacet
  facet normal 0 0 -1
    outer loop
      vertex 7 74 0
      vertex 7.91315 74.31 0
      vertex 7.75 74.201 0
    endloop
  endfacet
  facet normal 0 0 -1
    outer loop
      vertex 8.44888 84.8882 0
      vertex 7 86 0
      vertex 8.38582 85.074 0
    endloop
  endfacet
  facet normal 0 0 -1
    outer loop
      vertex 7 74 0
      vertex 7.75 74.201 0
      vertex 7.57402 74.1142 0
    endloop
  endfacet
  facet normal 0 0 -1
    outer loop
      vertex 8.29904 85.25 0
      vertex 7 86 0
      vertex 8.19003 85.4131 0
    endloop
  endfacet
  facet normal 0 0 -1
    outer loop
      vertex 7 74 0
      vertex 7.57402 74.1142 0
      vertex 7.38823 74.0511 0
    endloop
  endfacet
  facet normal 0 0 -1
    outer loop
      vertex 8.19003 85.4131 0
      vertex 7 86 0
      vertex 8.06065 85.5607 0
    endloop
  endfacet
  facet normal 0 0 -1
    outer loop
      vertex 7 74 0
      vertex 7.38823 74.0511 0
      vertex 7.19579 74.0128 0
    endloop
  endfacet
  facet normal 0 0 -1
    outer loop
      vertex 8.06065 85.5607 0
      vertex 7 86 0
      vertex 7.91315 85.69 0
    endloop
  endfacet
  facet normal 0 0 -1
    outer loop
      vertex 1.47224 79.15 0
      vertex 8.5 75.5 0
      vertex 7 74 0
    endloop
  endfacet
  facet normal 0 0 -1
    outer loop
      vertex 7.75 85.799 0
      vertex 7 86 0
      vertex 7.57402 85.8858 0
    endloop
  endfacet
  facet normal 0 0 -1
    outer loop
      vertex 7.57402 85.8858 0
      vertex 7 86 0
      vertex 7.38823 85.9489 0
    endloop
  endfacet
  facet normal 0 0 -1
    outer loop
      vertex 8.5 75.5 0
      vertex 1.68546 79.7781 0
      vertex 1.7 80 0
    endloop
  endfacet
  facet normal 0 0 -1
    outer loop
      vertex 8.5 75.5 0
      vertex 1.64207 79.56 0
      vertex 1.68546 79.7781 0
    endloop
  endfacet
  facet normal 0 0 -1
    outer loop
      vertex 8.5 75.5 0
      vertex 1.57059 79.3494 0
      vertex 1.64207 79.56 0
    endloop
  endfacet
  facet normal 0 0 -1
    outer loop
      vertex 8.5 75.5 0
      vertex 1.47224 79.15 0
      vertex 1.57059 79.3494 0
    endloop
  endfacet
  facet normal 0 0 -1
    outer loop
      vertex 7 74 0
      vertex 1.3487 78.9651 0
      vertex 1.47224 79.15 0
    endloop
  endfacet
  facet normal 0 0 -1
    outer loop
      vertex 7 74 0
      vertex 1.20208 78.7979 0
      vertex 1.3487 78.9651 0
    endloop
  endfacet
  facet normal 0 0 -1
    outer loop
      vertex 7 74 0
      vertex 1.03489 78.6513 0
      vertex 1.20208 78.7979 0
    endloop
  endfacet
  facet normal 0 0 -1
    outer loop
      vertex 7 74 0
      vertex 0.849999 78.5278 0
      vertex 1.03489 78.6513 0
    endloop
  endfacet
  facet normal 0 0 -1
    outer loop
      vertex 7 74 0
      vertex 0.650561 78.4294 0
      vertex 0.849999 78.5278 0
    endloop
  endfacet
  facet normal 0 0 -1
    outer loop
      vertex -2.5 74 0
      vertex 0.650561 78.4294 0
      vertex 7 74 0
    endloop
  endfacet
  facet normal 0 0 -1
    outer loop
      vertex 0.650561 78.4294 0
      vertex -2.5 74 0
      vertex 0.439992 78.3579 0
    endloop
  endfacet
  facet normal 0 0 -1
    outer loop
      vertex 0.439992 78.3579 0
      vertex -2.5 74 0
      vertex 0.221894 78.3145 0
    endloop
  endfacet
  facet normal 0 0 -1
    outer loop
      vertex 0.221894 78.3145 0
      vertex -2.5 74 0
      vertex 0 78.3 0
    endloop
  endfacet
  facet normal -0 0 -1
    outer loop
      vertex 0 78.3 0
      vertex -2.5 74 0
      vertex -0.221894 78.3145 0
    endloop
  endfacet
  facet normal -0 0 -1
    outer loop
      vertex -0.221894 78.3145 0
      vertex -2.5 74 0
      vertex -0.439992 78.3579 0
    endloop
  endfacet
  facet normal -0 0 -1
    outer loop
      vertex -0.439992 78.3579 0
      vertex -2.5 74 0
      vertex -0.650561 78.4294 0
    endloop
  endfacet
  facet normal -0 0 -1
    outer loop
      vertex -1.64207 79.56 0
      vertex -4 75.5 0
      vertex -1.68546 79.7781 0
    endloop
  endfacet
  facet normal -0 0 -1
    outer loop
      vertex -1.57059 79.3494 0
      vertex -4 75.5 0
      vertex -1.64207 79.56 0
    endloop
  endfacet
  facet normal -0 0 -1
    outer loop
      vertex -1.47224 79.15 0
      vertex -4 75.5 0
      vertex -1.57059 79.3494 0
    endloop
  endfacet
  facet normal -0 0 -1
    outer loop
      vertex -1.3487 78.9651 0
      vertex -4 75.5 0
      vertex -1.47224 79.15 0
    endloop
  endfacet
  facet normal -0 0 -1
    outer loop
      vertex -1.20208 78.7979 0
      vertex -4 75.5 0
      vertex -1.3487 78.9651 0
    endloop
  endfacet
  facet normal -0 0 -1
    outer loop
      vertex -1.03489 78.6513 0
      vertex -4 75.5 0
      vertex -1.20208 78.7979 0
    endloop
  endfacet
  facet normal -0 0 -1
    outer loop
      vertex -0.849999 78.5278 0
      vertex -4 75.5 0
      vertex -1.03489 78.6513 0
    endloop
  endfacet
  facet normal -0 0 -1
    outer loop
      vertex -0.650561 78.4294 0
      vertex -4 75.5 0
      vertex -0.849999 78.5278 0
    endloop
  endfacet
  facet normal 0 0 -1
    outer loop
      vertex -4 75.5 0
      vertex -0.650561 78.4294 0
      vertex -2.5 74 0
    endloop
  endfacet
  facet normal 0 0 -1
    outer loop
      vertex 7.38823 85.9489 0
      vertex 7 86 0
      vertex 7.19579 85.9872 0
    endloop
  endfacet
  facet normal 0 0 -1
    outer loop
      vertex 7.91315 85.69 0
      vertex 7 86 0
      vertex 7.75 85.799 0
    endloop
  endfacet
  facet normal 0 0 -1
    outer loop
      vertex 8.38582 85.074 0
      vertex 7 86 0
      vertex 8.29904 85.25 0
    endloop
  endfacet
  facet normal -0 0 -1
    outer loop
      vertex 8.5 84.5 0
      vertex 1.47224 80.85 0
      vertex 7 86 0
    endloop
  endfacet
  facet normal 0 0 -1
    outer loop
      vertex 1.3487 81.0349 0
      vertex 7 86 0
      vertex 1.47224 80.85 0
    endloop
  endfacet
  facet normal 0 0 -1
    outer loop
      vertex 1.20208 81.2021 0
      vertex 7 86 0
      vertex 1.3487 81.0349 0
    endloop
  endfacet
  facet normal 0 0 -1
    outer loop
      vertex 1.03489 81.3487 0
      vertex 7 86 0
      vertex 1.20208 81.2021 0
    endloop
  endfacet
  facet normal 0 0 -1
    outer loop
      vertex 0.849999 81.4722 0
      vertex 7 86 0
      vertex 1.03489 81.3487 0
    endloop
  endfacet
  facet normal 0 0 -1
    outer loop
      vertex 0.650561 81.5706 0
      vertex 7 86 0
      vertex 0.849999 81.4722 0
    endloop
  endfacet
  facet normal 0 0 -1
    outer loop
      vertex -2.5 86 0
      vertex 0.650561 81.5706 0
      vertex 0.439992 81.6421 0
    endloop
  endfacet
  facet normal 0 0 -1
    outer loop
      vertex -2.5 86 0
      vertex 0.439992 81.6421 0
      vertex 0.221894 81.6855 0
    endloop
  endfacet
  facet normal 0 0 -1
    outer loop
      vertex -2.5 86 0
      vertex 0.221894 81.6855 0
      vertex 0 81.7 0
    endloop
  endfacet
  facet normal 0 0 -1
    outer loop
      vertex -2.5 86 0
      vertex 0 81.7 0
      vertex -0.221894 81.6855 0
    endloop
  endfacet
  facet normal 0 0 -1
    outer loop
      vertex -2.5 86 0
      vertex -0.221894 81.6855 0
      vertex -0.439992 81.6421 0
    endloop
  endfacet
  facet normal 0 0 -1
    outer loop
      vertex -2.5 86 0
      vertex -0.439992 81.6421 0
      vertex -0.650561 81.5706 0
    endloop
  endfacet
  facet normal 0 0 -1
    outer loop
      vertex -4 84.5 0
      vertex -0.650561 81.5706 0
      vertex -0.849999 81.4722 0
    endloop
  endfacet
  facet normal -0 0 -1
    outer loop
      vertex -1.68546 79.7781 0
      vertex -4 75.5 0
      vertex -1.7 80 0
    endloop
  endfacet
  facet normal 0 0 -1
    outer loop
      vertex 0.650561 81.5706 0
      vertex -2.5 86 0
      vertex 7 86 0
    endloop
  endfacet
  facet normal 0 0 -1
    outer loop
      vertex -4 84.5 0
      vertex -0.849999 81.4722 0
      vertex -1.03489 81.3487 0
    endloop
  endfacet
  facet normal 0 0 -1
    outer loop
      vertex -4 84.5 0
      vertex -1.03489 81.3487 0
      vertex -1.20208 81.2021 0
    endloop
  endfacet
  facet normal 0 0 -1
    outer loop
      vertex -4 84.5 0
      vertex -1.20208 81.2021 0
      vertex -1.3487 81.0349 0
    endloop
  endfacet
  facet normal 0 0 -1
    outer loop
      vertex -4 84.5 0
      vertex -1.3487 81.0349 0
      vertex -1.47224 80.85 0
    endloop
  endfacet
  facet normal 0 0 -1
    outer loop
      vertex -4 84.5 0
      vertex -1.47224 80.85 0
      vertex -1.57059 80.6506 0
    endloop
  endfacet
  facet normal 0 0 -1
    outer loop
      vertex -4 84.5 0
      vertex -1.57059 80.6506 0
      vertex -1.64207 80.44 0
    endloop
  endfacet
  facet normal 0 0 -1
    outer loop
      vertex -4 84.5 0
      vertex -1.64207 80.44 0
      vertex -1.68546 80.2219 0
    endloop
  endfacet
  facet normal 0 0 -1
    outer loop
      vertex -4 84.5 0
      vertex -1.7 80 0
      vertex -4 75.5 0
    endloop
  endfacet
  facet normal 0 0 -1
    outer loop
      vertex -4 75.5 0
      vertex -2.5 74 0
      vertex -2.69579 74.0128 0
    endloop
  endfacet
  facet normal 0 0 -1
    outer loop
      vertex -1.7 80 0
      vertex -4 84.5 0
      vertex -1.68546 80.2219 0
    endloop
  endfacet
  facet normal 0 0 -1
    outer loop
      vertex -4 75.5 0
      vertex -2.69579 74.0128 0
      vertex -2.88823 74.0511 0
    endloop
  endfacet
  facet normal 0 0 -1
    outer loop
      vertex -0.650561 81.5706 0
      vertex -4 84.5 0
      vertex -2.5 86 0
    endloop
  endfacet
  facet normal 0 0 -1
    outer loop
      vertex -4 75.5 0
      vertex -2.88823 74.0511 0
      vertex -3.07402 74.1142 0
    endloop
  endfacet
  facet normal 0 0 -1
    outer loop
      vertex -2.5 86 0
      vertex -4 84.5 0
      vertex -2.69579 85.9872 0
    endloop
  endfacet
  facet normal 0 0 -1
    outer loop
      vertex -4 75.5 0
      vertex -3.07402 74.1142 0
      vertex -3.25 74.201 0
    endloop
  endfacet
  facet normal 0 0 -1
    outer loop
      vertex -2.69579 85.9872 0
      vertex -4 84.5 0
      vertex -2.88823 85.9489 0
    endloop
  endfacet
  facet normal 0 0 -1
    outer loop
      vertex -4 75.5 0
      vertex -3.25 74.201 0
      vertex -3.41315 74.31 0
    endloop
  endfacet
  facet normal 0 0 -1
    outer loop
      vertex -2.88823 85.9489 0
      vertex -4 84.5 0
      vertex -3.07402 85.8858 0
    endloop
  endfacet
  facet normal 0 0 -1
    outer loop
      vertex -4 75.5 0
      vertex -3.41315 74.31 0
      vertex -3.56065 74.4393 0
    endloop
  endfacet
  facet normal 0 0 -1
    outer loop
      vertex -3.07402 85.8858 0
      vertex -4 84.5 0
      vertex -3.25 85.799 0
    endloop
  endfacet
  facet normal 0 0 -1
    outer loop
      vertex -4 75.5 0
      vertex -3.56065 74.4393 0
      vertex -3.69003 74.5869 0
    endloop
  endfacet
  facet normal 0 0 -1
    outer loop
      vertex -3.25 85.799 0
      vertex -4 84.5 0
      vertex -3.41315 85.69 0
    endloop
  endfacet
  facet normal 0 0 -1
    outer loop
      vertex -4 75.5 0
      vertex -3.69003 74.5869 0
      vertex -3.79904 74.75 0
    endloop
  endfacet
  facet normal 0 0 -1
    outer loop
      vertex -3.41315 85.69 0
      vertex -4 84.5 0
      vertex -3.56065 85.5607 0
    endloop
  endfacet
  facet normal 0 0 -1
    outer loop
      vertex -4 75.5 0
      vertex -3.79904 74.75 0
      vertex -3.88582 74.926 0
    endloop
  endfacet
  facet normal 0 0 -1
    outer loop
      vertex -3.56065 85.5607 0
      vertex -4 84.5 0
      vertex -3.69003 85.4131 0
    endloop
  endfacet
  facet normal 0 0 -1
    outer loop
      vertex -4 75.5 0
      vertex -3.88582 74.926 0
      vertex -3.94888 75.1118 0
    endloop
  endfacet
  facet normal 0 0 -1
    outer loop
      vertex -3.69003 85.4131 0
      vertex -4 84.5 0
      vertex -3.79904 85.25 0
    endloop
  endfacet
  facet normal 0 0 -1
    outer loop
      vertex -4 75.5 0
      vertex -3.94888 75.1118 0
      vertex -3.98717 75.3042 0
    endloop
  endfacet
  facet normal 0 0 -1
    outer loop
      vertex -3.79904 85.25 0
      vertex -4 84.5 0
      vertex -3.88582 85.074 0
    endloop
  endfacet
  facet normal 0 0 -1
    outer loop
      vertex -3.88582 85.074 0
      vertex -4 84.5 0
      vertex -3.94888 84.8882 0
    endloop
  endfacet
  facet normal 0 0 -1
    outer loop
      vertex -3.94888 84.8882 0
      vertex -4 84.5 0
      vertex -3.98717 84.6958 0
    endloop
  endfacet
  facet normal -0.0652369 -0.99787 0
    outer loop
      vertex -2.69579 74.0128 0
      vertex -2.5 74 2.5
      vertex -2.69579 74.0128 2.5
    endloop
  endfacet
  facet normal -0.0652369 -0.99787 -0
    outer loop
      vertex -2.5 74 2.5
      vertex -2.69579 74.0128 0
      vertex -2.5 74 0
    endloop
  endfacet
  facet normal -0.321589 -0.946879 0
    outer loop
      vertex -3.07402 74.1142 0
      vertex -2.88823 74.0511 2.5
      vertex -3.07402 74.1142 2.5
    endloop
  endfacet
  facet normal -0.321589 -0.946879 -0
    outer loop
      vertex -2.88823 74.0511 2.5
      vertex -3.07402 74.1142 0
      vertex -2.88823 74.0511 0
    endloop
  endfacet
  facet normal -0.65919 -0.751976 0
    outer loop
      vertex -3.56065 74.4393 0
      vertex -3.41315 74.31 2.5
      vertex -3.56065 74.4393 2.5
    endloop
  endfacet
  facet normal -0.65919 -0.751976 -0
    outer loop
      vertex -3.41315 74.31 2.5
      vertex -3.56065 74.4393 0
      vertex -3.41315 74.31 0
    endloop
  endfacet
  facet normal 1 -0 0
    outer loop
      vertex 8.5 75.5 2.5
      vertex 8.5 84.5 0
      vertex 8.5 84.5 2.5
    endloop
  endfacet
  facet normal 1 0 0
    outer loop
      vertex 8.5 84.5 0
      vertex 8.5 75.5 2.5
      vertex 8.5 75.5 0
    endloop
  endfacet
  facet normal 0.195195 0.980764 -0
    outer loop
      vertex 7.38823 85.9489 0
      vertex 7.19579 85.9872 2.5
      vertex 7.38823 85.9489 2.5
    endloop
  endfacet
  facet normal 0.195195 0.980764 0
    outer loop
      vertex 7.19579 85.9872 2.5
      vertex 7.38823 85.9489 0
      vertex 7.19579 85.9872 0
    endloop
  endfacet
  facet normal 0.321589 0.946879 -0
    outer loop
      vertex 7.57402 85.8858 0
      vertex 7.38823 85.9489 2.5
      vertex 7.57402 85.8858 2.5
    endloop
  endfacet
  facet normal 0.321589 0.946879 0
    outer loop
      vertex 7.38823 85.9489 2.5
      vertex 7.57402 85.8858 0
      vertex 7.38823 85.9489 0
    endloop
  endfacet
  facet normal 0.65919 0.751976 -0
    outer loop
      vertex 8.06065 85.5607 0
      vertex 7.91315 85.69 2.5
      vertex 8.06065 85.5607 2.5
    endloop
  endfacet
  facet normal 0.65919 0.751976 0
    outer loop
      vertex 7.91315 85.69 2.5
      vertex 8.06065 85.5607 0
      vertex 7.91315 85.69 0
    endloop
  endfacet
  facet normal 0.751996 0.659168 0
    outer loop
      vertex 8.19003 85.4131 2.5
      vertex 8.06065 85.5607 0
      vertex 8.06065 85.5607 2.5
    endloop
  endfacet
  facet normal 0.751996 0.659168 0
    outer loop
      vertex 8.06065 85.5607 0
      vertex 8.19003 85.4131 2.5
      vertex 8.19003 85.4131 0
    endloop
  endfacet
  facet normal -0.946947 -0.321391 0
    outer loop
      vertex -3.88582 74.926 0
      vertex -3.94888 75.1118 2.5
      vertex -3.94888 75.1118 0
    endloop
  endfacet
  facet normal -0.946947 -0.321391 0
    outer loop
      vertex -3.94888 75.1118 2.5
      vertex -3.88582 74.926 0
      vertex -3.88582 74.926 2.5
    endloop
  endfacet
  facet normal 0.8969 0.442233 0
    outer loop
      vertex 8.38582 85.074 2.5
      vertex 8.29904 85.25 0
      vertex 8.29904 85.25 2.5
    endloop
  endfacet
  facet normal 0.8969 0.442233 0
    outer loop
      vertex 8.29904 85.25 0
      vertex 8.38582 85.074 2.5
      vertex 8.38582 85.074 0
    endloop
  endfacet
  facet normal 0.99786 0.0653858 0
    outer loop
      vertex 8.5 84.5 2.5
      vertex 8.48717 84.6958 0
      vertex 8.48717 84.6958 2.5
    endloop
  endfacet
  facet normal 0.99786 0.0653858 0
    outer loop
      vertex 8.48717 84.6958 0
      vertex 8.5 84.5 2.5
      vertex 8.5 84.5 0
    endloop
  endfacet
  facet normal 0.946947 0.321391 0
    outer loop
      vertex 8.44888 84.8882 2.5
      vertex 8.38582 85.074 0
      vertex 8.38582 85.074 2.5
    endloop
  endfacet
  facet normal 0.946947 0.321391 0
    outer loop
      vertex 8.38582 85.074 0
      vertex 8.44888 84.8882 2.5
      vertex 8.44888 84.8882 0
    endloop
  endfacet
  facet normal 0.980766 -0.195185 0
    outer loop
      vertex 8.44888 75.1118 2.5
      vertex 8.48717 75.3042 0
      vertex 8.48717 75.3042 2.5
    endloop
  endfacet
  facet normal 0.980766 -0.195185 0
    outer loop
      vertex 8.48717 75.3042 0
      vertex 8.44888 75.1118 2.5
      vertex 8.44888 75.1118 0
    endloop
  endfacet
  facet normal 0.751996 -0.659168 0
    outer loop
      vertex 8.06065 74.4393 2.5
      vertex 8.19003 74.5869 0
      vertex 8.19003 74.5869 2.5
    endloop
  endfacet
  facet normal 0.751996 -0.659168 0
    outer loop
      vertex 8.19003 74.5869 0
      vertex 8.06065 74.4393 2.5
      vertex 8.06065 74.4393 0
    endloop
  endfacet
  facet normal 0.65919 -0.751976 0
    outer loop
      vertex 7.91315 74.31 0
      vertex 8.06065 74.4393 2.5
      vertex 7.91315 74.31 2.5
    endloop
  endfacet
  facet normal 0.65919 -0.751976 0
    outer loop
      vertex 8.06065 74.4393 2.5
      vertex 7.91315 74.31 0
      vertex 8.06065 74.4393 0
    endloop
  endfacet
  facet normal -0.751996 0.659168 0
    outer loop
      vertex -3.69003 85.4131 0
      vertex -3.56065 85.5607 2.5
      vertex -3.56065 85.5607 0
    endloop
  endfacet
  facet normal -0.751996 0.659168 0
    outer loop
      vertex -3.56065 85.5607 2.5
      vertex -3.69003 85.4131 0
      vertex -3.69003 85.4131 2.5
    endloop
  endfacet
  facet normal -0.65919 0.751976 0
    outer loop
      vertex -3.41315 85.69 0
      vertex -3.56065 85.5607 2.5
      vertex -3.41315 85.69 2.5
    endloop
  endfacet
  facet normal -0.65919 0.751976 0
    outer loop
      vertex -3.56065 85.5607 2.5
      vertex -3.41315 85.69 0
      vertex -3.56065 85.5607 0
    endloop
  endfacet
  facet normal -0.321589 0.946879 0
    outer loop
      vertex -2.88823 85.9489 0
      vertex -3.07402 85.8858 2.5
      vertex -2.88823 85.9489 2.5
    endloop
  endfacet
  facet normal -0.321589 0.946879 0
    outer loop
      vertex -3.07402 85.8858 2.5
      vertex -2.88823 85.9489 0
      vertex -3.07402 85.8858 0
    endloop
  endfacet
  facet normal -0.195195 0.980764 0
    outer loop
      vertex -2.69579 85.9872 0
      vertex -2.88823 85.9489 2.5
      vertex -2.69579 85.9872 2.5
    endloop
  endfacet
  facet normal -0.195195 0.980764 0
    outer loop
      vertex -2.88823 85.9489 2.5
      vertex -2.69579 85.9872 0
      vertex -2.88823 85.9489 0
    endloop
  endfacet
  facet normal 0.980766 0.195185 0
    outer loop
      vertex 8.48717 84.6958 2.5
      vertex 8.44888 84.8882 0
      vertex 8.44888 84.8882 2.5
    endloop
  endfacet
  facet normal 0.980766 0.195185 0
    outer loop
      vertex 8.44888 84.8882 0
      vertex 8.48717 84.6958 2.5
      vertex 8.48717 84.6958 0
    endloop
  endfacet
  facet normal 0.8969 -0.442233 0
    outer loop
      vertex 8.29904 74.75 2.5
      vertex 8.38582 74.926 0
      vertex 8.38582 74.926 2.5
    endloop
  endfacet
  facet normal 0.8969 -0.442233 0
    outer loop
      vertex 8.38582 74.926 0
      vertex 8.29904 74.75 2.5
      vertex 8.29904 74.75 0
    endloop
  endfacet
  facet normal 0.831399 -0.555676 0
    outer loop
      vertex 8.19003 74.5869 2.5
      vertex 8.29904 74.75 0
      vertex 8.29904 74.75 2.5
    endloop
  endfacet
  facet normal 0.831399 -0.555676 0
    outer loop
      vertex 8.29904 74.75 0
      vertex 8.19003 74.5869 2.5
      vertex 8.19003 74.5869 0
    endloop
  endfacet
  facet normal 0.946947 -0.321391 0
    outer loop
      vertex 8.38582 74.926 2.5
      vertex 8.44888 75.1118 0
      vertex 8.44888 75.1118 2.5
    endloop
  endfacet
  facet normal 0.946947 -0.321391 0
    outer loop
      vertex 8.44888 75.1118 0
      vertex 8.38582 74.926 2.5
      vertex 8.38582 74.926 0
    endloop
  endfacet
  facet normal 0.442355 -0.89684 0
    outer loop
      vertex 7.57402 74.1142 0
      vertex 7.75 74.201 2.5
      vertex 7.57402 74.1142 2.5
    endloop
  endfacet
  facet normal 0.442355 -0.89684 0
    outer loop
      vertex 7.75 74.201 2.5
      vertex 7.57402 74.1142 0
      vertex 7.75 74.201 0
    endloop
  endfacet
  facet normal 0.321589 -0.946879 0
    outer loop
      vertex 7.38823 74.0511 0
      vertex 7.57402 74.1142 2.5
      vertex 7.38823 74.0511 2.5
    endloop
  endfacet
  facet normal 0.321589 -0.946879 0
    outer loop
      vertex 7.57402 74.1142 2.5
      vertex 7.38823 74.0511 0
      vertex 7.57402 74.1142 0
    endloop
  endfacet
  facet normal -0.99786 -0.0653848 0
    outer loop
      vertex 1.7 80 0
      vertex 1.68546 80.2219 2.5
      vertex 1.68546 80.2219 0
    endloop
  endfacet
  facet normal -0.99786 -0.0653848 0
    outer loop
      vertex 1.68546 80.2219 2.5
      vertex 1.7 80 0
      vertex 1.7 80 2.5
    endloop
  endfacet
  facet normal 0.99786 -0.0653848 0
    outer loop
      vertex -1.7 80 2.5
      vertex -1.68546 80.2219 0
      vertex -1.68546 80.2219 2.5
    endloop
  endfacet
  facet normal 0.99786 -0.0653848 0
    outer loop
      vertex -1.68546 80.2219 0
      vertex -1.7 80 2.5
      vertex -1.7 80 0
    endloop
  endfacet
  facet normal -0.0652074 -0.997872 0
    outer loop
      vertex 0 81.7 0
      vertex 0.221894 81.6855 2.5
      vertex 0 81.7 2.5
    endloop
  endfacet
  facet normal -0.0652074 -0.997872 -0
    outer loop
      vertex 0.221894 81.6855 2.5
      vertex 0 81.7 0
      vertex 0.221894 81.6855 0
    endloop
  endfacet
  facet normal 0.0652074 0.997872 -0
    outer loop
      vertex 0 78.3 0
      vertex -0.221894 78.3145 2.5
      vertex 0 78.3 2.5
    endloop
  endfacet
  facet normal 0.0652074 0.997872 0
    outer loop
      vertex -0.221894 78.3145 2.5
      vertex 0 78.3 0
      vertex -0.221894 78.3145 0
    endloop
  endfacet
  facet normal -0.659291 -0.751888 0
    outer loop
      vertex 1.03489 81.3487 0
      vertex 1.20208 81.2021 2.5
      vertex 1.03489 81.3487 2.5
    endloop
  endfacet
  facet normal -0.659291 -0.751888 -0
    outer loop
      vertex 1.20208 81.2021 2.5
      vertex 1.03489 81.3487 0
      vertex 1.20208 81.2021 0
    endloop
  endfacet
  facet normal 0.659291 -0.751888 0
    outer loop
      vertex -1.20208 81.2021 0
      vertex -1.03489 81.3487 2.5
      vertex -1.20208 81.2021 2.5
    endloop
  endfacet
  facet normal 0.659291 -0.751888 0
    outer loop
      vertex -1.03489 81.3487 2.5
      vertex -1.20208 81.2021 0
      vertex -1.03489 81.3487 0
    endloop
  endfacet
  facet normal 0.321526 -0.946901 0
    outer loop
      vertex -0.650561 81.5706 0
      vertex -0.439992 81.6421 2.5
      vertex -0.650561 81.5706 2.5
    endloop
  endfacet
  facet normal 0.321526 -0.946901 0
    outer loop
      vertex -0.439992 81.6421 2.5
      vertex -0.650561 81.5706 0
      vertex -0.439992 81.6421 0
    endloop
  endfacet
  facet normal -0.896843 -0.442349 0
    outer loop
      vertex 1.57059 80.6506 0
      vertex 1.47224 80.85 2.5
      vertex 1.47224 80.85 0
    endloop
  endfacet
  facet normal -0.896843 -0.442349 0
    outer loop
      vertex 1.47224 80.85 2.5
      vertex 1.57059 80.6506 0
      vertex 1.57059 80.6506 2.5
    endloop
  endfacet
  facet normal -0.980779 -0.195122 0
    outer loop
      vertex 1.68546 80.2219 0
      vertex 1.64207 80.44 2.5
      vertex 1.64207 80.44 0
    endloop
  endfacet
  facet normal -0.980779 -0.195122 0
    outer loop
      vertex 1.64207 80.44 2.5
      vertex 1.68546 80.2219 0
      vertex 1.68546 80.2219 2.5
    endloop
  endfacet
  facet normal -0.831483 -0.555551 0
    outer loop
      vertex 1.47224 80.85 0
      vertex 1.3487 81.0349 2.5
      vertex 1.3487 81.0349 0
    endloop
  endfacet
  facet normal -0.831483 -0.555551 0
    outer loop
      vertex 1.3487 81.0349 2.5
      vertex 1.47224 80.85 0
      vertex 1.47224 80.85 2.5
    endloop
  endfacet
  facet normal -0.321526 -0.946901 0
    outer loop
      vertex 0.439992 81.6421 0
      vertex 0.650561 81.5706 2.5
      vertex 0.439992 81.6421 2.5
    endloop
  endfacet
  facet normal -0.321526 -0.946901 -0
    outer loop
      vertex 0.650561 81.5706 2.5
      vertex 0.439992 81.6421 0
      vertex 0.650561 81.5706 0
    endloop
  endfacet
  facet normal -0.195167 -0.98077 0
    outer loop
      vertex 0.221894 81.6855 0
      vertex 0.439992 81.6421 2.5
      vertex 0.221894 81.6855 2.5
    endloop
  endfacet
  facet normal -0.195167 -0.98077 -0
    outer loop
      vertex 0.439992 81.6421 2.5
      vertex 0.221894 81.6855 0
      vertex 0.439992 81.6421 0
    endloop
  endfacet
  facet normal -0.442463 -0.896787 0
    outer loop
      vertex 0.650561 81.5706 0
      vertex 0.849999 81.4722 2.5
      vertex 0.650561 81.5706 2.5
    endloop
  endfacet
  facet normal -0.442463 -0.896787 -0
    outer loop
      vertex 0.849999 81.4722 2.5
      vertex 0.650561 81.5706 0
      vertex 0.849999 81.4722 0
    endloop
  endfacet
  facet normal 0.831483 -0.555551 0
    outer loop
      vertex -1.47224 80.85 2.5
      vertex -1.3487 81.0349 0
      vertex -1.3487 81.0349 2.5
    endloop
  endfacet
  facet normal 0.831483 -0.555551 0
    outer loop
      vertex -1.3487 81.0349 0
      vertex -1.47224 80.85 2.5
      vertex -1.47224 80.85 0
    endloop
  endfacet
  facet normal 0.751863 -0.659319 0
    outer loop
      vertex -1.3487 81.0349 2.5
      vertex -1.20208 81.2021 0
      vertex -1.20208 81.2021 2.5
    endloop
  endfacet
  facet normal 0.751863 -0.659319 0
    outer loop
      vertex -1.20208 81.2021 0
      vertex -1.3487 81.0349 2.5
      vertex -1.3487 81.0349 0
    endloop
  endfacet
  facet normal 0.946943 -0.321403 0
    outer loop
      vertex -1.64207 80.44 2.5
      vertex -1.57059 80.6506 0
      vertex -1.57059 80.6506 2.5
    endloop
  endfacet
  facet normal 0.946943 -0.321403 0
    outer loop
      vertex -1.57059 80.6506 0
      vertex -1.64207 80.44 2.5
      vertex -1.64207 80.44 0
    endloop
  endfacet
  facet normal 0.555445 -0.831553 0
    outer loop
      vertex -1.03489 81.3487 0
      vertex -0.849999 81.4722 2.5
      vertex -1.03489 81.3487 2.5
    endloop
  endfacet
  facet normal 0.555445 -0.831553 0
    outer loop
      vertex -0.849999 81.4722 2.5
      vertex -1.03489 81.3487 0
      vertex -0.849999 81.4722 0
    endloop
  endfacet
  facet normal 0.195167 -0.98077 0
    outer loop
      vertex -0.439992 81.6421 0
      vertex -0.221894 81.6855 2.5
      vertex -0.439992 81.6421 2.5
    endloop
  endfacet
  facet normal 0.195167 -0.98077 0
    outer loop
      vertex -0.221894 81.6855 2.5
      vertex -0.439992 81.6421 0
      vertex -0.221894 81.6855 0
    endloop
  endfacet
  facet normal -0.751863 0.659319 0
    outer loop
      vertex 1.20208 78.7979 0
      vertex 1.3487 78.9651 2.5
      vertex 1.3487 78.9651 0
    endloop
  endfacet
  facet normal -0.751863 0.659319 0
    outer loop
      vertex 1.3487 78.9651 2.5
      vertex 1.20208 78.7979 0
      vertex 1.20208 78.7979 2.5
    endloop
  endfacet
  facet normal -0.980779 0.195122 0
    outer loop
      vertex 1.64207 79.56 0
      vertex 1.68546 79.7781 2.5
      vertex 1.68546 79.7781 0
    endloop
  endfacet
  facet normal -0.980779 0.195122 0
    outer loop
      vertex 1.68546 79.7781 2.5
      vertex 1.64207 79.56 0
      vertex 1.64207 79.56 2.5
    endloop
  endfacet
  facet normal 0.442463 0.896787 -0
    outer loop
      vertex -0.650561 78.4294 0
      vertex -0.849999 78.5278 2.5
      vertex -0.650561 78.4294 2.5
    endloop
  endfacet
  facet normal 0.442463 0.896787 0
    outer loop
      vertex -0.849999 78.5278 2.5
      vertex -0.650561 78.4294 0
      vertex -0.849999 78.5278 0
    endloop
  endfacet
  facet normal 0.659291 0.751888 -0
    outer loop
      vertex -1.03489 78.6513 0
      vertex -1.20208 78.7979 2.5
      vertex -1.03489 78.6513 2.5
    endloop
  endfacet
  facet normal 0.659291 0.751888 0
    outer loop
      vertex -1.20208 78.7979 2.5
      vertex -1.03489 78.6513 0
      vertex -1.20208 78.7979 0
    endloop
  endfacet
  facet normal 0.321526 0.946901 -0
    outer loop
      vertex -0.439992 78.3579 0
      vertex -0.650561 78.4294 2.5
      vertex -0.439992 78.3579 2.5
    endloop
  endfacet
  facet normal 0.321526 0.946901 0
    outer loop
      vertex -0.650561 78.4294 2.5
      vertex -0.439992 78.3579 0
      vertex -0.650561 78.4294 0
    endloop
  endfacet
  facet normal 0.751863 0.659319 0
    outer loop
      vertex -1.20208 78.7979 2.5
      vertex -1.3487 78.9651 0
      vertex -1.3487 78.9651 2.5
    endloop
  endfacet
  facet normal 0.751863 0.659319 0
    outer loop
      vertex -1.3487 78.9651 0
      vertex -1.20208 78.7979 2.5
      vertex -1.20208 78.7979 0
    endloop
  endfacet
  facet normal -0.946943 -0.321403 0
    outer loop
      vertex 1.64207 80.44 0
      vertex 1.57059 80.6506 2.5
      vertex 1.57059 80.6506 0
    endloop
  endfacet
  facet normal -0.946943 -0.321403 0
    outer loop
      vertex 1.57059 80.6506 2.5
      vertex 1.64207 80.44 0
      vertex 1.64207 80.44 2.5
    endloop
  endfacet
  facet normal -0.555445 -0.831553 0
    outer loop
      vertex 0.849999 81.4722 0
      vertex 1.03489 81.3487 2.5
      vertex 0.849999 81.4722 2.5
    endloop
  endfacet
  facet normal -0.555445 -0.831553 -0
    outer loop
      vertex 1.03489 81.3487 2.5
      vertex 0.849999 81.4722 0
      vertex 1.03489 81.3487 0
    endloop
  endfacet
  facet normal 0.896843 -0.442349 0
    outer loop
      vertex -1.57059 80.6506 2.5
      vertex -1.47224 80.85 0
      vertex -1.47224 80.85 2.5
    endloop
  endfacet
  facet normal 0.896843 -0.442349 0
    outer loop
      vertex -1.47224 80.85 0
      vertex -1.57059 80.6506 2.5
      vertex -1.57059 80.6506 0
    endloop
  endfacet
  facet normal 0.980779 -0.195122 0
    outer loop
      vertex -1.68546 80.2219 2.5
      vertex -1.64207 80.44 0
      vertex -1.64207 80.44 2.5
    endloop
  endfacet
  facet normal 0.980779 -0.195122 0
    outer loop
      vertex -1.64207 80.44 0
      vertex -1.68546 80.2219 2.5
      vertex -1.68546 80.2219 0
    endloop
  endfacet
  facet normal 0.0652074 -0.997872 0
    outer loop
      vertex -0.221894 81.6855 0
      vertex 0 81.7 2.5
      vertex -0.221894 81.6855 2.5
    endloop
  endfacet
  facet normal 0.0652074 -0.997872 0
    outer loop
      vertex 0 81.7 2.5
      vertex -0.221894 81.6855 0
      vertex 0 81.7 0
    endloop
  endfacet
  facet normal -0.99786 0.0653848 0
    outer loop
      vertex 1.68546 79.7781 0
      vertex 1.7 80 2.5
      vertex 1.7 80 0
    endloop
  endfacet
  facet normal -0.99786 0.0653848 0
    outer loop
      vertex 1.7 80 2.5
      vertex 1.68546 79.7781 0
      vertex 1.68546 79.7781 2.5
    endloop
  endfacet
  facet normal -0.0652074 0.997872 0
    outer loop
      vertex 0.221894 78.3145 0
      vertex 0 78.3 2.5
      vertex 0.221894 78.3145 2.5
    endloop
  endfacet
  facet normal -0.0652074 0.997872 0
    outer loop
      vertex 0 78.3 2.5
      vertex 0.221894 78.3145 0
      vertex 0 78.3 0
    endloop
  endfacet
  facet normal -0.321526 0.946901 0
    outer loop
      vertex 0.650561 78.4294 0
      vertex 0.439992 78.3579 2.5
      vertex 0.650561 78.4294 2.5
    endloop
  endfacet
  facet normal -0.321526 0.946901 0
    outer loop
      vertex 0.439992 78.3579 2.5
      vertex 0.650561 78.4294 0
      vertex 0.439992 78.3579 0
    endloop
  endfacet
  facet normal -0.442463 0.896787 0
    outer loop
      vertex 0.849999 78.5278 0
      vertex 0.650561 78.4294 2.5
      vertex 0.849999 78.5278 2.5
    endloop
  endfacet
  facet normal -0.442463 0.896787 0
    outer loop
      vertex 0.650561 78.4294 2.5
      vertex 0.849999 78.5278 0
      vertex 0.650561 78.4294 0
    endloop
  endfacet
  facet normal -0.659291 0.751888 0
    outer loop
      vertex 1.20208 78.7979 0
      vertex 1.03489 78.6513 2.5
      vertex 1.20208 78.7979 2.5
    endloop
  endfacet
  facet normal -0.659291 0.751888 0
    outer loop
      vertex 1.03489 78.6513 2.5
      vertex 1.20208 78.7979 0
      vertex 1.03489 78.6513 0
    endloop
  endfacet
  facet normal -0.555445 0.831553 0
    outer loop
      vertex 1.03489 78.6513 0
      vertex 0.849999 78.5278 2.5
      vertex 1.03489 78.6513 2.5
    endloop
  endfacet
  facet normal -0.555445 0.831553 0
    outer loop
      vertex 0.849999 78.5278 2.5
      vertex 1.03489 78.6513 0
      vertex 0.849999 78.5278 0
    endloop
  endfacet
  facet normal -0.946943 0.321403 0
    outer loop
      vertex 1.57059 79.3494 0
      vertex 1.64207 79.56 2.5
      vertex 1.64207 79.56 0
    endloop
  endfacet
  facet normal -0.946943 0.321403 0
    outer loop
      vertex 1.64207 79.56 2.5
      vertex 1.57059 79.3494 0
      vertex 1.57059 79.3494 2.5
    endloop
  endfacet
  facet normal -0.831483 0.555551 0
    outer loop
      vertex 1.3487 78.9651 0
      vertex 1.47224 79.15 2.5
      vertex 1.47224 79.15 0
    endloop
  endfacet
  facet normal -0.831483 0.555551 0
    outer loop
      vertex 1.47224 79.15 2.5
      vertex 1.3487 78.9651 0
      vertex 1.3487 78.9651 2.5
    endloop
  endfacet
  facet normal -0.896843 0.442349 0
    outer loop
      vertex 1.47224 79.15 0
      vertex 1.57059 79.3494 2.5
      vertex 1.57059 79.3494 0
    endloop
  endfacet
  facet normal -0.896843 0.442349 0
    outer loop
      vertex 1.57059 79.3494 2.5
      vertex 1.47224 79.15 0
      vertex 1.47224 79.15 2.5
    endloop
  endfacet
  facet normal 0.555445 0.831553 -0
    outer loop
      vertex -0.849999 78.5278 0
      vertex -1.03489 78.6513 2.5
      vertex -0.849999 78.5278 2.5
    endloop
  endfacet
  facet normal 0.555445 0.831553 0
    outer loop
      vertex -1.03489 78.6513 2.5
      vertex -0.849999 78.5278 0
      vertex -1.03489 78.6513 0
    endloop
  endfacet
  facet normal 0.195167 0.98077 -0
    outer loop
      vertex -0.221894 78.3145 0
      vertex -0.439992 78.3579 2.5
      vertex -0.221894 78.3145 2.5
    endloop
  endfacet
  facet normal 0.195167 0.98077 0
    outer loop
      vertex -0.439992 78.3579 2.5
      vertex -0.221894 78.3145 0
      vertex -0.439992 78.3579 0
    endloop
  endfacet
  facet normal 0.896843 0.442349 0
    outer loop
      vertex -1.47224 79.15 2.5
      vertex -1.57059 79.3494 0
      vertex -1.57059 79.3494 2.5
    endloop
  endfacet
  facet normal 0.896843 0.442349 0
    outer loop
      vertex -1.57059 79.3494 0
      vertex -1.47224 79.15 2.5
      vertex -1.47224 79.15 0
    endloop
  endfacet
  facet normal 0.946943 0.321403 0
    outer loop
      vertex -1.57059 79.3494 2.5
      vertex -1.64207 79.56 0
      vertex -1.64207 79.56 2.5
    endloop
  endfacet
  facet normal 0.946943 0.321403 0
    outer loop
      vertex -1.64207 79.56 0
      vertex -1.57059 79.3494 2.5
      vertex -1.57059 79.3494 0
    endloop
  endfacet
  facet normal 0.99786 0.0653848 0
    outer loop
      vertex -1.68546 79.7781 2.5
      vertex -1.7 80 0
      vertex -1.7 80 2.5
    endloop
  endfacet
  facet normal 0.99786 0.0653848 0
    outer loop
      vertex -1.7 80 0
      vertex -1.68546 79.7781 2.5
      vertex -1.68546 79.7781 0
    endloop
  endfacet
  facet normal -0.751863 -0.659319 0
    outer loop
      vertex 1.3487 81.0349 0
      vertex 1.20208 81.2021 2.5
      vertex 1.20208 81.2021 0
    endloop
  endfacet
  facet normal -0.751863 -0.659319 0
    outer loop
      vertex 1.20208 81.2021 2.5
      vertex 1.3487 81.0349 0
      vertex 1.3487 81.0349 2.5
    endloop
  endfacet
  facet normal 0.442463 -0.896787 0
    outer loop
      vertex -0.849999 81.4722 0
      vertex -0.650561 81.5706 2.5
      vertex -0.849999 81.4722 2.5
    endloop
  endfacet
  facet normal 0.442463 -0.896787 0
    outer loop
      vertex -0.650561 81.5706 2.5
      vertex -0.849999 81.4722 0
      vertex -0.650561 81.5706 0
    endloop
  endfacet
  facet normal -0.195167 0.98077 0
    outer loop
      vertex 0.439992 78.3579 0
      vertex 0.221894 78.3145 2.5
      vertex 0.439992 78.3579 2.5
    endloop
  endfacet
  facet normal -0.195167 0.98077 0
    outer loop
      vertex 0.221894 78.3145 2.5
      vertex 0.439992 78.3579 0
      vertex 0.221894 78.3145 0
    endloop
  endfacet
  facet normal 0.831483 0.555551 0
    outer loop
      vertex -1.3487 78.9651 2.5
      vertex -1.47224 79.15 0
      vertex -1.47224 79.15 2.5
    endloop
  endfacet
  facet normal 0.831483 0.555551 0
    outer loop
      vertex -1.47224 79.15 0
      vertex -1.3487 78.9651 2.5
      vertex -1.3487 78.9651 0
    endloop
  endfacet
  facet normal 0.980779 0.195122 0
    outer loop
      vertex -1.64207 79.56 2.5
      vertex -1.68546 79.7781 0
      vertex -1.68546 79.7781 2.5
    endloop
  endfacet
  facet normal 0.980779 0.195122 0
    outer loop
      vertex -1.68546 79.7781 0
      vertex -1.64207 79.56 2.5
      vertex -1.64207 79.56 0
    endloop
  endfacet
  facet normal 0 -1 0
    outer loop
      vertex -2.5 90 0
      vertex 7 90 2.5
      vertex -2.5 90 2.5
    endloop
  endfacet
  facet normal 0 -1 -0
    outer loop
      vertex 7 90 2.5
      vertex -2.5 90 0
      vertex 7 90 0
    endloop
  endfacet
  facet normal 0.0652369 -0.99787 0
    outer loop
      vertex 7 90 0
      vertex 7.19579 90.0128 2.5
      vertex 7 90 2.5
    endloop
  endfacet
  facet normal 0.0652369 -0.99787 0
    outer loop
      vertex 7.19579 90.0128 2.5
      vertex 7 90 0
      vertex 7.19579 90.0128 0
    endloop
  endfacet
  facet normal 0.195195 -0.980764 0
    outer loop
      vertex 7.19579 90.0128 0
      vertex 7.38823 90.0511 2.5
      vertex 7.19579 90.0128 2.5
    endloop
  endfacet
  facet normal 0.195195 -0.980764 0
    outer loop
      vertex 7.38823 90.0511 2.5
      vertex 7.19579 90.0128 0
      vertex 7.38823 90.0511 0
    endloop
  endfacet
  facet normal -0.0662518 0.997803 0
    outer loop
      vertex -2.5 102 0
      vertex -2.69579 101.987 2.5
      vertex -2.5 102 2.5
    endloop
  endfacet
  facet normal -0.0662518 0.997803 0
    outer loop
      vertex -2.69579 101.987 2.5
      vertex -2.5 102 0
      vertex -2.69579 101.987 0
    endloop
  endfacet
  facet normal 0.0662518 0.997803 -0
    outer loop
      vertex 7.19579 101.987 0
      vertex 7 102 2.5
      vertex 7.19579 101.987 2.5
    endloop
  endfacet
  facet normal 0.0662518 0.997803 0
    outer loop
      vertex 7 102 2.5
      vertex 7.19579 101.987 0
      vertex 7 102 0
    endloop
  endfacet
  facet normal -0.831241 0.555912 0
    outer loop
      vertex -3.79904 101.25 0
      vertex -3.69003 101.413 2.5
      vertex -3.69003 101.413 0
    endloop
  endfacet
  facet normal -0.831241 0.555912 0
    outer loop
      vertex -3.69003 101.413 2.5
      vertex -3.79904 101.25 0
      vertex -3.79904 101.25 2.5
    endloop
  endfacet
  facet normal 0 1 -0
    outer loop
      vertex 7 102 0
      vertex -2.5 102 2.5
      vertex 7 102 2.5
    endloop
  endfacet
  facet normal 0 1 0
    outer loop
      vertex -2.5 102 2.5
      vertex 7 102 0
      vertex -2.5 102 0
    endloop
  endfacet
  facet normal -0.443175 0.896435 0
    outer loop
      vertex -3.07402 101.886 0
      vertex -3.25 101.799 2.5
      vertex -3.07402 101.886 2.5
    endloop
  endfacet
  facet normal -0.443175 0.896435 0
    outer loop
      vertex -3.25 101.799 2.5
      vertex -3.07402 101.886 0
      vertex -3.25 101.799 0
    endloop
  endfacet
  facet normal 0 0 1
    outer loop
      vertex 7 102 2.5
      vertex 8.5 100.5 2.5
      vertex 8.48717 100.696 2.5
    endloop
  endfacet
  facet normal 0 0 1
    outer loop
      vertex 8.5 100.5 2.5
      vertex 1.7 96 2.5
      vertex 8.5 91.5 2.5
    endloop
  endfacet
  facet normal 0 0 1
    outer loop
      vertex 7 102 2.5
      vertex 8.48717 100.696 2.5
      vertex 8.44888 100.888 2.5
    endloop
  endfacet
  facet normal -0 0 1
    outer loop
      vertex 1.68546 95.7781 2.5
      vertex 8.5 91.5 2.5
      vertex 1.7 96 2.5
    endloop
  endfacet
  facet normal 0 0 1
    outer loop
      vertex 7 102 2.5
      vertex 8.44888 100.888 2.5
      vertex 8.38582 101.074 2.5
    endloop
  endfacet
  facet normal -0 0 1
    outer loop
      vertex 1.64207 95.56 2.5
      vertex 8.5 91.5 2.5
      vertex 1.68546 95.7781 2.5
    endloop
  endfacet
  facet normal 0 0 1
    outer loop
      vertex 7 102 2.5
      vertex 8.38582 101.074 2.5
      vertex 8.29904 101.25 2.5
    endloop
  endfacet
  facet normal -0 0 1
    outer loop
      vertex 1.57059 95.3494 2.5
      vertex 8.5 91.5 2.5
      vertex 1.64207 95.56 2.5
    endloop
  endfacet
  facet normal 0 0 1
    outer loop
      vertex 7 102 2.5
      vertex 8.29904 101.25 2.5
      vertex 8.19003 101.413 2.5
    endloop
  endfacet
  facet normal -0 0 1
    outer loop
      vertex 1.47224 95.15 2.5
      vertex 8.5 91.5 2.5
      vertex 1.57059 95.3494 2.5
    endloop
  endfacet
  facet normal 0 0 1
    outer loop
      vertex 7 102 2.5
      vertex 8.19003 101.413 2.5
      vertex 8.06065 101.561 2.5
    endloop
  endfacet
  facet normal 0 0 1
    outer loop
      vertex 8.5 91.5 2.5
      vertex 7 90 2.5
      vertex 8.48717 91.3042 2.5
    endloop
  endfacet
  facet normal 0 0 1
    outer loop
      vertex 7 102 2.5
      vertex 8.06065 101.561 2.5
      vertex 7.91315 101.69 2.5
    endloop
  endfacet
  facet normal 0 0 1
    outer loop
      vertex 8.48717 91.3042 2.5
      vertex 7 90 2.5
      vertex 8.44888 91.1118 2.5
    endloop
  endfacet
  facet normal 0 0 1
    outer loop
      vertex 7 102 2.5
      vertex 7.91315 101.69 2.5
      vertex 7.75 101.799 2.5
    endloop
  endfacet
  facet normal 0 0 1
    outer loop
      vertex 8.44888 91.1118 2.5
      vertex 7 90 2.5
      vertex 8.38582 90.926 2.5
    endloop
  endfacet
  facet normal 0 0 1
    outer loop
      vertex 7 102 2.5
      vertex 7.75 101.799 2.5
      vertex 7.57402 101.886 2.5
    endloop
  endfacet
  facet normal 0 0 1
    outer loop
      vertex 8.29904 90.75 2.5
      vertex 7 90 2.5
      vertex 8.19003 90.5869 2.5
    endloop
  endfacet
  facet normal 0 0 1
    outer loop
      vertex 7 102 2.5
      vertex 7.57402 101.886 2.5
      vertex 7.38823 101.949 2.5
    endloop
  endfacet
  facet normal 0 0 1
    outer loop
      vertex 8.19003 90.5869 2.5
      vertex 7 90 2.5
      vertex 8.06065 90.4393 2.5
    endloop
  endfacet
  facet normal 0 0 1
    outer loop
      vertex 7 102 2.5
      vertex 7.38823 101.949 2.5
      vertex 7.19579 101.987 2.5
    endloop
  endfacet
  facet normal 0 0 1
    outer loop
      vertex 8.06065 90.4393 2.5
      vertex 7 90 2.5
      vertex 7.91315 90.31 2.5
    endloop
  endfacet
  facet normal 0 0 1
    outer loop
      vertex 1.47224 96.85 2.5
      vertex 8.5 100.5 2.5
      vertex 7 102 2.5
    endloop
  endfacet
  facet normal 0 0 1
    outer loop
      vertex 7.75 90.201 2.5
      vertex 7 90 2.5
      vertex 7.57402 90.1142 2.5
    endloop
  endfacet
  facet normal 0 0 1
    outer loop
      vertex 7.57402 90.1142 2.5
      vertex 7 90 2.5
      vertex 7.38823 90.0511 2.5
    endloop
  endfacet
  facet normal 0 0 1
    outer loop
      vertex 8.5 100.5 2.5
      vertex 1.68546 96.2219 2.5
      vertex 1.7 96 2.5
    endloop
  endfacet
  facet normal 0 0 1
    outer loop
      vertex 8.5 100.5 2.5
      vertex 1.64207 96.44 2.5
      vertex 1.68546 96.2219 2.5
    endloop
  endfacet
  facet normal 0 0 1
    outer loop
      vertex 8.5 100.5 2.5
      vertex 1.57059 96.6506 2.5
      vertex 1.64207 96.44 2.5
    endloop
  endfacet
  facet normal 0 0 1
    outer loop
      vertex 8.5 100.5 2.5
      vertex 1.47224 96.85 2.5
      vertex 1.57059 96.6506 2.5
    endloop
  endfacet
  facet normal 0 0 1
    outer loop
      vertex 7 102 2.5
      vertex 1.3487 97.0349 2.5
      vertex 1.47224 96.85 2.5
    endloop
  endfacet
  facet normal 0 0 1
    outer loop
      vertex 7 102 2.5
      vertex 1.20208 97.2021 2.5
      vertex 1.3487 97.0349 2.5
    endloop
  endfacet
  facet normal 0 0 1
    outer loop
      vertex 7 102 2.5
      vertex 1.03489 97.3487 2.5
      vertex 1.20208 97.2021 2.5
    endloop
  endfacet
  facet normal 0 0 1
    outer loop
      vertex 7 102 2.5
      vertex 0.849999 97.4722 2.5
      vertex 1.03489 97.3487 2.5
    endloop
  endfacet
  facet normal 0 0 1
    outer loop
      vertex 7 102 2.5
      vertex 0.650561 97.5706 2.5
      vertex 0.849999 97.4722 2.5
    endloop
  endfacet
  facet normal -0 0 1
    outer loop
      vertex -2.5 102 2.5
      vertex 0.650561 97.5706 2.5
      vertex 7 102 2.5
    endloop
  endfacet
  facet normal 0 0 1
    outer loop
      vertex 0.650561 97.5706 2.5
      vertex -2.5 102 2.5
      vertex 0.439992 97.6421 2.5
    endloop
  endfacet
  facet normal 0 0 1
    outer loop
      vertex 0.439992 97.6421 2.5
      vertex -2.5 102 2.5
      vertex 0.221894 97.6855 2.5
    endloop
  endfacet
  facet normal 0 0 1
    outer loop
      vertex 0.221894 97.6855 2.5
      vertex -2.5 102 2.5
      vertex 0 97.7 2.5
    endloop
  endfacet
  facet normal 0 0 1
    outer loop
      vertex 0 97.7 2.5
      vertex -2.5 102 2.5
      vertex -0.221894 97.6855 2.5
    endloop
  endfacet
  facet normal 0 0 1
    outer loop
      vertex -0.221894 97.6855 2.5
      vertex -2.5 102 2.5
      vertex -0.439992 97.6421 2.5
    endloop
  endfacet
  facet normal 0 0 1
    outer loop
      vertex -0.439992 97.6421 2.5
      vertex -2.5 102 2.5
      vertex -0.650561 97.5706 2.5
    endloop
  endfacet
  facet normal 0 0 1
    outer loop
      vertex -1.64207 96.44 2.5
      vertex -4 100.5 2.5
      vertex -1.68546 96.2219 2.5
    endloop
  endfacet
  facet normal 0 0 1
    outer loop
      vertex -1.57059 96.6506 2.5
      vertex -4 100.5 2.5
      vertex -1.64207 96.44 2.5
    endloop
  endfacet
  facet normal 0 0 1
    outer loop
      vertex -1.47224 96.85 2.5
      vertex -4 100.5 2.5
      vertex -1.57059 96.6506 2.5
    endloop
  endfacet
  facet normal 0 0 1
    outer loop
      vertex -1.3487 97.0349 2.5
      vertex -4 100.5 2.5
      vertex -1.47224 96.85 2.5
    endloop
  endfacet
  facet normal 0 0 1
    outer loop
      vertex -1.20208 97.2021 2.5
      vertex -4 100.5 2.5
      vertex -1.3487 97.0349 2.5
    endloop
  endfacet
  facet normal 0 0 1
    outer loop
      vertex -1.03489 97.3487 2.5
      vertex -4 100.5 2.5
      vertex -1.20208 97.2021 2.5
    endloop
  endfacet
  facet normal 0 0 1
    outer loop
      vertex -0.849999 97.4722 2.5
      vertex -4 100.5 2.5
      vertex -1.03489 97.3487 2.5
    endloop
  endfacet
  facet normal 0 0 1
    outer loop
      vertex -0.650561 97.5706 2.5
      vertex -4 100.5 2.5
      vertex -0.849999 97.4722 2.5
    endloop
  endfacet
  facet normal -0 0 1
    outer loop
      vertex -4 100.5 2.5
      vertex -0.650561 97.5706 2.5
      vertex -2.5 102 2.5
    endloop
  endfacet
  facet normal 0 0 1
    outer loop
      vertex 7.38823 90.0511 2.5
      vertex 7 90 2.5
      vertex 7.19579 90.0128 2.5
    endloop
  endfacet
  facet normal 0 0 1
    outer loop
      vertex 7.91315 90.31 2.5
      vertex 7 90 2.5
      vertex 7.75 90.201 2.5
    endloop
  endfacet
  facet normal 0 0 1
    outer loop
      vertex 8.38582 90.926 2.5
      vertex 7 90 2.5
      vertex 8.29904 90.75 2.5
    endloop
  endfacet
  facet normal 0 0 1
    outer loop
      vertex 8.5 91.5 2.5
      vertex 1.47224 95.15 2.5
      vertex 7 90 2.5
    endloop
  endfacet
  facet normal -0 0 1
    outer loop
      vertex 1.3487 94.9651 2.5
      vertex 7 90 2.5
      vertex 1.47224 95.15 2.5
    endloop
  endfacet
  facet normal -0 0 1
    outer loop
      vertex 1.20208 94.7979 2.5
      vertex 7 90 2.5
      vertex 1.3487 94.9651 2.5
    endloop
  endfacet
  facet normal -0 0 1
    outer loop
      vertex 1.03489 94.6513 2.5
      vertex 7 90 2.5
      vertex 1.20208 94.7979 2.5
    endloop
  endfacet
  facet normal -0 0 1
    outer loop
      vertex 0.849999 94.5278 2.5
      vertex 7 90 2.5
      vertex 1.03489 94.6513 2.5
    endloop
  endfacet
  facet normal -0 0 1
    outer loop
      vertex 0.650561 94.4294 2.5
      vertex 7 90 2.5
      vertex 0.849999 94.5278 2.5
    endloop
  endfacet
  facet normal 0 0 1
    outer loop
      vertex -2.5 90 2.5
      vertex 0.650561 94.4294 2.5
      vertex 0.439992 94.3579 2.5
    endloop
  endfacet
  facet normal 0 0 1
    outer loop
      vertex -2.5 90 2.5
      vertex 0.439992 94.3579 2.5
      vertex 0.221894 94.3145 2.5
    endloop
  endfacet
  facet normal 0 0 1
    outer loop
      vertex -2.5 90 2.5
      vertex 0.221894 94.3145 2.5
      vertex 0 94.3 2.5
    endloop
  endfacet
  facet normal 0 0 1
    outer loop
      vertex -2.5 90 2.5
      vertex 0 94.3 2.5
      vertex -0.221894 94.3145 2.5
    endloop
  endfacet
  facet normal 0 0 1
    outer loop
      vertex -2.5 90 2.5
      vertex -0.221894 94.3145 2.5
      vertex -0.439992 94.3579 2.5
    endloop
  endfacet
  facet normal 0 0 1
    outer loop
      vertex -2.5 90 2.5
      vertex -0.439992 94.3579 2.5
      vertex -0.650561 94.4294 2.5
    endloop
  endfacet
  facet normal 0 0 1
    outer loop
      vertex -4 91.5 2.5
      vertex -0.650561 94.4294 2.5
      vertex -0.849999 94.5278 2.5
    endloop
  endfacet
  facet normal 0 0 1
    outer loop
      vertex -1.68546 96.2219 2.5
      vertex -4 100.5 2.5
      vertex -1.7 96 2.5
    endloop
  endfacet
  facet normal 0 0 1
    outer loop
      vertex 0.650561 94.4294 2.5
      vertex -2.5 90 2.5
      vertex 7 90 2.5
    endloop
  endfacet
  facet normal 0 0 1
    outer loop
      vertex -4 91.5 2.5
      vertex -0.849999 94.5278 2.5
      vertex -1.03489 94.6513 2.5
    endloop
  endfacet
  facet normal 0 0 1
    outer loop
      vertex -4 91.5 2.5
      vertex -1.03489 94.6513 2.5
      vertex -1.20208 94.7979 2.5
    endloop
  endfacet
  facet normal 0 0 1
    outer loop
      vertex -4 91.5 2.5
      vertex -1.20208 94.7979 2.5
      vertex -1.3487 94.9651 2.5
    endloop
  endfacet
  facet normal 0 0 1
    outer loop
      vertex -4 91.5 2.5
      vertex -1.3487 94.9651 2.5
      vertex -1.47224 95.15 2.5
    endloop
  endfacet
  facet normal 0 0 1
    outer loop
      vertex -4 91.5 2.5
      vertex -1.47224 95.15 2.5
      vertex -1.57059 95.3494 2.5
    endloop
  endfacet
  facet normal 0 0 1
    outer loop
      vertex -4 91.5 2.5
      vertex -1.57059 95.3494 2.5
      vertex -1.64207 95.56 2.5
    endloop
  endfacet
  facet normal 0 0 1
    outer loop
      vertex -4 91.5 2.5
      vertex -1.64207 95.56 2.5
      vertex -1.68546 95.7781 2.5
    endloop
  endfacet
  facet normal 0 0 1
    outer loop
      vertex -4 91.5 2.5
      vertex -1.7 96 2.5
      vertex -4 100.5 2.5
    endloop
  endfacet
  facet normal 0 0 1
    outer loop
      vertex -4 100.5 2.5
      vertex -2.5 102 2.5
      vertex -2.69579 101.987 2.5
    endloop
  endfacet
  facet normal 0 0 1
    outer loop
      vertex -1.7 96 2.5
      vertex -4 91.5 2.5
      vertex -1.68546 95.7781 2.5
    endloop
  endfacet
  facet normal 0 0 1
    outer loop
      vertex -4 100.5 2.5
      vertex -2.69579 101.987 2.5
      vertex -2.88823 101.949 2.5
    endloop
  endfacet
  facet normal 0 0 1
    outer loop
      vertex -0.650561 94.4294 2.5
      vertex -4 91.5 2.5
      vertex -2.5 90 2.5
    endloop
  endfacet
  facet normal 0 0 1
    outer loop
      vertex -4 100.5 2.5
      vertex -2.88823 101.949 2.5
      vertex -3.07402 101.886 2.5
    endloop
  endfacet
  facet normal 0 0 1
    outer loop
      vertex -2.5 90 2.5
      vertex -4 91.5 2.5
      vertex -2.69579 90.0128 2.5
    endloop
  endfacet
  facet normal 0 0 1
    outer loop
      vertex -4 100.5 2.5
      vertex -3.07402 101.886 2.5
      vertex -3.25 101.799 2.5
    endloop
  endfacet
  facet normal 0 0 1
    outer loop
      vertex -2.69579 90.0128 2.5
      vertex -4 91.5 2.5
      vertex -2.88823 90.0511 2.5
    endloop
  endfacet
  facet normal 0 0 1
    outer loop
      vertex -4 100.5 2.5
      vertex -3.25 101.799 2.5
      vertex -3.41315 101.69 2.5
    endloop
  endfacet
  facet normal 0 0 1
    outer loop
      vertex -2.88823 90.0511 2.5
      vertex -4 91.5 2.5
      vertex -3.07402 90.1142 2.5
    endloop
  endfacet
  facet normal 0 0 1
    outer loop
      vertex -4 100.5 2.5
      vertex -3.41315 101.69 2.5
      vertex -3.56065 101.561 2.5
    endloop
  endfacet
  facet normal 0 0 1
    outer loop
      vertex -3.07402 90.1142 2.5
      vertex -4 91.5 2.5
      vertex -3.25 90.201 2.5
    endloop
  endfacet
  facet normal 0 0 1
    outer loop
      vertex -4 100.5 2.5
      vertex -3.56065 101.561 2.5
      vertex -3.69003 101.413 2.5
    endloop
  endfacet
  facet normal 0 0 1
    outer loop
      vertex -3.25 90.201 2.5
      vertex -4 91.5 2.5
      vertex -3.41315 90.31 2.5
    endloop
  endfacet
  facet normal 0 0 1
    outer loop
      vertex -4 100.5 2.5
      vertex -3.69003 101.413 2.5
      vertex -3.79904 101.25 2.5
    endloop
  endfacet
  facet normal 0 0 1
    outer loop
      vertex -3.41315 90.31 2.5
      vertex -4 91.5 2.5
      vertex -3.56065 90.4393 2.5
    endloop
  endfacet
  facet normal 0 0 1
    outer loop
      vertex -4 100.5 2.5
      vertex -3.79904 101.25 2.5
      vertex -3.88582 101.074 2.5
    endloop
  endfacet
  facet normal 0 0 1
    outer loop
      vertex -3.56065 90.4393 2.5
      vertex -4 91.5 2.5
      vertex -3.69003 90.5869 2.5
    endloop
  endfacet
  facet normal 0 0 1
    outer loop
      vertex -4 100.5 2.5
      vertex -3.88582 101.074 2.5
      vertex -3.94888 100.888 2.5
    endloop
  endfacet
  facet normal 0 0 1
    outer loop
      vertex -3.69003 90.5869 2.5
      vertex -4 91.5 2.5
      vertex -3.79904 90.75 2.5
    endloop
  endfacet
  facet normal 0 0 1
    outer loop
      vertex -4 100.5 2.5
      vertex -3.94888 100.888 2.5
      vertex -3.98717 100.696 2.5
    endloop
  endfacet
  facet normal 0 0 1
    outer loop
      vertex -3.79904 90.75 2.5
      vertex -4 91.5 2.5
      vertex -3.88582 90.926 2.5
    endloop
  endfacet
  facet normal 0 0 1
    outer loop
      vertex -3.88582 90.926 2.5
      vertex -4 91.5 2.5
      vertex -3.94888 91.1118 2.5
    endloop
  endfacet
  facet normal 0 0 1
    outer loop
      vertex -3.94888 91.1118 2.5
      vertex -4 91.5 2.5
      vertex -3.98717 91.3042 2.5
    endloop
  endfacet
  facet normal -0.442355 -0.89684 0
    outer loop
      vertex -3.25 90.201 0
      vertex -3.07402 90.1142 2.5
      vertex -3.25 90.201 2.5
    endloop
  endfacet
  facet normal -0.442355 -0.89684 -0
    outer loop
      vertex -3.07402 90.1142 2.5
      vertex -3.25 90.201 0
      vertex -3.07402 90.1142 0
    endloop
  endfacet
  facet normal 0.99786 -0.0653858 0
    outer loop
      vertex 8.48717 91.3042 2.5
      vertex 8.5 91.5 0
      vertex 8.5 91.5 2.5
    endloop
  endfacet
  facet normal 0.99786 -0.0653858 0
    outer loop
      vertex 8.5 91.5 0
      vertex 8.48717 91.3042 2.5
      vertex 8.48717 91.3042 0
    endloop
  endfacet
  facet normal 0.831241 0.555912 0
    outer loop
      vertex 8.29904 101.25 2.5
      vertex 8.19003 101.413 0
      vertex 8.19003 101.413 2.5
    endloop
  endfacet
  facet normal 0.831241 0.555912 0
    outer loop
      vertex 8.19003 101.413 0
      vertex 8.29904 101.25 2.5
      vertex 8.29904 101.25 0
    endloop
  endfacet
  facet normal 0.555523 0.831501 -0
    outer loop
      vertex 7.91315 101.69 0
      vertex 7.75 101.799 2.5
      vertex 7.91315 101.69 2.5
    endloop
  endfacet
  facet normal 0.555523 0.831501 0
    outer loop
      vertex 7.75 101.799 2.5
      vertex 7.91315 101.69 0
      vertex 7.75 101.799 0
    endloop
  endfacet
  facet normal -0.8969 0.442233 0
    outer loop
      vertex -3.88582 101.074 0
      vertex -3.79904 101.25 2.5
      vertex -3.79904 101.25 0
    endloop
  endfacet
  facet normal -0.8969 0.442233 0
    outer loop
      vertex -3.79904 101.25 2.5
      vertex -3.88582 101.074 0
      vertex -3.88582 101.074 2.5
    endloop
  endfacet
  facet normal -0.555523 0.831501 0
    outer loop
      vertex -3.25 101.799 0
      vertex -3.41315 101.69 2.5
      vertex -3.25 101.799 2.5
    endloop
  endfacet
  facet normal -0.555523 0.831501 0
    outer loop
      vertex -3.41315 101.69 2.5
      vertex -3.25 101.799 0
      vertex -3.41315 101.69 0
    endloop
  endfacet
  facet normal -0.980766 -0.195185 0
    outer loop
      vertex -3.94888 91.1118 0
      vertex -3.98717 91.3042 2.5
      vertex -3.98717 91.3042 0
    endloop
  endfacet
  facet normal -0.980766 -0.195185 0
    outer loop
      vertex -3.98717 91.3042 2.5
      vertex -3.94888 91.1118 0
      vertex -3.94888 91.1118 2.5
    endloop
  endfacet
  facet normal -0.831399 -0.555676 0
    outer loop
      vertex -3.69003 90.5869 0
      vertex -3.79904 90.75 2.5
      vertex -3.79904 90.75 0
    endloop
  endfacet
  facet normal -0.831399 -0.555676 0
    outer loop
      vertex -3.79904 90.75 2.5
      vertex -3.69003 90.5869 0
      vertex -3.69003 90.5869 2.5
    endloop
  endfacet
  facet normal -0.99786 -0.0653858 0
    outer loop
      vertex -3.98717 91.3042 0
      vertex -4 91.5 2.5
      vertex -4 91.5 0
    endloop
  endfacet
  facet normal -0.99786 -0.0653858 0
    outer loop
      vertex -4 91.5 2.5
      vertex -3.98717 91.3042 0
      vertex -3.98717 91.3042 2.5
    endloop
  endfacet
  facet normal -0.997864 0.0653194 0
    outer loop
      vertex -4 100.5 0
      vertex -3.98717 100.696 2.5
      vertex -3.98717 100.696 0
    endloop
  endfacet
  facet normal -0.997864 0.0653194 0
    outer loop
      vertex -3.98717 100.696 2.5
      vertex -4 100.5 0
      vertex -4 100.5 2.5
    endloop
  endfacet
  facet normal -0.195195 -0.980764 0
    outer loop
      vertex -2.88823 90.0511 0
      vertex -2.69579 90.0128 2.5
      vertex -2.88823 90.0511 2.5
    endloop
  endfacet
  facet normal -0.195195 -0.980764 -0
    outer loop
      vertex -2.69579 90.0128 2.5
      vertex -2.88823 90.0511 0
      vertex -2.69579 90.0128 0
    endloop
  endfacet
  facet normal -0.555523 -0.831501 0
    outer loop
      vertex -3.41315 90.31 0
      vertex -3.25 90.201 2.5
      vertex -3.41315 90.31 2.5
    endloop
  endfacet
  facet normal -0.555523 -0.831501 -0
    outer loop
      vertex -3.25 90.201 2.5
      vertex -3.41315 90.31 0
      vertex -3.25 90.201 0
    endloop
  endfacet
  facet normal -0.751996 -0.659168 0
    outer loop
      vertex -3.56065 90.4393 0
      vertex -3.69003 90.5869 2.5
      vertex -3.69003 90.5869 0
    endloop
  endfacet
  facet normal -0.751996 -0.659168 0
    outer loop
      vertex -3.69003 90.5869 2.5
      vertex -3.56065 90.4393 0
      vertex -3.56065 90.4393 2.5
    endloop
  endfacet
  facet normal 0.555523 -0.831501 0
    outer loop
      vertex 7.75 90.201 0
      vertex 7.91315 90.31 2.5
      vertex 7.75 90.201 2.5
    endloop
  endfacet
  facet normal 0.555523 -0.831501 0
    outer loop
      vertex 7.91315 90.31 2.5
      vertex 7.75 90.201 0
      vertex 7.91315 90.31 0
    endloop
  endfacet
  facet normal 0.443175 0.896435 -0
    outer loop
      vertex 7.75 101.799 0
      vertex 7.57402 101.886 2.5
      vertex 7.75 101.799 2.5
    endloop
  endfacet
  facet normal 0.443175 0.896435 0
    outer loop
      vertex 7.57402 101.886 2.5
      vertex 7.75 101.799 0
      vertex 7.57402 101.886 0
    endloop
  endfacet
  facet normal -0.980689 0.195576 0
    outer loop
      vertex -3.98717 100.696 0
      vertex -3.94888 100.888 2.5
      vertex -3.94888 100.888 0
    endloop
  endfacet
  facet normal -0.980689 0.195576 0
    outer loop
      vertex -3.94888 100.888 2.5
      vertex -3.98717 100.696 0
      vertex -3.98717 100.696 2.5
    endloop
  endfacet
  facet normal -0.947052 0.321081 0
    outer loop
      vertex -3.94888 100.888 0
      vertex -3.88582 101.074 2.5
      vertex -3.88582 101.074 0
    endloop
  endfacet
  facet normal -0.947052 0.321081 0
    outer loop
      vertex -3.88582 101.074 2.5
      vertex -3.94888 100.888 0
      vertex -3.94888 100.888 2.5
    endloop
  endfacet
  facet normal -0.8969 -0.442233 0
    outer loop
      vertex -3.79904 90.75 0
      vertex -3.88582 90.926 2.5
      vertex -3.88582 90.926 0
    endloop
  endfacet
  facet normal -0.8969 -0.442233 0
    outer loop
      vertex -3.88582 90.926 2.5
      vertex -3.79904 90.75 0
      vertex -3.79904 90.75 2.5
    endloop
  endfacet
  facet normal -1 0 0
    outer loop
      vertex -4 91.5 0
      vertex -4 100.5 2.5
      vertex -4 100.5 0
    endloop
  endfacet
  facet normal -1 -0 0
    outer loop
      vertex -4 100.5 2.5
      vertex -4 91.5 0
      vertex -4 91.5 2.5
    endloop
  endfacet
  facet normal 0 0 -1
    outer loop
      vertex 7 90 0
      vertex 8.5 91.5 0
      vertex 8.48717 91.3042 0
    endloop
  endfacet
  facet normal 0 0 -1
    outer loop
      vertex 8.5 91.5 0
      vertex 1.7 96 0
      vertex 8.5 100.5 0
    endloop
  endfacet
  facet normal 0 0 -1
    outer loop
      vertex 7 90 0
      vertex 8.48717 91.3042 0
      vertex 8.44888 91.1118 0
    endloop
  endfacet
  facet normal 0 0 -1
    outer loop
      vertex 1.68546 96.2219 0
      vertex 8.5 100.5 0
      vertex 1.7 96 0
    endloop
  endfacet
  facet normal 0 0 -1
    outer loop
      vertex 7 90 0
      vertex 8.44888 91.1118 0
      vertex 8.38582 90.926 0
    endloop
  endfacet
  facet normal 0 0 -1
    outer loop
      vertex 1.64207 96.44 0
      vertex 8.5 100.5 0
      vertex 1.68546 96.2219 0
    endloop
  endfacet
  facet normal 0 0 -1
    outer loop
      vertex 7 90 0
      vertex 8.38582 90.926 0
      vertex 8.29904 90.75 0
    endloop
  endfacet
  facet normal 0 0 -1
    outer loop
      vertex 1.57059 96.6506 0
      vertex 8.5 100.5 0
      vertex 1.64207 96.44 0
    endloop
  endfacet
  facet normal 0 0 -1
    outer loop
      vertex 7 90 0
      vertex 8.29904 90.75 0
      vertex 8.19003 90.5869 0
    endloop
  endfacet
  facet normal 0 0 -1
    outer loop
      vertex 1.47224 96.85 0
      vertex 8.5 100.5 0
      vertex 1.57059 96.6506 0
    endloop
  endfacet
  facet normal 0 0 -1
    outer loop
      vertex 7 90 0
      vertex 8.19003 90.5869 0
      vertex 8.06065 90.4393 0
    endloop
  endfacet
  facet normal 0 0 -1
    outer loop
      vertex 8.5 100.5 0
      vertex 7 102 0
      vertex 8.48717 100.696 0
    endloop
  endfacet
  facet normal 0 0 -1
    outer loop
      vertex 7 90 0
      vertex 8.06065 90.4393 0
      vertex 7.91315 90.31 0
    endloop
  endfacet
  facet normal 0 0 -1
    outer loop
      vertex 8.48717 100.696 0
      vertex 7 102 0
      vertex 8.44888 100.888 0
    endloop
  endfacet
  facet normal 0 0 -1
    outer loop
      vertex 7 90 0
      vertex 7.91315 90.31 0
      vertex 7.75 90.201 0
    endloop
  endfacet
  facet normal 0 0 -1
    outer loop
      vertex 8.44888 100.888 0
      vertex 7 102 0
      vertex 8.38582 101.074 0
    endloop
  endfacet
  facet normal 0 0 -1
    outer loop
      vertex 7 90 0
      vertex 7.75 90.201 0
      vertex 7.57402 90.1142 0
    endloop
  endfacet
  facet normal 0 0 -1
    outer loop
      vertex 8.29904 101.25 0
      vertex 7 102 0
      vertex 8.19003 101.413 0
    endloop
  endfacet
  facet normal 0 0 -1
    outer loop
      vertex 7 90 0
      vertex 7.57402 90.1142 0
      vertex 7.38823 90.0511 0
    endloop
  endfacet
  facet normal 0 0 -1
    outer loop
      vertex 8.19003 101.413 0
      vertex 7 102 0
      vertex 8.06065 101.561 0
    endloop
  endfacet
  facet normal 0 0 -1
    outer loop
      vertex 7 90 0
      vertex 7.38823 90.0511 0
      vertex 7.19579 90.0128 0
    endloop
  endfacet
  facet normal 0 0 -1
    outer loop
      vertex 8.06065 101.561 0
      vertex 7 102 0
      vertex 7.91315 101.69 0
    endloop
  endfacet
  facet normal 0 0 -1
    outer loop
      vertex 1.47224 95.15 0
      vertex 8.5 91.5 0
      vertex 7 90 0
    endloop
  endfacet
  facet normal 0 0 -1
    outer loop
      vertex 7.75 101.799 0
      vertex 7 102 0
      vertex 7.57402 101.886 0
    endloop
  endfacet
  facet normal 0 0 -1
    outer loop
      vertex 7.57402 101.886 0
      vertex 7 102 0
      vertex 7.38823 101.949 0
    endloop
  endfacet
  facet normal 0 0 -1
    outer loop
      vertex 8.5 91.5 0
      vertex 1.68546 95.7781 0
      vertex 1.7 96 0
    endloop
  endfacet
  facet normal 0 0 -1
    outer loop
      vertex 8.5 91.5 0
      vertex 1.64207 95.56 0
      vertex 1.68546 95.7781 0
    endloop
  endfacet
  facet normal 0 0 -1
    outer loop
      vertex 8.5 91.5 0
      vertex 1.57059 95.3494 0
      vertex 1.64207 95.56 0
    endloop
  endfacet
  facet normal 0 0 -1
    outer loop
      vertex 8.5 91.5 0
      vertex 1.47224 95.15 0
      vertex 1.57059 95.3494 0
    endloop
  endfacet
  facet normal 0 0 -1
    outer loop
      vertex 7 90 0
      vertex 1.3487 94.9651 0
      vertex 1.47224 95.15 0
    endloop
  endfacet
  facet normal 0 0 -1
    outer loop
      vertex 7 90 0
      vertex 1.20208 94.7979 0
      vertex 1.3487 94.9651 0
    endloop
  endfacet
  facet normal 0 0 -1
    outer loop
      vertex 7 90 0
      vertex 1.03489 94.6513 0
      vertex 1.20208 94.7979 0
    endloop
  endfacet
  facet normal 0 0 -1
    outer loop
      vertex 7 90 0
      vertex 0.849999 94.5278 0
      vertex 1.03489 94.6513 0
    endloop
  endfacet
  facet normal 0 0 -1
    outer loop
      vertex 7 90 0
      vertex 0.650561 94.4294 0
      vertex 0.849999 94.5278 0
    endloop
  endfacet
  facet normal 0 0 -1
    outer loop
      vertex -2.5 90 0
      vertex 0.650561 94.4294 0
      vertex 7 90 0
    endloop
  endfacet
  facet normal 0 0 -1
    outer loop
      vertex 0.650561 94.4294 0
      vertex -2.5 90 0
      vertex 0.439992 94.3579 0
    endloop
  endfacet
  facet normal 0 0 -1
    outer loop
      vertex 0.439992 94.3579 0
      vertex -2.5 90 0
      vertex 0.221894 94.3145 0
    endloop
  endfacet
  facet normal 0 0 -1
    outer loop
      vertex 0.221894 94.3145 0
      vertex -2.5 90 0
      vertex 0 94.3 0
    endloop
  endfacet
  facet normal -0 0 -1
    outer loop
      vertex 0 94.3 0
      vertex -2.5 90 0
      vertex -0.221894 94.3145 0
    endloop
  endfacet
  facet normal -0 0 -1
    outer loop
      vertex -0.221894 94.3145 0
      vertex -2.5 90 0
      vertex -0.439992 94.3579 0
    endloop
  endfacet
  facet normal -0 0 -1
    outer loop
      vertex -0.439992 94.3579 0
      vertex -2.5 90 0
      vertex -0.650561 94.4294 0
    endloop
  endfacet
  facet normal -0 0 -1
    outer loop
      vertex -1.64207 95.56 0
      vertex -4 91.5 0
      vertex -1.68546 95.7781 0
    endloop
  endfacet
  facet normal -0 0 -1
    outer loop
      vertex -1.57059 95.3494 0
      vertex -4 91.5 0
      vertex -1.64207 95.56 0
    endloop
  endfacet
  facet normal -0 0 -1
    outer loop
      vertex -1.47224 95.15 0
      vertex -4 91.5 0
      vertex -1.57059 95.3494 0
    endloop
  endfacet
  facet normal -0 0 -1
    outer loop
      vertex -1.3487 94.9651 0
      vertex -4 91.5 0
      vertex -1.47224 95.15 0
    endloop
  endfacet
  facet normal -0 0 -1
    outer loop
      vertex -1.20208 94.7979 0
      vertex -4 91.5 0
      vertex -1.3487 94.9651 0
    endloop
  endfacet
  facet normal -0 0 -1
    outer loop
      vertex -1.03489 94.6513 0
      vertex -4 91.5 0
      vertex -1.20208 94.7979 0
    endloop
  endfacet
  facet normal -0 0 -1
    outer loop
      vertex -0.849999 94.5278 0
      vertex -4 91.5 0
      vertex -1.03489 94.6513 0
    endloop
  endfacet
  facet normal -0 0 -1
    outer loop
      vertex -0.650561 94.4294 0
      vertex -4 91.5 0
      vertex -0.849999 94.5278 0
    endloop
  endfacet
  facet normal 0 0 -1
    outer loop
      vertex -4 91.5 0
      vertex -0.650561 94.4294 0
      vertex -2.5 90 0
    endloop
  endfacet
  facet normal 0 0 -1
    outer loop
      vertex 7.38823 101.949 0
      vertex 7 102 0
      vertex 7.19579 101.987 0
    endloop
  endfacet
  facet normal 0 0 -1
    outer loop
      vertex 7.91315 101.69 0
      vertex 7 102 0
      vertex 7.75 101.799 0
    endloop
  endfacet
  facet normal 0 0 -1
    outer loop
      vertex 8.38582 101.074 0
      vertex 7 102 0
      vertex 8.29904 101.25 0
    endloop
  endfacet
  facet normal -0 0 -1
    outer loop
      vertex 8.5 100.5 0
      vertex 1.47224 96.85 0
      vertex 7 102 0
    endloop
  endfacet
  facet normal 0 0 -1
    outer loop
      vertex 1.3487 97.0349 0
      vertex 7 102 0
      vertex 1.47224 96.85 0
    endloop
  endfacet
  facet normal 0 0 -1
    outer loop
      vertex 1.20208 97.2021 0
      vertex 7 102 0
      vertex 1.3487 97.0349 0
    endloop
  endfacet
  facet normal 0 0 -1
    outer loop
      vertex 1.03489 97.3487 0
      vertex 7 102 0
      vertex 1.20208 97.2021 0
    endloop
  endfacet
  facet normal 0 0 -1
    outer loop
      vertex 0.849999 97.4722 0
      vertex 7 102 0
      vertex 1.03489 97.3487 0
    endloop
  endfacet
  facet normal 0 0 -1
    outer loop
      vertex 0.650561 97.5706 0
      vertex 7 102 0
      vertex 0.849999 97.4722 0
    endloop
  endfacet
  facet normal 0 0 -1
    outer loop
      vertex -2.5 102 0
      vertex 0.650561 97.5706 0
      vertex 0.439992 97.6421 0
    endloop
  endfacet
  facet normal 0 0 -1
    outer loop
      vertex -2.5 102 0
      vertex 0.439992 97.6421 0
      vertex 0.221894 97.6855 0
    endloop
  endfacet
  facet normal 0 0 -1
    outer loop
      vertex -2.5 102 0
      vertex 0.221894 97.6855 0
      vertex 0 97.7 0
    endloop
  endfacet
  facet normal 0 0 -1
    outer loop
      vertex -2.5 102 0
      vertex 0 97.7 0
      vertex -0.221894 97.6855 0
    endloop
  endfacet
  facet normal 0 0 -1
    outer loop
      vertex -2.5 102 0
      vertex -0.221894 97.6855 0
      vertex -0.439992 97.6421 0
    endloop
  endfacet
  facet normal 0 0 -1
    outer loop
      vertex -2.5 102 0
      vertex -0.439992 97.6421 0
      vertex -0.650561 97.5706 0
    endloop
  endfacet
  facet normal 0 0 -1
    outer loop
      vertex -4 100.5 0
      vertex -0.650561 97.5706 0
      vertex -0.849999 97.4722 0
    endloop
  endfacet
  facet normal -0 0 -1
    outer loop
      vertex -1.68546 95.7781 0
      vertex -4 91.5 0
      vertex -1.7 96 0
    endloop
  endfacet
  facet normal 0 0 -1
    outer loop
      vertex 0.650561 97.5706 0
      vertex -2.5 102 0
      vertex 7 102 0
    endloop
  endfacet
  facet normal 0 0 -1
    outer loop
      vertex -4 100.5 0
      vertex -0.849999 97.4722 0
      vertex -1.03489 97.3487 0
    endloop
  endfacet
  facet normal 0 0 -1
    outer loop
      vertex -4 100.5 0
      vertex -1.03489 97.3487 0
      vertex -1.20208 97.2021 0
    endloop
  endfacet
  facet normal 0 0 -1
    outer loop
      vertex -4 100.5 0
      vertex -1.20208 97.2021 0
      vertex -1.3487 97.0349 0
    endloop
  endfacet
  facet normal 0 0 -1
    outer loop
      vertex -4 100.5 0
      vertex -1.3487 97.0349 0
      vertex -1.47224 96.85 0
    endloop
  endfacet
  facet normal 0 0 -1
    outer loop
      vertex -4 100.5 0
      vertex -1.47224 96.85 0
      vertex -1.57059 96.6506 0
    endloop
  endfacet
  facet normal 0 0 -1
    outer loop
      vertex -4 100.5 0
      vertex -1.57059 96.6506 0
      vertex -1.64207 96.44 0
    endloop
  endfacet
  facet normal 0 0 -1
    outer loop
      vertex -4 100.5 0
      vertex -1.64207 96.44 0
      vertex -1.68546 96.2219 0
    endloop
  endfacet
  facet normal 0 0 -1
    outer loop
      vertex -4 100.5 0
      vertex -1.7 96 0
      vertex -4 91.5 0
    endloop
  endfacet
  facet normal 0 0 -1
    outer loop
      vertex -4 91.5 0
      vertex -2.5 90 0
      vertex -2.69579 90.0128 0
    endloop
  endfacet
  facet normal 0 0 -1
    outer loop
      vertex -1.7 96 0
      vertex -4 100.5 0
      vertex -1.68546 96.2219 0
    endloop
  endfacet
  facet normal 0 0 -1
    outer loop
      vertex -4 91.5 0
      vertex -2.69579 90.0128 0
      vertex -2.88823 90.0511 0
    endloop
  endfacet
  facet normal 0 0 -1
    outer loop
      vertex -0.650561 97.5706 0
      vertex -4 100.5 0
      vertex -2.5 102 0
    endloop
  endfacet
  facet normal 0 0 -1
    outer loop
      vertex -4 91.5 0
      vertex -2.88823 90.0511 0
      vertex -3.07402 90.1142 0
    endloop
  endfacet
  facet normal 0 0 -1
    outer loop
      vertex -2.5 102 0
      vertex -4 100.5 0
      vertex -2.69579 101.987 0
    endloop
  endfacet
  facet normal 0 0 -1
    outer loop
      vertex -4 91.5 0
      vertex -3.07402 90.1142 0
      vertex -3.25 90.201 0
    endloop
  endfacet
  facet normal 0 0 -1
    outer loop
      vertex -2.69579 101.987 0
      vertex -4 100.5 0
      vertex -2.88823 101.949 0
    endloop
  endfacet
  facet normal 0 0 -1
    outer loop
      vertex -4 91.5 0
      vertex -3.25 90.201 0
      vertex -3.41315 90.31 0
    endloop
  endfacet
  facet normal 0 0 -1
    outer loop
      vertex -2.88823 101.949 0
      vertex -4 100.5 0
      vertex -3.07402 101.886 0
    endloop
  endfacet
  facet normal 0 0 -1
    outer loop
      vertex -4 91.5 0
      vertex -3.41315 90.31 0
      vertex -3.56065 90.4393 0
    endloop
  endfacet
  facet normal 0 0 -1
    outer loop
      vertex -3.07402 101.886 0
      vertex -4 100.5 0
      vertex -3.25 101.799 0
    endloop
  endfacet
  facet normal 0 0 -1
    outer loop
      vertex -4 91.5 0
      vertex -3.56065 90.4393 0
      vertex -3.69003 90.5869 0
    endloop
  endfacet
  facet normal 0 0 -1
    outer loop
      vertex -3.25 101.799 0
      vertex -4 100.5 0
      vertex -3.41315 101.69 0
    endloop
  endfacet
  facet normal 0 0 -1
    outer loop
      vertex -4 91.5 0
      vertex -3.69003 90.5869 0
      vertex -3.79904 90.75 0
    endloop
  endfacet
  facet normal 0 0 -1
    outer loop
      vertex -3.41315 101.69 0
      vertex -4 100.5 0
      vertex -3.56065 101.561 0
    endloop
  endfacet
  facet normal 0 0 -1
    outer loop
      vertex -4 91.5 0
      vertex -3.79904 90.75 0
      vertex -3.88582 90.926 0
    endloop
  endfacet
  facet normal 0 0 -1
    outer loop
      vertex -3.56065 101.561 0
      vertex -4 100.5 0
      vertex -3.69003 101.413 0
    endloop
  endfacet
  facet normal 0 0 -1
    outer loop
      vertex -4 91.5 0
      vertex -3.88582 90.926 0
      vertex -3.94888 91.1118 0
    endloop
  endfacet
  facet normal 0 0 -1
    outer loop
      vertex -3.69003 101.413 0
      vertex -4 100.5 0
      vertex -3.79904 101.25 0
    endloop
  endfacet
  facet normal 0 0 -1
    outer loop
      vertex -4 91.5 0
      vertex -3.94888 91.1118 0
      vertex -3.98717 91.3042 0
    endloop
  endfacet
  facet normal 0 0 -1
    outer loop
      vertex -3.79904 101.25 0
      vertex -4 100.5 0
      vertex -3.88582 101.074 0
    endloop
  endfacet
  facet normal 0 0 -1
    outer loop
      vertex -3.88582 101.074 0
      vertex -4 100.5 0
      vertex -3.94888 100.888 0
    endloop
  endfacet
  facet normal 0 0 -1
    outer loop
      vertex -3.94888 100.888 0
      vertex -4 100.5 0
      vertex -3.98717 100.696 0
    endloop
  endfacet
  facet normal -0.0652369 -0.99787 0
    outer loop
      vertex -2.69579 90.0128 0
      vertex -2.5 90 2.5
      vertex -2.69579 90.0128 2.5
    endloop
  endfacet
  facet normal -0.0652369 -0.99787 -0
    outer loop
      vertex -2.5 90 2.5
      vertex -2.69579 90.0128 0
      vertex -2.5 90 0
    endloop
  endfacet
  facet normal -0.321589 -0.946879 0
    outer loop
      vertex -3.07402 90.1142 0
      vertex -2.88823 90.0511 2.5
      vertex -3.07402 90.1142 2.5
    endloop
  endfacet
  facet normal -0.321589 -0.946879 -0
    outer loop
      vertex -2.88823 90.0511 2.5
      vertex -3.07402 90.1142 0
      vertex -2.88823 90.0511 0
    endloop
  endfacet
  facet normal -0.65919 -0.751976 0
    outer loop
      vertex -3.56065 90.4393 0
      vertex -3.41315 90.31 2.5
      vertex -3.56065 90.4393 2.5
    endloop
  endfacet
  facet normal -0.65919 -0.751976 -0
    outer loop
      vertex -3.41315 90.31 2.5
      vertex -3.56065 90.4393 0
      vertex -3.41315 90.31 0
    endloop
  endfacet
  facet normal 1 -0 0
    outer loop
      vertex 8.5 91.5 2.5
      vertex 8.5 100.5 0
      vertex 8.5 100.5 2.5
    endloop
  endfacet
  facet normal 1 0 0
    outer loop
      vertex 8.5 100.5 0
      vertex 8.5 91.5 2.5
      vertex 8.5 91.5 0
    endloop
  endfacet
  facet normal 0.193723 0.981056 -0
    outer loop
      vertex 7.38823 101.949 0
      vertex 7.19579 101.987 2.5
      vertex 7.38823 101.949 2.5
    endloop
  endfacet
  facet normal 0.193723 0.981056 0
    outer loop
      vertex 7.19579 101.987 2.5
      vertex 7.38823 101.949 0
      vertex 7.19579 101.987 0
    endloop
  endfacet
  facet normal 0.321132 0.947034 -0
    outer loop
      vertex 7.57402 101.886 0
      vertex 7.38823 101.949 2.5
      vertex 7.57402 101.886 2.5
    endloop
  endfacet
  facet normal 0.321132 0.947034 0
    outer loop
      vertex 7.38823 101.949 2.5
      vertex 7.57402 101.886 0
      vertex 7.38823 101.949 0
    endloop
  endfacet
  facet normal 0.658324 0.752735 -0
    outer loop
      vertex 8.06065 101.561 0
      vertex 7.91315 101.69 2.5
      vertex 8.06065 101.561 2.5
    endloop
  endfacet
  facet normal 0.658324 0.752735 0
    outer loop
      vertex 7.91315 101.69 2.5
      vertex 8.06065 101.561 0
      vertex 7.91315 101.69 0
    endloop
  endfacet
  facet normal 0.752879 0.658159 0
    outer loop
      vertex 8.19003 101.413 2.5
      vertex 8.06065 101.561 0
      vertex 8.06065 101.561 2.5
    endloop
  endfacet
  facet normal 0.752879 0.658159 0
    outer loop
      vertex 8.06065 101.561 0
      vertex 8.19003 101.413 2.5
      vertex 8.19003 101.413 0
    endloop
  endfacet
  facet normal -0.946947 -0.321391 0
    outer loop
      vertex -3.88582 90.926 0
      vertex -3.94888 91.1118 2.5
      vertex -3.94888 91.1118 0
    endloop
  endfacet
  facet normal -0.946947 -0.321391 0
    outer loop
      vertex -3.94888 91.1118 2.5
      vertex -3.88582 90.926 0
      vertex -3.88582 90.926 2.5
    endloop
  endfacet
  facet normal 0.8969 0.442233 0
    outer loop
      vertex 8.38582 101.074 2.5
      vertex 8.29904 101.25 0
      vertex 8.29904 101.25 2.5
    endloop
  endfacet
  facet normal 0.8969 0.442233 0
    outer loop
      vertex 8.29904 101.25 0
      vertex 8.38582 101.074 2.5
      vertex 8.38582 101.074 0
    endloop
  endfacet
  facet normal 0.997864 0.0653194 0
    outer loop
      vertex 8.5 100.5 2.5
      vertex 8.48717 100.696 0
      vertex 8.48717 100.696 2.5
    endloop
  endfacet
  facet normal 0.997864 0.0653194 0
    outer loop
      vertex 8.48717 100.696 0
      vertex 8.5 100.5 2.5
      vertex 8.5 100.5 0
    endloop
  endfacet
  facet normal 0.947052 0.321081 0
    outer loop
      vertex 8.44888 100.888 2.5
      vertex 8.38582 101.074 0
      vertex 8.38582 101.074 2.5
    endloop
  endfacet
  facet normal 0.947052 0.321081 0
    outer loop
      vertex 8.38582 101.074 0
      vertex 8.44888 100.888 2.5
      vertex 8.44888 100.888 0
    endloop
  endfacet
  facet normal 0.980766 -0.195185 0
    outer loop
      vertex 8.44888 91.1118 2.5
      vertex 8.48717 91.3042 0
      vertex 8.48717 91.3042 2.5
    endloop
  endfacet
  facet normal 0.980766 -0.195185 0
    outer loop
      vertex 8.48717 91.3042 0
      vertex 8.44888 91.1118 2.5
      vertex 8.44888 91.1118 0
    endloop
  endfacet
  facet normal 0.751996 -0.659168 0
    outer loop
      vertex 8.06065 90.4393 2.5
      vertex 8.19003 90.5869 0
      vertex 8.19003 90.5869 2.5
    endloop
  endfacet
  facet normal 0.751996 -0.659168 0
    outer loop
      vertex 8.19003 90.5869 0
      vertex 8.06065 90.4393 2.5
      vertex 8.06065 90.4393 0
    endloop
  endfacet
  facet normal 0.65919 -0.751976 0
    outer loop
      vertex 7.91315 90.31 0
      vertex 8.06065 90.4393 2.5
      vertex 7.91315 90.31 2.5
    endloop
  endfacet
  facet normal 0.65919 -0.751976 0
    outer loop
      vertex 8.06065 90.4393 2.5
      vertex 7.91315 90.31 0
      vertex 8.06065 90.4393 0
    endloop
  endfacet
  facet normal -0.752879 0.658159 0
    outer loop
      vertex -3.69003 101.413 0
      vertex -3.56065 101.561 2.5
      vertex -3.56065 101.561 0
    endloop
  endfacet
  facet normal -0.752879 0.658159 0
    outer loop
      vertex -3.56065 101.561 2.5
      vertex -3.69003 101.413 0
      vertex -3.69003 101.413 2.5
    endloop
  endfacet
  facet normal -0.658324 0.752735 0
    outer loop
      vertex -3.41315 101.69 0
      vertex -3.56065 101.561 2.5
      vertex -3.41315 101.69 2.5
    endloop
  endfacet
  facet normal -0.658324 0.752735 0
    outer loop
      vertex -3.56065 101.561 2.5
      vertex -3.41315 101.69 0
      vertex -3.56065 101.561 0
    endloop
  endfacet
  facet normal -0.321132 0.947034 0
    outer loop
      vertex -2.88823 101.949 0
      vertex -3.07402 101.886 2.5
      vertex -2.88823 101.949 2.5
    endloop
  endfacet
  facet normal -0.321132 0.947034 0
    outer loop
      vertex -3.07402 101.886 2.5
      vertex -2.88823 101.949 0
      vertex -3.07402 101.886 0
    endloop
  endfacet
  facet normal -0.193723 0.981056 0
    outer loop
      vertex -2.69579 101.987 0
      vertex -2.88823 101.949 2.5
      vertex -2.69579 101.987 2.5
    endloop
  endfacet
  facet normal -0.193723 0.981056 0
    outer loop
      vertex -2.88823 101.949 2.5
      vertex -2.69579 101.987 0
      vertex -2.88823 101.949 0
    endloop
  endfacet
  facet normal 0.980689 0.195576 0
    outer loop
      vertex 8.48717 100.696 2.5
      vertex 8.44888 100.888 0
      vertex 8.44888 100.888 2.5
    endloop
  endfacet
  facet normal 0.980689 0.195576 0
    outer loop
      vertex 8.44888 100.888 0
      vertex 8.48717 100.696 2.5
      vertex 8.48717 100.696 0
    endloop
  endfacet
  facet normal 0.8969 -0.442233 0
    outer loop
      vertex 8.29904 90.75 2.5
      vertex 8.38582 90.926 0
      vertex 8.38582 90.926 2.5
    endloop
  endfacet
  facet normal 0.8969 -0.442233 0
    outer loop
      vertex 8.38582 90.926 0
      vertex 8.29904 90.75 2.5
      vertex 8.29904 90.75 0
    endloop
  endfacet
  facet normal 0.831399 -0.555676 0
    outer loop
      vertex 8.19003 90.5869 2.5
      vertex 8.29904 90.75 0
      vertex 8.29904 90.75 2.5
    endloop
  endfacet
  facet normal 0.831399 -0.555676 0
    outer loop
      vertex 8.29904 90.75 0
      vertex 8.19003 90.5869 2.5
      vertex 8.19003 90.5869 0
    endloop
  endfacet
  facet normal 0.946947 -0.321391 0
    outer loop
      vertex 8.38582 90.926 2.5
      vertex 8.44888 91.1118 0
      vertex 8.44888 91.1118 2.5
    endloop
  endfacet
  facet normal 0.946947 -0.321391 0
    outer loop
      vertex 8.44888 91.1118 0
      vertex 8.38582 90.926 2.5
      vertex 8.38582 90.926 0
    endloop
  endfacet
  facet normal 0.442355 -0.89684 0
    outer loop
      vertex 7.57402 90.1142 0
      vertex 7.75 90.201 2.5
      vertex 7.57402 90.1142 2.5
    endloop
  endfacet
  facet normal 0.442355 -0.89684 0
    outer loop
      vertex 7.75 90.201 2.5
      vertex 7.57402 90.1142 0
      vertex 7.75 90.201 0
    endloop
  endfacet
  facet normal 0.321589 -0.946879 0
    outer loop
      vertex 7.38823 90.0511 0
      vertex 7.57402 90.1142 2.5
      vertex 7.38823 90.0511 2.5
    endloop
  endfacet
  facet normal 0.321589 -0.946879 0
    outer loop
      vertex 7.57402 90.1142 2.5
      vertex 7.38823 90.0511 0
      vertex 7.57402 90.1142 0
    endloop
  endfacet
  facet normal -0.99786 -0.0653848 0
    outer loop
      vertex 1.7 96 0
      vertex 1.68546 96.2219 2.5
      vertex 1.68546 96.2219 0
    endloop
  endfacet
  facet normal -0.99786 -0.0653848 0
    outer loop
      vertex 1.68546 96.2219 2.5
      vertex 1.7 96 0
      vertex 1.7 96 2.5
    endloop
  endfacet
  facet normal 0.99786 -0.0653848 0
    outer loop
      vertex -1.7 96 2.5
      vertex -1.68546 96.2219 0
      vertex -1.68546 96.2219 2.5
    endloop
  endfacet
  facet normal 0.99786 -0.0653848 0
    outer loop
      vertex -1.68546 96.2219 0
      vertex -1.7 96 2.5
      vertex -1.7 96 0
    endloop
  endfacet
  facet normal -0.0652074 -0.997872 0
    outer loop
      vertex 0 97.7 0
      vertex 0.221894 97.6855 2.5
      vertex 0 97.7 2.5
    endloop
  endfacet
  facet normal -0.0652074 -0.997872 -0
    outer loop
      vertex 0.221894 97.6855 2.5
      vertex 0 97.7 0
      vertex 0.221894 97.6855 0
    endloop
  endfacet
  facet normal 0.0652074 0.997872 -0
    outer loop
      vertex 0 94.3 0
      vertex -0.221894 94.3145 2.5
      vertex 0 94.3 2.5
    endloop
  endfacet
  facet normal 0.0652074 0.997872 0
    outer loop
      vertex -0.221894 94.3145 2.5
      vertex 0 94.3 0
      vertex -0.221894 94.3145 0
    endloop
  endfacet
  facet normal -0.659291 -0.751888 0
    outer loop
      vertex 1.03489 97.3487 0
      vertex 1.20208 97.2021 2.5
      vertex 1.03489 97.3487 2.5
    endloop
  endfacet
  facet normal -0.659291 -0.751888 -0
    outer loop
      vertex 1.20208 97.2021 2.5
      vertex 1.03489 97.3487 0
      vertex 1.20208 97.2021 0
    endloop
  endfacet
  facet normal 0.659291 -0.751888 0
    outer loop
      vertex -1.20208 97.2021 0
      vertex -1.03489 97.3487 2.5
      vertex -1.20208 97.2021 2.5
    endloop
  endfacet
  facet normal 0.659291 -0.751888 0
    outer loop
      vertex -1.03489 97.3487 2.5
      vertex -1.20208 97.2021 0
      vertex -1.03489 97.3487 0
    endloop
  endfacet
  facet normal 0.321526 -0.946901 0
    outer loop
      vertex -0.650561 97.5706 0
      vertex -0.439992 97.6421 2.5
      vertex -0.650561 97.5706 2.5
    endloop
  endfacet
  facet normal 0.321526 -0.946901 0
    outer loop
      vertex -0.439992 97.6421 2.5
      vertex -0.650561 97.5706 0
      vertex -0.439992 97.6421 0
    endloop
  endfacet
  facet normal -0.896843 -0.442349 0
    outer loop
      vertex 1.57059 96.6506 0
      vertex 1.47224 96.85 2.5
      vertex 1.47224 96.85 0
    endloop
  endfacet
  facet normal -0.896843 -0.442349 0
    outer loop
      vertex 1.47224 96.85 2.5
      vertex 1.57059 96.6506 0
      vertex 1.57059 96.6506 2.5
    endloop
  endfacet
  facet normal -0.980779 -0.195122 0
    outer loop
      vertex 1.68546 96.2219 0
      vertex 1.64207 96.44 2.5
      vertex 1.64207 96.44 0
    endloop
  endfacet
  facet normal -0.980779 -0.195122 0
    outer loop
      vertex 1.64207 96.44 2.5
      vertex 1.68546 96.2219 0
      vertex 1.68546 96.2219 2.5
    endloop
  endfacet
  facet normal -0.831483 -0.555551 0
    outer loop
      vertex 1.47224 96.85 0
      vertex 1.3487 97.0349 2.5
      vertex 1.3487 97.0349 0
    endloop
  endfacet
  facet normal -0.831483 -0.555551 0
    outer loop
      vertex 1.3487 97.0349 2.5
      vertex 1.47224 96.85 0
      vertex 1.47224 96.85 2.5
    endloop
  endfacet
  facet normal -0.321526 -0.946901 0
    outer loop
      vertex 0.439992 97.6421 0
      vertex 0.650561 97.5706 2.5
      vertex 0.439992 97.6421 2.5
    endloop
  endfacet
  facet normal -0.321526 -0.946901 -0
    outer loop
      vertex 0.650561 97.5706 2.5
      vertex 0.439992 97.6421 0
      vertex 0.650561 97.5706 0
    endloop
  endfacet
  facet normal -0.195167 -0.98077 0
    outer loop
      vertex 0.221894 97.6855 0
      vertex 0.439992 97.6421 2.5
      vertex 0.221894 97.6855 2.5
    endloop
  endfacet
  facet normal -0.195167 -0.98077 -0
    outer loop
      vertex 0.439992 97.6421 2.5
      vertex 0.221894 97.6855 0
      vertex 0.439992 97.6421 0
    endloop
  endfacet
  facet normal -0.442463 -0.896787 0
    outer loop
      vertex 0.650561 97.5706 0
      vertex 0.849999 97.4722 2.5
      vertex 0.650561 97.5706 2.5
    endloop
  endfacet
  facet normal -0.442463 -0.896787 -0
    outer loop
      vertex 0.849999 97.4722 2.5
      vertex 0.650561 97.5706 0
      vertex 0.849999 97.4722 0
    endloop
  endfacet
  facet normal 0.831483 -0.555551 0
    outer loop
      vertex -1.47224 96.85 2.5
      vertex -1.3487 97.0349 0
      vertex -1.3487 97.0349 2.5
    endloop
  endfacet
  facet normal 0.831483 -0.555551 0
    outer loop
      vertex -1.3487 97.0349 0
      vertex -1.47224 96.85 2.5
      vertex -1.47224 96.85 0
    endloop
  endfacet
  facet normal 0.751863 -0.659319 0
    outer loop
      vertex -1.3487 97.0349 2.5
      vertex -1.20208 97.2021 0
      vertex -1.20208 97.2021 2.5
    endloop
  endfacet
  facet normal 0.751863 -0.659319 0
    outer loop
      vertex -1.20208 97.2021 0
      vertex -1.3487 97.0349 2.5
      vertex -1.3487 97.0349 0
    endloop
  endfacet
  facet normal 0.946943 -0.321403 0
    outer loop
      vertex -1.64207 96.44 2.5
      vertex -1.57059 96.6506 0
      vertex -1.57059 96.6506 2.5
    endloop
  endfacet
  facet normal 0.946943 -0.321403 0
    outer loop
      vertex -1.57059 96.6506 0
      vertex -1.64207 96.44 2.5
      vertex -1.64207 96.44 0
    endloop
  endfacet
  facet normal 0.555445 -0.831553 0
    outer loop
      vertex -1.03489 97.3487 0
      vertex -0.849999 97.4722 2.5
      vertex -1.03489 97.3487 2.5
    endloop
  endfacet
  facet normal 0.555445 -0.831553 0
    outer loop
      vertex -0.849999 97.4722 2.5
      vertex -1.03489 97.3487 0
      vertex -0.849999 97.4722 0
    endloop
  endfacet
  facet normal 0.195167 -0.98077 0
    outer loop
      vertex -0.439992 97.6421 0
      vertex -0.221894 97.6855 2.5
      vertex -0.439992 97.6421 2.5
    endloop
  endfacet
  facet normal 0.195167 -0.98077 0
    outer loop
      vertex -0.221894 97.6855 2.5
      vertex -0.439992 97.6421 0
      vertex -0.221894 97.6855 0
    endloop
  endfacet
  facet normal -0.751863 0.659319 0
    outer loop
      vertex 1.20208 94.7979 0
      vertex 1.3487 94.9651 2.5
      vertex 1.3487 94.9651 0
    endloop
  endfacet
  facet normal -0.751863 0.659319 0
    outer loop
      vertex 1.3487 94.9651 2.5
      vertex 1.20208 94.7979 0
      vertex 1.20208 94.7979 2.5
    endloop
  endfacet
  facet normal -0.980779 0.195122 0
    outer loop
      vertex 1.64207 95.56 0
      vertex 1.68546 95.7781 2.5
      vertex 1.68546 95.7781 0
    endloop
  endfacet
  facet normal -0.980779 0.195122 0
    outer loop
      vertex 1.68546 95.7781 2.5
      vertex 1.64207 95.56 0
      vertex 1.64207 95.56 2.5
    endloop
  endfacet
  facet normal 0.442463 0.896787 -0
    outer loop
      vertex -0.650561 94.4294 0
      vertex -0.849999 94.5278 2.5
      vertex -0.650561 94.4294 2.5
    endloop
  endfacet
  facet normal 0.442463 0.896787 0
    outer loop
      vertex -0.849999 94.5278 2.5
      vertex -0.650561 94.4294 0
      vertex -0.849999 94.5278 0
    endloop
  endfacet
  facet normal 0.659291 0.751888 -0
    outer loop
      vertex -1.03489 94.6513 0
      vertex -1.20208 94.7979 2.5
      vertex -1.03489 94.6513 2.5
    endloop
  endfacet
  facet normal 0.659291 0.751888 0
    outer loop
      vertex -1.20208 94.7979 2.5
      vertex -1.03489 94.6513 0
      vertex -1.20208 94.7979 0
    endloop
  endfacet
  facet normal 0.321526 0.946901 -0
    outer loop
      vertex -0.439992 94.3579 0
      vertex -0.650561 94.4294 2.5
      vertex -0.439992 94.3579 2.5
    endloop
  endfacet
  facet normal 0.321526 0.946901 0
    outer loop
      vertex -0.650561 94.4294 2.5
      vertex -0.439992 94.3579 0
      vertex -0.650561 94.4294 0
    endloop
  endfacet
  facet normal 0.751863 0.659319 0
    outer loop
      vertex -1.20208 94.7979 2.5
      vertex -1.3487 94.9651 0
      vertex -1.3487 94.9651 2.5
    endloop
  endfacet
  facet normal 0.751863 0.659319 0
    outer loop
      vertex -1.3487 94.9651 0
      vertex -1.20208 94.7979 2.5
      vertex -1.20208 94.7979 0
    endloop
  endfacet
  facet normal -0.946943 -0.321403 0
    outer loop
      vertex 1.64207 96.44 0
      vertex 1.57059 96.6506 2.5
      vertex 1.57059 96.6506 0
    endloop
  endfacet
  facet normal -0.946943 -0.321403 0
    outer loop
      vertex 1.57059 96.6506 2.5
      vertex 1.64207 96.44 0
      vertex 1.64207 96.44 2.5
    endloop
  endfacet
  facet normal -0.555445 -0.831553 0
    outer loop
      vertex 0.849999 97.4722 0
      vertex 1.03489 97.3487 2.5
      vertex 0.849999 97.4722 2.5
    endloop
  endfacet
  facet normal -0.555445 -0.831553 -0
    outer loop
      vertex 1.03489 97.3487 2.5
      vertex 0.849999 97.4722 0
      vertex 1.03489 97.3487 0
    endloop
  endfacet
  facet normal 0.896843 -0.442349 0
    outer loop
      vertex -1.57059 96.6506 2.5
      vertex -1.47224 96.85 0
      vertex -1.47224 96.85 2.5
    endloop
  endfacet
  facet normal 0.896843 -0.442349 0
    outer loop
      vertex -1.47224 96.85 0
      vertex -1.57059 96.6506 2.5
      vertex -1.57059 96.6506 0
    endloop
  endfacet
  facet normal 0.980779 -0.195122 0
    outer loop
      vertex -1.68546 96.2219 2.5
      vertex -1.64207 96.44 0
      vertex -1.64207 96.44 2.5
    endloop
  endfacet
  facet normal 0.980779 -0.195122 0
    outer loop
      vertex -1.64207 96.44 0
      vertex -1.68546 96.2219 2.5
      vertex -1.68546 96.2219 0
    endloop
  endfacet
  facet normal 0.0652074 -0.997872 0
    outer loop
      vertex -0.221894 97.6855 0
      vertex 0 97.7 2.5
      vertex -0.221894 97.6855 2.5
    endloop
  endfacet
  facet normal 0.0652074 -0.997872 0
    outer loop
      vertex 0 97.7 2.5
      vertex -0.221894 97.6855 0
      vertex 0 97.7 0
    endloop
  endfacet
  facet normal -0.99786 0.0653848 0
    outer loop
      vertex 1.68546 95.7781 0
      vertex 1.7 96 2.5
      vertex 1.7 96 0
    endloop
  endfacet
  facet normal -0.99786 0.0653848 0
    outer loop
      vertex 1.7 96 2.5
      vertex 1.68546 95.7781 0
      vertex 1.68546 95.7781 2.5
    endloop
  endfacet
  facet normal -0.0652074 0.997872 0
    outer loop
      vertex 0.221894 94.3145 0
      vertex 0 94.3 2.5
      vertex 0.221894 94.3145 2.5
    endloop
  endfacet
  facet normal -0.0652074 0.997872 0
    outer loop
      vertex 0 94.3 2.5
      vertex 0.221894 94.3145 0
      vertex 0 94.3 0
    endloop
  endfacet
  facet normal -0.321526 0.946901 0
    outer loop
      vertex 0.650561 94.4294 0
      vertex 0.439992 94.3579 2.5
      vertex 0.650561 94.4294 2.5
    endloop
  endfacet
  facet normal -0.321526 0.946901 0
    outer loop
      vertex 0.439992 94.3579 2.5
      vertex 0.650561 94.4294 0
      vertex 0.439992 94.3579 0
    endloop
  endfacet
  facet normal -0.442463 0.896787 0
    outer loop
      vertex 0.849999 94.5278 0
      vertex 0.650561 94.4294 2.5
      vertex 0.849999 94.5278 2.5
    endloop
  endfacet
  facet normal -0.442463 0.896787 0
    outer loop
      vertex 0.650561 94.4294 2.5
      vertex 0.849999 94.5278 0
      vertex 0.650561 94.4294 0
    endloop
  endfacet
  facet normal -0.659291 0.751888 0
    outer loop
      vertex 1.20208 94.7979 0
      vertex 1.03489 94.6513 2.5
      vertex 1.20208 94.7979 2.5
    endloop
  endfacet
  facet normal -0.659291 0.751888 0
    outer loop
      vertex 1.03489 94.6513 2.5
      vertex 1.20208 94.7979 0
      vertex 1.03489 94.6513 0
    endloop
  endfacet
  facet normal -0.555445 0.831553 0
    outer loop
      vertex 1.03489 94.6513 0
      vertex 0.849999 94.5278 2.5
      vertex 1.03489 94.6513 2.5
    endloop
  endfacet
  facet normal -0.555445 0.831553 0
    outer loop
      vertex 0.849999 94.5278 2.5
      vertex 1.03489 94.6513 0
      vertex 0.849999 94.5278 0
    endloop
  endfacet
  facet normal -0.946943 0.321403 0
    outer loop
      vertex 1.57059 95.3494 0
      vertex 1.64207 95.56 2.5
      vertex 1.64207 95.56 0
    endloop
  endfacet
  facet normal -0.946943 0.321403 0
    outer loop
      vertex 1.64207 95.56 2.5
      vertex 1.57059 95.3494 0
      vertex 1.57059 95.3494 2.5
    endloop
  endfacet
  facet normal -0.831483 0.555551 0
    outer loop
      vertex 1.3487 94.9651 0
      vertex 1.47224 95.15 2.5
      vertex 1.47224 95.15 0
    endloop
  endfacet
  facet normal -0.831483 0.555551 0
    outer loop
      vertex 1.47224 95.15 2.5
      vertex 1.3487 94.9651 0
      vertex 1.3487 94.9651 2.5
    endloop
  endfacet
  facet normal -0.896843 0.442349 0
    outer loop
      vertex 1.47224 95.15 0
      vertex 1.57059 95.3494 2.5
      vertex 1.57059 95.3494 0
    endloop
  endfacet
  facet normal -0.896843 0.442349 0
    outer loop
      vertex 1.57059 95.3494 2.5
      vertex 1.47224 95.15 0
      vertex 1.47224 95.15 2.5
    endloop
  endfacet
  facet normal 0.555445 0.831553 -0
    outer loop
      vertex -0.849999 94.5278 0
      vertex -1.03489 94.6513 2.5
      vertex -0.849999 94.5278 2.5
    endloop
  endfacet
  facet normal 0.555445 0.831553 0
    outer loop
      vertex -1.03489 94.6513 2.5
      vertex -0.849999 94.5278 0
      vertex -1.03489 94.6513 0
    endloop
  endfacet
  facet normal 0.195167 0.98077 -0
    outer loop
      vertex -0.221894 94.3145 0
      vertex -0.439992 94.3579 2.5
      vertex -0.221894 94.3145 2.5
    endloop
  endfacet
  facet normal 0.195167 0.98077 0
    outer loop
      vertex -0.439992 94.3579 2.5
      vertex -0.221894 94.3145 0
      vertex -0.439992 94.3579 0
    endloop
  endfacet
  facet normal 0.896843 0.442349 0
    outer loop
      vertex -1.47224 95.15 2.5
      vertex -1.57059 95.3494 0
      vertex -1.57059 95.3494 2.5
    endloop
  endfacet
  facet normal 0.896843 0.442349 0
    outer loop
      vertex -1.57059 95.3494 0
      vertex -1.47224 95.15 2.5
      vertex -1.47224 95.15 0
    endloop
  endfacet
  facet normal 0.946943 0.321403 0
    outer loop
      vertex -1.57059 95.3494 2.5
      vertex -1.64207 95.56 0
      vertex -1.64207 95.56 2.5
    endloop
  endfacet
  facet normal 0.946943 0.321403 0
    outer loop
      vertex -1.64207 95.56 0
      vertex -1.57059 95.3494 2.5
      vertex -1.57059 95.3494 0
    endloop
  endfacet
  facet normal 0.99786 0.0653848 0
    outer loop
      vertex -1.68546 95.7781 2.5
      vertex -1.7 96 0
      vertex -1.7 96 2.5
    endloop
  endfacet
  facet normal 0.99786 0.0653848 0
    outer loop
      vertex -1.7 96 0
      vertex -1.68546 95.7781 2.5
      vertex -1.68546 95.7781 0
    endloop
  endfacet
  facet normal -0.751863 -0.659319 0
    outer loop
      vertex 1.3487 97.0349 0
      vertex 1.20208 97.2021 2.5
      vertex 1.20208 97.2021 0
    endloop
  endfacet
  facet normal -0.751863 -0.659319 0
    outer loop
      vertex 1.20208 97.2021 2.5
      vertex 1.3487 97.0349 0
      vertex 1.3487 97.0349 2.5
    endloop
  endfacet
  facet normal 0.442463 -0.896787 0
    outer loop
      vertex -0.849999 97.4722 0
      vertex -0.650561 97.5706 2.5
      vertex -0.849999 97.4722 2.5
    endloop
  endfacet
  facet normal 0.442463 -0.896787 0
    outer loop
      vertex -0.650561 97.5706 2.5
      vertex -0.849999 97.4722 0
      vertex -0.650561 97.5706 0
    endloop
  endfacet
  facet normal -0.195167 0.98077 0
    outer loop
      vertex 0.439992 94.3579 0
      vertex 0.221894 94.3145 2.5
      vertex 0.439992 94.3579 2.5
    endloop
  endfacet
  facet normal -0.195167 0.98077 0
    outer loop
      vertex 0.221894 94.3145 2.5
      vertex 0.439992 94.3579 0
      vertex 0.221894 94.3145 0
    endloop
  endfacet
  facet normal 0.831483 0.555551 0
    outer loop
      vertex -1.3487 94.9651 2.5
      vertex -1.47224 95.15 0
      vertex -1.47224 95.15 2.5
    endloop
  endfacet
  facet normal 0.831483 0.555551 0
    outer loop
      vertex -1.47224 95.15 0
      vertex -1.3487 94.9651 2.5
      vertex -1.3487 94.9651 0
    endloop
  endfacet
  facet normal 0.980779 0.195122 0
    outer loop
      vertex -1.64207 95.56 2.5
      vertex -1.68546 95.7781 0
      vertex -1.68546 95.7781 2.5
    endloop
  endfacet
  facet normal 0.980779 0.195122 0
    outer loop
      vertex -1.68546 95.7781 0
      vertex -1.64207 95.56 2.5
      vertex -1.64207 95.56 0
    endloop
  endfacet
  facet normal 0 -1 0
    outer loop
      vertex -2.5 106 0
      vertex 7 106 2.5
      vertex -2.5 106 2.5
    endloop
  endfacet
  facet normal 0 -1 -0
    outer loop
      vertex 7 106 2.5
      vertex -2.5 106 0
      vertex 7 106 0
    endloop
  endfacet
  facet normal 0.0662518 -0.997803 0
    outer loop
      vertex 7 106 0
      vertex 7.19579 106.013 2.5
      vertex 7 106 2.5
    endloop
  endfacet
  facet normal 0.0662518 -0.997803 0
    outer loop
      vertex 7.19579 106.013 2.5
      vertex 7 106 0
      vertex 7.19579 106.013 0
    endloop
  endfacet
  facet normal 0.193723 -0.981056 0
    outer loop
      vertex 7.19579 106.013 0
      vertex 7.38823 106.051 2.5
      vertex 7.19579 106.013 2.5
    endloop
  endfacet
  facet normal 0.193723 -0.981056 0
    outer loop
      vertex 7.38823 106.051 2.5
      vertex 7.19579 106.013 0
      vertex 7.38823 106.051 0
    endloop
  endfacet
  facet normal -0.0662518 0.997803 0
    outer loop
      vertex -2.5 118 0
      vertex -2.69579 117.987 2.5
      vertex -2.5 118 2.5
    endloop
  endfacet
  facet normal -0.0662518 0.997803 0
    outer loop
      vertex -2.69579 117.987 2.5
      vertex -2.5 118 0
      vertex -2.69579 117.987 0
    endloop
  endfacet
  facet normal 0.0662518 0.997803 -0
    outer loop
      vertex 7.19579 117.987 0
      vertex 7 118 2.5
      vertex 7.19579 117.987 2.5
    endloop
  endfacet
  facet normal 0.0662518 0.997803 0
    outer loop
      vertex 7 118 2.5
      vertex 7.19579 117.987 0
      vertex 7 118 0
    endloop
  endfacet
  facet normal -0.831241 0.555912 0
    outer loop
      vertex -3.79904 117.25 0
      vertex -3.69003 117.413 2.5
      vertex -3.69003 117.413 0
    endloop
  endfacet
  facet normal -0.831241 0.555912 0
    outer loop
      vertex -3.69003 117.413 2.5
      vertex -3.79904 117.25 0
      vertex -3.79904 117.25 2.5
    endloop
  endfacet
  facet normal 0 1 -0
    outer loop
      vertex 7 118 0
      vertex -2.5 118 2.5
      vertex 7 118 2.5
    endloop
  endfacet
  facet normal 0 1 0
    outer loop
      vertex -2.5 118 2.5
      vertex 7 118 0
      vertex -2.5 118 0
    endloop
  endfacet
  facet normal -0.443175 0.896435 0
    outer loop
      vertex -3.07402 117.886 0
      vertex -3.25 117.799 2.5
      vertex -3.07402 117.886 2.5
    endloop
  endfacet
  facet normal -0.443175 0.896435 0
    outer loop
      vertex -3.25 117.799 2.5
      vertex -3.07402 117.886 0
      vertex -3.25 117.799 0
    endloop
  endfacet
  facet normal 0 0 1
    outer loop
      vertex 7 118 2.5
      vertex 8.5 116.5 2.5
      vertex 8.48717 116.696 2.5
    endloop
  endfacet
  facet normal 0 0 1
    outer loop
      vertex 8.5 116.5 2.5
      vertex 1.7 112 2.5
      vertex 8.5 107.5 2.5
    endloop
  endfacet
  facet normal 0 0 1
    outer loop
      vertex 7 118 2.5
      vertex 8.48717 116.696 2.5
      vertex 8.44888 116.888 2.5
    endloop
  endfacet
  facet normal -0 0 1
    outer loop
      vertex 1.68546 111.778 2.5
      vertex 8.5 107.5 2.5
      vertex 1.7 112 2.5
    endloop
  endfacet
  facet normal 0 0 1
    outer loop
      vertex 7 118 2.5
      vertex 8.44888 116.888 2.5
      vertex 8.38582 117.074 2.5
    endloop
  endfacet
  facet normal -0 0 1
    outer loop
      vertex 1.64207 111.56 2.5
      vertex 8.5 107.5 2.5
      vertex 1.68546 111.778 2.5
    endloop
  endfacet
  facet normal 0 0 1
    outer loop
      vertex 7 118 2.5
      vertex 8.38582 117.074 2.5
      vertex 8.29904 117.25 2.5
    endloop
  endfacet
  facet normal -0 0 1
    outer loop
      vertex 1.57059 111.349 2.5
      vertex 8.5 107.5 2.5
      vertex 1.64207 111.56 2.5
    endloop
  endfacet
  facet normal 0 0 1
    outer loop
      vertex 7 118 2.5
      vertex 8.29904 117.25 2.5
      vertex 8.19003 117.413 2.5
    endloop
  endfacet
  facet normal -0 0 1
    outer loop
      vertex 1.47224 111.15 2.5
      vertex 8.5 107.5 2.5
      vertex 1.57059 111.349 2.5
    endloop
  endfacet
  facet normal 0 0 1
    outer loop
      vertex 7 118 2.5
      vertex 8.19003 117.413 2.5
      vertex 8.06065 117.561 2.5
    endloop
  endfacet
  facet normal 0 0 1
    outer loop
      vertex 8.5 107.5 2.5
      vertex 7 106 2.5
      vertex 8.48717 107.304 2.5
    endloop
  endfacet
  facet normal 0 0 1
    outer loop
      vertex 7 118 2.5
      vertex 8.06065 117.561 2.5
      vertex 7.91315 117.69 2.5
    endloop
  endfacet
  facet normal 0 0 1
    outer loop
      vertex 8.48717 107.304 2.5
      vertex 7 106 2.5
      vertex 8.44888 107.112 2.5
    endloop
  endfacet
  facet normal 0 0 1
    outer loop
      vertex 7 118 2.5
      vertex 7.91315 117.69 2.5
      vertex 7.75 117.799 2.5
    endloop
  endfacet
  facet normal 0 0 1
    outer loop
      vertex 8.44888 107.112 2.5
      vertex 7 106 2.5
      vertex 8.38582 106.926 2.5
    endloop
  endfacet
  facet normal 0 0 1
    outer loop
      vertex 7 118 2.5
      vertex 7.75 117.799 2.5
      vertex 7.57402 117.886 2.5
    endloop
  endfacet
  facet normal 0 0 1
    outer loop
      vertex 8.29904 106.75 2.5
      vertex 7 106 2.5
      vertex 8.19003 106.587 2.5
    endloop
  endfacet
  facet normal 0 0 1
    outer loop
      vertex 7 118 2.5
      vertex 7.57402 117.886 2.5
      vertex 7.38823 117.949 2.5
    endloop
  endfacet
  facet normal 0 0 1
    outer loop
      vertex 8.19003 106.587 2.5
      vertex 7 106 2.5
      vertex 8.06065 106.439 2.5
    endloop
  endfacet
  facet normal 0 0 1
    outer loop
      vertex 7 118 2.5
      vertex 7.38823 117.949 2.5
      vertex 7.19579 117.987 2.5
    endloop
  endfacet
  facet normal 0 0 1
    outer loop
      vertex 8.06065 106.439 2.5
      vertex 7 106 2.5
      vertex 7.91315 106.31 2.5
    endloop
  endfacet
  facet normal 0 0 1
    outer loop
      vertex 1.47224 112.85 2.5
      vertex 8.5 116.5 2.5
      vertex 7 118 2.5
    endloop
  endfacet
  facet normal 0 0 1
    outer loop
      vertex 7.75 106.201 2.5
      vertex 7 106 2.5
      vertex 7.57402 106.114 2.5
    endloop
  endfacet
  facet normal 0 0 1
    outer loop
      vertex 7.57402 106.114 2.5
      vertex 7 106 2.5
      vertex 7.38823 106.051 2.5
    endloop
  endfacet
  facet normal 0 0 1
    outer loop
      vertex 8.5 116.5 2.5
      vertex 1.68546 112.222 2.5
      vertex 1.7 112 2.5
    endloop
  endfacet
  facet normal 0 0 1
    outer loop
      vertex 8.5 116.5 2.5
      vertex 1.64207 112.44 2.5
      vertex 1.68546 112.222 2.5
    endloop
  endfacet
  facet normal 0 0 1
    outer loop
      vertex 8.5 116.5 2.5
      vertex 1.57059 112.651 2.5
      vertex 1.64207 112.44 2.5
    endloop
  endfacet
  facet normal 0 0 1
    outer loop
      vertex 8.5 116.5 2.5
      vertex 1.47224 112.85 2.5
      vertex 1.57059 112.651 2.5
    endloop
  endfacet
  facet normal 0 0 1
    outer loop
      vertex 7 118 2.5
      vertex 1.3487 113.035 2.5
      vertex 1.47224 112.85 2.5
    endloop
  endfacet
  facet normal 0 0 1
    outer loop
      vertex 7 118 2.5
      vertex 1.20208 113.202 2.5
      vertex 1.3487 113.035 2.5
    endloop
  endfacet
  facet normal 0 0 1
    outer loop
      vertex 7 118 2.5
      vertex 1.03489 113.349 2.5
      vertex 1.20208 113.202 2.5
    endloop
  endfacet
  facet normal 0 0 1
    outer loop
      vertex 7 118 2.5
      vertex 0.849999 113.472 2.5
      vertex 1.03489 113.349 2.5
    endloop
  endfacet
  facet normal 0 0 1
    outer loop
      vertex 7 118 2.5
      vertex 0.650561 113.571 2.5
      vertex 0.849999 113.472 2.5
    endloop
  endfacet
  facet normal -0 0 1
    outer loop
      vertex -2.5 118 2.5
      vertex 0.650561 113.571 2.5
      vertex 7 118 2.5
    endloop
  endfacet
  facet normal 0 0 1
    outer loop
      vertex 0.650561 113.571 2.5
      vertex -2.5 118 2.5
      vertex 0.439992 113.642 2.5
    endloop
  endfacet
  facet normal 0 0 1
    outer loop
      vertex 0.439992 113.642 2.5
      vertex -2.5 118 2.5
      vertex 0.221894 113.685 2.5
    endloop
  endfacet
  facet normal 0 0 1
    outer loop
      vertex 0.221894 113.685 2.5
      vertex -2.5 118 2.5
      vertex 0 113.7 2.5
    endloop
  endfacet
  facet normal 0 0 1
    outer loop
      vertex 0 113.7 2.5
      vertex -2.5 118 2.5
      vertex -0.221894 113.685 2.5
    endloop
  endfacet
  facet normal 0 0 1
    outer loop
      vertex -0.221894 113.685 2.5
      vertex -2.5 118 2.5
      vertex -0.439992 113.642 2.5
    endloop
  endfacet
  facet normal 0 0 1
    outer loop
      vertex -0.439992 113.642 2.5
      vertex -2.5 118 2.5
      vertex -0.650561 113.571 2.5
    endloop
  endfacet
  facet normal 0 0 1
    outer loop
      vertex -1.64207 112.44 2.5
      vertex -4 116.5 2.5
      vertex -1.68546 112.222 2.5
    endloop
  endfacet
  facet normal 0 0 1
    outer loop
      vertex -1.57059 112.651 2.5
      vertex -4 116.5 2.5
      vertex -1.64207 112.44 2.5
    endloop
  endfacet
  facet normal 0 0 1
    outer loop
      vertex -1.47224 112.85 2.5
      vertex -4 116.5 2.5
      vertex -1.57059 112.651 2.5
    endloop
  endfacet
  facet normal 0 0 1
    outer loop
      vertex -1.3487 113.035 2.5
      vertex -4 116.5 2.5
      vertex -1.47224 112.85 2.5
    endloop
  endfacet
  facet normal 0 0 1
    outer loop
      vertex -1.20208 113.202 2.5
      vertex -4 116.5 2.5
      vertex -1.3487 113.035 2.5
    endloop
  endfacet
  facet normal 0 0 1
    outer loop
      vertex -1.03489 113.349 2.5
      vertex -4 116.5 2.5
      vertex -1.20208 113.202 2.5
    endloop
  endfacet
  facet normal 0 0 1
    outer loop
      vertex -0.849999 113.472 2.5
      vertex -4 116.5 2.5
      vertex -1.03489 113.349 2.5
    endloop
  endfacet
  facet normal 0 0 1
    outer loop
      vertex -0.650561 113.571 2.5
      vertex -4 116.5 2.5
      vertex -0.849999 113.472 2.5
    endloop
  endfacet
  facet normal -0 0 1
    outer loop
      vertex -4 116.5 2.5
      vertex -0.650561 113.571 2.5
      vertex -2.5 118 2.5
    endloop
  endfacet
  facet normal 0 0 1
    outer loop
      vertex 7.38823 106.051 2.5
      vertex 7 106 2.5
      vertex 7.19579 106.013 2.5
    endloop
  endfacet
  facet normal 0 0 1
    outer loop
      vertex 7.91315 106.31 2.5
      vertex 7 106 2.5
      vertex 7.75 106.201 2.5
    endloop
  endfacet
  facet normal 0 0 1
    outer loop
      vertex 8.38582 106.926 2.5
      vertex 7 106 2.5
      vertex 8.29904 106.75 2.5
    endloop
  endfacet
  facet normal 0 0 1
    outer loop
      vertex 8.5 107.5 2.5
      vertex 1.47224 111.15 2.5
      vertex 7 106 2.5
    endloop
  endfacet
  facet normal -0 0 1
    outer loop
      vertex 1.3487 110.965 2.5
      vertex 7 106 2.5
      vertex 1.47224 111.15 2.5
    endloop
  endfacet
  facet normal -0 0 1
    outer loop
      vertex 1.20208 110.798 2.5
      vertex 7 106 2.5
      vertex 1.3487 110.965 2.5
    endloop
  endfacet
  facet normal -0 0 1
    outer loop
      vertex 1.03489 110.651 2.5
      vertex 7 106 2.5
      vertex 1.20208 110.798 2.5
    endloop
  endfacet
  facet normal -0 0 1
    outer loop
      vertex 0.849999 110.528 2.5
      vertex 7 106 2.5
      vertex 1.03489 110.651 2.5
    endloop
  endfacet
  facet normal -0 0 1
    outer loop
      vertex 0.650561 110.429 2.5
      vertex 7 106 2.5
      vertex 0.849999 110.528 2.5
    endloop
  endfacet
  facet normal 0 0 1
    outer loop
      vertex -2.5 106 2.5
      vertex 0.650561 110.429 2.5
      vertex 0.439992 110.358 2.5
    endloop
  endfacet
  facet normal 0 0 1
    outer loop
      vertex -2.5 106 2.5
      vertex 0.439992 110.358 2.5
      vertex 0.221894 110.315 2.5
    endloop
  endfacet
  facet normal 0 0 1
    outer loop
      vertex -2.5 106 2.5
      vertex 0.221894 110.315 2.5
      vertex 0 110.3 2.5
    endloop
  endfacet
  facet normal 0 0 1
    outer loop
      vertex -2.5 106 2.5
      vertex 0 110.3 2.5
      vertex -0.221894 110.315 2.5
    endloop
  endfacet
  facet normal 0 0 1
    outer loop
      vertex -2.5 106 2.5
      vertex -0.221894 110.315 2.5
      vertex -0.439992 110.358 2.5
    endloop
  endfacet
  facet normal 0 0 1
    outer loop
      vertex -2.5 106 2.5
      vertex -0.439992 110.358 2.5
      vertex -0.650561 110.429 2.5
    endloop
  endfacet
  facet normal 0 0 1
    outer loop
      vertex -4 107.5 2.5
      vertex -0.650561 110.429 2.5
      vertex -0.849999 110.528 2.5
    endloop
  endfacet
  facet normal 0 0 1
    outer loop
      vertex -1.68546 112.222 2.5
      vertex -4 116.5 2.5
      vertex -1.7 112 2.5
    endloop
  endfacet
  facet normal 0 0 1
    outer loop
      vertex 0.650561 110.429 2.5
      vertex -2.5 106 2.5
      vertex 7 106 2.5
    endloop
  endfacet
  facet normal 0 0 1
    outer loop
      vertex -4 107.5 2.5
      vertex -0.849999 110.528 2.5
      vertex -1.03489 110.651 2.5
    endloop
  endfacet
  facet normal 0 0 1
    outer loop
      vertex -4 107.5 2.5
      vertex -1.03489 110.651 2.5
      vertex -1.20208 110.798 2.5
    endloop
  endfacet
  facet normal 0 0 1
    outer loop
      vertex -4 107.5 2.5
      vertex -1.20208 110.798 2.5
      vertex -1.3487 110.965 2.5
    endloop
  endfacet
  facet normal 0 0 1
    outer loop
      vertex -4 107.5 2.5
      vertex -1.3487 110.965 2.5
      vertex -1.47224 111.15 2.5
    endloop
  endfacet
  facet normal 0 0 1
    outer loop
      vertex -4 107.5 2.5
      vertex -1.47224 111.15 2.5
      vertex -1.57059 111.349 2.5
    endloop
  endfacet
  facet normal 0 0 1
    outer loop
      vertex -4 107.5 2.5
      vertex -1.57059 111.349 2.5
      vertex -1.64207 111.56 2.5
    endloop
  endfacet
  facet normal 0 0 1
    outer loop
      vertex -4 107.5 2.5
      vertex -1.64207 111.56 2.5
      vertex -1.68546 111.778 2.5
    endloop
  endfacet
  facet normal 0 0 1
    outer loop
      vertex -4 107.5 2.5
      vertex -1.7 112 2.5
      vertex -4 116.5 2.5
    endloop
  endfacet
  facet normal 0 0 1
    outer loop
      vertex -4 116.5 2.5
      vertex -2.5 118 2.5
      vertex -2.69579 117.987 2.5
    endloop
  endfacet
  facet normal 0 0 1
    outer loop
      vertex -1.7 112 2.5
      vertex -4 107.5 2.5
      vertex -1.68546 111.778 2.5
    endloop
  endfacet
  facet normal 0 0 1
    outer loop
      vertex -4 116.5 2.5
      vertex -2.69579 117.987 2.5
      vertex -2.88823 117.949 2.5
    endloop
  endfacet
  facet normal 0 0 1
    outer loop
      vertex -0.650561 110.429 2.5
      vertex -4 107.5 2.5
      vertex -2.5 106 2.5
    endloop
  endfacet
  facet normal 0 0 1
    outer loop
      vertex -4 116.5 2.5
      vertex -2.88823 117.949 2.5
      vertex -3.07402 117.886 2.5
    endloop
  endfacet
  facet normal 0 0 1
    outer loop
      vertex -2.5 106 2.5
      vertex -4 107.5 2.5
      vertex -2.69579 106.013 2.5
    endloop
  endfacet
  facet normal 0 0 1
    outer loop
      vertex -4 116.5 2.5
      vertex -3.07402 117.886 2.5
      vertex -3.25 117.799 2.5
    endloop
  endfacet
  facet normal 0 0 1
    outer loop
      vertex -2.69579 106.013 2.5
      vertex -4 107.5 2.5
      vertex -2.88823 106.051 2.5
    endloop
  endfacet
  facet normal 0 0 1
    outer loop
      vertex -4 116.5 2.5
      vertex -3.25 117.799 2.5
      vertex -3.41315 117.69 2.5
    endloop
  endfacet
  facet normal 0 0 1
    outer loop
      vertex -2.88823 106.051 2.5
      vertex -4 107.5 2.5
      vertex -3.07402 106.114 2.5
    endloop
  endfacet
  facet normal 0 0 1
    outer loop
      vertex -4 116.5 2.5
      vertex -3.41315 117.69 2.5
      vertex -3.56065 117.561 2.5
    endloop
  endfacet
  facet normal 0 0 1
    outer loop
      vertex -3.07402 106.114 2.5
      vertex -4 107.5 2.5
      vertex -3.25 106.201 2.5
    endloop
  endfacet
  facet normal 0 0 1
    outer loop
      vertex -4 116.5 2.5
      vertex -3.56065 117.561 2.5
      vertex -3.69003 117.413 2.5
    endloop
  endfacet
  facet normal 0 0 1
    outer loop
      vertex -3.25 106.201 2.5
      vertex -4 107.5 2.5
      vertex -3.41315 106.31 2.5
    endloop
  endfacet
  facet normal 0 0 1
    outer loop
      vertex -4 116.5 2.5
      vertex -3.69003 117.413 2.5
      vertex -3.79904 117.25 2.5
    endloop
  endfacet
  facet normal 0 0 1
    outer loop
      vertex -3.41315 106.31 2.5
      vertex -4 107.5 2.5
      vertex -3.56065 106.439 2.5
    endloop
  endfacet
  facet normal 0 0 1
    outer loop
      vertex -4 116.5 2.5
      vertex -3.79904 117.25 2.5
      vertex -3.88582 117.074 2.5
    endloop
  endfacet
  facet normal 0 0 1
    outer loop
      vertex -3.56065 106.439 2.5
      vertex -4 107.5 2.5
      vertex -3.69003 106.587 2.5
    endloop
  endfacet
  facet normal 0 0 1
    outer loop
      vertex -4 116.5 2.5
      vertex -3.88582 117.074 2.5
      vertex -3.94888 116.888 2.5
    endloop
  endfacet
  facet normal 0 0 1
    outer loop
      vertex -3.69003 106.587 2.5
      vertex -4 107.5 2.5
      vertex -3.79904 106.75 2.5
    endloop
  endfacet
  facet normal 0 0 1
    outer loop
      vertex -4 116.5 2.5
      vertex -3.94888 116.888 2.5
      vertex -3.98717 116.696 2.5
    endloop
  endfacet
  facet normal 0 0 1
    outer loop
      vertex -3.79904 106.75 2.5
      vertex -4 107.5 2.5
      vertex -3.88582 106.926 2.5
    endloop
  endfacet
  facet normal 0 0 1
    outer loop
      vertex -3.88582 106.926 2.5
      vertex -4 107.5 2.5
      vertex -3.94888 107.112 2.5
    endloop
  endfacet
  facet normal 0 0 1
    outer loop
      vertex -3.94888 107.112 2.5
      vertex -4 107.5 2.5
      vertex -3.98717 107.304 2.5
    endloop
  endfacet
  facet normal -0.443175 -0.896435 0
    outer loop
      vertex -3.25 106.201 0
      vertex -3.07402 106.114 2.5
      vertex -3.25 106.201 2.5
    endloop
  endfacet
  facet normal -0.443175 -0.896435 -0
    outer loop
      vertex -3.07402 106.114 2.5
      vertex -3.25 106.201 0
      vertex -3.07402 106.114 0
    endloop
  endfacet
  facet normal 0.997864 -0.0653194 0
    outer loop
      vertex 8.48717 107.304 2.5
      vertex 8.5 107.5 0
      vertex 8.5 107.5 2.5
    endloop
  endfacet
  facet normal 0.997864 -0.0653194 0
    outer loop
      vertex 8.5 107.5 0
      vertex 8.48717 107.304 2.5
      vertex 8.48717 107.304 0
    endloop
  endfacet
  facet normal 0.831241 0.555912 0
    outer loop
      vertex 8.29904 117.25 2.5
      vertex 8.19003 117.413 0
      vertex 8.19003 117.413 2.5
    endloop
  endfacet
  facet normal 0.831241 0.555912 0
    outer loop
      vertex 8.19003 117.413 0
      vertex 8.29904 117.25 2.5
      vertex 8.29904 117.25 0
    endloop
  endfacet
  facet normal 0.555523 0.831501 -0
    outer loop
      vertex 7.91315 117.69 0
      vertex 7.75 117.799 2.5
      vertex 7.91315 117.69 2.5
    endloop
  endfacet
  facet normal 0.555523 0.831501 0
    outer loop
      vertex 7.75 117.799 2.5
      vertex 7.91315 117.69 0
      vertex 7.75 117.799 0
    endloop
  endfacet
  facet normal -0.8969 0.442233 0
    outer loop
      vertex -3.88582 117.074 0
      vertex -3.79904 117.25 2.5
      vertex -3.79904 117.25 0
    endloop
  endfacet
  facet normal -0.8969 0.442233 0
    outer loop
      vertex -3.79904 117.25 2.5
      vertex -3.88582 117.074 0
      vertex -3.88582 117.074 2.5
    endloop
  endfacet
  facet normal -0.555523 0.831501 0
    outer loop
      vertex -3.25 117.799 0
      vertex -3.41315 117.69 2.5
      vertex -3.25 117.799 2.5
    endloop
  endfacet
  facet normal -0.555523 0.831501 0
    outer loop
      vertex -3.41315 117.69 2.5
      vertex -3.25 117.799 0
      vertex -3.41315 117.69 0
    endloop
  endfacet
  facet normal -0.980689 -0.195576 0
    outer loop
      vertex -3.94888 107.112 0
      vertex -3.98717 107.304 2.5
      vertex -3.98717 107.304 0
    endloop
  endfacet
  facet normal -0.980689 -0.195576 0
    outer loop
      vertex -3.98717 107.304 2.5
      vertex -3.94888 107.112 0
      vertex -3.94888 107.112 2.5
    endloop
  endfacet
  facet normal -0.831241 -0.555912 0
    outer loop
      vertex -3.69003 106.587 0
      vertex -3.79904 106.75 2.5
      vertex -3.79904 106.75 0
    endloop
  endfacet
  facet normal -0.831241 -0.555912 0
    outer loop
      vertex -3.79904 106.75 2.5
      vertex -3.69003 106.587 0
      vertex -3.69003 106.587 2.5
    endloop
  endfacet
  facet normal -0.997864 -0.0653194 0
    outer loop
      vertex -3.98717 107.304 0
      vertex -4 107.5 2.5
      vertex -4 107.5 0
    endloop
  endfacet
  facet normal -0.997864 -0.0653194 0
    outer loop
      vertex -4 107.5 2.5
      vertex -3.98717 107.304 0
      vertex -3.98717 107.304 2.5
    endloop
  endfacet
  facet normal -0.997864 0.0653194 0
    outer loop
      vertex -4 116.5 0
      vertex -3.98717 116.696 2.5
      vertex -3.98717 116.696 0
    endloop
  endfacet
  facet normal -0.997864 0.0653194 0
    outer loop
      vertex -3.98717 116.696 2.5
      vertex -4 116.5 0
      vertex -4 116.5 2.5
    endloop
  endfacet
  facet normal -0.193723 -0.981056 0
    outer loop
      vertex -2.88823 106.051 0
      vertex -2.69579 106.013 2.5
      vertex -2.88823 106.051 2.5
    endloop
  endfacet
  facet normal -0.193723 -0.981056 -0
    outer loop
      vertex -2.69579 106.013 2.5
      vertex -2.88823 106.051 0
      vertex -2.69579 106.013 0
    endloop
  endfacet
  facet normal -0.555523 -0.831501 0
    outer loop
      vertex -3.41315 106.31 0
      vertex -3.25 106.201 2.5
      vertex -3.41315 106.31 2.5
    endloop
  endfacet
  facet normal -0.555523 -0.831501 -0
    outer loop
      vertex -3.25 106.201 2.5
      vertex -3.41315 106.31 0
      vertex -3.25 106.201 0
    endloop
  endfacet
  facet normal -0.752879 -0.658159 0
    outer loop
      vertex -3.56065 106.439 0
      vertex -3.69003 106.587 2.5
      vertex -3.69003 106.587 0
    endloop
  endfacet
  facet normal -0.752879 -0.658159 0
    outer loop
      vertex -3.69003 106.587 2.5
      vertex -3.56065 106.439 0
      vertex -3.56065 106.439 2.5
    endloop
  endfacet
  facet normal 0.555523 -0.831501 0
    outer loop
      vertex 7.75 106.201 0
      vertex 7.91315 106.31 2.5
      vertex 7.75 106.201 2.5
    endloop
  endfacet
  facet normal 0.555523 -0.831501 0
    outer loop
      vertex 7.91315 106.31 2.5
      vertex 7.75 106.201 0
      vertex 7.91315 106.31 0
    endloop
  endfacet
  facet normal 0.443175 0.896435 -0
    outer loop
      vertex 7.75 117.799 0
      vertex 7.57402 117.886 2.5
      vertex 7.75 117.799 2.5
    endloop
  endfacet
  facet normal 0.443175 0.896435 0
    outer loop
      vertex 7.57402 117.886 2.5
      vertex 7.75 117.799 0
      vertex 7.57402 117.886 0
    endloop
  endfacet
  facet normal -0.980689 0.195576 0
    outer loop
      vertex -3.98717 116.696 0
      vertex -3.94888 116.888 2.5
      vertex -3.94888 116.888 0
    endloop
  endfacet
  facet normal -0.980689 0.195576 0
    outer loop
      vertex -3.94888 116.888 2.5
      vertex -3.98717 116.696 0
      vertex -3.98717 116.696 2.5
    endloop
  endfacet
  facet normal -0.947052 0.321081 0
    outer loop
      vertex -3.94888 116.888 0
      vertex -3.88582 117.074 2.5
      vertex -3.88582 117.074 0
    endloop
  endfacet
  facet normal -0.947052 0.321081 0
    outer loop
      vertex -3.88582 117.074 2.5
      vertex -3.94888 116.888 0
      vertex -3.94888 116.888 2.5
    endloop
  endfacet
  facet normal -0.8969 -0.442233 0
    outer loop
      vertex -3.79904 106.75 0
      vertex -3.88582 106.926 2.5
      vertex -3.88582 106.926 0
    endloop
  endfacet
  facet normal -0.8969 -0.442233 0
    outer loop
      vertex -3.88582 106.926 2.5
      vertex -3.79904 106.75 0
      vertex -3.79904 106.75 2.5
    endloop
  endfacet
  facet normal -1 0 0
    outer loop
      vertex -4 107.5 0
      vertex -4 116.5 2.5
      vertex -4 116.5 0
    endloop
  endfacet
  facet normal -1 -0 0
    outer loop
      vertex -4 116.5 2.5
      vertex -4 107.5 0
      vertex -4 107.5 2.5
    endloop
  endfacet
  facet normal 0 0 -1
    outer loop
      vertex 7 106 0
      vertex 8.5 107.5 0
      vertex 8.48717 107.304 0
    endloop
  endfacet
  facet normal 0 0 -1
    outer loop
      vertex 8.5 107.5 0
      vertex 1.7 112 0
      vertex 8.5 116.5 0
    endloop
  endfacet
  facet normal 0 0 -1
    outer loop
      vertex 7 106 0
      vertex 8.48717 107.304 0
      vertex 8.44888 107.112 0
    endloop
  endfacet
  facet normal 0 0 -1
    outer loop
      vertex 1.68546 112.222 0
      vertex 8.5 116.5 0
      vertex 1.7 112 0
    endloop
  endfacet
  facet normal 0 0 -1
    outer loop
      vertex 7 106 0
      vertex 8.44888 107.112 0
      vertex 8.38582 106.926 0
    endloop
  endfacet
  facet normal 0 0 -1
    outer loop
      vertex 1.64207 112.44 0
      vertex 8.5 116.5 0
      vertex 1.68546 112.222 0
    endloop
  endfacet
  facet normal 0 0 -1
    outer loop
      vertex 7 106 0
      vertex 8.38582 106.926 0
      vertex 8.29904 106.75 0
    endloop
  endfacet
  facet normal 0 0 -1
    outer loop
      vertex 1.57059 112.651 0
      vertex 8.5 116.5 0
      vertex 1.64207 112.44 0
    endloop
  endfacet
  facet normal 0 0 -1
    outer loop
      vertex 7 106 0
      vertex 8.29904 106.75 0
      vertex 8.19003 106.587 0
    endloop
  endfacet
  facet normal 0 0 -1
    outer loop
      vertex 1.47224 112.85 0
      vertex 8.5 116.5 0
      vertex 1.57059 112.651 0
    endloop
  endfacet
  facet normal 0 0 -1
    outer loop
      vertex 7 106 0
      vertex 8.19003 106.587 0
      vertex 8.06065 106.439 0
    endloop
  endfacet
  facet normal 0 0 -1
    outer loop
      vertex 8.5 116.5 0
      vertex 7 118 0
      vertex 8.48717 116.696 0
    endloop
  endfacet
  facet normal 0 0 -1
    outer loop
      vertex 7 106 0
      vertex 8.06065 106.439 0
      vertex 7.91315 106.31 0
    endloop
  endfacet
  facet normal 0 0 -1
    outer loop
      vertex 8.48717 116.696 0
      vertex 7 118 0
      vertex 8.44888 116.888 0
    endloop
  endfacet
  facet normal 0 0 -1
    outer loop
      vertex 7 106 0
      vertex 7.91315 106.31 0
      vertex 7.75 106.201 0
    endloop
  endfacet
  facet normal 0 0 -1
    outer loop
      vertex 8.44888 116.888 0
      vertex 7 118 0
      vertex 8.38582 117.074 0
    endloop
  endfacet
  facet normal 0 0 -1
    outer loop
      vertex 7 106 0
      vertex 7.75 106.201 0
      vertex 7.57402 106.114 0
    endloop
  endfacet
  facet normal 0 0 -1
    outer loop
      vertex 8.29904 117.25 0
      vertex 7 118 0
      vertex 8.19003 117.413 0
    endloop
  endfacet
  facet normal 0 0 -1
    outer loop
      vertex 7 106 0
      vertex 7.57402 106.114 0
      vertex 7.38823 106.051 0
    endloop
  endfacet
  facet normal 0 0 -1
    outer loop
      vertex 8.19003 117.413 0
      vertex 7 118 0
      vertex 8.06065 117.561 0
    endloop
  endfacet
  facet normal 0 0 -1
    outer loop
      vertex 7 106 0
      vertex 7.38823 106.051 0
      vertex 7.19579 106.013 0
    endloop
  endfacet
  facet normal 0 0 -1
    outer loop
      vertex 8.06065 117.561 0
      vertex 7 118 0
      vertex 7.91315 117.69 0
    endloop
  endfacet
  facet normal 0 0 -1
    outer loop
      vertex 1.47224 111.15 0
      vertex 8.5 107.5 0
      vertex 7 106 0
    endloop
  endfacet
  facet normal 0 0 -1
    outer loop
      vertex 7.75 117.799 0
      vertex 7 118 0
      vertex 7.57402 117.886 0
    endloop
  endfacet
  facet normal 0 0 -1
    outer loop
      vertex 7.57402 117.886 0
      vertex 7 118 0
      vertex 7.38823 117.949 0
    endloop
  endfacet
  facet normal 0 0 -1
    outer loop
      vertex 8.5 107.5 0
      vertex 1.68546 111.778 0
      vertex 1.7 112 0
    endloop
  endfacet
  facet normal 0 0 -1
    outer loop
      vertex 8.5 107.5 0
      vertex 1.64207 111.56 0
      vertex 1.68546 111.778 0
    endloop
  endfacet
  facet normal 0 0 -1
    outer loop
      vertex 8.5 107.5 0
      vertex 1.57059 111.349 0
      vertex 1.64207 111.56 0
    endloop
  endfacet
  facet normal 0 0 -1
    outer loop
      vertex 8.5 107.5 0
      vertex 1.47224 111.15 0
      vertex 1.57059 111.349 0
    endloop
  endfacet
  facet normal 0 0 -1
    outer loop
      vertex 7 106 0
      vertex 1.3487 110.965 0
      vertex 1.47224 111.15 0
    endloop
  endfacet
  facet normal 0 0 -1
    outer loop
      vertex 7 106 0
      vertex 1.20208 110.798 0
      vertex 1.3487 110.965 0
    endloop
  endfacet
  facet normal 0 0 -1
    outer loop
      vertex 7 106 0
      vertex 1.03489 110.651 0
      vertex 1.20208 110.798 0
    endloop
  endfacet
  facet normal 0 0 -1
    outer loop
      vertex 7 106 0
      vertex 0.849999 110.528 0
      vertex 1.03489 110.651 0
    endloop
  endfacet
  facet normal 0 0 -1
    outer loop
      vertex 7 106 0
      vertex 0.650561 110.429 0
      vertex 0.849999 110.528 0
    endloop
  endfacet
  facet normal 0 0 -1
    outer loop
      vertex -2.5 106 0
      vertex 0.650561 110.429 0
      vertex 7 106 0
    endloop
  endfacet
  facet normal 0 0 -1
    outer loop
      vertex 0.650561 110.429 0
      vertex -2.5 106 0
      vertex 0.439992 110.358 0
    endloop
  endfacet
  facet normal 0 0 -1
    outer loop
      vertex 0.439992 110.358 0
      vertex -2.5 106 0
      vertex 0.221894 110.315 0
    endloop
  endfacet
  facet normal 0 0 -1
    outer loop
      vertex 0.221894 110.315 0
      vertex -2.5 106 0
      vertex 0 110.3 0
    endloop
  endfacet
  facet normal -0 0 -1
    outer loop
      vertex 0 110.3 0
      vertex -2.5 106 0
      vertex -0.221894 110.315 0
    endloop
  endfacet
  facet normal -0 0 -1
    outer loop
      vertex -0.221894 110.315 0
      vertex -2.5 106 0
      vertex -0.439992 110.358 0
    endloop
  endfacet
  facet normal -0 0 -1
    outer loop
      vertex -0.439992 110.358 0
      vertex -2.5 106 0
      vertex -0.650561 110.429 0
    endloop
  endfacet
  facet normal -0 0 -1
    outer loop
      vertex -1.64207 111.56 0
      vertex -4 107.5 0
      vertex -1.68546 111.778 0
    endloop
  endfacet
  facet normal -0 0 -1
    outer loop
      vertex -1.57059 111.349 0
      vertex -4 107.5 0
      vertex -1.64207 111.56 0
    endloop
  endfacet
  facet normal -0 0 -1
    outer loop
      vertex -1.47224 111.15 0
      vertex -4 107.5 0
      vertex -1.57059 111.349 0
    endloop
  endfacet
  facet normal -0 0 -1
    outer loop
      vertex -1.3487 110.965 0
      vertex -4 107.5 0
      vertex -1.47224 111.15 0
    endloop
  endfacet
  facet normal -0 0 -1
    outer loop
      vertex -1.20208 110.798 0
      vertex -4 107.5 0
      vertex -1.3487 110.965 0
    endloop
  endfacet
  facet normal -0 0 -1
    outer loop
      vertex -1.03489 110.651 0
      vertex -4 107.5 0
      vertex -1.20208 110.798 0
    endloop
  endfacet
  facet normal -0 0 -1
    outer loop
      vertex -0.849999 110.528 0
      vertex -4 107.5 0
      vertex -1.03489 110.651 0
    endloop
  endfacet
  facet normal -0 0 -1
    outer loop
      vertex -0.650561 110.429 0
      vertex -4 107.5 0
      vertex -0.849999 110.528 0
    endloop
  endfacet
  facet normal 0 0 -1
    outer loop
      vertex -4 107.5 0
      vertex -0.650561 110.429 0
      vertex -2.5 106 0
    endloop
  endfacet
  facet normal 0 0 -1
    outer loop
      vertex 7.38823 117.949 0
      vertex 7 118 0
      vertex 7.19579 117.987 0
    endloop
  endfacet
  facet normal 0 0 -1
    outer loop
      vertex 7.91315 117.69 0
      vertex 7 118 0
      vertex 7.75 117.799 0
    endloop
  endfacet
  facet normal 0 0 -1
    outer loop
      vertex 8.38582 117.074 0
      vertex 7 118 0
      vertex 8.29904 117.25 0
    endloop
  endfacet
  facet normal -0 0 -1
    outer loop
      vertex 8.5 116.5 0
      vertex 1.47224 112.85 0
      vertex 7 118 0
    endloop
  endfacet
  facet normal 0 0 -1
    outer loop
      vertex 1.3487 113.035 0
      vertex 7 118 0
      vertex 1.47224 112.85 0
    endloop
  endfacet
  facet normal 0 0 -1
    outer loop
      vertex 1.20208 113.202 0
      vertex 7 118 0
      vertex 1.3487 113.035 0
    endloop
  endfacet
  facet normal 0 0 -1
    outer loop
      vertex 1.03489 113.349 0
      vertex 7 118 0
      vertex 1.20208 113.202 0
    endloop
  endfacet
  facet normal 0 0 -1
    outer loop
      vertex 0.849999 113.472 0
      vertex 7 118 0
      vertex 1.03489 113.349 0
    endloop
  endfacet
  facet normal 0 0 -1
    outer loop
      vertex 0.650561 113.571 0
      vertex 7 118 0
      vertex 0.849999 113.472 0
    endloop
  endfacet
  facet normal 0 0 -1
    outer loop
      vertex -2.5 118 0
      vertex 0.650561 113.571 0
      vertex 0.439992 113.642 0
    endloop
  endfacet
  facet normal 0 0 -1
    outer loop
      vertex -2.5 118 0
      vertex 0.439992 113.642 0
      vertex 0.221894 113.685 0
    endloop
  endfacet
  facet normal 0 0 -1
    outer loop
      vertex -2.5 118 0
      vertex 0.221894 113.685 0
      vertex 0 113.7 0
    endloop
  endfacet
  facet normal 0 0 -1
    outer loop
      vertex -2.5 118 0
      vertex 0 113.7 0
      vertex -0.221894 113.685 0
    endloop
  endfacet
  facet normal 0 0 -1
    outer loop
      vertex -2.5 118 0
      vertex -0.221894 113.685 0
      vertex -0.439992 113.642 0
    endloop
  endfacet
  facet normal 0 0 -1
    outer loop
      vertex -2.5 118 0
      vertex -0.439992 113.642 0
      vertex -0.650561 113.571 0
    endloop
  endfacet
  facet normal 0 0 -1
    outer loop
      vertex -4 116.5 0
      vertex -0.650561 113.571 0
      vertex -0.849999 113.472 0
    endloop
  endfacet
  facet normal -0 0 -1
    outer loop
      vertex -1.68546 111.778 0
      vertex -4 107.5 0
      vertex -1.7 112 0
    endloop
  endfacet
  facet normal 0 0 -1
    outer loop
      vertex 0.650561 113.571 0
      vertex -2.5 118 0
      vertex 7 118 0
    endloop
  endfacet
  facet normal 0 0 -1
    outer loop
      vertex -4 116.5 0
      vertex -0.849999 113.472 0
      vertex -1.03489 113.349 0
    endloop
  endfacet
  facet normal 0 0 -1
    outer loop
      vertex -4 116.5 0
      vertex -1.03489 113.349 0
      vertex -1.20208 113.202 0
    endloop
  endfacet
  facet normal 0 0 -1
    outer loop
      vertex -4 116.5 0
      vertex -1.20208 113.202 0
      vertex -1.3487 113.035 0
    endloop
  endfacet
  facet normal 0 0 -1
    outer loop
      vertex -4 116.5 0
      vertex -1.3487 113.035 0
      vertex -1.47224 112.85 0
    endloop
  endfacet
  facet normal 0 0 -1
    outer loop
      vertex -4 116.5 0
      vertex -1.47224 112.85 0
      vertex -1.57059 112.651 0
    endloop
  endfacet
  facet normal 0 0 -1
    outer loop
      vertex -4 116.5 0
      vertex -1.57059 112.651 0
      vertex -1.64207 112.44 0
    endloop
  endfacet
  facet normal 0 0 -1
    outer loop
      vertex -4 116.5 0
      vertex -1.64207 112.44 0
      vertex -1.68546 112.222 0
    endloop
  endfacet
  facet normal 0 0 -1
    outer loop
      vertex -4 116.5 0
      vertex -1.7 112 0
      vertex -4 107.5 0
    endloop
  endfacet
  facet normal 0 0 -1
    outer loop
      vertex -4 107.5 0
      vertex -2.5 106 0
      vertex -2.69579 106.013 0
    endloop
  endfacet
  facet normal 0 0 -1
    outer loop
      vertex -1.7 112 0
      vertex -4 116.5 0
      vertex -1.68546 112.222 0
    endloop
  endfacet
  facet normal 0 0 -1
    outer loop
      vertex -4 107.5 0
      vertex -2.69579 106.013 0
      vertex -2.88823 106.051 0
    endloop
  endfacet
  facet normal 0 0 -1
    outer loop
      vertex -0.650561 113.571 0
      vertex -4 116.5 0
      vertex -2.5 118 0
    endloop
  endfacet
  facet normal 0 0 -1
    outer loop
      vertex -4 107.5 0
      vertex -2.88823 106.051 0
      vertex -3.07402 106.114 0
    endloop
  endfacet
  facet normal 0 0 -1
    outer loop
      vertex -2.5 118 0
      vertex -4 116.5 0
      vertex -2.69579 117.987 0
    endloop
  endfacet
  facet normal 0 0 -1
    outer loop
      vertex -4 107.5 0
      vertex -3.07402 106.114 0
      vertex -3.25 106.201 0
    endloop
  endfacet
  facet normal 0 0 -1
    outer loop
      vertex -2.69579 117.987 0
      vertex -4 116.5 0
      vertex -2.88823 117.949 0
    endloop
  endfacet
  facet normal 0 0 -1
    outer loop
      vertex -4 107.5 0
      vertex -3.25 106.201 0
      vertex -3.41315 106.31 0
    endloop
  endfacet
  facet normal 0 0 -1
    outer loop
      vertex -2.88823 117.949 0
      vertex -4 116.5 0
      vertex -3.07402 117.886 0
    endloop
  endfacet
  facet normal 0 0 -1
    outer loop
      vertex -4 107.5 0
      vertex -3.41315 106.31 0
      vertex -3.56065 106.439 0
    endloop
  endfacet
  facet normal 0 0 -1
    outer loop
      vertex -3.07402 117.886 0
      vertex -4 116.5 0
      vertex -3.25 117.799 0
    endloop
  endfacet
  facet normal 0 0 -1
    outer loop
      vertex -4 107.5 0
      vertex -3.56065 106.439 0
      vertex -3.69003 106.587 0
    endloop
  endfacet
  facet normal 0 0 -1
    outer loop
      vertex -3.25 117.799 0
      vertex -4 116.5 0
      vertex -3.41315 117.69 0
    endloop
  endfacet
  facet normal 0 0 -1
    outer loop
      vertex -4 107.5 0
      vertex -3.69003 106.587 0
      vertex -3.79904 106.75 0
    endloop
  endfacet
  facet normal 0 0 -1
    outer loop
      vertex -3.41315 117.69 0
      vertex -4 116.5 0
      vertex -3.56065 117.561 0
    endloop
  endfacet
  facet normal 0 0 -1
    outer loop
      vertex -4 107.5 0
      vertex -3.79904 106.75 0
      vertex -3.88582 106.926 0
    endloop
  endfacet
  facet normal 0 0 -1
    outer loop
      vertex -3.56065 117.561 0
      vertex -4 116.5 0
      vertex -3.69003 117.413 0
    endloop
  endfacet
  facet normal 0 0 -1
    outer loop
      vertex -4 107.5 0
      vertex -3.88582 106.926 0
      vertex -3.94888 107.112 0
    endloop
  endfacet
  facet normal 0 0 -1
    outer loop
      vertex -3.69003 117.413 0
      vertex -4 116.5 0
      vertex -3.79904 117.25 0
    endloop
  endfacet
  facet normal 0 0 -1
    outer loop
      vertex -4 107.5 0
      vertex -3.94888 107.112 0
      vertex -3.98717 107.304 0
    endloop
  endfacet
  facet normal 0 0 -1
    outer loop
      vertex -3.79904 117.25 0
      vertex -4 116.5 0
      vertex -3.88582 117.074 0
    endloop
  endfacet
  facet normal 0 0 -1
    outer loop
      vertex -3.88582 117.074 0
      vertex -4 116.5 0
      vertex -3.94888 116.888 0
    endloop
  endfacet
  facet normal 0 0 -1
    outer loop
      vertex -3.94888 116.888 0
      vertex -4 116.5 0
      vertex -3.98717 116.696 0
    endloop
  endfacet
  facet normal -0.0662518 -0.997803 0
    outer loop
      vertex -2.69579 106.013 0
      vertex -2.5 106 2.5
      vertex -2.69579 106.013 2.5
    endloop
  endfacet
  facet normal -0.0662518 -0.997803 -0
    outer loop
      vertex -2.5 106 2.5
      vertex -2.69579 106.013 0
      vertex -2.5 106 0
    endloop
  endfacet
  facet normal -0.321132 -0.947034 0
    outer loop
      vertex -3.07402 106.114 0
      vertex -2.88823 106.051 2.5
      vertex -3.07402 106.114 2.5
    endloop
  endfacet
  facet normal -0.321132 -0.947034 -0
    outer loop
      vertex -2.88823 106.051 2.5
      vertex -3.07402 106.114 0
      vertex -2.88823 106.051 0
    endloop
  endfacet
  facet normal -0.658324 -0.752735 0
    outer loop
      vertex -3.56065 106.439 0
      vertex -3.41315 106.31 2.5
      vertex -3.56065 106.439 2.5
    endloop
  endfacet
  facet normal -0.658324 -0.752735 -0
    outer loop
      vertex -3.41315 106.31 2.5
      vertex -3.56065 106.439 0
      vertex -3.41315 106.31 0
    endloop
  endfacet
  facet normal 1 -0 0
    outer loop
      vertex 8.5 107.5 2.5
      vertex 8.5 116.5 0
      vertex 8.5 116.5 2.5
    endloop
  endfacet
  facet normal 1 0 0
    outer loop
      vertex 8.5 116.5 0
      vertex 8.5 107.5 2.5
      vertex 8.5 107.5 0
    endloop
  endfacet
  facet normal 0.193723 0.981056 -0
    outer loop
      vertex 7.38823 117.949 0
      vertex 7.19579 117.987 2.5
      vertex 7.38823 117.949 2.5
    endloop
  endfacet
  facet normal 0.193723 0.981056 0
    outer loop
      vertex 7.19579 117.987 2.5
      vertex 7.38823 117.949 0
      vertex 7.19579 117.987 0
    endloop
  endfacet
  facet normal 0.321132 0.947034 -0
    outer loop
      vertex 7.57402 117.886 0
      vertex 7.38823 117.949 2.5
      vertex 7.57402 117.886 2.5
    endloop
  endfacet
  facet normal 0.321132 0.947034 0
    outer loop
      vertex 7.38823 117.949 2.5
      vertex 7.57402 117.886 0
      vertex 7.38823 117.949 0
    endloop
  endfacet
  facet normal 0.658324 0.752735 -0
    outer loop
      vertex 8.06065 117.561 0
      vertex 7.91315 117.69 2.5
      vertex 8.06065 117.561 2.5
    endloop
  endfacet
  facet normal 0.658324 0.752735 0
    outer loop
      vertex 7.91315 117.69 2.5
      vertex 8.06065 117.561 0
      vertex 7.91315 117.69 0
    endloop
  endfacet
  facet normal 0.752879 0.658159 0
    outer loop
      vertex 8.19003 117.413 2.5
      vertex 8.06065 117.561 0
      vertex 8.06065 117.561 2.5
    endloop
  endfacet
  facet normal 0.752879 0.658159 0
    outer loop
      vertex 8.06065 117.561 0
      vertex 8.19003 117.413 2.5
      vertex 8.19003 117.413 0
    endloop
  endfacet
  facet normal -0.947052 -0.321081 0
    outer loop
      vertex -3.88582 106.926 0
      vertex -3.94888 107.112 2.5
      vertex -3.94888 107.112 0
    endloop
  endfacet
  facet normal -0.947052 -0.321081 0
    outer loop
      vertex -3.94888 107.112 2.5
      vertex -3.88582 106.926 0
      vertex -3.88582 106.926 2.5
    endloop
  endfacet
  facet normal 0.8969 0.442233 0
    outer loop
      vertex 8.38582 117.074 2.5
      vertex 8.29904 117.25 0
      vertex 8.29904 117.25 2.5
    endloop
  endfacet
  facet normal 0.8969 0.442233 0
    outer loop
      vertex 8.29904 117.25 0
      vertex 8.38582 117.074 2.5
      vertex 8.38582 117.074 0
    endloop
  endfacet
  facet normal 0.997864 0.0653194 0
    outer loop
      vertex 8.5 116.5 2.5
      vertex 8.48717 116.696 0
      vertex 8.48717 116.696 2.5
    endloop
  endfacet
  facet normal 0.997864 0.0653194 0
    outer loop
      vertex 8.48717 116.696 0
      vertex 8.5 116.5 2.5
      vertex 8.5 116.5 0
    endloop
  endfacet
  facet normal 0.947052 0.321081 0
    outer loop
      vertex 8.44888 116.888 2.5
      vertex 8.38582 117.074 0
      vertex 8.38582 117.074 2.5
    endloop
  endfacet
  facet normal 0.947052 0.321081 0
    outer loop
      vertex 8.38582 117.074 0
      vertex 8.44888 116.888 2.5
      vertex 8.44888 116.888 0
    endloop
  endfacet
  facet normal 0.980689 -0.195576 0
    outer loop
      vertex 8.44888 107.112 2.5
      vertex 8.48717 107.304 0
      vertex 8.48717 107.304 2.5
    endloop
  endfacet
  facet normal 0.980689 -0.195576 0
    outer loop
      vertex 8.48717 107.304 0
      vertex 8.44888 107.112 2.5
      vertex 8.44888 107.112 0
    endloop
  endfacet
  facet normal 0.752879 -0.658159 0
    outer loop
      vertex 8.06065 106.439 2.5
      vertex 8.19003 106.587 0
      vertex 8.19003 106.587 2.5
    endloop
  endfacet
  facet normal 0.752879 -0.658159 0
    outer loop
      vertex 8.19003 106.587 0
      vertex 8.06065 106.439 2.5
      vertex 8.06065 106.439 0
    endloop
  endfacet
  facet normal 0.658324 -0.752735 0
    outer loop
      vertex 7.91315 106.31 0
      vertex 8.06065 106.439 2.5
      vertex 7.91315 106.31 2.5
    endloop
  endfacet
  facet normal 0.658324 -0.752735 0
    outer loop
      vertex 8.06065 106.439 2.5
      vertex 7.91315 106.31 0
      vertex 8.06065 106.439 0
    endloop
  endfacet
  facet normal -0.752879 0.658159 0
    outer loop
      vertex -3.69003 117.413 0
      vertex -3.56065 117.561 2.5
      vertex -3.56065 117.561 0
    endloop
  endfacet
  facet normal -0.752879 0.658159 0
    outer loop
      vertex -3.56065 117.561 2.5
      vertex -3.69003 117.413 0
      vertex -3.69003 117.413 2.5
    endloop
  endfacet
  facet normal -0.658324 0.752735 0
    outer loop
      vertex -3.41315 117.69 0
      vertex -3.56065 117.561 2.5
      vertex -3.41315 117.69 2.5
    endloop
  endfacet
  facet normal -0.658324 0.752735 0
    outer loop
      vertex -3.56065 117.561 2.5
      vertex -3.41315 117.69 0
      vertex -3.56065 117.561 0
    endloop
  endfacet
  facet normal -0.321132 0.947034 0
    outer loop
      vertex -2.88823 117.949 0
      vertex -3.07402 117.886 2.5
      vertex -2.88823 117.949 2.5
    endloop
  endfacet
  facet normal -0.321132 0.947034 0
    outer loop
      vertex -3.07402 117.886 2.5
      vertex -2.88823 117.949 0
      vertex -3.07402 117.886 0
    endloop
  endfacet
  facet normal -0.193723 0.981056 0
    outer loop
      vertex -2.69579 117.987 0
      vertex -2.88823 117.949 2.5
      vertex -2.69579 117.987 2.5
    endloop
  endfacet
  facet normal -0.193723 0.981056 0
    outer loop
      vertex -2.88823 117.949 2.5
      vertex -2.69579 117.987 0
      vertex -2.88823 117.949 0
    endloop
  endfacet
  facet normal 0.980689 0.195576 0
    outer loop
      vertex 8.48717 116.696 2.5
      vertex 8.44888 116.888 0
      vertex 8.44888 116.888 2.5
    endloop
  endfacet
  facet normal 0.980689 0.195576 0
    outer loop
      vertex 8.44888 116.888 0
      vertex 8.48717 116.696 2.5
      vertex 8.48717 116.696 0
    endloop
  endfacet
  facet normal 0.8969 -0.442233 0
    outer loop
      vertex 8.29904 106.75 2.5
      vertex 8.38582 106.926 0
      vertex 8.38582 106.926 2.5
    endloop
  endfacet
  facet normal 0.8969 -0.442233 0
    outer loop
      vertex 8.38582 106.926 0
      vertex 8.29904 106.75 2.5
      vertex 8.29904 106.75 0
    endloop
  endfacet
  facet normal 0.831241 -0.555912 0
    outer loop
      vertex 8.19003 106.587 2.5
      vertex 8.29904 106.75 0
      vertex 8.29904 106.75 2.5
    endloop
  endfacet
  facet normal 0.831241 -0.555912 0
    outer loop
      vertex 8.29904 106.75 0
      vertex 8.19003 106.587 2.5
      vertex 8.19003 106.587 0
    endloop
  endfacet
  facet normal 0.947052 -0.321081 0
    outer loop
      vertex 8.38582 106.926 2.5
      vertex 8.44888 107.112 0
      vertex 8.44888 107.112 2.5
    endloop
  endfacet
  facet normal 0.947052 -0.321081 0
    outer loop
      vertex 8.44888 107.112 0
      vertex 8.38582 106.926 2.5
      vertex 8.38582 106.926 0
    endloop
  endfacet
  facet normal 0.443175 -0.896435 0
    outer loop
      vertex 7.57402 106.114 0
      vertex 7.75 106.201 2.5
      vertex 7.57402 106.114 2.5
    endloop
  endfacet
  facet normal 0.443175 -0.896435 0
    outer loop
      vertex 7.75 106.201 2.5
      vertex 7.57402 106.114 0
      vertex 7.75 106.201 0
    endloop
  endfacet
  facet normal 0.321132 -0.947034 0
    outer loop
      vertex 7.38823 106.051 0
      vertex 7.57402 106.114 2.5
      vertex 7.38823 106.051 2.5
    endloop
  endfacet
  facet normal 0.321132 -0.947034 0
    outer loop
      vertex 7.57402 106.114 2.5
      vertex 7.38823 106.051 0
      vertex 7.57402 106.114 0
    endloop
  endfacet
  facet normal -0.997862 -0.0653555 0
    outer loop
      vertex 1.7 112 0
      vertex 1.68546 112.222 2.5
      vertex 1.68546 112.222 0
    endloop
  endfacet
  facet normal -0.997862 -0.0653555 0
    outer loop
      vertex 1.68546 112.222 2.5
      vertex 1.7 112 0
      vertex 1.7 112 2.5
    endloop
  endfacet
  facet normal 0.997862 -0.0653555 0
    outer loop
      vertex -1.7 112 2.5
      vertex -1.68546 112.222 0
      vertex -1.68546 112.222 2.5
    endloop
  endfacet
  facet normal 0.997862 -0.0653555 0
    outer loop
      vertex -1.68546 112.222 0
      vertex -1.7 112 2.5
      vertex -1.7 112 0
    endloop
  endfacet
  facet normal -0.0674459 -0.997723 0
    outer loop
      vertex 0 113.7 0
      vertex 0.221894 113.685 2.5
      vertex 0 113.7 2.5
    endloop
  endfacet
  facet normal -0.0674459 -0.997723 -0
    outer loop
      vertex 0.221894 113.685 2.5
      vertex 0 113.7 0
      vertex 0.221894 113.685 0
    endloop
  endfacet
  facet normal 0.0674459 0.997723 -0
    outer loop
      vertex 0 110.3 0
      vertex -0.221894 110.315 2.5
      vertex 0 110.3 2.5
    endloop
  endfacet
  facet normal 0.0674459 0.997723 0
    outer loop
      vertex -0.221894 110.315 2.5
      vertex 0 110.3 0
      vertex -0.221894 110.315 0
    endloop
  endfacet
  facet normal -0.660306 -0.750997 0
    outer loop
      vertex 1.03489 113.349 0
      vertex 1.20208 113.202 2.5
      vertex 1.03489 113.349 2.5
    endloop
  endfacet
  facet normal -0.660306 -0.750997 -0
    outer loop
      vertex 1.20208 113.202 2.5
      vertex 1.03489 113.349 0
      vertex 1.20208 113.202 0
    endloop
  endfacet
  facet normal 0.660306 -0.750997 0
    outer loop
      vertex -1.20208 113.202 0
      vertex -1.03489 113.349 2.5
      vertex -1.20208 113.202 2.5
    endloop
  endfacet
  facet normal 0.660306 -0.750997 0
    outer loop
      vertex -1.03489 113.349 2.5
      vertex -1.20208 113.202 0
      vertex -1.03489 113.349 0
    endloop
  endfacet
  facet normal 0.319508 -0.947584 0
    outer loop
      vertex -0.650561 113.571 0
      vertex -0.439992 113.642 2.5
      vertex -0.650561 113.571 2.5
    endloop
  endfacet
  facet normal 0.319508 -0.947584 0
    outer loop
      vertex -0.439992 113.642 2.5
      vertex -0.650561 113.571 0
      vertex -0.439992 113.642 0
    endloop
  endfacet
  facet normal -0.89649 -0.443064 0
    outer loop
      vertex 1.57059 112.651 0
      vertex 1.47224 112.85 2.5
      vertex 1.47224 112.85 0
    endloop
  endfacet
  facet normal -0.89649 -0.443064 0
    outer loop
      vertex 1.47224 112.85 2.5
      vertex 1.57059 112.651 0
      vertex 1.57059 112.651 2.5
    endloop
  endfacet
  facet normal -0.980762 -0.195208 0
    outer loop
      vertex 1.68546 112.222 0
      vertex 1.64207 112.44 2.5
      vertex 1.64207 112.44 0
    endloop
  endfacet
  facet normal -0.980762 -0.195208 0
    outer loop
      vertex 1.64207 112.44 2.5
      vertex 1.68546 112.222 0
      vertex 1.68546 112.222 2.5
    endloop
  endfacet
  facet normal -0.831621 -0.555343 0
    outer loop
      vertex 1.47224 112.85 0
      vertex 1.3487 113.035 2.5
      vertex 1.3487 113.035 0
    endloop
  endfacet
  facet normal -0.831621 -0.555343 0
    outer loop
      vertex 1.3487 113.035 2.5
      vertex 1.47224 112.85 0
      vertex 1.47224 112.85 2.5
    endloop
  endfacet
  facet normal -0.319508 -0.947584 0
    outer loop
      vertex 0.439992 113.642 0
      vertex 0.650561 113.571 2.5
      vertex 0.439992 113.642 2.5
    endloop
  endfacet
  facet normal -0.319508 -0.947584 -0
    outer loop
      vertex 0.650561 113.571 2.5
      vertex 0.439992 113.642 0
      vertex 0.650561 113.571 0
    endloop
  endfacet
  facet normal -0.193435 -0.981113 0
    outer loop
      vertex 0.221894 113.685 0
      vertex 0.439992 113.642 2.5
      vertex 0.221894 113.685 2.5
    endloop
  endfacet
  facet normal -0.193435 -0.981113 -0
    outer loop
      vertex 0.439992 113.642 2.5
      vertex 0.221894 113.685 0
      vertex 0.439992 113.642 0
    endloop
  endfacet
  facet normal -0.444628 -0.895715 0
    outer loop
      vertex 0.650561 113.571 0
      vertex 0.849999 113.472 2.5
      vertex 0.650561 113.571 2.5
    endloop
  endfacet
  facet normal -0.444628 -0.895715 -0
    outer loop
      vertex 0.849999 113.472 2.5
      vertex 0.650561 113.571 0
      vertex 0.849999 113.472 0
    endloop
  endfacet
  facet normal 0.831621 -0.555343 0
    outer loop
      vertex -1.47224 112.85 2.5
      vertex -1.3487 113.035 0
      vertex -1.3487 113.035 2.5
    endloop
  endfacet
  facet normal 0.831621 -0.555343 0
    outer loop
      vertex -1.3487 113.035 0
      vertex -1.47224 112.85 2.5
      vertex -1.47224 112.85 0
    endloop
  endfacet
  facet normal 0.751472 -0.659765 0
    outer loop
      vertex -1.3487 113.035 2.5
      vertex -1.20208 113.202 0
      vertex -1.20208 113.202 2.5
    endloop
  endfacet
  facet normal 0.751472 -0.659765 0
    outer loop
      vertex -1.20208 113.202 0
      vertex -1.3487 113.035 2.5
      vertex -1.3487 113.035 0
    endloop
  endfacet
  facet normal 0.947128 -0.320856 0
    outer loop
      vertex -1.64207 112.44 2.5
      vertex -1.57059 112.651 0
      vertex -1.57059 112.651 2.5
    endloop
  endfacet
  facet normal 0.947128 -0.320856 0
    outer loop
      vertex -1.57059 112.651 0
      vertex -1.64207 112.44 2.5
      vertex -1.64207 112.44 0
    endloop
  endfacet
  facet normal 0.553887 -0.832592 0
    outer loop
      vertex -1.03489 113.349 0
      vertex -0.849999 113.472 2.5
      vertex -1.03489 113.349 2.5
    endloop
  endfacet
  facet normal 0.553887 -0.832592 0
    outer loop
      vertex -0.849999 113.472 2.5
      vertex -1.03489 113.349 0
      vertex -0.849999 113.472 0
    endloop
  endfacet
  facet normal 0.193435 -0.981113 0
    outer loop
      vertex -0.439992 113.642 0
      vertex -0.221894 113.685 2.5
      vertex -0.439992 113.642 2.5
    endloop
  endfacet
  facet normal 0.193435 -0.981113 0
    outer loop
      vertex -0.221894 113.685 2.5
      vertex -0.439992 113.642 0
      vertex -0.221894 113.685 0
    endloop
  endfacet
  facet normal -0.751472 0.659765 0
    outer loop
      vertex 1.20208 110.798 0
      vertex 1.3487 110.965 2.5
      vertex 1.3487 110.965 0
    endloop
  endfacet
  facet normal -0.751472 0.659765 0
    outer loop
      vertex 1.3487 110.965 2.5
      vertex 1.20208 110.798 0
      vertex 1.20208 110.798 2.5
    endloop
  endfacet
  facet normal -0.980762 0.195208 0
    outer loop
      vertex 1.64207 111.56 0
      vertex 1.68546 111.778 2.5
      vertex 1.68546 111.778 0
    endloop
  endfacet
  facet normal -0.980762 0.195208 0
    outer loop
      vertex 1.68546 111.778 2.5
      vertex 1.64207 111.56 0
      vertex 1.64207 111.56 2.5
    endloop
  endfacet
  facet normal 0.444628 0.895715 -0
    outer loop
      vertex -0.650561 110.429 0
      vertex -0.849999 110.528 2.5
      vertex -0.650561 110.429 2.5
    endloop
  endfacet
  facet normal 0.444628 0.895715 0
    outer loop
      vertex -0.849999 110.528 2.5
      vertex -0.650561 110.429 0
      vertex -0.849999 110.528 0
    endloop
  endfacet
  facet normal 0.660306 0.750997 -0
    outer loop
      vertex -1.03489 110.651 0
      vertex -1.20208 110.798 2.5
      vertex -1.03489 110.651 2.5
    endloop
  endfacet
  facet normal 0.660306 0.750997 0
    outer loop
      vertex -1.20208 110.798 2.5
      vertex -1.03489 110.651 0
      vertex -1.20208 110.798 0
    endloop
  endfacet
  facet normal 0.319508 0.947584 -0
    outer loop
      vertex -0.439992 110.358 0
      vertex -0.650561 110.429 2.5
      vertex -0.439992 110.358 2.5
    endloop
  endfacet
  facet normal 0.319508 0.947584 0
    outer loop
      vertex -0.650561 110.429 2.5
      vertex -0.439992 110.358 0
      vertex -0.650561 110.429 0
    endloop
  endfacet
  facet normal 0.751472 0.659765 0
    outer loop
      vertex -1.20208 110.798 2.5
      vertex -1.3487 110.965 0
      vertex -1.3487 110.965 2.5
    endloop
  endfacet
  facet normal 0.751472 0.659765 0
    outer loop
      vertex -1.3487 110.965 0
      vertex -1.20208 110.798 2.5
      vertex -1.20208 110.798 0
    endloop
  endfacet
  facet normal -0.947128 -0.320856 0
    outer loop
      vertex 1.64207 112.44 0
      vertex 1.57059 112.651 2.5
      vertex 1.57059 112.651 0
    endloop
  endfacet
  facet normal -0.947128 -0.320856 0
    outer loop
      vertex 1.57059 112.651 2.5
      vertex 1.64207 112.44 0
      vertex 1.64207 112.44 2.5
    endloop
  endfacet
  facet normal -0.553887 -0.832592 0
    outer loop
      vertex 0.849999 113.472 0
      vertex 1.03489 113.349 2.5
      vertex 0.849999 113.472 2.5
    endloop
  endfacet
  facet normal -0.553887 -0.832592 -0
    outer loop
      vertex 1.03489 113.349 2.5
      vertex 0.849999 113.472 0
      vertex 1.03489 113.349 0
    endloop
  endfacet
  facet normal 0.89649 -0.443064 0
    outer loop
      vertex -1.57059 112.651 2.5
      vertex -1.47224 112.85 0
      vertex -1.47224 112.85 2.5
    endloop
  endfacet
  facet normal 0.89649 -0.443064 0
    outer loop
      vertex -1.47224 112.85 0
      vertex -1.57059 112.651 2.5
      vertex -1.57059 112.651 0
    endloop
  endfacet
  facet normal 0.980762 -0.195208 0
    outer loop
      vertex -1.68546 112.222 2.5
      vertex -1.64207 112.44 0
      vertex -1.64207 112.44 2.5
    endloop
  endfacet
  facet normal 0.980762 -0.195208 0
    outer loop
      vertex -1.64207 112.44 0
      vertex -1.68546 112.222 2.5
      vertex -1.68546 112.222 0
    endloop
  endfacet
  facet normal 0.0674459 -0.997723 0
    outer loop
      vertex -0.221894 113.685 0
      vertex 0 113.7 2.5
      vertex -0.221894 113.685 2.5
    endloop
  endfacet
  facet normal 0.0674459 -0.997723 0
    outer loop
      vertex 0 113.7 2.5
      vertex -0.221894 113.685 0
      vertex 0 113.7 0
    endloop
  endfacet
  facet normal -0.997862 0.0653555 0
    outer loop
      vertex 1.68546 111.778 0
      vertex 1.7 112 2.5
      vertex 1.7 112 0
    endloop
  endfacet
  facet normal -0.997862 0.0653555 0
    outer loop
      vertex 1.7 112 2.5
      vertex 1.68546 111.778 0
      vertex 1.68546 111.778 2.5
    endloop
  endfacet
  facet normal -0.0674459 0.997723 0
    outer loop
      vertex 0.221894 110.315 0
      vertex 0 110.3 2.5
      vertex 0.221894 110.315 2.5
    endloop
  endfacet
  facet normal -0.0674459 0.997723 0
    outer loop
      vertex 0 110.3 2.5
      vertex 0.221894 110.315 0
      vertex 0 110.3 0
    endloop
  endfacet
  facet normal -0.319508 0.947584 0
    outer loop
      vertex 0.650561 110.429 0
      vertex 0.439992 110.358 2.5
      vertex 0.650561 110.429 2.5
    endloop
  endfacet
  facet normal -0.319508 0.947584 0
    outer loop
      vertex 0.439992 110.358 2.5
      vertex 0.650561 110.429 0
      vertex 0.439992 110.358 0
    endloop
  endfacet
  facet normal -0.444628 0.895715 0
    outer loop
      vertex 0.849999 110.528 0
      vertex 0.650561 110.429 2.5
      vertex 0.849999 110.528 2.5
    endloop
  endfacet
  facet normal -0.444628 0.895715 0
    outer loop
      vertex 0.650561 110.429 2.5
      vertex 0.849999 110.528 0
      vertex 0.650561 110.429 0
    endloop
  endfacet
  facet normal -0.660306 0.750997 0
    outer loop
      vertex 1.20208 110.798 0
      vertex 1.03489 110.651 2.5
      vertex 1.20208 110.798 2.5
    endloop
  endfacet
  facet normal -0.660306 0.750997 0
    outer loop
      vertex 1.03489 110.651 2.5
      vertex 1.20208 110.798 0
      vertex 1.03489 110.651 0
    endloop
  endfacet
  facet normal -0.553887 0.832592 0
    outer loop
      vertex 1.03489 110.651 0
      vertex 0.849999 110.528 2.5
      vertex 1.03489 110.651 2.5
    endloop
  endfacet
  facet normal -0.553887 0.832592 0
    outer loop
      vertex 0.849999 110.528 2.5
      vertex 1.03489 110.651 0
      vertex 0.849999 110.528 0
    endloop
  endfacet
  facet normal -0.947128 0.320856 0
    outer loop
      vertex 1.57059 111.349 0
      vertex 1.64207 111.56 2.5
      vertex 1.64207 111.56 0
    endloop
  endfacet
  facet normal -0.947128 0.320856 0
    outer loop
      vertex 1.64207 111.56 2.5
      vertex 1.57059 111.349 0
      vertex 1.57059 111.349 2.5
    endloop
  endfacet
  facet normal -0.831621 0.555343 0
    outer loop
      vertex 1.3487 110.965 0
      vertex 1.47224 111.15 2.5
      vertex 1.47224 111.15 0
    endloop
  endfacet
  facet normal -0.831621 0.555343 0
    outer loop
      vertex 1.47224 111.15 2.5
      vertex 1.3487 110.965 0
      vertex 1.3487 110.965 2.5
    endloop
  endfacet
  facet normal -0.89649 0.443064 0
    outer loop
      vertex 1.47224 111.15 0
      vertex 1.57059 111.349 2.5
      vertex 1.57059 111.349 0
    endloop
  endfacet
  facet normal -0.89649 0.443064 0
    outer loop
      vertex 1.57059 111.349 2.5
      vertex 1.47224 111.15 0
      vertex 1.47224 111.15 2.5
    endloop
  endfacet
  facet normal 0.553887 0.832592 -0
    outer loop
      vertex -0.849999 110.528 0
      vertex -1.03489 110.651 2.5
      vertex -0.849999 110.528 2.5
    endloop
  endfacet
  facet normal 0.553887 0.832592 0
    outer loop
      vertex -1.03489 110.651 2.5
      vertex -0.849999 110.528 0
      vertex -1.03489 110.651 0
    endloop
  endfacet
  facet normal 0.193435 0.981113 -0
    outer loop
      vertex -0.221894 110.315 0
      vertex -0.439992 110.358 2.5
      vertex -0.221894 110.315 2.5
    endloop
  endfacet
  facet normal 0.193435 0.981113 0
    outer loop
      vertex -0.439992 110.358 2.5
      vertex -0.221894 110.315 0
      vertex -0.439992 110.358 0
    endloop
  endfacet
  facet normal 0.89649 0.443064 0
    outer loop
      vertex -1.47224 111.15 2.5
      vertex -1.57059 111.349 0
      vertex -1.57059 111.349 2.5
    endloop
  endfacet
  facet normal 0.89649 0.443064 0
    outer loop
      vertex -1.57059 111.349 0
      vertex -1.47224 111.15 2.5
      vertex -1.47224 111.15 0
    endloop
  endfacet
  facet normal 0.947128 0.320856 0
    outer loop
      vertex -1.57059 111.349 2.5
      vertex -1.64207 111.56 0
      vertex -1.64207 111.56 2.5
    endloop
  endfacet
  facet normal 0.947128 0.320856 0
    outer loop
      vertex -1.64207 111.56 0
      vertex -1.57059 111.349 2.5
      vertex -1.57059 111.349 0
    endloop
  endfacet
  facet normal 0.997862 0.0653555 0
    outer loop
      vertex -1.68546 111.778 2.5
      vertex -1.7 112 0
      vertex -1.7 112 2.5
    endloop
  endfacet
  facet normal 0.997862 0.0653555 0
    outer loop
      vertex -1.7 112 0
      vertex -1.68546 111.778 2.5
      vertex -1.68546 111.778 0
    endloop
  endfacet
  facet normal -0.751472 -0.659765 0
    outer loop
      vertex 1.3487 113.035 0
      vertex 1.20208 113.202 2.5
      vertex 1.20208 113.202 0
    endloop
  endfacet
  facet normal -0.751472 -0.659765 0
    outer loop
      vertex 1.20208 113.202 2.5
      vertex 1.3487 113.035 0
      vertex 1.3487 113.035 2.5
    endloop
  endfacet
  facet normal 0.444628 -0.895715 0
    outer loop
      vertex -0.849999 113.472 0
      vertex -0.650561 113.571 2.5
      vertex -0.849999 113.472 2.5
    endloop
  endfacet
  facet normal 0.444628 -0.895715 0
    outer loop
      vertex -0.650561 113.571 2.5
      vertex -0.849999 113.472 0
      vertex -0.650561 113.571 0
    endloop
  endfacet
  facet normal -0.193435 0.981113 0
    outer loop
      vertex 0.439992 110.358 0
      vertex 0.221894 110.315 2.5
      vertex 0.439992 110.358 2.5
    endloop
  endfacet
  facet normal -0.193435 0.981113 0
    outer loop
      vertex 0.221894 110.315 2.5
      vertex 0.439992 110.358 0
      vertex 0.221894 110.315 0
    endloop
  endfacet
  facet normal 0.831621 0.555343 0
    outer loop
      vertex -1.3487 110.965 2.5
      vertex -1.47224 111.15 0
      vertex -1.47224 111.15 2.5
    endloop
  endfacet
  facet normal 0.831621 0.555343 0
    outer loop
      vertex -1.47224 111.15 0
      vertex -1.3487 110.965 2.5
      vertex -1.3487 110.965 0
    endloop
  endfacet
  facet normal 0.980762 0.195208 0
    outer loop
      vertex -1.64207 111.56 2.5
      vertex -1.68546 111.778 0
      vertex -1.68546 111.778 2.5
    endloop
  endfacet
  facet normal 0.980762 0.195208 0
    outer loop
      vertex -1.68546 111.778 0
      vertex -1.64207 111.56 2.5
      vertex -1.64207 111.56 0
    endloop
  endfacet
endsolid OpenSCAD_Model
